time_s,q1,q2,q3,q4,q5,q6,dq1,dq2,dq3,dq4,dq5,dq6,ddq1,ddq2,ddq3,ddq4,ddq5,ddq6
0.000000000000000000e+00,-3.805063769847830124e-01,-2.124735102936699954e-02,-3.239302426678459801e-01,1.079656780397650018e-09,-1.268113436416790085e+00,3.805063764729429976e-01,0.000000000000000000e+00,-0.000000000000000000e+00,-0.000000000000000000e+00,0.000000000000000000e+00,0.000000000000000000e+00,-0.000000000000000000e+00,8.873411621797683507e-16,-3.041611410329590171e-05,-8.960103927784493494e-02,3.019360846959969740e-11,8.957062316364251819e-02,-1.014447412731608012e-10
1.580355051360630026e-03,-3.805063769847830124e-01,-2.124735106733461124e-02,-3.239303545208344071e-01,1.079656818089684766e-09,-1.268113324601769287e+00,3.805063764729428866e-01,1.400829201383349303e-18,-4.803869121707723480e-08,-1.415306488702153796e-04,4.769276549513932362e-14,1.414826101788417101e-04,-1.602385267921089241e-13,8.849665413413963327e-16,-3.037519454766929829e-05,-8.951142792879900056e-02,3.016341892735503259e-11,8.948105273415229988e-02,-1.013432525836995201e-10
3.160710102721260052e-03,-3.805063769847830124e-01,-2.124735118116057378e-02,-3.239306899305870457e-01,1.079656931115525999e-09,-1.268112989305842486e+00,3.805063764729424980e-01,2.795560198388419873e-18,-9.599613229571905142e-08,-2.829196637153881706e-04,9.533782722166922711e-14,2.828236675827794475e-04,-3.203165961002509926e-13,8.796259670184835372e-16,-3.031329351211011356e-05,-8.942179598519719996e-02,3.013323752151403223e-11,8.939148269158611604e-02,-1.012416762255402054e-10
4.741065154081889645e-03,-3.805063769847830124e-01,-2.124735137069029209e-02,-3.239312486732459639e-01,1.079657119399795643e-09,-1.268112430752713404e+00,3.805063764729418319e-01,4.179517755710797695e-18,-1.438391755896573487e-07,-4.241670119992511814e-04,1.429351980629066095e-13,4.240231728231921610e-04,-4.802340696760949253e-13,8.713353141240054931e-16,-3.023041728106296141e-05,-8.933214345334461459e-02,3.010306429089440837e-11,8.930191303596461683e-02,-1.011400125881373641e-10
6.321420205442520104e-03,-3.805063769847830124e-01,-2.124735163571677202e-02,-3.239320305249021037e-01,1.079657382867134649e-09,-1.268111649166083765e+00,3.805063764729409992e-01,5.548054837103384082e-18,-1.915346500084470114e-07,-5.652726611628121258e-04,1.904848909980086590e-13,5.650811265121780591e-04,-6.399908099370649298e-13,8.601143900950163101e-16,-3.012652995014577088e-05,-8.924247029822565680e-02,3.007289931791683145e-11,8.921234376817661904e-02,-1.010382621245005559e-10
7.901775256803149697e-03,-3.805063769847830124e-01,-2.124735197598054057e-02,-3.239330352615947262e-01,1.079657721442205889e-09,-1.268110644769654849e+00,3.805063764729398335e-01,6.896558798182748628e-18,-2.390492945789396011e-07,-7.062365785592830073e-04,2.379869191706383225e-13,7.059975292639221684e-04,-7.995866800664246335e-13,8.459869070911271130e-16,-3.000155372316424729e-05,-8.915277644379503152e-02,3.004274272829766501e-11,8.912277488997298602e-02,-1.009364253507440575e-10
9.482130308163779289e-03,-3.805063769847830124e-01,-2.124735239116943772e-02,-3.239342626593114116e-01,1.079658135049692293e-09,-1.268109417787126825e+00,3.805063764729384457e-01,8.220457535358009415e-18,-2.863496924755167404e-07,-8.470587313894677953e-04,2.854412959571444938e-13,8.467723816960539716e-04,-9.590215441126496015e-13,8.289804542673933867e-16,-2.985536920833136242e-05,-8.906306177326775431e-02,3.001259469074247584e-11,8.903320640396052144e-02,-1.008345028456378975e-10
1.106248535952440888e-02,-3.805063769847830124e-01,-2.124735288091833194e-02,-3.239357124939878374e-01,1.079658623614299126e-09,-1.268107968442199640e+00,3.805063764729367803e-01,9.515225590999769925e-18,-3.334022055178279930e-07,-9.877390866376064421e-04,3.328480350342581183e-13,9.874056844309938782e-04,-1.118295267088090435e-12,8.091264701215405294e-16,-2.968781571369268692e-05,-8.897332612940857255e-02,2.998245541664038433e-11,8.894363831359593242e-02,-1.007324952501600288e-10
1.264284041088504021e-02,-3.805063769847830124e-01,-2.124735344480870730e-02,-3.239373845415070563e-01,1.079659187060751918e-09,-1.268106296958570800e+00,3.805063764729348930e-01,1.077639021496658672e-17,-3.801729091347789956e-07,-1.128277611007680011e-03,3.802071504463075848e-13,1.127897438097294654e-03,-1.277407715066934502e-12,7.864602149154491236e-16,-2.949869154175834083e-05,-8.888356931482048473e-02,2.995232515975927426e-11,8.885407062317976501e-02,-1.006304032670497023e-10
1.422319546224567154e-02,-3.805063769847830124e-01,-2.124735408236818127e-02,-3.239392785776994410e-01,1.079659825313800600e-09,-1.268104403559937809e+00,3.805063764729327835e-01,1.199953738260614449e-17,-4.266275277935157432e-07,-1.268674270860166778e-03,4.275186566719504261e-13,1.268247643330965447e-03,-1.436358755282452572e-12,7.610207431708256725e-16,-2.928775428334243642e-05,-8.879379109223264899e-02,2.992220421594174573e-11,8.876450333785024238e-02,-1.005282276603619529e-10
1.580355051360629939e-02,-3.805063769847830124e-01,-2.124735479306987321e-02,-3.239413943783419625e-01,1.079660538298217440e-09,-1.268102288469996841e+00,3.805063764729303966e-01,1.318031776934848164e-17,-4.727313708921538813e-07,-1.408929032149252615e-03,4.747825686904275378e-13,1.408456300776796469e-03,-1.595148256223553370e-12,7.328508762389879026e-16,-2.905472111061068404e-05,-8.870399118478720923e-02,2.989209292280194057e-11,8.867493646357746395e-02,-1.004259692550234812e-10
1.738390556496692899e-02,-3.805063769847830124e-01,-2.124735557633170013e-02,-3.239437317191571908e-01,1.079661325938798483e-09,-1.268099951912443624e+00,3.805063764729277320e-01,1.431445268200818945e-17,-5.184492691150027044e-07,-1.549041860360500424e-03,5.219989020473381222e-13,1.548523411089664480e-03,-1.753776087730629696e-12,7.019971749446838742e-16,-2.879926906933706580e-05,-8.861416927632569107e-02,2.986199165942320782e-11,8.858537000715711873e-02,-1.003236289363894653e-10
1.896426061632755858e-02,-3.805063769847830124e-01,-2.124735643151559952e-02,-3.239462903758129064e-01,1.079662188160365215e-09,-1.268097394110971665e+00,3.805063764729248454e-01,1.539773994691262070e-17,-5.637455112490333219e-07,-1.689012720448961492e-03,5.691676729199366723e-13,1.688448974935834917e-03,-1.912242121090708431e-12,6.685099123038772536e-16,-2.852103537037036299e-05,-8.852432501167439849e-02,2.983190084605650592e-11,8.849580397620468442e-02,-1.002212076498018594e-10
2.054461566768819164e-02,-3.805063769847830124e-01,-2.124735735792659605e-02,-3.239490701239209347e-01,1.079663124887766000e-09,-1.268094615289274696e+00,3.805063764729216813e-01,1.642605975497287282e-17,-6.085837814603435785e-07,-1.828841576777746978e-03,6.162888981819554265e-13,1.828232992994251660e-03,-2.070546229131901394e-12,6.324430463154177910e-16,-2.821961768031126233e-05,-8.843445799692918607e-02,2.980182094381970317e-11,8.840623837914939054e-02,-1.001187064001487135e-10
2.212497071904881776e-02,-3.805063769847830124e-01,-2.124735835481178503e-02,-3.239520707390363130e-01,1.079664136045875056e-09,-1.268091615671044670e+00,3.805063764729182951e-01,1.739538046381431566e-17,-6.529270970293736883e-07,-1.968528393057040245e-03,6.633625954679503263e-13,1.967875465957818776e-03,-2.228688286317162914e-12,5.938541928265263023e-16,-2.789457441140093220e-05,-8.834456779973924589e-02,2.977175245439766013e-11,8.831667322522819552e-02,-1.000161262514247077e-10
2.370532577040944736e-02,-3.805063769847830124e-01,-2.124735942135927771e-02,-3.239552919966563471e-01,1.079665221559595962e-09,-1.268088395479971986e+00,3.805063764729146314e-01,1.830176435708323955e-17,-6.967377465436252759e-07,-2.108073132283566718e-03,7.103887832371769896e-13,2.107376394534672941e-03,-2.386668168837355120e-12,5.528045984720172399e-16,-2.754542501062174975e-05,-8.825465394959032539e-02,2.974169591974308753e-11,8.822710852447990248e-02,-9.991346832629287544e-11
2.528568082177008042e-02,-3.805063769847830124e-01,-2.124736055669695228e-02,-3.239587336722188904e-01,1.079666381353861873e-09,-1.268084954939747266e+00,3.805063764729107456e-01,1.914137336104604223e-17,-7.399772285466401133e-07,-2.247475756680500456e-03,7.573674808369897834e-13,2.246735779449445664e-03,-2.544485754703614087e-12,5.093591136871883501e-16,-2.717165024801113105e-05,-8.816471593808720975e-02,2.971165192177830239e-11,8.813754428773919181e-02,-9.981073380564759433e-11
2.686603587313071001e-02,-3.805063769847830124e-01,-2.124736175989118403e-02,-3.239623955411017331e-01,1.079667615353637372e-09,-1.268081294274058468e+00,3.805063764729065823e-01,1.991047471859735952e-17,-7.826061906419964871e-07,-2.386736227637823067e-03,8.042987085657747988e-13,2.385953621444515324e-03,-2.702140923839035616e-12,4.635861657942949791e-16,-2.677269250418914186e-05,-8.807475321923513567e-02,2.968162108209775321e-11,8.804798052663077856e-02,-9.970792392817873892e-11
2.844639092449134307e-02,-3.805063769847830124e-01,-2.124736302994544024e-02,-3.239662773786209926e-01,1.079668923483920547e-09,-1.268077413706593548e+00,3.805063764729021969e-01,2.060544662079343497e-17,-8.245843690510800661e-07,-2.525854505653126695e-03,8.511824877354102670e-13,2.525029921281251623e-03,-2.859633558169666721e-12,4.155577321625444405e-16,-2.634795605710069541e-05,-8.798476520972083048e-02,2.965160406167132064e-11,8.795841725356334795e-02,-9.960503998993694581e-11
3.002674597585196919e-02,-3.805063769847830124e-01,-2.124736436579880219e-02,-3.239703789600293926e-01,1.079670305669742364e-09,-1.268073313461038465e+00,3.805063764728975340e-01,2.122278379602670339e-17,-8.658705286233892169e-07,-2.664830550272856771e-03,8.980188407332604753e-13,2.663964679741250268e-03,-3.016963541714814117e-12,3.653493134415247051e-16,-2.589680736797317066e-05,-8.789475128919238545e-02,2.962160156054850343e-11,8.786885448172383761e-02,-9.950208334390008053e-11
3.160710102721259879e-02,-3.805063769847830124e-01,-2.124736576632437965e-02,-3.239747000605150973e-01,1.079671761836171634e-09,-1.268068993761078289e+00,3.805063764728926490e-01,2.175910305695774502e-17,-9.064224032981360838e-07,-2.803664320033999284e-03,9.448077910837022720e-13,2.802757897627559426e-03,-3.174130760676671749e-12,3.130399068680043534e-16,-2.541857536649029468e-05,-8.780471080053875443e-02,2.959161431756335411e-11,8.777929222507145635e-02,-9.939905539954116489e-11
3.318745607857322838e-02,-3.805063769847830124e-01,-2.124736723032761773e-02,-3.239792404551997129e-01,1.079673291908315009e-09,-1.268064454830397203e+00,3.805063764728875420e-01,2.221114880532037869e-17,-9.461966370159038037e-07,-2.942355772406210403e-03,9.915493635091845673e-13,2.941409575765892292e-03,-3.331135103529252800e-12,2.587119796460198751e-16,-2.491255173518296004e-05,-8.771464305016815621e-02,2.956164311004026760e-11,8.768973049833189704e-02,-9.929595762239691184e-11
3.476781112993385797e-02,-3.805063769847830124e-01,-2.124736875654457263e-02,-3.239839999191370667e-01,1.079674895811318023e-09,-1.268059696892676502e+00,3.805063764728821574e-01,2.257579849471570857e-17,-9.851487250791242437e-07,-3.080904863734377618e-03,1.038243583990826886e-12,3.079919715005837062e-03,-3.487976461106659721e-12,2.024514424001798611e-16,-2.437799119303786822e-05,-8.762454730828588001e-02,2.953168875350056478e-11,8.760016931699154963e-02,-9.919279153363819900e-11
3.634816618129448756e-02,-3.805063769847830124e-01,-2.124737034363999647e-02,-3.239889782273108199e-01,1.079676573470370045e-09,-1.268054720171598149e+00,3.805063764728764952e-01,2.285006805151081604e-17,-1.023232955960141502e-06,-3.219311549181633203e-03,1.084890479828550813e-12,3.218288316222051720e-03,-3.644654726690661172e-12,1.443476227021109985e-16,-2.381411177832476486e-05,-8.753442280917131391e-02,2.950175210136983854e-11,8.751060869729146430e-02,-9.908955870964091702e-11
3.792852123265511716e-02,-3.805063769847830124e-01,-2.124737199020541867e-02,-3.239941751546328019e-01,1.079678324810703255e-09,-1.268049524890841662e+00,3.805063764728706110e-01,2.303111725395752289e-17,-1.060402353555625454e-06,-3.357575782672792258e-03,1.131490079700752413e-12,3.356515380315453628e-03,-3.801169796097602526e-12,8.449323866997146825e-17,-2.322009513064314084e-05,-8.744426875145419609e-02,2.947183404468621755e-11,8.742104865622173093e-02,-9.898626078155876957e-11
3.950887628401575369e-02,-3.805063769847830124e-01,-2.124737369475708862e-02,-3.239995904759411793e-01,1.079680149757596980e-09,-1.268044111274085006e+00,3.805063764728645048e-01,2.311625506964675095e-17,-1.096608619886101327e-06,-3.495697516838231367e-03,1.178042413723513698e-12,3.494600908214401305e-03,-3.957521567764631779e-12,2.298437264095616362e-17,-2.259508677218898551e-05,-8.735408429839003341e-02,2.944193551180930206e-11,8.733148921151578925e-02,-9.888289943489666786e-11
4.108923133537638328e-02,-3.805063769847830124e-01,-2.124737545573385580e-02,-3.240052239659981792e-01,1.079682048236379352e-09,-1.268038479545004815e+00,3.805063764728581210e-01,2.310294495141366410e-17,-1.131802078239367094e-06,-3.633676702958201811e-03,1.224547513509353052e-12,3.632544900875857123e-03,-4.113709942835259831e-12,-4.007955508327978319e-17,-2.193819638824268627e-05,-8.726386857813489550e-02,2.941205746813003675e-11,8.724193038164432257e-02,-9.877947640908570198e-11
4.266958638673700593e-02,-3.805063769847830124e-01,-2.124737727149491814e-02,-3.240110753994877579e-01,1.079684020172429374e-09,-1.268032629927276611e+00,3.805063764728514597e-01,2.298881009180890505e-17,-1.165931616756567126e-06,-3.771513290907580786e-03,1.271005412225521067e-12,3.770347359286557818e-03,-4.269734825244251512e-12,-1.045958124183565726e-16,-2.124849810687860318e-05,-8.717362068401927899e-02,2.938220091578124926e-11,8.715237218580981771e-02,-9.867599349705887480e-11
4.424994143809763553e-02,-3.805063769847830124e-01,-2.124737914031755645e-02,-3.240171445510136028e-01,1.079686065491180021e-09,-1.268026562644573030e+00,3.805063764728446318e-01,2.277163863625079861e-17,-1.198944632459687515e-06,-3.909207229101045039e-03,1.317416144651836339e-12,3.908008284464155498e-03,-4.425596121801836448e-12,-1.704583816061333348e-16,-2.052503077789729434e-05,-8.708333967482137505e-02,2.935236689334915151e-11,8.706281464394059755e-02,-9.857245254482855481e-11
4.583029648945827206e-02,-3.805063769847830124e-01,-2.124738106039467112e-02,-3.240234311950966894e-01,1.079688184118119900e-09,-1.268020277920567151e+00,3.805063764728374709e-01,2.244938885497369199e-17,-1.230786975719255073e-06,-4.046758464438684685e-03,1.363779747238066480e-12,4.045527677458372537e-03,-4.581293742277267221e-12,-2.375579852509800675e-16,-1.976679825098112377e-05,-8.699302457503946262e-02,2.932255647558548090e-11,8.697325777668533930e-02,-9.846885545106466579e-11
4.741065154081889471e-02,-3.805063769847830124e-01,-2.124738302983235003e-02,-3.240299351061729505e-01,1.079690375978797584e-09,-1.268013775978928726e+00,3.805063764728301434e-01,2.202019427388701120e-17,-1.261402895161001825e-06,-4.184166942252039861e-03,1.410096258160857775e-12,4.182905539352123510e-03,-4.736827599481695767e-12,-3.057821122834313781e-16,-1.897276965307398048e-05,-8.690267437516357996e-02,2.929277077312059136e-11,8.688370160540712095e-02,-9.836520416667420755e-11
4.899100659217952430e-02,-3.805063769847830124e-01,-2.124738504664726996e-02,-3.240366560585903888e-01,1.079692640998822859e-09,-1.268007057043326169e+00,3.805063764728225384e-01,2.148236876445999453e-17,-1.290734983010283339e-06,-4.321432606250575834e-03,1.456365717380208834e-12,4.320141871262647530e-03,-4.892197609350405946e-12,-3.750150438512938155e-16,-1.814187966498606390e-05,-8.681228803194643295e-02,2.926301093217723601e-11,8.679414615217781459e-02,-9.826150069438194003e-11
5.057136164354016084e-02,-3.805063769847830124e-01,-2.124738710876403897e-02,-3.240435938266070237e-01,1.079694979103869620e-09,-1.268000121337426123e+00,3.805063764728146558e-01,2.083441159274640168e-17,-1.318724120873010186e-06,-4.458555398468577041e-03,1.502588166695492491e-12,4.457236674342620643e-03,-5.047403691024364345e-12,-4.451378791382826216e-16,-1.727302879722443049e-05,-8.672186446867362342e-02,2.923327813428522854e-11,8.670459143977250760e-02,-9.815774708831232104e-11
5.215171669490079043e-02,-3.805063769847830124e-01,-2.124738921401243819e-02,-3.240507481843877269e-01,1.079697390219680414e-09,-1.267992969084893895e+00,3.805063764728065512e-01,2.007501242766397173e-17,-1.345309425951883820e-06,-4.595535259212462677e-03,1.548763649801030592e-12,4.594189949781264312e-03,-5.202445766931121611e-12,-5.160285611102659994e-16,-1.636508366505003991e-05,-8.663140257543287814e-02,2.920357359599682206e-11,8.661503749166371557e-02,-9.805394545357241337e-11
5.373207174626142002e-02,-3.805063769847830124e-01,-2.124739136012461505e-02,-3.240581189060017797e-01,1.079699874272067273e-09,-1.267985600509392130e+00,3.805063764727982245e-01,1.920305630864273110e-17,-1.370428197696709316e-06,-4.732372127008548958e-03,1.594892212341215803e-12,4.731001698805440032e-03,-5.357323762865061893e-12,-5.875619021891871062e-16,-1.541687726276226659e-05,-8.654090120938293107e-02,2.917389856860300550e-11,8.652548433201577571e-02,-9.795009794583631697e-11
5.531242679762204961e-02,-3.805063769847830124e-01,-2.124739354473215852e-02,-3.240657057654195428e-01,1.079702431186916470e-09,-1.267978015834581695e+00,3.805063764727896203e-01,1.821762857275654267e-17,-1.394015864887563331e-06,-4.869065938551209519e-03,1.640973901965188531e-12,4.867671922680744806e-03,-5.512037608066979399e-12,-6.596096098547400944e-16,-1.442720923721150843e-05,-8.645035919502108701e-02,2.914425433785044631e-11,8.643593198567929570e-02,-9.784620677093023454e-11
5.689278184898268614e-02,-3.805063769847830124e-01,-2.124739576536308766e-02,-3.240735085365102908e-01,1.079705060890191824e-09,-1.267970215284121904e+00,3.805063764727807940e-01,1.711801974145190180e-17,-1.416005933149600315e-06,-5.005616628651474685e-03,1.687008768381065930e-12,5.004200622712583202e-03,-5.666587235303015978e-12,-7.320403121738757333e-16,-1.339484616054079730e-05,-8.635977532445066052e-02,2.911464222365937014e-11,8.634638047818531115e-02,-9.774227418441929474e-11
5.847313690034330186e-02,-3.805063769847830124e-01,-2.124739801943879153e-02,-3.240815269930385489e-01,1.079707763307935736e-09,-1.267962199081669405e+00,3.805063764727716902e-01,1.590373036698809905e-17,-1.436329932898277662e-06,-5.142024130186047086e-03,1.732996863409724587e-12,5.140587800247239415e-03,-5.820972580942933897e-12,-8.047195832582060318e-16,-1.231852180215721438e-05,-8.626914835764720735e-02,2.908506357984218698e-11,8.625682983574002594e-02,-9.763830249119515101e-11
6.005349195170393839e-02,-3.805063769847830124e-01,-2.124740030427085813e-02,-3.240897609086610953e-01,1.079710538366275808e-09,-1.267953967450879071e+00,3.805063764727623643e-01,1.457447583870246882e-17,-1.454917367713788350e-06,-5.278288374046742268e-03,1.778938241038142774e-12,5.276833456672953664e-03,-5.975193585037756915e-12,-8.775099686493965096e-16,-1.119693739993368964e-05,-8.617847702272407595e-02,2.905551979382285395e-11,8.616728008521894189e-02,-9.753429404506482107e-11
6.163384700306456798e-02,-3.805063769847830124e-01,-2.124740261705782701e-02,-3.240982100569240187e-01,1.079713385991425875e-09,-1.267945520615403110e+00,3.805063764727528164e-01,1.313019114921470675e-17,-1.471695663143474749e-06,-5.414409289090336974e-03,1.824832957472296176e-12,5.412937593420952612e-03,-6.129250191396732823e-12,-9.502710106325987744e-16,-1.002876193064244250e-05,-8.608776001619743157e-02,2.902601228635714289e-11,8.607773125416143256e-02,-9.743025124834083189e-11
6.321420205442519757e-02,-3.805063769847830124e-01,-2.124740495488186554e-02,-3.241068742112593881e-01,1.079716306109690555e-09,-1.267936858798891953e+00,3.805063764727429909e-01,1.157103562068358813e-17,-1.486590115931021048e-06,-5.550386802088849367e-03,1.870681071189611165e-12,5.548900211966510156e-03,-6.283142347663682045e-12,-1.022859273478019645e-15,-8.812632379620300810e-06,-8.599699600325026727e-02,2.899654251125360259e-11,8.598818337076513663e-02,-9.732617655143238564e-11
6.479455710578582717e-02,-3.805063769847830124e-01,-2.124740731470537922e-02,-3.241157531449816998e-01,1.079719298647468971e-09,-1.267927982224992922e+00,3.805063764727329434e-01,9.897397591230004037e-18,-1.499523843671205836e-06,-5.686220837680225175e-03,1.916482642990984280e-12,5.684721313829979583e-03,-6.436870005392670936e-12,-1.095128368610686184e-15,-7.547154009667161965e-06,-8.590618361799579050e-02,2.896711195509539669e-11,8.589863646388047613e-02,-9.722207245243768890e-11
6.637491215714645676e-02,-3.805063769847830124e-01,-2.124740969336751453e-02,-3.241248466312847132e-01,1.079722363531257442e-09,-1.267918891117352009e+00,3.805063764727226738e-01,8.109899061639285401e-18,-1.510417734889002087e-06,-5.821911318319448851e-03,1.962237736052355001e-12,5.820400900577817928e-03,-6.590433120123067111e-12,-1.166928979708493016e-15,-6.230900629178087388e-06,-8.581532146374004633e-02,2.893772213696285568e-11,8.580909056300513316e-02,-9.711794149673757435e-11
6.795526720850708635e-02,-3.805063769847830124e-01,-2.124741208758058539e-02,-3.241341544432380650e-01,1.079725500687655267e-09,-1.267909585699611874e+00,3.805063764727121822e-01,6.209400302456575984e-18,-1.519190399541819029e-06,-5.957458164230059784e-03,2.007946415975845741e-12,5.955938973823608588e-03,-6.743831651453938044e-12,-1.238108887728594062e-15,-4.862414859510011275e-06,-8.572440811324379129e-02,2.890837460815689160e-11,8.571954569827842929e-02,-9.701378627659013055e-11
6.953562225986771594e-02,-3.805063769847830124e-01,-2.124741449392646489e-02,-3.241436763537832166e-01,1.079728710043366386e-09,-1.267900066195412512e+00,3.805063764727014131e-01,4.197004421587990430e-18,-1.525758119943671867e-06,-6.092861293356093520e-03,2.053608750840465037e-12,6.091335535229072673e-03,-6.897065563117816350e-12,-1.308512995862227030e-15,-3.440208401583747991e-06,-8.563344210898352071e-02,2.887907095192314948e-11,8.563000190047606597e-02,-9.690960943072655962e-11
7.111597731122834554e-02,-3.805063769847830124e-01,-2.124741690885284529e-02,-3.241534121357302345e-01,1.079731991525204341e-09,-1.267890332828391919e+00,3.805063764726903663e-01,2.074061892520777439e-18,-1.530034802110072565e-06,-6.228120621314411562e-03,2.099224811252369669e-12,6.226590586505057791e-03,-7.050134823053816410e-12,-1.377983354418029056e-15,-1.962762301722219694e-06,-8.554242196341202420e-02,2.884981278317701177e-11,8.554045920100437905e-02,-9.680541364394823685e-11
7.269633236258897513e-02,-3.805063769847830124e-01,-2.124741932866944932e-02,-3.241633615617540154e-01,1.079735345060097030e-09,-1.267880385822184541e+00,3.805063764726790976e-01,-1.578249567242571944e-19,-1.531931927522440799e-06,-6.363236061347482195e-03,2.144794670394701490e-12,6.361704129412548529e-03,-7.203039403480137082e-12,-1.446359185633938728e-15,-4.285272167254903359e-07,-8.545134615921778920e-02,2.882060174822929106e-11,8.545091763189516243e-02,-9.670120164672479140e-11
7.427668741394960472e-02,-3.805063769847830124e-01,-2.124742174954416182e-02,-3.241735244043904007e-01,1.079738770575089190e-09,-1.267870225400423267e+00,3.805063764726676068e-01,-2.496797493795908793e-18,-1.531358505310822127e-06,-6.498207524276529076e-03,2.190318404076987635e-12,6.496676165763640501e-03,-7.355779280965914123e-12,-1.513476908417739337e-15,1.164076321816336871e-06,-8.536021314958401607e-02,2.879143952451283068e-11,8.536137722579997811e-02,-9.659697621479359581e-11
7.585704246531023431e-02,-3.805063769847830124e-01,-2.124742416749908491e-02,-3.241839004360323462e-01,1.079742267997347984e-09,-1.267859851786736103e+00,3.805063764726558384e-01,-4.940736371258031350e-18,-1.528221024853709967e-06,-6.633034918455107433e-03,2.235796090784104122e-12,6.631506697422509186e-03,-7.508354436502432043e-12,-1.579170163016327164e-15,2.816657643971741870e-06,-8.526902135844667552e-02,2.876232782030980660e-11,8.527183801598488266e-02,-9.649274016876003094e-11
7.743739751667086391e-02,-3.805063769847830124e-01,-2.124742657840652388e-02,-3.241944894289259804e-01,1.079745837254166715e-09,-1.267849265204749942e+00,3.805063764726438480e-01,-7.487257154765004388e-18,-1.522423408793776410e-06,-6.767718149723096592e-03,2.281227811724817376e-12,6.766195726306390920e-03,-7.660764855573726879e-12,-1.643269835613781912e-15,4.530855678677076263e-06,-8.517776918075198322e-02,2.873326837447984665e-11,8.518230003632500102e-02,-9.638849637369928901e-11
7.901775256803150738e-02,-3.805063769847830124e-01,-2.124742897798487240e-02,-3.242052911551667749e-01,1.079749478272969178e-09,-1.267838465878087684e+00,3.805063764726316355e-01,-1.013370599005457828e-17,-1.513866966468304236e-06,-6.902257121361081091e-03,2.326613650879894399e-12,6.900743254386534388e-03,-7.813010528226552423e-12,-1.705604082858311668e-15,6.308338691705772498e-06,-8.508645498271290297e-02,2.870426295618895767e-11,8.509276332129910025e-02,-9.628424773875908130e-11
8.059810761939213697e-02,-3.805063769847830124e-01,-2.124743136179448738e-02,-3.242163053866949363e-01,1.079753190981314204e-09,-1.267827454030368894e+00,3.805063764726191455e-01,-1.287715530864602610e-17,-1.502450347753115203e-06,-7.036651734045146385e-03,2.371953695049779550e-12,7.035149283689146917e-03,-7.965091449139705879e-12,-1.765998356318138454e-15,8.150804024396501358e-06,-8.499507710206509470e-02,2.867531336463916019e-11,8.500322790598417722e-02,-9.617999721676350914e-11
8.217846267075276656e-02,-3.805063769847830124e-01,-2.124743372523340418e-02,-3.242275318952920760e-01,1.079756975306899382e-09,-1.267816229885210699e+00,3.805063764726064335e-01,-1.571439957213102182e-17,-1.488069497318808787e-06,-7.170901885802076145e-03,2.417248033901853296e-12,7.169413816296345103e-03,-8.117007617692756551e-12,-1.824275426866414698e-15,1.005997783313973564e-05,-8.490363384832218252e-02,2.864642142879904410e-11,8.491369382605024052e-02,-9.607574780381834364e-11
8.375881772211338228e-02,-3.805063769847830124e-01,-2.124743606353305184e-02,-3.242389704525761029e-01,1.079760831177567473e-09,-1.267804793666226226e+00,3.805063764725934994e-01,-1.864195105494532754e-17,-1.470617609298100730e-06,-7.305007471964947673e-03,2.462496760017257991e-12,7.303536854347072484e-03,-8.268759038034115377e-12,-1.880255408995233334e-15,1.203761482962170361e-05,-8.481212350302994030e-02,2.861758900713495751e-11,8.482416111775477330e-02,-9.597150253891710681e-11
8.533917277347401187e-02,-3.805063769847830124e-01,-2.124743837175387465e-02,-3.242506208299976711e-01,1.079764758521309096e-09,-1.267793145597025717e+00,3.805063764725802877e-01,-2.165603566550942411e-17,-1.449985082363073238e-06,-7.438968385129149721e-03,2.507699968937307224e-12,7.437518400038042356e-03,-8.420345719148521235e-12,-1.933755785058812795e-15,1.408549802182515280e-05,-8.472054432002015800e-02,2.858881798734306166e-11,8.473462981793751514e-02,-9.586726450354839335e-11
8.691952782483464146e-02,-3.805063769847830124e-01,-2.124744064478085656e-02,-3.242624827988352387e-01,1.079768757266267898e-09,-1.267781285901214972e+00,3.805063764725668540e-01,-2.475258880562578798e-17,-1.426059475211136356e-06,-7.572784515108757671e-03,2.552857759209461801e-12,7.571358455624638967e-03,-8.571767674923871321e-12,-1.984591429445920576e-15,1.620543845578576890e-05,-8.462889452566345339e-02,2.856011028608218388e-11,8.464509996401517467e-02,-9.576303682130457550e-11
8.849988287619527105e-02,-3.805063769847830124e-01,-2.124744287731901785e-02,-3.242745561301911827e-01,1.079772827340746966e-09,-1.267769214802397126e+00,3.805063764725532538e-01,-2.792725126802165101e-17,-1.398725462458511727e-06,-7.706455748893364065e-03,2.597970232432898586e-12,7.705057023421833448e-03,-8.723024924217465067e-12,-2.032574632681631838e-15,1.839927495810394129e-05,-8.453717231912154240e-02,2.853146784870739758e-11,8.455557159397601719e-02,-9.565882265749132208e-11
9.008023792755591452e-02,-3.805063769847830124e-01,-2.124744506388881807e-02,-3.242868405949868027e-01,1.079776968673210894e-09,-1.267756932524171543e+00,3.805063764725393205e-01,-3.117536517192492336e-17,-1.367864790940040585e-06,-7.839981970605253495e-03,2.643037493303641933e-12,7.838614105805078933e-03,-8.874117490921616367e-12,-2.077515125458469760e-15,2.066887387921061836e-05,-8.444537587259864919e-02,2.850289264900440356e-11,8.446604474637475768e-02,-9.555462521873859093e-11
9.166059297891654412e-02,-3.805063769847830124e-01,-2.124744719882148622e-02,-3.242993359639581574e-01,1.079781181192293225e-09,-1.267744439290132918e+00,3.805063764725252207e-01,-3.449196993656253340e-17,-1.333356236414128888e-06,-7.973363061457012027e-03,2.688059649659292423e-12,7.972029705211200468e-03,-9.025045404028647030e-12,-2.119220102597026471e-15,2.301612883738682900e-05,-8.435350333159216674e-02,2.847438668892469331e-11,8.437651946032699579e-02,-9.545044775261229351e-11
9.324094803027717371e-02,-3.805063769847830124e-01,-2.124744927625430227e-02,-3.243120420076510135e-01,1.079785464826800594e-09,-1.267731735323872844e+00,3.805063764725107878e-01,-3.787179829246907129e-17,-1.295075560671635890e-06,-8.106598899709514805e-03,2.733036812523325456e-12,8.105303824139282326e-03,-9.175808697695272777e-12,-2.157494246936124496e-15,2.544296046353571489e-05,-8.426155281514273454e-02,2.844595199832151677e-11,8.428699577550431699e-02,-9.534629354722766547e-11
9.482130308163778942e-02,-3.805063769847830124e-01,-2.124745129012579545e-02,-3.243249584964166266e-01,1.079789819505716028e-09,-1.267718820848978689e+00,3.805063764724961883e-01,-4.130927233049470991e-17,-1.252895469047522232e-06,-8.239689360630308296e-03,2.777969096148978679e-12,8.238436465151540572e-03,-9.326407411306396310e-12,-2.192139753152598402e-15,2.795131614670655535e-05,-8.416952241608338658e-02,2.841759063468656108e-11,8.419747373212882469e-02,-9.524216593086342569e-11
9.640165813299841902e-02,-3.805063769847830124e-01,-2.124745323417088355e-02,-3.243380852004065784e-01,1.079794245158207846e-09,-1.267705696089033829e+00,3.805063764724813113e-01,-4.479849958840159919e-17,-1.206685568334065325e-06,-8.372634316452399333e-03,2.822856618062725009e-12,8.371427630874186954e-03,-9.476841589538254156e-12,-2.222956351510777104e-15,3.054316978037000869e-05,-8.407741020128817189e-02,2.838930468288750165e-11,8.410795337096801938e-02,-9.513806827157700804e-11
9.798201318435904861e-02,-3.805063769847830124e-01,-2.124745510191593245e-02,-3.243514218895682810e-01,1.079798741713631100e-09,-1.267692361267617196e+00,3.805063764724662123e-01,-4.833326917493700825e-17,-1.156312325094454099e-06,-8.505433636333414524e-03,2.867699499107327224e-12,8.504277323998284122e-03,-9.627111282421002893e-12,-2.249741331541720473e-15,3.322052150944342156e-05,-8.398521421191967873e-02,2.836109625490620597e-11,8.401843473332944179e-02,-9.503400397682133118e-11
9.956236823571969208e-02,-3.805063769847830124e-01,-2.124745688667378091e-02,-3.243649683336395917e-01,1.079803309101535438e-09,-1.267678816608303727e+00,3.805063764724508912e-01,-5.190704793127292273e-17,-1.101639024375585278e-06,-8.638087186315174248e-03,2.912497863484482191e-12,8.636985547280604317e-03,-9.777216545400649453e-12,-2.272289565652317139e-15,3.598539747806581000e-05,-8.389293246367642010e-02,2.833296748957785503e-11,8.392891786105569074e-02,-9.492997649306221463e-11
1.011427232870803217e-01,-3.805063769847830124e-01,-2.124745858153865782e-02,-3.243787243021446498e-01,1.079807947251669031e-09,-1.267665062334663695e+00,3.805063764724353481e-01,-5.551297662970066461e-17,-1.042525728818873886e-06,-8.770594829283632696e-03,2.957251838797053528e-12,8.769552303544463773e-03,-9.927157439400422431e-12,-2.290393532664291213e-15,3.883984957812148869e-05,-8.380056294703883135e-02,2.830492055233071752e-11,8.383940279651912186e-02,-9.482598930539728112e-11
1.027230783384409513e-01,-3.805063769847830124e-01,-2.124746017938108217e-02,-3.243926895643879926e-01,1.079812656093984157e-09,-1.267651098670262710e+00,3.805063764724195274e-01,-5.914386620947063622e-17,-9.788292381678874617e-07,-8.902956424929230755e-03,3.001961556090893499e-12,8.901977595680557118e-03,-1.007693403088151816e-11,-2.303843341283201943e-15,4.178595519851165081e-05,-8.370810362751504585e-02,2.827695763492677698e-11,8.374988958261675442e-02,-9.472204593717586712e-11
1.043034333898015809e-01,-3.805063769847830124e-01,-2.124746167284264145e-02,-3.244068638894498924e-01,1.079817435558643612e-09,-1.267636925838662387e+00,3.805063764724034847e-01,-6.279219404966565719e-17,-9.104030491716405812e-07,-9.035171829707608002e-03,3.046627149896252129e-12,9.034261426647779633e-03,-1.022654639190324741e-11,-2.312426753497510849e-15,4.482581697517296982e-05,-8.361555244588547708e-02,2.824908095520306659e-11,8.366037826276498390e-02,-9.461814994962000608e-11
1.058837884411622104e-01,-3.805063769847830124e-01,-2.124746305433078755e-02,-3.244212470461814157e-01,1.079822285576025050e-09,-1.267622544063418788e+00,3.805063764723872199e-01,-6.645010027899837819e-17,-8.370973158823470207e-07,-9.167240896800739683e-03,3.091248758268786861e-12,9.166403799474052982e-03,-1.037599460018260045e-11,-2.315929207907800354e-15,4.796156254184272874e-05,-8.352290731844724814e-02,2.822129275681385382e-11,8.357086888089464149e-02,-9.451430494144674294e-11
1.074641434925228400e-01,-3.805063769847830124e-01,-2.124746431601345908e-02,-3.244358388031989837e-01,1.079827206076727604e-09,-1.267607953568083978e+00,3.805063764723706776e-01,-7.010938412242141267e-17,-7.587588103464718629e-07,-9.299163476078420656e-03,3.135826522830153379e-12,9.298404717257119714e-03,-1.052527873915319178e-11,-2.314133842986190057e-15,5.119534428156916896e-05,-8.343016613725703912e-02,2.819359530897348092e-11,8.348136148144570667e-02,-9.441051454849106905e-11
1.090444985438834696e-01,-3.805063769847830124e-01,-2.124746544981377314e-02,-3.244506389288788206e-01,1.079832196991576228e-09,-1.267593154576204695e+00,3.805063764723539133e-01,-7.376150028444140389e-17,-6.752308836878937923e-07,-9.430939414060148310e-03,3.180360588808201817e-12,9.430264183165360317e-03,-1.067439889802362965e-11,-2.306821520266075293e-15,5.452933907896675378e-05,-8.333732677037503089e-02,2.816599090620025884e-11,8.339185610936250548e-02,-9.430678244333132560e-11
1.106248535952440992e-01,-3.805063769847830124e-01,-2.124746644740454701e-02,-3.244656471913521245e-01,1.079837258251629348e-09,-1.267578147311322345e+00,3.805063764723369268e-01,-7.739755536902510766e-17,-5.863534275819993524e-07,-9.562568553877399263e-03,3.224851105076760188e-12,9.561982200438575580e-03,-1.082335517183528622e-11,-2.293770847462190333e-15,5.796574807321540460e-05,-8.324438706210494920e-02,2.813848186806059377e-11,8.330235281008814552e-02,-9.420311233491343106e-11
1.122052086466047427e-01,-3.805063769847830124e-01,-2.124746730020280264e-02,-3.244808633584995161e-01,1.079842389788182788e-09,-1.267562931996972786e+00,3.805063764723197184e-01,-8.100830433598904693e-17,-4.919628361195480962e-07,-9.694050735236275571e-03,3.269298224195023208e-12,9.693558772388772421e-03,-1.097214766151948292e-11,-2.274758201521153224e-15,6.150679641180274769e-05,-8.315134483323649572e-02,2.811107053891447077e-11,8.321285162955988080e-02,-9.409950796817848182e-11
1.137855636979653723e-01,-3.805063769847830124e-01,-2.124746799936423278e-02,-3.244962871979455987e-01,1.079847591532776600e-09,-1.267547508856688321e+00,3.805063764723022324e-01,-8.458414699376195282e-17,-3.918919680591181775e-07,-9.825385794380523882e-03,3.313702102446525104e-12,9.824993902400939311e-03,-1.112077647395406665e-11,-2.249557751602498181e-15,6.515473300500859905e-05,-8.305819788128555869e-02,2.808375928766130898e-11,8.312335261420381038e-02,-9.399597312369035295e-11
1.153659187493259741e-01,-3.805063769847830124e-01,-2.124746853577755279e-02,-3.245119184770531851e-01,1.079852863417201056e-09,-1.267531878113994148e+00,3.805063764722845798e-01,-8.811512452841090715e-17,-2.859701094669714186e-07,-9.956573564054953598e-03,3.358062899877732355e-12,9.956287593933828631e-03,-1.126924172201942545e-11,-2.217941481990314636e-15,6.891183028113127384e-05,-8.296494398073385457e-02,2.805655050748682498e-11,8.303385581093004897e-02,-9.389251161726457837e-11
1.169462738006866037e-01,-3.805063769847830124e-01,-2.124746890005886277e-02,-3.245277569629181347e-01,1.079858205373502030e-09,-1.267516039992410359e+00,3.805063764722666497e-01,-9.159091606882088165e-17,-1.740229367431548139e-07,-1.008761387346922798e-02,3.402380780336213956e-12,1.008743985052069393e-02,-1.141754352465390312e-11,-2.179679214935536746e-15,7.278038394245452114e-05,-8.287158088326797289e-02,2.802944661561043250e-11,8.294436126712741164e-02,-9.378912729959849781e-11
1.185266288520472333e-01,-3.805063769847830124e-01,-2.124746908254587438e-02,-3.245438024223637474e-01,1.079863617333986988e-09,-1.267499994715451939e+00,3.805063764722484421e-01,-9.500083528791851534e-17,-5.587248003269234811e-08,-1.021850654826201438e-02,3.446655911508432024e-12,1.021845067577006015e-02,-1.156568200690862741e-11,-2.134538633428987866e-15,7.676271272195405403e-05,-8.277810631801772734e-02,2.800245005303365675e-11,8.285486903065866771e-02,-9.368582405590238590e-11
1.201069839034078768e-01,-3.805063769847830124e-01,-2.124746907329215159e-02,-3.245600546219346016e-01,1.079869099231232439e-09,-1.267483742506627209e+00,3.805063764722300679e-01,-9.833382703983077396e-17,6.866291297933092656e-08,-1.034925141046553337e-02,3.490888464957121635e-12,1.034932007336646434e-02,-1.171365730000177760e-11,-2.082285303905228516e-15,8.086115814074367489e-05,-8.268451799179366013e-02,2.797556328428910446e-11,8.276537914985550304e-02,-9.358260580553186084e-11
1.216873389547685064e-01,-3.805063769847830124e-01,-2.124746886206124036e-02,-3.245765133278913361e-01,1.079874650998088895e-09,-1.267467283589439830e+00,3.805063764722114161e-01,-1.015784640328693331e-16,1.997686128899515400e-07,-1.047984827847047232e-02,3.535078616158286963e-12,1.048004804707119118e-02,-1.186146954137223165e-11,-2.022682698877291060e-15,8.507808426625971534e-05,-8.259081358932379713e-02,2.794878879719031607e-11,8.267589167351337143e-02,-9.347947650162108158e-11
1.232676940061291360e-01,-3.805063769847830124e-01,-2.124746843832077750e-02,-3.245931783062046549e-01,1.079880272567686247e-09,-1.267450618187385913e+00,3.805063764721925978e-01,-1.047229435382307867e-16,3.376337440189166434e-07,-1.061029696699127174e-02,3.579226544537789075e-12,1.061063460072299985e-02,-1.200911887473268191e-11,-1.955492219502389050e-15,8.941587747118254388e-05,-8.249699077348993104e-02,2.792212910258233527e-11,8.258640665088679000e-02,-9.337644013071761212e-11
1.248480490574897656e-01,-3.805063769847830124e-01,-2.124746779123652674e-02,-3.246100493225495542e-01,1.079885963873442247e-09,-1.267433746523956684e+00,3.805063764721735020e-01,-1.077550841343047917e-16,4.824512194688919330e-07,-1.074059728703178999e-02,3.623332433507551648e-12,1.074107973823885259e-02,-1.215660545012214165e-11,-1.880473218078653316e-15,9.387694619309553431e-05,-8.240304718556290542e-02,2.789558673409306361e-11,8.249692413168414895e-02,-9.327350071241782877e-11
1.264284041088503951e-01,-3.805063769847830124e-01,-2.124746690966637305e-02,-3.246271261422992715e-01,1.079891724849067261e-09,-1.267416668822636927e+00,3.805063764721541286e-01,-1.106623224864802267e-16,6.344177758064108498e-07,-1.087074904585133735e-02,3.667396470501372472e-12,1.087138346361462421e-02,-1.230392942395789271e-11,-1.797383020472985891e-15,9.846372069487947559e-05,-8.230898044543737135e-02,2.786916424788537456e-11,8.240744416606296530e-02,-9.317066229900383954e-11
1.280087591602110386e-01,-3.805063769847830124e-01,-2.124746578215422690e-02,-3.246444085305196237e-01,1.079897555428571095e-09,-1.267399385306904547e+00,3.805063764721345887e-01,-1.134317101623409321e-16,7.937340073647388766e-07,-1.100075204693106400e-02,3.711418847010333486e-12,1.100154578092580465e-02,-1.245109095908684495e-11,-1.705976948480104377e-15,1.031786528258419759e-04,-8.221478815186560041e-02,2.784286422240994481e-11,8.231796680462491467e-02,-9.306792897508132124e-11
1.295891142115716543e-01,-3.805063769847830124e-01,-2.124746439692392838e-02,-3.246618962519627338e-01,1.079903455546269403e-09,-1.267381896200231006e+00,3.805063764721147712e-01,-1.160499104821426136e-16,9.606044001698439086e-07,-1.113060608994075572e-02,3.755399758617835597e-12,1.113156669432819809e-02,-1.259809022483633842e-11,-1.606008342112831941e-15,1.080242157835820100e-04,-8.212046788269086739e-02,2.781668925815890956e-11,8.222849209841075202e-02,-9.296530485721850680e-11
1.311694692629322978e-01,-3.805063769847830124e-01,-2.124746274187305772e-02,-3.246795890710611476e-01,1.079909425136790102e-09,-1.267364201726081996e+00,3.805063764720947872e-01,-1.185031954044617749e-16,1.135237365490570213e-06,-1.126031097070596086e-02,3.799339405034236457e-12,1.126144620805862723e-02,-1.274492739706437681e-11,-1.497228581823752670e-15,1.130029038765872787e-04,-8.202601719507990330e-02,2.779064197742023833e-11,8.213902009889580136e-02,-9.286279409358633588e-11
1.327498243142929135e-01,-3.805063769847830124e-01,-2.124746080456670766e-02,-3.246974867519216712e-01,1.079915464135079780e-09,-1.267346302107914990e+00,3.805063764720745256e-01,-1.207774424469087532e-16,1.317845273014241923e-06,-1.138986648117549377e-02,3.843237990131100110e-12,1.139118432643558901e-02,-1.289160265820928092e-11,-1.379387110658249249e-15,1.181172322875645301e-04,-8.193143362575469602e-02,2.776472502403289594e-11,8.204955085798469605e-02,-9.276040086359975574e-11
1.343301793656535570e-01,-3.805063769847830124e-01,-2.124745857223120371e-02,-3.247155890583192095e-01,1.079921572476411760e-09,-1.267328197569181913e+00,3.805063764720540420e-01,-1.228581316417961056e-16,1.508644483648810877e-06,-1.151927240938931118e-02,3.887095721975061309e-12,1.152078105385995199e-02,-1.303811619733878307e-11,-1.252231456339038899e-15,1.233697368375021096e-04,-8.183671469122354158e-02,2.773894106314268859e-11,8.196008442800672977e-02,-9.265812937755987515e-11
1.359105344170141727e-01,-3.805063769847830124e-01,-2.124745603174776551e-02,-3.247338957536907156e-01,1.079927750096389205e-09,-1.267309888333327139e+00,3.805063764720333364e-01,-1.247303425266544216e-16,1.707855381952714940e-06,-1.164852853944675290e-02,3.930912812861308560e-12,1.165023639481561381e-02,-1.318446821019855295e-11,-1.115507253282273086e-15,1.287629737504631679e-04,-8.174185788801147101e-02,2.771329278095898544e-11,8.187062086171102704e-02,-9.255598387629759173e-11
1.374908894683748162e-01,-3.805063769847830124e-01,-2.124745316964612996e-02,-3.247524066011285293e-01,1.079933996930956902e-09,-1.267291374623787492e+00,3.805063764720123531e-01,-1.263787511694872759e-16,1.915702408193604608e-06,-1.177763465147514156e-02,3.974689479346681042e-12,1.177955035387016729e-02,-1.333065889926017241e-11,-9.689582645452692053e-16,1.342995194191098246e-04,-8.164686069288987214e-02,2.768778288451209947e-11,8.178116021226164434e-02,-9.245396863081804644e-11
1.390712445197354319e-01,-3.805063769847830124e-01,-2.124744997209811539e-02,-3.247711213633746596e-01,1.079940312916403125e-09,-1.267272656663993358e+00,3.805063764719912034e-01,-1.277876272286576444e-16,2.132414090037099813e-06,-1.190659052159874498e-02,4.018425942282377782e-12,1.190872293567554058e-02,-1.347668847376854004e-11,-8.123264037059458506e-16,1.399819701709565517e-04,-8.155172056310543149e-02,2.766241410141145024e-11,8.169170253323275455e-02,-9.235208794194637060e-11
1.406515995710960476e-01,-3.805063769847830124e-01,-2.124744642491112681e-02,-3.247900398028139013e-01,1.079946697989369770e-09,-1.267253734677367349e+00,3.805063764719697761e-01,-1.289408310472973379e-16,2.358223073866714902e-06,-1.203539592190809582e-02,4.062122426846292824e-12,1.203775414496865807e-02,-1.362255714978871194e-11,-6.453517566740438018e-16,1.458129420353524949e-04,-8.145643493660832679e-02,2.763718917960449242e-11,8.160224787860391460e-02,-9.225034613997432460e-11
1.422319546224566911e-01,-3.805063769847830124e-01,-2.124744251352162980e-02,-3.248091616814678950e-01,1.079953152086857106e-09,-1.267234608887323866e+00,3.805063764719481267e-01,-1.298218107821323179e-16,2.593366155736087900e-06,-1.216405062042968770e-02,4.105779162574963466e-12,1.216664398657205971e-02,-1.376826515025219304e-11,-4.677726034342261098e-16,1.517950705111912116e-04,-8.136100123227976710e-02,2.761211088713638755e-11,8.151279630275522214e-02,-9.214874758430824216e-11
1.438123096738173068e-01,-3.805063769847830124e-01,-2.124743822298858636e-02,-3.248284867609881887e-01,1.079959675146232464e-09,-1.267215279517270421e+00,3.805063764719262553e-01,-1.304135995666158678e-16,2.838084311954725491e-06,-1.229255438109600439e-02,4.149396383395144488e-12,1.229539246539454109e-02,-1.391381270500267930e-11,-2.793254397210762154e-16,1.579310103353486687e-04,-8.126541685015878369e-02,2.758718201191043504e-11,8.142334786046256934e-02,-9.204729666311804717e-11
1.453926647251779503e-01,-3.805063769847830124e-01,-2.124743353798677972e-02,-3.248480148026502423e-01,1.079966267105235821e-09,-1.267195746790606536e+00,3.805063764719041619e-01,-1.306988127082624350e-16,3.092622729308334407e-06,-1.242090696371593410e-02,4.192974327655004326e-12,1.242399958643177621e-02,-1.405920005084122142e-11,-7.974499862613441881e-17,1.642234352518465710e-04,-8.116967917166834079e-02,2.756240536144925609e-11,8.133390260689295215e-02,-9.194599779298726590e-11
1.469730197765385937e-01,-3.805063769847830124e-01,-2.124742844280019458e-02,-3.248677455673464332e-01,1.079972927901987658e-09,-1.267176010930723962e+00,3.805063764718818464e-01,-1.306596449200741681e-16,3.357230834914941757e-06,-1.254910812394551337e-02,4.236513238154935134e-12,1.255246535476692120e-02,-1.420442743157086673e-11,1.312357278630016610e-16,1.706750377817421054e-04,-8.107378555984058599e-02,2.753778376265669496e-11,8.124446059759961314e-02,-9.184485541856412475e-11
1.485533748278992094e-01,-3.805063769847830124e-01,-2.124742292131523436e-02,-3.248876788155797835e-01,1.079979657474995986e-09,-1.267156072161005564e+00,3.805063764718592534e-01,-1.302778675859540458e-16,3.632162325717923266e-06,-1.267715761325906125e-02,4.280013362178005788e-12,1.268078977557124398e-02,-1.434949509804073891e-11,3.538854673914007192e-16,1.772885289937416880e-04,-8.097773335954172591e-02,2.751332006158053117e-11,8.115502188851743404e-02,-9.174387401221399223e-11
1.501337298792598529e-01,-3.805063769847830124e-01,-2.124741695701399744e-02,-3.249078143074574099e-01,1.079986455763161938e-09,-1.267135930704826663e+00,3.805063764718364938e-01,-1.295348260599967623e-16,3.917675197617101102e-06,-1.280505517892063273e-02,4.323474951520015849e-12,1.280897285410468635e-02,-1.449440330818954568e-11,5.884746458333157092e-16,1.840666382755393377e-04,-8.088151989769580552e-02,2.748901712317588327e-11,8.106558653595817565e-02,-9.164305807367264813e-11
1.517140849306204686e-01,-3.805063769847830124e-01,-2.124741053296743537e-02,-3.249281518026833626e-01,1.079993322705789275e-09,-1.267115586785554138e+00,3.805063764718134567e-01,-1.284114369995516831e-16,4.214031774239034470e-06,-1.293280056395583119e-02,4.366898262519199747e-12,1.293701459571649191e-02,-1.463915232708859067e-11,8.352753659563661337e-16,1.910121131058779148e-04,-8.078514248350800175e-02,2.746487783106940094e-11,8.097615459660574555e-02,-9.154241212970075464e-11
1.532944399819811121e-01,-3.805063769847830124e-01,-2.124740363182849034e-02,-3.249486910605523526e-01,1.080000258242590799e-09,-1.267095040626546432e+00,3.805063764717901975e-01,-1.268881857319506389e-16,4.521498735347673990e-06,-1.306039350712401119e-02,4.410283556085544032e-12,1.306491500584576991e-02,-1.478374242698418087e-11,1.094561386153365060e-15,1.981277188273330341e-04,-8.068859840868725097e-02,2.744090508732417125e-11,8.088672612751166002e-02,-9.144194073373938737e-11
1.548747950333417278e-01,-3.805063769847830124e-01,-2.124739623582520831e-02,-3.249694318399429238e-01,1.080007262313693730e-09,-1.267074292451152662e+00,3.805063764717667718e-01,-1.249451236547933184e-16,4.840347144896478467e-06,-1.318783374289077097e-02,4.453631097729737081e-12,1.319267409002208152e-02,-1.492817388733953829e-11,1.366608099241661978e-15,2.054162384198179457e-04,-8.059188494766790500e-02,2.741710181220540032e-11,8.079730118609024236e-02,-9.134164846556675533e-11
1.564551500847023713e-01,-3.805063769847830124e-01,-2.124738832675375499e-02,-3.249903738993104585e-01,1.080014334859650252e-09,-1.267053342482713729e+00,3.805063764717430130e-01,-1.225618656696843831e-16,5.170852478723189636e-06,-1.331512100140086648e-02,4.496941157591758526e-12,1.332029185386601061e-02,-1.507244699487614919e-11,1.651692511329983362e-15,2.128804722748103319e-04,-8.049499935783106797e-02,2.739347094394683177e-11,8.070787983011397382e-02,-9.124153993095587746e-11
1.580355051360630148e-01,-3.805063769847830124e-01,-2.124737988597146313e-02,-3.250115169966805162e-01,1.080021475821441854e-09,-1.267032190944561210e+00,3.805063764717190322e-01,-1.197175876493141784e-16,5.513294651888350772e-06,-1.344225500845138387e-02,4.540214010469076102e-12,1.344776830308971015e-02,-1.521656204361456423e-11,1.950093220752657232e-15,2.205232379702976313e-04,-8.039793887972486452e-02,2.737001543851790827e-11,8.061846211770905268e-02,-9.114161976133353863e-11
1.596158601874236305e-01,-3.805063769847830124e-01,-2.124737089438977211e-02,-3.250328608896417837e-01,1.080028685140488641e-09,-1.267010838060018019e+00,3.805063764716948849e-01,-1.163910239377789876e-16,5.867958045658734703e-06,-1.356923548546535782e-02,4.583449935844507245e-12,1.357510344349748335e-02,-1.536051933491469111e-11,2.262090397071142050e-15,2.283473700464431144e-04,-8.030070073728413915e-02,2.734673826939164080e-11,8.052904810735048158e-02,-9.104189261344004696e-11
1.611962152387842739e-01,-3.805063769847830124e-01,-2.124736133246713649e-02,-3.250544053353393026e-01,1.080035962758656152e-09,-1.266989284052397968e+00,3.805063764716704600e-01,-1.125604648840321852e-16,6.235131534136818758e-06,-1.369606214946566224e-02,4.626649217913689739e-12,1.370229728098630063e-02,-1.550431917751550577e-11,2.587965760142831253e-15,2.363557197819693477e-04,-8.020328213804962803e-02,2.732364242731330820e-11,8.043963785785768206e-02,-9.094236316899036125e-11
1.627765702901448897e-01,-3.805063769847830124e-01,-2.124735118020193436e-02,-3.250761500904674195e-01,1.080043308618262394e-09,-1.266967529145004656e+00,3.805063764716459240e-01,-1.082037544083614725e-16,6.615108510537423924e-06,-1.382273471304929294e-02,4.669812145612193682e-12,1.382934982154637726e-02,-1.564796188757428528e-11,2.928002559257003253e-15,2.445511549712592650e-04,-8.010568027338618724e-02,2.730073092006981277e-11,8.035023142838991494e-02,-9.084303613433622642e-11
1.643569253415055331e-01,-3.805063769847830124e-01,-2.124734041712528221e-02,-3.250980949112626806e-01,1.080050722662086321e-09,-1.266945573561133020e+00,3.805063764716210550e-01,-1.032982876017855491e-16,7.008186913112652360e-06,-1.394925288436195572e-02,4.712939012642279655e-12,1.395626107126167123e-02,-1.579144778870523655e-11,3.282485552337870378e-15,2.529365597021746817e-04,-8.000789231870031326e-02,2.727800677225984685e-11,8.026082887844156188e-02,-9.074391624012923960e-11
1.659372803928661488e-01,-3.805063769847830124e-01,-2.124732902229384615e-02,-3.251202395534968370e-01,1.080058204833374038e-09,-1.266923417524067341e+00,3.805063764715959640e-01,-9.782100835826455092e-17,7.414669250726304044e-06,-1.407561636707303603e-02,4.756030117499278022e-12,1.408303103631043142e-02,-1.593477721201767907e-11,3.651700985214672300e-15,2.615148341345905183e-04,-7.990991543365720540e-02,2.725547302506470236e-11,8.017143026783768445e-02,-9.064500824098529915e-11
1.675176354442267646e-01,-3.805063769847830124e-01,-2.124731697428258390e-02,-3.251425837724700729e-01,1.080065755075848311e-09,-1.266901061257083017e+00,3.805063764715706509e-01,-9.174840703961733943e-17,7.834862628078834737e-06,-1.420182486035088086e-02,4.799085763497620894e-12,1.420965972296570935e-02,-1.607795049615361707e-11,4.035936570958707874e-15,2.702888942796442991e-04,-7.981174676239680132e-02,2.723313273601995282e-11,8.008203565672937507e-02,-9.054631691514975160e-11
1.690979904955874080e-01,-3.805063769847830124e-01,-2.124730425117747970e-02,-3.251651273230031225e-01,1.080073373333713534e-09,-1.266878504983444786e+00,3.805063764715452268e-01,-8.505651817304300364e-17,8.269078770583969943e-06,-1.432787805883844502e-02,4.842106258796500066e-12,1.433614713759586226e-02,-1.622096798732482688e-11,4.435481469287179542e-15,2.792616717796991919e-04,-7.971338343374949342e-02,2.721098897878775572e-11,7.999264510558935781e-02,-9.044784706416402494e-11
1.706783455469480237e-01,-3.805063769847830124e-01,-2.124729083056821344e-02,-3.251878699594310529e-01,1.080081059551666685e-09,-1.266855748926407621e+00,3.805063764715194141e-01,-7.772091818113555510e-17,8.717634048898257294e-06,-1.445377565262924782e-02,4.885091916425184892e-12,1.446249328666508564e-02,-1.636383003934942093e-11,4.850626266033955627e-15,2.884361136890225934e-04,-7.961482256145073488e-02,2.718904484292997886e-11,7.990325867520742253e-02,-9.034960351253305033e-11
1.722587005983086672e-01,-3.805063769847830124e-01,-2.124727668954079149e-02,-3.252108114355950486e-01,1.080088813674902086e-09,-1.266832793309216054e+00,3.805063764714934349e-01,-6.971672314429238250e-17,9.180849503104481456e-06,-1.457951732724372361e-02,4.928043054307959675e-12,1.458869817673387817e-02,-1.650653701368786564e-11,5.281662952686941674e-15,2.978151822551757888e-04,-7.951606124435534051e-02,2.716730343368200201e-11,7.981387642668587301e-02,-9.025159110739395038e-11
1.738390556496692829e-01,-3.805063769847830124e-01,-2.124726180467017070e-02,-3.252339515048360830e-01,1.080096635649120706e-09,-1.266809638355104628e+00,3.805063764714672336e-01,-6.101858659540604988e-17,9.659050866550194324e-06,-1.470510276360581861e-02,4.970959995288720983e-12,1.471476181445954649e-02,-1.664908927947849849e-11,5.728884905992169314e-15,3.074018547011164205e-04,-7.941709656665066341e-02,2.714576787172728751e-11,7.972449842143507215e-02,-9.015381471818558053e-11
1.754194107010299264e-01,-3.805063769847830124e-01,-2.124724615201279213e-02,-3.252572899199871470e-01,1.080104525420537608e-09,-1.266786284287296116e+00,3.805063764714408103e-01,-5.160069734673827338e-17,1.015256858934243370e-05,-1.483053163802003360e-02,5.013843067155209839e-12,1.484068420659668923e-02,-1.679148721357249579e-11,6.192586867624406603e-15,3.171991230080115965e-04,-7.931792559806953580e-02,2.712444129297267482e-11,7.963512472116901497e-02,-9.005627923631947918e-11
1.769997657523905421e-01,-3.805063769847830124e-01,-2.124722970709914255e-02,-3.252808264333657551e-01,1.080112482935889804e-09,-1.266762731329003744e+00,3.805063764714141650e-01,-4.143677734886668351e-17,1.066173786149982391e-05,-1.495580362214870770e-02,5.056692602662898986e-12,1.496646535999767574e-02,-1.693373120056834928e-11,6.673064923924338762e-15,3.272099936987627779e-04,-7.921854539410216889e-02,2.710332684832444710e-11,7.954575538790084610e-02,-8.995898957485159330e-11
1.785801208037511856e-01,-3.805063769847830124e-01,-2.124721244492621883e-02,-3.253045607967672281e-01,1.080120508142444531e-09,-1.266738979703429413e+00,3.805063764713872976e-01,-3.050007958160371939e-17,1.118689863576305282e-05,-1.508091838298971678e-02,5.099508939558512605e-12,1.509210528161310932e-02,-1.707582163284581292e-11,7.170616485702085804e-15,3.374374876222386503e-04,-7.911895299620759492e-02,2.708242770346505396e-11,7.945639048393837722e-02,-8.986195066815520603e-11
1.801604758551118290e-01,-3.805063769847830124e-01,-2.124719433995000267e-02,-3.253284927614565336e-01,1.080128600988006072e-09,-1.266715029633764145e+00,3.805063764713602081e-01,-1.876338597677900156e-17,1.172839565006499402e-05,-1.520587558285441121e-02,5.142292420603209987e-12,1.521760397849228862e-02,-1.721775891059932930e-11,7.685540268107167499e-15,3.478846397382180395e-04,-7.901914543202404051e-02,2.706174703863063532e-11,7.936703007187974335e-02,-8.976516747159491125e-11
1.817408309064724448e-01,-3.805063769847830124e-01,-2.124717536607786256e-02,-3.253526220781616241e-01,1.080136761420924648e-09,-1.266690881343186970e+00,3.805063764713329522e-01,-6.199005372783369594e-18,1.228657844966146019e-05,-1.533067487934600993e-02,5.185043393595406515e-12,1.534296145778367079e-02,-1.735954344187095860e-11,8.218136270564644294e-15,3.585544989030402686e-04,-7.891911971557921679e-02,2.704128804838927565e-11,7.927767421460886477e-02,-8.966864496120173834e-11
1.833211859578330882e-01,-3.805063769847830124e-01,-2.124715549666095216e-02,-3.253769484970653325e-01,1.080144989390104280e-09,-1.266666535054866261e+00,3.805063764713053631e-01,7.221228499232489663e-18,1.286180140892380067e-05,-1.545531592533818006e-02,5.227762211393245665e-12,1.546817772673531391e-02,-1.750117564258275815e-11,8.768705756777515455e-15,3.694501276559626320e-04,-7.881887284749924949e-02,2.702105394141993997e-11,7.918832297529124209e-02,-8.957238813334931099e-11
1.849015410091937039e-01,-3.805063769847830124e-01,-2.124713470448656369e-02,-3.254014717677982671e-01,1.080153284845010435e-09,-1.266641990991959066e+00,3.805063764712775520e-01,2.152595899760808522e-17,1.345442375279443566e-05,-1.557979836895408490e-02,5.270449231936727712e-12,1.559325279269531059e-02,-1.764265593656870323e-11,9.337551234795260043e-15,3.805746020062248779e-04,-7.871840181521744251e-02,2.700104794029217235e-11,7.909897641736936269e-02,-8.947640200443088488e-11
1.864818960605543474e-01,-3.805063769847830124e-01,-2.124711296177042227e-02,-3.254261916394312615e-01,1.080161647735678303e-09,-1.266617249377609555e+00,3.805063764712495744e-01,3.674430852097580138e-17,1.406480957790638953e-05,-1.570412185354567308e-02,5.313104818269493492e-12,1.571818666311225118e-02,-1.778398475560604882e-11,9.924976437148372405e-15,3.919310112208195603e-04,-7.861770359318207002e-02,2.698127328124657321e-11,7.900963460455855125e-02,-8.938069161053788459e-11
1.880622511119149631e-01,-3.805063769847830124e-01,-2.124709024014900804e-02,-3.254511078604676033e-01,1.080170078012721065e-09,-1.266592310434952129e+00,3.805063764712213747e-01,5.290588042772313336e-17,1.469332787336806143e-05,-1.582828601767331811e-02,5.355729338560246284e-12,1.584297934553561063e-02,-1.792516253944623257e-11,1.053128630104894111e-14,4.035224576129658753e-04,-7.851677514306350247e-02,2.696173321397587106e-11,7.892029760084230683e-02,-8.928526200713895755e-11
1.896426061632755788e-01,-3.805063769847830124e-01,-2.124706651067178112e-02,-3.254762201788355958e-01,1.080178575627337548e-09,-1.266567174387106753e+00,3.805063764711929530e-01,7.004076092421351035e-17,1.534035254121413270e-05,-1.595229049508578925e-02,5.398323166123846529e-12,1.596763084761619947e-02,-1.806618973584520583e-11,1.115678694865702678e-14,4.153520563312885550e-04,-7.841561341396070806e-02,2.694243100140688610e-11,7.883096547046833380e-02,-8.919011826876064353e-11
1.912229612146362223e-01,-3.805063769847830124e-01,-2.124704174379339616e-02,-3.255015283418810634e-01,1.080187140531320697e-09,-1.266541841457183182e+00,3.805063764711642538e-01,8.817952092187791393e-17,1.600626241652404615e-05,-1.607613491470056416e-02,5.440886679442049506e-12,1.609214117710657324e-02,-1.820706680059335109e-11,1.180178566741302179e-14,4.274229351497008957e-04,-7.831421534260715744e-02,2.692336991948310454e-11,7.874163827794396220e-02,-8.909526548866872917e-11
1.928033162659968380e-01,-3.805063769847830124e-01,-2.124701590936592041e-02,-3.255270320963592479e-01,1.080195772677066064e-09,-1.266516311868277400e+00,3.805063764711353880e-01,1.073532178632714295e-16,1.669144128720879736e-05,-1.619981890058442078e-02,5.483420262183909392e-12,1.621651034186141413e-02,-1.834779419754478549e-11,1.246659089043561485e-14,4.397382342579881265e-04,-7.821257785357575709e-02,2.690455325694802509e-11,7.865231608803187335e-02,-8.900070877855076571e-11
1.943836713173574815e-01,-3.805063769847830124e-01,-2.124698897663096497e-02,-3.255527311884277575e-01,1.080204472017578828e-09,-1.266490585843474070e+00,3.805063764711062446e-01,1.275933975172076184e-16,1.739627791346744405e-05,-1.632334207193440745e-02,5.525924303225832736e-12,1.634073834983798545e-02,-1.848837239864627983e-11,1.315151217698551813e-14,4.523011060530938835e-04,-7.811069785948342170e-02,2.688598431512922930e-11,7.856299896574596431e-02,-8.890645326819977581e-11
1.959640263687180972e-01,-3.805063769847830124e-01,-2.124696091421182306e-02,-3.255786253636384076e-01,1.080213238506483522e-09,-1.266464663605844088e+00,3.805063764710769902e-01,1.489320957430675086e-16,1.812116604691426714e-05,-1.644670404305909051e-02,5.568399196671299123e-12,1.646482520909645433e-02,-1.862880188396558955e-11,1.385686019299475194e-14,4.651147149311076205e-04,-7.800857226119464749e-02,2.686766640772315304e-11,7.847368697634680978e-02,-8.881250410519883925e-11
1.975443814200787407e-01,-3.805063769847830124e-01,-2.124693169010556312e-02,-3.256047143669295596e-01,1.080222072098031475e-09,-1.266438545378446801e+00,3.805063764710473473e-01,1.714018402243920254e-16,1.886650444937780979e-05,-1.656990442336015237e-02,5.610845341870233679e-12,1.658877092780033577e-02,-1.876908314171932353e-11,1.458294669166150263e-14,4.781822370799511130e-04,-7.790619794802469689e-02,2.684960286058063670e-11,7.838438018533760987e-02,-8.871886645460685475e-11
1.991247364714393842e-01,-3.805063769847830124e-01,-2.124690127167509074e-02,-3.256309979426185164e-01,1.080230972747109290e-09,-1.266412231384327347e+00,3.805063764710176488e-01,1.950356521718575823e-16,1.963269691137276522e-05,-1.669294281731429491e-02,5.653263143438057269e-12,1.671257551421685694e-02,-1.890921666830032836e-11,1.533008449411041812e-14,4.915068602727655197e-04,-7.780357179794190892e-02,2.683179701149313775e-11,7.829507865845983239e-02,-8.862554549864534874e-11
2.007050915227999999e-01,-3.805063769847830124e-01,-2.124686962564120360e-02,-3.256574758343935838e-01,1.080239940409247324e-09,-1.266385721846518431e+00,3.805063764709876173e-01,2.198670479957399886e-16,2.042015227024596358e-05,-1.681581882445547585e-02,5.695653011274375606e-12,1.683623897671730416e-02,-1.904920296830456521e-11,1.609858747011824316e-14,5.050917836619955859e-04,-7.770069067776937122e-02,2.681425220997969946e-11,7.820578246168902181e-02,-8.853254643638634388e-11
2.022854465741606433e-01,-3.805063769847830124e-01,-2.124683671807458749e-02,-3.256841477853060773e-01,1.080248975040627132e-09,-1.266359016988039210e+00,3.805063764709574192e-01,2.459300409479719088e-16,2.122928442799746062e-05,-1.693853203935743318e-02,5.738015360581351710e-12,1.695976132377742876e-02,-1.918904255455745685e-11,1.688877051890484493e-14,5.189402175741726153e-04,-7.759755144338589816e-02,2.679697181707461747e-11,7.811649166123052490e-02,-8.843987448344109363e-11
2.038658016255212591e-01,-3.805063769847830124e-01,-2.124680251438780185e-02,-3.257110135377629945e-01,1.080258076598092012e-09,-1.266332117031895521e+00,3.805063764709269991e-01,2.732591427338895015e-16,2.206051236877783621e-05,-1.706108205161657038e-02,5.780350611881736667e-12,1.708314256397778716e-02,-1.932873594813983718e-11,1.770094954998935107e-14,5.330553833053936624e-04,-7.749415093992637060e-02,2.677995920511588516e-11,7.802720632351532737e-02,-8.834753487165035480e-11
2.054461566768819025e-01,-3.805063769847830124e-01,-2.124676697932723415e-02,-3.257380728335185771e-01,1.080267245039152799e-09,-1.266305022201079433e+00,3.805063764708963570e-01,3.018893650937844946e-16,2.291426017606291559e-05,-1.718346844583512265e-02,5.822659191036564348e-12,1.720638270600408429e-02,-1.946828367841331599e-11,1.853544146411160559e-14,5.474405129174972698e-04,-7.739048600198136785e-02,2.676321775753427227e-11,7.793792651519586279e-02,-8.825553284877515120e-11
2.070265117282425182e-01,-3.805063769847830124e-01,-2.124673007696503343e-02,-3.257653254136665955e-01,1.080276480321998407e-09,-1.266277732718569249e+00,3.805063764708654372e-01,3.318562213543463027e-16,2.379095704950676043e-05,-1.730569080160464929e-02,5.864941529262519777e-12,1.732948175864753443e-02,-1.960768628304518802e-11,1.939256413421847526e-14,5.620988490349336378e-04,-7.728655345379607799e-02,2.674675086864320162e-11,7.784865230314176598e-02,-8.816387367818893326e-11
2.086068667796031617e-01,-3.805063769847830124e-01,-2.124669177069099871e-02,-3.257927710186327985e-01,1.080285782405502865e-09,-1.266250248807329060e+00,3.805063764708343510e-01,3.631957279501185551e-16,2.469103732147439665e-05,-1.742774869348986608e-02,5.907198063148970653e-12,1.745243973080521857e-02,-1.974694430803291564e-11,2.027263638651545491e-14,5.770336446423309602e-04,-7.718235010946863928e-02,2.673056194342928501e-11,7.775938375443576522e-02,-8.807256263857070695e-11
2.101872218309638052e-01,-3.805063769847830124e-01,-2.124665202320447782e-02,-3.258204093881660324e-01,1.080295151249234824e-09,-1.266222570690309190e+00,3.805063764708029872e-01,3.959444059150534818e-16,2.561494047325503138e-05,-1.754964169101271357e-02,5.949429234674662825e-12,1.757525663148037584e-02,-1.988605830772802334e-11,2.117597798158292452e-14,5.922481628827533720e-04,-7.707787277314760710e-02,2.671465439734361527e-11,7.767012093636957437e-02,-8.798160502359927416e-11
2.117675768823244209e-01,-3.805063769847829569e-01,-2.124661079650618650e-02,-3.258482402613314677e-01,1.080304586813465420e-09,-1.266194698590445533e+00,3.805063764707715124e-01,4.301392823442774819e-16,2.656311115095700900e-05,-1.767136935863684172e-02,5.991635491224104770e-12,1.769793246978275045e-02,-2.002502884485956574e-11,2.210290959555744002e-14,6.077456768566531125e-04,-7.697311823922900476e-02,2.669903165609377871e-11,7.758086391643961854e-02,-8.789100614164826161e-11
2.133479319336850644e-01,-3.805063769847829569e-01,-2.124656805189006209e-02,-3.258762633765014405e-01,1.080314089059177371e-09,-1.266166632730659547e+00,3.805063764707397600e-01,4.658178918261670734e-16,2.753599918108563140e-05,-1.779293125575233045e-02,6.033817285603605527e-12,1.782046725492893516e-02,-2.016385649055715298e-11,2.305375280137774541e-14,6.235294694215147340e-04,-7.686808329255249983e-02,2.668369715543653336e-11,7.749161276234300955e-02,-8.780077131548268772e-11
2.149282869850456801e-01,-3.805063769847829569e-01,-2.124652374993504789e-02,-3.259044784713484022e-01,1.080323657948073042e-09,-1.266138373333857592e+00,3.805063764707077856e-01,5.030182778448411293e-16,2.853405958580494339e-05,-1.791432693666072593e-02,6.075975076056994359e-12,1.794286099624265232e-02,-2.030254182437340088e-11,2.402883005009551883e-14,6.396028329921905984e-04,-7.676276470859688672e-02,2.666865434097127873e-11,7.740236754197350744e-02,-8.771090588195604647e-11
2.165086420364063235e-01,-3.805063769847830124e-01,-2.124647785050556154e-02,-3.259328852828445866e-01,1.080333293442576099e-09,-1.266109920622932039e+00,3.805063764706755891e-01,5.417554963057608045e-16,2.955763187130259047e-05,-1.803555606899087671e-02,6.118109226351276701e-12,1.806511370085891674e-02,-2.044108534284462985e-11,2.481059055543788940e-14,6.548496819146768433e-04,-7.665825735104260519e-02,2.665298011068080270e-11,7.731310703335493584e-02,-8.762056715394979034e-11
2.180889970877669393e-01,-3.805063769847830124e-01,-2.124643031775197075e-02,-3.259614835521678078e-01,1.080342995501694779e-09,-1.266081274820854752e+00,3.805063764706431706e-01,5.804905081549063076e-16,3.059907355493772415e-05,-1.815662615055629175e-02,6.160213494416942095e-12,1.818722522410859063e-02,-2.057948149993285896e-11,2.420335876678908361e-14,6.631285533787265474e-04,-7.656058588116006203e-02,2.663159167889281352e-11,7.722371443493493415e-02,-8.752510527075122529e-11
2.196693521391275827e-01,-3.805063769847830124e-01,-2.124638112882809918e-02,-3.259902730332532861e-01,1.080352764073806188e-09,-1.266052436150845617e+00,3.805063764706105300e-01,6.182339642529114153e-16,3.165356893976206595e-05,-1.827754190615692512e-02,6.202283979162472580e-12,1.830919547509467227e-02,-2.071772689566554152e-11,2.355563104155153512e-14,6.713693644229822444e-04,-7.646295218998354348e-02,2.661022591320278834e-11,7.713432155480083596e-02,-8.742977313682738983e-11
2.212497071904881984e-01,-3.805063769847830124e-01,-2.124633026315268097e-02,-3.260192534822589638e-01,1.080362599105549319e-09,-1.266023404836164490e+00,3.805063764705776674e-01,6.549213559430002367e-16,3.272105655999710396e-05,-1.839830339679250290e-02,6.244320715893140312e-12,1.843102445335110737e-02,-2.085582173636075750e-11,2.286676082853517591e-14,6.795704481037619961e-04,-7.636535791808241047e-02,2.658888216148696803e-11,7.704492836657826638e-02,-8.733457235775500733e-11
2.228300622418488419e-01,-3.805063769847830124e-01,-2.124627770024366952e-02,-3.260484246554414267e-01,1.080372500543617757e-09,-1.265994181100073224e+00,3.805063764705445828e-01,6.904871516486799719e-16,3.380147231324345813e-05,-1.851891068605767549e-02,6.286323738883132774e-12,1.855271215837013890e-02,-2.099376623087710731e-11,2.213610014048625316e-14,6.877301346321904908e-04,-7.626780470883046115e-02,2.656755977099383445e-11,7.695553484385217469e-02,-8.723950454305419086e-11
2.244104172932094854e-01,-3.805063769847830124e-01,-2.124622341972241812e-02,-3.260777863091596784e-01,1.080382468334757614e-09,-1.265964765165833672e+00,3.805063764705113316e-01,7.248647946314319906e-16,3.489474945604369469e-05,-1.863936384014635780e-02,6.328293081374574541e-12,1.867425858960224117e-02,-2.113156059061985750e-11,2.136299958847493417e-14,6.958467514493751286e-04,-7.617029420833171249e-02,2.654625808836580781e-11,7.686614096016768094e-02,-8.714457130609696217e-11
2.259907723445701011e-01,-3.805063769847830124e-01,-2.124616740131784684e-02,-3.261073381998794152e-01,1.080392502425767737e-09,-1.265935157256709465e+00,3.805063764704778029e-01,7.579867008026609611e-16,3.600081859956400318e-05,-1.875966292785602105e-02,6.370228775576591849e-12,1.879566374645603305e-02,-2.126920502954695726e-11,2.054680841616216504e-14,7.039186233013178858e-04,-7.607282806534668151e-02,2.652497645966102477e-11,7.677674668903125554e-02,-8.704977426401631355e-11
2.275711273959307446e-01,-3.805063769847830124e-01,-2.124610962487063354e-02,-3.261370800841771334e-01,1.080402602763496186e-09,-1.265905357595964231e+00,3.805063764704441076e-01,7.897842565897020534e-16,3.711960770539409881e-05,-1.887980802059181090e-02,6.412130852664402217e-12,1.891692762829825722e-02,-2.140669976417491262e-11,1.968687453394604192e-14,7.119440723135648033e-04,-7.597540793121884684e-02,2.650371423037490328e-11,7.668735200391195439e-02,-8.695511503761556691e-11
2.291514824472913325e-01,-3.805063769847830124e-01,-2.124605007033738072e-02,-3.261670117187441820e-01,1.080412769294840448e-09,-1.265875366406864044e+00,3.805063764704101348e-01,8.201878168556917619e-16,3.825104208146462537e-05,-1.899979919237054782e-02,6.453999342778437182e-12,1.903805023445366215e-02,-2.154404501358450570e-11,1.878254455298798194e-14,7.199214180655912542e-04,-7.587803545980122133e-02,2.648247074546170747e-11,7.659795687824226540e-02,-8.686059525127781043e-11
2.307318374986519482e-01,-3.805063769847830124e-01,-2.124598871779484477e-02,-3.261971328603911480e-01,1.080423001966744125e-09,-1.265845183912674532e+00,3.805063764703759954e-01,8.491267028731239671e-16,3.939504437808221429e-05,-1.911963651982470994e-02,6.495834275023522386e-12,1.915903156420502643e-02,-2.168124099942642011e-11,1.783316381911864018e-14,7.278489776649260277e-04,-7.578071230738366026e-02,2.646124534935606080e-11,7.650856128541952406e-02,-8.676621653287616241e-11
2.323121925500125917e-01,-3.805063769847830124e-01,-2.124592554744412706e-02,-3.262274432660515755e-01,1.080433300726196313e-09,-1.265814810336663543e+00,3.805063764703416340e-01,8.765292003508866246e-16,4.055153458408120390e-05,-1.923932008220614193e-02,6.537635677468051208e-12,1.927987161679304076e-02,-2.181828794592661769e-11,1.683807644662386299e-14,7.357250658210109755e-04,-7.568344013261978087e-02,2.644003738599426209e-11,7.641916519880684322e-02,-8.667198051368369900e-11
2.338925476013732074e-01,-3.805063769847830124e-01,-2.124586053961486851e-02,-3.262579426927864068e-01,1.080443665520229121e-09,-1.265784245902099370e+00,3.805063764703070506e-01,9.023225575146031665e-16,4.172043002309203916e-05,-1.935884996138976730e-02,6.579403577143222200e-12,1.940057039141624903e-02,-2.195518607989169899e-11,1.579662535191068710e-14,7.435479949188001248e-04,-7.558622059645465907e-02,2.641884619883568239e-11,7.632976859173416784e-02,-8.657788882828436433e-11
2.354729026527338509e-01,-3.805063769847830124e-01,-2.124579367476948227e-02,-3.262886308977880345e-01,1.080454096295917467e-09,-1.265753490832252304e+00,3.805063764702721896e-01,9.264329832400838644e-16,4.290164534992580304e-05,-1.947822624187718621e-02,6.621138000042314503e-12,1.952112788723106909e-02,-2.209193563071404732e-11,1.470815228705360231e-14,7.513160750920974988e-04,-7.548905536205249844e-02,2.639767113088399054e-11,7.624037143749959333e-02,-8.648394311448367374e-11
2.370532577040944666e-01,-3.805063769847830124e-01,-2.124572493350737265e-02,-3.263195076383845761e-01,1.080464593000375558e-09,-1.265722545350393746e+00,3.805063764702371620e-01,9.487856452396931931e-16,4.409509254707429668e-05,-1.959744901080007207e-02,6.662838971119961637e-12,1.964154410335166093e-02,-2.222853683037684029e-11,1.357199787322118812e-14,7.590276142966308247e-04,-7.539194609472475717e-02,2.637651152470828508e-11,7.615097370937022603e-02,-8.639014501322001159e-11
2.386336127554551101e-01,-3.805063769847830124e-01,-2.124565429656915388e-02,-3.263505726720437594e-01,1.080475155580756892e-09,-1.265691409679796209e+00,3.805063764702019680e-01,9.693046683014520529e-16,4.530068092132547871e-05,-1.971651835792353688e-02,6.704506514291499613e-12,1.976181903884992666e-02,-2.236498991345893533e-11,1.238750163398338936e-14,7.666809183828666606e-04,-7.529489446185824719e-02,2.635536672246423577e-11,7.606157538058337664e-02,-8.629649616847616171e-11
2.402139678068157536e-01,-3.805063769847830124e-01,-2.124558174484087597e-02,-3.263818257563773084e-01,1.080485783984251778e-09,-1.265660084043734424e+00,3.805063764701664963e-01,9.879131325806830581e-16,4.651831710049387060e-05,-1.983543437564934397e-02,6.746140652432323118e-12,1.988195269275543423e-02,-2.250129511713962280e-11,1.115400202849920380e-14,7.742742911685641201e-04,-7.519790213284378855e-02,2.633423606591507658e-11,7.597217642434757334e-02,-8.620299822719116097e-11
2.417943228581763693e-01,-3.805063769847830124e-01,-2.124550725935828166e-02,-3.264132666491451618e-01,1.080496478158085679e-09,-1.265628568665484011e+00,3.805063764701308582e-01,1.004533071944007890e-15,4.774790503026517604e-05,-1.995419715901903396e-02,6.787741407377284524e-12,2.000194506405542083e-02,-2.263745268120320449e-11,9.870836484585504000e-15,7.818060345110666547e-04,-7.510097077900501628e-02,2.631311889645256308e-11,7.588277681384383855e-02,-8.610965283917247595e-11
2.433746779095370127e-01,-3.805063769847830124e-01,-2.124543082131102531e-02,-3.264448951082593586e-01,1.080507238049517973e-09,-1.265596863768322367e+00,3.805063764700949980e-01,1.019085472365513796e-15,4.898934597115518188e-05,-2.007280680571690498e-02,6.829308799920118730e-12,2.012179615169469582e-02,-2.277346284804350117e-11,8.537341431666564647e-15,7.892744483793359038e-04,-7.500410207352734004e-02,2.629201455511781024e-11,7.579337652222653543e-02,-8.601646165700859323e-11
2.449550329608976285e-01,-3.805063769847830124e-01,-2.124535241204693684e-02,-3.264767108917885907e-01,1.080518063605839883e-09,-1.265564969575529108e+00,3.805063764700589157e-01,1.031490270374894188e-15,5.024253849558213446e-05,-2.019126341607291319e-02,6.870842849812908409e-12,2.024150595457562679e-02,-2.290932586266811771e-11,7.152852333604798351e-15,7.966778309257220841e-04,-7.490729769138730620e-02,2.627092238262211095e-11,7.570397552262451979e-02,-8.592342633598162259e-11
2.465353880122582719e-01,-3.805063769847830124e-01,-2.124527201307625790e-02,-3.265087137579621990e-01,1.080528954774373034e-09,-1.265532886310384963e+00,3.805063764700226114e-01,1.041666351557383882e-15,5.150737848505242860e-05,-2.030956709306542401e-02,6.912343575765579136e-12,2.036107447155809103e-02,-2.304504197270267917e-11,5.716703721412614904e-15,8.040144785574790485e-04,-7.481055930928214026e-02,2.624984171936766394e-11,7.561457378814227803e-02,-8.583054853398059812e-11
2.481157430636188876e-01,-3.805063769847830124e-01,-2.124518960607590587e-02,-3.265409034651741704e-01,1.080539911502467999e-09,-1.265500614196172435e+00,3.805063764699860296e-01,1.049531549105295688e-15,5.278375912745902649e-05,-2.042771794232391830e-02,6.953810995445428441e-12,2.048050170145946508e-02,-2.318061142839487296e-11,4.228229225845847250e-15,8.112826860080168609e-04,-7.471388860555951139e-02,2.622877190546817257e-11,7.552517129186089861e-02,-8.573782991141490863e-11
2.496960981149795311e-01,-3.805063769847830124e-01,-2.124510517289372388e-02,-3.265732797719876901e-01,1.080550933737502236e-09,-1.265468153456176692e+00,3.805063764699492812e-01,1.055002642420968269e-15,5.407157091449241680e-05,-2.054571607213150422e-02,6.995245125476687182e-12,2.059978764305453458e-02,-2.331603448261835214e-11,2.686761609878410507e-15,8.184807464078965467e-04,-7.461728726014772717e-02,2.620771228076946291e-11,7.543576800683921002e-02,-8.564527213112794770e-11
2.512764531663401746e-01,-3.805063769847830124e-01,-2.124501869555275174e-02,-3.266058424371390823e-01,1.080562021426878845e-09,-1.265435504313684456e+00,3.805063764699123663e-01,1.057995355770949900e-15,5.537070163916336181e-05,-2.066356159342737364e-02,7.036645981440102718e-12,2.071893229507552198e-02,-2.345131139087650618e-11,1.091632801058812104e-15,8.256069513555652859e-04,-7.452075695448590054e-02,2.618666218486994033e-11,7.534636390611482160e-02,-8.555287685831125500e-11
2.528568082177007903e-01,-3.805063769847830124e-01,-2.124493015625549333e-02,-3.266385912195421959e-01,1.080573174518024502e-09,-1.265402666991984226e+00,3.805063764698751738e-01,1.058424356991216225e-15,5.668103639343736474e-05,-2.078125461980914745e-02,7.078013577872577833e-12,2.083793565621199287e-02,-2.358644241130613482e-11,-5.578260762514644717e-16,8.326595909878343246e-04,-7.442429937145458863e-02,2.616562095714098144e-11,7.525695896270503948e-02,-8.546064576041885129e-11
2.544371632690614060e-01,-3.805063769847830124e-01,-2.124483953738818057e-02,-3.266715258782922904e-01,1.080584392958388009e-09,-1.265369641714366722e+00,3.805063764698378148e-01,1.056203256243246256e-15,5.800245756598035595e-05,-2.089879526753509256e-02,7.119347928266818528e-12,2.095679772511088723e-02,-2.372142780468093448e-11,-2.262284668758052198e-15,8.396369540500984129e-04,-7.432791619530670912e-02,2.614458793674735833e-11,7.516755314960819889e-02,-8.536858050708206476e-11
2.560175183204220772e-01,-3.805063769847830124e-01,-2.124474682152505470e-02,-3.267046461726706985e-01,1.080595676695439053e-09,-1.265336428704125105e+00,3.805063764698001783e-01,1.051244604820768099e-15,5.933484484001494067e-05,-2.101618365552621048e-02,7.160649045071026261e-12,2.107551850037642227e-02,-2.385626783441487163e-11,-4.022413362231150292e-15,8.465373279662967692e-04,-7.423160911159847053e-02,2.612356246266743664e-11,7.507814643980441349e-02,-8.527668277002434431e-11
2.575978733717826930e-01,-3.805063769847830124e-01,-2.124465199143263719e-02,-3.267379518621488232e-01,1.080607025676666143e-09,-1.265303028184554535e+00,3.805063764697623752e-01,1.043459894006978952e-15,6.067807519128740469e-05,-2.113341990536828779e-02,7.201916939688624906e-12,2.119409798057014099e-02,-2.399096276656543658e-11,-5.838883249621413164e-15,8.533589989086174136e-04,-7.413537980712080200e-02,2.610254387371337688e-11,7.498873880625683830e-02,-8.518495422297673203e-11
2.591782284231433087e-01,-3.805063769847830124e-01,-2.124455503007400062e-02,-3.267714427063920235e-01,1.080618439849573913e-09,-1.265269440378952615e+00,3.805063764697243500e-01,1.032759553982071957e-15,6.203202288614402126e-05,-2.125050414131376270e-02,7.243151622478001456e-12,2.131253616421082200e-02,-2.412551286983672600e-11,-7.712366099292757248e-15,8.601002518669430275e-04,-7.403922996983097748e-02,2.608153150855128402e-11,7.489933022191259948e-02,-8.509339654159342616e-11
2.607585834745039244e-01,-3.805063769847830124e-01,-2.124445592061308813e-02,-3.268051184652643326e-01,1.080629919161683960e-09,-1.265235665510619389e+00,3.805063764696861028e-01,1.019052952780863792e-15,6.339655947971760094e-05,-2.136743649028350830e-02,7.284353102752300032e-12,2.143083304977447603e-02,-2.425991841558243502e-11,-9.643534323373328528e-15,8.667593707180419171e-04,-7.394316128878436478e-02,2.606052470572121813e-11,7.480992065970383520e-02,-8.500201140336778348e-11
2.623389385258645956e-01,-3.805063769847829569e-01,-2.124435464641894963e-02,-3.268389788988325106e-01,1.080641463560531524e-09,-1.265201703802857125e+00,3.805063764696476891e-01,1.002248395300350072e-15,6.477155381422282766e-05,-2.148421708186855350e-02,7.325521388779241748e-12,2.154898863569433554e-02,-2.439417967780870063e-11,-1.163306094622348892e-14,8.733346382945007206e-04,-7.384717545406660477e-02,2.603952280365718248e-11,7.472051009254873644e-02,-8.491080048754850267e-11
2.639192935772252113e-01,-3.805063769847829014e-01,-2.124425119107007168e-02,-3.268730237673702077e-01,1.080653072993663016e-09,-1.265167555478970529e+00,3.805063764696089978e-01,9.822531223570017699e-16,6.615687201736029281e-05,-2.160084604833161295e-02,7.366656487780962343e-12,2.166700292036081651e-02,-2.452829693317678683e-11,-1.368161957302110073e-14,8.798243364534013514e-04,-7.375127415672590170e-02,2.601852514070702753e-11,7.463109849335264334e-02,-8.481976547505628583e-11
2.654996486285858270e-01,-3.805063769847829014e-01,-2.124414553835864486e-02,-3.269072528313620163e-01,1.080664747408636425e-09,-1.265133220762267197e+00,3.805063764695701400e-01,9.589733097936111855e-16,6.755237750082898336e-05,-2.171732352460858939e-02,7.407758405933901512e-12,2.178487590212151853e-02,-2.466227046100569212e-11,-1.578988435846392069e-14,8.862267461447423953e-04,-7.365545908870568814e-02,2.599753105515222247e-11,7.454168583500891954e-02,-8.472890804840059053e-11
2.670800036799464983e-01,-3.805063769847829014e-01,-2.124403767229487289e-02,-3.269416658515081342e-01,1.080676486753018634e-09,-1.265098699876057387e+00,3.805063764695310602e-01,9.323140676355093575e-16,6.895793095894670239e-05,-2.183364964830988852e-02,7.448827148368703551e-12,2.190260757928117266e-02,-2.479610054327455355e-11,-1.795852997558891027e-14,8.925401474796032259e-04,-7.355973194277740101e-02,2.597653988522766239e-11,7.445227209040009009e-02,-8.463822989159698928e-11
2.686603587313071140e-01,-3.805063769847829014e-01,-2.124392757711124347e-02,-3.269762625887283614e-01,1.080688290974383348e-09,-1.265063993043653578e+00,3.805063764694917583e-01,9.021794392959691547e-16,7.037339036737797469e-05,-2.194982455972174090e-02,7.489862719170170501e-12,2.202019795010167619e-02,-2.492978746462501840e-11,-2.018823158470848039e-14,8.987628197980563694e-04,-7.346409441247367389e-02,2.595555096914132990e-11,7.436285723239888235e-02,-8.454773269008455490e-11
2.702407137826677297e-01,-3.805063769847829014e-01,-2.124381523726686857e-02,-3.270110428041659301e-01,1.080700160020310272e-09,-1.265029100488371361e+00,3.805063764694522899e-01,8.684724008306050096e-16,7.179861098196899018e-05,-2.206584840180731213e-02,7.530865121377226608e-12,2.213764701280202321e-02,-2.506333151236336703e-11,-2.247966480246310423e-14,9.048930417368194427e-04,-7.336854819202164035e-02,2.593456364509384052e-11,7.427344123386908636e-02,-8.445741813064360769e-11
2.718210688340283454e-01,-3.805063769847829014e-01,-2.124370063745173107e-02,-3.270460062591926120e-01,1.080712093838383038e-09,-1.264994022433529652e+00,3.805063764694125994e-01,8.310948602405864774e-16,7.323344533768946329e-05,-2.218172132020773679e-02,7.571834356982928015e-12,2.225495476555832894e-02,-2.519673297646261639e-11,-2.483350567099088650e-14,9.109290912966578344e-04,-7.327309497627651491e-02,2.591357725129803658e-11,7.418402406766674839e-02,-8.436728790131408310e-11
2.734014238853890166e-01,-3.805063769847829569e-01,-2.124358376259102496e-02,-3.270811527154122156e-01,1.080724092376187346e-09,-1.264958759102449370e+00,3.805063764693726314e-01,7.899476568244966074e-16,7.467774324768056788e-05,-2.229744346324308291e-02,7.612770426934491843e-12,2.237212120650380193e-02,-2.532999214956441673e-11,-2.725043062721294222e-14,9.168692459095295622e-04,-7.317773646065553472e-02,2.589259112599840971e-11,7.409460570664100354e-02,-8.427734369131369253e-11
2.749817789367496323e-01,-3.805063769847829569e-01,-2.124346459784944713e-02,-3.271164819346650265e-01,1.080736155581309930e-09,-1.264923310718454985e+00,3.805063764693324968e-01,7.449305605786107931e-16,7.613135180240906985e-05,-2.241301498191318464e-02,7.653673331133365661e-12,2.248914633372873714e-02,-2.546310932698087719e-11,-2.973111647223588352e-14,9.227117825054761014e-04,-7.308247434107199847e-02,2.587160460749047181e-11,7.400518612363519988e-02,-8.418758719095684668e-11
2.765621339881102481e-01,-3.805063769847829569e-01,-2.124334312863547861e-02,-3.271519936790322491e-01,1.080748283401336285e-09,-1.264887677504873853e+00,3.805063764692921402e-01,6.959422716454733362e-16,7.759411536892660017e-05,-2.252843602989836741e-02,7.694543068435317960e-12,2.260603014528051596e-02,-2.559608480669618141e-11,-3.227624034086924976e-14,9.284549775792611372e-04,-7.298731031386969381e-02,2.585061703414007098e-11,7.391576529148789765e-02,-8.409802009157359188e-11
2.781424890394708638e-01,-3.805063769847829569e-01,-2.124321934060573527e-02,-3.271876877108398918e-01,1.080760475783849216e-09,-1.264851859685036217e+00,3.805063764692515615e-01,6.428804198105269792e-16,7.906587559023443444e-05,-2.264370676356007583e-02,7.735379636650580322e-12,2.272277263916357842e-02,-2.572891888936820635e-11,-3.488647967126012138e-14,9.340971072567552875e-04,-7.289224607575735260e-02,2.582962774440262024e-11,7.382634318303368803e-02,-8.400864408542897291e-11
2.797228440908314795e-01,-3.805063769847829569e-01,-2.124309321966922487e-02,-3.272235637926632634e-01,1.080772732676427392e-09,-1.264815857482276318e+00,3.805063764692108164e-01,5.856415640466479891e-16,8.054647138475277588e-05,-2.275882734194140458e-02,7.776183032543978286e-12,2.283937381333943709e-02,-2.586161187832985996e-11,-3.756251217464281903e-14,9.396364473610652798e-04,-7.279728332374375832e-02,2.580863607684224223e-11,7.373691977110441442e-02,-8.391946086564283522e-11
2.813031991421920952e-01,-3.805063769847829569e-01,-2.124296475199168727e-02,-3.272596216873311925e-01,1.080785054026643693e-09,-1.264779671119930615e+00,3.805063764691699046e-01,5.241211921064115648e-16,8.203573894589429798e-05,-2.287379792676753204e-02,7.816953251835141372e-12,2.295583366572669093e-02,-2.599416407959043508e-11,-4.030501580520419299e-14,9.450712734784148458e-04,-7.270242375507258992e-02,2.578764137015087838e-11,7.364749502853003282e-02,-8.383047212610953673e-11
2.828835541935527664e-01,-3.805063769847829569e-01,-2.124283392399987924e-02,-3.272958611579302457e-01,1.080797439782063346e-09,-1.264743300821340233e+00,3.805063764691286599e-01,4.582137201618646194e-16,8.353351174174155366e-05,-2.298861868244599441e-02,7.857690289198705031e-12,2.307215219420095248e-02,-2.612657580183670480e-11,-4.311466873006492243e-14,9.503998610237666001e-04,-7.260766906715797331e-02,2.576664296316727207e-11,7.355806892813959719e-02,-8.374167956141853852e-11
2.844639092449133821e-01,-3.805063769847829569e-01,-2.124270072238589394e-02,-3.273322819678086693e-01,1.080809889890242066e-09,-1.264706746809847626e+00,3.805063764690873040e-01,3.878124924916631499e-16,8.503962051482838664e-05,-2.310328977606698059e-02,7.898394138264572368e-12,2.318832939659493803e-02,-2.625884735643402752e-11,-4.599214929937609566e-14,9.556204853062000813e-04,-7.251302095752001908e-02,2.574564019489594530e-11,7.346864144276227249e-02,-8.365308486677471108e-11
2.860442642962739979e-01,-3.805063769847829569e-01,-2.124256513411146990e-02,-3.273688838805811629e-01,1.080822404298724401e-09,-1.264670009308800580e+00,3.805063764690456707e-01,3.128097812153682555e-16,8.655389328202370486e-05,-2.321781137740335649e-02,7.939064791618169406e-12,2.330436527069839475e-02,-2.639097905742717733e-11,-4.893813601653088833e-14,9.607314215940275254e-04,-7.241848112372059609e-02,2.572463240452601706e-11,7.337921254522827841e-02,-8.356468973791937743e-11
2.876246193476346136e-01,-3.805063769847829569e-01,-2.124242714641228283e-02,-3.274056666601328214e-01,1.080834982955043527e-09,-1.264633088541549766e+00,3.805063764690038708e-01,2.330967860747355857e-16,8.807615533451861923e-05,-2.333218365891078297e-02,7.979702240800779512e-12,2.342025981425815973e-02,-2.652297122154122618e-11,-5.195330750849151629e-14,9.657309451796690543e-04,-7.232405126329959077e-02,2.570361893145003137e-11,7.328978220836986079e-02,-8.347649587105147236e-11
2.892049743989952848e-01,-3.805063769847829569e-01,-2.124228674680227885e-02,-3.274426300706231863e-01,1.080847625806717108e-09,-1.264595984731449407e+00,3.805063764689618488e-01,1.485636342618082504e-16,8.960622923791534814e-05,-2.344640679572752157e-02,8.020306476309850362e-12,2.353601302497810091e-02,-2.665482416818210930e-11,-5.503834249623083209e-14,9.706173314442659208e-04,-7.222973307371112484e-02,2.568259911528265611e-11,7.320035040502230472e-02,-8.338850496274908960e-11
2.907853294503559005e-01,-3.805063769847829014e-01,-2.124214392307795934e-02,-3.274797738764910204e-01,1.080860332801248127e-09,-1.264558698101857281e+00,3.805063764689196604e-01,5.909938029361242862e-17,9.114393483241872826e-05,-2.356048096567436162e-02,8.060877487599389753e-12,2.365162490051921779e-02,-2.678653821943723589e-11,-5.819391976528961255e-14,9.753888559220519772e-04,-7.213552825226016152e-02,2.566157229587933656e-11,7.311091710802483656e-02,-8.330071870989109352e-11
2.923656845017165162e-01,-3.805063769847829014e-01,-2.124199866332268649e-02,-3.275170978424579160e-01,1.080873103886121160e-09,-1.264521228876134940e+00,3.805063764688771388e-01,-3.540799406667531999e-17,9.268908923312833923e-05,-2.367440634925421783e-02,8.101415263080325884e-12,2.376709543849951645e-02,-2.691811370007582517e-11,-6.142071813644729097e-14,9.800437943644651519e-04,-7.204143849603948657e-02,2.564053781335488113e-11,7.302148229022160930e-02,-8.321313880957950627e-11
2.939460395530771875e-01,-3.805063769847829014e-01,-2.124185095591101316e-02,-3.275546017335330129e-01,1.080885939008801761e-09,-1.264483577277648152e+00,3.805063764688345618e-01,-1.350715798423349860e-16,9.424150683043282803e-05,-2.378818312965187004e-02,8.141919790120972646e-12,2.388242463649415878e-02,-2.704955093754933289e-11,-6.471941643650867701e-14,9.845804228040201840e-04,-7.194746550186655043e-02,2.561949500810193721e-11,7.293204592446261847e-02,-8.312576695906176581e-11
2.955263946044378032e-01,-3.805063769847829569e-01,-2.124170078951297114e-02,-3.275922853150171066e-01,1.080898838116735010e-09,-1.264445743529766242e+00,3.805063764687916517e-01,-2.400055408296009299e-16,9.580099929050385791e-05,-2.390181149273334221e-02,8.182391055047441592e-12,2.399761249203535840e-02,-2.718085026199141902e-11,-6.809069346920359741e-14,9.889970176179163804e-04,-7.185361096622107369e-02,2.559844322080944119e-11,7.284260798360477074e-02,-8.303860485565337153e-11
2.971067496557984189e-01,-3.805063769847829569e-01,-2.124154815309837324e-02,-3.276301483525067559e-01,1.080911801157344065e-09,-1.264407727855862085e+00,3.805063764687486860e-01,-3.503251135382874895e-16,9.736737555589144381e-05,-2.401529162704546180e-02,8.222829043144163776e-12,2.411265900261247777e-02,-2.731201200621822565e-11,-7.153522798620232242e-14,9.932918555914116172e-04,-7.175987658518241663e-02,2.557738179248097149e-11,7.275316844051268883e-02,-8.295165419666118911e-11
2.986871047071590346e-01,-3.805063769847829569e-01,-2.124139303594112238e-02,-3.276681906118985022e-01,1.080924828078026858e-09,-1.264369530479312997e+00,3.805063764687053318e-01,-4.661466070866863975e-16,9.894044184621823476e-05,-2.412862372381504097e-02,8.263233738654361501e-12,2.422756416567194496e-02,-2.744303650572807646e-11,-7.505369865824384990e-14,9.974632139809307130e-04,-7.166626405436755942e-02,2.555631006445302413e-11,7.266372726805973847e-02,-8.286491667930641938e-11
3.002674597585197058e-01,-3.805063769847829569e-01,-2.124123542762352407e-02,-3.277064118593934761e-01,1.080937918826156089e-09,-1.264331151623500293e+00,3.805063764686619221e-01,-5.875874030509207574e-16,1.005200016589743561e-04,-2.424180797694821740e-02,8.303605124780633165e-12,2.434232797861740627e-02,-2.757392409870147027e-11,-7.864678404637922433e-14,1.001509370576941131e-03,-7.157277506886904062e-02,2.553522737841324299e-11,7.257428443912897209e-02,-8.277839400064845884e-11
3.018478148098803215e-01,-3.805063769847829569e-01,-2.124107531804056426e-02,-3.277448118615011730e-01,1.080951073349077371e-09,-1.264292591511809505e+00,3.805063764686182348e-01,-7.147659552689623377e-16,1.021058557704104125e-04,-2.435484458302948629e-02,8.343943183685479940e-12,2.445695043880958056e-02,-2.770467512600064162e-11,-8.231516257332768171e-14,1.005428603766563272e-03,-7.147941132319342306e-02,2.551413307641853055e-11,7.248483992661397535e-02,-8.269208785750879913e-11
3.034281698612409373e-01,-3.805063769847829569e-01,-2.124091269740423574e-02,-3.277833903850438935e-01,1.080964291594107156e-09,-1.264253850367630383e+00,3.805063764685743255e-01,-8.478017895994515997e-16,1.036978022365300751e-04,-2.446773374132078099e-02,8.384247896491934235e-12,2.457143154356642226e-02,-2.783528993116917944e-11,-8.605951249494766537e-14,1.009219192595946137e-03,-7.138617451119966262e-02,2.549302650091313921e-11,7.239539370341994962e-02,-8.260599994639514606e-11
3.050085249126016085e-01,-3.805063769847829569e-01,-2.124074755624780902e-02,-3.278221471971610734e-01,1.080977573508530879e-09,-1.264214928414356676e+00,3.805063764685302496e-01,-9.868155036355354450e-16,1.052956363941805450e-04,-2.458047565376035581e-02,8.424519243284170391e-12,2.468577129016303814e-02,-2.796576886043145842e-11,-8.988051187182046580e-14,1.012879416832384531e-03,-7.129306632603810145e-02,2.547190699474667220e-11,7.230594574246450301e-02,-8.252013196342610747e-11
3.065888799639622242e-01,-3.805063769847829569e-01,-2.124057988543015876e-02,-3.278610820653133362e-01,1.080990919039602333e-09,-1.264175825875387016e+00,3.805063764684859517e-01,-1.131928766373870154e-15,1.068991508622411506e-04,-2.469307052496168969e-02,8.464757203108167069e-12,2.479996967583176018e-02,-2.809611226269197983e-11,-9.377883854094773418e-14,1.016407557026196206e-03,-7.120008846008948900e-02,2.545077390119197134e-11,7.221649601667860796e-02,-8.243448560425591973e-11
3.081692350153228399e-01,-3.805063769847830124e-01,-2.124040967614003114e-02,-3.279001947572866005e-01,1.081004328134540571e-09,-1.264136542974123589e+00,3.805063764684414318e-01,-1.283264317839010689e-15,1.085081355429095228e-04,-2.480551856221212270e-02,8.504961753972380949e-12,2.491402669776214204e-02,-2.822632048953453140e-11,-9.775517008756225102e-14,1.019801894572343152e-03,-7.110724260490414173e-02,2.542962656396302098e-11,7.212704449900764203e-02,-8.234906256399962671e-11
3.097495900666834556e-01,-3.805063769847829569e-01,-2.124023691990035295e-02,-3.279394850411967433e-01,1.081017800740529904e-09,-1.264097079933973689e+00,3.805063764683967453e-01,-1.440945968663322144e-15,1.101223776230851186e-04,-2.491781997547158276e-02,8.545132872848472132e-12,2.502794235310102158e-02,-2.835639389522134724e-11,-1.018101838170520889e-13,1.023060711771814563e-03,-7.101453045114160256e-02,2.540846432723268713e-11,7.203759116241212346e-02,-8.226386453715849134e-11
3.113299451180441269e-01,-3.805063769847829569e-01,-2.124006160857250941e-02,-3.279789526854934856e-01,1.081031336804716594e-09,-1.264057436978349047e+00,3.805063764683517813e-01,-1.605098599622604255e-15,1.117416615758490755e-04,-2.502997497737108681e-02,8.585270535672024689e-12,2.514171663895246531e-02,-2.848633283669200597e-11,-1.059445567269969321e-13,1.026182291892753506e-03,-7.092195368851048065e-02,2.538728653565044695e-11,7.194813597986871034e-02,-8.217889321754580786e-11
3.129103001694047426e-01,-3.805063769847829569e-01,-2.123988373436065322e-02,-3.280185974589646669e-01,1.081044936274209057e-09,-1.264017614330666284e+00,3.805063764683067062e-01,-1.775848161127643325e-15,1.133657691620412381e-04,-2.514198378321121086e-02,8.625374717343339916e-12,2.525534955237790369e-02,-2.861613767356235803e-11,-1.101589654793188764e-13,1.029164919231345936e-03,-7.082951400570829115e-02,2.536609253436002124e-11,7.185867892437117210e-02,-8.209415029821280449e-11
3.144906552207653583e-01,-3.805063769847829569e-01,-2.123970328981594768e-02,-3.280584191307404640e-01,1.081058599096074559e-09,-1.263977612214345569e+00,3.805063764682613536e-01,-1.953321672671805278e-15,1.149944794319323634e-04,-2.525384661096040720e-02,8.665445391728200506e-12,2.536884109039607219e-02,-2.874580876812318144e-11,-1.144540863725439331e-13,1.032006879172454265e-03,-7.073721309036189175e-02,2.534488166901694558e-11,7.176921996893120825e-02,-8.200963747137510197e-11
3.160710102721260295e-01,-3.805063769847829569e-01,-2.123952026784090008e-02,-3.280984174702975542e-01,1.081072325217337970e-09,-1.263937430852813515e+00,3.805063764682158345e-01,-2.137647222234901363e-15,1.166275687269925903e-04,-2.536556368125331834e-02,8.705482531658717117e-12,2.548219124998306676e-02,-2.887534648533888941e-11,-1.188305953141778124e-13,1.034706458250012192e-03,-7.064505262896787763e-02,2.532365328580605418e-11,7.167975908657935047e-02,-8.192535642833928830e-11
3.176513653234866452e-01,-3.805063769847830124e-01,-2.123933466169360823e-02,-3.281385922474637229e-01,1.081086114584981151e-09,-1.263897070469499839e+00,3.805063764681700933e-01,-2.328953965643483883e-15,1.182648106817549120e-04,-2.547713521738891040e-02,8.745486108934166859e-12,2.559540002807237855e-02,-2.900475119284596314e-11,-1.232891677931934076e-13,1.037261944207169091e-03,-7.055303430683344812e-02,2.530240673145890890e-11,7.159029625036592015e-02,-8.184130885942986838e-11
3.192317203748472609e-01,-3.805063769847830124e-01,-2.123914646499204528e-02,-3.281789432324213607e-01,1.081099967145939845e-09,-1.263856531287840923e+00,3.805063764681241856e-01,-2.527372125887756746e-15,1.199059762257735705e-04,-2.558856144532856147e-02,8.785456094321875411e-12,2.570846742155495634e-02,-2.913402326095140092e-11,-1.278304788526309303e-13,1.039671626056191739e-03,-7.046115980801730128e-02,2.528114135327115705e-11,7.150083143336187497e-02,-8.175749645391648503e-11
3.208120754262078766e-01,-3.805063769847830124e-01,-2.123895567171833407e-02,-3.282194701957122929e-01,1.081113882847103679e-09,-1.263815813531276255e+00,3.805063764680780003e-01,-2.733032992395253089e-15,1.215508335856766678e-04,-2.569984259369401114e-02,8.825392457558118511e-12,2.582139342727915107e-02,-2.926316306263091833e-11,-1.324552030623093937e-13,1.041933794138116907e-03,-7.036943081527093080e-02,2.525985649911981497e-11,7.141136460865975255e-02,-8.167392089994143731e-11
3.223924304775685479e-01,-3.805063769847830124e-01,-2.123876227622301452e-02,-3.282601729082416653e-01,1.081127861635313064e-09,-1.263774917423251321e+00,3.805063764680316485e-01,-2.946068920261505776e-15,1.231991482873133882e-04,-2.581097889376530660e-02,8.865295167349062234e-12,2.593417804205086497e-02,-2.939217097352721634e-11,-1.371640144916518819e-13,1.044046740182165856e-03,-7.027784900998010342e-02,2.523855151748046436e-11,7.132189574937451704e-02,-8.159058388444757359e-11
3.239727855289291636e-01,-3.805063769847830124e-01,-2.123856627322931456e-02,-3.283010511412822185e-01,1.081141903457357539e-09,-1.263733843187217376e+00,3.805063764679850746e-01,-3.166613329437824772e-15,1.248506831579944203e-04,-2.592197057947852323e-02,8.905164191371709721e-12,2.604682126263349259e-02,-2.952104737194792953e-11,-1.419575866826203001e-13,1.046008757364904913e-03,-7.018641607210648892e-02,2.521722575744439685e-11,7.123242482864443337e-02,-8.150748709310635273e-11
3.255531405802897793e-01,-3.805063769847830124e-01,-2.123836765783740019e-02,-3.283421046664785625e-01,1.081156008259976392e-09,-1.263692591046629010e+00,3.805063764679383342e-01,-3.394800703876425939e-15,1.265051983288258109e-04,-2.603281788742355801e-02,8.944999496274904462e-12,2.615932308574802148e-02,-2.964979263886361303e-11,-1.468365926227643519e-13,1.047818140369170771e-03,-7.009513368012978973e-02,2.519587856873571019e-11,7.114295181963201098e-02,-8.142463221024625416e-11
3.271334956316503950e-01,-3.805063769847830124e-01,-2.123816642552866021e-02,-3.283833332558512286e-01,1.081170175989853698e-09,-1.263651161224947472e+00,3.805063764678914273e-01,-3.630766590633024837e-15,1.281624512371358970e-04,-2.614352105684164540e-02,8.984801047680323883e-12,2.627168350807302169e-02,-2.977840715790554536e-11,-1.518017047183799730e-13,1.049473185442745130e-03,-7.000400351098977347e-02,2.517450930172825569e-11,7.105347669552479484e-02,-8.134202091878160159e-11
3.287138506830110662e-01,-3.805063769847830124e-01,-2.123796257216817654e-02,-3.284247366817992786e-01,1.081184406593619762e-09,-1.263609553945638897e+00,3.805063764678442428e-01,-3.874614625031044061e-15,1.298222383240158547e-04,-2.625408028871924551e-02,9.024568822704601179e-12,2.638390252703603014e-02,-2.990689123975685801e-11,-1.563332659963244953e-13,1.051630138763981655e-03,-6.991238177850404856e-02,2.515331489012039628e-11,7.096401191632274730e-02,-8.125846182667363732e-11
3.302942057343716264e-01,-3.805063769847830124e-01,-2.123775608968944684e-02,-3.284663147128667471e-01,1.081198700019145869e-09,-1.263567769432093035e+00,3.805063764677968363e-01,-4.120552308969485608e-15,1.314918102603455452e-04,-2.636448847129078954e-02,9.064305036760776535e-12,2.649598028154241322e-02,-3.003523167594744654e-11,-1.548972647645957096e-13,1.061285827384976640e-03,-6.981340444946299018e-02,2.513439635175305858e-11,7.087469027590805049e-02,-8.116126601580023666e-11
3.318745607857322977e-01,-3.805063769847830124e-01,-2.123754695661520669e-02,-3.285080671044435796e-01,1.081213056218390197e-09,-1.263525807907441845e+00,3.805063764677493188e-01,-4.364158527532901188e-15,1.331766822771455203e-04,-2.647474019530351649e-02,9.104011383889882189e-12,2.660791687757046303e-02,-3.016341840270498866e-11,-1.533825841692255710e-13,1.070992991726398263e-03,-6.971437745214979775e-02,2.511551712828153773e-11,7.078537044294211378e-02,-8.106393637875413734e-11
3.334549158370929134e-01,-3.805063769847830124e-01,-2.123733514870158878e-02,-3.285499936092075024e-01,1.081227475144201382e-09,-1.263483669594764214e+00,3.805063764677015237e-01,-4.605308357055922373e-15,1.348769357889592082e-04,-2.658483538220485567e-02,9.143687926134322105e-12,2.671971231798214372e-02,-3.029145120731259047e-11,-1.517884873730398553e-13,1.080751713569452028e-03,-6.961530071183658075e-02,2.509667710699062007e-11,7.069605242447812854e-02,-8.096647136674138556e-11
3.350352708884535291e-01,-3.805063769847830124e-01,-2.123712064157594337e-02,-3.285920939797123963e-01,1.081241956749526084e-09,-1.263441354717133702e+00,3.805063764676535620e-01,-4.843875710036308227e-15,1.365926523395291788e-04,-2.669477395332419192e-02,9.183334725358506166e-12,2.683136660565058756e-02,-3.041932987460701663e-11,-1.501142383373432626e-13,1.090562074637788353e-03,-6.951617415384600540e-02,2.507787617532458275e-11,7.060673622756251377e-02,-8.086886943266921493e-11
3.366156259398141448e-01,-3.805063769847830679e-01,-2.123690341073666138e-02,-3.286343679683872976e-01,1.081256500987408773e-09,-1.263398863497619429e+00,3.805063764676053784e-01,-5.079733336417540055e-15,1.383239136016988066e-04,-2.680455582987293500e-02,9.222951843249079585e-12,2.694287974346004644e-02,-3.054705418698148859e-11,-1.483591018481112658e-13,1.100424156588505203e-03,-6.941699770356010712e-02,2.505911422088386229e-11,7.051742185923438877e-02,-8.077112903119681469e-11
3.381959809911748160e-01,-3.805063769847830679e-01,-2.123668343155296276e-02,-3.286768153275368975e-01,1.081271107810990909e-09,-1.263356196159286293e+00,3.805063764675569726e-01,-5.312752824912723271e-15,1.400708013773003266e-04,-2.691418093294463063e-02,9.262539341315186249e-12,2.705425173430590566e-02,-3.067462392438843752e-11,-1.465223435420711395e-13,1.110338041003191938e-03,-6.931777128642874208e-02,2.504039113142173948e-11,7.042810932652515676e-02,-8.067324861878549041e-11
3.397763360425354318e-01,-3.805063769847830679e-01,-2.123646067926468137e-02,-3.287194358093410429e-01,1.081285777173510937e-09,-1.263313352925194089e+00,3.805063764675084004e-01,-5.542804604369617324e-15,1.418333975970282809e-04,-2.702364918351505066e-02,9.302097280888691670e-12,2.716548258109463196e-02,-3.080203886434239299e-11,-1.446032299326724473e-13,1.120303809379008921e-03,-6.921849482797805264e-02,2.502170679484109847e-11,7.033879863645817188e-02,-8.057522665374885065e-11
3.413566910938960475e-01,-3.805063769847830679e-01,-2.123623512898207763e-02,-3.287622291658544027e-01,1.081300509028304292e-09,-1.263270334018397945e+00,3.805063764674596616e-01,-5.769757945176596451e-15,1.436117843202991688e-04,-2.713296050244237700e-02,9.341625723124430167e-12,2.727657228674380471e-02,-3.092929878192302673e-11,-1.426010284359475936e-13,1.130321543119804008e-03,-6.911916825381909935e-02,2.500306109919113098e-11,7.024948979604832278e-02,-8.047706159630290303e-11
3.429370461452567187e-01,-3.805063769847830679e-01,-2.123600675568561996e-02,-3.288051951490068014e-01,1.081315303328802979e-09,-1.263227139661948994e+00,3.805063764674106452e-01,-5.993480960709433205e-15,1.454060437350967040e-04,-2.724211481046725017e-02,9.381124729000424588e-12,2.738752085418207777e-02,-3.105640344977807366e-11,-1.405150073962610770e-13,1.140391323527269792e-03,-6.901979148965621536e-02,2.498445393266411158e-11,7.016018281230164411e-02,-8.037875190861549126e-11
3.445174011966173344e-01,-3.805063769847830679e-01,-2.123577553422578701e-02,-3.288483335106026084e-01,1.081330160028535371e-09,-1.263183770078893486e+00,3.805063764673614624e-01,-6.213840608818647565e-15,1.472162581578038173e-04,-2.735111202821301907e-02,9.420594359318114108e-12,2.749832828634916904e-02,-3.118335263812658236e-11,-1.383444361119498671e-13,1.150513231792136409e-03,-6.892036446129540250e-02,2.496588518359210839e-11,7.007087769221487239e-02,-8.028029605485591297e-11
3.460977562479779501e-01,-3.805063769847830679e-01,-2.123554143932288724e-02,-3.288916440023203491e-01,1.081345079081125379e-09,-1.263140225492272783e+00,3.805063764673121129e-01,-6.430702693357337245e-15,1.490425100330201045e-04,-2.745995207618584510e-02,9.460034674702567484e-12,2.760899458619583621e-02,-3.131014611476200415e-11,-1.360885848608522567e-13,1.160687348985404467e-03,-6.882088709465276899e-02,2.494735474044381648e-11,6.998157444277514072e-02,-8.018169250124424043e-11
3.476781112993385658e-01,-3.805063769847831234e-01,-2.123530444556680566e-02,-3.289351263757133714e-01,1.081360060440293077e-09,-1.263096506125123808e+00,3.805063764672624860e-01,-6.643931865749209133e-15,1.508848819333657206e-04,-2.756863487477490687e-02,9.499445735602707624e-12,2.771951975668389065e-02,-3.143678364505557287e-11,-1.337467249257285699e-13,1.170913756049611577e-03,-6.872135931576286993e-02,2.492886249182132025e-11,6.989227307095952080e-02,-8.008293971610031805e-11
3.492584663506992371e-01,-3.805063769847831234e-01,-2.123506452741685813e-02,-3.289787803822086798e-01,1.081375104059853247e-09,-1.263052612200478597e+00,3.805063764672127480e-01,-6.853391626596742455e-15,1.527434565592716419e-04,-2.767716034425259791e-02,9.538827602291505458e-12,2.782990380078614878e-02,-3.156326499195960069e-11,-1.313181286195705205e-13,1.181192533790141825e-03,-6.862178105078695078e-02,2.491040832645688813e-11,6.980297358373466210e-02,-7.998403616989268231e-11
3.508388214020598528e-01,-3.805063769847831789e-01,-2.123482165920155193e-02,-3.290226057731073794e-01,1.081390209893716215e-09,-1.263008543941364525e+00,3.805063764671627324e-01,-7.058944327329234381e-15,1.546183167387557230e-04,-2.778552840477471059e-02,9.578180334866189963e-12,2.794014672148642520e-02,-3.168958991601089018e-11,-1.288020693108022012e-13,1.191523762866567764e-03,-6.852215222602131561e-02,2.489199213320980924e-11,6.971367598805641719e-02,-7.988498033528711995e-11
3.524191764534204685e-01,-3.805063769847831789e-01,-2.123457581511839498e-02,-3.290666022995843432e-01,1.081405377895887428e-09,-1.262964301570804526e+00,3.805063764671125504e-01,-7.260451171890634197e-15,1.565095454271860705e-04,-2.789373897638069630e-02,9.617503993248456573e-12,2.805024852177953262e-02,-3.181575817533434686e-11,-1.261978214483705295e-13,1.201907523784035130e-03,-6.842247276790543176e-02,2.487361380106319451e-11,6.962438029086942537e-02,-7.978577068719516134e-11
3.539995315047810842e-01,-3.805063769847831789e-01,-2.123432696923369806e-02,-3.291107697126877119e-01,1.081420608020466427e-09,-1.262919885311816426e+00,3.805063764670622017e-01,-7.457772218466857595e-15,1.584172257070294804e-04,-2.800179197899383549e-02,9.656798637184638432e-12,2.816020920467123337e-02,-3.194176952564644937e-11,-1.235046605867276277e-13,1.212343896884680947e-03,-6.832274260303020097e-02,2.485527321912085541e-11,6.953508649910675188e-02,-7.968640570282232840e-11
3.555798865561417554e-01,-3.805063769847831789e-01,-2.123407509548237357e-02,-3.291551077633393940e-01,1.081435900221646846e-09,-1.262875295387413610e+00,3.805063764670115756e-01,-7.650766381252570833e-15,1.603414407875875436e-04,-2.810968733242156375e-02,9.696064326245914805e-12,2.827002877317824972e-02,-3.206762372025898480e-11,-1.207218634107030891e-13,1.222832962339090012e-03,-6.822296165814623059e-02,2.483697027660414383e-11,6.944579461968952705e-02,-7.958688386171609819e-11
3.571602416075023712e-01,-3.805063769847831789e-01,-2.123382016766773434e-02,-3.291996162023341221e-01,1.081451254453717237e-09,-1.262830532020604357e+00,3.805063764669607829e-01,-7.839291432257192327e-15,1.622822740047187920e-04,-2.821742495635565923e-02,9.735301119828477484e-12,2.837970723032822926e-02,-3.219332051008276447e-11,-1.178487077602670673e-13,1.233374800137791282e-03,-6.812312986017168837e-02,2.481870486284881782e-11,6.935650465952652999e-02,-7.948720364581368547e-11
3.587405966588629869e-01,-3.805063769847831789e-01,-2.123356215946128542e-02,-3.292442947803397857e-01,1.081466670671059001e-09,-1.262785595434392061e+00,3.805063764669098791e-01,-8.023204003149875015e-15,1.642398088205471835e-04,-2.832500477037255132e-02,9.774509077153726274e-12,2.848924457915971362e-02,-3.231885964363144324e-11,-1.148844726551858261e-13,1.243969490082788088e-03,-6.802324713620068464e-02,2.480047686730193973e-11,6.926721662551378611e-02,-7.938736353948969605e-11
3.603209517102236581e-01,-3.805063769847831789e-01,-2.123330104440254024e-02,-3.292891432478971536e-01,1.081482148828147221e-09,-1.262740485851776118e+00,3.805063764668586979e-01,-8.202359587143433988e-15,1.662141288231576040e-04,-2.843242669393358790e-02,9.813688257268432165e-12,2.859864082272216279e-02,-3.244424086702540980e-11,-1.118284383195669899e-13,1.254617111779128460e-03,-6.792331341351108553e-02,2.478228617951878391e-11,6.917793052453431735e-02,-7.928736202960353464e-11
3.619013067615842738e-01,-3.805063769847832345e-01,-2.123303679589881934e-02,-3.293341613554193748e-01,1.081497688879550241e-09,-1.262695203495750373e+00,3.805063764668073500e-01,-8.376612540916980383e-15,1.682053177262782771e-04,-2.853969064638536834e-02,9.852838719044906971e-12,2.870789596407587532e-02,-3.256946392399574809e-11,-1.086798862062966867e-13,1.265317744626511670e-03,-6.782332861957277026e-02,2.476413268915971867e-11,6.908864636345760091e-02,-7.918719760554641191e-11
3.634816618129448895e-01,-3.805063769847832900e-01,-2.123276938722502491e-02,-3.293793488531923663e-01,1.081513290779929466e-09,-1.262649748589303567e+00,3.805063764667557802e-01,-8.545816086577023282e-15,1.702134593689491073e-04,-2.864679654695997946e-02,9.891960521181161657e-12,2.881701000629200218e-02,-3.269452855588824400e-11,-1.054380990213687634e-13,1.276071467810932069e-03,-6.772329268205536101e-02,2.474601628598716571e-11,6.899936414913937499e-02,-7.908686875928850675e-11
3.650620168643055052e-01,-3.805063769847832900e-01,-2.123249879152349501e-02,-3.294247054913740369e-01,1.081528954484038529e-09,-1.262604121355420439e+00,3.805063764667039883e-01,-8.709822313657019108e-15,1.722386377151778787e-04,-2.875374431477541876e-02,9.931053722201084053e-12,2.892598295245252943e-02,-3.281943450166759229e-11,-1.021023607481050877e-13,1.286878360296360001e-03,-6.762320552883638314e-02,2.472793685986250468e-11,6.891008388842102816e-02,-7.898637398542557268e-11
3.666423719156661765e-01,-3.805063769847832900e-01,-2.123222498180374687e-02,-3.294702310199945083e-01,1.081544679946724122e-09,-1.262558322017080403e+00,3.805063764666520298e-01,-8.868482181155021439e-15,1.742809368535822522e-04,-2.886053386883582345e-02,9.970118380454568104e-12,2.903481480565023309e-02,-3.294418149792146147e-11,-9.867195667126822358e-14,1.297738500816458937e-03,-6.752306708800905055e-02,2.470989430074308112e-11,6.882080558812950222e-02,-7.888571178122559609e-11
3.682227269670267922e-01,-3.805063769847832900e-01,-2.123194793094233118e-02,-3.295159251889557828e-01,1.081560467122923927e-09,-1.262512350797257765e+00,3.805063764665998494e-01,-9.021645519609461189e-15,1.763404409970199707e-04,-2.896716512803190410e-02,1.000915455411768027e-11,2.914350556898865491e-02,-3.306876927886484293e-11,-9.514617340106462600e-14,1.308651967866343796e-03,-6.742287728789023160e-02,2.469188849867912066e-11,6.873152925507675093e-02,-7.878488064667506655e-11
3.698030820183874079e-01,-3.805063769847832345e-01,-2.123166761168260655e-02,-3.295617877480317426e-01,1.081576315967668271e-09,-1.262466207918921945e+00,3.805063764665475023e-01,-9.169161033212670641e-15,1.784172344822048892e-04,-2.907363801114124305e-02,1.004816230119280008e-11,2.925205524558211964e-02,-3.319319757634434195e-11,-9.152429889704200198e-14,1.319618839694370292e-03,-6.732263605702812348e-02,2.467391934381073049e-11,6.864225489605937924e-02,-7.868387908452505344e-11
3.713834370697480791e-01,-3.805063769847832900e-01,-2.123138399663454870e-02,-3.296078184468674288e-01,1.081592226436078881e-09,-1.262419893605038146e+00,3.805063764664949333e-01,-9.310876301962144990e-15,1.805114017693106444e-04,-2.917995243682871762e-02,1.008714167950875748e-11,2.936046383855566572e-02,-3.331746611984259793e-11,-8.780562249187755627e-14,1.330639194293966546e-03,-6.722234332421032910e-02,2.465598672636490735e-11,6.855298251785839347e-02,-7.858270560033724370e-11
3.729637921211086948e-01,-3.805063769847832900e-01,-2.123109705827456659e-02,-3.296540170349798182e-01,1.081608198483368272e-09,-1.262373408078565795e+00,3.805063764664421422e-01,-9.446637783849307934e-15,1.826230274415614231e-04,-2.928610832364682975e-02,1.012609274672096689e-11,2.946873135104502439e-02,-3.344157463648274990e-11,-8.398943491505881316e-14,1.341713109395497455e-03,-6.712199901847139272e-02,2.463809053665253245e-11,6.846371212723870170e-02,-7.848135870252957888e-11
3.745441471724693105e-01,-3.805063769847832900e-01,-2.123080676894529076e-02,-3.297003832617566021e-01,1.081624232064840978e-09,-1.262326751562460325e+00,3.805063764663892401e-01,-9.576290817085598254e-15,1.847521962048097462e-04,-2.939210559003615011e-02,1.016501556031155970e-11,2.957685778619661282e-02,-3.356552285103301184e-11,-8.007502831645707754e-14,1.352840662458169819e-03,-6.702160306910066867e-02,2.462023066506538917e-11,6.837444373094885008e-02,-7.837983690242182772e-11
3.761245022238299263e-01,-3.805063769847833455e-01,-2.123051310085539642e-02,-3.297469168764565750e-01,1.081640327135890873e-09,-1.262279924279670285e+00,3.805063764663361159e-01,-9.699679622365748042e-15,1.868989928871016770e-04,-2.949794415432570316e-02,1.020391017758951030e-11,2.968484314716750977e-02,-3.368931048591125447e-11,-7.606169628979371175e-14,1.364021930661971950e-03,-6.692115540564992637e-02,2.460240700207321296e-11,6.828517733572064818e-02,-7.827813871428078372e-11
3.777048572751905975e-01,-3.805063769847834010e-01,-2.123021602607940567e-02,-3.297936176282096898e-01,1.081656483652003232e-09,-1.262232926453141335e+00,3.805063764662827697e-01,-9.816647305168039569e-15,1.890635024382290993e-04,-2.960362393473339043e-02,1.024277665569075885e-11,2.979268743712541051e-02,-3.381293726118974868e-11,-7.194873389599890027e-14,1.375256990899649708e-03,-6.682065595794105251e-02,2.458461943822072512e-11,6.819591294826871097e-02,-7.817626265536537240e-11
3.792852123265511577e-01,-3.805063769847834010e-01,-2.122991551655749667e-02,-3.298404852660161701e-01,1.081672701568753285e-09,-1.262185758305812699e+00,3.805063764662292569e-01,-9.927035858091411425e-15,1.912458099292694202e-04,-2.970914484936642078e-02,1.028161505157831467e-11,2.990039065924859213e-02,-3.393640289459985712e-11,-6.773543768646343211e-14,1.386545919768721134e-03,-6.672010465607379481e-02,2.456686786412471509e-11,6.810665057529029232e-02,-7.807420724597165507e-11
3.808655673779117734e-01,-3.805063769847834010e-01,-2.122961154409529899e-02,-3.298875195387470094e-01,1.081688980841805807e-09,-1.262138420060620048e+00,3.805063764661754666e-01,-1.003068616322921829e-14,1.934460005521130199e-04,-2.981450681622178911e-02,1.032042542204239034e-11,3.000795281672594128e-02,-3.405970710153697147e-11,-6.342110572618380412e-14,1.397888793563529033e-03,-6.661950143043313122e-02,2.454915217047108386e-11,6.801739022346471597e-02,-7.797197100947734148e-11
3.824459224292724446e-01,-3.805063769847834010e-01,-2.122930408036371661e-02,-3.299347201951433606e-01,1.081705321426915319e-09,-1.262090911940492166e+00,3.805063764661215653e-01,-1.012743799457947710e-14,1.956641596189775565e-04,-2.991970975318666154e-02,1.035920782370049380e-11,3.011537391275685357e-02,-3.418284959506532043e-11,-5.900503761679983710e-14,1.409285688267323481e-03,-6.651884621169701362e-02,2.453147224801198768e-11,6.792813189945320906e-02,-7.786955247238640587e-11
3.840262774806330603e-01,-3.805063769847834565e-01,-2.122899309689874059e-02,-3.299820869838164805e-01,1.081721723279926508e-09,-1.262043234168353845e+00,3.805063764660674419e-01,-1.021713002049145130e-14,1.979003725619101004e-04,-3.002475357803890965e-02,1.039796231299752044e-11,3.022265395055124745e-02,-3.430583008592300388e-11,-5.448653451952688133e-14,1.420736679544389426e-03,-6.641813893084383413e-02,2.451382798756287180e-11,6.783887560989844412e-02,-7.776695016437322485e-11
3.856066325319936761e-01,-3.805063769847834565e-01,-2.122867856510125134e-02,-3.300296196532478965e-01,1.081738186356771533e-09,-1.261995386967124988e+00,3.805063764660131520e-01,-1.029959980614836494e-14,2.001547249322769900e-04,-3.012963820844756849e-02,1.043668894620587907e-11,3.032979293332951909e-02,-3.442864828252699474e-11,-4.986489917798064854e-14,1.432241842732204879e-03,-6.631737951915990525e-02,2.449621927999966257e-11,6.774962136142423375e-02,-7.766416261832674104e-11
3.871869875833543473e-01,-3.805063769847834010e-01,-2.122836045623683471e-02,-3.300773179517885736e-01,1.081754710613472922e-09,-1.261947370559720394e+00,3.805063764659586401e-01,-1.037468381608615664e-14,2.024273024002411919e-04,-3.023436356197333960e-02,1.047538777942556308e-11,3.043679086432253197e-02,-3.455130389097832177e-11,-4.513943594089512485e-14,1.443801252833640941e-03,-6.621656790824696770e-02,2.447864601625584005e-11,6.766036916063515594e-02,-7.756118837039429075e-11
3.887673426347149630e-01,-3.805063769847835120e-01,-2.122803874143559116e-02,-3.301251816276594142e-01,1.081771296006140680e-09,-1.261899185169048199e+00,3.805063764659039061e-01,-1.044221741674798637e-14,2.047181907542273830e-04,-3.033892955606905598e-02,1.051405886858424246e-11,3.054364774677154754e-02,-3.467379661506715544e-11,-4.030945078473569150e-14,1.455414984509190244e-03,-6.611570403002946239e-02,2.446110808731958483e-11,6.757111901411616550e-02,-7.745802596002513435e-11
3.903476976860755787e-01,-3.805063769847835120e-01,-2.122771339169195540e-02,-3.301732104289505365e-01,1.081787942490973733e-09,-1.261850831018013652e+00,3.805063764658490610e-01,-1.050203487907443965e-14,2.070274759003745636e-04,-3.044333610808025448e-02,1.055270226943735918e-11,3.065036358392824595e-02,-3.479612615627817169e-11,-3.537425133620504876e-14,1.467083112069242010e-03,-6.601478781676212160e-02,2.444360538423097985e-11,6.748187092843238588e-02,-7.735467393001415466e-11
3.919280527374361944e-01,-3.805063769847835120e-01,-2.122738437786450202e-02,-3.302214041036214409e-01,1.081804650024258478e-09,-1.261802308329515343e+00,3.805063764657939385e-01,-1.055396938112920381e-14,2.093552438619768262e-04,-3.054758313524566851e-02,1.059131803756819012e-11,3.075693837905464634e-02,-3.491829221379576703e-11,-3.033314689464391847e-14,1.478805709466384649e-03,-6.591381920103718539e-02,2.442613779807914435e-11,6.739262491012867895e-02,-7.725113082654480574e-11
3.935084077887968657e-01,-3.805063769847835675e-01,-2.122705167067577212e-02,-3.302697623995008991e-01,1.081821418562368792e-09,-1.261753617326447197e+00,3.805063764657387049e-01,-1.059785301076005671e-14,2.117015807789120890e-04,-3.065167055469775539e-02,1.062990622838793603e-11,3.086337213542309291e-02,-3.504029448450953861e-11,-2.518544845432493163e-14,1.490582850287749776e-03,-6.581279811579174299e-02,2.440870521999940338e-11,6.730338096572920092e-02,-7.714739519923239768e-11
3.950887628401574814e-01,-3.805063769847835675e-01,-2.122671524071208932e-02,-3.303182850642862878e-01,1.081838248061767263e-09,-1.261704758231698031e+00,3.805063764656831937e-01,-1.063351676829501507e-14,2.140665729070577927e-04,-3.075559828346330002e-02,1.066846689713578768e-11,3.096966485631625146e-02,-3.516213266301966093e-11,-1.993046872664261039e-14,1.502414607747391134e-03,-6.571172449431503249e-02,2.439130754117054126e-11,6.721413910173730522e-02,-7.704346560116672227e-11
3.966691178915180971e-01,-3.805063769847835120e-01,-2.122637505842335168e-02,-3.303669718455442550e-01,1.081855138479001886e-09,-1.261655731268151559e+00,3.805063764656275160e-01,-1.066079056927344660e-14,2.164503066176962965e-04,-3.085936623846390753e-02,1.070700009887899213e-11,3.107581654502701574e-02,-3.528380644164249511e-11,-1.456752216219549388e-14,1.514301054678699734e-03,-6.561059827025565727e-02,2.437394465281195172e-11,6.712489932463500120e-02,-7.693934058895485958e-11
3.982494729428787683e-01,-3.805063769847835675e-01,-2.122603109412288247e-02,-3.304158224907095542e-01,1.081872089770709166e-09,-1.261606536658685940e+00,3.805063764655716718e-01,-1.067950324721202780e-14,2.188528683969065327e-04,-3.096297433651665904e-02,1.074550588851291413e-11,3.118182720485851780e-02,-3.540531551041609482e-11,-9.095924972764965746e-15,1.526242263526854338e-03,-6.550941937762889966e-02,2.435661644618090110e-11,6.703566164088267665e-02,-7.683501872276346757e-11
3.998298279942393840e-01,-3.805063769847835675e-01,-2.122568331798723937e-02,-3.304648367470857662e-01,1.081889101893611219e-09,-1.261557174626174005e+00,3.805063764655156611e-01,-1.068948255640532477e-14,2.212743448449447912e-04,-3.106642249433460776e-02,1.078398432076109269e-11,3.128769683912410032e-02,-3.552665955710593195e-11,-3.514995153188087285e-15,1.538238306341309673e-03,-6.540818775082370140e-02,2.433932281256975271e-11,6.694642605691883408e-02,-7.673049856636114928e-11
4.014101830455999997e-01,-3.805063769847836230e-01,-2.122533170005601669e-02,-3.305140143618447990e-01,1.081906174804516811e-09,-1.261507645393483923e+00,3.805063764654593728e-01,-1.069055517476086470e-14,2.237148226756135517e-04,-3.116971062852743474e-02,1.082243545017529754e-11,3.139342545114721938e-02,-3.564783826721058993e-11,2.175947496875792750e-15,1.550289254768318905e-03,-6.530690332461001890e-02,2.432206364330319781e-11,6.685719257915957725e-02,-7.662577868716023831e-11
4.029905380969606155e-01,-3.805063769847836785e-01,-2.122497621023169967e-02,-3.305633550820262778e-01,1.081923308460320732e-09,-1.261457949183478089e+00,3.805063764654029734e-01,-1.068254670666853371e-14,2.261743887156184160e-04,-3.127283865560204212e-02,1.086085933113557771e-11,3.149901304426151044e-02,-3.576885132396756042e-11,7.977581351281112779e-15,1.562395180043495797e-03,-6.520556603414577601e-02,2.430483882973555427e-11,6.676796121399852790e-02,-7.652085765625884293e-11
4.045708931483212867e-01,-3.805063769847836230e-01,-2.122461681827944591e-02,-3.306128586545382109e-01,1.081940502818003593e-09,-1.261408086219014235e+00,3.805063764653463521e-01,-1.066528168590412622e-14,2.286531299039130602e-04,-3.137580649196317073e-02,1.089925601785030504e-11,3.160445962181065299e-02,-3.588969840835909178e-11,1.389058293583892957e-14,1.574556152984407653e-03,-6.510417581498405271e-02,2.428764826324803302e-11,6.667873196780629841e-02,-7.641573404848236015e-11
4.061512481996819024e-01,-3.805063769847836785e-01,-2.122425349382695350e-02,-3.306625248261563232e-01,1.081957757834631205e-09,-1.261358056722943655e+00,3.805063764652895086e-01,-1.063858357856686569e-14,2.311511332910328028e-04,-3.147861405391401413e-02,1.093762556435620660e-11,3.170976518714838099e-02,-3.601037919911814734e-11,1.991562690686358559e-14,1.586772243983207084e-03,-6.500273260308002399e-02,2.427049183524599156e-11,6.658950484693024197e-02,-7.631040644242493819e-11
4.077316032510425181e-01,-3.805063769847836785e-01,-2.122388620636424944e-02,-3.307123533435237794e-01,1.081975073467355612e-09,-1.261307860918113422e+00,3.805063764652324987e-01,-1.060227478605075813e-14,2.336684860384167887e-04,-3.158126125765690212e-02,1.097596802451842761e-11,3.181492974363846898e-02,-3.613089337273435722e-11,2.605338602982405980e-14,1.599043522999302365e-03,-6.490123633479800980e-02,2.425336943715630702e-11,6.650027985769409178e-02,-7.620487342049056406e-11
4.093119583024031893e-01,-3.805063769847836785e-01,-2.122351492524351957e-02,-3.307623439531515719e-01,1.081992449673413025e-09,-1.261257499027365059e+00,3.805063764651753222e-01,-1.055617664804960619e-14,2.362052754177179485e-04,-3.168374801929389750e-02,1.101428345203052178e-11,3.191995329465462106e-02,-3.625124060346007355e-11,3.230453115809962476e-14,1.611370059552055551e-03,-6.479968694691851105e-02,2.423628096042461995e-11,6.641105700639771126e-02,-7.609913356893422876e-11
4.108923133537638051e-01,-3.805063769847836785e-01,-2.122313961967896290e-02,-3.308124964014177438e-01,1.082009886410124438e-09,-1.261206971273534538e+00,3.805063764651179237e-01,-1.050010944559549635e-14,2.387615888101021159e-04,-3.178607425482750382e-02,1.105257190041451757e-11,3.202483584358051943e-02,-3.637142056331651617e-11,3.866973121184020770e-14,1.623751922713528081e-03,-6.469808437664503753e-02,2.421922629651271385e-11,6.632183629931663604e-02,-7.599318547790264003e-11
4.124726684051244208e-01,-3.805063769847836785e-01,-2.122276025874658342e-02,-3.308628104345675558e-01,1.082027383634895842e-09,-1.261156277879452503e+00,3.805063764650604141e-01,-1.043389240413064214e-14,2.413375137055350568e-04,-3.188823988016132455e-02,1.109083342302091815e-11,3.212957739380973426e-02,-3.649143292209993124e-11,4.514965315692974837e-14,1.636189181101248714e-03,-6.459642856161110225e-02,2.420220533689584297e-11,6.623261774270196300e-02,-7.588702774147488347e-11
4.140530234564850365e-01,-3.805063769847837896e-01,-2.122237681138403748e-02,-3.309132857987134857e-01,1.082044941305216148e-09,-1.261105419067943822e+00,3.805063764650025715e-01,-1.035734369661235016e-14,2.439331377020589810e-04,-3.199024481110072232e-02,1.112906807302873374e-11,3.223417794874566811e-02,-3.661127734738784033e-11,5.174496198405538426e-14,1.648681902871030908e-03,-6.449471943988695222e-02,2.418521797306007633e-11,6.614340134277975347e-02,-7.578065895770269590e-11
4.156333785078457077e-01,-3.805063769847837341e-01,-2.122198924639047066e-02,-3.309639222398347291e-01,1.082062559378659885e-09,-1.261054395061829370e+00,3.805063764649446734e-01,-1.027028044665101097e-14,2.465485485050567210e-04,-3.209208896335357525e-02,1.116727590344547999e-11,3.233863751180158369e-02,-3.673095350454535415e-11,5.845632068787850920e-14,1.661230155709812317e-03,-6.439295694998663222e-02,2.416826409649967396e-11,6.605418710575094998e-02,-7.567407772865086796e-11
4.172137335592063234e-01,-3.805063769847837896e-01,-2.122159753242632008e-02,-3.310147195037771994e-01,1.082080237812883883e-09,-1.261003206083922690e+00,3.805063764648864977e-01,-1.017251873168093648e-14,2.491838339265054761e-04,-3.219377225253092917e-02,1.120545696710721351e-11,3.244295608640049289e-02,-3.685046105673156379e-11,6.528439024631113233e-14,1.673834006828544586e-03,-6.429114103087454901e-02,2.415134359871448905e-11,6.596497503779097382e-02,-7.556728266043714263e-11
4.187940886105669391e-01,-3.805063769847837896e-01,-2.122120163801318252e-02,-3.310656773362532501e-01,1.082097976565628725e-09,-1.260951852357033554e+00,3.805063764648281555e-01,-1.006387358616381845e-14,2.518390818842188733e-04,-3.229529459414771236e-02,1.124361131667851573e-11,3.254713367597515672e-02,-3.696979966490593201e-11,7.222982959989428413e-14,1.686493522955102463e-03,-6.418927162197239633e-02,2.413445637120732162e-11,6.587576514504933645e-02,-7.546027236327195871e-11
4.203744436619276104e-01,-3.805063769847837896e-01,-2.122080153153361667e-02,-3.311167954828420079e-01,1.082115775594718541e-09,-1.260900334103965736e+00,3.805063764647696467e-01,-9.944159004824733678e-15,2.545143804010775094e-04,-3.239665590362351966e-02,1.128173900465250258e-11,3.265117028396803678e-02,-3.708896898783483958e-11,7.929329563128123364e-14,1.699208770327241894e-03,-6.408734866316581624e-02,2.411760230548136914e-11,6.578655743364947295e-02,-7.535304545149820716e-11
4.219547987132882261e-01,-3.805063769847837896e-01,-2.122039718123100091e-02,-3.311680736889883181e-01,1.082133634858059762e-09,-1.260848651547516575e+00,3.805063764647109714e-01,-9.813187945920502060e-15,2.572098176042499247e-04,-3.249785609628329242e-02,1.131984008335083580e-11,3.275506591383126054e-02,-3.720796868209815101e-11,8.647544314482342166e-14,1.711979814685589581e-03,-6.398537209481111598e-02,2.410078129303762539e-11,6.569735190968831184e-02,-7.524560054363054803e-11
4.235351537646488418e-01,-3.805063769847838451e-01,-2.121998855520936325e-02,-3.312195117000036881e-01,1.082151554313641541e-09,-1.260796804910479629e+00,3.805063764646520186e-01,-9.670772334540171730e-15,2.599254817244001049e-04,-3.259889508735808183e-02,1.135791460492370035e-11,3.285882056902653114e-02,-3.732679840209575450e-11,9.377692484625927410e-14,1.724806721266660499e-03,-6.388334185774191543e-02,2.408399322537231821e-11,6.560814857923599752e-02,-7.513793626239454647e-11
4.251155088160094575e-01,-3.805063769847839006e-01,-2.121957562143319057e-02,-3.312711092610652330e-01,1.082169533919534919e-09,-1.260744794415642023e+00,3.805063764645929547e-01,-9.516723065937590366e-15,2.626614610948864188e-04,-3.269977279198585385e-02,1.139596262134979629e-11,3.296243425302518293e-02,-3.744545780005435381e-11,1.011983913225055545e-13,1.737689554795924206e-03,-6.378125789327582229e-02,2.406723799397435032e-11,6.551894744833564044e-02,-7.503005123476584745e-11
4.266958638673701287e-01,-3.805063769847839006e-01,-2.121915834772732795e-02,-3.313228661172159528e-01,1.082187573633893656e-09,-1.260692620285785548e+00,3.805063764645337243e-01,-9.350850008895747061e-15,2.654178441509479243e-04,-3.280048912521218302e-02,1.143398418443633719e-11,3.306590696930800793e-02,-3.756394652603416975e-11,1.087404910215541339e-13,1.750628379480895225e-03,-6.367912014322101022e-02,2.405051549032277587e-11,6.542974852300284527e-02,-7.492194409200884648e-11
4.282762189187307444e-01,-3.805063769847839006e-01,-2.121873670177674975e-02,-3.313747820133646216e-01,1.082205673414952990e-09,-1.260640282743686447e+00,3.805063764644742164e-01,-9.172962009122902139e-15,2.681947194288805377e-04,-3.290104400199108520e-02,1.147197934581902588e-11,3.316923872136536000e-02,-3.768226422793573855e-11,1.164038702324678538e-13,1.763623259004264837e-03,-6.357692854988274134e-02,2.403382560588426064e-11,6.534055180922565542e-02,-7.481361346971539905e-11
4.298565739700913602e-01,-3.805063769847839006e-01,-2.121831065112644507e-02,-3.314268566942854544e-01,1.082223833221029427e-09,-1.260587782012115410e+00,3.805063764644145974e-01,-8.982866892680164128e-15,2.709921755652024687e-04,-3.300143733718581551e-02,1.150994815696203024e-11,3.327242951269696741e-02,-3.780041055150679430e-11,1.241891730654814784e-13,1.776674256517064973e-03,-6.347468305606998595e-02,2.401716823211057796e-11,6.525135731296401176e-02,-7.470505800784312948e-11
4.314369290214519759e-01,-3.805063769847839006e-01,-2.121788016318125122e-02,-3.314790899046179407e-01,1.082242053010520541e-09,-1.260535118313837799e+00,3.805063764643547564e-01,-8.780371469440509139e-15,2.738103012958078382e-04,-3.310166904556960388e-02,1.154789066915795732e-11,3.337547934681200229e-02,-3.791838514034917714e-11,1.320970414322032170e-13,1.789781434631867660e-03,-6.337238360510176471e-02,2.400054326043608512e-11,6.516216504014958610e-02,-7.459627635075371381e-11
4.330172840728126471e-01,-3.805063769847839561e-01,-2.121744520520568375e-02,-3.315314813888671774e-01,1.082260332741905378e-09,-1.260482291871613203e+00,3.805063764642947488e-01,-8.565281536578901885e-15,2.766491854551115137e-04,-3.320173904182656399e-02,1.158580693352782754e-11,3.347838822722894875e-02,-3.803618763592587728e-11,1.401281150259217644e-13,1.802944855416023506e-03,-6.327003014081382382e-02,2.398395058227526769e-11,6.507297499668542040e-02,-7.448726714725094308e-11
4.345976391241732628e-01,-3.805063769847839006e-01,-2.121700574432379763e-02,-3.315840308914029255e-01,1.082278672373743432e-09,-1.260429302908195437e+00,3.805063764642345192e-01,-8.337401882093589321e-15,2.795089169751813142e-04,-3.330164724055243580e-02,1.162369700102104715e-11,3.358115615747563759e-02,-3.815381767756804013e-11,1.482830313020117914e-13,1.816164580384930539e-03,-6.316762260756490777e-02,2.396739008902025474e-11,6.498378718844564916e-02,-7.437802905061843761e-11
4.361779941755338785e-01,-3.805063769847840116e-01,-2.121656174751902421e-02,-3.316367381564601646e-01,1.082297071864674224e-09,-1.260376151646333653e+00,3.805063764641741231e-01,-8.096536288358202464e-15,2.823895848848605649e-04,-3.340139355625541817e-02,1.166156092241535500e-11,3.368378314108912142e-02,-3.827127490248206848e-11,1.565624254584424914e-13,1.829440670495337089e-03,-6.306516095024317092e-02,2.395086167203833409e-11,6.489460162127523579e-02,-7.426856071865733533e-11
4.377583492268945498e-01,-3.805063769847839561e-01,-2.121611318163402204e-02,-3.316896029281384828e-01,1.082315531173417720e-09,-1.260322838308770343e+00,3.805063764641136159e-01,-7.842487535704511766e-15,2.852912783088804613e-04,-3.350097790335709175e-02,1.169939874831679660e-11,3.378626918161569542e-02,-3.838855894575680858e-11,1.649669304163913686e-13,1.842773186138688471e-03,-6.296264511427261679e-02,2.393436522266953212e-11,6.480541830098958400e-02,-7.415886081372369596e-11
4.393387042782551655e-01,-3.805063769847839561e-01,-2.121566001337053461e-02,-3.317426249504025204e-01,1.082334050258773500e-09,-1.260269363118242669e+00,3.805063764640528312e-01,-7.575057406035959106e-15,2.882140864669606147e-04,-3.360040019619318225e-02,1.173721052915967252e-11,3.388861428261080722e-02,-3.850566944037082031e-11,1.734971768009528644e-13,1.856162187134495142e-03,-6.286007504561934300e-02,2.391790063222415811e-11,6.471623723337431577e-02,-7.404892800276574993e-11
4.409190593296157812e-01,-3.805063769847840116e-01,-2.121520220928920647e-02,-3.317958039670811932e-01,1.082352629079621383e-09,-1.260215726297482686e+00,3.805063764639918800e-01,-7.294046686471355822e-15,2.911580986729005453e-04,-3.369966034901445556e-02,1.177499631520648337e-11,3.399081844763902904e-02,-3.862260601719955039e-11,1.821537929219557352e-13,1.869607732723748122e-03,-6.275745069079788352e-02,2.390146779198039700e-11,6.462705842418497992e-02,-7.393876095736091469e-11
4.424994143809763969e-01,-3.805063769847840116e-01,-2.121473973580949648e-02,-3.318491397218677474e-01,1.082371267594919148e-09,-1.260161928069216675e+00,3.805063764639307622e-01,-6.999255173018939273e-15,2.941234043336603331e-04,-3.379875827598758514e-02,1.181275615654788947e-11,3.409288168027400923e-02,-3.873936830502282221e-11,1.909374047548776661e-13,1.883109881562363254e-03,-6.265477199687749521e-02,2.388506659318187957e-11,6.453788187914674679e-02,-7.382835835375269480e-11
4.440797694323370681e-01,-3.805063769847840116e-01,-2.121427255920994848e-02,-3.319026319583205931e-01,1.082389965763705017e-09,-1.260107968656164257e+00,3.805063764638694224e-01,-6.690529378756171049e-15,2.971100806208440458e-04,-3.389769390328574439e-02,1.185049009931282130e-11,3.419480398386050973e-02,-3.885595601919440994e-11,1.990329412969140226e-13,1.896457903398277457e-03,-6.255224563190173170e-02,2.386863212497653709e-11,6.444870353604775781e-02,-7.371923490153281687e-11
4.456601244836976838e-01,-3.805063769847840116e-01,-2.121380064710017693e-02,-3.319562804213059826e-01,1.082408723544642295e-09,-1.260053848281069255e+00,3.805063764638079160e-01,-6.377625092631749981e-15,3.001156438304591564e-04,-3.399646966854377034e-02,1.188819740214737732e-11,3.429658531232933349e-02,-3.897238729193582324e-11,1.969479853612010685e-13,1.907198705305145590e-03,-6.245227735228381372e-02,2.385141011340797745e-11,6.435947605833623741e-02,-7.362903279875075628e-11
4.472404795350582996e-01,-3.805063769847840116e-01,-2.121332397171833695e-02,-3.320100848602325905e-01,1.082427540895006275e-09,-1.259999567166760759e+00,3.805063764637462431e-01,-6.068070222843254257e-15,3.031381858150455845e-04,-3.409508744495456933e-02,1.192587750043961039e-11,3.439822563072590655e-02,-3.908867611453575327e-11,1.947940618145500439e-13,1.917945161232458267e-03,-6.235230471321435985e-02,2.383420370060822986e-11,6.427024987519348864e-02,-7.353895887103331319e-11
4.488208345864189708e-01,-3.805063769847840671e-01,-2.121284250622496037e-02,-3.320640450254166987e-01,1.082446417771823683e-09,-1.259945125536083399e+00,3.805063764636844037e-01,-5.761974068121965238e-15,3.061777153496091173e-04,-3.419354722578947514e-02,1.196353041869206106e-11,3.449972494109655036e-02,-3.920482268999828103e-11,1.925707843730607449e-13,1.928697068308960535e-03,-6.225232791816467937e-02,2.381701269799774395e-11,6.418102498721954541e-02,-7.344901367730616902e-11
4.504011896377795865e-01,-3.805063769847840671e-01,-2.121235622376695801e-02,-3.321181606671639308e-01,1.082465354132159504e-09,-1.259890523611878255e+00,3.805063764636223422e-01,-5.459446536545689155e-15,3.092342408888445440e-04,-3.429184900464111313e-02,1.200115618110945901e-11,3.460108324548859249e-02,-3.932082722220892600e-11,1.902777681708912747e-13,1.939454224040019137e-03,-6.215234717021680261e-02,2.379983691725614184e-11,6.409180139500184059e-02,-7.335919777419359483e-11
4.519815446891402022e-01,-3.805063769847840671e-01,-2.121186509747814003e-02,-3.321724315357703627e-01,1.082484349933116978e-09,-1.259835761616983074e+00,3.805063764635601142e-01,-5.160598143289570308e-15,3.123077705677315880e-04,-3.438999277542267863e-02,1.203875481159912854e-11,3.470230054595022789e-02,-3.943668991593109187e-11,1.879146297706179704e-13,1.950216426308722757e-03,-6.205236267206221817e-02,2.378267617032215349e-11,6.400257909911492848e-02,-7.326951171600057651e-11
4.535618997405008179e-01,-3.805063769847840671e-01,-2.121136910047971558e-02,-3.322268573815224668e-01,1.082503405131836568e-09,-1.259780839774232941e+00,3.805063764634977197e-01,-4.865540008360532244e-15,3.153983122021326272e-04,-3.448797853236744426e-02,1.207632633377139575e-11,3.480337684453056746e-02,-3.955241097680231189e-11,1.854809871735388610e-13,1.960983473376986825e-03,-6.195237462600071410e-02,2.376553026939359091e-11,6.391335810012054031e-02,-7.317995605469501744e-11
4.551422547918614891e-01,-3.805063769847840671e-01,-2.121086820588078542e-02,-3.322814379546978336e-01,1.082522519685495961e-09,-1.259725758306458498e+00,3.805063764634350476e-01,-4.574383854315492858e-15,3.185058732893923119e-04,-3.458580627002803137e-02,1.211387077093998268e-11,3.490431214327959636e-02,-3.966799061133056537e-11,1.829764598299205034e-13,1.971755163886642487e-03,-6.185238323393915660e-02,2.374839902692729640e-11,6.382413839856736215e-02,-7.309053133989000583e-11
4.567226098432219938e-01,-3.805063769847841226e-01,-2.121036238677885544e-02,-3.323361730055660046e-01,1.082541693551309447e-09,-1.259670517436488391e+00,3.805063764633723200e-01,-4.287242003963400738e-15,3.216304610089386470e-04,-3.468347598327587572e-02,1.215138814612244843e-11,3.500510644424813939e-02,-3.978342902689053592e-11,1.804006686491892572e-13,1.982531296860527096e-03,-6.175238869739010233e-02,2.373128225563909089e-11,6.373491999499072969e-02,-7.300123811882603031e-11
4.583029648945826651e-01,-3.805063769847841226e-01,-2.120985161626033622e-02,-3.323910622843882501e-01,1.082560926686527712e-09,-1.259615117387147709e+00,3.805063764633093704e-01,-4.004227378051207156e-15,3.247720822228866212e-04,-3.478098766730052666e-02,1.218887848204058170e-11,3.510575974948791644e-02,-3.989872643171988921e-11,1.777532360100653077e-13,1.993311671703564946e-03,-6.165239121747075057e-02,2.371417976850376423e-11,6.364570288991285019e-02,-7.291207693635366086e-11
4.598833199459432808e-01,-3.805063769847841226e-01,-2.120933586740104612e-02,-3.324461055414188460e-01,1.082580219048436597e-09,-1.259559558381257993e+00,3.805063764632461987e-01,-3.725453492933951973e-15,3.279307434766420533e-04,-3.487834131760908507e-02,1.222634180112079662e-11,3.520627206105138990e-02,-4.001388303491540196e-11,1.750337857706422636e-13,2.004096088203843450e-03,-6.155239099490168730e-02,2.369709137875499764e-11,6.355648708384231682e-02,-7.282304833491593242e-11
4.614636749973038965e-01,-3.805063769847840671e-01,-2.120881511326671090e-02,-3.325013025269049627e-01,1.082599570594357510e-09,-1.259503840641637451e+00,3.805063764631829160e-01,-3.451034458228852233e-15,3.311064509995081495e-04,-3.497553693002550257e-02,1.226377812549455768e-11,3.530664338099184091e-02,-4.012889904642922674e-11,1.722419432784096031e-13,2.014884346533677827e-03,-6.145238823000565703e-02,2.368001689988533788e-11,6.346727257727427518e-02,-7.273415285453115509e-11
4.630440300486645677e-01,-3.805063769847840671e-01,-2.120828932691345634e-02,-3.325566529910876645e-01,1.082618981281646396e-09,-1.259447964391101626e+00,3.805063764631193557e-01,-3.181084974453666002e-15,3.342992107052941740e-04,-3.507257450069006799e-02,1.230118747699880134e-11,3.540687371136335554e-02,-4.024377467706499516e-11,1.693773353802200639e-13,2.025676247250684028e-03,-6.135238312270632072e-02,2.366295614564614229e-11,6.337805937068993756e-02,-7.264539103277549159e-11
4.646243851000251834e-01,-3.805063769847841226e-01,-2.120775848138831479e-02,-3.326121566842019095e-01,1.082638451067693941e-09,-1.259391929852462289e+00,3.805063764630556844e-01,-2.915720330649306594e-15,3.375090281929243917e-04,-3.516945402605864412e-02,1.233856987717630283e-11,3.550696305422071375e-02,-4.035851013847395987e-11,1.664395904322002355e-13,2.036471591298826943e-03,-6.125237587252722882e-02,2.364590893004756591e-11,6.328884746455684662e-02,-7.255676340476597422e-11
4.662047401513857992e-01,-3.805063769847841226e-01,-2.120722254972971441e-02,-3.326678133564773820e-01,1.082657979909923918e-09,-1.259335737248528098e+00,3.805063764629918466e-01,-2.655056401986890210e-15,3.407359087470499372e-04,-3.526617550290211262e-02,1.237592534727613655e-11,3.560691141161946571e-02,-4.047310564315109125e-11,1.634283383096066504e-13,2.047270180009477282e-03,-6.115236667859043351e-02,2.362887506735849032e-11,6.319963685932840358e-02,-7.246827050314323749e-11
4.677850952027464149e-01,-3.805063769847841226e-01,-2.120668150496798562e-02,-3.327236227581391037e-01,1.082677567765794222e-09,-1.259279386802104828e+00,3.805063764629277312e-01,-2.399209647359173591e-15,3.439798573386619856e-04,-3.536273892830572169e-02,1.241325390825404443e-11,3.570671878561583468e-02,-4.058756140443113543e-11,1.603432104166252034e-13,2.058071815102455876e-03,-6.105235573961545481e-02,2.361185437210650758e-11,6.311042755544395144e-02,-7.237991285805483231e-11
4.693654502541070861e-01,-3.805063769847841226e-01,-2.120613532012584693e-02,-3.327795846394074886e-01,1.082697214592794800e-09,-1.259222878735994255e+00,3.805063764628635603e-01,-2.148297106956649125e-15,3.472408786257061156e-04,-3.545914429966846859e-02,1.245055558077287217e-11,3.580638517826676553e-02,-4.070187763648474332e-11,1.571838396961162219e-13,2.068876298687076683e-03,-6.095234325391803848e-02,2.359484665907785230e-11,6.302121955332858072e-02,-7.229169099713817831e-11
4.709458053054677018e-01,-3.805063769847841226e-01,-2.120558396821890096e-02,-3.328356987504992315e-01,1.082716920348449099e-09,-1.259166213272995716e+00,3.805063764627991119e-01,-1.902436399828214162e-15,3.505189769536985701e-04,-3.555539161470239878e-02,1.248783038520295694e-11,3.590591059162982768e-02,-4.081605455431433471e-11,1.539498606393028390e-13,2.079683433263173741e-03,-6.085232941940903889e-02,2.357785174331739196e-11,6.293201285339292128e-02,-7.220360544550374885e-11
4.725261603568283175e-01,-3.805063769847841226e-01,-2.120502742225613413e-02,-3.328919648416275301e-01,1.082736684990311589e-09,-1.259109390635904768e+00,3.805063764627345524e-01,-1.661745721426544127e-15,3.538141563563448476e-04,-3.565148087143202998e-02,1.252507834162254905e-11,3.600529502776324969e-02,-4.093009237375025963e-11,1.506409092954043357e-13,2.090493021722135067e-03,-6.075231443359321859e-02,2.356086944012855909e-11,6.284280745603319784e-02,-7.211565672571860490e-11
4.741065154081889332e-01,-3.805063769847841226e-01,-2.120446565524039886e-02,-3.329483826630028620e-01,1.082756508475968169e-09,-1.259052411047513642e+00,3.805063764626697154e-01,-1.426343841138377285e-15,3.571264205561587818e-04,-3.574741206819369299e-02,1.256229946981821752e-11,3.610453848872585692e-02,-4.104399131144663661e-11,1.472566232812146793e-13,2.101304867347923537e-03,-6.065229849356814501e-02,2.354389956507333831e-11,6.275360336163088304e-02,-7.202784535778968346e-11
4.756868704595496045e-01,-3.805063769847841226e-01,-2.120389864016891321e-02,-3.330049519648332623e-01,1.082776390763036587e-09,-1.258995274730611902e+00,3.805063764626048228e-01,-1.196350099799679015e-15,3.604557729650838434e-04,-3.584318520363487248e-02,1.259949378928525875e-11,3.620364097657708530e-02,-4.115775158487739125e-11,1.437966417906262077e-13,2.112118773818091703e-03,-6.055228179602296229e-02,2.352694193397218881e-11,6.266440057055268353e-02,-7.194017185914722803e-11
4.772672255109102202e-01,-3.805063769847841226e-01,-2.120332635003375349e-02,-3.330616724973248233e-01,1.082796331809164781e-09,-1.258937981907985115e+00,3.805063764625395972e-01,-9.718844071956915048e-16,3.638022166851159062e-04,-3.593880027671356170e-02,1.263666131922809722e-11,3.630260249337692591e-02,-4.127137341233207508e-11,1.402606056040957074e-13,2.122934545204792269e-03,-6.045226453723741289e-02,2.350999636290404432e-11,6.257519908315048451e-02,-7.185263674462864576e-11
4.788475805622708359e-01,-3.805063769847841226e-01,-2.120274875782232615e-02,-3.331185440106823048e-01,1.082816331572030675e-09,-1.258880532802416186e+00,3.805063764624743161e-01,-7.530672395462387582e-16,3.671657545089281808e-04,-3.603425728669762407e-02,1.267380207856071846e-11,3.640142304118593186e-02,-4.138485701291185245e-11,1.366481570980590211e-13,2.133751985975785529e-03,-6.035224691308045675e-02,2.349306266820625495e-11,6.248599889976106520e-02,-7.176524052646200252e-11
4.804279356136315071e-01,-3.805063769847841226e-01,-2.120216583651786738e-02,-3.331755662551094677e-01,1.082836390009341767e-09,-1.258822927636684685e+00,3.805063764624088130e-01,-5.400196369760699569e-16,3.705463889204963662e-04,-3.612955623316415482e-02,1.271091608590703905e-11,3.650010262206514200e-02,-4.149820260652529353e-11,1.329589402542875936e-13,2.144570900995433366e-03,-6.025222911900943862e-02,2.347614066647454847e-11,6.239680002070605719e-02,-7.167798371424993170e-11
4.820082906649921228e-01,-3.805063769847841226e-01,-2.120157755909996000e-02,-3.332327389808097395e-01,1.082856507078835330e-09,-1.258765166633566635e+00,3.805063764623431988e-01,-3.328632009705228660e-16,3.739441220957266188e-04,-3.622469711599880793e-02,1.274800335960134600e-11,3.659864123807612946e-02,-4.161141041388425135e-11,1.291926006691924368e-13,2.155391095525695418e-03,-6.015221135006874886e-02,2.345923017456299468e-11,6.230760244629184735e-02,-7.159086681495353003e-11
4.835886457163527385e-01,-3.805063769847841781e-01,-2.120098389854494988e-02,-3.332900619379865481e-01,1.082876682738276763e-09,-1.258707250015834722e+00,3.805063764622773070e-01,-1.317200918164716305e-16,3.773589559030846616e-04,-3.631967993539512302e-02,1.278506391768869586e-11,3.669703889128089064e-02,-4.172448065649962247e-11,1.253487855630707402e-13,2.166212375227113095e-03,-6.005219380088881037e-02,2.344233100958396349e-11,6.221840617680937657e-02,-7.150389033287630510e-11
4.851690007677133543e-01,-3.805063769847841781e-01,-2.120038482782649752e-02,-3.333475348768439872e-01,1.082896916945459796e-09,-1.258649178006258973e+00,3.805063764622112488e-01,6.328697397123154583e-17,3.807908919042269518e-04,-3.641450469185393557e-02,1.282209777792532019e-11,3.679529558374194931e-02,-4.183741355667723695e-11,1.214271437893005057e-13,2.177034546159795341e-03,-5.995217666568495446e-02,2.342544298890809253e-11,6.212921121253411894e-02,-7.141705476964832969e-11
4.867493558190740255e-01,-3.805063769847841226e-01,-2.119978031991603257e-02,-3.334051575475869278e-01,1.082917209658206695e-09,-1.258590950827605415e+00,3.805063764621451350e-01,2.520347262378316847e-16,3.842399313546317413e-04,-3.650917138618265528e-02,1.285910495777903431e-11,3.689341131752215536e-02,-4.195020933751347041e-11,1.174273258434786113e-13,2.187857414784387475e-03,-5.985216013825633147e-02,2.340856593016425170e-11,6.204001755372583193e-02,-7.133036062421034439e-11
4.883297108704346412e-01,-3.805063769847841781e-01,-2.119917034778324993e-02,-3.334629297004220172e-01,1.082937560834365992e-09,-1.258532568702637633e+00,3.805063764620787436e-01,4.343993437911711814e-16,3.877060752042341477e-04,-3.660368001949465544e-02,1.289608547442965255e-11,3.699138609468483052e-02,-4.206286822289115338e-11,1.133489838725046391e-13,2.198680787963046106e-03,-5.975214441198477971e-02,2.339169965123948166e-11,6.195082520062852177e-02,-7.124380839279815747e-11
4.899100659217952569e-01,-3.805063769847841781e-01,-2.119855488439656432e-02,-3.335208510855578456e-01,1.082957970431814341e-09,-1.258474031854115216e+00,3.805063764620121303e-01,6.102564570184364359e-16,3.911893240980600329e-04,-3.669803059320857208e-02,1.293303934476937431e-11,3.708921991729365042e-02,-4.217539043747513807e-11,1.091917716836110355e-13,2.209504472960398432e-03,-5.965212967983381243e-02,2.337484397027898425e-11,6.186163415347034622e-02,-7.115739856892686386e-11
4.914904209731559281e-01,-3.805063769847841226e-01,-2.119793390272363062e-02,-3.335789214532054459e-01,1.082978438408453833e-09,-1.258415340504794644e+00,3.805063764619453504e-01,7.794811505172258101e-16,3.946896783768645989e-04,-3.679222310904767257e-02,1.296996658540322838e-11,3.718691278741262374e-02,-4.228777620670807853e-11,1.049553447533371928e-13,2.220328277444504582e-03,-5.955211613434744505e-02,2.335799870568607395e-11,6.177244441246337869e-02,-7.107113164337546474e-11
4.930707760245165439e-01,-3.805063769847841226e-01,-2.119730737573179494e-02,-3.336371405535787371e-01,1.082998964722213026e-09,-1.258356494877429510e+00,3.805063764618784594e-01,9.419479657406560053e-16,3.982071380777688139e-04,-3.688625756903916170e-02,1.300686721264944130e-11,3.728446470710607141e-02,-4.240002575680601037e-11,1.006393602364507847e-13,2.231152009487803473e-03,-5.945210396764925159e-02,2.334116367612213591e-11,6.168325597780360825e-02,-7.098500810417128036e-11
4.946511310758771596e-01,-3.805063769847841226e-01,-2.119667527638858726e-02,-3.336955081368952469e-01,1.083019549331046538e-09,-1.258297495194769855e+00,3.805063764618114019e-01,1.097530903656583233e-15,4.017417029349007180e-04,-3.698013397551357800e-02,1.304374124253988487e-11,3.738187567843867520e-02,-4.251213931475413729e-11,9.624347697481480216e-14,2.241975477568066474e-03,-5.935209337144117109e-02,2.332433870050660007e-11,6.159406884967075224e-02,-7.089902843657480229e-11
4.962314861272377753e-01,-3.805063769847841226e-01,-2.119603757766219676e-02,-3.337540239533763331e-01,1.083040192192933180e-09,-1.258238341679562389e+00,3.805063764617441224e-01,1.246103427420800385e-15,4.052933723800354821e-04,-3.707385233110401662e-02,1.308058869082043480e-11,3.747914570347527646e-02,-4.262411710830223639e-11,9.176735550619815853e-14,2.252798490569328516e-03,-5.925208453700251537e-02,2.330752359801689596e-11,6.150488302822815917e-02,-7.081319312306420964e-11
4.978118411785984465e-01,-3.805063769847841226e-01,-2.119539425252195061e-02,-3.338126877532476833e-01,1.083060893265876371e-09,-1.258179034554550713e+00,3.805063764616766764e-01,1.387538465064088974e-15,4.088621455432398574e-04,-3.716741263874559498e-02,1.311740957295143925e-11,3.757627478428109125e-02,-4.273595936596045761e-11,8.721065807303508688e-14,2.263620857782833520e-03,-5.915207765518891436e-02,2.329071818808842360e-11,6.141569851362270460e-02,-7.072750264332041518e-11
4.993921962299590622e-01,-3.805063769847841226e-01,-2.119474527393878580e-02,-3.338714992867399811e-01,1.083081652507904968e-09,-1.258119574042475319e+00,3.805063764616090083e-01,1.521708412193064003e-15,4.124480212535142402e-04,-3.726081490167465482e-02,1.315420390410806615e-11,3.767326292292146050e-02,-4.284766631699472902e-11,8.257304863112905286e-14,2.274442388907952934e-03,-5.905207291643126827e-02,2.327392229041450824e-11,6.132651530598467321e-02,-7.064195747421189174e-11
5.009725512813196779e-01,-3.805063769847841226e-01,-2.119409061488573484e-02,-3.339304583040892949e-01,1.083102469877070781e-09,-1.258059960366072927e+00,3.805063764615412292e-01,1.648485134704779830e-15,4.160509980394406994e-04,-3.735405912342821405e-02,1.319097169918076531e-11,3.777011012146196112e-02,-4.295923819142243996e-11,7.785419285830205276e-14,2.285262894053118141e-03,-5.895207051073464433e-02,2.325713572494636811e-11,6.123733340542754366e-02,-7.055655808977967959e-11
5.025529063326803492e-01,-3.805063769847841226e-01,-2.119343024833837338e-02,-3.339895645555374104e-01,1.083123345331448366e-09,-1.258000193748077367e+00,3.805063764614732280e-01,1.767739971514893587e-15,4.196710741298279143e-04,-3.744714530784317569e-02,1.322771297277561731e-11,3.786681638196830874e-02,-4.307067522000780109e-11,7.305375816299190999e-14,2.296082183736726859e-03,-5.885207062767740943e-02,2.324035831189307882e-11,6.114815281204806496e-02,-7.047130496122266518e-11
5.041332613840409094e-01,-3.805063769847841226e-01,-2.119276414727533711e-02,-3.340488177913323309e-01,1.083144278829136063e-09,-1.257940274411219583e+00,3.805063764614051158e-01,1.879343737299449473e-15,4.233082474543618042e-04,-3.754007345905572418e-02,1.326442773921480212e-11,3.796338170650639249e-02,-4.318197763425749521e-11,6.817141369279373279e-14,2.306900068888066008e-03,-5.875207345640998113e-02,2.322358987172152814e-11,6.105897352592597194e-02,-7.038619855688253679e-11
5.057136164354015806e-01,-3.805063769847841226e-01,-2.119209228467875544e-02,-3.341082177617291094e-01,1.083165270328254131e-09,-1.257880202578226081e+00,3.805063764613367261e-01,1.983166725250038572e-15,4.269625156442542605e-04,-3.763284358150062459e-02,1.330111601253695928e-11,3.805980609714217783e-02,-4.329314566641605667e-11,6.320683034294907993e-14,2.317716360848209433e-03,-5.865207918565397416e-02,2.320683022515640631e-11,6.096979554712395749e-02,-7.030123934222938644e-11
5.072939714867622518e-01,-3.805063769847840671e-01,-2.119141463353474072e-02,-3.341677642169898488e-01,1.083186319786945369e-09,-1.257819978471821365e+00,3.805063764612682808e-01,2.079078709842412499e-15,4.306338760328953493e-04,-3.772545567991057031e-02,1.333777780649762416e-11,3.815608955594173429e-02,-4.340417954946136071e-11,5.815968076478041100e-14,2.328530871370922996e-03,-5.855208800370117345e-02,2.319007919318015759e-11,6.088061887568753383e-02,-7.021642777984693695e-11
5.088743265381228120e-01,-3.805063769847840671e-01,-2.119073116683384619e-02,-3.342274569073843127e-01,1.083207427163373258e-09,-1.257759602314725944e+00,3.805063764611996135e-01,2.166948949618307709e-15,4.343223256565054038e-04,-3.781790975931544757e-02,1.337441313456961246e-11,3.825223208497119387e-02,-4.351507951710002220e-11,5.302963937407354767e-14,2.339343412623554920e-03,-5.845210009841240312e-02,2.317333659703291561e-11,6.079144351164490062e-02,-7.013176432941802750e-11
5.104546815894834833e-01,-3.805063769847841226e-01,-2.119004185757155864e-02,-3.342872955831906467e-01,1.083228592415722990e-09,-1.257699074329657440e+00,3.805063764611306687e-01,2.246646189980543759e-15,4.380278612547905881e-04,-3.791020582504173175e-02,1.341102200994345644e-11,3.834823368629671630e-02,-4.362584580376284617e-11,4.781638235940476948e-14,2.350153797187929609e-03,-5.835211565721667992e-02,2.315660225821252921e-11,6.070226945500688948e-02,-7.004724944771030602e-11
5.120350366408441545e-01,-3.805063769847841226e-01,-2.118934667874873556e-02,-3.343472799946954899e-01,1.083249815502199817e-09,-1.257638394739329701e+00,3.805063764610616683e-01,2.318038666001180785e-15,4.417504792715973207e-04,-3.800234388271171715e-02,1.344760444552777968e-11,3.844409436198445440e-02,-4.373647864460014263e-11,4.251958769041519481e-14,2.360961838061223679e-03,-5.825213486711014466e-02,2.313987599847447201e-11,6.061309670576681824e-02,-6.996288358856180517e-11
5.136153916922047147e-01,-3.805063769847841226e-01,-2.118864560337210476e-02,-3.344074098921946958e-01,1.083271096381029877e-09,-1.257577563766454132e+00,3.805063764609925014e-01,2.380994105242756672e-15,4.454901758555704404e-04,-3.809432393824292024e-02,1.348416045394972848e-11,3.853981411410057484e-02,-4.384697827547715765e-11,3.713893512603251642e-14,2.371767348656851106e-03,-5.815215791465505601e-02,2.312315763983183592e-11,6.052392526390037303e-02,-6.987866720286682863e-11
5.151957467435653859e-01,-3.805063769847840671e-01,-2.118793860445469454e-02,-3.344676850259935552e-01,1.083292435010458541e-09,-1.257516581633737696e+00,3.805063764609231125e-01,2.435379730592446169e-15,4.492469468608104488e-04,-3.818614599784728170e-02,1.352069004755535963e-11,3.863539294471109858e-02,-4.395734493296933651e-11,3.167410622263902505e-14,2.382570142805325378e-03,-5.805218498597881915e-02,2.310644700455528590e-11,6.043475512936544863e-02,-6.979460073856165634e-11
5.167761017949260571e-01,-3.805063769847840671e-01,-2.118722565501632987e-02,-3.345281051464075728e-01,1.083313831348750410e-09,-1.257455448563885358e+00,3.805063764608535570e-01,2.481062263109102891e-15,4.530207878475351452e-04,-3.827781006803063907e-02,1.355719323841007655e-11,3.873083085588208824e-02,-4.406757885435771597e-11,2.612478434218529625e-14,2.393370034755137269e-03,-5.795221626677308363e-02,2.308974391517304703e-11,6.034558630210219710e-02,-6.971068464061065049e-11
5.183564568462866173e-01,-3.805063769847841226e-01,-2.118650672808407645e-02,-3.345886700037627448e-01,1.083335285354189319e-09,-1.257394164779597867e+00,3.805063764607837795e-01,2.517907924883065871e-15,4.568116940827388213e-04,-3.836931615559184550e-02,1.359367003829900093e-11,3.882612784967940517e-02,-4.417768027762415515e-11,2.049065466025317872e-14,2.404166839173603552e-03,-5.785225194229267481e-02,2.307304819447084639e-11,6.025641878203275015e-02,-6.962691935099225805e-11
5.199368118976472886e-01,-3.805063769847840671e-01,-2.118578179669272643e-02,-3.346493793483958923e-01,1.083356796985077093e-09,-1.257332730503573304e+00,3.805063764607139465e-01,2.545782441908684141e-15,4.606196605408564436e-04,-3.846066426762225626e-02,1.363012045872740245e-11,3.892128392816882054e-02,-4.428764944144661794e-11,1.477140417406389053e-14,2.414960371147729587e-03,-5.775229219735468489e-02,2.305635966549188393e-11,6.016725256906121921e-02,-6.954330530868509086e-11
5.215171669490078488e-01,-3.805063769847840671e-01,-2.118505083388522170e-02,-3.347102329306554935e-01,1.083378366199733963e-09,-1.257271145958506198e+00,3.805063764606438359e-01,2.564551046969442960e-15,4.644446819044270223e-04,-3.855185441150490999e-02,1.366654451092110106e-11,3.901629909341592511e-02,-4.439748658519446843e-11,8.966721710432630624e-15,2.425750446185055437e-03,-5.765233721633752223e-02,2.303967815153681310e-11,6.007808766307354276e-02,-6.945984294965429010e-11
5.230975220003685200e-01,-3.805063769847840671e-01,-2.118431381271315694e-02,-3.347712305009017952e-01,1.083399992956497529e-09,-1.257209411367087748e+00,3.805063764605735588e-01,2.574078482535632538e-15,4.682867525647583899e-04,-3.864288659491389721e-02,1.370294220582686928e-11,3.911117334748610147e-02,-4.450719194892363064e-11,3.076297933673843852e-15,2.436536880214498074e-03,-5.755238718317991220e-02,2.302300347616369240e-11,5.998892406393735444e-02,-6.937653270683768394e-11
5.246778770517291912e-01,-3.805063769847840671e-01,-2.118357070623720986e-02,-3.348323718095073676e-01,1.083421677213721935e-09,-1.257147526952006267e+00,3.805063764605032262e-01,2.574229003674439751e-15,4.721458666225946906e-04,-3.873376082581363872e-02,1.373931355411284417e-11,3.920590669244453791e-02,-4.461676577337179989e-11,-2.900174646552217840e-15,2.447319489587189249e-03,-5.745244228138001591e-02,2.300633546318796597e-11,5.989976177150197617e-02,-6.929337501013229413e-11
5.262582321030897514e-01,-3.805063769847840671e-01,-2.118282148752761301e-02,-3.348936566068576592e-01,1.083443418929779111e-09,-1.257085492935946291e+00,3.805063764604325605e-01,2.564866380972440735e-15,4.760220178887833811e-04,-3.882447711245822636e-02,1.377565856616893443e-11,3.930049913035615211e-02,-4.472620829995371882e-11,-8.963001667437834600e-15,2.458098091077310764e-03,-5.735250269399445877e-02,2.298967393668241514e-11,5.981060078559818916e-02,-6.921037028638090726e-11
5.278385871544504226e-01,-3.805063769847840671e-01,-2.118206612966460831e-02,-3.349550846433514417e-01,1.083465218063055668e-09,-1.257023309541589695e+00,3.805063764603617282e-01,2.545853903470339372e-15,4.799151998849452675e-04,-3.891503546339065284e-02,1.381197725210721465e-11,3.939495066328556339e-02,-4.483551977075619496e-11,-1.511248690528792568e-14,2.468872501882916730e-03,-5.725256860363742845e-02,2.297301872097715195e-11,5.972144110603822692e-02,-6.912751895935850382e-11
5.294189422058110939e-01,-3.805063769847840671e-01,-2.118130460573891191e-02,-3.350166556694009756e-01,1.083487074571955381e-09,-1.256960976991614132e+00,3.805063764602908405e-01,2.517054381609936669e-15,4.838254058441445425e-04,-3.900543588744220802e-02,1.384826962176235824e-11,3.948926129329712736e-02,-4.494470042853338960e-11,-2.134893226782381357e-14,2.479642539626759293e-03,-5.715264019247967564e-02,2.295636964065954484e-11,5.963228273261561574e-02,-6.904482144975910087e-11
5.309992972571716541e-01,-3.805063769847840116e-01,-2.118053688885214794e-02,-3.350783694354331210e-01,1.083508988414896295e-09,-1.256898495508695479e+00,3.805063764602197307e-01,2.478330150193171678e-15,4.877526287115606114e-04,-3.909567839373168097e-02,1.388453568469200744e-11,3.958343102245481110e-02,-4.505375051670179665e-11,-2.767263778654587505e-14,2.490408022357096154e-03,-5.705271764224770920e-02,2.293972652057423804e-11,5.954312566510511218e-02,-6.896227817518246544e-11
5.325796523085323253e-01,-3.805063769847840671e-01,-2.117976295211732723e-02,-3.351402256918891154e-01,1.083530959550312583e-09,-1.256835865315504730e+00,3.805063764601485099e-01,2.429543071353234747e-15,4.916968611451614894e-04,-3.918576299166471461e-02,1.392077545017722242e-11,3.967745985282223470e-02,-4.516267027933546686e-11,-3.408390160914613817e-14,2.501168768548510217e-03,-5.695280113422278301e-02,2.292308918582307726e-11,5.945396990326254349e-02,-6.887988955012095718e-11
5.341600073598929965e-01,-3.805063769847840671e-01,-2.117898276865927756e-02,-3.352022241892251286e-01,1.083552987936651034e-09,-1.256773086634710657e+00,3.805063764600770115e-01,2.370554537537631234e-15,4.956580955163775257e-04,-3.927568969093310491e-02,1.395698892722284319e-11,3.977134778646260194e-02,-4.527145996116098666e-11,-4.058301999197207940e-14,2.511924597102701932e-03,-5.685289084924007724e-02,2.290645746176510967e-11,5.936481544682480072e-02,-6.879765598594656491e-11
5.357403624112535567e-01,-3.805063769847840116e-01,-2.117819631161512936e-02,-3.352643646779131514e-01,1.083575073532374567e-09,-1.256710159688978257e+00,3.805063764600053466e-01,2.301225474503059193e-15,4.996363239107784330e-04,-3.936545850151406539e-02,1.399317612455794036e-11,3.986509482543872107e-02,-4.538011980755264426e-11,-4.717028729254535719e-14,2.522675327349302443e-03,-5.675298696768769913e-02,2.288983117401652253e-11,5.927566229550961657e-02,-6.871557789089785268e-11
5.373207174626142280e-01,-3.805063769847840116e-01,-2.117740355413472511e-02,-3.353266469084411061e-01,1.083597216295957889e-09,-1.256647084700969863e+00,3.805063764599335707e-01,2.221416344322126284e-15,5.036315381287480948e-04,-3.945506943366951930e-02,1.402933705063617700e-11,3.995870097181287994e-02,-4.548865006452734383e-11,-5.384599596213026568e-14,2.533420779046650310e-03,-5.665308966950591968e-02,2.287321014845063994e-11,5.918651044901559327e-02,-6.863365567006726767e-11
5.389010725139748992e-01,-3.805063769847840116e-01,-2.117660446938110161e-02,-3.353890706313132353e-01,1.083619416185889767e-09,-1.256583861893344034e+00,3.805063764598616283e-01,2.130987148401772601e-15,5.076437296861645776e-04,-3.954452249794541963e-02,1.406547171363625619e-11,4.005216622764692924e-02,-4.559705097873971993e-11,-6.061043653835561656e-14,2.544160772382592951e-03,-5.655319913418611205e-02,2.285659421119787116e-11,5.909735990702199432e-02,-6.855188972538815094e-11
5.404814275653354594e-01,-3.805063769847840671e-01,-2.117579903053092710e-02,-3.354516355970508790e-01,1.083641673160671790e-09,-1.256520491488756441e+00,3.805063764597894638e-01,2.029797430513245959e-15,5.116728898150786240e-04,-3.963381770517104830e-02,1.410158012146229741e-11,4.014549059500217842e-02,-4.570532279747706457e-11,-6.746389763788844893e-14,2.554895127975257297e-03,-5.645331554077011316e-02,2.283998318864570412e-11,5.900821066918871677e-02,-6.847028045562221333e-11
5.420617826166961306e-01,-3.805063769847840116e-01,-2.117498721077494886e-02,-3.355143415561925302e-01,1.083663987178817336e-09,-1.256456973709858538e+00,3.805063764597171327e-01,1.917706279833691589e-15,5.157190094643944239e-04,-3.972295506645821817e-02,1.413766228174425664e-11,4.023867407593936796e-02,-4.581346576865439001e-11,-7.440666594915901524e-14,2.565623666873835616e-03,-5.635343906784906487e-02,2.282337690743864083e-11,5.891906273515613163e-02,-6.838882825634689516e-11
5.436421376680566908e-01,-3.805063769847840116e-01,-2.117416898331844419e-02,-3.355771882592945010e-01,1.083686358198851776e-09,-1.256393308779300222e+00,3.805063764596446352e-01,1.794572333999158230e-15,5.197820793005514684e-04,-3.981193459320069017e-02,1.417371820183833024e-11,4.033171667251866238e-02,-4.592148014080929761e-11,-8.143902622513859559e-14,2.576346210559348794e-03,-5.625356989356281034e-02,2.280677519447820382e-11,5.882991610454509079e-02,-6.830753351994293264e-11
5.452224927194173620e-01,-3.805063769847840116e-01,-2.117334432138164718e-02,-3.356401754569314222e-01,1.083708786179311853e-09,-1.256329496919726285e+00,3.805063764595719156e-01,1.660253782168967555e-15,5.238620897082078148e-04,-3.990075629707337534e-02,1.420974788882736851e-11,4.042461838679966418e-02,-4.602936616309700185e-11,-8.856126127616796958e-14,2.587062580945416555e-03,-5.615370819559883930e-02,2.279017787692287475e-11,5.874077077695671195e-02,-6.822639663558184677e-11
5.468028477707780333e-01,-3.805063769847840671e-01,-2.117251319820023445e-02,-3.357033028996964652e-01,1.083731271078745273e-09,-1.256265538353779965e+00,3.805063764594990849e-01,1.514608368101410466e-15,5.279590307909235673e-04,-3.998942019003157849e-02,1.424575134952125219e-11,4.051737922084122645e-02,-4.613712408528511521e-11,-9.577365196283898791e-14,2.597772600379012059e-03,-5.605385415119154557e-02,2.277358478218809119e-11,5.865162675197235775e-02,-6.814541798921362611e-11
5.483832028221385935e-01,-3.805063769847840116e-01,-2.117167558702573449e-02,-3.357665703382020084e-01,1.083753812855710908e-09,-1.256201433304099835e+00,3.805063764594261433e-01,1.357493393240630025e-15,5.320728923718477188e-04,-4.007792628431041532e-02,1.428172859045734150e-11,4.060999917670161247e-02,-4.624475415774873030e-11,-1.030764771889261767e-13,2.608476091641223019e-03,-5.595400793712132503e-02,2.275699573794619490e-11,5.856248402915350398e-02,-6.806459796355464218e-11
5.499635578734992647e-01,-3.805063769847840116e-01,-2.117083146112597181e-02,-3.358299775230800255e-01,1.083776411468776728e-09,-1.256137181993322027e+00,3.805063764593529796e-01,1.188765719814638956e-15,5.362036639944031506e-04,-4.016627459242397280e-02,1.431767961790085106e-11,4.070247825643833611e-02,-4.635225663146515310e-11,-1.104700138943702301e-13,2.619172877947993291e-03,-5.585416972971376376e-02,2.274041057212641894e-11,5.847334260804170486e-02,-6.798393693807531932e-11
5.515439129248599359e-01,-3.805063769847839561e-01,-2.116998079378552486e-02,-3.358935242049823078e-01,1.083799066876521043e-09,-1.256072784644079343e+00,3.805063764592796494e-01,1.008281773944384363e-15,5.403513349229759673e-04,-4.025446512716467778e-02,1.435360443784527469e-11,4.079481646210820350e-02,-4.645963175800882996e-11,-1.179545370483149431e-13,2.629862782950873144e-03,-5.575433970483875679e-02,2.272382911291484563e-11,5.838420248815836405e-02,-6.790343528898815346e-11
5.531242679762204961e-01,-3.805063769847840671e-01,-2.116912355830615974e-02,-3.359572101345812967e-01,1.083821779037531057e-09,-1.256008241479001031e+00,3.805063764592061526e-01,8.158975487637471364e-16,5.445158941436032069e-04,-4.034249790160245736e-02,1.438950305601275706e-11,4.088701379576718115e-02,-4.656687978954614541e-11,-1.255303196421923472e-13,2.640545630737746972e-03,-5.565451803790973789e-02,2.270725118875439363e-11,5.829506366900482489e-02,-6.782309338923584728e-11
5.547046230275811673e-01,-3.805063769847840671e-01,-2.116825972800725694e-02,-3.360210350625701947e-01,1.083844547910403484e-09,-1.255943552720713230e+00,3.805063764591324338e-01,6.114686075505230981e-16,5.486973303646643443e-04,-4.043037292908419067e-02,1.442537547785456706e-11,4.097907025947052778e-02,-4.667400097883033636e-11,-1.331976326828615267e-13,2.651221245833579668e-03,-5.555470490388279836e-02,2.269067662834477920e-11,5.820592615006214832e-02,-6.774291160847926437e-11
5.562849780789417276e-01,-3.805063769847840116e-01,-2.116738927622627275e-02,-3.360849987396634653e-01,1.083867373453742277e-09,-1.255878718591838528e+00,3.805063764590586040e-01,3.948500868680986314e-16,5.528956320175705194e-04,-4.051809022323279996e-02,1.446122170855141763e-11,4.107098585527258622e-02,-4.678099557919616705e-11,-1.409567451857965708e-13,2.661889453201128717e-03,-5.545490047725591676e-02,2.267410526064247414e-11,5.811678993079106431e-02,-6.766289031308577116e-11
5.578653331303022878e-01,-3.805063769847840116e-01,-2.116651217631916257e-02,-3.361491009165974986e-01,1.083890255626160902e-09,-1.255813739314997513e+00,3.805063764589845521e-01,1.658966997178498421e-16,5.571107872574602689e-04,-4.060564979794666768e-02,1.449704175301394241e-11,4.116276058522687353e-02,-4.688786384455482381e-11,-1.488079241683300876e-13,2.672550078241676692e-03,-5.535510493206811933e-02,2.265753691486071232e-11,5.802765501063188863e-02,-6.758302986611747547e-11
5.594456881816629590e-01,-3.805063769847840116e-01,-2.116562840166082149e-02,-3.362133413441306118e-01,1.083913194386278823e-09,-1.255748615112805888e+00,3.805063764589103892e-01,-7.553726129768125859e-17,5.613427839638887541e-04,-4.069305166739883156e-02,1.453283561588305924e-11,4.125439445138595618e-02,-4.699460602938861598e-11,-1.567514346429398841e-13,2.683202946795738581e-03,-5.525531844189867509e-02,2.264097142046942498e-11,5.793852138900437709e-02,-6.750333062731965886e-11
5.610260432330236302e-01,-3.805063769847840116e-01,-2.116473792564549719e-02,-3.362777197730440482e-01,1.083936189692723565e-09,-1.255683346207877138e+00,3.805063764588361153e-01,-3.295979208011875483e-16,5.655916097415272879e-04,-4.078029584603630464e-02,1.456860330153040957e-11,4.134588745580154712e-02,-4.710122238874578012e-11,-1.647875396105956755e-13,2.693847885143782137e-03,-5.515554117986627009e-02,2.262440860719523755e-11,5.784938906530769781e-02,-6.742379295310914443e-11
5.626063982843841904e-01,-3.805063769847840116e-01,-2.116384072168726177e-02,-3.363422359541417550e-01,1.083959241504128862e-09,-1.255617932822821414e+00,3.805063764587615083e-01,-5.964318174564873974e-16,5.698572519208550558e-04,-4.086738234857931196e-02,1.460434481405872362e-11,4.143723960052433930e-02,-4.720771317823516801e-11,-1.729165000541494657e-13,2.704484720006923061e-03,-5.505577331862829965e-02,2.260784830502143734e-11,5.776025803892037569e-02,-6.734441719656310406e-11
5.641867533357448616e-01,-3.805063769847840116e-01,-2.116293676297599513e-02,-3.364068896380111862e-01,1.083982349779222329e-09,-1.255552375180240654e+00,3.805063764586868458e-01,-8.702674717827700320e-16,5.741402219551590067e-04,-4.095431067454938928e-02,1.464006034380870329e-11,4.152845089652916488e-02,-4.731406885847508970e-11,-1.726655247137688277e-13,2.715864024429704478e-03,-5.495527706209728247e-02,2.259155735397490213e-11,5.767114108680152645e-02,-6.725118002782198384e-11
5.657671083871055329e-01,-3.805063769847840116e-01,-2.116202602133325159e-02,-3.364716805738980909e-01,1.084005514477230373e-09,-1.255486673502711037e+00,3.805063764586120167e-01,-1.142062235371931011e-15,5.784413208996019894e-04,-4.104108003879888139e-02,1.467575018394960111e-11,4.161952135972352834e-02,-4.742027447587298615e-11,-1.712957624414474767e-13,2.727342282170862851e-03,-5.485468497622151413e-02,2.257530677330270981e-11,5.758202725865541743e-02,-6.715609923906087825e-11
5.673474634384660931e-01,-3.805063769847840116e-01,-2.116110846809238222e-02,-3.365366085105722660e-01,1.084028735557567377e-09,-1.255420828012795864e+00,3.805063764585369657e-01,-1.411666551544406588e-15,5.827605616098557179e-04,-4.112769043096808907e-02,1.471141434714927136e-11,4.171045099260339839e-02,-4.752632979559867272e-11,-1.698934116808392347e-13,2.738823102368196857e-03,-5.475409181354490284e-02,2.255906217260397427e-11,5.749291491616446981e-02,-6.706097251001011466e-11
5.689278184898267643e-01,-3.805063769847840116e-01,-2.116018407457981310e-02,-3.366016731967999553e-01,1.084052012979661580e-09,-1.255354838933055328e+00,3.805063764584617481e-01,-1.679028835110272108e-15,5.870979480250814722e-04,-4.121414184946556314e-02,1.474705284273356151e-11,4.180123979751649427e-02,-4.763223474484910796e-11,-1.684583664937857292e-13,2.750306345302011915e-03,-5.465349771362304487e-02,2.254282339419461564e-11,5.740380405916459261e-02,-6.696579958645520933e-11
5.705081735411874355e-01,-3.805063769847840116e-01,-2.115925281211591957e-02,-3.366668743813452380e-01,1.084075346702956109e-09,-1.255288706486046291e+00,3.805063764583864194e-01,-1.944097334047710646e-15,5.914534838637890190e-04,-4.130043429292026835e-02,1.478266567977927952e-11,4.189188777681026460e-02,-4.773798925042052663e-11,-1.669905216866911286e-13,2.761791871449068275e-03,-5.455290281578974859e-02,2.252659028055902429e-11,5.731469468746632628e-02,-6.687058021541192872e-11
5.720885285925479957e-01,-3.805063769847840116e-01,-2.115831465201538364e-02,-3.367322118129701392e-01,1.084098736686908982e-09,-1.255222430894320951e+00,3.805063764583109243e-01,-2.206820130681503060e-15,5.958271726241474520e-04,-4.138656776018116018e-02,1.481825286711441355e-11,4.198239493283185964e-02,-4.784359323871030090e-11,-1.654897728127259043e-13,2.773279541482498618e-03,-5.445230725915695819e-02,2.251036267434971825e-11,5.722558680085477328e-02,-6.677531414512941728e-11
5.736688836439086669e-01,-3.805063769847840116e-01,-2.115736956558751311e-02,-3.367976852404350185e-01,1.084122182890990624e-09,-1.255156012380428177e+00,3.805063764582352070e-01,-2.467145142864839050e-15,6.002190175842949489e-04,-4.147254225031690028e-02,1.485381441331844535e-11,4.207276126792807575e-02,-4.794904663571897596e-11,-1.639560161740153198e-13,2.784769216271723927e-03,-5.435171118261484385e-02,2.249414041838709122e-11,5.713648039908951481e-02,-6.668000112509345451e-11
5.752492386952692272e-01,-3.805063769847840116e-01,-2.115641752413663368e-02,-3.368632944124990702e-01,1.084145685274685934e-09,-1.255089451166913062e+00,3.805063764581593788e-01,-2.725020125164702551e-15,6.046290218026483107e-04,-4.155835776261541936e-02,1.488935032672256036e-11,4.216298678444527215e-02,-4.805434936705209885e-11,-1.623891488238082053e-13,2.796260756882375416e-03,-5.425111472483169078e-02,2.247792335565910237e-11,5.704737548190449981e-02,-6.658464090602947925e-11
5.768295937466298984e-01,-3.805063769847840116e-01,-2.115545849896237687e-02,-3.369290390779204336e-01,1.084169243797492427e-09,-1.255022747476317369e+00,3.805063764580833285e-01,-2.980392670050574476e-15,6.090571881182141279e-04,-4.164401429658365350e-02,1.492486061540995781e-11,4.225307148472936397e-02,-4.815950135792230585e-11,-1.607890685686304090e-13,2.807754024576214306e-03,-5.415051802425397548e-02,2.246171132932099843e-11,5.695827204900790613e-02,-6.648923323990569170e-11
5.784099487979905696e-01,-3.805063769847840116e-01,-2.115449246136010680e-02,-3.369949189854566374e-01,1.084192858418920233e-09,-1.254955901531178863e+00,3.805063764580071117e-01,-3.233210209086640963e-15,6.135035191508986458e-04,-4.172951185194717638e-02,1.496034528721610607e-11,4.234301537112582919e-02,-4.826450253315122882e-11,-1.591556739704183564e-13,2.819248880811057231e-03,-5.404992121910628250e-02,2.244550418269502296e-11,5.686917010008216838e-02,-6.639377787993620700e-11
5.799903038493511298e-01,-3.805063769847840116e-01,-2.115351938262117690e-02,-3.370609338838648772e-01,1.084216529098491476e-09,-1.254888913554031538e+00,3.805063764579307839e-01,-3.483420014127193357e-15,6.179680173018166529e-04,-4.181485042864978990e-02,1.499580434972898169e-11,4.243281844597961844e-02,-4.836935281717147917e-11,-1.574888643486373380e-13,2.830745187240694266e-03,-5.394932444739126282e-02,2.242930175927013190e-11,5.678006963478372110e-02,-6.629827458058400208e-11
5.815706589007118010e-01,-3.805063769847840671e-01,-2.115253923403334624e-02,-3.371270835219027373e-01,1.084240255795740066e-09,-1.254821783767406052e+00,3.805063764578542340e-01,-3.730969198515503509e-15,6.224506847536018890e-04,-4.190003002685323275e-02,1.503123781028936671e-11,4.252248071163507864e-02,-4.847405213402861241e-11,-1.557885397823806866e-13,2.842242805714810007e-03,-5.384872784688971015e-02,2.241310390270172548e-11,5.669097065274306124e-02,-6.620272309756397877e-11
5.831510139520724723e-01,-3.805063769847840671e-01,-2.115155198688107446e-02,-3.371933676483278575e-01,1.084264038470211909e-09,-1.254754512393828403e+00,3.805063764577775731e-01,-3.975804718285968128e-15,6.269515234707159334e-04,-4.198505064693680566e-02,1.506664567599107158e-11,4.261200217043596694e-02,-4.857860040738312501e-11,-1.540546011124519411e-13,2.853741598278912439e-03,-5.374813155516051238e-02,2.239691045681135412e-11,5.660187315356454696e-02,-6.610712318784602702e-11
5.847313690034330325e-01,-3.805063769847840671e-01,-2.115055761244591728e-02,-3.372597860118987101e-01,1.084287877081462835e-09,-1.254687099655822369e+00,3.805063764577006902e-01,-4.217873373369459443e-15,6.314705351997581791e-04,-4.206991228949702455e-02,1.510202795368124216e-11,4.270138282472542290e-02,-4.868299756051243187e-11,-1.522869499434306271e-13,2.865241427174251409e-03,-5.364753570954055445e-02,2.238072126558645028e-11,5.651277713682635595e-02,-6.601147460965791997e-11
5.863117240547937037e-01,-3.805063769847840671e-01,-2.114955608200682138e-02,-3.373263383613752664e-01,1.084311771589060669e-09,-1.254619545775906841e+00,3.805063764576236962e-01,-4.457121808802060881e-15,6.360077214697751552e-04,-4.215461495534728736e-02,1.513738464996059232e-11,4.279062267684586446e-02,-4.878724351631285676e-11,-1.504854886457185245e-13,2.876742154837747065e-03,-5.354694044714482931e-02,2.236453617318005700e-11,5.642368260208036751e-02,-6.591577712248819622e-11
5.878920791061543749e-01,-3.805063769847840671e-01,-2.114854736684048872e-02,-3.373930244455184968e-01,1.084335721952582543e-09,-1.254551850976597160e+00,3.805063764575465357e-01,-4.693496515936878111e-15,6.405630835925691996e-04,-4.223915864551748556e-02,1.517271577118367217e-11,4.287972172913900176e-02,-4.889133819730164206e-11,-1.486501203575707880e-13,2.888243643901912232e-03,-5.344634590486634779e-02,2.234835502391055654e-11,5.633458954885212089e-02,-6.582003048708927461e-11
5.894724341575149351e-01,-3.805063769847840671e-01,-2.114753143822173040e-02,-3.374598440130912591e-01,1.084359728131615101e-09,-1.254484015480405557e+00,3.805063764574690977e-01,-4.926943833659123072e-15,6.451366226630074561e-04,-4.232354336125368488e-02,1.520802132345912975e-11,4.296867998394576088e-02,-4.899528152561888750e-11,-1.467807489871085404e-13,2.899745757194780848e-03,-5.334575221937615241e-02,2.233217766226139891e-11,5.624549797664068346e-02,-6.572423446548018139e-11
5.910527892088756063e-01,-3.805063769847840671e-01,-2.114650826742379627e-02,-3.375267968128587426e-01,1.084383790085755531e-09,-1.254416039509840042e+00,3.805063764573916041e-01,-5.157409949604381060e-15,6.497283395593315232e-04,-4.240776910401776456e-02,1.524330131264996954e-11,4.305749744360625603e-02,-4.909907342302966980e-11,-1.448772792143140967e-13,2.911248357739831642e-03,-5.324515952712327582e-02,2.231600393288084017e-11,5.615640788491854662e-02,-6.562838882094947117e-11
5.926331442602361665e-01,-3.805063769847840671e-01,-2.114547782571870108e-02,-3.375938825935884680e-01,1.084407907774609504e-09,-1.254347923287405298e+00,3.805063764573139995e-01,-5.384840901379982768e-15,6.543382349434658006e-04,-4.249183587548705648e-02,1.527855574437382388e-11,4.314617411045976181e-02,-4.920271381092591675e-11,-1.429396164930093268e-13,2.922751308755918744e-03,-5.314456796433470603e-02,2.229983368058166453e-11,5.606731927313160502e-02,-6.553249331805810915e-11
5.942134993115968378e-01,-3.805063769847841226e-01,-2.114444008437761299e-02,-3.376611011040508981e-01,1.084432081157791374e-09,-1.254279667035601786e+00,3.805063764572361173e-01,-5.609182577789487590e-15,6.589663092613262706e-04,-4.257574367755402600e-02,1.531378462400319531e-11,4.323470998684465078e-02,-4.930620261032855271e-11,-1.409676670528165235e-13,2.934254473657194485e-03,-5.304397766701546973e-02,2.228366675034094204e-11,5.597823214069900383e-02,-6.543654772264227575e-11
5.957938543629575090e-01,-3.805063769847841226e-01,-2.114339501467115204e-02,-3.377284520930194378e-01,1.084456310194923766e-09,-1.254211270976926640e+00,3.805063764571580687e-01,-5.830380720060256902e-15,6.636125627431287361e-04,-4.265949251232587641e-02,1.534898795666573120e-11,4.332310507509832403e-02,-4.940953974188939208e-11,-1.389613379011023077e-13,2.945757716053043051e-03,-5.294338877094856288e-02,2.226750298729975715e-11,5.588914648701310411e-02,-6.534055180181615837e-11
5.973742094143180692e-01,-3.805063769847841226e-01,-2.114234258786974047e-02,-3.377959353092711559e-01,1.084480594845637371e-09,-1.254142735333873437e+00,3.805063764570799645e-01,-6.048380923074112568e-15,6.682769954036979270e-04,-4.274308238212422284e-02,1.538416574724446290e-11,4.341135937755725982e-02,-4.951272512589322017e-11,-1.369205368249040136e-13,2.957260899748005451e-03,-5.284280141169485356e-02,2.225134223676294699e-11,5.580006231143936485e-02,-6.524450532397466557e-11
5.989545644656787404e-01,-3.805063769847841226e-01,-2.114128277524394625e-02,-3.378635505015869511e-01,1.084504935069570532e-09,-1.254074060328931761e+00,3.805063764570015827e-01,-6.263128636600972618e-15,6.729596070427755223e-04,-4.282651328948477304e-02,1.541931800037810942e-11,4.349947289655686777e-02,-4.961575868225989348e-11,-1.348451723928393636e-13,2.968763888741714468e-03,-5.274221572459320689e-02,2.223518434419887519e-11,5.571097961331623188e-02,-6.514840805879629635e-11
6.005349195170394117e-01,-3.805063769847841226e-01,-2.114021554806483696e-02,-3.379312974187519414e-01,1.084529330826368001e-09,-1.254005246184587863e+00,3.805063764569230900e-01,-6.474569166535582403e-15,6.776603972453287134e-04,-4.290978523715691106e-02,1.545444472046126486e-11,4.358744563443151671e-02,-4.971864033054620730e-11,-1.327351539569976390e-13,2.980266547228817460e-03,-5.264163184476038093e-02,2.221902915523913138e-11,5.562189839195515184e-02,-6.505225977724576386e-11
6.021152745683999719e-01,-3.805063769847841781e-01,-2.113914087760429550e-02,-3.379991758095556298e-01,1.084553782075681977e-09,-1.253936293123323331e+00,3.805063764568444307e-01,-6.682647676137081717e-15,6.823793653818572506e-04,-4.299289822810335032e-02,1.548954591164471184e-11,4.367527759351441663e-02,-4.982136998994802828e-11,-1.305903916548159572e-13,2.991768739598909578e-03,-5.254104990709107526e-02,2.220287651567832115e-11,5.553281864664039169e-02,-6.495606025157678713e-11
6.036956296197606431e-01,-3.805063769847841781e-01,-2.113805873513536007e-02,-3.380671854227924600e-01,1.084578288777171068e-09,-1.253867201367617534e+00,3.805063764567656603e-01,-6.887309187271639004e-15,6.871165106087026575e-04,-4.307585226549986296e-02,1.552462157783567353e-11,4.376296877613769509e-02,-4.992394757930236241e-11,-1.284107964109373236e-13,3.003270330436471312e-03,-5.244047004625781300e-02,2.218672627147380113e-11,5.544374037662896937e-02,-6.485980925533458556e-11
6.052759846711213143e-01,-3.805063769847841781e-01,-2.113696909193259893e-02,-3.381353260072619826e-01,1.084602850890499672e-09,-1.253797971139945178e+00,3.805063764566866680e-01,-7.088498581658031173e-15,6.918718318683569034e-04,-4.315864735273489128e-02,1.555967172269804629e-11,4.385051918463224452e-02,-5.002637301708937125e-11,-1.261962799390500526e-13,3.014771184520797370e-03,-5.233989239671107963e-02,2.217057826874543661e-11,5.535466358115063296e-02,-6.476350656335881280e-11
6.068563397224818745e-01,-3.805063769847842337e-01,-2.113587191927239137e-02,-3.382035973117693550e-01,1.084627468375337564e-09,-1.253728602662777414e+00,3.805063764566075646e-01,-7.286160602115937883e-15,6.966453278897670638e-04,-4.324128349340909672e-02,1.559469634965266785e-11,4.393792882132772221e-02,-5.012864622143434942e-11,-1.239467547437133563e-13,3.026271166825921215e-03,-5.223931709267917028e-02,2.215443235377536246e-11,5.526558825940775660e-02,-6.466715195178589615e-11
6.084366947738425457e-01,-3.805063769847842337e-01,-2.113476718843330937e-02,-3.382719990851255631e-01,1.084652141191360104e-09,-1.253659096158582287e+00,3.805063764565282391e-01,-7.480239853817347884e-15,7.014369971886467037e-04,-4.332376069133515861e-02,1.562969546187758550e-11,4.402519768855250176e-02,-5.023076711010987009e-11,-1.216621341221631670e-13,3.037770142520560858e-03,-5.213874426816823143e-02,2.213828837300772140e-11,5.517651441057518785e-02,-6.457074519805181532e-11
6.100170498252032170e-01,-3.805063769847842337e-01,-2.113365487069643681e-02,-3.383405310761478102e-01,1.084676869298247200e-09,-1.253589451849822956e+00,3.805063764564488027e-01,-7.670680805540606466e-15,7.062468380677815140e-04,-4.340607895053733706e-02,1.566466906230828878e-11,4.411232578863362452e-02,-5.033273560053777538e-11,-1.193423321661024347e-13,3.049267976968045996e-03,-5.203817405696230247e-02,2.212214617304846365e-11,5.508744203380028237e-02,-6.447428608089459696e-11
6.115974048765637772e-01,-3.805063769847842337e-01,-2.113253493734569902e-02,-3.384091930336596832e-01,1.084701652655683515e-09,-1.253519669958960581e+00,3.805063764563691442e-01,-7.857427790927392736e-15,7.110748486173366825e-04,-4.348823827525118146e-02,1.569961715363799372e-11,4.419931312389679262e-02,-5.043455160979132835e-11,-1.169872637634745369e-13,3.060764535726257299e-03,-5.193760659262319085e-02,2.210600560066506262e-11,5.499837112820273044e-02,-6.437777438035692539e-11
6.131777599279244484e-01,-3.805063769847842337e-01,-2.113140735966822711e-02,-3.384779847064919855e-01,1.084726491223356817e-09,-1.253449750708450550e+00,3.805063764562893747e-01,-8.040425009742451597e-15,7.159210267151654584e-04,-4.357023866992307259e-02,1.573453973831787238e-11,4.428615969666627183e-02,-5.053621505459715166e-11,-1.145968446002181348e-13,3.072259684547553986e-03,-5.183704200849053451e-02,2.208986650278632423e-11,5.490930169287455698e-02,-6.428120987778861126e-11
6.147581149792850086e-01,-3.805063769847842892e-01,-2.113027210895464594e-02,-3.385469058434821821e-01,1.084751384960960455e-09,-1.253379694320746696e+00,3.805063764562094386e-01,-8.219616529136067808e-15,7.207853700271150054e-04,-4.365208013920997276e-02,1.576943681855730800e-11,4.437286550926485690e-02,-5.063772585133736665e-11,-1.121709911620073117e-13,3.083753289378716143e-03,-5.173648043768179494e-02,2.207372872650212199e-11,5.482023372687996193e-02,-6.418459235584913769e-11
6.163384700306456798e-01,-3.805063769847842892e-01,-2.112912915649946266e-02,-3.386159561934757867e-01,1.084776333828189228e-09,-1.253309501018298189e+00,3.805063764561292805e-01,-8.394946284909321570e-15,7.256678760073352911e-04,-4.373376268797907196e-02,1.580430839632417942e-11,4.445943056401387150e-02,-5.073908391605168712e-11,-1.097096207359734101e-13,3.095245216360880975e-03,-5.163592201309219476e-02,2.205759211906319664e-11,5.473116722925534805e-02,-6.408792159851011598e-11
6.179188250820063510e-01,-3.805063769847842892e-01,-2.112797847360135470e-02,-3.386851355053258628e-01,1.084801337784742067e-09,-1.253239171023549980e+00,3.805063764560490669e-01,-8.566358082782002566e-15,7.305685418985850485e-04,-4.381528632130736456e-02,1.583915447334508400e-11,4.454585486323308502e-02,-5.084028916443944205e-11,-1.072126514124107769e-13,3.106735331829479484e-03,-5.153536686739474543e-02,2.204145652788088477e-11,5.464210219900910576e-02,-6.399119739105775421e-11
6.194991801333669112e-01,-3.805063769847842892e-01,-2.112682003156354446e-02,-3.387544435278936894e-01,1.084826396790319148e-09,-1.253168704558944135e+00,3.805063764559686312e-01,-8.733795599663237691e-15,7.354873647325382803e-04,-4.389665104448135791e-02,1.587397505110559611e-11,4.463213840924067782e-02,-5.094134151186168877e-11,-1.046800020864648112e-13,3.118223502314170122e-03,-5.143481513304021951e-02,2.202532180052695396e-11,5.455303863512170337e-02,-6.389441952009527417e-11
6.210795351847275825e-01,-3.805063769847843447e-01,-2.112565380169408730e-02,-3.388238800100491499e-01,1.084851510804624573e-09,-1.253098101846918944e+00,3.805063764558880846e-01,-8.897202384924759886e-15,7.404243413300926058e-04,-4.397785686299666985e-02,1.590877013085053210e-11,4.471828120435316495e-02,-5.104224087334324217e-11,-1.021115924598041735e-13,3.129709594538780670e-03,-5.133426694225713682e-02,2.200918778473332499e-11,5.446397653654548587e-02,-6.379758777354534121e-11
6.226598902360882537e-01,-3.805063769847843447e-01,-2.112447975530625313e-02,-3.388934447006710093e-01,1.084876679787362240e-09,-1.253027363109909365e+00,3.805063764558073158e-01,-9.056521861676821228e-15,7.453794683016751145e-04,-4.405890378255775813e-02,1.594353971358419586e-11,4.480428325088543079e-02,-5.114298716357486541e-11,-9.950734304227587843e-14,3.141193475421249267e-03,-5.123372242705175744e-02,2.199305432839188111e-11,5.437491590220465409e-02,-6.370070194065242943e-11
6.242402452874488139e-01,-3.805063769847843447e-01,-2.112329786371881096e-02,-3.389631373486470256e-01,1.084901903698239353e-09,-1.252956488570345917e+00,3.805063764557264361e-01,-9.211697328046715579e-15,7.503527420475498456e-04,-4.413979180907753180e-02,1.597828380007064056e-11,4.489014455115063196e-02,-5.124358029691527973e-11,-9.686717515354310927e-14,3.152675012073563252e-03,-5.113318171920808869e-02,2.197692127955422901e-11,5.428585673099516756e-02,-6.360376181198512230e-11
6.258206003388094851e-01,-3.805063769847844002e-01,-2.112210809825641397e-02,-3.390329577028747265e-01,1.084927182496962497e-09,-1.252885478450655787e+00,3.805063764556453343e-01,-9.362671958459789300e-15,7.553441587581232082e-04,-4.422052094867693489e-02,1.601300239083390127e-11,4.497586510746013483e-02,-5.134402018739324531e-11,-9.419101092470780983e-14,3.164154071801692381e-03,-5.103264495028781572e-02,2.196078848643151459e-11,5.419679902178470982e-02,-6.350676717943858129e-11
6.274009553901701564e-01,-3.805063769847844002e-01,-2.112091043024987014e-02,-3.391029055122612434e-01,1.084952516143240324e-09,-1.252814332973262834e+00,3.805063764555641215e-01,-9.509388804923157757e-15,7.603537144142511351e-04,-4.430109120768464803e-02,1.604769548615825669e-11,4.506144492212348779e-02,-5.144430674870971323e-11,-9.147877329991425581e-14,3.175630522105538957e-03,-5.093211225163035011e-02,2.194465579739417096e-11,5.410774277341259819e-02,-6.340971783623676889e-11
6.289813104415307166e-01,-3.805063769847843447e-01,-2.111970483103651694e-02,-3.391729805257239216e-01,1.084977904596780455e-09,-1.252743052360586695e+00,3.805063764554827421e-01,-9.651790798311801030e-15,7.653814047875461294e-04,-4.438150259263680397e-02,1.608236308608850061e-11,4.514688399744842817e-02,-5.154443989423993222e-11,-8.873038603793883038e-14,3.187104230678875806e-03,-5.083158375435279513e-02,2.192852306097173101e-11,5.401868798468971444e-02,-6.331261357693469751e-11
6.305616654928913878e-01,-3.805063769847844002e-01,-2.111849127196055442e-02,-3.392431824921907646e-01,1.085003347817291127e-09,-1.252671636835043678e+00,3.805063764554011407e-01,-9.789820749657248669e-15,7.704272254406826842e-04,-4.446175511027654348e-02,1.611700519043015510e-11,4.523218233574072961e-02,-5.164441953703549721e-11,-8.594577371376048850e-14,3.198575065409287738e-03,-5.073105958934993887e-02,2.191239012585260770e-11,5.392963465439837289e-02,-6.321545419742075594e-11
6.321420205442520590e-01,-3.805063769847844002e-01,-2.111726972437334010e-02,-3.393135111606004894e-01,1.085028845764480580e-09,-1.252600086619046760e+00,3.805063764553195393e-01,-9.923421351438695713e-15,7.754911717277043282e-04,-4.454184876755364758e-02,1.615162179874975813e-11,4.531733993930427834e-02,-5.174424558982650126e-11,-8.312486172011589831e-14,3.210042894378115162e-03,-5.063053988729419169e-02,2.189625684088388081e-11,5.384058278129241065e-02,-6.311823949491897116e-11
6.337223755956126192e-01,-3.805063769847844557e-01,-2.111604015963374284e-02,-3.393839662799028045e-01,1.085054398398054778e-09,-1.252528401935004920e+00,3.805063764552376604e-01,-1.005253517887652158e-14,7.805732387943279619e-04,-4.462178357162427389e-02,1.618621291037507359e-11,4.540235681044091365e-02,-5.184391796502360357e-11,-8.026757626903928504e-14,3.221507585860392507e-03,-5.053002477863571124e-02,2.188012305507111598e-11,5.375153236409695862e-02,-6.302096926799114094e-11
6.353027306469732904e-01,-3.805063769847844557e-01,-2.111480254910847593e-02,-3.394545475990591310e-01,1.085080005677719273e-09,-1.252456583005323143e+00,3.805063764551556149e-01,-1.017710469122835858e-14,7.856734215782531800e-04,-4.470155952985056108e-02,1.622077852439539825e-11,4.548723295145048334e-02,-5.194343657472023957e-11,-7.737384439338247132e-14,3.232969008324802686e-03,-5.042951439360221499e-02,2.186398861757813532e-11,5.366248340150844148e-02,-6.292364331653906977e-11
6.368830856983338506e-01,-3.805063769847844557e-01,-2.111355686417240932e-02,-3.395252548670425474e-01,1.085105667563178373e-09,-1.252384630052403747e+00,3.805063764550734584e-01,-1.029707223308739125e-14,7.907917148094649809e-04,-4.478117664980028195e-02,1.625531863966176208e-11,4.557196836463073275e-02,-5.204280133069465011e-11,-7.444359394832201800e-14,3.244427030433614211e-03,-5.032900886219909831e-02,2.184785337772682995e-11,5.357343589219450836e-02,-6.282626144180675316e-11
6.384634407496945219e-01,-3.805063769847845112e-01,-2.111230307620890270e-02,-3.395960878328383448e-01,1.085131384014133702e-09,-1.252312543298644387e+00,3.805063764549910799e-01,-1.041238003568316280e-14,7.959281130105421136e-04,-4.486063493924647566e-02,1.628983325478719645e-11,4.565656305227729084e-02,-5.214201214441202692e-11,-7.147675361284666240e-14,3.255881521042626112e-03,-5.022850831420938578e-02,2.183171718499695327e-11,5.348438983479398418e-02,-6.272882344638245853e-11
6.400437958010551931e-01,-3.805063769847844557e-01,-2.111104115661013858e-02,-3.396670462454441930e-01,1.085157154990284605e-09,-1.252240322966439612e+00,3.805063764549086458e-01,-1.052297021818458241e-14,8.010826104969605461e-04,-4.493993440616705914e-02,1.632432236814696677e-11,4.574101701668355918e-02,-5.224106892702659356e-11,-6.847325289123104937e-14,3.267332349201112866e-03,-5.012801287919367577e-02,2.181557988902592706e-11,5.339534522791676563e-02,-6.263132913420092237e-11
6.416241508524157533e-01,-3.805063769847845112e-01,-2.110977107677745532e-02,-3.397381298538705297e-01,1.085182980451327742e-09,-1.252167969278180859e+00,3.805063764548260452e-01,-1.062878478900539692e-14,8.062552013774012703e-04,-4.501907505874463977e-02,1.635878597787885683e-11,4.582533026014080219e-02,-5.233997158938390595e-11,-6.543302211449126165e-14,3.278779384151777124e-03,-5.002752268649023060e-02,2.179944133960865728e-11,5.330630207014378646e-02,-6.253377831054543115e-11
6.432045059037764245e-01,-3.805063769847845112e-01,-2.110849280812165593e-02,-3.398093384071409484e-01,1.085208860356957083e-09,-1.252095482456254461e+00,3.805063764547432226e-01,-1.072976564711184770e-14,8.114458795540556131e-04,-4.509805690536597411e-02,1.639322408188340147e-11,4.590950278493798054e-02,-5.243872004202279757e-11,-6.235599244182444687e-14,3.290222495330693761e-03,-4.992703786521484471e-02,2.178330138669731763e-11,5.321726036002692034e-02,-6.243617078204979879e-11
6.447848609551370958e-01,-3.805063769847845667e-01,-2.110720632206333769e-02,-3.398806716542923656e-01,1.085234794666862255e-09,-1.252022862723044749e+00,3.805063764546602889e-01,-1.082585458333258998e-14,8.166546387229292473e-04,-4.517687995462166956e-02,1.642763667782411271e-11,4.599353459336172345e-02,-5.253731419517754432e-11,-5.924209586203199834e-14,3.301661552367250903e-03,-4.982655854426090714e-02,2.176715988040119440e-11,5.312822009608898083e-02,-6.233850635670051215e-11
6.463652160064976560e-01,-3.805063769847845667e-01,-2.110591159003323905e-02,-3.399521293443754644e-01,1.085260783340729784e-09,-1.251950110300931396e+00,3.805063764545771887e-01,-1.091699328167091875e-14,8.218814723741489116e-04,-4.525554421530592064e-02,1.646202376312775770e-11,4.607742568769632174e-02,-5.263575395878010055e-11,-5.609126519492711644e-14,3.313096425084105685e-03,-4.972608485229944308e-02,2.175101667098647327e-11,5.303918127682361039e-02,-6.224078484383879897e-11
6.479455710578583272e-01,-3.805063769847846222e-01,-2.110460858347253110e-02,-3.400237112264551387e-01,1.085286826338241647e-09,-1.251877225412290962e+00,3.805063764544939220e-01,-1.100312332061913413e-14,8.271263737922680478e-04,-4.533404969641603027e-02,1.649638533498458161e-11,4.616117607022365843e-02,-5.273403924246216693e-11,-5.290343409272470577e-14,3.324526983497133516e-03,-4.962561691777894052e-02,2.173487160887604861e-11,5.295014390069517629e-02,-6.214300605416247616e-11
6.495259261092189984e-01,-3.805063769847845667e-01,-2.110329727383317838e-02,-3.400954170496103823e-01,1.085312923619074855e-09,-1.251804208279496455e+00,3.805063764544104887e-01,-1.108418617447514388e-14,8.323893360565716784e-04,-4.541239640715220849e-02,1.653072139034859198e-11,4.624478574322319485e-02,-5.283216995555736187e-11,-4.967853704141626504e-14,3.335953097815372564e-03,-4.952515486892551666e-02,2.171872454464936199e-11,5.286110796613884000e-02,-6.204516979972801767e-11
6.511062811605795586e-01,-3.805063769847846222e-01,-2.110197763257823031e-02,-3.401672465629351216e-01,1.085339075142901874e-09,-1.251731059124916889e+00,3.805063764543269444e-01,-1.116012321466117380e-14,8.376703520413815007e-04,-4.549058435691701735e-02,1.656503192593776235e-11,4.632825470897184578e-02,-5.293014600710334758e-11,-4.641650936212723904e-14,3.347374638440974749e-03,-4.942469883374277229e-02,2.170257532904219853e-11,5.277207347156035594e-02,-6.194727589395258374e-11
6.526866362119402298e-01,-3.805063769847846222e-01,-2.110064963118216119e-02,-3.402391995155381599e-01,1.085365280869389583e-09,-1.251657778170917501e+00,3.805063764542431781e-01,-1.123087571104464902e-14,8.429694144163605478e-04,-4.556861355531519053e-02,1.659931693823430035e-11,4.641158296974401409e-02,-5.302796730584398209e-11,-4.311728721245981136e-14,3.358791475969158911e-03,-4.932424894001188193e-02,2.168642381294654160e-11,5.268304041533612703e-02,-6.184932415161580445e-11
6.542669912633007900e-01,-3.805063769847846777e-01,-2.109931324113119636e-02,-3.403112756565436769e-01,1.085391540758199692e-09,-1.251584365639861085e+00,3.805063764541593008e-01,-1.129638483326119899e-14,8.482865156468194761e-04,-4.564648401215325862e-02,1.663357642348489981e-11,4.649477052781149367e-02,-5.312563376023151638e-11,-3.978080758781780571e-14,3.370203481188159197e-03,-4.922380531529154529e-02,2.167026984741034653e-11,5.259400879581305893e-02,-6.175131438886177017e-11
6.558473463146614613e-01,-3.805063769847846222e-01,-2.109796843392362786e-02,-3.403834747350916179e-01,1.085417854768986466e-09,-1.251510821754105551e+00,3.805063764540753124e-01,-1.135659165203967551e-14,8.536216479940214423e-04,-4.572419573743912585e-02,1.666781037770098952e-11,4.657781738544349015e-02,-5.322314527842872701e-11,-3.640700832271629602e-14,3.381610525079181695e-03,-4.912336808691790402e-02,2.165411328363741469e-11,5.250497861130851845e-02,-6.165324642320087975e-11
6.574277013660221325e-01,-3.805063769847846777e-01,-2.109661518107013717e-02,-3.404557965003378039e-01,1.085444222861399003e-09,-1.251437146736005923e+00,3.805063764539911020e-01,-1.141143714052931504e-14,8.589748035154858973e-04,-4.580174874138175783e-02,1.670201879665895618e-11,4.666072354490648222e-02,-5.332050176831105513e-11,-3.299582809207453687e-14,3.393012478816350222e-03,-4.902293738200469431e-02,2.163795397298718339e-11,5.241594986011037516e-02,-6.155512007351180513e-11
6.590080564173826927e-01,-3.805063769847846777e-01,-2.109525345409412472e-02,-3.405282407014542101e-01,1.085470644995078952e-09,-1.251363340807913449e+00,3.805063764539067250e-01,-1.146086217562883044e-14,8.643459740652933553e-04,-4.587914303439081382e-02,1.673620167590039001e-11,4.674348900846419380e-02,-5.341770313746874552e-11,-2.954720641249418946e-14,3.404409213766658622e-03,-4.892251332744312203e-02,2.162179176697457729e-11,5.232692254047680014e-02,-6.145693516004315856e-11
6.605884114687432529e-01,-3.805063769847847333e-01,-2.109388322453200834e-02,-3.406008070876298532e-01,1.085497121129660728e-09,-1.251289404192175825e+00,3.805063764538222926e-01,-1.150480753931762953e-14,8.697351512943926567e-04,-4.595637862707634136e-02,1.677035901073238519e-11,4.682611377837766348e-02,-5.351474929320915367e-11,-2.606108364351920196e-14,3.415800601489935636e-03,-4.882209604990180724e-02,2.160562651726982422e-11,5.223789665063627297e-02,-6.135869150441545719e-11
6.621687665201039241e-01,-3.805063769847847333e-01,-2.109250446393358749e-02,-3.406734954080700706e-01,1.085523651224771504e-09,-1.251215337111137194e+00,3.805063764537375826e-01,-1.154321391998890798e-14,8.751423266509027014e-04,-4.603345553024840164e-02,1.680449079622771438e-11,4.690859785690501549e-02,-5.361164014255874908e-11,-2.253740098888127569e-14,3.427186513738786789e-03,-4.872168567582693677e-02,2.158945807569832590e-11,5.214887218878756087e-02,-6.126038892962281622e-11
6.637491215714645953e-01,-3.805063769847847333e-01,-2.109111714386231046e-02,-3.407463054119979629e-01,1.085550235240029773e-09,-1.251141139787137702e+00,3.805063764536528170e-01,-1.157602191378474908e-14,8.805674913804185195e-04,-4.611037375491668783e-02,1.683859702722511955e-11,4.699094124630156383e-02,-5.370837559226538355e-11,-1.897610049772918180e-14,3.438566822458554925e-03,-4.862128233144211858e-02,2.157328629424042858e-11,5.205984915309961464e-02,-6.116202726003478416e-11
6.653294766228251556e-01,-3.805063769847847888e-01,-2.108972123589563860e-02,-3.408192368486539503e-01,1.085576873135046578e-09,-1.251066812442515053e+00,3.805063764535678850e-01,-1.160317202593314356e-14,8.860106365263150643e-04,-4.618713331229016422e-02,1.687267769832952192e-11,4.707314394881965958e-02,-5.380495554880038499e-11,-1.537712506584036638e-14,3.449941399787270768e-03,-4.852088614274841644e-02,2.155711102503132927e-11,5.197082754171156171e-02,-6.106360632139807479e-11
6.669098316741858268e-01,-3.805063769847847888e-01,-2.108831671162533089e-02,-3.408922894672963277e-01,1.085603564869423247e-09,-1.250992355299602510e+00,3.805063764534827309e-01,-1.162460467208692319e-14,8.914717529300538248e-04,-4.626373421377683037e-02,1.690673280391231287e-11,4.715520596670874642e-02,-5.390137991836088386e-11,-1.174041843681971304e-14,3.461310118055620395e-03,-4.842049723552434987e-02,2.154093212036086577e-11,5.188180735273257432e-02,-6.096512594083822149e-11
6.684901867255463870e-01,-3.805063769847847888e-01,-2.108690354265779776e-02,-3.409654630172015977e-01,1.085630310402753040e-09,-1.250917768580729561e+00,3.805063764533974657e-01,-1.164026017966453720e-14,8.969508312314833668e-04,-4.634017647098319370e-02,1.694076233811154127e-11,4.723712730221518025e-02,-5.399764860687178420e-11,-8.065925203279136000e-15,3.472672849786881486e-03,-4.832011573532589421e-02,2.152474943267338741e-11,5.179278858424190418e-02,-6.086658594686138669e-11
6.700705417769070582e-01,-3.805063769847848443e-01,-2.108548170061438562e-02,-3.410387572476648588e-01,1.085657109694619291e-09,-1.250843052508223030e+00,3.805063764533120341e-01,-1.165007878919274088e-14,9.024478618691484386e-04,-4.641646009571407522e-02,1.697476629483221726e-11,4.731890795758232626e-02,-5.409376151998818698e-11,-4.353590808002648818e-15,3.484029467696905975e-03,-4.821974176748641816e-02,2.150856281456759024e-11,5.170377123428878535e-02,-6.076798616935597751e-11
6.716508968282677294e-01,-3.805063769847848443e-01,-2.108405115713172726e-02,-3.411121719079998060e-01,1.085683962704595411e-09,-1.250768207304405299e+00,3.805063764532264914e-01,-1.165400065565104328e-14,9.079628350805886688e-04,-4.649258509997213767e-02,1.700874466774649961e-11,4.740054793505039943e-02,-5.418971856309731591e-11,-6.033615450973439808e-16,3.495379844694051098e-03,-4.811937545711675313e-02,2.149237211879635871e-11,5.161475530089241343e-02,-6.066932643959427420e-11
6.732312518796282896e-01,-3.805063769847848443e-01,-2.108261188386201940e-02,-3.411857067475394523e-01,1.085710869392244674e-09,-1.250693233191596088e+00,3.805063764531407822e-01,-1.165196584981803725e-14,9.134957409026497324e-04,-4.656855149595765658e-02,1.704269745029399951e-11,4.748204723685650608e-02,-5.428551964132097959e-11,3.184815438877313258e-15,3.506723853879164209e-03,-4.801901692910510999e-02,2.147617719826663321e-11,5.152574078204182062e-02,-6.057060659023412332e-11
6.748116069309889609e-01,-3.805063769847848998e-01,-2.108116385247338354e-02,-3.412593615156361837e-01,1.085737829717120223e-09,-1.250618130392110450e+00,3.805063764530549619e-01,-1.164391435961942857e-14,9.190465691717798801e-04,-4.664435929606800674e-02,1.707662463568194854e-11,4.756340586523447739e-02,-5.438116465951747141e-11,7.010992143787054145e-15,3.518061368545515565e-03,-4.791866630811712768e-02,2.145997790603923233e-11,5.143672767569594517e-02,-6.047182645532051455e-11
6.763919619823496321e-01,-3.805063769847848443e-01,-2.107970703465014348e-02,-3.413331359616622596e-01,1.085764843638763207e-09,-1.250542899128261443e+00,3.805063764529689196e-01,-1.162978609147788111e-14,9.246153095243403452e-04,-4.672000851289750956e-02,1.711052621688552181e-11,4.764462382241499427e-02,-5.447665352228407053e-11,1.087521971482532104e-14,3.529392262178780541e-03,-4.781832371859584541e-02,2.144377409532872363e-11,5.134771597978347868e-02,-6.037298587028714457e-11
6.779723170337101923e-01,-3.805063769847848998e-01,-2.107824140209318270e-02,-3.414070298350096455e-01,1.085791911116705055e-09,-1.250467539622357016e+00,3.805063764528827663e-01,-1.160952087166453911e-14,9.302019513969055596e-04,-4.679549915923687103e-02,1.714440218664801243e-11,4.772570111062533760e-02,-5.457198613395894823e-11,1.477754844142600253e-14,3.540716408456980654e-03,-4.771798928476168183e-02,2.142756561950328794e-11,5.125870569220287304e-02,-6.027408467195805850e-11
6.795526720850708635e-01,-3.805063769847849553e-01,-2.107676692652020803e-02,-3.414810428850909574e-01,1.085819032110463963e-09,-1.250392052096702900e+00,3.805063764527963910e-01,-1.158305844765230853e-14,9.358064840265692234e-04,-4.687083124807302215e-02,1.717825253748112882e-11,4.780663773208952000e-02,-5.466716239862358484e-11,1.871802775619295706e-14,3.552033681250460137e-03,-4.761766313061244205e-02,2.141135233208454807e-11,5.116969681082226412e-02,-6.017512269854907160e-11
6.811330271364315347e-01,-3.805063769847848998e-01,-2.107528357966611393e-02,-3.415551748613395722e-01,1.085846206579547369e-09,-1.250316436773600159e+00,3.805063764527099601e-01,-1.155033848947076833e-14,9.414288964512460391e-04,-4.694600479258859843e-02,1.721207726166519496e-11,4.788743368902811937e-02,-5.476218222010482479e-11,2.269670623384615313e-14,3.563343954621833905e-03,-4.751734537992328977e-02,2.139513408674745575e-11,5.108068933347947177e-02,-6.007609978966937196e-11
6.827133821877920949e-01,-3.805063769847849553e-01,-2.107379133328327048e-02,-3.416294255132095725e-01,1.085873434483450103e-09,-1.250240693875347198e+00,3.805063764526233627e-01,-1.151130059106275243e-14,9.470691775099784318e-04,-4.702101980616173876e-02,1.724587635124942838e-11,4.796808898365829271e-02,-5.485704550197721594e-11,2.671363159018373032e-14,3.574647102825962396e-03,-4.741703615624678209e-02,2.137891073732013653e-11,5.099168325798185408e-02,-5.997701578632299391e-11
6.842937372391527662e-01,-3.805063769847849553e-01,-2.107229015914183559e-02,-3.417037945901765794e-01,1.085900715781652926e-09,-1.250164823624238863e+00,3.805063764525365433e-01,-1.146588427164257730e-14,9.527273158432371988e-04,-4.709587630236562739e-02,1.727964979805214038e-11,4.804860361819368597e-02,-5.495175214756503232e-11,3.076885068105819981e-14,3.585943000309898664e-03,-4.731673558291284859e-02,2.136268213778376377e-11,5.090267858210642538e-02,-5.987787053091033018e-11
6.858740922905134374e-01,-3.805063769847850108e-01,-2.107078002902872810e-02,-3.417782818417363089e-01,1.085928050433624818e-09,-1.250088826242566009e+00,3.805063764524496683e-01,-1.141420446718681074e-14,9.584033099388620429e-04,-4.717057428492467397e-02,1.731339758927479188e-11,4.812897759484659199e-02,-5.504630241684507878e-11,3.399696793795514660e-14,3.597281062441883177e-03,-4.721639425286710406e-02,2.134642651129159167e-11,5.081367531418124611e-02,-5.978042394584516882e-11
6.874544473418739976e-01,-3.805063769847850108e-01,-2.106926091459498940e-02,-3.418528870172521938e-01,1.085955438398752658e-09,-1.250012701952616379e+00,3.805063764523625713e-01,-1.135989327468024261e-14,9.640973594247449806e-04,-4.724511355646263122e-02,1.734711962397817091e-11,4.820921091586866797e-02,-5.514070372266750701e-11,3.473671520797068552e-14,3.608756263104201042e-03,-4.711591721022989621e-02,2.133010218900847876e-11,5.072467347223169609e-02,-5.968805454694840724e-11
6.890348023932346688e-01,-3.805063769847850663e-01,-2.106773278721395248e-02,-3.419276098658134977e-01,1.085982879636280635e-09,-1.249936450976674163e+00,3.805063764522753633e-01,-1.130440930285941681e-14,9.698095393175289744e-04,-4.731949404418431954e-02,1.738081585531565313e-11,4.828930358348142160e-02,-5.523495905748394668e-11,3.548116578632443575e-14,3.620225768117723425e-03,-4.701544725642345379e-02,2.131377133652825820e-11,5.063567302346442395e-02,-5.959569202096042152e-11
6.906151574445952290e-01,-3.805063769847850663e-01,-2.106619561824031595e-02,-3.420024501364943292e-01,1.086010374105421716e-09,-1.249860073537019556e+00,3.805063764521880443e-01,-1.124774511603990710e-14,9.755398405192501057e-04,-4.739371575938754882e-02,1.741448627285149238e-11,4.836925559988469736e-02,-5.532906843210004555e-11,3.623032318290608392e-14,3.631689454981737626e-03,-4.691498451160374533e-02,2.129743380744576797e-11,5.054667396553470110e-02,-5.950333629701955664e-11
6.921955124959559003e-01,-3.805063769847850663e-01,-2.106464937904327719e-02,-3.420774075783867274e-01,1.086037921765372734e-09,-1.249783569855930088e+00,3.805063764521005032e-01,-1.118989327307380863e-14,9.812882537384660844e-04,-4.746777871355994938e-02,1.744813086591871645e-11,4.844906696727466905e-02,-5.542303185720936839e-11,3.698419080207645251e-14,3.643147201344087895e-03,-4.681452909574754934e-02,2.128108945552722109e-11,5.045767629606712906e-02,-5.941098730412325254e-11
6.937758675473165715e-01,-3.805063769847851218e-01,-2.106309404100689675e-02,-3.421524819406012163e-01,1.086065522575313568e-09,-1.249706940155679513e+00,3.805063764520128511e-01,-1.113084632751655354e-14,9.870547694904939062e-04,-4.754168291837851390e-02,1.748174962361937587e-11,4.852873768784367325e-02,-5.551684934339316435e-11,3.774277194255076103e-14,3.654598885001094331e-03,-4.671408112865237799e-02,2.126473813471009575e-11,5.036868001265555617e-02,-5.931864497112778561e-11
6.953562225986771317e-01,-3.805063769847851218e-01,-2.106152957553035845e-02,-3.422276729722666944e-01,1.086093176494405896e-09,-1.249630184658537368e+00,3.805063764519249769e-01,-1.107059682779402014e-14,9.928393780976412213e-04,-4.761542838570952813e-02,1.751534253482484763e-11,4.860826776378027181e-02,-5.561052090112014081e-11,3.850606979728305476e-14,3.666044383897474387e-03,-4.661364072993668534e-02,2.124837969910302866e-11,5.027968511286314002e-02,-5.922630922674798435e-11
6.969365776500378029e-01,-3.805063769847851218e-01,-2.105995595402831294e-02,-3.423029804225311001e-01,1.086120883481794442e-09,-1.249553303586770969e+00,3.805063764518370473e-01,-1.100913731736970201e-14,9.986420696894426907e-04,-4.768901512760807815e-02,1.754890958817605814e-11,4.868765719726911995e-02,-5.570404654074620482e-11,3.927408745335318307e-14,3.677483576126260902e-03,-4.651320801903974234e-02,2.123201400298571812e-11,5.019069159422220872e-02,-5.913397999955680287e-11
6.985169327013984741e-01,-3.805063769847851773e-01,-2.105837314793114479e-02,-3.423784040405616347e-01,1.086148643496605523e-09,-1.249476297162643190e+00,3.805063764517489511e-01,-1.094646033491216106e-14,1.004462834202894065e-03,-4.776244315631794635e-02,1.758245077208380314e-11,4.876690599049095937e-02,-5.579742627251432745e-11,4.004682789185549428e-14,3.688916339928731414e-03,-4.641278311522185895e-02,2.121564090080883681e-11,5.010169945423431637e-02,-5.904165721798517871e-11
7.000972877527590343e-01,-3.805063769847851773e-01,-2.105678112868529517e-02,-3.424539435755448169e-01,1.086176456497946845e-09,-1.249399165608414464e+00,3.805063764516607439e-01,-1.088255841446257999e-14,1.010301661382684854e-03,-4.783571248427115341e-02,1.761596607472896089e-11,4.884601414562252802e-02,-5.589066010655417540e-11,4.082429398778937967e-14,3.700342553694323591e-03,-4.631236613756420373e-02,2.119926024719390572e-11,5.001270869037008349e-02,-5.894934081032159338e-11
7.016776428041197056e-01,-3.805063769847851773e-01,-2.105517986775357411e-02,-3.425295987766870387e-01,1.086204322444906881e-09,-1.249321909146340559e+00,3.805063764515723146e-01,-1.081742408560252942e-14,1.016158540781436637e-03,-4.790882312408789589e-02,1.764945548406284445e-11,4.892498166483663646e-02,-5.598374805288209811e-11,4.160648850995225974e-14,3.711762095960576685e-03,-4.621195720496901194e-02,2.118287189693324573e-11,4.992371930006930802e-02,-5.885703070471191731e-11
7.032579978554803768e-01,-3.805063769847852329e-01,-2.105356933661544153e-02,-3.426053693932147870e-01,1.086232241296555909e-09,-1.249244527998674803e+00,3.805063764514837743e-01,-1.075104987362189891e-14,1.022033461759930088e-03,-4.798177508857598417e-02,1.768291898780736643e-11,4.900380855030189720e-02,-5.607669012140063656e-11,4.239341412083337196e-14,3.723174845413038288e-03,-4.611155643615956479e-02,2.116647570498983541e-11,4.983473128074079883e-02,-5.876472682915904791e-11
7.048383529068409370e-01,-3.805063769847852329e-01,-2.105194950676733331e-02,-3.426812551743750324e-01,1.086260213011943938e-09,-1.249167022387666526e+00,3.805063764513950675e-01,-1.068342829968694020e-14,1.027926413487347413e-03,-4.805456839073087016e-02,1.771635657345541054e-11,4.908249480418289817e-02,-5.616948632189857505e-11,4.318507337651119997e-14,3.734580680885214027e-03,-4.601116394968020329e-02,2.115007152649724319e-11,4.974574462976239647e-02,-5.867242911152265110e-11
7.064187079582016082e-01,-3.805063769847852329e-01,-2.105032034972295629e-02,-3.427572558694352844e-01,1.086288237550101126e-09,-1.249089392535561727e+00,3.805063764513062496e-01,-1.061455188100857695e-14,1.033837384941497205e-03,-4.812720304373507146e-02,1.774976822827102554e-11,4.916104042863999463e-02,-5.626213666405044354e-11,4.398146872655092793e-14,3.745979481358479527e-03,-4.591077986389639071e-02,2.113365921675954010e-11,4.965675934448093853e-02,-5.858013747951886405e-11
7.079990630095621684e-01,-3.805063769847852884e-01,-2.104868183701356574e-02,-3.428333712276841472e-01,1.086316314870037158e-09,-1.249011638664603741e+00,3.805063764512172653e-01,-1.054441313101075557e-14,1.039766364909056008e-03,-4.819967906095811577e-02,1.778315393928973537e-11,4.923944542582941314e-02,-5.635464115741654351e-11,4.478260251390556785e-14,3.757371125962024466e-03,-4.581040429699471256e-02,2.111723863125119635e-11,4.956777542221223881e-02,-5.848785186072006251e-11
7.095794180609228397e-01,-3.805063769847852884e-01,-2.104703394018830540e-02,-3.429096009984313742e-01,1.086344444930741454e-09,-1.248933760997031239e+00,3.805063764511281144e-01,-1.047300455949904843e-14,1.045713341985795783e-03,-4.827199645595611766e-02,1.781651369331879767e-11,4.931770979790299492e-02,-5.644699981144253440e-11,4.558847697481755397e-14,3.768755493972778415e-03,-4.571003736698298070e-02,2.110080962561702001e-11,4.947879286024098322e-02,-5.839557218255462820e-11
7.111597731122835109e-01,-3.805063769847852884e-01,-2.104537663081449544e-02,-3.429859449310084241e-01,1.086372627691182132e-09,-1.248855759755080452e+00,3.805063764510387969e-01,-1.040031867282934390e-14,1.051678304576821998e-03,-4.834415524247156343e-02,1.784984747693746871e-11,4.939583354700836926e-02,-5.653921263545927199e-11,4.639909423872342938e-14,3.780132464815347954e-03,-4.560967919169016394e-02,2.108437205567204383e-11,4.938981165582079225e-02,-5.830329837230654811e-11
7.127401281636440711e-01,-3.805063769847853439e-01,-2.104370988047792046e-02,-3.430624027747685156e-01,1.086400863110306013e-09,-1.248777635160983834e+00,3.805063764509494240e-01,-1.032634797407672255e-14,1.057661240896803044e-03,-4.841615543443301278e-02,1.788315527649727487e-11,4.947381667528873150e-02,-5.663127963868261462e-11,4.721445632815952352e-14,3.791501918061948584e-03,-4.550932988876653373e-02,2.106792577740145745e-11,4.930083180617411687e-02,-5.821103035711541450e-11
7.143204832150047423e-01,-3.805063769847853439e-01,-2.104203366078315207e-02,-3.431389742790871278e-01,1.086429151147037788e-09,-1.248699387436970287e+00,3.805063764508598290e-01,-1.025108496320448159e-14,1.063662138970205943e-03,-4.848799704595477961e-02,1.791643707812228720e-11,4.955165918488289162e-02,-5.672320083021310643e-11,4.803456515867012877e-14,3.802863733432344014e-03,-4.540898957568356015e-02,2.105147064696052013e-11,4.921185330849223161e-02,-5.811876806397585626e-11
7.159008382663654135e-01,-3.805063769847853439e-01,-2.104034794335381958e-02,-3.432156591933621659e-01,1.086457491760280850e-09,-1.248621016805266049e+00,3.805063764507701229e-01,-1.017452213723326041e-14,1.069680986631529451e-03,-4.855968009133673768e-02,1.794969286770938323e-11,4.962936107792521867e-02,-5.681497621903588698e-11,4.885942253871750089e-14,3.814217790793787179e-03,-4.530865836973409916e-02,2.103500652067449291e-11,4.912287615993521372e-02,-5.802651141973761640e-11
7.174811933177259737e-01,-3.805063769847853994e-01,-2.103865269983294997e-02,-3.432924572670141283e-01,1.086485884908915431e-09,-1.248542523488093359e+00,3.805063764506802504e-01,-1.009665199041037582e-14,1.075717771525535422e-03,-4.863120458506393906e-02,1.798292263092851511e-11,4.970692235654550900e-02,-5.690660581402029698e-11,4.968903016959332988e-14,3.825563970160949113e-03,-4.520833638803228166e-02,2.101853325503853842e-11,4.903390035763186688e-02,-5.793426035110509327e-11
7.190615483690866450e-01,-3.805063769847853994e-01,-2.103694790188322117e-02,-3.433693682494867172e-01,1.086514330551798806e-09,-1.248463907707670906e+00,3.805063764505902113e-01,-1.001746701437924417e-14,1.081772481107482788e-03,-4.870257054180641282e-02,1.801612635322298749e-11,4.978434302286906948e-02,-5.699808962391977493e-11,5.052338964533274786e-14,3.836902151695873418e-03,-4.510802374751363142e-02,2.100205070671767568e-11,4.894492589867978360e-02,-5.784201478463719834e-11
7.206419034204473162e-01,-3.805063769847853439e-01,-2.103523352118731246e-02,-3.434463918902470048e-01,1.086542828647766127e-09,-1.248385169686214935e+00,3.805063764505001167e-01,-9.936959698348921726e-15,1.087845102643361520e-03,-4.877377797641881813e-02,1.804930401980970312e-11,4.986162307901653712e-02,-5.708942765737156631e-11,5.136250245262983255e-14,3.848232215707903837e-03,-4.500772056493508588e-02,2.098555873254665728e-11,4.885595278014519954e-02,-5.774977464674711716e-11
7.222222584718078764e-01,-3.805063769847853994e-01,-2.103350952944815777e-02,-3.435235279387855445e-01,1.086571379155627522e-09,-1.248306309645937473e+00,3.805063764504098001e-01,-9.855122529263859681e-15,1.093935623210122486e-03,-4.884482690394017362e-02,1.808245561567946656e-11,4.993876252710389291e-02,-5.718061992289647800e-11,5.220636997075502936e-14,3.859554042653638283e-03,-4.490742695687492680e-02,2.096905718952996292e-11,4.876698099906304901e-02,-5.765753986370207663e-11
7.238026135231685476e-01,-3.805063769847853994e-01,-2.103177589838926831e-02,-3.436007761446168152e-01,1.086599982034170783e-09,-1.248227327809047438e+00,3.805063764503193724e-01,-9.771947991973695400e-15,1.100044029695913589e-03,-4.891571733959365620e-02,1.811558112559722651e-11,5.001576136924246185e-02,-5.727166642889874256e-11,5.305499347147468127e-14,3.870867513136869859e-03,-4.480714303973296064e-02,2.095254593484166052e-11,4.867801055243690944e-02,-5.756531036162315120e-11
7.253829685745292188e-01,-3.805063769847853994e-01,-2.103003259975502401e-02,-3.436781362572796095e-01,1.086628637242158063e-09,-1.248148224397750417e+00,3.805063764502288337e-01,-9.687428569403220395e-15,1.106170308800309178e-03,-4.898644929878617771e-02,1.814868053410233754e-11,5.009261960753871867e-02,-5.736256718366567576e-11,5.390837411897212374e-14,3.882172507908528310e-03,-4.470686892973043530e-02,2.093602482582538352e-11,4.858904143723895980e-02,-5.747308606648506253e-11
7.269633236258897790e-01,-3.805063769847854549e-01,-2.102827960531098578e-02,-3.437556080263370895e-01,1.086657344738327731e-09,-1.248068999634248888e+00,3.805063764501380175e-01,-9.601556742722480825e-15,1.112314447034545330e-03,-4.905702279710828090e-02,1.818175382550886061e-11,5.016933724409444739e-02,-5.745332219536752145e-11,5.476651296977105168e-14,3.893468907866637525e-03,-4.460660474291012340e-02,2.091949371999424047e-11,4.850007365040997359e-02,-5.738086690411588863e-11
7.285436786772504503e-01,-3.805063769847854549e-01,-2.102651688684416612e-02,-3.438331912013773417e-01,1.086686104481393135e-09,-1.247989653740742000e+00,3.805063764500472012e-01,-9.514324991516941105e-15,1.118476430721749258e-03,-4.912743785033361898e-02,1.821480098390579246e-11,5.024591428100644297e-02,-5.754393147205714785e-11,5.562941097266018635e-14,3.904756594056247448e-03,-4.450635059513627367e-02,2.090295247503075040e-11,4.841110718885929115e-02,-5.728865280019698637e-11
7.301240337286110105e-01,-3.805063769847854549e-01,-2.102474441616333095e-02,-3.439108855320133773e-01,1.086714916430041774e-09,-1.247910186939425126e+00,3.805063764499562184e-01,-9.425725793957833683e-15,1.124656245997174807e-03,-4.919769447441894178e-02,1.824782199315736289e-11,5.032235072036668477e-02,-5.763439502166989245e-11,5.649706896862070019e-14,3.916035447669403285e-03,-4.440610660209474286e-02,2.088640094878679431e-11,4.832214204946477798e-02,-5.719644368026268127e-11
7.317043887799716817e-01,-3.805063769847855104e-01,-2.102296216509933272e-02,-3.439886907678836314e-01,1.086743780542936123e-09,-1.247830599452490974e+00,3.805063764498650136e-01,-9.335751626972565622e-15,1.130853878808432082e-03,-4.926779268550358221e-02,1.828081683690328354e-11,5.039864656426214229e-02,-5.772471285202325827e-11,5.736948769075451245e-14,3.927305350045076984e-03,-4.430587287929293322e-02,2.086983899928352476e-11,4.823317822907282476e-02,-5.710423946970017054e-11
7.332847438313323529e-01,-3.805063769847855104e-01,-2.102117010550537055e-02,-3.440666066586522409e-01,1.086772696778711982e-09,-1.247750891502128479e+00,3.805063764497737533e-01,-9.244394966415292408e-15,1.137069314915721639e-03,-4.933773249990937304e-02,1.831378549855904520e-11,5.047480181477483757e-02,-5.781488497081679110e-11,5.824666776421535546e-14,3.938566182669141214e-03,-4.420564954205982722e-02,2.085326648471133672e-11,4.814421572449829878e-02,-5.701204009374925818e-11
7.348650988826929131e-01,-3.805063769847855104e-01,-2.101936820925727131e-02,-3.441446329540090998e-01,1.086801665095979094e-09,-1.247671063310523465e+00,3.805063764496822709e-01,-9.151648287237504395e-15,1.143302539892064769e-03,-4.940751393414016118e-02,1.834672796131611810e-11,5.055081647398162320e-02,-5.790491138563167232e-11,5.912860970614096408e-14,3.949817827174295637e-03,-4.410543670554608470e-02,2.083668326342977392e-11,4.805525453252453699e-02,-5.691984547750226443e-11
7.364454539340535844e-01,-3.805063769847855659e-01,-2.101755644825385044e-02,-3.442227694036706920e-01,1.086830685453320732e-09,-1.247591115099858650e+00,3.805063764495907330e-01,-9.057504063658878297e-15,1.149553539123537253e-03,-4.947713700488171051e-02,1.837964420814230735e-11,5.062669054395436963e-02,-5.799479210393066726e-11,6.001531392558760026e-14,3.961060165340048699e-03,-4.400523448472394572e-02,2.082008919396749653e-11,4.796629464990329744e-02,-5.682765554590372211e-11
7.380258089854142556e-01,-3.805063769847855659e-01,-2.101573479441712702e-02,-3.443010157573795360e-01,1.086859757809292874e-09,-1.247511047092312975e+00,3.805063764494990286e-01,-8.961954769338043485e-15,1.155822297809499643e-03,-4.954660172900129944e-02,1.841253422178194684e-11,5.070242402675969456e-02,-5.808452713305775683e-11,6.090678072346631942e-14,3.972293079092655173e-03,-4.390504299438737629e-02,2.080348413502220682e-11,4.787733607335480784e-02,-5.673547022375035719e-11
7.396061640367748158e-01,-3.805063769847855659e-01,-2.101390321969268810e-02,-3.443793717649054065e-01,1.086888882122423992e-09,-1.247430859510062939e+00,3.805063764494071576e-01,-8.864992877543613344e-15,1.162108800962831021e-03,-4.961590812354753355e-02,1.844539798475623200e-11,5.077801692445908094e-02,-5.817411648023801470e-11,6.180301029248104797e-14,3.983516450505085807e-03,-4.380486234915197119e-02,2.078686794546062332e-11,4.778837879956761292e-02,-5.664328943569075278e-11
7.411865190881354870e-01,-3.805063769847856214e-01,-2.101206169604993845e-02,-3.444578371760447233e-01,1.086918058351214435e-09,-1.247350552575280824e+00,3.805063764493151202e-01,-8.766610861325166138e-15,1.168413033410157760e-03,-4.968505620574991538e-02,1.847823547936339757e-11,5.085346923910867567e-02,-5.826356015257723899e-11,6.270400271706841537e-14,3.994730161796970075e-03,-4.370469266345506504e-02,2.077024048431838391e-11,4.769942282519869931e-02,-5.655111310622538786e-11
7.427668741394961582e-01,-3.805063769847856214e-01,-2.101021019548239901e-02,-3.445364117406217730e-01,1.086947286454136841e-09,-1.247270126510136246e+00,3.805063764492229716e-01,-8.666801193684442031e-15,1.174734979792090754e-03,-4.975404599301875425e-02,1.851104668767908912e-11,5.092878097275938681e-02,-5.835285815706186824e-11,6.360975797333987063e-14,4.005934095334577096e-03,-4.360453405155570450e-02,2.075360161080002960e-11,4.761046814687337758e-02,-5.645894115970629483e-11
7.443472291908567184e-01,-3.805063769847855659e-01,-2.100834869000803642e-02,-3.446150952084880426e-01,1.086976566389635103e-09,-1.247189581536795933e+00,3.805063764491306566e-01,-8.565556347746581117e-15,1.181074624563450059e-03,-4.982287750294472906e-02,1.854383159155655054e-11,5.100395212745673090e-02,-5.844201050055860660e-11,6.452027592902488433e-14,4.017128133630759254e-03,-4.350438662753470381e-02,2.073695118427893677e-11,4.752151476118531004e-02,-5.636677352033700776e-11
7.459275842422173897e-01,-3.805063769847856214e-01,-2.100647715166951285e-02,-3.446938873295232186e-01,1.087005898116124991e-09,-1.247108917877422174e+00,3.805063764490382305e-01,-8.462868796931418263e-15,1.187431951993502552e-03,-4.989155075329870098e-02,1.857659017262693415e-11,5.107898270524081907e-02,-5.853101718981432688e-11,6.543555634341681386e-14,4.028312159344923579e-03,-4.340425050529460316e-02,2.072028906429728153e-11,4.743256266469646210e-02,-5.627461011217239440e-11
7.475079392935779499e-01,-3.805063769847856214e-01,-2.100459555253450170e-02,-3.447727878536350765e-01,1.087035281591991876e-09,-1.247028135754175260e+00,3.805063764489456379e-01,-8.358731015124905730e-15,1.193806946166189615e-03,-4.996006576203138039e-02,1.860932241229953663e-11,5.115387270814629461e-02,-5.861987823145570222e-11,6.635559886732004338e-14,4.039486055282991844e-03,-4.330412579855978661e-02,2.070361511056598811e-11,4.734361185393708843e-02,-5.618245085911854631e-11
7.490882943449386211e-01,-3.805063769847856769e-01,-2.100270386469596864e-02,-3.448517965307600908e-01,1.087064716775592176e-09,-1.246947235389211928e+00,3.805063764488529343e-01,-8.253135476850638362e-15,1.200199590980361320e-03,-5.002842254727305621e-02,1.864202829176209628e-11,5.122862213820233296e-02,-5.870859363198907682e-11,6.728040304299914336e-14,4.050649704397366740e-03,-4.320401262087632949e-02,2.068692918296466737e-11,4.725466232540573297e-02,-5.609029568493257208e-11
7.506686493962992923e-01,-3.805063769847856769e-01,-2.100080206027248736e-02,-3.449309131108633242e-01,1.087094203625252532e-09,-1.246866217004685362e+00,3.805063764487601197e-01,-8.146074657441351944e-15,1.206609870150005632e-03,-5.009662112733332534e-02,1.867470779198102886e-11,5.130323099743248211e-02,-5.879716339780012992e-11,6.820996830412987282e-14,4.061802989786897182e-03,-4.310391108561225509e-02,2.067023114154159752e-11,4.716571407556923584e-02,-5.599814451322251976e-11
7.522490044476598525e-01,-3.805063769847856769e-01,-2.099889011140850317e-02,-3.450101373439390939e-01,1.087123742099269394e-09,-1.246785080822745861e+00,3.805063764486670830e-01,-8.037541033210644022e-15,1.213037767204481945e-03,-5.016466152070082202e-02,1.870736089370172815e-11,5.137769928785475976e-02,-5.888558753515378530e-11,6.914429397575213799e-14,4.072945794696850551e-03,-4.300382130595731267e-02,2.065352084651368203e-11,4.707676710086261540e-02,-5.590599726744722822e-11
7.538293594990205237e-01,-3.805063769847857325e-01,-2.099696799027463492e-02,-3.450894689800108606e-01,1.087153332155908190e-09,-1.246703827065539949e+00,3.805063764485739353e-01,-7.927527081624648968e-15,1.219483265488750497e-03,-5.023254374604291250e-02,1.873998757744880501e-11,5.145202701148146596e-02,-5.897386605019381063e-11,7.008337927422442769e-14,4.084078002518873665e-03,-4.290374339492316474e-02,2.063679815826638504e-11,4.698782139768915844e-02,-5.581385387091624317e-11
7.554097145503811950e-01,-3.805063769847857325e-01,-2.099503566906797333e-02,-3.451689077691320051e-01,1.087182973753403124e-09,-1.246622455955212372e+00,3.805063764484807320e-01,-7.816025281473815599e-15,1.225946348163605044e-03,-5.030026782220537590e-02,1.877258782352636203e-11,5.152621417031921780e-02,-5.906199894894264948e-11,7.102722330718043232e-14,4.095199496790965892e-03,-4.280367746534328305e-02,2.062006293735371522e-11,4.689887696242039244e-02,-5.572171424678962328e-11
7.569900696017417552e-01,-3.805063769847857325e-01,-2.099309312001237243e-02,-3.452484534613855516e-01,1.087212666849958414e-09,-1.246540967713903214e+00,3.805063764483873623e-01,-7.703028113044844142e-15,1.232426998205903143e-03,-5.036783376821223068e-02,1.880516161201825528e-11,5.160026076636885228e-02,-5.914998623730126615e-11,7.197582507348713953e-14,4.106310161197454858e-03,-4.270362362987305260e-02,2.060331504449817726e-11,4.680993379139597454e-02,-5.562957831807792724e-11
7.585704246531023154e-01,-3.805063769847857880e-01,-2.099114031535871672e-02,-3.453281058068848330e-01,1.087242411403745604e-09,-1.246459362563750561e+00,3.805063764482937705e-01,-7.588528058292496989e-15,1.238925198408798384e-03,-5.043524160326536693e-02,1.883770892278837541e-11,5.167416680162542630e-02,-5.923782792104875799e-11,7.292918346320518927e-14,4.117409879568961761e-03,-4.260358200098975090e-02,2.058655434059074283e-11,4.672099188092383032e-02,-5.553744600764202634e-11
7.601507797044629866e-01,-3.805063769847857880e-01,-2.098917722738524033e-02,-3.454078645557738247e-01,1.087272207372904185e-09,-1.246377640726888059e+00,3.805063764482000677e-01,-7.472517601011665028e-15,1.245440931381971983e-03,-5.050249134674428958e-02,1.887022973548091585e-11,5.174793227807813339e-02,-5.932552400584230368e-11,7.388729725755071813e-14,4.128498535882382282e-03,-4.250355269099249933e-02,2.056978068669081826e-11,4.663205122727998031e-02,-5.544531723819302699e-11
7.617311347558235468e-01,-3.805063769847857325e-01,-2.098720382839780810e-02,-3.454877294582270886e-01,1.087302054715541802e-09,-1.246295802425447574e+00,3.805063764481062538e-01,-7.354989227009366154e-15,1.251974179551860458e-03,-5.056958301820579926e-02,1.890272402952059572e-11,5.182155719771019964e-02,-5.941307449721665919e-11,7.485016512885873096e-14,4.139576014260852761e-03,-4.240353581200240890e-02,2.055299394402620896e-11,4.654311182670864411e-02,-5.535319193229219309e-11
7.633114898071842180e-01,-3.805063769847857880e-01,-2.098522009073019307e-02,-3.455677002644503282e-01,1.087331953389732599e-09,-1.246213847881556758e+00,3.805063764480123290e-01,-7.235935424276863663e-15,1.258524925161891989e-03,-5.063651663738381187e-02,1.893519178411297978e-11,5.189504156249898775e-02,-5.950047940058422234e-11,7.581778564054921140e-14,4.150642198973735451e-03,-4.230353147596248309e-02,2.053619397399308071e-11,4.645417367542223341e-02,-5.526107001235082974e-11
7.648918448585448893e-01,-3.805063769847857325e-01,-2.098322598674437836e-02,-3.456477767246804444e-01,1.087361903353518874e-09,-1.246131777317340816e+00,3.805063764479181820e-01,-7.115348683161828842e-15,1.265093150272713664e-03,-5.070329222418898385e-02,1.896763297824473039e-11,5.196838537441578199e-02,-5.958773872123461930e-11,7.679015724709393927e-14,4.161696974436593366e-03,-4.220353979463763172e-02,2.051938063815594667e-11,4.636523676960119245e-02,-5.516895140063019925e-11
7.664721999099054495e-01,-3.805063769847857325e-01,-2.098122148883084515e-02,-3.457279585891860907e-01,1.087391904564908801e-09,-1.246049590954921626e+00,3.805063764478239796e-01,-6.993221496540495657e-15,1.271678836762423067e-03,-5.076990979870843468e-02,1.900004759068384345e-11,5.204158863542580893e-02,-5.967485246433444601e-11,7.776727829398578174e-14,4.172740225211164257e-03,-4.210356087961478200e-02,2.050255379824763190e-11,4.627630110539417141e-02,-5.507683601924145649e-11
7.680525549612661207e-01,-3.805063769847857880e-01,-2.097920656940885364e-02,-3.458082456082676726e-01,1.087421956981876851e-09,-1.245967289016418178e+00,3.805063764477295551e-01,-6.869546359989952709e-15,1.278281966326800297e-03,-5.083636938120551091e-02,1.903243559997994240e-11,5.211465134748817507e-02,-5.976182063492712606e-11,7.874914701770967592e-14,4.183771836005340666e-03,-4.200359484230276746e-02,2.048571331616923774e-11,4.618736667891791547e-02,-5.498472379014555842e-11
7.696329100126267919e-01,-3.805063769847857880e-01,-2.097718120092673111e-02,-3.458886375322577922e-01,1.087452060562363577e-09,-1.245884871723946130e+00,3.805063764476350752e-01,-6.744315771960427304e-15,1.284902520479538467e-03,-5.090267099211948088e-02,1.906479698446455289e-11,5.218757351255589455e-02,-5.984864323793266512e-11,7.973576154571523957e-14,4.194791691673162987e-03,-4.190364179393238353e-02,2.046885905399014837e-11,4.609843348625728560e-02,-5.489261463515317364e-11
7.712132650639873521e-01,-3.805063769847857880e-01,-2.097514535586217713e-02,-3.459691341115216923e-01,1.087482215264274998e-09,-1.245802339299617589e+00,3.805063764475404287e-01,-6.617522233947620789e-15,1.291540480552475509e-03,-5.096881465206529183e-02,1.909713172225134508e-11,5.226035513257570181e-02,-5.993532027814737950e-11,8.072711989639135085e-14,4.205799677214791706e-03,-4.180370184555642910e-02,2.045199087394796932e-11,4.600950152346518912e-02,-5.480050847592463711e-11
7.727936201153480233e-01,-3.805063769847858435e-01,-2.097309900672253077e-02,-3.460497350964570340e-01,1.087512421045482393e-09,-1.245719691965542886e+00,3.805063764474456156e-01,-6.489158250665043109e-15,1.298195827695823156e-03,-5.103480038183319523e-02,1.912943979123640189e-11,5.233299620948809322e-02,-6.002185176024359888e-11,8.172321997904230583e-14,4.216795677776485722e-03,-4.170377510804967186e-02,2.043510863844852431e-11,4.592057078656268387e-02,-5.470840523396988558e-11
7.743739751667086946e-01,-3.805063769847857880e-01,-2.097104212604504817e-02,-3.461304402374946743e-01,1.087542677863821884e-09,-1.245636929943827687e+00,3.805063764473506915e-01,-6.359216330216497245e-15,1.304868542878398312e-03,-5.110062820238852471e-02,1.916172116909849682e-11,5.240549674522718832e-02,-6.010823768876951124e-11,8.272405959386570510e-14,4.227779578650598009e-03,-4.160386169210886914e-02,2.041821221006584874e-11,4.583164127153888795e-02,-5.461630483064839291e-11
7.759543302180692548e-01,-3.805063769847857880e-01,-2.096897468639722512e-02,-3.462112492850987211e-01,1.087572985677094645e-09,-1.245554053456575661e+00,3.805063764472556564e-01,-6.227688984268456364e-15,1.311558606887856153e-03,-5.116629813487146711e-02,1.919397583329935247e-11,5.247785674172085468e-02,-6.019447806814895604e-11,8.372963643193283953e-14,4.238751265275559135e-03,-4.150396170825279563e-02,2.040130145154215097e-11,4.574271297435097972e-02,-5.452420718716910550e-11
7.775346852694299260e-01,-3.805063769847858435e-01,-2.096689666037705388e-02,-3.462921619897666448e-01,1.087603344443065455e-09,-1.245471062725888034e+00,3.805063764471604548e-01,-6.094568728222570341e-15,1.318266000330918465e-03,-5.123181020059669466e-02,1.922620376108391845e-11,5.255007620089048592e-02,-6.028057290268110113e-11,8.473994807516974501e-14,4.249710623235865986e-03,-4.140407526682219480e-02,2.038437622578780256e-11,4.565378589092421863e-02,-5.443211222459039056e-11
7.791150403207905972e-01,-3.805063769847858435e-01,-2.096480802061332499e-02,-3.463731781020298883e-01,1.087633754119462903e-09,-1.245387957973860926e+00,3.805063764470651422e-01,-5.959848081388158093e-15,1.324990703633605873e-03,-5.129716442105312912e-02,1.925840492948062011e-11,5.262215512465099471e-02,-6.036652219654027468e-11,8.575499199634080677e-14,4.260657538262061818e-03,-4.130420247797984140e-02,2.036743639588134155e-11,4.556486001715190359e-02,-5.434001986382005550e-11
7.806953953721511574e-01,-3.805063769847858990e-01,-2.096270873976589788e-02,-3.464542973724540897e-01,1.087664214663979802e-09,-1.245304739422589346e+00,3.805063764469697185e-01,-5.823519567154740127e-15,1.331732697041467265e-03,-5.136236081790362257e-02,1.929057931530162680e-11,5.269409351491083360e-02,-6.045232595377562919e-11,8.677476555903368893e-14,4.271591896230734521e-03,-4.120434345171053447e-02,2.035048182506941429e-11,4.547593534889546318e-02,-5.424793002561521868e-11
7.822757504235118287e-01,-3.805063769847858990e-01,-2.096059879052599231e-02,-3.465355195516389708e-01,1.087694726034271122e-09,-1.245221407294164750e+00,3.805063764468740173e-01,-5.685575713164586881e-15,1.338491960619810723e-03,-5.142739941298470757e-02,1.932272689514311677e-11,5.276589137357180076e-02,-6.053798417831097346e-11,8.779926601764647298e-14,4.282513583164502743e-03,-4.110449829782106268e-02,2.033351237676681742e-11,4.538701188198424746e-02,-5.415584263058229005e-11
7.838561054748723889e-01,-3.805063769847858990e-01,-2.095847814561647982e-02,-3.466168443902193919e-01,1.087725288187955852e-09,-1.245137961810674820e+00,3.805063764467782605e-01,-5.546009051485266266e-15,1.345268474253937278e-03,-5.149228022830634743e-02,1.935484764538557449e-11,5.283754870252917873e-02,-6.062349687394460451e-11,8.882849051737632339e-14,4.293422485232015889e-03,-4.100466712594024593e-02,2.031652791455645590e-11,4.529808961221577779e-02,-5.406375759917700989e-11
7.854364605262330601e-01,-3.805063769847858990e-01,-2.095634677779216470e-02,-3.466982716388644636e-01,1.087755901082614514e-09,-1.245054403194205461e+00,3.805063764466824483e-01,-5.404812118782235393e-15,1.352062217649368158e-03,-5.155700328605158228e-02,1.938694154219400064e-11,5.290906550367152628e-02,-6.070886404434893287e-11,8.986243609420966786e-14,4.304318488747935038e-03,-4.090485004551897008e-02,2.029952830218933329e-11,4.520916853535556640e-02,-5.397167485170436481e-11
7.870168155775937313e-01,-3.805063769847858990e-01,-2.095420465984005123e-02,-3.467798010482789905e-01,1.087786564675790411e-09,-1.244970731666838581e+00,3.805063764465864140e-01,-5.261977456491478042e-15,1.358873170332075726e-03,-5.162156860857625151e-02,1.941900856151821583e-11,5.298044177888066447e-02,-6.079408569307026276e-11,9.090109967491442234e-14,4.315201480172937282e-03,-4.080504716583008284e-02,2.028251340358456792e-11,4.512024864713715111e-02,-5.387959430831854899e-11
7.885971706289542915e-01,-3.805063769847858990e-01,-2.095205176457965585e-02,-3.468614323692031931e-01,1.087817278924988377e-09,-1.244886947450654313e+00,3.805063764464902687e-01,-5.117497610992062468e-15,1.365701311648717447e-03,-5.168597621840882728e-02,1.945104867909312559e-11,5.305167753003171838e-02,-6.087916182352868875e-11,9.194447807703402089e-14,4.326071346113708783e-03,-4.070525859596850482e-02,2.026548308282935412e-11,4.503132994326215777e-02,-5.378751588902299001e-11
7.901775256803149627e-01,-3.805063769847859545e-01,-2.094988806486328126e-02,-3.469431653524128745e-01,1.087848043787674788e-09,-1.244803050767728347e+00,3.805063764463940124e-01,-4.971365133778775722e-15,1.372546620766862489e-03,-5.175022613824998424e-02,1.948306187043897241e-11,5.312277275899292966e-02,-6.096409243901769506e-11,9.299256800888303596e-14,4.336927973322943046e-03,-4.060548444485118785e-02,2.024843720417899451e-11,4.494241241940020309e-02,-5.369543951367035533e-11
7.917578807316756340e-01,-3.805063769847859545e-01,-2.094771353357626972e-02,-3.470249997487198090e-01,1.087878859221276930e-09,-1.244719041840134377e+00,3.805063764462976450e-01,-4.823572581634766644e-15,1.379409076675225908e-03,-5.181431839097244696e-02,1.951504811086161032e-11,5.319372746762571214e-02,-6.104887754270403927e-11,9.404536606954448993e-14,4.347771248699336573e-03,-4.050572482121712198e-02,2.023137563205687740e-11,4.485349607118895715e-02,-5.360336510196249411e-11
7.933382357830361942e-01,-3.805063769847859545e-01,-2.094552814363733265e-02,-3.471069353089723530e-01,1.087909725183183215e-09,-1.244634920889942764e+00,3.805063764462010001e-01,-4.674112516804105246e-15,1.386288658183896117e-03,-5.187825299962051800e-02,1.954700737545274409e-11,5.326454165778448518e-02,-6.113351713762736458e-11,9.510286874886894637e-14,4.358601059287581930e-03,-4.040597983362730072e-02,2.021429823105446064e-11,4.476458089423412945e-02,-5.351129257345042429e-11
7.949185908343968654e-01,-3.805063769847859545e-01,-2.094333186799880384e-02,-3.471889717840549450e-01,1.087940641630742764e-09,-1.244550688139221650e+00,3.805063764461043552e-01,-4.522977507164532996e-15,1.393185343924569939e-03,-5.194202998741006411e-02,1.957893963909025874e-11,5.333521533131685421e-02,-6.121801122670018683e-11,9.616507242747564595e-14,4.369417292278391166e-03,-4.030624959046474887e-02,2.019720486593131683e-11,4.467566688410950365e-02,-5.341922184753440371e-11
7.964989458857575366e-01,-3.805063769847859545e-01,-2.094112467964692054e-02,-3.472711089248893823e-01,1.087971608521263957e-09,-1.244466343810035402e+00,3.805063764460075992e-01,-4.370160126399927527e-15,1.400099112350778772e-03,-5.200564937772804430e-02,1.961084487643840696e-11,5.340574849006323593e-02,-6.130235981270742929e-11,9.723197337675482890e-14,4.380219835008468052e-03,-4.020653419993457794e-02,2.018009540161508487e-11,4.458675403635681961e-02,-5.332715284346388481e-11
7.980793009371180968e-01,-3.805063769847859545e-01,-2.093890655160212527e-02,-3.473533464824341555e-01,1.088002625812016092e-09,-1.244381888124445945e+00,3.805063764459106213e-01,-4.215652954173078961e-15,1.407029941738122342e-03,-5.206911119413227401e-02,1.964272306194814198e-11,5.347614113585707346e-02,-6.138656289830630626e-11,9.830356775887202638e-14,4.391008574960534108e-03,-4.010683377006388217e-02,2.016296970320152490e-11,4.449784234648591907e-02,-5.323508548033754700e-11
7.996596559884787681e-01,-3.805063769847859545e-01,-2.093667745691931564e-02,-3.474356842076853358e-01,1.088033693460226693e-09,-1.244297321304512094e+00,3.805063764458135322e-01,-4.059448576298157774e-15,1.413977810184497254e-03,-5.213241546035111279e-02,1.967457416985731779e-11,5.354639327052463510e-02,-6.147062048602607757e-11,9.937985162677428303e-14,4.401783399763315591e-03,-4.000714840870178007e-02,2.014582763595446336e-11,4.440893180997466244e-02,-5.314301967710328370e-11
8.012400110398393283e-01,-3.805063769847859545e-01,-2.093443736868815658e-02,-3.475181218516764647e-01,1.088064811423083787e-09,-1.244212643572289778e+00,3.805063764457162767e-01,-3.901539584913400393e-15,1.420942695610331397e-03,-5.219556220028330473e-02,1.970639817419103178e-11,5.361650489588508373e-02,-6.155453257826779005e-11,1.004608209241981465e-13,4.412544197191566910e-03,-3.990747822351946306e-02,2.012866906530587051e-11,4.432002242226897037e-02,-5.305095535255828637e-11
8.028203660911999995e-01,-3.805063769847860100e-01,-2.093218626003334748e-02,-3.476006591654791089e-01,1.088095979657732801e-09,-1.244127855149832262e+00,3.805063764456189657e-01,-3.741918578653690664e-15,1.427924575758809673e-03,-5.225855143799753438e-02,1.973819504876181848e-11,5.368647601375030332e-02,-6.163829917730403196e-11,1.015464714856784524e-13,4.423290855166060222e-03,-3.980782332201007745e-02,2.011149385685579910e-11,4.423111417878279605e-02,-5.295889242534898633e-11
8.044007211425606707e-01,-3.805063769847859545e-01,-2.092992410411488244e-02,-3.476832959002030821e-01,1.088127198121278422e-09,-1.244042956259189925e+00,3.805063764455214881e-01,-3.580578162823060857e-15,1.434923428196110354e-03,-5.232138319773227408e-02,1.976996476716995662e-11,5.375630662592491976e-02,-6.172192028527871326e-11,1.026367990365603777e-13,4.434023261753604513e-03,-3.970818381148884940e-02,2.009430187637244893e-11,4.414220707489813211e-02,-5.286683081397116463e-11
8.059810761939212309e-01,-3.805063769847859545e-01,-2.092765087412837288e-02,-3.477660318069963896e-01,1.088158466770783361e-09,-1.243957947122410035e+00,3.805063764454238440e-01,-3.417510949567343337e-15,1.441939230311627997e-03,-5.238405750389540927e-02,1.980170730280371788e-11,5.382599673420622455e-02,-6.180539590420676839e-11,1.037317991930113815e-13,4.444741305167042127e-03,-3.960855979909300162e-02,2.007709298979214427e-11,4.405330110596507309e-02,-5.277477043676990684e-11
8.075614312452819021e-01,-3.805063769847860100e-01,-2.092536654330529045e-02,-3.478488666370458948e-01,1.088189785563267931e-09,-1.243872827961537197e+00,3.805063764453261443e-01,-3.252709558046580063e-15,1.448971959318215213e-03,-5.244657438106402336e-02,1.983342262883964479e-11,5.389554634038416087e-02,-6.188872603597402697e-11,1.048314674620369185e-13,4.455444873765278258e-03,-3.950895139178174642e-02,2.005986706321936294e-11,4.396439626730173217e-02,-5.268271121193971931e-11
8.091417862966425734e-01,-3.805063769847860100e-01,-2.092307108491325840e-02,-3.479318001415775408e-01,1.088221154455709850e-09,-1.243787598998613575e+00,3.805063764452282782e-01,-3.086166614607639550e-15,1.456021592252403421e-03,-5.250893385398411328e-02,1.986511071824281890e-11,5.396495544624124729e-02,-6.197191068233695533e-11,1.059357992414959768e-13,4.466133856053276611e-03,-3.940935869633632044e-02,2.004262396292674920e-11,4.387549255419429667e-02,-5.259065305752452924e-11
8.107221413480031336e-01,-3.805063769847860100e-01,-2.092076447225632574e-02,-3.480148320718562394e-01,1.088252573405044647e-09,-1.243702260455677999e+00,3.805063764451302455e-01,-2.917874752956621242e-15,1.463088105974639196e-03,-5.257113594757024944e-02,1.989677154376709668e-11,5.403422405355251534e-02,-6.205494984492229462e-11,1.070447898201192282e-13,4.476808140682072418e-03,-3.930978181935994298e-02,2.002536355535512350e-11,4.378658996189703501e-02,-5.249859589141774925e-11
8.123024963993638048e-01,-3.805063769847860100e-01,-2.091844667867526555e-02,-3.480979621791867040e-01,1.088284042368162978e-09,-1.243616812554766637e+00,3.805063764450321573e-01,-2.747826614331307993e-15,1.470171477169512821e-03,-5.263318068690533980e-02,1.992840507795541322e-11,5.410335216408544007e-02,-6.213784352522694448e-11,1.081584343775289826e-13,4.487467616448793245e-03,-3.921022086727785072e-02,2.000808570711351150e-11,4.369768848563228975e-02,-5.240653963136230972e-11
8.138828514507244760e-01,-3.805063769847860100e-01,-2.091611767810154163e-02,-3.481811902154552940e-01,1.088315561301938746e-09,-1.243531255517924095e+00,3.805063764449338470e-01,-2.577915284628039806e-15,1.477270482386549471e-03,-5.269506927208076480e-02,1.996001134636435366e-11,5.417233975448092209e-02,-6.222059240749397090e-11,1.065296385228867358e-13,4.496377625971601996e-03,-3.911237418302799390e-02,1.999086722098637026e-11,4.360875181088583880e-02,-5.231547129544349476e-11
8.154632065020850362e-01,-3.805063769847860100e-01,-2.091377744773318878e-02,-3.482645159357503073e-01,1.088347130163343464e-09,-1.243445589567260701e+00,3.805063764448354813e-01,-2.411165072264926738e-15,1.484383183736937050e-03,-5.275680360266685881e-02,1.999159040602135532e-11,5.424118678642035618e-02,-6.230319758231088957e-11,1.044959594800585632e-13,4.505014024117015570e-03,-3.901479680361454039e-02,1.997364249728295961e-11,4.351981082958797376e-02,-5.222455085435515453e-11
8.170435615534457074e-01,-3.805063769847860100e-01,-2.091142596599908712e-02,-3.483479390963684641e-01,1.088378748909357744e-09,-1.243359814924908546e+00,3.805063764447369490e-01,-2.247643959278551649e-15,1.491509509822890305e-03,-5.281838375081049364e-02,2.002314223094747335e-11,5.430989326065286532e-02,-6.238565907784692265e-11,1.024430895623799831e-13,4.513620234276524701e-03,-3.891725039872540731e-02,1.995640060113049539e-11,4.343087063482824889e-02,-5.213363963428770203e-11
8.186239166048063787e-01,-3.805063769847860100e-01,-2.090906321140505175e-02,-3.484314594536857546e-01,1.088410417496920010e-09,-1.243273931812997279e+00,3.805063764446382502e-01,-2.087382272571359563e-15,1.498649412852803495e-03,-5.287980976554251117e-02,2.005466679389909423e-11,5.437845917841765964e-02,-6.246797690860710870e-11,1.003710307297556943e-13,4.522196150388351973e-03,-3.881973506961251819e-02,1.993914139960887584e-11,4.334193122179678254e-02,-5.204273754978975460e-11
8.202042716561669389e-01,-3.805063769847860100e-01,-2.090668916253257334e-02,-3.485150767641552183e-01,1.088442135882924226e-09,-1.243187940453655216e+00,3.805063764445394958e-01,-1.930410335617827266e-15,1.505802844867831823e-03,-5.294108169605332009e-02,2.008616406742265243e-11,5.444688454094630259e-02,-6.255015108896110007e-11,9.827978536050647348e-14,4.530741666869897433e-03,-3.872225091702369976e-02,1.992186475995153814e-11,4.325299258565881017e-02,-5.195184451507025562e-11
8.217846267075276101e-01,-3.805063769847860100e-01,-2.090430379803905753e-02,-3.485987907843081657e-01,1.088473904024222170e-09,-1.243101841069008673e+00,3.805063764444405749e-01,-1.776758467803270853e-15,1.512969757742653638e-03,-5.300219959169218120e-02,2.011763402385490504e-11,5.451516934946275261e-02,-6.263218163314280102e-11,9.616935625126402289e-14,4.539256678617679605e-03,-3.862479804120274446e-02,1.990457054954549716e-11,4.316405472155465661e-02,-5.186096044399867484e-11
8.233649817588881703e-01,-3.805063769847860655e-01,-2.090190709665808513e-02,-3.486826012707538447e-01,1.088505721877621365e-09,-1.243015633881181969e+00,3.805063764443414875e-01,-1.626456983762870420e-15,1.520150103186224599e-03,-5.306316350196640247e-02,2.014907663532314506e-11,5.458331360518326597e-02,-6.271406855524966979e-11,9.403974661686005033e-14,4.547741081007269578e-03,-3.852737654188953531e-02,1.988725863593136490e-11,4.307511762459976384e-02,-5.177008525010507948e-11
8.249453368102488415e-01,-3.805063769847860655e-01,-2.089949903719970706e-02,-3.487665079801801626e-01,1.088537589399884460e-09,-1.242929319112297426e+00,3.805063764442424001e-01,-1.479536192720865939e-15,1.527343832742532499e-03,-5.312397347654046476e-02,2.018049187374544373e-11,5.465131730931628573e-02,-6.279581186924220160e-11,9.189096009020931570e-14,4.556194769893204266e-03,-3.842998651832010837e-02,1.986992888680336983e-11,4.298618128988471176e-02,-5.167921884658028281e-11
8.265256918616095128e-01,-3.805063769847860655e-01,-2.089707959855066979e-02,-3.488505106693531310e-01,1.088569506547730058e-09,-1.242842896984475143e+00,3.805063764441430907e-01,-1.336026397829903599e-15,1.534550897791358811e-03,-5.318462956523525853e-02,2.021187971083091223e-11,5.471918046306252503e-02,-6.287741158894350213e-11,8.972300072218680861e-14,4.564617641608930028e-03,-3.833262806922670130e-02,1.985258117000942477e-11,4.289724571247517659e-02,-5.158836114627606395e-11
8.281060469129700730e-01,-3.805063769847860655e-01,-2.089464875967467564e-02,-3.489346090951179757e-01,1.088601473277831884e-09,-1.242756367719834332e+00,3.805063764440436702e-01,-1.195957895510637943e-15,1.541771249549035673e-03,-5.324513181802742467e-02,2.024324011807995053e-11,5.478690306761493239e-02,-6.295886772803870594e-11,8.753587298149943533e-14,4.573009592966720271e-03,-3.823530129283787826e-02,1.983521535355114303e-11,4.280831088741200025e-02,-5.149751206170520659e-11
8.296864019643307442e-01,-3.805063769847860655e-01,-2.089220649961267412e-02,-3.490188030143990816e-01,1.088633489546818378e-09,-1.242669731540491318e+00,3.805063764439440832e-01,-1.059360974791525306e-15,1.549004839069195076e-03,-5.330548028504832753e-02,2.027457306678444445e-11,5.485448512415850436e-02,-6.304018030007433019e-11,8.532958175455148337e-14,4.581370521257575705e-03,-3.813800628687863403e-02,1.981783130558387073e-11,4.271937680971117646e-02,-5.140667150504175748e-11
8.312667570156914154e-01,-3.805063769847860655e-01,-2.088975279748308059e-02,-3.491030921841998258e-01,1.088665555311272484e-09,-1.242582988668560651e+00,3.805063764438443297e-01,-9.262659166487667297e-16,1.556251617243535178e-03,-5.336567501658341650e-02,2.030587852802806938e-11,5.492192663387041041e-02,-6.312134931845789987e-11,8.310413234530374980e-14,4.589700324251159286e-03,-3.804074314857048417e-02,1.980042889441676113e-11,4.263044347436389242e-02,-5.131583938812119449e-11
8.328471120670519756e-01,-3.805063769847860655e-01,-2.088728763248204334e-02,-3.491874763616035215e-01,1.088697670527731238e-09,-1.242496139326155991e+00,3.805063764437445761e-01,-7.967029933466186011e-16,1.563511534802568400e-03,-5.342571606307138649e-02,2.033715647268648744e-11,5.498922759791981946e-02,-6.320237479645728860e-11,8.085953047512852970e-14,4.597998900195692136e-03,-3.794351197463152053e-02,1.978300798851277137e-11,4.254151087633644551e-02,-5.122501562244053644e-11
8.344274671184126468e-01,-3.805063769847860655e-01,-2.088481098388371426e-02,-3.492719553037730851e-01,1.088729835152685353e-09,-1.242409183735387890e+00,3.805063764436446561e-01,-6.707024677777778255e-16,1.570784542316385358e-03,-5.348560347510340068e-02,2.036840687142761561e-11,5.505638801746801786e-02,-6.328325674720030506e-11,7.859578228265672864e-14,4.606266147817870277e-03,-3.784631286127657090e-02,1.976556845648872711e-11,4.245257901057038208e-02,-5.113420011915858221e-11
8.360078221697733181e-01,-3.805063769847860100e-01,-2.088232283104047432e-02,-3.493565287679518128e-01,1.088762049142579633e-09,-1.242322122118366012e+00,3.805063764435445695e-01,-5.482945928041245579e-16,1.578070590195403610e-03,-5.354533730342226489e-02,2.039962969471185516e-11,5.512340789366819427e-02,-6.336399518367404678e-11,7.631289432362044384e-14,4.614501966322758809e-03,-3.774914590421731692e-02,1.974811016711538392e-11,4.236364787198241416e-02,-5.104339278909611109e-11
8.375881772211338783e-01,-3.805063769847860100e-01,-2.087982315338321113e-02,-3.494411965114628260e-01,1.088794312453811321e-09,-1.242234954697197358e+00,3.805063764434443163e-01,-4.295096105976851221e-16,1.585369628691127037e-03,-5.360491759892158092e-02,2.043082491279232755e-11,5.519028722766549516e-02,-6.344459011872435724e-11,7.401087357068962585e-14,4.622706255393694771e-03,-3.765201119866235652e-02,1.973063298931744669e-11,4.227471745546450971e-02,-5.095259354273605723e-11
8.391685322724945495e-01,-3.805063769847860100e-01,-2.087731193042154793e-02,-3.495259582917103480e-01,1.088826625042730715e-09,-1.242147681693988259e+00,3.805063764433440077e-01,-3.143777519818470711e-16,1.592681607896903476e-03,-5.366434441264513605e-02,2.046199249571515875e-11,5.525702602059702484e-02,-6.352504156505545110e-11,7.168972741330288363e-14,4.630878915192185655e-03,-3.755490883931737051e-02,1.971313679217363419e-11,4.218578775588383706e-02,-5.086180229022369708e-11
8.407488873238552207e-01,-3.805063769847860100e-01,-2.087478914174410727e-02,-3.496108138661789266e-01,1.088858986865640761e-09,-1.242060303330842164e+00,3.805063764432435880e-01,-2.029292357728451215e-16,1.600006477748677379e-03,-5.372361779578591762e-02,2.049313241331968279e-11,5.532362427359172052e-02,-6.360534953522920335e-11,6.934946365749202928e-14,4.639019846357802720e-03,-3.745783892038517804e-02,1.969562144491672115e-11,4.209685876808279964e-02,-5.077101894136692727e-11
8.423292423752157809e-01,-3.805063769847860100e-01,-2.087225476701876081e-02,-3.496957629924343780e-01,1.088891397878796217e-09,-1.241972819829861407e+00,3.805063764431430018e-01,-9.519426812157299873e-17,1.607344188025744630e-03,-5.378273779968540530e-02,2.052424463523868414e-11,5.539008198777035930e-02,-6.368551404166472274e-11,6.699009052570204103e-14,4.647128950008056966e-03,-3.736080153556597949e-02,1.967808681693359962e-11,4.200793048687909148e-02,-5.068024340563642615e-11
8.439095974265764522e-01,-3.805063769847860655e-01,-2.086970878599285831e-02,-3.497808054281236201e-01,1.088923858038404073e-09,-1.241885231413145885e+00,3.805063764430422490e-01,8.796958144411110582e-18,1.614694688351511276e-03,-5.384170447583272456e-02,2.055532913089866586e-11,5.545639916424548871e-02,-6.376553509663775732e-11,6.461161665660336484e-14,4.655206127738305451e-03,-3.726379677805734952e-02,1.966053277776533388e-11,4.191900290706569027e-02,-5.058947559216592521e-11
8.454899524779370124e-01,-3.805063769847860655e-01,-2.086715117849348780e-02,-3.498659409309752832e-01,1.088956367300622932e-09,-1.241797538302795045e+00,3.805063764429414408e-01,1.090142641784562957e-16,1.622057928194245956e-03,-5.390051787586396664e-02,2.058638586952008226e-11,5.552257580412144761e-02,-6.384541271228019031e-11,6.221405110490099744e-14,4.663251281621614251e-03,-3.716682474055450075e-02,1.964295919710718954e-11,4.183007602341081571e-02,-5.049871540975240297e-11
8.470703075292976836e-01,-3.805063769847860655e-01,-2.086458192442772544e-02,-3.499511692587994882e-01,1.088988925621562174e-09,-1.241709740720904787e+00,3.805063764428404660e-01,2.054274857721853485e-16,1.629433856867834726e-03,-5.395917805156125180e-02,2.061741482011757477e-11,5.558861190849424122e-02,-6.392514690057952314e-11,5.979740334113559243e-14,4.671264314208646573e-03,-3.706988551525029763e-02,1.962536594480872080e-11,4.174114983065801282e-02,-5.040796276685634346e-11
8.486506625806583548e-01,-3.805063769847860655e-01,-2.086200100378286446e-02,-3.500364901694884567e-01,1.089021532957282174e-09,-1.241621838889570784e+00,3.805063764427393802e-01,2.980064740124666239e-16,1.636822423532537400e-03,-5.401768505485204236e-02,2.064841595150023367e-11,5.565450747845160362e-02,-6.400473767337830679e-11,5.736168325148084288e-14,4.679245128527538718e-03,-3.697297919383548542e-02,1.960775289087382534e-11,4.165222432352620047e-02,-5.031721757160198824e-11
8.502310176320189150e-01,-3.805063769847860655e-01,-2.085940839662666149e-02,-3.501219034210164560e-01,1.089054189263794086e-09,-1.241533833030886713e+00,3.805063764426381834e-01,3.867210959381488387e-16,1.644223577195739984e-03,-5.407603893780824067e-02,2.067938923227181782e-11,5.572026251507281036e-02,-6.408418504237363766e-11,5.490690113753259046e-14,4.687193628083758702e-03,-3.687610586749882208e-02,1.959011990546079607e-11,4.156329949670955343e-02,-5.022647973177762724e-11
8.518113726833795862e-01,-3.805063769847860100e-01,-2.085680408310758641e-02,-3.502074087714402983e-01,1.089086894497058815e-09,-1.241445723366943366e+00,3.805063764425368200e-01,4.715412351963555069e-16,1.651637266712710148e-03,-5.413423975264555071e-02,2.071033463083101637e-11,5.578587701942885196e-02,-6.416348901911664064e-11,5.243306771609544802e-14,4.695109716859992635e-03,-3.677926562692721002e-02,1.957246685888236953e-11,4.147437534487769667e-02,-5.013574915483578613e-11
8.533917277347402575e-01,-3.805063769847860100e-01,-2.085418804345505125e-02,-3.502930059788993966e-01,1.089119648612987841e-09,-1.241357510119831753e+00,3.805063764424354011e-01,5.524367926985142290e-16,1.659063440787353133e-03,-5.419228755172254830e-02,2.074125211537170725e-11,5.585135099258217717e-02,-6.424264961501190042e-11,4.994019411896132529e-14,4.702993299315997265e-03,-3.668245856230581414e-02,1.955479362160581642e-11,4.138545186267552495e-02,-5.004502574789354300e-11
8.549720827861008177e-01,-3.805063769847860100e-01,-2.085156025797965662e-02,-3.503786948016159308e-01,1.089152451567441358e-09,-1.241269193511639779e+00,3.805063764423338157e-01,6.293776872760111360e-16,1.666502047972960717e-03,-5.425018238753993860e-02,2.077214165388314781e-11,5.591668443558681784e-02,-6.432166684131691861e-11,4.742829189268280497e-14,4.710844280388457733e-03,-3.658568476331833241e-02,1.953710006425298359e-11,4.129652904472345260e-02,-4.995430941773281270e-11
8.565524378374614889e-01,-3.805063769847860100e-01,-2.084892070707342060e-02,-3.504644749978950702e-01,1.089185303316229931e-09,-1.241180773764454237e+00,3.805063764422320083e-01,7.023338563354479454e-16,1.673953036672967990e-03,-5.430792431273975818e-02,2.080300321415027859e-11,5.598187734948822242e-02,-6.440054070914163557e-11,4.489737299834251128e-14,4.718662565490856602e-03,-3.648894431914705139e-02,1.951938605760038774e-11,4.120760688561721230e-02,-4.986360007080060531e-11
8.581327928888221601e-01,-3.805063769847860100e-01,-2.084626937121002166e-02,-3.505503463261258057e-01,1.089218203815111599e-09,-1.241092251100360144e+00,3.805063764421302008e-01,7.712752565135953549e-16,1.681416355141708606e-03,-5.436551338010463252e-02,2.083383676375393973e-11,5.604692973532336003e-02,-6.447927122944793924e-11,4.234744981131397159e-14,4.726448060513319463e-03,-3.639223731847304050e-02,1.950165147257925740e-11,4.111868537992803552e-02,-4.977289761320935577e-11
8.597131479401827203e-01,-3.805063769847860655e-01,-2.084360623094503803e-02,-3.506363085447799510e-01,1.089251153019794561e-09,-1.241003625741440741e+00,3.805063764420282824e-01,8.361718643319102447e-16,1.688891951485164186e-03,-5.442294964255688788e-02,2.086464227007111663e-11,5.611184159412052619e-02,-6.455785841304900602e-11,3.977853512101937927e-14,4.734200671822467489e-03,-3.629556384947632552e-02,1.948389618027560732e-11,4.102976452220254144e-02,-4.968220195073713061e-11
8.612935029915433915e-01,-3.805063769847860655e-01,-2.084093126691617323e-02,-3.507223614124134747e-01,1.089284150885934285e-09,-1.240914897909778158e+00,3.805063764419261418e-01,8.969936768506772844e-16,1.696379773661718703e-03,-5.448023315315782961e-02,2.089541970027519514e-11,5.617661292689941910e-02,-6.463630227060884836e-11,3.719064213068076172e-14,4.741920306261263041e-03,-3.619892399983608289e-02,1.946612005193032238e-11,4.094084430696287580e-02,-4.959151298882804807e-11
8.628738580429039517e-01,-3.805063769847860655e-01,-2.083824445984347462e-02,-3.508085046876663338e-01,1.089317197369134541e-09,-1.240826067827452528e+00,3.805063764418239458e-01,9.537107123227815495e-16,1.703879769482910707e-03,-5.453736396510690254e-02,2.092616902133617485e-11,5.624124373467102173e-02,-6.471460281264179780e-11,3.458378445706492591e-14,4.749606871148852674e-03,-3.610231785673079924e-02,1.944832295893922553e-11,4.085192472870668307e-02,-4.950083063259252361e-11
8.644542130942646230e-01,-3.805063769847860655e-01,-2.083554579052961792e-02,-3.508947381292625289e-01,1.089350292424946364e-09,-1.240737135716542650e+00,3.805063764417216388e-01,1.006293010847023500e-15,1.711391886614188141e-03,-5.459434213174101103e-02,2.095689020002096961e-11,5.630573401843767811e-02,-6.479276004951197505e-11,3.195797613022478768e-14,4.757260274280416222e-03,-3.600574550683845187e-02,1.943050477285314560e-11,4.076300578190710650e-02,-4.941015478680759306e-11
8.660345681456252942e-01,-3.805063769847860655e-01,-2.083283523986005983e-02,-3.509810614960104935e-01,1.089383436008868885e-09,-1.240648101799124881e+00,3.805063764416191652e-01,1.054710635021071676e-15,1.718916072575657743e-03,-5.465116770653356132e-02,2.098758320289359486e-11,5.637008377919291296e-02,-6.487077399143276008e-11,2.931323159323254113e-14,4.764880423926990717e-03,-3.590920703633666139e-02,1.941266536537799164e-11,4.067408746101282280e-02,-4.931948535591723575e-11
8.676149231969858544e-01,-3.805063769847860655e-01,-2.083011278880333647e-02,-3.510674745468032598e-01,1.089416628076347261e-09,-1.240558966297275134e+00,3.805063764415165806e-01,1.098933670593954498e-15,1.726452274742836619e-03,-5.470784074309378159e-02,2.101824799631545531e-11,5.643429301792146635e-02,-6.494864464846622344e-11,2.664956570190953372e-14,4.772467228835311666e-03,-3.581270253090296229e-02,1.939480460837485306e-11,4.058516976044808378e-02,-4.922882224403272344e-11
8.691952782483465256e-01,-3.805063769847860655e-01,-2.082737841841125065e-02,-3.511539770406186811e-01,1.089449868582773917e-09,-1.240469729433067325e+00,3.805063764414138849e-01,1.138932227118136835e-15,1.734000440347405973e-03,-5.476436129516589618e-02,2.104888454644555490e-11,5.649836173559923819e-02,-6.502637203052260924e-11,2.396699372454898484e-14,4.780020598227634372e-03,-3.571623207571493486e-02,1.937692237386004813e-11,4.049625267461272327e-02,-4.913816535493295638e-11
8.707756332997071969e-01,-3.805063769847860100e-01,-2.082463210981911825e-02,-3.512405687365197648e-01,1.089483157483488130e-09,-1.240380391428574036e+00,3.805063764413110783e-01,1.174676438601148297e-15,1.741560516477962681e-03,-5.482072941662837623e-02,2.107949281924077790e-11,5.656228993319329518e-02,-6.510395614735992160e-11,2.126553134163448549e-14,4.787540441801577812e-03,-3.561979575545038551e-02,1.935901853400523704e-11,4.040733619788218489e-02,-4.904751459206478643e-11
8.723559883510677571e-01,-3.805063769847860100e-01,-2.082187384424597984e-02,-3.513272493936546725e-01,1.089516494733773964e-09,-1.240290952505865851e+00,3.805063764412081606e-01,1.206136464156761490e-15,1.749132450080767825e-03,-5.487694516149312779e-02,2.111007278045612161e-11,5.662607761166182224e-02,-6.518139700858329133e-11,1.854519464555231964e-14,4.795026669729930344e-03,-3.552339365428760359e-02,1.934109296113747039e-11,4.031842032460753594e-02,-4.895686985854335956e-11
8.739363434024284283e-01,-3.805063769847860100e-01,-2.081910360299482968e-02,-3.514140187712569974e-01,1.089549880288862129e-09,-1.240201412887012244e+00,3.805063764411050209e-01,1.233282488655726133e-15,1.756716187960500426e-03,-5.493300858390465224e-02,2.114062439564492574e-11,5.668972477195399068e-02,-6.525869462364442014e-11,1.580600014029705823e-14,4.802479192660477972e-03,-3.542702585590554176e-02,1.932314552773930872e-11,4.022950504911552289e-02,-4.886623105715255531e-11
8.755166984537890995e-01,-3.805063769847860100e-01,-2.081632136745285161e-02,-3.515008766286460973e-01,1.089583314103928536e-09,-1.240111772794081135e+00,3.805063764410018257e-01,1.256084723375998903e-15,1.764311676781003813e-03,-5.498891973813927608e-02,2.117114763015910827e-11,5.675323141500995122e-02,-6.533584900184112831e-11,1.304796474117523142e-14,4.809897921715809190e-03,-3.533069244348402416e-02,1.930517610644887101e-11,4.014059036570854361e-02,-4.877559809034525170e-11
8.770970535051496597e-01,-3.805063769847860100e-01,-2.081352711909163072e-02,-3.515878227252271504e-01,1.089616796134094087e-09,-1.240022032449138889e+00,3.805063764408985194e-01,1.274513406652542955e-15,1.771918863066040441e-03,-5.504467867860446395e-02,2.120164244914947892e-11,5.681659754176095894e-02,-6.541286015231685061e-11,1.027110577449938940e-14,4.817282768493150180e-03,-3.523439349970393375e-02,1.928718457005995422e-11,4.005167626866472375e-02,-4.868497086024373240e-11
8.786774085565103309e-01,-3.805063769847859545e-01,-2.081072083946735457e-02,-3.516748568204913217e-01,1.089650326334424469e-09,-1.239932192074250095e+00,3.805063764407951021e-01,1.288538804526607576e-15,1.779537693200040427e-03,-5.510028545983790271e-02,2.123210881756591359e-11,5.687982315312910958e-02,-6.548972808406006763e-11,7.475440977278922583e-15,4.824633645064157518e-03,-3.513812910674744133e-02,1.926917079152211082e-11,3.996276275223788199e-02,-4.859434926864010030e-11
8.802577636078710022e-01,-3.805063769847860100e-01,-2.080790251022106990e-02,-3.517619786740164289e-01,1.089683904659929950e-09,-1.239842251891478675e+00,3.805063764406915738e-01,1.298131211394532563e-15,1.787168113428850300e-03,-5.515574013650678675e-02,2.126254670015762902e-11,5.694290825002742973e-02,-6.556645280590378875e-11,4.660988496905638182e-15,4.831950463974724747e-03,-3.504189934629829001e-02,1.925113464394072636e-11,3.987384981065764805e-02,-4.850373321699662004e-11
8.818381186592315624e-01,-3.805063769847860100e-01,-2.080507211307887697e-02,-3.518491880454663878e-01,1.089717531065564961e-09,-1.239752212122886332e+00,3.805063764405878790e-01,1.303260950656045746e-15,1.794810069860481097e-03,-5.521104276340697142e-02,2.129295606147342193e-11,5.700585283335980746e-02,-6.564303432652502228e-11,1.827766890832612990e-15,4.839233138244790691e-03,-3.494570429954193397e-02,1.923307600057713901e-11,3.978493743812941408e-02,-4.841312260644611864e-11
8.834184737105922336e-01,-3.805063769847860655e-01,-2.080222962985215501e-02,-3.519364846945919889e-01,1.089751205506226860e-09,-1.239662072990533881e+00,3.805063764404840732e-01,1.303898375362045980e-15,1.802463508465860370e-03,-5.526619339546222365e-02,2.132333686586192747e-11,5.706865690402095070e-02,-6.571947265444429722e-11,-1.024204873751426327e-15,4.846481581368137365e-03,-3.484954404716576054e-02,1.921499473484870096e-11,3.969602562883437630e-02,-4.832251733779238618e-11
8.849988287619527938e-01,-3.805063769847860100e-01,-2.079937504243777741e-02,-3.520238683812307312e-01,1.089784927936757995e-09,-1.239571834716480581e+00,3.805063764403801563e-01,1.300013868861867468e-15,1.810128375079579416e-03,-5.532119208772347252e-02,2.135368907747186481e-11,5.713132046289637334e-02,-6.579576779802510750e-11,-3.894907420253122280e-15,4.853695707312188738e-03,-3.475341866935938856e-02,1.919689072032890443e-11,3.960711437692956277e-02,-4.823191731151058293e-11
8.865791838133134650e-01,-3.805063769847860100e-01,-2.079650833281831632e-02,-3.521113388653075993e-01,1.089818698311943227e-09,-1.239481497522784137e+00,3.805063764402760729e-01,1.291577845450026381e-15,1.817804615400641591e-03,-5.537603889536794888e-02,2.138401266025226654e-11,5.719384351086228419e-02,-6.587191976547342082e-11,-6.784320963012194754e-15,4.860875430517797371e-03,-3.465732824581486959e-02,1.917876383074745602e-11,3.951820367654787503e-02,-4.814132242774766587e-11
8.881595388646741362e-01,-3.805063769847860100e-01,-2.079362948306227865e-02,-3.521988959068346192e-01,1.089852516586509720e-09,-1.239391061631500923e+00,3.805063764401718784e-01,1.278560751012417061e-15,1.825492174993209333e-03,-5.543073387369845673e-02,2.141430757795273719e-11,5.725622604878566335e-02,-6.594792856483709710e-11,-9.692425307641761518e-15,4.868020665899041449e-03,-3.456127285572694469e-02,1.916061393999038973e-11,3.942929352179812275e-02,-4.805073258632278936e-11
8.897398939160346965e-01,-3.805063769847860100e-01,-2.079073847532430033e-02,-3.522865392659112471e-01,1.089886382715127976e-09,-1.239300527264686202e+00,3.805063764400676840e-01,1.260933063671973177e-15,1.833190999287353986e-03,-5.548527707814252669e-02,2.144457379412370524e-11,5.731846807752411649e-02,-6.602379420400544897e-11,-1.261919985137769632e-14,4.875131328843000135e-03,-3.446525257779323170e-02,1.914244092210014458e-11,3.934038390676501684e-02,-4.796014768672769285e-11
8.913202489673953677e-01,-3.805063769847859545e-01,-2.078783529184535447e-02,-3.523742687027248688e-01,1.089920296652410596e-09,-1.239209894644393239e+00,3.805063764399632675e-01,1.238665294433762672e-15,1.840901033579802172e-03,-5.553966856425169435e-02,2.147481127211666546e-11,5.738056959792590256e-02,-6.609951669070871191e-11,-1.556462358343069555e-14,4.882207335209552343e-03,-3.436926749021453065e-02,1.912424465127570351e-11,3.925147482550924577e-02,-4.786956762812724375e-11
8.929006040187560389e-01,-3.805063769847860100e-01,-2.078491991495297689e-02,-3.524620839775504666e-01,1.089954258352911862e-09,-1.239119163992675299e+00,3.805063764398587400e-01,1.211727987829550427e-15,1.848622223034682372e-03,-5.559390838770067456e-02,2.150501997508442126e-11,5.744253061082985751e-02,-6.617509603251746259e-11,-1.852867508534417258e-14,4.889248601331145153e-03,-3.427331767069503876e-02,1.910602500187265478e-11,3.916256627206742696e-02,-4.777899230935973470e-11
8.944809590701165991e-01,-3.805063769847860100e-01,-2.078199232706147426e-02,-3.525499848507513967e-01,1.089988267771127329e-09,-1.239028335531582758e+00,3.805063764397541015e-01,1.180091722561748578e-15,1.856354512684270852e-03,-5.564799660428659811e-02,2.153519986598133348e-11,5.750435111706540120e-02,-6.625053223684215363e-11,-2.151133253135797628e-14,4.896255044012566560e-03,-3.417740319644264890e-02,1.908778184840332769e-11,3.907365824045226643e-02,-4.768842162893743283e-11
8.960613141214772703e-01,-3.805063769847860100e-01,-2.077905251067211495e-02,-3.526379710827790559e-01,1.090022324861494854e-09,-1.238937409483165553e+00,3.805063764396492965e-01,1.143727112146824090e-15,1.864097847429740202e-03,-5.570193326992822769e-02,2.156535090756359180e-11,5.756603111745246110e-02,-6.632582531093266121e-11,-2.451257368877765370e-14,4.903226580530736442e-03,-3.408152414416912301e-02,1.906951506553687335e-11,3.898475072465243385e-02,-4.759785548504698693e-11
8.976416691728379416e-01,-3.805063769847859545e-01,-2.077610044837334066e-02,-3.527260424341734923e-01,1.090056429578392325e-09,-1.238846386069472283e+00,3.805063764395444914e-01,1.102604805558085103e-15,1.871852172041904832e-03,-5.575571844066513905e-02,2.159547306238941833e-11,5.762757061280142368e-02,-6.640097526187758713e-11,-2.753237591834890965e-14,4.910163128634455025e-03,-3.398568059009045988e-02,1.905122452809941008e-11,3.889584371863272910e-02,-4.750729377554987333e-11
8.992220242241985018e-01,-3.805063769847859545e-01,-2.077313612284100233e-02,-3.528141986655632945e-01,1.090090581876139313e-09,-1.238755265512549775e+00,3.805063764394394643e-01,1.056695487867929476e-15,1.879617431161964298e-03,-5.580935217265699938e-02,2.162556629281935516e-11,5.768896960391316914e-02,-6.647598209660398742e-11,-3.057071617463537645e-14,4.917064606544186908e-03,-3.388987260992706863e-02,1.903291011107408804e-11,3.880693721633402676e-02,-4.741673639798292584e-11
9.008023792755591730e-01,-3.805063769847860100e-01,-2.077015951683851280e-02,-3.529024395376659240e-01,1.090124781708994591e-09,-1.238664048034444631e+00,3.805063764393343817e-01,1.005969880889409389e-15,1.887393569302249019e-03,-5.586283452218270690e-02,2.165563056101648732e-11,5.775022809157890485e-02,-6.655084582187660975e-11,-3.362757100640567645e-14,4.923930932951807796e-03,-3.379410027890408091e-02,1.901457168960121848e-11,3.871803121167334549e-02,-4.732618324955870404e-11
9.023827343269197332e-01,-3.805063769847860100e-01,-2.076717061321708274e-02,-3.529907648112879381e-01,1.090159029031157375e-09,-1.238572733857201014e+00,3.805063764392290770e-01,9.503987438172496534e-16,1.895180530846969462e-03,-5.591616554563971081e-02,2.168566582894671745e-11,5.781134607658029723e-02,-6.662556644429762202e-11,-3.670291655702223572e-14,4.930762027020383319e-03,-3.369836367175165631e-02,1.899620913897840299e-11,3.862912569854388273e-02,-4.723563422716606852e-11
9.039630893782804044e-01,-3.805063769847860100e-01,-2.076416939491593922e-02,-3.530791742473249339e-01,1.090193323796767118e-09,-1.238481323202862860e+00,3.805063764391237169e-01,8.899528738682223148e-16,1.902978260052954479e-03,-5.596934529954311621e-02,2.171567205837897900e-11,5.787232355968929126e-02,-6.670014397030591445e-11,-3.979672856483646871e-14,4.937557808383912297e-03,-3.360266286270512104e-02,1.897782233466061101e-11,3.854022067081500080e-02,-4.714508922737058792e-11
9.055434444296410756e-01,-3.805063769847860100e-01,-2.076115584496246447e-02,-3.531676676067621035e-01,1.090227665959902474e-09,-1.238389816293471890e+00,3.805063764390183012e-01,8.246031069208643347e-16,1.910786701050399194e-03,-5.602237384052496244e-02,2.174564921088552064e-11,5.793316054166811752e-02,-6.677457840617667304e-11,-4.290898236359054509e-14,4.944318197147083878e-03,-3.350699792550545369e-02,1.895941115226033822e-11,3.845131612233234492e-02,-4.705454814641507537e-11
9.071237994810016358e-01,-3.805063769847859545e-01,-2.075812994647246654e-02,-3.532562446506742893e-01,1.090262055474580474e-09,-1.238298213351069377e+00,3.805063764389127745e-01,7.543203181546265984e-16,1.918605797843606596e-03,-5.607525122533345979e-02,2.177559724784211949e-11,5.799385702326927822e-02,-6.684886975802083672e-11,-4.603965288282188608e-14,4.951043113885026867e-03,-3.341136893339939629e-02,1.894097546754767435e-11,3.836241204691778761e-02,-4.696401088022006667e-11
9.087041545323623071e-01,-3.805063769847860100e-01,-2.075509168265033191e-02,-3.533449051402258734e-01,1.090296492294758176e-09,-1.238206514597695929e+00,3.805063764388069703e-01,6.790754226883124559e-16,1.926435494311731951e-03,-5.612797751083217768e-02,2.180551613042837838e-11,5.805441300523549869e-02,-6.692301803178465796e-11,-4.918871464827470369e-14,4.957732479643060797e-03,-3.331577595913981504e-02,1.892251515645046474e-11,3.827350843836952593e-02,-4.687347732438434375e-11
9.102845095837229783e-01,-3.805063769847860100e-01,-2.075204103678923023e-02,-3.534336488366712214e-01,1.090330976374330394e-09,-1.238114720255389267e+00,3.805063764387011660e-01,5.988393762178700878e-16,1.934275734209527217e-03,-5.618055275399925358e-02,2.183540581962792294e-11,5.811482848829968573e-02,-6.699702323324910819e-11,-5.235614178231734604e-14,4.964386215936440055e-03,-3.322021907498597798e-02,1.890403009505440731e-11,3.818460529046207447e-02,-4.678294737418539350e-11
9.118648646350834275e-01,-3.805063769847859545e-01,-2.074897799227133632e-02,-3.535224755013550713e-01,1.090365507667129903e-09,-1.238022830546187114e+00,3.805063764385952507e-01,5.135831756535892810e-16,1.942126461168077866e-03,-5.623297701192662978e-02,2.186526627622867629e-11,5.817510347318484432e-02,-6.707088536802937375e-11,-5.554190800436168734e-14,4.971004244750085004e-03,-3.312469835270386714e-02,1.888552015960317854e-11,3.809570259694633476e-02,-4.669242092457998936e-11
9.134452196864439877e-01,-3.805063769847859545e-01,-2.074590253256798633e-02,-3.536113848957123107e-01,1.090400086126928269e-09,-1.237930845692126525e+00,3.805063764384891689e-01,4.232778597564951927e-16,1.949987618695554889e-03,-5.628525034181931785e-02,2.189509746082313044e-11,5.823523796060417479e-02,-6.714460444157449400e-11,-5.874598663129279837e-14,4.977586488538335643e-03,-3.302921386356642147e-02,1.886698522649855626e-11,3.800680035154958836e-02,-4.660189787020463079e-11
9.150255747378046589e-01,-3.805063769847860100e-01,-2.074281464123989976e-02,-3.537003767812682553e-01,1.090434711707433567e-09,-1.237838765915242556e+00,3.805063764383829761e-01,3.278945097742444920e-16,1.957859150177943593e-03,-5.633737280099450351e-02,2.192489933380854337e-11,5.829523195126084384e-02,-6.721818045916659876e-11,-6.196835057789749355e-14,4.984132870224668860e-03,-3.293376567835391844e-02,1.884842517230053922e-11,3.791789854797558701e-02,-4.651137810537619596e-11
9.166059297891653301e-01,-3.805063769847859545e-01,-2.073971430193735643e-02,-3.537894509196389814e-01,1.090469384362292044e-09,-1.237746591437568933e+00,3.805063764382767832e-01,2.274042500761526690e-16,1.965740998879796694e-03,-5.638934444688093600e-02,2.195467185538723957e-11,5.835508544584811635e-02,-6.729161342592067568e-11,-6.520897235730389688e-14,4.990643313201443415e-03,-3.283835386735422385e-02,1.882983987372748602e-11,3.782899717990455268e-02,-4.642086152409231654e-11
9.181862848405258903e-01,-3.805063769847859545e-01,-2.073660149840039768e-02,-3.538786070725314370e-01,1.090504104045086047e-09,-1.237654322481139380e+00,3.805063764381703129e-01,1.217782487876706952e-16,1.973633107944966578e-03,-5.644116533701796362e-02,2.198441498556683617e-11,5.841479844504925828e-02,-6.736490334678387227e-11,-6.846782408142248462e-14,4.997117741329619792e-03,-3.274297850036307633e-02,1.881122920765622174e-11,3.774009624099319837e-02,-4.633034802003205629e-11
9.197666398918865616e-01,-3.805063769847859545e-01,-2.073347621445901373e-02,-3.539678450017435529e-01,1.090538870709335263e-09,-1.237561959267985623e+00,3.805063764380638425e-01,1.098771842403719834e-17,1.981535420397352327e-03,-5.649283552905489530e-02,2.201412868416049180e-11,5.847437094953743253e-02,-6.743805022653506943e-11,-7.174487746139428448e-14,5.003556078938490442e-03,-3.264763964668447593e-02,1.879259305112218656e-11,3.765119572487481137e-02,-4.623983748655638277e-11
9.213469949432472328e-01,-3.805063769847860100e-01,-2.073033843403333104e-02,-3.540571644691644648e-01,1.090573684308495273e-09,-1.237469502020138945e+00,3.805063764379571500e-01,-1.049960834766424231e-16,1.989447879141631979e-03,-5.654435508075017491e-02,2.204381291078716181e-11,5.853380295997576144e-02,-6.751105406978436444e-11,-7.504010380804224289e-14,5.009958250825393561e-03,-3.255233737513097553e-02,1.877393128131955859e-11,3.756229562515927406e-02,-4.614932981670875545e-11
9.229273499946077930e-01,-3.805063769847860100e-01,-2.072718814113379618e-02,-3.541465652367745687e-01,1.090608544795957965e-09,-1.237376950959629296e+00,3.805063764378504021e-01,-2.262018537211968336e-16,1.997370426964008901e-03,-5.659572404997056938e-02,2.207346762487184708e-11,5.859309447701724349e-02,-6.758391488097255395e-11,-7.835347403232988768e-14,5.016324182255436394e-03,-3.245707175402393757e-02,1.875524377560136689e-11,3.747339593543307090e-02,-4.605882490321564265e-11
9.245077050459684642e-01,-3.805063769847859545e-01,-2.072402531986137358e-02,-3.542360470666459649e-01,1.090643452125050913e-09,-1.237284306308485293e+00,3.805063764377435986e-01,-3.526582428297675403e-16,2.005303006532950343e-03,-5.664694249469049564e-02,2.210309278564587837e-11,5.865224550130473946e-02,-6.765663266437074629e-11,-8.168495864582386564e-14,5.022653798961222021e-03,-3.236184285119390186e-02,1.873653041147966279e-11,3.738449664925933696e-02,-4.596832263848712906e-11
9.260880600973291354e-01,-3.805063769847860100e-01,-2.072084995440771904e-02,-3.543256097209423472e-01,1.090678406249037172e-09,-1.237191568288735111e+00,3.805063764376366287e-01,-4.843938544050316038e-16,2.013245560399920357e-03,-5.669801047299114632e-02,2.213268835214710049e-11,5.871125603347090299e-02,-6.772920742407967642e-11,-8.503452776116146565e-14,5.028947027142538842e-03,-3.226665073398095329e-02,1.871779106662562325e-11,3.729559776017794814e-02,-4.587782291461747792e-11
9.276684151486896956e-01,-3.805063769847860100e-01,-2.071766202905536702e-02,-3.544152529619192804e-01,1.090713407121114657e-09,-1.237098737122405590e+00,3.805063764375294921e-01,-6.214372445020934788e-16,2.021198031000121399e-03,-5.674892804305971261e-02,2.216225428322016635e-11,5.877012607413811818e-02,-6.780163916402930528e-11,-8.840215109252369538e-14,5.035203793466084751e-03,-3.217149546923501330e-02,1.869902561886969303e-11,3.720669926170551423e-02,-4.578732562338571265e-11
9.292487702000503669e-01,-3.805063769847859545e-01,-2.071446152817793193e-02,-3.545049765519245888e-01,1.090748454694415934e-09,-1.237005813031523127e+00,3.805063764374223001e-01,-7.638169209991728172e-16,2.029160360653235046e-03,-5.679969526318869727e-02,2.219179053751680837e-11,5.882885562391862444e-02,-6.787392788797839327e-11,-9.178779795611307864e-14,5.041424025065173974e-03,-3.207637712331613128e-02,1.868023394620173336e-11,3.711780114733541358e-02,-4.569683065625617260e-11
9.308291252514109271e-01,-3.805063769847860100e-01,-2.071124843624025380e-02,-3.545947802533978011e-01,1.090783548922008843e-09,-1.236912796238111678e+00,3.805063764373149415e-01,-9.115613429690574045e-16,2.037132491564153623e-03,-5.685031219177506118e-02,2.222129707349604203e-11,5.888744468341421817e-02,-6.794607359951385403e-11,-9.519143727063752366e-14,5.047607649539430016e-03,-3.198129576209485930e-02,1.866141592677114145e-11,3.702890341053782786e-02,-4.560633790437912054e-11
9.324094803027715983e-01,-3.805063769847859545e-01,-2.070802273779860994e-02,-3.546846638288713716e-01,1.090818689756894429e-09,-1.236819686964196530e+00,3.805063764372075275e-01,-1.064698920051270163e-15,2.045114365823720495e-03,-5.690077888731951555e-02,2.225077384942445346e-11,5.894589325321646783e-02,-6.801807630205036666e-11,-9.861303755779753621e-14,5.053754594954497706e-03,-3.188625145095265456e-02,1.864257143888701207e-11,3.694000604475983218e-02,-4.551584725859136300e-11
9.339898353541322695e-01,-3.805063769847859545e-01,-2.070478441750088841e-02,-3.547746270409700697e-01,1.090853877152009012e-09,-1.236726485431800082e+00,3.805063764370999468e-01,-1.223258011825079841e-15,2.053105925409464717e-03,-5.695109540842563378e-02,2.228022082337643209e-11,5.900420133390646416e-02,-6.808993599882980709e-11,-1.020525669427798446e-13,5.059864789841723998e-03,-3.179124425478210836e-02,1.862370036101826679e-11,3.685110904342539517e-02,-4.542535860941683838e-11
9.355701904054928297e-01,-3.805063769847859545e-01,-2.070153346008675108e-02,-3.548646696524111466e-01,1.090889111060220458e-09,-1.236633191862944514e+00,3.805063764369923107e-01,-1.387266927183212117e-15,2.061107112186337000e-03,-5.700126181379921303e-02,2.230963795323442914e-11,5.906236892605498667e-02,-6.816165269292082152e-11,-1.055099931547551395e-13,5.065938163197870880e-03,-3.169627423798737631e-02,1.860480257179379294e-11,3.676221239993540668e-02,-4.533487184706717270e-11
9.371505454568535010e-01,-3.805063769847859545e-01,-2.069826985038782791e-02,-3.549547914260050563e-01,1.090924391434331912e-09,-1.236539806479651782e+00,3.805063764368845081e-01,-1.556753923706475178e-15,2.069117867907447825e-03,-5.705127816224747628e-02,2.233902519668923872e-11,5.912039603022233719e-02,-6.823322638721836114e-11,-1.089852835273819978e-13,5.071974644484795319e-03,-3.160134146448448367e-02,1.858587795000260836e-11,3.667331610766776800e-02,-4.524438686144239692e-11
9.387309005082141722e-01,-3.805063769847860100e-01,-2.069499357332789738e-02,-3.550449921246550677e-01,1.090959718227078686e-09,-1.236446329503941621e+00,3.805063764367766499e-01,-1.731747207039048553e-15,2.077138134214796469e-03,-5.710114451267820496e-02,2.236838251124018847e-11,5.917828264695830509e-02,-6.830465708444302300e-11,-1.124784049993147204e-13,5.077974163629130067e-03,-3.150644599770172083e-02,1.856692637459397454e-11,3.658442015997739188e-02,-4.515390354213147685e-11
9.403112555595747324e-01,-3.805063769847860100e-01,-2.069170461392303567e-02,-3.551352715113575975e-01,1.090995091391128265e-09,-1.236352761157833990e+00,3.805063764366686252e-01,-1.912274930264619555e-15,2.085167852640008260e-03,-5.715086092409905200e-02,2.239770985419544977e-11,5.923602877680219508e-02,-6.837594478714075269e-11,-1.159893241147154097e-13,5.083936651021983555e-03,-3.141158790057994865e-02,1.854794772467758075e-11,3.649552455019627190e-02,-4.506342177841300463e-11
9.418916106109354036e-01,-3.805063769847860655e-01,-2.068840295728181441e-02,-3.552256293492025985e-01,1.091030510879081339e-09,-1.236259101663347737e+00,3.805063764365605450e-01,-2.098365193283485108e-15,2.093206964605071399e-03,-5.720042745561675773e-02,2.242700718267227039e-11,5.929363442028270231e-02,-6.844708949768219815e-11,-1.195180070237746937e-13,5.089862037518605963e-03,-3.131676723557301478e-02,1.852894187952366364e-11,3.640662927163349633e-02,-4.497294145925576740e-11
9.434719656622960748e-01,-3.805063769847860100e-01,-2.068508858860546029e-02,-3.553160654013732267e-01,1.091065976643470354e-09,-1.236165351242500821e+00,3.805063764364522982e-01,-2.290046042190188813e-15,2.101255411423066412e-03,-5.724984416643641438e-02,2.245627445359723616e-11,5.935109957791800950e-02,-6.851809121826243823e-11,-1.230644194832325384e-13,5.095750254438087372e-03,-3.122198406464809020e-02,1.850990871856317846e-11,3.631773431757530368e-02,-4.488246247331946464e-11
9.450523207136566350e-01,-3.805063769847860100e-01,-2.068176149310628834e-02,-3.554065794310661830e-01,1.091101488636762412e-09,-1.236071510117308536e+00,3.805063764363439960e-01,-2.486864192598721583e-15,2.109313588305823575e-03,-5.729911066942815906e-02,2.248551163866626541e-11,5.940842425779011005e-02,-6.858894947415113273e-11,-1.248463480340994851e-13,5.103282434036031726e-03,-3.112558529736109483e-02,1.849090351783816314e-11,3.622886772985704773e-02,-4.479021929383529609e-11
9.466326757650173063e-01,-3.805063769847860100e-01,-2.067842165146600505e-02,-3.554971711970252857e-01,1.091137046811507950e-09,-1.235977578509708907e+00,3.805063764362355272e-01,-2.682862490961755865e-15,2.117387082325439956e-03,-5.734822147221220467e-02,2.251471888046323327e-11,5.946560855459134820e-02,-6.865965833839777423e-11,-1.231949721046157713e-13,5.114032740621110573e-03,-3.102602302657304217e-02,1.847197802888535689e-11,3.614005576566866468e-02,-4.469455872039656886e-11
9.482130308163778665e-01,-3.805063769847860100e-01,-2.067506903741789248e-02,-3.555878404511642610e-01,1.091172651120420776e-09,-1.235883556641521830e+00,3.805063764361270029e-01,-2.876241303137345313e-15,2.125477558440657180e-03,-5.739717493907800505e-02,2.254389619214989516e-11,5.952265249756997362e-02,-6.873021600234232998e-11,-1.215312906002928522e-13,5.124773908568342091e-03,-3.092647066969917216e-02,1.845302579371660700e-11,3.605124457675674965e-02,-4.459886949580029083e-11
9.497933858677385377e-01,-3.805063769847860100e-01,-2.067170362413567677e-02,-3.556785869448489401e-01,1.091208301516168166e-09,-1.235789444734554987e+00,3.805063764360182565e-01,-3.066981195856512605e-15,2.133585002116550767e-03,-5.744597108577966654e-02,2.257304353136164669e-11,5.957955608794515689e-02,-6.880062242065867575e-11,-1.198553211650675003e-13,5.135505820621978634e-03,-3.082692833634922969e-02,1.843404669074563367e-11,3.596243415547527300e-02,-4.450315156042899617e-11
9.513737409190992089e-01,-3.805063769847860100e-01,-2.066832538481618714e-02,-3.557694104294701898e-01,1.091243997951348330e-09,-1.235695243010614064e+00,3.805063764359095102e-01,-3.255062763934646482e-15,2.141709398632771644e-03,-5.749460992824461519e-02,2.260216085554183866e-11,5.963631932692397414e-02,-6.887087754792667307e-11,-1.181670816968181088e-13,5.146228359380262615e-03,-3.072739613624621627e-02,1.841504059852761790e-11,3.587362449414550208e-02,-4.440740485499800414e-11
9.529540959704597691e-01,-3.805063769847860100e-01,-2.066493429267967155e-02,-3.558603106564441898e-01,1.091279740378493508e-09,-1.235600951691503413e+00,3.805063764358005973e-01,-3.440466630672644229e-15,2.149850733083323237e-03,-5.754309148257372858e-02,2.263124812194200319e-11,5.969294221570130288e-02,-6.894098133863280255e-11,-1.164665903470210260e-13,5.156941407295952129e-03,-3.062787417922589045e-02,1.839600739575934368e-11,3.578481558505593185e-02,-4.431162932055521232e-11
9.545344510218204404e-01,-3.805063769847860100e-01,-2.066153032097008471e-02,-3.559512873772125441e-01,1.091315528750067904e-09,-1.235506570999025611e+00,3.805063764356915734e-01,-3.623173448257242408e-15,2.158008990376323807e-03,-5.759141576504159254e-02,2.266030528762209286e-11,5.974942475545985676e-02,-6.901093374717062912e-11,-1.147538655204061829e-13,5.167644846676811878e-03,-3.052836257523635147e-02,1.837694696127943708e-11,3.569600742046245140e-02,-4.421582489848091563e-11
9.561148060731811116e-01,-3.805063769847860655e-01,-2.065811344295536908e-02,-3.560423403432429468e-01,1.091351363018467482e-09,-1.235412101154980347e+00,3.805063764355824940e-01,-3.803163898161136184e-15,2.166184155233786147e-03,-5.763958279209662611e-02,2.268933230945068423e-11,5.980576694737008148e-02,-6.908073472784131908e-11,-1.130289258746064096e-13,5.178338559686142262e-03,-3.042886143433757781e-02,1.835785917406851165e-11,3.560719999258832313e-02,-4.411999153048751555e-11
9.576951611245416718e-01,-3.805063769847860655e-01,-2.065468363192777060e-02,-3.561334693060291268e-01,1.091387243136020168e-09,-1.235317542381166644e+00,3.805063764354732481e-01,-3.980418691542286514e-15,2.174376212191380352e-03,-5.768759258036124798e-02,2.271832914410522026e-11,5.986196879259005066e-02,-6.915038423485420875e-11,-1.112917903198062221e-13,5.189022428343283318e-03,-3.032937086670099008e-02,1.833874391324939787e-11,3.551839329362431463e-02,-4.402412915861940379e-11
9.592755161759023430e-01,-3.805063769847860655e-01,-2.065124086120411623e-02,-3.562246740170911252e-01,1.091423169054985026e-09,-1.235222894899380863e+00,3.805063764353639466e-01,-4.154918569642787549e-15,2.182585145598216550e-03,-5.773544514663210558e-02,2.274729574807222023e-11,5.991803029226550059e-02,-6.921988222232730852e-11,-1.095424780183866957e-13,5.199696334524149879e-03,-3.022989098260895832e-02,1.831960105808731437e-11,3.542958731572869863e-02,-4.392823772525267150e-11
9.608558712272630142e-01,-3.805063769847860655e-01,-2.064778510412610887e-02,-3.563159542279759062e-01,1.091459140727552671e-09,-1.235128158931418030e+00,3.805063764352544786e-01,-4.326644304187153432e-15,2.190810939616611580e-03,-5.778314050788021378e-02,2.277623207764751894e-11,5.997395144752979551e-02,-6.928922864428780697e-11,-1.077810083845672719e-13,5.210360159961751128e-03,-3.013042189245435792e-02,1.830043048799005209e-11,3.534078205102737097e-02,-4.383231717309490244e-11
9.624362262786235744e-01,-3.805063769847860655e-01,-2.064431633406063962e-02,-3.564073096902571902e-01,1.091495158105843616e-09,-1.235033334699071395e+00,3.805063764351448996e-01,-4.495576697780002014e-15,2.199053578221866079e-03,-5.783067868125114225e-02,2.280513808893649285e-11,6.002973225950379577e-02,-6.935842345467263948e-11,-1.060074010840451038e-13,5.221013786246730959e-03,-3.003096370674006310e-02,1.828123208250819728e-11,3.525197749161385063e-02,-4.373636744518493390e-11
9.640165813299842457e-01,-3.805063769847860655e-01,-2.064083452440006183e-02,-3.564987401555358981e-01,1.091531221141909714e-09,-1.234938422424131765e+00,3.805063764350352651e-01,-4.661696584303225020e-15,2.207313045202039404e-03,-5.787805968406514734e-02,2.283401373785426039e-11,6.008537272929580925e-02,-6.942746660732895359e-11,-1.042216760336302489e-13,5.231657094827886663e-03,-2.993151653607855137e-02,1.826200572133531888e-11,3.516317362954940462e-02,-4.364038848489269514e-11
9.655969363813449169e-01,-3.805063769847861210e-01,-2.063733964856249992e-02,-3.565902453754405954e-01,1.091567329787732925e-09,-1.234843422328389506e+00,3.805063764349254640e-01,-4.824984829312517661e-15,2.215589324157726716e-03,-5.792528353381738021e-02,2.286285898012592435e-11,6.014087285800161220e-02,-6.949635805601465180e-11,-1.024238534008795115e-13,5.242289967012728376e-03,-2.983208049119136576e-02,1.824275128430816238e-11,3.507437045686309651e-02,-4.354438023591893597e-11
9.671772914327054771e-01,-3.805063769847861210e-01,-2.063383167999215118e-02,-3.566818251016276586e-01,1.091603483995224071e-09,-1.234748334633632094e+00,3.805063764348156075e-01,-4.985422330433388384e-15,2.223882398501836506e-03,-5.797235024817811583e-02,2.289167377128683358e-11,6.019623264670433127e-02,-6.956509775439901195e-11,-1.006139536037259806e-13,5.252912283968014240e-03,-2.973265568290864302e-02,1.822346865140685987e-11,3.498556796555179343e-02,-4.344834264229497470e-11
9.687576464840661483e-01,-3.805063769847861210e-01,-2.063031059215956337e-02,-3.567734790857813310e-01,1.091639683716225315e-09,-1.234653159561645897e+00,3.805063764347055844e-01,-5.142990017756469698e-15,2.232192251459365513e-03,-5.801925984499279459e-02,2.292045806668273808e-11,6.025145209647446432e-02,-6.963368565606301037e-11,-9.879199731010697867e-14,5.263523926720301178e-03,-2.963324222216861398e-02,1.820415770275511742e-11,3.489676614758032563e-02,-4.335227564838249137e-11
9.703380015354267085e-01,-3.805063769847861210e-01,-2.062677635856195735e-02,-3.568652070796144438e-01,1.091675928902506238e-09,-1.234557897334215060e+00,3.805063764345955057e-01,-5.297668854232430615e-15,2.240518866067181883e-03,-5.806601234228231379e-02,2.294921182147007657e-11,6.030653120836976244e-02,-6.970212171450004562e-11,-9.695800543758673285e-14,5.274124776156496539e-03,-2.953384022001718720e-02,1.818481831862044455e-11,3.480796499488147955e-02,-4.325617919887334680e-11
9.719183565867873797e-01,-3.805063769847861210e-01,-2.062322895272349424e-02,-3.569570088348682502e-01,1.091712219505766730e-09,-1.234462548173122842e+00,3.805063764344852606e-01,-5.449439836066104183e-15,2.248862225173800956e-03,-5.811260775824312469e-02,2.297793499061616715e-11,6.036146998343514675e-02,-6.977040588311628750e-11,-9.511199915297866885e-14,5.284714713024417539e-03,-2.943444978760738004e-02,1.816545037941434478e-11,3.471916449935609494e-02,-4.316005323878925944e-11
9.734987116381480510e-01,-3.805063769847861210e-01,-2.061966834819559807e-02,-3.570488841033129801e-01,1.091748555477634924e-09,-1.234367112300150060e+00,3.805063764343750154e-01,-5.598283993110100681e-15,2.257222311439169727e-03,-5.815904611124742690e-02,2.300662752889945933e-11,6.041626842270280545e-02,-6.983853811523133617e-11,-9.325399987196338756e-14,5.295293617933355922e-03,-2.933507103619885370e-02,1.814605376569251282e-11,3.463036465287312737e-02,-4.306389771348161155e-11
9.750790666895086112e-01,-3.805063769847861210e-01,-2.061609451855725764e-02,-3.571408326367480068e-01,1.091784936769667193e-09,-1.234271589937076419e+00,3.805063764342645483e-01,-5.744182389257768419e-15,2.265599107334443935e-03,-5.820532741984332098e-02,2.303528939090976019e-11,6.047092652719200656e-02,-6.990651836407871332e-11,-9.138402925870453396e-14,5.305861371354636535e-03,-2.923570407715739283e-02,1.812662835815506717e-11,3.454156544726968980e-02,-4.296771256863122946e-11
9.766594217408692824e-01,-3.805063769847861210e-01,-2.061250743741527974e-02,-3.572328541870023466e-01,1.091821363333347947e-09,-1.234175981305680292e+00,3.805063764341540256e-01,-5.887116122835693850e-15,2.273992595141775992e-03,-5.825145170275501660e-02,2.306392053104843798e-11,6.052544429790910480e-02,-6.997434658280627575e-11,-8.950210922545961733e-14,5.316417853622199333e-03,-2.913634902195444756e-02,1.810717403764674720e-11,3.445276687435117058e-02,-4.287149775024811859e-11
9.782397767922299536e-01,-3.805063769847861210e-01,-2.060890707840465699e-02,-3.573249485059343256e-01,1.091857835120090251e-09,-1.234080286627737610e+00,3.805063764340433918e-01,-6.027066326995330779e-15,2.282402756954092938e-03,-5.829741897888296442e-02,2.309252090352866762e-11,6.057982173584743057e-02,-7.004202272447686160e-11,-8.760826193219134895e-14,5.326962944933164024e-03,-2.903700598216661308e-02,1.808769068515713616e-11,3.436396892589126811e-02,-4.277525320467125022e-11
9.798201318435905138e-01,-3.805063769847861765e-01,-2.060529341518881410e-02,-3.574171153454326899e-01,1.091894352081232931e-09,-1.233984506125023639e+00,3.805063764339326471e-01,-6.164014170104226460e-15,2.290829574674883070e-03,-5.834322926730400177e-02,2.312109046237567315e-11,6.063405884198735940e-02,-7.010954674206879440e-11,-8.570250978617333789e-14,5.337496525348413810e-03,-2.893767506947505022e-02,1.806817818182084855e-11,3.427517159363204641e-02,-4.267897887856825776e-11
9.814004868949511851e-01,-3.805063769847862321e-01,-2.060166642145991669e-02,-3.575093544574162174e-01,1.091930914168043882e-09,-1.233888640019310978e+00,3.805063764338217358e-01,-6.297940856136547190e-15,2.299273030017982139e-03,-5.838888258727157471e-02,2.314962916142694409e-11,6.068815561729617308e-02,-7.017691858847630962e-11,-8.378487544159377988e-14,5.348018474793181723e-03,-2.883835639566506223e-02,1.804863640891778538e-11,3.418637486928403219e-02,-4.258267471893525578e-11
9.829808419463118563e-01,-3.805063769847862321e-01,-2.059802607093919741e-02,-3.576016655938344391e-01,1.091967521331716759e-09,-1.233792688532372006e+00,3.805063764337108245e-01,-6.428827625062969653e-15,2.307733104507359110e-03,-5.843437895821586986e-02,2.317813695433245205e-11,6.074211206272799035e-02,-7.024413821651022673e-11,-8.185538179915596553e-14,5.358528673057632620e-03,-2.873905007262553962e-02,1.802906524787331513e-11,3.409757874452627735e-02,-4.248634067309658802e-11
9.845611969976724165e-01,-3.805063769847862321e-01,-2.059437233737722653e-02,-3.576940485066676945e-01,1.092004173523372426e-09,-1.233696651885976880e+00,3.805063764335997467e-01,-6.556655753239910415e-15,2.316209779476898455e-03,-5.847971839974393238e-02,2.320661379455489619e-11,6.079592817922378073e-02,-7.031120557889824648e-11,-7.991405200567728658e-14,5.369026999797453861e-03,-2.863975621234843977e-02,1.800946458025851933e-11,3.400878321100644225e-02,-4.238997668870454298e-11
9.861415520490330877e-01,-3.805063769847862321e-01,-2.059070519455422771e-02,-3.577865029479271874e-01,1.092040870694057301e-09,-1.233600530301894427e+00,3.805063764334885579e-01,-6.681406553798200057e-15,2.324703036070195888e-03,-5.852490093163993656e-02,2.323505963536993918e-11,6.084960396771128821e-02,-7.037812062828571343e-11,-7.796090945368337008e-14,5.379513334534462461e-03,-2.854047492692824220e-02,1.798983428779039285e-11,3.391998826034080955e-02,-4.229358271373911490e-11
9.877219071003937589e-01,-3.805063769847862321e-01,-2.058702461628037633e-02,-3.578790286696559297e-01,1.092077612794744388e-09,-1.233504324001891916e+00,3.805063764333773135e-01,-6.803061377031057591e-15,2.333212855240343695e-03,-5.856992657386528994e-02,2.326347442986643335e-11,6.090313942910503819e-02,-7.044488331723602958e-11,-7.599597778100029415e-14,5.389987556657201834e-03,-2.844120632856144554e-02,1.797017425233208628e-11,3.383119388411442302e-02,-4.219715869650779043e-11
9.893022621517543191e-01,-3.805063769847862321e-01,-2.058333057639608402e-02,-3.579716254239282969e-01,1.092114399776332453e-09,-1.233408033207735288e+00,3.805063764332659026e-01,-6.921601610781410120e-15,2.341739217749717362e-03,-5.861479534655870960e-02,2.329185813094663394e-11,6.095653456430611544e-02,-7.051149359823104209e-11,-7.401928087034403946e-14,5.400449545421529864e-03,-2.834195052954601932e-02,1.795048435589310626e-11,3.374240007388112222e-02,-4.210070458564521908e-11
9.908826172031149904e-01,-3.805063769847862321e-01,-2.057962304877234208e-02,-3.580642929628509163e-01,1.092151231589645609e-09,-1.233311658141188705e+00,3.805063764331544363e-01,-7.037008680828585353e-15,2.350282104169770445e-03,-5.865950727003656218e-02,2.332021069132644466e-11,6.100978937420230980e-02,-7.057795142367177997e-11,-7.203084284890732813e-14,5.410899179951252080e-03,-2.824270764228091826e-02,1.793076448062955132e-11,3.365360682116363966e-02,-4.200422033011306459e-11
9.924629722544755506e-01,-3.805063769847862876e-01,-2.057590200731097829e-02,-3.581570310385623901e-01,1.092188108185432695e-09,-1.233215199024015885e+00,3.805063764330428588e-01,-7.149264051274366726e-15,2.358841494880826832e-03,-5.870406236479284307e-02,2.334853206353567299e-11,6.106290385966798434e-02,-7.064425674587886772e-11,-7.003068808794230995e-14,5.421336339238721005e-03,-2.814347777926541963e-02,1.791101450884435749e-11,3.356481411745363547e-02,-4.190770587919963656e-11
9.940433273058362218e-01,-3.805063769847862876e-01,-2.057216742594497258e-02,-3.582498394032339606e-01,1.092225029514367896e-09,-1.233118656077978548e+00,3.805063764329311704e-01,-7.258349224928329068e-15,2.367417370071870850e-03,-5.874846065149948865e-02,2.337682219991821434e-11,6.111587802156400601e-02,-7.071040951709300348e-11,-6.801884120234242825e-14,5.431760902145456316e-03,-2.804426105309871728e-02,1.789123432298747923e-11,3.347602195421179455e-02,-4.181116118251970306e-11
9.956236823571968930e-01,-3.805063769847862321e-01,-2.056841927863878663e-02,-3.583427178090696774e-01,1.092261995527049713e-09,-1.233022029524836638e+00,3.805063764328193154e-01,-7.364245743692547932e-15,2.376009709740339957e-03,-5.879270215100640407e-02,2.340508105263232667e-11,6.116871186073777333e-02,-7.077640968947557948e-11,-6.599532705021995651e-14,5.442172747402768476e-03,-2.794505757647927288e-02,1.787142380565617053e-11,3.338723032286790987e-02,-4.171458619001419981e-11
9.972040374085574532e-01,-3.805063769847862321e-01,-2.056465753938862759e-02,-3.584356660083067858e-01,1.092299006174000957e-09,-1.232925319586349211e+00,3.805063764327074050e-01,-7.466935188945673083e-15,2.384618493691924388e-03,-5.883678688434167137e-02,2.343330857365082765e-11,6.122140537802304300e-02,-7.084225721510904387e-11,-6.396017073248049306e-14,5.452571753612374568e-03,-2.784586746220433021e-02,1.785158283959518526e-11,3.329843921482094488e-02,-4.161798085195001693e-11
9.987843924599181245e-01,-3.805063769847862321e-01,-2.056088218222277067e-02,-3.585286837532158377e-01,1.092336061405668132e-09,-1.232828526484274212e+00,3.805063764325954390e-01,-7.566399181926265205e-15,2.393243701540360285e-03,-5.888071487271177157e-02,2.346150471476136603e-11,6.127395857424001308e-02,-7.090795204599757287e-11,-6.191339759239590335e-14,5.462957799247047941e-03,-2.774669082316932878e-02,1.783171130769701950e-11,3.320964862143908208e-02,-4.152134511891963058e-11
1.000364747511278685e+00,-3.805063769847862876e-01,-2.055709318120187146e-02,-3.586217707961008028e-01,1.092373161172422057e-09,-1.232731650440368254e+00,3.805063764324833064e-01,-7.662619384115466016e-15,2.401885312707223701e-03,-5.892448613750162628e-02,2.348966942756663490e-11,6.132637145019519814e-02,-7.097349413406751014e-11,-5.985503321517404369e-14,5.473330762651230572e-03,-2.764752777236732101e-02,1.781180909300215067e-11,3.312085853405985492e-02,-4.142467894184092848e-11
1.001945102562639356e+00,-3.805063769847863431e-01,-2.055329051041923996e-02,-3.587149268893000120e-01,1.092410305424556000e-09,-1.232634691676386618e+00,3.805063764323711184e-01,-7.755577497619026244e-15,2.410543306421733274e-03,-5.896810070027481976e-02,2.351780266348459145e-11,6.137864400668140152e-02,-7.103888343116788383e-11,-5.778510342752479936e-14,5.483690522041683585e-03,-2.754837842288848301e-02,1.779187607869925396e-11,3.303206894399017546e-02,-4.132798227195695143e-11
1.003525457614000027e+00,-3.805063769847863431e-01,-2.054947414400117370e-02,-3.588081517851856583e-01,1.092447494112287131e-09,-1.232537650414082808e+00,3.805063764322588193e-01,-7.845255265548595241e-15,2.419217661720542926e-03,-5.901155858277371685e-02,2.354590437374871218e-11,6.143077624447763202e-02,-7.110411988907089766e-11,-5.570363429722473439e-14,5.494036955508123030e-03,-2.744924288791947969e-02,1.777191214812545119e-11,3.294327984250642466e-02,-4.123125506083555724e-11
1.005105812665360698e+00,-3.805063769847863431e-01,-2.054564405610725952e-02,-3.589014452361646290e-01,1.092484727185755071e-09,-1.232440526875210329e+00,3.805063764321464093e-01,-7.931634472402393697e-15,2.427908357447549313e-03,-5.905485980691966424e-02,2.357397450940823530e-11,6.148276816434915942e-02,-7.116920345947252551e-11,-5.361065213267709647e-14,5.504369941013876472e-03,-2.735012128074290963e-02,1.775191718476657575e-11,3.285449122085454254e-02,-4.113449726036918163e-11
1.006686167716721370e+00,-3.805063769847863431e-01,-2.054180022093066160e-02,-3.589948069946785614e-01,1.092522004595021063e-09,-1.232343321281519577e+00,3.805063764320338882e-01,-8.014696944445065946e-15,2.436615372253684957e-03,-5.909800439481310147e-02,2.360201302132837068e-11,6.153461976704730635e-02,-7.123413409399292499e-11,-5.150618348247181563e-14,5.514689356396516168e-03,-2.725101371473674997e-02,1.773189107225736000e-11,3.276570307025006984e-02,-4.103770882277455393e-11
1.008266522768081819e+00,-3.805063769847863986e-01,-2.053794261269843019e-02,-3.590882368132040647e-01,1.092559326290071081e-09,-1.232246033854761835e+00,3.805063764319212560e-01,-8.094424550086998996e-15,2.445338684596726989e-03,-5.914099236873368581e-02,2.363001986019054549e-11,6.158633105330955926e-02,-7.129891174417703196e-11,-4.939025513493883222e-14,5.524995079368532139e-03,-2.715192030337376661e-02,1.771183369438171636e-11,3.267691538187825900e-02,-4.094088970059247081e-11
1.009846877819442490e+00,-3.805063769847863986e-01,-2.053407120567182775e-02,-3.591817344442532756e-01,1.092596692220810032e-09,-1.232148664816686168e+00,3.805063764318085129e-01,-8.170799200262751730e-15,2.454078272741091159e-03,-5.918382375114051436e-02,2.365799497649264650e-11,6.163790202385940886e-02,-7.136353636149496121e-11,-4.726289411770357065e-14,5.535286987517974017e-03,-2.705284116022096258e-02,1.769174493507297648e-11,3.258812814689417137e-02,-4.084403984668744742e-11
1.011427232870803161e+00,-3.805063769847863986e-01,-2.053018597414661001e-02,-3.592752996403738575e-01,1.092634102337066104e-09,-1.232051214389040528e+00,3.805063764316956587e-01,-8.243802848808944523e-15,2.462834114757646645e-03,-5.922649856467224194e-02,2.368593832054925918e-11,6.168933267940637094e-02,-7.142800789734270439e-11,-4.512412769723470122e-14,5.545564958309129322e-03,-2.695377639893892577e-02,1.767162467841412058e-11,3.249934135642267019e-02,-4.074715921424750404e-11
1.013007587922163832e+00,-3.805063769847863986e-01,-2.052628689245334162e-02,-3.593689321541493342e-01,1.092671556588588901e-09,-1.231953682793571758e+00,3.805063764315827490e-01,-8.313417492841317396e-15,2.471606188523511362e-03,-5.926901683214722688e-02,2.371384984249189069e-11,6.174062302064591695e-02,-7.149232630304246607e-11,-4.297398337839304418e-14,5.555828869083175720e-03,-2.685472613328130850e-02,1.765147280863803278e-11,3.241055500155858721e-02,-4.065024775678384300e-11
1.014587942973524504e+00,-3.805063769847864541e-01,-2.052237393495770154e-02,-3.594626317381995895e-01,1.092709054925047999e-09,-1.231856070252025814e+00,3.805063764314697283e-01,-8.379625173131141311e-15,2.480394471721865477e-03,-5.931137857656357953e-02,2.374172949226920894e-11,6.179177304825937689e-02,-7.155649152984321947e-11,-4.081248890397445328e-14,5.566078597058859295e-03,-2.675569047709419959e-02,1.763128921012774985e-11,3.232176907336677812e-02,-4.055330542813058375e-11
1.016168298024885175e+00,-3.805063769847864541e-01,-2.051844707606080218e-02,-3.595563981451808111e-01,1.092746597296034804e-09,-1.231758376986147763e+00,3.805063764313565411e-01,-8.442407974480837449e-15,2.489198941841748881e-03,-5.935358382109950232e-02,2.376957721964728497e-11,6.184278276291398091e-02,-7.162050352892124932e-11,-3.863967225425420122e-14,5.576314019333166762e-03,-2.665666954431556226e-02,1.761107376741670679e-11,3.223298356288217814e-02,-4.045633218244447848e-11
1.017748653076245624e+00,-3.805063769847863986e-01,-2.051450629019947042e-02,-3.596502311277861574e-01,1.092784183651060693e-09,-1.231660603217681116e+00,3.805063764312432983e-01,-8.501748026098981167e-15,2.498019576177882509e-03,-5.939563258911331745e-02,2.379739297420984818e-11,6.189365216526272057e-02,-7.168436225138068177e-11,-3.645556164652312947e-14,5.586535012882008940e-03,-2.655766344897460274e-02,1.759082636518900180e-11,3.214419846110988521e-02,-4.035932797420464715e-11
1.019329008127606295e+00,-3.805063769847864541e-01,-2.051055155184657725e-02,-3.597441304387456462e-01,1.092821813939557428e-09,-1.231562749168368720e+00,3.805063764311300001e-01,-8.557627501974431911e-15,2.506856351830466685e-03,-5.943752490414361961e-02,2.382517670535849638e-11,6.194438125594443900e-02,-7.174806764825396259e-11,-3.426018553462656221e-14,5.596741454560899900e-03,-2.645867230519115265e-02,1.757054688827962248e-11,3.205541375902526413e-02,-4.026229275821224797e-11
1.020909363178966967e+00,-3.805063769847864541e-01,-2.050658283551132915e-02,-3.598380958308268207e-01,1.092859488110876326e-09,-1.231464815059952311e+00,3.805063764310165908e-01,-8.610028621249862005e-15,2.515709245704994199e-03,-5.947926078990935922e-02,2.385292836231292843e-11,6.199497003558358810e-02,-7.181161967050224493e-11,-3.205357260849611424e-14,5.606933221105633511e-03,-2.635969622717512784e-02,1.755023522167471719e-11,3.196662944757402980e-02,-4.016522648959021239e-11
1.022489718230327638e+00,-3.805063769847864541e-01,-2.050260011573959429e-02,-3.599321270568346942e-01,1.092897206114288673e-09,-1.231366801114172960e+00,3.805063764309030705e-01,-8.658933648594452411e-15,2.524578234512063393e-03,-5.952084027031016161e-02,2.388064789411121885e-11,6.204541850479032561e-02,-7.187501826901615186e-11,-2.983575179368214256e-14,5.617110189132992065e-03,-2.626073532922589687e-02,1.752989125051185037e-11,3.187784551767230967e-02,-4.006812912378300602e-11
1.024070073281688309e+00,-3.805063769847865096e-01,-2.049860336711419387e-02,-3.600262238696123052e-01,1.092934967898984696e-09,-1.231268707552769737e+00,3.805063764307893837e-01,-8.704324894575900598e-15,2.533463294767190812e-03,-5.956226336942622990e-02,2.390833524961003440e-11,6.209572666416046660e-02,-7.193826339461607366e-11,-2.760675225088097892e-14,5.627272235141429768e-03,-2.616178972573160455e-02,1.750951486008025130e-11,3.178906196020673397e-02,-3.997100061655622147e-11
1.025650428333048758e+00,-3.805063769847865651e-01,-2.049459256425522138e-02,-3.601203860220408837e-01,1.092972773414074173e-09,-1.231170534597482380e+00,3.805063764306756413e-01,-8.746184716031653751e-15,2.542364402790623854e-03,-5.960353011151871966e-02,2.393599037748488276e-11,6.214589451427535854e-02,-7.200135499805278818e-11,-2.536660337546082122e-14,5.637419235511778766e-03,-2.606285953116860982e-02,1.748910593582107909e-11,3.170027876603447731e-02,-3.987384092399639100e-11
1.027230783384409429e+00,-3.805063769847865651e-01,-2.049056768182034791e-02,-3.602146132670399625e-01,1.093010622608585410e-09,-1.231072282470048629e+00,3.805063764305617879e-01,-8.784495516439379941e-15,2.551281534707151681e-03,-5.964464052102974589e-02,2.396361322623034852e-11,6.219592205570190907e-02,-7.206429303000792613e-11,-2.311533479698599991e-14,5.647551066507936965e-03,-2.596394486010091679e-02,1.746866436332768114e-11,3.161149592598343216e-02,-3.977665000251065689e-11
1.028811138435770101e+00,-3.805063769847865651e-01,-2.048652869450511699e-02,-3.603089053575681544e-01,1.093048515431464611e-09,-1.230973951392205112e+00,3.805063764304478791e-01,-8.819239746286735628e-15,2.560214666445928718e-03,-5.968559462258250098e-02,2.399120374416031282e-11,6.224580928899246107e-02,-7.212707744109441056e-11,-2.085297637873455799e-14,5.657667604277590544e-03,-2.586504582717946352e-02,1.744819002834585491e-11,3.152271343085222971e-02,-3.967942780882647417e-11
1.030391493487130772e+00,-3.805063769847865651e-01,-2.048247557704328814e-02,-3.604032620466228742e-01,1.093086451831577332e-09,-1.230875541585688460e+00,3.805063764303338592e-01,-8.850399903440319065e-15,2.569163773740285560e-03,-5.972639244098142119e-02,2.401876187940823775e-11,6.229555621468479965e-02,-7.218970818185711597e-11,-1.857955821721791679e-14,5.667768724852917384e-03,-2.576616254714150095e-02,1.742768281677409667e-11,3.143393127141030918e-02,-3.958217429999128756e-11
1.031971848538491443e+00,-3.805063769847865651e-01,-2.047840830420711092e-02,-3.604976830872410054e-01,1.093124431757705791e-09,-1.230777053272234411e+00,3.805063764302197282e-01,-8.877958533513871123e-15,2.578128832127549435e-03,-5.976703400121245735e-02,2.404628757992738923e-11,6.234516283330220759e-02,-7.225218520277325607e-11,-1.629511064169535411e-14,5.677854304151301774e-03,-2.566729513481004130e-02,1.740714261466389234e-11,3.134514943839805667e-02,-3.948488943337226642e-11
1.033552203589852114e+00,-3.805063769847865651e-01,-2.047432685080765452e-02,-3.605921682324990107e-01,1.093162455158550313e-09,-1.230678486673576932e+00,3.805063764301054863e-01,-8.901898230235721968e-15,2.587109816948862055e-03,-5.980751932844295682e-02,2.407378079349105358e-11,6.239462914535313931e-02,-7.231450845425291370e-11,-1.399966421368623579e-14,5.687924217976048254e-03,-2.556844370509314679e-02,1.738656930821995012e-11,3.125636792252683982e-02,-3.938757316665600113e-11
1.035132558641212563e+00,-3.805063769847866206e-01,-2.047023119169511310e-02,-3.606867172355133211e-01,1.093200521982729128e-09,-1.230579842011450209e+00,3.805063764299911333e-01,-8.922201635815461501e-15,2.596106703348999203e-03,-5.984784844802199660e-02,2.410124146769280566e-11,6.244395515133145669e-02,-7.237667788663955781e-11,-1.169324972647948308e-14,5.697978342017112792e-03,-2.546960837298334335e-02,1.736596278380050745e-11,3.116758671447913617e-02,-3.929022545784820573e-11
1.036712913692573235e+00,-3.805063769847866206e-01,-2.046612130175912148e-02,-3.607813298494403909e-01,1.093238632178776506e-09,-1.230481119507587318e+00,3.805063764298767248e-01,-8.938851441309820928e-15,2.605119466276197698e-03,-5.988802138548039722e-02,2.412866954994676737e-11,6.249314085171624872e-02,-7.243869345021052167e-11,-9.375898204640610247e-15,5.708016551851819234e-03,-2.537078925355693709e-02,1.734532292791755399e-11,3.107880580490857483e-02,-3.919284626527336899e-11
1.038293268743933906e+00,-3.805063769847866206e-01,-2.046199715592904311e-02,-3.608760058274774751e-01,1.093276785695143997e-09,-1.230382319383720002e+00,3.805063764297621498e-01,-8.951830386987782839e-15,2.614148080481971080e-03,-5.992803816653097942e-02,2.415606498748781768e-11,6.254218624697184536e-02,-7.250055509517762326e-11,-7.047640903516612649e-15,5.718038722945600894e-03,-2.527198646197337251e-02,1.732464962723713529e-11,3.099002518444005094e-02,-3.909543554757448301e-11
1.039873623795294577e+00,-3.805063769847866206e-01,-2.045785872917431358e-02,-3.609707449228624077e-01,1.093314982480199817e-09,-1.230283441861580451e+00,3.805063764296475748e-01,-8.961121262694916610e-15,2.623192520520935701e-03,-5.996789881706856423e-02,2.418342772737184789e-11,6.259109133754765797e-02,-7.256226277168746256e-11,-4.708509308736783415e-15,5.728044730652717860e-03,-2.517320011347465997e-02,1.730394276857961136e-11,3.090124484366981242e-02,-3.899799326371275884e-11
1.041453978846655248e+00,-3.805063769847866206e-01,-2.045370599650473895e-02,-3.610655468888740449e-01,1.093353222482227804e-09,-1.230184487162899520e+00,3.805063764295328332e-01,-8.966706908216871312e-15,2.632252760750636821e-03,-6.000760336317017413e-02,2.421075771647599428e-11,6.263985612387826252e-02,-7.262381642982205482e-11,-2.358535135712780744e-15,5.738034450217005533e-03,-2.507443032338464717e-02,1.728320223891993124e-11,3.081246477316555710e-02,-3.890051937296728399e-11
1.043034333898015698e+00,-3.805063769847866206e-01,-2.044953893297079758e-02,-3.611604114788328213e-01,1.093391505649428049e-09,-1.230085455509406955e+00,3.805063764294179807e-01,-8.968570213642180730e-15,2.641328775331374269e-03,-6.004715183109517879e-02,2.423805490149893215e-11,6.268848060638333719e-02,-7.268521601959938632e-11,2.249670864763964901e-18,5.748007756772617084e-03,-2.497567720710837033e-02,1.726242792538790126e-11,3.072368496346647437e-02,-3.880301383493471225e-11
1.044614688949376369e+00,-3.805063769847866761e-01,-2.044535751366396287e-02,-3.612553384461005823e-01,1.093429831929916475e-09,-1.229986347122832280e+00,3.805063764293031281e-01,-8.966694119724151724e-15,2.650420538226028102e-03,-6.008654424728533672e-02,2.426531922896105029e-11,6.273696478546750277e-02,-7.274646149097373756e-11,2.373812937533026130e-15,5.757964525344762448e-03,-2.487694088013144358e-02,1.724161971526846611e-11,3.063490540508336316e-02,-3.870547660952892117e-11
1.046195044000737040e+00,-3.805063769847867317e-01,-2.044116171371700499e-02,-3.613503275440811402e-01,1.093468201271723804e-09,-1.229887162224904573e+00,3.805063764291880535e-01,-8.961061618242014219e-15,2.659528023199889471e-03,-6.012578063836503811e-02,2.429255064520474502e-11,6.278530866152046142e-02,-7.280755279383636817e-11,4.756122262565228197e-15,5.767904630850459458e-03,-2.477822145801934772e-02,1.722077749600198995e-11,3.054612608849875330e-02,-3.860790765698080527e-11
1.047775399052097711e+00,-3.805063769847867317e-01,-2.043695150830432752e-02,-3.614453785262206065e-01,1.093506613622795976e-09,-1.229787901037352693e+00,3.805063764290729789e-01,-8.951655752361274444e-15,2.668651203820489315e-03,-6.016486103114130485e-02,2.431974909639464963e-11,6.283351223491677462e-02,-7.286848987801590472e-11,7.149145016482165442e-15,5.777827948099287583e-03,-2.467951905641681265e-02,1.719990115518452464e-11,3.045734700416694724e-02,-3.851030693783784953e-11
1.049355754103458382e+00,-3.805063769847867317e-01,-2.043272687264224494e-02,-3.615404911460077253e-01,1.093545068930994348e-09,-1.229688563781903499e+00,3.805063764289577932e-01,-8.938459616993224088e-15,2.677790053457427925e-03,-6.020378545260406111e-02,2.434691452851788312e-11,6.288157550601591872e-02,-7.292927269327888353e-11,9.552848342564784918e-15,5.787734351794145138e-03,-2.458083379104711655e-02,1.717899058056809078e-11,3.036856814251409978e-02,-3.841267441296385149e-11
1.050936109154819054e+00,-3.805063769847867317e-01,-2.042848778198932957e-02,-3.616356651569736513e-01,1.093583567144094045e-09,-1.229589150680284737e+00,3.805063764288424966e-01,-8.921456359153662180e-15,2.686944545282207112e-03,-6.024255392992610564e-02,2.437404688738430553e-11,6.292949847516224327e-02,-7.298990118933028059e-11,1.196719915737178470e-14,5.797623716532009086e-03,-2.448216577771140587e-02,1.715804566006097506e-11,3.027978949393836036e-02,-3.831501004353861754e-11
1.052516464206179503e+00,-3.805063769847867872e-01,-2.042423421164668226e-02,-3.617309003126931155e-01,1.093622108209784372e-09,-1.229489661954222823e+00,3.805063764287270334e-01,-8.900629178320776032e-15,2.696114652268065837e-03,-6.028116649046333375e-02,2.440114611862672794e-11,6.297728114268485999e-02,-7.305037531581386052e-11,1.439216415125828283e-14,5.807495916804688782e-03,-2.438351513228808470e-02,1.713706628172797577e-11,3.019101104880992162e-02,-3.821731379105761397e-11
1.054096819257540174e+00,-3.805063769847867872e-01,-2.041996613695831048e-02,-3.618261963667837589e-01,1.093660692075669228e-09,-1.229390097825443728e+00,3.805063764286115147e-01,-8.875961326792211244e-15,2.705300347189811948e-03,-6.031962316175483452e-02,2.442821216770121941e-11,6.302492350889767059e-02,-7.311069502231291330e-11,1.682770978889710924e-14,5.817350826999615268e-03,-2.428488197073205845e-02,1.711605233379072916e-11,3.010223279747113734e-02,-3.811958561733166963e-11
1.055677174308900845e+00,-3.805063769847867872e-01,-2.041568353331137814e-02,-3.619215530729072983e-01,1.093699318689265863e-09,-1.229290458515673423e+00,3.805063764284960515e-01,-8.847436110041314974e-15,2.714501602623659547e-03,-6.035792397152297400e-02,2.445524497988729118e-11,6.307242557409926953e-02,-7.317086025835051271e-11,1.927380230980248945e-14,5.827188321400591543e-03,-2.418626640907413014e-02,1.709500370462797120e-11,3.001345473023660573e-02,-3.802182548448665937e-11
1.057257529360261517e+00,-3.805063769847867872e-01,-2.041138637613654910e-02,-3.620169701847690824e-01,1.093737987998003849e-09,-1.229190744246636768e+00,3.805063764283803662e-01,-8.815036887072595088e-15,2.723718390947065058e-03,-6.039606894767362427e-02,2.448224450028821980e-11,6.311978733857297186e-02,-7.323087097339024020e-11,2.173040772885651460e-14,5.837008274188585331e-03,-2.408766856342021978e-02,1.707392028277582832e-11,2.992467683739320761e-02,-3.792403335496311622e-11
1.058837884411622188e+00,-3.805063769847868427e-01,-2.040707464090830286e-02,-3.621124474561188133e-01,1.093776699949228382e-09,-1.229090955240058847e+00,3.805063764282645145e-01,-8.778747070776220048e-15,2.732950684338565032e-03,-6.043405811829611479e-02,2.450921067383121835e-11,6.316700880258663275e-02,-7.329072711683649498e-11,2.419749183683941058e-14,5.846810559442491492e-03,-2.398908854995078499e-02,1.705280195692809536e-11,2.983589910920030411e-02,-3.782620919151600526e-11
1.060418239462982637e+00,-3.805063769847867872e-01,-2.040274830314524335e-02,-3.622079846407508796e-01,1.093815454490194911e-09,-1.228991091717663853e+00,3.805063764281486627e-01,-8.738550128281816720e-15,2.742198454777614383e-03,-6.047189151166348225e-02,2.453614344526772725e-11,6.321408996639275857e-02,-7.335042863803504986e-11,2.667502020095946951e-14,5.856595051139923923e-03,-2.389052648492007158e-02,1.703164861593655219e-11,2.974712153588975408e-02,-3.772835295721432293e-11
1.061998594514343308e+00,-3.805063769847867872e-01,-2.039840733841040768e-02,-3.623035814925043008e-01,1.093854251568072651e-09,-1.228891153901175537e+00,3.805063764280326444e-01,-8.694429581311364141e-15,2.751461674044433300e-03,-6.050956915623256077e-02,2.456304275917367926e-11,6.326103083022840967e-02,-7.340997548627364578e-11,2.916295816538824461e-14,5.866361623158010061e-03,-2.379198248465538498e-02,1.701046014881121573e-11,2.965834410766599039e-02,-3.763046461544074807e-11
1.063578949565703979e+00,-3.805063769847868427e-01,-2.039405172231159580e-02,-3.623992377652632269e-01,1.093893091129943137e-09,-1.228791142012318094e+00,3.805063764279166261e-01,-8.646369006531238479e-15,2.760740313719838111e-03,-6.054709108064405820e-02,2.458990855994970620e-11,6.330783139431510331e-02,-7.346936761078230193e-11,3.166127085179624662e-14,5.876110149274159367e-03,-2.369345666555650043e-02,1.698923644472067280e-11,2.956956681470618992e-02,-3.753254412989138987e-11
1.065159304617064651e+00,-3.805063769847868427e-01,-2.038968143050167575e-02,-3.624949532129573826e-01,1.093931973122799600e-09,-1.228691056272814164e+00,3.805063764278004967e-01,-8.594352035903426527e-15,2.770034345185092960e-03,-6.058445731372270882e-02,2.461674079182142338e-11,6.335449165885882750e-02,-7.352860496073400087e-11,3.416992315989277399e-14,5.885840503166876909e-03,-2.359494914409487193e-02,1.696797739299234181e-11,2.948078964716031522e-02,-3.743459146457541309e-11
1.066739659668425322e+00,-3.805063769847868982e-01,-2.038529643867889596e-02,-3.625907275895620674e-01,1.093970897493546972e-09,-1.228590896904386831e+00,3.805063764276842564e-01,-8.538362357035841477e-15,2.779343739621754558e-03,-6.062166788447731491e-02,2.464353939883966218e-11,6.340101162404997159e-02,-7.358768748524503739e-11,3.668887976796784771e-14,5.895552558416550931e-03,-2.349646003681294532e-02,1.694668288311278296e-11,2.939201259515121165e-02,-3.733660658381470845e-11
1.068320014719785993e+00,-3.805063769847868982e-01,-2.038089672258721827e-02,-3.626865606490984884e-01,1.094009864189001674e-09,-1.228490664128758736e+00,3.805063764275678495e-01,-8.478383713531878232e-15,2.788668468011508243e-03,-6.065872282210098276e-02,2.467030432488072855e-11,6.344739129006327083e-02,-7.364661513337553559e-11,3.921810513343432909e-14,5.905246188506251687e-03,-2.339798946032350946e-02,1.692535280472798906e-11,2.930323564877470796e-02,-3.723858945224351783e-11
1.069900369771146442e+00,-3.805063769847869537e-01,-2.037648225801660593e-02,-3.627824521456343154e-01,1.094048873155891209e-09,-1.228390358167652296e+00,3.805063764274514426e-01,-8.414399905338976328e-15,2.798008501136028340e-03,-6.069562215597115035e-02,2.469703551364668092e-11,6.349363065705788955e-02,-7.370538785413010795e-11,4.175756349337709324e-14,5.914921266822554570e-03,-2.329953753130886360e-02,1.690398704764368279e-11,2.921445879809971002e-02,-3.714054003480815639e-11
1.071480724822507113e+00,-3.805063769847868982e-01,-2.037205302080336358e-02,-3.628784018332836259e-01,1.094087924340854980e-09,-1.228289979242789709e+00,3.805063764273348692e-01,-8.346394789096460265e-15,2.807363809576812058e-03,-6.073236591564964287e-02,2.472373290866551761e-11,6.353972972517712980e-02,-7.376400559645807514e-11,4.430721886509918581e-14,5.924577666656315536e-03,-2.320110436652024488e-02,1.688258550182562042e-11,2.912568203316829446e-02,-3.704245829676665710e-11
1.073061079873867785e+00,-3.805063769847869537e-01,-2.036760898683045301e-02,-3.629744094662075704e-01,1.094127017690440991e-09,-1.228189527575892948e+00,3.805063764272182958e-01,-8.274352278482341689e-15,2.816734363715042884e-03,-6.076895413088292258e-02,2.475039645329149666e-11,6.358568849454865335e-02,-7.382246830925416388e-11,4.686703504667644905e-14,5.934215261203515911e-03,-2.310269008277705122e-02,1.686114805739988262e-11,2.903690534399584744e-02,-3.694434420368842832e-11
1.074641434925228456e+00,-3.805063769847869537e-01,-2.036315013202779148e-02,-3.630704747986142067e-01,1.094166153151109357e-09,-1.228089003388683764e+00,3.805063764271016113e-01,-8.198256344559441585e-15,2.826120133731431418e-03,-6.080538683160213731e-02,2.477702609070537501e-11,6.363150696528430128e-02,-7.388077594135895935e-11,4.943697561750814668e-14,5.943833923566064700e-03,-2.300429479696606411e-02,1.683967460465319438e-11,2.894812872057105774e-02,-3.684619772145384011e-11
1.076221789976589127e+00,-3.805063769847869537e-01,-2.035867643237257787e-02,-3.631665975847592209e-01,1.094205330669229408e-09,-1.227988406902883689e+00,3.805063764269847604e-01,-8.118091016120442767e-15,2.835521089606068794e-03,-6.084166404792312050e-02,2.480362176391460879e-11,6.367718513747999687e-02,-7.393892844155929290e-11,5.201700393887581824e-14,5.953433526752606106e-03,-2.290591862604084497e-02,1.681816503403319637e-11,2.885935215285611796e-02,-3.674801881625403691e-11
1.077802145027949798e+00,-3.805063769847869537e-01,-2.035418786388962578e-02,-3.632627775789459279e-01,1.094244550191080728e-09,-1.227887738340214030e+00,3.805063764268678539e-01,-8.033840380032229242e-15,2.844937201118285727e-03,-6.087778581014666179e-02,2.483018341575369260e-11,6.372272301121587046e-02,-7.399692575858891416e-11,5.460708315450083335e-14,5.963013943679365200e-03,-2.280756168702091288e-02,1.679661923614878425e-11,2.877057563078679395e-02,-3.664980745459045280e-11
1.079382500079310248e+00,-3.805063769847870092e-01,-2.034968440265165490e-02,-3.633590145355258261e-01,1.094283811662851907e-09,-1.227786997922396317e+00,3.805063764267508919e-01,-7.945488581579220565e-15,2.854368437846497696e-03,-6.091375214875849320e-02,2.485671098888434368e-11,6.376812058655607907e-02,-7.405476784112874953e-11,5.720717619110553682e-14,5.972575047170950238e-03,-2.270922409699106456e-02,1.677503710177038009e-11,2.868179914427247679e-02,-3.655156360327452720e-11
1.080962855130670919e+00,-3.805063769847869537e-01,-2.034516602477962413e-02,-3.634553082088985421e-01,1.094323115030641170e-09,-1.227686185871151636e+00,3.805063764266338189e-01,-7.853019824805863686e-15,2.863814769168070498e-03,-6.094956309442944864e-02,2.488320442579580244e-11,6.381337786354879249e-02,-7.411245463780765178e-11,5.981724575897792168e-14,5.982116709961207007e-03,-2.261090597310063538e-02,1.675341852183028456e-11,2.859302268319634591e-02,-3.645328722942736879e-11
1.082543210182031590e+00,-3.805063769847870092e-01,-2.034063270645072169e-02,-3.635516583535199353e-01,1.094362460240455129e-09,-1.227585302408201517e+00,3.805063764265166348e-01,-7.756489537289206533e-15,2.873276065911639556e-03,-6.098521877437024230e-02,2.490966366143965826e-11,6.385849484023341238e-02,-7.416998618474089516e-11,6.182885654701631276e-14,5.990798013555248373e-03,-2.251343118662628429e-02,1.673170041920140749e-11,2.850422920033730823e-02,-3.635572668108089581e-11
1.084123565233392261e+00,-3.805063769847870092e-01,-2.033608442744058720e-02,-3.636480647273724331e-01,1.094401847237943055e-09,-1.227484347755338545e+00,3.805063764263993953e-01,-7.659954000020438821e-15,2.882746669703427096e-03,-6.102072473294304494e-02,2.493608821651959210e-11,6.390347140259823588e-02,-7.422736743930657329e-11,6.033935136018010164e-14,5.994607480185633330e-03,-2.242072992258357933e-02,1.670958226856441697e-11,2.841533740292596921e-02,-3.626245239267824939e-11
1.085703920284752932e+00,-3.805063769847870092e-01,-2.033152117677492279e-02,-3.637445270975021017e-01,1.094441275967973773e-09,-1.227383322134543597e+00,3.805063764262820447e-01,-7.565778193804198863e-15,2.892223259386986038e-03,-6.105608422463996987e-02,2.496247778662068238e-11,6.394830748397896392e-02,-7.428460127831656317e-11,5.884253019422925888e-14,5.998373382333614841e-03,-2.232807173687795937e-02,1.668742556810107820e-11,2.832644511936931522e-02,-3.616916661700897234e-11
1.087284275336113382e+00,-3.805063769847870647e-01,-2.032694294504831800e-02,-3.638410452324931654e-01,1.094480746375210556e-09,-1.227282225767825974e+00,3.805063764261645831e-01,-7.473973661941184317e-15,2.901705766081385477e-03,-6.109129731756698239e-02,2.498883231073986465e-11,6.399300308360063305e-02,-7.434168768353202342e-11,5.733841654152220770e-14,6.002095677566243390e-03,-2.223545666344769675e-02,1.666523021577402265e-11,2.823755234117267601e-02,-3.607586924660416329e-11
1.088864630387474053e+00,-3.805063769847870647e-01,-2.032234972296427175e-02,-3.639376189010373741e-01,1.094520258404219686e-09,-1.227181058877197861e+00,3.805063764260471215e-01,-7.384551910490209319e-15,2.911194120838956224e-03,-6.112636407988331771e-02,2.501515172771299073e-11,6.403755820067480453e-02,-7.439862663654415291e-11,5.582703404070657753e-14,6.005774323861326827e-03,-2.214288473580468958e-02,1.664299610974654742e-11,2.814865905982574454e-02,-3.598256017386020026e-11
1.090444985438834724e+00,-3.805063769847870647e-01,-2.031774150133528259e-02,-3.640342478719342245e-01,1.094559811999471289e-09,-1.227079821684671890e+00,3.805063764259294379e-01,-7.297524408037255985e-15,2.920688254645944365e-03,-6.116128457980083560e-02,2.504143597621509043e-11,6.408197283439955039e-02,-7.445541811877397101e-11,5.430840647633683358e-14,6.009409279606953320e-03,-2.205035598703495095e-02,1.662072314838279939e-11,2.805976526680262206e-02,-3.588923929103948388e-11
1.092025340490195395e+00,-3.805063769847870647e-01,-2.031311827108298745e-02,-3.641309319140912382e-01,1.094599407105337676e-09,-1.226978514412262689e+00,3.805063764258117542e-01,-7.212902585465221694e-15,2.930188098423159616e-03,-6.119605888558334039e-02,2.506768499476076899e-11,6.412624698395952283e-02,-7.451206211147214961e-11,5.278255777849205170e-14,6.013000503601024713e-03,-2.195787044979914324e-02,1.659841123024801433e-11,2.797087095356188061e-02,-3.579590649027125809e-11
1.093605695541556067e+00,-3.805063769847871202e-01,-2.030848002323822066e-02,-3.642276707965237392e-01,1.094639043666094998e-09,-1.226877137281985330e+00,3.805063764256939596e-01,-7.130697835724302186e-15,2.939693583026615435e-03,-6.123068706554592178e-02,2.509389872170447529e-11,6.417038064852582935e-02,-7.456855859571872871e-11,5.124951202239215959e-14,6.016547955050762994e-03,-2.186542815633319217e-02,1.657606025410873020e-11,2.788197611154666355e-02,-3.570256166355248256e-11
1.095186050592916738e+00,-3.805063769847871202e-01,-2.030382674894116307e-02,-3.643244642883550211e-01,1.094678721625920557e-09,-1.226775690515857331e+00,3.805063764255760539e-01,-7.050921513602788026e-15,2.949204639248193417e-03,-6.126516918805430950e-02,2.512007709524084752e-11,6.421437382725604659e-02,-7.462490755242309064e-11,4.970929342800974157e-14,6.020051593572253203e-03,-2.177302913844872401e-02,1.655367011893298741e-11,2.779308073218467526e-02,-3.560920470274861461e-11
1.096766405644277187e+00,-3.805063769847871202e-01,-2.029915843944140111e-02,-3.644213121588165127e-01,1.094718440928894875e-09,-1.226674174335896206e+00,3.805063764254580372e-01,-6.973584935498743805e-15,2.958721197816264331e-03,-6.129950532152413090e-02,2.514622005340499114e-11,6.425822651929422036e-02,-7.468110896232350765e-11,4.816192635968475254e-14,6.023511379189930813e-03,-2.168067342753378368e-02,1.653124072389056800e-11,2.770418480688841695e-02,-3.551583549959450104e-11
1.098346760695637858e+00,-3.805063769847871202e-01,-2.029447508609805856e-02,-3.645182141772478346e-01,1.094758201518999422e-09,-1.226572588964121691e+00,3.805063764253400205e-01,-6.898699379192088080e-15,2.968243189396350783e-03,-6.133369553442027944e-02,2.517232753407283101e-11,6.430193872377069908e-02,-7.473716280598703855e-11,4.660743532573401924e-14,6.026927272336118566e-03,-2.158836105455329279e-02,1.650877196835320238e-11,2.761528832705510694e-02,-3.542245394569518593e-11
1.099927115746998529e+00,-3.805063769847871202e-01,-2.028977668037986945e-02,-3.646151701130967426e-01,1.094798003340118677e-09,-1.226470934622554632e+00,3.805063764252218372e-01,-6.826276083617388021e-15,2.977770544591769927e-03,-6.136773989525632494e-02,2.519839947496146042e-11,6.434551043980242524e-02,-7.479306906380947695e-11,4.504584497806094342e-14,6.030299233850542479e-03,-2.149609205004959084e-02,1.648626375189480847e-11,2.752639128406682636e-02,-3.532905993252673780e-11
1.101507470798359201e+00,-3.805063769847871757e-01,-2.028506321386529601e-02,-3.647121797359193507e-01,1.094837846336037859e-09,-1.226369211533217429e+00,3.805063764251035985e-01,-6.756326248637240186e-15,2.987303193944267944e-03,-6.140163847259366703e-02,2.522443581362936721e-11,6.438894166649251904e-02,-7.484882771601486021e-11,4.347718011176303408e-14,6.033627224979820972e-03,-2.140386644414309092e-02,1.646371597429168555e-11,2.743749366929059894e-02,-3.523565335143718020e-11
1.103087825849719872e+00,-3.805063769847871757e-01,-2.028033467824261540e-02,-3.648092428153802413e-01,1.094877730450442720e-09,-1.226267419918134038e+00,3.805063764249852487e-01,-6.688861034816312357e-15,2.996841067934669697e-03,-6.143539133504102162e-02,2.525043648747682479e-11,6.443223240293054210e-02,-7.490443874265546934e-11,4.190146566473878967e-14,6.036911207376993889e-03,-2.131168426653276549e-02,1.644112853552274370e-11,2.734859547407844302e-02,-3.514223409364719609e-11
1.104668180901080321e+00,-3.805063769847871757e-01,-2.027559106531001687e-02,-3.649063591212524105e-01,1.094917655626920989e-09,-1.226165559999329302e+00,3.805063764248668434e-01,-6.623891563195940737e-15,3.006384096983522308e-03,-6.146899855125372014e-02,2.527640143374623786e-11,6.447538264819235865e-02,-7.495990212361159645e-11,4.031872671729165839e-14,6.040151143101031572e-03,-2.121954554649675001e-02,1.641850133576975902e-11,2.725969668976746529e-02,-3.504880205025113598e-11
1.106248535952440992e+00,-3.805063769847871757e-01,-2.027083236697569887e-02,-3.650035284234173227e-01,1.094957621808960927e-09,-1.226063631998830061e+00,3.805063764247483826e-01,-6.561428915069432386e-15,3.015932211451725301e-03,-6.150246018993298786e-02,2.530233058952236211e-11,6.451839240134009390e-02,-7.501521783859126032e-11,3.872898849173411833e-14,6.043346994616323985e-03,-2.112745031289293973e-02,1.639583427541755139e-11,2.717079730767994056e-02,-3.495535711221778051e-11
1.107828891003801663e+00,-3.805063769847872313e-01,-2.026605857525795584e-02,-3.651007504918650781e-01,1.094997628939950708e-09,-1.225961636138664934e+00,3.805063764246297553e-01,-6.501484131757926962e-15,3.025485341641187195e-03,-6.153577631982539570e-02,2.532822389173275015e-11,6.456126166142224510e-02,-7.507038586713019357e-11,3.713227635198866532e-14,6.046498724792207999e-03,-2.103539859415946151e-02,1.637312725505423970e-11,2.708189731912336029e-02,-3.486189917039120635e-11
1.109409246055162335e+00,-3.805063769847872313e-01,-2.026126968228527878e-02,-3.651980250966945230e-01,1.095037676963179241e-09,-1.225859572640862538e+00,3.805063764245110725e-01,-6.444068214386921892e-15,3.035043417795452603e-03,-6.156894700972205536e-02,2.535408127714795508e-11,6.460399042747344556e-02,-7.512540618859141604e-11,3.552861580318815711e-14,6.049606296902449581e-03,-2.094339041831537809e-02,1.635038017547144544e-11,2.699299671539051593e-02,-3.476842811549167805e-11
1.110989601106523006e+00,-3.805063769847872313e-01,-2.025646568029644198e-02,-3.652953520081132499e-01,1.095077765821834728e-09,-1.225757441727455044e+00,3.805063764243923341e-01,-6.389192123663435733e-15,3.044606370100344083e-03,-6.160197232845807114e-02,2.537990268238193433e-11,6.464657869851461736e-02,-7.518027878216514441e-11,3.391803249127482584e-14,6.052669674624752000e-03,-2.085142581296120165e-02,1.632759293766454793e-11,2.690409548775965151e-02,-3.467494383811653336e-11
1.112569956157883455e+00,-3.805063769847871757e-01,-2.025164656164061411e-02,-3.653927309964375980e-01,1.095117895459006109e-09,-1.225655243620474844e+00,3.805063764242734847e-01,-6.336866779653809723e-15,3.054174128684603116e-03,-6.163485234491184600e-02,2.540568804389235670e-11,6.468902647355292967e-02,-7.523500362686875336e-11,3.230055220259762454e-14,6.055688822040262292e-03,-2.075950480527943148e-02,1.630476544283288470e-11,2.681519362749439431e-02,-3.458144622874096519e-11
1.114150311209244126e+00,-3.805063769847871757e-01,-2.024681231877739976e-02,-3.654901618320928192e-01,1.095158065817680788e-09,-1.225552978541956550e+00,3.805063764241545243e-01,-6.287103061562078881e-15,3.063746623620522847e-03,-6.166758712800432529e-02,2.543143729798085433e-11,6.473133375158160452e-02,-7.528958070154618108e-11,3.067620086350669580e-14,6.058663703633045648e-03,-2.066762742203525141e-02,1.628189759237998408e-11,2.672629112584399766e-02,-3.448793517771899740e-11
1.115730666260604576e+00,-3.805063769847872313e-01,-2.024196294427698176e-02,-3.655876442856130781e-01,1.095198276840745873e-09,-1.225450646713936109e+00,3.805063764240355084e-01,-6.239911807509117783e-15,3.073323784924590803e-03,-6.170017674669853874e-02,2.545715038079349126e-11,6.477350053158015264e-02,-7.534400998486827819e-11,2.904500453994935513e-14,6.061594284289610092e-03,-2.057579368957694610e-02,1.625898928791382049e-11,2.663738797404326120e-02,-3.439441057528430556e-11
1.117311021311965247e+00,-3.805063769847872313e-01,-2.023709843082017665e-02,-3.656851781276416191e-01,1.095238528470987761e-09,-1.225348248358450576e+00,3.805063764239163815e-01,-6.195303814312301448e-15,3.082905542558112954e-03,-6.173262126999874005e-02,2.548282722832091204e-11,6.481552681251416537e-02,-7.539829145533208403e-11,2.740698943706199737e-14,6.064480529298373924e-03,-2.048400363383667822e-02,1.623604043124699541e-11,2.654848416331276675e-02,-3.430087231155107637e-11
1.118891376363325918e+00,-3.805063769847872313e-01,-2.023221877119853185e-02,-3.657827631289309323e-01,1.095278820651090489e-09,-1.225245783697539892e+00,3.805063764237971990e-01,-6.153289837265858860e-15,3.092491826427862939e-03,-6.176492076694985872e-02,2.550846777639880380e-11,6.485741259333532849e-02,-7.545242509126100750e-11,2.576218189876077891e-14,6.067322404349166989e-03,-2.039225728033094640e-02,1.621305092439702168e-11,2.645957968485883674e-02,-3.420732027651497064e-11
1.120471731414686589e+00,-3.805063769847872313e-01,-2.022732395831440197e-02,-3.658803990603421985e-01,1.095319153323637794e-09,-1.225143252953244444e+00,3.805063764236779056e-01,-6.113880589921900950e-15,3.102082566386706996e-03,-6.179707530663687554e-02,2.553407196070816765e-11,6.489915787298146388e-02,-7.550641087080455575e-11,2.411060840733257435e-14,6.070119875532732807e-03,-2.030055465416118546e-02,1.619002066958651739e-11,2.637067452987364516e-02,-3.411375436005391163e-11
1.122052086466047260e+00,-3.805063769847872868e-01,-2.022241398518105290e-02,-3.659780856928462889e-01,1.095359526431110434e-09,-1.225040656347607060e+00,3.805063764235585566e-01,-6.077086743872045759e-15,3.111677692234238873e-03,-6.182908495818404543e-02,2.555963971677561920e-11,6.494076265037646012e-02,-7.556024877193801099e-11,2.245229558302229180e-14,6.072872909340186476e-03,-2.020889578001441172e-02,1.616694956924345145e-11,2.628176868953533557e-02,-3.402017445192905443e-11
1.123632441517407932e+00,-3.805063769847872868e-01,-2.021748884492273468e-02,-3.660758227975231538e-01,1.095399939915888453e-09,-1.224937994102672123e+00,3.805063764234390966e-01,-6.042918928529746469e-15,3.121277133717409100e-03,-6.186094979075430073e-02,2.558517097997375047e-11,6.498222692443017534e-02,-7.561393877246236590e-11,2.078727018362087295e-14,6.075581472662525476e-03,-2.011728068216377813e-02,1.614383752600137300e-11,2.619286215500805579e-02,-3.392658044178560667e-11
1.125212796568768381e+00,-3.805063769847872868e-01,-2.021254853077474392e-02,-3.661736101455618786e-01,1.095440393720248707e-09,-1.224835266440485348e+00,3.805063764233194701e-01,-6.011387730913222126e-15,3.130880820531165964e-03,-6.189266987354870297e-02,2.561066568552144971e-11,6.502355069403861765e-02,-7.566748085000422021e-11,1.911555910404939294e-14,6.078245532790108388e-03,-2.002570938446919177e-02,1.612068444269965699e-11,2.610395491744205848e-02,-3.383297221915379787e-11
1.126793151620129052e+00,-3.805063769847872868e-01,-2.020759303608355220e-02,-3.662714475082612942e-01,1.095480887786365894e-09,-1.224732473583094894e+00,3.805063764231998991e-01,-5.982503695429089658e-15,3.140488682319074378e-03,-6.192424527580558252e-02,2.563612376848420520e-11,6.506473395808368143e-02,-7.572087498201535420e-11,1.743718937594400279e-14,6.080865057412124935e-03,-1.993418191037791415e-02,1.609749022238372388e-11,2.601504696797380181e-02,-3.373934967344973250e-11
1.128373506671489723e+00,-3.805063769847873423e-01,-2.020262235430683381e-02,-3.663693346570294218e-01,1.095521422056311937e-09,-1.224629615752550249e+00,3.805063764230801615e-01,-5.956277323656623041e-15,3.150100648673956859e-03,-6.195567606680008055e-02,2.566154516377446064e-11,6.510577671543335554e-02,-7.577412114577283212e-11,1.575218816723773848e-14,6.083440014616095515e-03,-1.984269828292508850e-02,1.607425476830527876e-11,2.592613829772596329e-02,-3.364571269397626880e-11
1.129953861722850395e+00,-3.805063769847873423e-01,-2.019763647901358719e-02,-3.664672713633840284e-01,1.095561996472055772e-09,-1.224526693170902458e+00,3.805063764229603684e-01,-5.932719074132698771e-15,3.159716649138514556e-03,-6.198696231584337191e-02,2.568692980615191889e-11,6.514667896494150123e-02,-7.582721931837862731e-11,1.406058278174217218e-14,6.085970372887331697e-03,-1.975125852473446145e-02,1.605097798392255692e-11,2.583722889780758203e-02,-3.355206116992398172e-11
1.131534216774211066e+00,-3.805063769847873423e-01,-2.019263540388419390e-02,-3.665652573989521823e-01,1.095602610975462731e-09,-1.224423706060204786e+00,3.805063764228405199e-01,-5.911839362137377161e-15,3.169336613205955226e-03,-6.201810409228202675e-02,2.571227763022385864e-11,6.518744070544789382e-02,-7.588016947675942839e-11,1.236240065872666861e-14,6.088456101108417548e-03,-1.965986265801893118e-02,1.602765977290054034e-11,2.574831875931415243e-02,-3.345839499037203533e-11
1.133114571825571515e+00,-3.805063769847872868e-01,-2.018761912271050535e-02,-3.666632925354706973e-01,1.095643265508295579e-09,-1.224320654642512496e+00,3.805063764227205603e-01,-5.893648559480188876e-15,3.178960470320630304e-03,-6.204910146549753175e-02,2.573758857044552535e-11,6.522806193577837530e-02,-7.593297159766671679e-11,1.065766937249737467e-14,6.090897168558703084e-03,-1.956851070458109562e-02,1.600430003911122908e-11,2.565940787332761722e-02,-3.336471404428909398e-11
1.134694926876932186e+00,-3.805063769847872868e-01,-2.018258762939589487e-02,-3.667613765447860219e-01,1.095683960012212645e-09,-1.224217539139882849e+00,3.805063764226005452e-01,-5.878156994287033625e-15,3.188588149878649435e-03,-6.207995450490535333e-02,2.576286256112035746e-11,6.526854265474450745e-02,-7.598562565767628852e-11,8.946416631972422595e-15,6.093293544913746564e-03,-1.947720268581397060e-02,1.598089868663384814e-11,2.557049623091654789e-02,-3.327101822053424001e-11
1.136275281928292857e+00,-3.805063769847873978e-01,-2.017754091795537219e-02,-3.668595091988545165e-01,1.095724694428768243e-09,-1.224114359774373773e+00,3.805063764224803635e-01,-5.865374950787791198e-15,3.198219581228514945e-03,-6.211066327995453523e-02,2.578809953640041936e-11,6.530888286114384933e-02,-7.603813163318828004e-11,7.228670280258551456e-15,6.095645200244807944e-03,-1.938593862270154150e-02,1.595745561975510910e-11,2.548158382313618978e-02,-3.317730740785791717e-11
1.137855636979653529e+00,-3.805063769847873978e-01,-2.017247898251563892e-02,-3.669576902697420095e-01,1.095765468699413495e-09,-1.224011116768046747e+00,3.805063764223602374e-01,-5.855312669104606186e-15,3.207854693671737673e-03,-6.214122786012689359e-02,2.581329943028661464e-11,6.534908255375973529e-02,-7.609048950042680637e-11,5.504458294225352615e-15,6.097952105018305050e-03,-1.929471853581935653e-02,1.593397074296941699e-11,2.539267064102851759e-02,-3.308358149490277729e-11
1.139435992031014200e+00,-3.805063769847873978e-01,-2.016740181731514758e-02,-3.670559195296244082e-01,1.095806282765493437e-09,-1.223907810342963920e+00,3.805063764222399447e-01,-5.847980345040810099e-15,3.217493416463474906e-03,-6.217164831493648958e-02,2.583846217662913523e-11,6.538914173136137209e-02,-7.614269923544007737e-11,3.773808784075935340e-15,6.100214230095294884e-03,-1.920354244533520327e-02,1.591044396097917399e-11,2.530375667562237071e-02,-3.298984037020472709e-11
1.141016347082374871e+00,-3.805063769847873978e-01,-2.016230941670419871e-02,-3.671541967507874205e-01,1.095847136568249916e-09,-1.223804440721189879e+00,3.805063764221195410e-01,-5.843388129870569244e-15,3.227135678813140580e-03,-6.220192471392896327e-02,2.586358770912772959e-11,6.542906039270381113e-02,-7.619476081409998422e-11,2.036749992920508828e-15,6.102431546730934138e-03,-1.911241037100963602e-02,1.588687517869494743e-11,2.521484191793345667e-02,-3.289608392219368432e-11
1.142596702133735320e+00,-3.805063769847874533e-01,-2.015720177514499639e-02,-3.672525217056266666e-01,1.095888030048819517e-09,-1.223701008124791434e+00,3.805063764219990263e-01,-5.841546130129160530e-15,3.236781409885035841e-03,-6.223205712668077039e-02,2.588867596133200643e-11,6.546883853652780971e-02,-7.624667421210202181e-11,2.933102963433997244e-16,6.104604026573937949e-03,-1.902132233219669399e-02,1.586326430123577356e-11,2.512592635896453847e-02,-3.280231203919466989e-11
1.144177057185095991e+00,-3.805063769847874533e-01,-2.015207888721173846e-02,-3.673508941666477345e-01,1.095928963148233155e-09,-1.223597512775837171e+00,3.805063764218785116e-01,-5.842464407403972234e-15,3.246430538798960111e-03,-6.226204562279866878e-02,2.591372686664179339e-11,6.550847616155994202e-02,-7.629843940496505614e-11,-1.456481798025479403e-15,6.106731641666038671e-03,-1.893027834784449109e-02,1.583961123392935463e-11,2.503700998970544503e-02,-3.270852460942866091e-11
1.145757412236456663e+00,-3.805063769847874533e-01,-2.014694074759066159e-02,-3.674493139064662905e-01,1.095969935807417107e-09,-1.223493954896397673e+00,3.805063764217579414e-01,-5.846152978126168997e-15,3.256082994630849891e-03,-6.229189027191911476e-02,2.593874035830750858e-11,6.554797326651259914e-02,-7.635005636803138890e-11,-3.212597650946790670e-15,6.108814364441476734e-03,-1.883927843649574330e-02,1.581591588231233999e-11,2.494809280113315791e-02,-3.261472152101349539e-11
1.147337767287817334e+00,-3.805063769847873978e-01,-2.014178735108012458e-02,-3.675477806978080242e-01,1.096010947967191356e-09,-1.223390334708545524e+00,3.805063764216372046e-01,-5.852621813363028918e-15,3.265738706413378548e-03,-6.232159114370745823e-02,2.596371636943042238e-11,6.558732985008378091e-02,-7.640152507646625344e-11,-4.975008492004050477e-15,6.110852167726417775e-03,-1.874832261628854926e-02,1.579217815213055554e-11,2.485917478421192234e-02,-3.252090266196489332e-11
1.148918122339178005e+00,-3.805063769847873978e-01,-2.013661869259067427e-02,-3.676462943135088146e-01,1.096051999568270627e-09,-1.223286652434355082e+00,3.805063764215164124e-01,-5.861880838610996157e-15,3.275397603136589054e-03,-6.235114830785740830e-02,2.598865483296299017e-11,6.562654591095726242e-02,-7.645284550525791818e-11,-6.743685420040854880e-15,6.112845024738436557e-03,-1.865741090495691423e-02,1.576839794933923311e-11,2.477025592989332697e-02,-3.242706792019734200e-11
1.150498477390538454e+00,-3.805063769847874533e-01,-2.013143476714511146e-02,-3.677448545265146196e-01,1.096093090551263351e-09,-1.223182908295904037e+00,3.805063764213955646e-01,-5.873939933589406422e-15,3.285059613748505906e-03,-6.238056183409040889e-02,2.601355568170925307e-11,6.566562144780248300e-02,-7.650401762921737635e-11,-8.518599403597170353e-15,6.114792909085966198e-03,-1.856654331983141962e-02,1.574457518010329481e-11,2.468133622911638375e-02,-3.233321718352505892e-11
1.152078832441899126e+00,-3.805063769847874533e-01,-2.012623556987855680e-02,-3.678434611098816975e-01,1.096134220856671462e-09,-1.223079102515270522e+00,3.805063764212746613e-01,-5.888808932034902726e-15,3.294724667155754863e-03,-6.240983179215497251e-02,2.603841884832511251e-11,6.570455645927460175e-02,-7.655504142297834607e-11,-1.029972128134820177e-14,6.116695794767754331e-03,-1.847571987783984057e-02,1.572070975079757278e-11,2.459241567280760765e-02,-3.223935033966291588e-11
1.153659187493259797e+00,-3.805063769847874533e-01,-2.012102109603852024e-02,-3.679421138367764410e-01,1.096175390424890185e-09,-1.222975235314535780e+00,3.805063764211535360e-01,-5.906497621496561894e-15,3.304392692224179199e-03,-6.243895825182600029e-02,2.606324426531865344e-11,6.574335094401437263e-02,-7.660591686099689549e-11,-1.208702176254483077e-14,6.118553656172307995e-03,-1.838494059550773232e-02,1.569680156800704501e-11,2.450349425188107222e-02,-3.214546727622739546e-11
1.155239542544620468e+00,-3.805063769847874533e-01,-2.011579134098495300e-02,-3.680408124804755987e-01,1.096216599196208660e-09,-1.222871306915783052e+00,3.805063764210325217e-01,-5.927015743131693973e-15,3.314063617779453366e-03,-6.246794128290426851e-02,2.608803186505052229e-11,6.578200490064824157e-02,-7.665664391755152035e-11,-1.388047142745407947e-14,6.120366468077358471e-03,-1.829420548895916918e-02,1.567285053852712943e-11,2.441457195723858303e-02,-3.205156788073758615e-11
1.156819897595981139e+00,-3.805063769847875088e-01,-2.011054630019032743e-02,-3.681395568143662200e-01,1.096257847110808909e-09,-1.222767317541097798e+00,3.805063764209112853e-01,-5.950372991502361087e-15,3.323737372607697953e-03,-6.249678095521563753e-02,2.611278157973422105e-11,6.582051832778816614e-02,-7.670722256674279499e-11,-1.568004072780269081e-14,6.122134205649288827e-03,-1.820351457391732042e-02,1.564885656936390359e-11,2.432564877976968465e-02,-3.195765204061610651e-11
1.158400252647341810e+00,-3.805063769847874533e-01,-2.010528596923967515e-02,-3.682383466119458770e-01,1.096299134108764798e-09,-1.222663267412567700e+00,3.805063764207900490e-01,-5.976579014372576283e-15,3.333413885456096813e-03,-6.252547733861056611e-02,2.613749334143648210e-11,6.585889122403182361e-02,-7.675765278249338533e-11,-1.748569998722015763e-14,6.123856844442604822e-03,-1.811286786570504015e-02,1.562481956773435026e-11,2.423672471035174039e-02,-3.186371964319000343e-11
1.159980607698702260e+00,-3.805063769847875088e-01,-2.010001034383068069e-02,-3.683371816468222759e-01,1.096340460130043900e-09,-1.222559156752282439e+00,3.805063764206687016e-01,-6.005643412506235234e-15,3.343093085033505951e-03,-6.255403050296338974e-02,2.616216708207753959e-11,6.589712358796238900e-02,-7.680793453854779030e-11,-1.929741940168485979e-14,6.125534360399363318e-03,-1.802226537924560279e-02,1.560073944106661590e-11,2.414779973985008849e-02,-3.176977057569185073e-11
1.161560962750062931e+00,-3.805063769847875088e-01,-2.009471941977371973e-02,-3.684360616927137011e-01,1.096381825114505428e-09,-1.222454985782333914e+00,3.805063764205472432e-01,-6.037575739465715318e-15,3.352774900011067181e-03,-6.258244051817170306e-02,2.618680273343150430e-11,6.593521541814856279e-02,-7.685806780847214804e-11,-2.111516903997081657e-14,6.127166729848623240e-03,-1.793170712906330677e-02,1.557661609700027565e-11,2.405887385911806980e-02,-3.167580472526057632e-11
1.163141317801423602e+00,-3.805063769847875643e-01,-2.008941319299190412e-02,-3.685349865234489597e-01,1.096423229001900650e-09,-1.222350754724816912e+00,3.805063764204257293e-01,-6.072385501411217800e-15,3.362459259022819186e-03,-6.261070745415572847e-02,2.621140022712671902e-11,6.597316671314468195e-02,-7.690805256565426172e-11,-2.293891884409537477e-14,6.128753929505884393e-03,-1.784119312928408863e-02,1.555244944338656915e-11,2.396994705899713890e-02,-3.158182197894253500e-11
1.164721672852784273e+00,-3.805063769847875643e-01,-2.008409165952118949e-02,-3.686339559129674370e-01,1.096464671731872883e-09,-1.222246463801827776e+00,3.805063764203042154e-01,-6.110082156900792384e-15,3.372146090666309007e-03,-6.263883138085769853e-02,2.623595949464601384e-11,6.601097747149047013e-02,-7.695788878330325056e-11,-2.476863862976879625e-14,6.130295936472528878e-03,-1.775072339363623769e-02,1.552823938828865586e-11,2.388101933031695073e-02,-3.148782222369239375e-11
1.166302027904144945e+00,-3.805063769847875643e-01,-2.007875481551037525e-02,-3.687329696353188746e-01,1.096506153243956673e-09,-1.222142113235465510e+00,3.805063764201825349e-01,-6.150675116691086723e-15,3.381835323503200492e-03,-6.266681236824130086e-02,2.626048046732717146e-11,6.604864769171130134e-02,-7.700757643444970493e-11,-2.660429808684459974e-14,6.131792728235272057e-03,-1.766029793545092694e-02,1.550398583998188321e-11,2.379209066389540578e-02,-3.139380534637415924e-11
1.167882382955505394e+00,-3.805063769847875643e-01,-2.007340265722119127e-02,-3.688320274646635921e-01,1.096547673477578824e-09,-1.222037703247831786e+00,3.805063764200608545e-01,-6.194173743538793287e-15,3.391526886059879724e-03,-6.269465048629088710e-02,2.628496307636311779e-11,6.608617737231789468e-02,-7.705711549194514355e-11,-2.844586677977171379e-14,6.133244282665577946e-03,-1.756991676766299360e-02,1.547968870695402896e-11,2.370316105053880962e-02,-3.129977123376213432e-11
1.169462738006866065e+00,-3.805063769847875088e-01,-2.006803518102836040e-02,-3.689311291752728206e-01,1.096589232372056126e-09,-1.221933234061029827e+00,3.805063764199389520e-01,-6.240587352002848012e-15,3.401220706828067368e-03,-6.272234580501095946e-02,2.630940725280234201e-11,6.612356651180648082e-02,-7.710650592846212977e-11,-3.029331414804871235e-14,6.134650578019104974e-03,-1.747957990281155671e-02,1.545534789790555968e-11,2.361423048104191458e-02,-3.120571977254191317e-11
1.171043093058226736e+00,-3.805063769847875643e-01,-2.006265238341963311e-02,-3.690302745415282581e-01,1.096630829866597214e-09,-1.221828705897165745e+00,3.805063764198170495e-01,-6.289925208247318413e-15,3.410916714265427134e-03,-6.274989839442556006e-02,2.633381292754923587e-11,6.616081510865877424e-02,-7.715574771649415526e-11,-3.214660950667763385e-14,6.136011592935150007e-03,-1.738928735304057921e-02,1.543096332174988279e-11,2.352529894618800993e-02,-3.111165084931133125e-11
1.172623448109587407e+00,-3.805063769847875643e-01,-2.005725426099583958e-02,-3.691294633379221257e-01,1.096672465900300916e-09,-1.221724118978347873e+00,3.805063764196951470e-01,-6.342196529844969333e-15,3.420614836796159481e-03,-6.277730832457756316e-02,2.635818003136439417e-11,6.619792316134186227e-02,-7.720484082835538152e-11,-3.400572204661910972e-14,6.137327306436062870e-03,-1.729903913009964850e-02,1.540653488761360827e-11,2.343636643674901904e-02,-3.101756435058146702e-11
1.174203803160948079e+00,-3.805063769847876198e-01,-2.005184081047097638e-02,-3.692286953390574999e-01,1.096714140412156664e-09,-1.221619473526687871e+00,3.805063764195730225e-01,-6.397410485581677501e-15,3.430315002811624818e-03,-6.280457566552814785e-02,2.638250849486496694e-11,6.623489066830821892e-02,-7.725378523618054940e-11,-3.587062083525215992e-14,6.138597697926692978e-03,-1.720883524534456629e-02,1.538206250483682334e-11,2.334743294348558262e-02,-3.092346016277766296e-11
1.175784158212308750e+00,-3.805063769847876198e-01,-2.004641202867219960e-02,-3.693279703196483688e-01,1.096755853341043877e-09,-1.221514769764298292e+00,3.805063764194508980e-01,-6.455576195261408553e-15,3.440017140670928973e-03,-6.283170048735607638e-02,2.640679824852498907e-11,6.627171762799580201e-02,-7.730258091192477232e-11,-3.774127481682973797e-14,6.139822747193801264e-03,-1.711867570973802169e-02,1.535754608297330892e-11,2.325849845714717326e-02,-3.082933817224042383e-11
1.177364513263669199e+00,-3.805063769847876198e-01,-2.004096791253993579e-02,-3.694272880545190207e-01,1.096797604625732783e-09,-1.221410007913295237e+00,3.805063764193287179e-01,-6.516702729512041280e-15,3.449721178701538153e-03,-6.285868286015713902e-02,2.643104922267574860e-11,6.630840403882781731e-02,-7.735122782736360088e-11,-3.961765281294068161e-14,6.141002434405505930e-03,-1.702856053385025381e-02,1.533298553179085306e-11,2.316956296847214394e-02,-3.073519826522655405e-11
1.178944868315029870e+00,-3.805063769847876198e-01,-2.003550845912789591e-02,-3.695266483186050999e-01,1.096839394204882358e-09,-1.221305188195797253e+00,3.805063764192064824e-01,-6.580799109591908968e-15,3.459427045199885229e-03,-6.288552285404359898e-02,2.645526134750610667e-11,6.634494989921298214e-02,-7.739972595409271267e-11,-4.149972352297101973e-14,6.142136740110703055e-03,-1.693848972785970408e-02,1.530838076127146744e-11,2.308062646818781483e-02,-3.064104032790997843e-11
1.180525223366390541e+00,-3.805063769847876198e-01,-2.003003366560312734e-02,-3.696260508869526062e-01,1.096881222017041767e-09,-1.221200310833924885e+00,3.805063764190840803e-01,-6.647874307196943405e-15,3.469134668431952603e-03,-6.291222053914341528e-02,2.647943455306281413e-11,6.638135520754519237e-02,-7.744807526352783472e-11,-4.338745552456411175e-14,6.143225645238478520e-03,-1.684846330155370317e-02,1.528373168161166201e-11,2.299168894701061200e-02,-3.054686424638287952e-11
1.182105578417751213e+00,-3.805063769847876198e-01,-2.002454352924606246e-02,-3.697254955347186178e-01,1.096923088000649540e-09,-1.221095376049802006e+00,3.805063764189616782e-01,-6.717937244268743456e-15,3.478843976633888904e-03,-6.293877598559965980e-02,2.650356876925086697e-11,6.641761996220370279e-02,-7.749627572690454964e-11,-4.528081727408697805e-14,6.144269131097539888e-03,-1.675848126432913365e-02,1.525903820322271964e-11,2.290275039564612647e-02,-3.045266990665664760e-11
1.183685933469111884e+00,-3.805063769847876198e-01,-2.001903804745059148e-02,-3.698249820371709573e-01,1.096964992094033159e-09,-1.220990384065554268e+00,3.805063764188391651e-01,-6.790996792803239999e-15,3.488554898012606598e-03,-6.296518926357008716e-02,2.652766392583387472e-11,6.645374416155321040e-02,-7.754432731527838608e-11,-4.717977710709373995e-14,6.145267179375651749e-03,-1.666854362519304758e-02,1.523430023673093848e-11,2.281381080478918355e-02,-3.035845719466286294e-11
1.185266288520472333e+00,-3.805063769847876753e-01,-2.001351721772405903e-02,-3.699245101696884697e-01,1.097006934235408437e-09,-1.220885335103310210e+00,3.805063764187165964e-01,-6.867061774660131586e-15,3.498267360746372227e-03,-6.299146044322626037e-02,2.655171995243435766e-11,6.648972780394349358e-02,-7.759222999952440513e-11,-4.908430323879259383e-14,6.146219772139025102e-03,-1.657865039276343669e-02,1.520951769297790978e-11,2.272487016512397123e-02,-3.026422599625433625e-11
1.186846643571833004e+00,-3.805063769847876753e-01,-2.000798103768734737e-02,-3.700240797077607446e-01,1.097048914362880963e-09,-1.220780229385201254e+00,3.805063764185938613e-01,-6.946140961373071890e-15,3.507981292985413568e-03,-6.301758959475310673e-02,2.657573677853410227e-11,6.652557088770975902e-02,-7.763998375033727792e-11,-5.099436376451250122e-14,6.147126891831762238e-03,-1.648880157526981874e-02,1.518469048302077647e-11,2.263592846732411998e-02,-3.016997619720612971e-11
1.188426998623193676e+00,-3.805063769847876753e-01,-2.000242950507491110e-02,-3.701236904269883943e-01,1.097090932414444244e-09,-1.220675067133361269e+00,3.805063764184711261e-01,-7.028243073960601833e-15,3.517696622852506394e-03,-6.304357678834822398e-02,2.659971433347451024e-11,6.656127341117232254e-02,-7.768758853823102706e-11,-5.290992666017297756e-14,6.147988521275252194e-03,-1.639899718055394529e-02,1.515981851813249157e-11,2.254698570205276864e-02,-3.007570768321650696e-11
1.190007353674554347e+00,-3.805063769847876753e-01,-1.999686261773481535e-02,-3.702233421030829974e-01,1.097132988327979499e-09,-1.220569848569926563e+00,3.805063764183483910e-01,-7.113376782737783009e-15,3.527413278443582070e-03,-6.306942209422136680e-02,2.662365254645692797e-11,6.659683537263687281e-02,-7.773504433353909129e-11,-5.483095978275326881e-14,6.148804643667607830e-03,-1.630923721607049903e-02,1.513490170980209938e-11,2.245804185996269978e-02,-2.998142033990803170e-11
1.191587708725915018e+00,-3.805063769847877309e-01,-1.999128037362878085e-02,-3.703230345118671551e-01,1.097175082041257103e-09,-1.220464573917036555e+00,3.805063764182254893e-01,-7.201550707128641277e-15,3.537131187828314750e-03,-6.309512558259365578e-02,2.664755134654299882e-11,6.663225677039426309e-02,-7.778235110641401531e-11,-5.675743087076427331e-14,6.149575242583060417e-03,-1.621952168888768711e-02,1.510993996973497129e-11,2.236909693169636393e-02,-2.988711405282847239e-11
1.193168063777275689e+00,-3.805063769847877309e-01,-1.998568277083221864e-02,-3.704227674292741024e-01,1.097217213491933693e-09,-1.220359243396833104e+00,3.805063764181024766e-01,-7.292773415479267464e-15,3.546850279050713355e-03,-6.312068732369717494e-02,2.667141066265501531e-11,6.666753760272053908e-02,-7.782950882682743681e-11,-5.868930754472022375e-14,6.150300301971380230e-03,-1.612985060568802864e-02,1.508493320985312247e-11,2.228015090788605657e-02,-2.979278870745197197e-11
1.194748418828636138e+00,-3.805063769847877309e-01,-1.998006980753428904e-02,-3.705225406313484848e-01,1.097259382617555272e-09,-1.220253857231460959e+00,3.805063764179794639e-01,-7.387053424871753477e-15,3.556570480129720054e-03,-6.314610738777418075e-02,2.669523042357620021e-11,6.670267786787691111e-02,-7.787651746456987974e-11,-6.062655730761320281e-14,6.150979806157277213e-03,-1.604022397276899659e-02,1.505988134229542189e-11,2.219120377915395279e-02,-2.969844418917994608e-11
1.196328773879996810e+00,-3.805063769847877309e-01,-1.997444148203791209e-02,-3.706223538942458040e-01,1.097301589355553486e-09,-1.220148415643067086e+00,3.805063764178563401e-01,-7.484399200938840758e-15,3.566291719059802232e-03,-6.317138584507667187e-02,2.671901055795116537e-11,6.673767756410983742e-02,-7.792337698925085761e-11,-6.256914754538787336e-14,6.151613739839833714e-03,-1.595064179604363530e-02,1.503478427941790897e-11,2.210225553611217322e-02,-2.960408038334213003e-11
1.197909128931357481e+00,-3.805063769847877864e-01,-1.996879779275982300e-02,-3.707222069942325837e-01,1.097343833643248102e-09,-1.220042918853802227e+00,3.805063764177332164e-01,-7.584819157679300008e-15,3.576013923811542736e-03,-6.319652276586561201e-02,2.674275099428612178e-11,6.677253668965088540e-02,-7.797008737029847294e-11,-6.451704552741764120e-14,6.152202088091881724e-03,-1.586110408104135505e-02,1.500964193379401331e-11,2.201330616936296794e-02,-2.950969717519766441e-11
1.199489483982718152e+00,-3.805063769847877864e-01,-1.996313873823062079e-02,-3.708220997076864256e-01,1.097386115417845772e-09,-1.219937367085819346e+00,3.805063764176098706e-01,-7.688321657274106090e-15,3.585737022332223176e-03,-6.322151822041043034e-02,2.676645166094932540e-11,6.680725524271674542e-02,-7.801664857695944301e-11,-6.647021840698223141e-14,6.152744836359421744e-03,-1.577161083290854610e-02,1.498445421821488426e-11,2.192435566949873030e-02,-2.941529444993608385e-11
1.201069839034078823e+00,-3.805063769847877864e-01,-1.995746431709477867e-02,-3.709220318110960091e-01,1.097428434616438998e-09,-1.219831760561273848e+00,3.805063764174866359e-01,-7.794915009903289765e-15,3.595460942546424565e-03,-6.324637227898836922e-02,2.679011248617136160e-11,6.684183322150925866e-02,-7.806306057829906115e-11,-6.842863322174527113e-14,6.153241970461036450e-03,-1.568216205640929686e-02,1.495922104568960742e-11,2.183540402710212186e-02,-2.932087209267835101e-11
1.202650194085439495e+00,-3.805063769847877864e-01,-1.995177452811069951e-02,-3.710220030810608138e-01,1.097470791176007991e-09,-1.219726099502324912e+00,3.805063764173631791e-01,-7.904607473563690316e-15,3.605185612356606294e-03,-6.327108501188392908e-02,2.681373339804551664e-11,6.687627062421534763e-02,-7.810932334320095113e-11,-7.039225689423591117e-14,6.153693476587272261e-03,-1.559275775592606703e-02,1.493394232944549541e-11,2.174645123274615566e-02,-2.922642998847789701e-11
1.204230549136799944e+00,-3.805063769847877864e-01,-1.994606937015073675e-02,-3.711220132942919525e-01,1.097513185033418396e-09,-1.219620384131133717e+00,3.805063764172397223e-01,-8.017407253887351878e-15,3.614910959643704170e-03,-6.329565648938821620e-02,2.683731432452813965e-11,6.691056744900711339e-02,-7.815543684036713183e-11,-7.236105623232918554e-14,6.154099341300066014e-03,-1.550339793546036057e-02,1.490861798292837550e-11,2.165749727699426905e-02,-2.913196802232165540e-11
1.205810904188160615e+00,-3.805063769847878419e-01,-1.994034884220123247e-02,-3.712220622276110049e-01,1.097555616125421710e-09,-1.219514614669865216e+00,3.805063764171160989e-01,-8.133322503960640789e-15,3.624636912267702443e-03,-6.332008678179835981e-02,2.686085519343894310e-11,6.694472369404162737e-02,-7.820140103831766821e-11,-7.433499792972716608e-14,6.154459551532119599e-03,-1.541408259863348042e-02,1.488324791980283515e-11,2.156854215040047290e-02,-2.903748607913110583e-11
1.207391259239521286e+00,-3.805063769847878419e-01,-1.993461294336256601e-02,-3.713221496579511838e-01,1.097598084388656104e-09,-1.219408791340686582e+00,3.805063764169925311e-01,-8.252361324144268550e-15,3.634363398068227950e-03,-6.334437595941691534e-02,2.688435593246137111e-11,6.697873935746108398e-02,-7.824721590539078768e-11,-7.631404856644349979e-14,6.154774094586312749e-03,-1.532481174868719279e-02,1.485783205395250634e-11,2.147958584350941058e-02,-2.894298404376335650e-11
1.208971614290881957e+00,-3.805063769847878419e-01,-1.992886167284915050e-02,-3.714222753623564466e-01,1.097640589759644566e-09,-1.219302914365768098e+00,3.805063764168687968e-01,-8.374531761894040541e-15,3.644090344865142522e-03,-6.336852409255126772e-02,2.690781646914296141e-11,6.701261443739273127e-02,-7.829288140974273794e-11,-7.829817460928896848e-14,6.155042958135100231e-03,-1.523558538848437428e-02,1.483237029948034025e-11,2.139062834685640652e-02,-2.884846180101208766e-11
1.210551969342242629e+00,-3.805063769847878419e-01,-1.992309502998950918e-02,-3.715224391179819396e-01,1.097683132174795931e-09,-1.219196983967282710e+00,3.805063764167451179e-01,-8.499841811582202691e-15,3.653817680459105037e-03,-6.339253125151303458e-02,2.693123673089567811e-11,6.704634893194884315e-02,-7.833839751934756719e-11,-8.028734241235477654e-14,6.155266130219895146e-03,-1.514640352050980118e-02,1.480686257070888511e-11,2.130166965096765702e-02,-2.875391923560871483e-11
1.212132324393603078e+00,-3.805063769847878974e-01,-1.991731301422625458e-02,-3.716226407020941647e-01,1.097725711570404058e-09,-1.219091000367407585e+00,3.805063764166212725e-01,-8.628299414319835757e-15,3.663545332632175532e-03,-6.341639750661741404e-02,2.695461664499621867e-11,6.707994283922665002e-02,-7.838376420199715006e-11,-8.228151821750198544e-14,6.155443599250475656e-03,-1.505726614687078781e-02,1.478130878218053826e-11,2.121270974636025111e-02,-2.865935623222339046e-11
1.213712679444963749e+00,-3.805063769847878974e-01,-1.991151562511616138e-02,-3.717228798920703126e-01,1.097768327882648033e-09,-1.218984963788321219e+00,3.805063764164973161e-01,-8.759912457779765515e-15,3.673273229148385065e-03,-6.344012292818268506e-02,2.697795613858645981e-11,6.711339615730851915e-02,-7.842898142530105832e-11,-8.428066815484802007e-14,6.155575354004376096e-03,-1.496817326929789777e-02,1.475570884865786602e-11,2.112374862354228847e-02,-2.856477267546604761e-11
1.215293034496324420e+00,-3.805063769847878974e-01,-1.990570286233017683e-02,-3.718231564653991517e-01,1.097810981047590723e-09,-1.218878874452206329e+00,3.805063764163733597e-01,-8.894688776020468498e-15,3.683001297754317713e-03,-6.346370758652954136e-02,2.700125513867370307e-11,6.714670888426167716e-02,-7.847404915668640578e-11,-8.628475824325768099e-14,6.155661383626259003e-03,-1.487912488914569509e-02,1.473006268512383633e-11,2.103478627301299739e-02,-2.847016844988748886e-11
1.216873389547685091e+00,-3.805063769847878974e-01,-1.989987472565343113e-02,-3.719234701996802506e-01,1.097853671001181053e-09,-1.218772732581248519e+00,3.805063764162492923e-01,-9.032636149310490491e-15,3.692729466179696472e-03,-6.348715155198055016e-02,2.702451357213109486e-11,6.717988101813844593e-02,-7.851896736339791293e-11,-8.829375439083160713e-14,6.155701677627340926e-03,-1.479012100739333230e-02,1.470437020678210634e-11,2.094582268526274521e-02,-2.837554343998036533e-11
1.218453744599045763e+00,-3.805063769847878974e-01,-1.989403121498529992e-02,-3.720238208726245888e-01,1.097896397679250900e-09,-1.218666538397636279e+00,3.805063764161251694e-01,-9.173762303953953652e-15,3.702457662137953985e-03,-6.351045489485949991e-02,2.704773136569792698e-11,6.721291255697603440e-02,-7.856373601249760968e-11,-9.030762239540017840e-14,6.155696225884738429e-03,-1.470116162464541083e-02,1.467863132905732614e-11,2.085685785077324994e-02,-2.828089753018036578e-11
1.220034099650406434e+00,-3.805063769847879529e-01,-1.988817233033939730e-02,-3.721242082620541125e-01,1.097939161017517163e-09,-1.218560292123560762e+00,3.805063764160009909e-01,-9.318074912116552731e-15,3.712185813326814542e-03,-6.353361768549084521e-02,2.707090844598002109e-11,6.724580349879662189e-02,-7.860835507086489996e-11,-9.232632794501452800e-14,6.155645018640885230e-03,-1.461224674113259167e-02,1.465284596759537785e-11,2.076789176001760454e-02,-2.818623060486719887e-11
1.221614454701766883e+00,-3.805063769847879529e-01,-1.988229807184361750e-02,-3.722246321459018459e-01,1.097981960951580110e-09,-1.218453993981217343e+00,3.805063764158767015e-01,-9.465581591652482142e-15,3.721913847428871738e-03,-6.355663999419911003e-02,2.709404473945006481e-11,6.727855384160733032e-02,-7.865282450519644540e-11,-9.434983661844115189e-14,6.155548046502909432e-03,-1.452337635671229615e-02,1.462701403826368259e-11,2.067892440346036018e-02,-2.809154254836563685e-11
1.223194809753127554e+00,-3.805063769847879529e-01,-1.987640843974015220e-02,-3.723250923022120018e-01,1.098024797416923995e-09,-1.218347644192803614e+00,3.805063764157524120e-01,-9.616289905932213427e-15,3.731641692112160069e-03,-6.357952189130831877e-02,2.711714017244795092e-11,6.731116358340022421e-02,-7.869714428200601025e-11,-9.637811388565810859e-14,6.155405300442005553e-03,-1.443455047086949009e-02,1.460113545715146220e-11,2.058995577155768239e-02,-2.799683324494665612e-11
1.224775164804488226e+00,-3.805063769847880084e-01,-1.987050343438551483e-02,-3.724255885091401486e-01,1.098067670348916441e-09,-1.218241242980520944e+00,3.805063764156279560e-01,-9.770207363670831238e-15,3.741369275030736064e-03,-6.360226344714135782e-02,2.714019467118113609e-11,6.734363272215221352e-02,-7.874131436762440968e-11,-9.841112510834978015e-14,6.155216771792827377e-03,-1.434576908271735333e-02,1.457521014057003655e-11,2.050098585475738922e-02,-2.790210257882845511e-11
1.226355519855848897e+00,-3.805063769847880084e-01,-1.986458305625056139e-02,-3.725261205449527657e-01,1.098110579682808438e-09,-1.218134790566573589e+00,3.805063764155035000e-01,-9.927341418757309632e-15,3.751096523825243369e-03,-6.362486473201943438e-02,2.716320816172502535e-11,6.737596125582520634e-02,-7.878533472819950976e-11,-1.004488355404042962e-13,6.154982452252875588e-03,-1.425703219099797719e-02,1.454923800505309487e-11,2.041201464349908998e-02,-2.780735043417756253e-11
1.227935874907209568e+00,-3.805063769847880084e-01,-1.985864730560325114e-02,-3.726266881877145498e-01,1.098153525353777563e-09,-1.218028287173164470e+00,3.805063764153789330e-01,-1.008658009993304295e-14,3.760824352955311964e-03,-6.364732484321425354e-02,2.718618070555069289e-11,6.740814919615049916e-02,-7.882920469653784572e-11,-1.001697359758872493e-13,6.156748935485743639e-03,-1.416632178054295227e-02,1.452350003928179882e-11,2.032307071627851083e-02,-2.771126358129135848e-11
1.229516229958570017e+00,-3.805063769847880084e-01,-1.985269617826460054e-02,-3.727272912111038727e-01,1.098196507297510731e-09,-1.217921733022436337e+00,3.805063764152543659e-01,-1.024349010547067968e-14,3.770556604890042563e-03,-6.366963999087320303e-02,2.720911276612048245e-11,6.744019659574458647e-02,-7.887292172662376252e-11,-9.840489332976156529e-14,6.159783518145979520e-03,-1.407436031042083244e-02,1.449789553478353453e-11,2.023414382881621315e-02,-2.761431200693580931e-11
1.231096585009930688e+00,-3.805063769847880639e-01,-1.984672966673814432e-02,-3.728279293855263354e-01,1.098239525450048476e-09,-1.217815128336487529e+00,3.805063764151296324e-01,-1.039760626385840905e-14,3.780293623751871876e-03,-6.369180983460846768e-02,2.723200432631860219e-11,6.747210345834206424e-02,-7.891648551681434683e-11,-9.663402056296496473e-14,6.162781653647170232e-03,-1.398243409510616445e-02,1.447224524864044297e-11,2.014521574900229872e-02,-2.751733259665652357e-11
1.232676940061291360e+00,-3.805063769847880639e-01,-1.984074776353597983e-02,-3.729286024813942002e-01,1.098282579747329174e-09,-1.217708473337417496e+00,3.805063764150048988e-01,-1.054891907115481704e-14,3.790035351888655993e-03,-6.371383443017956949e-02,2.725485531372200645e-11,6.750386978205032140e-02,-7.895989602305748766e-11,-9.485715033281432703e-14,6.165743275333647813e-03,-1.389054319082697921e-02,1.444654909006605275e-11,2.005628646640915738e-02,-2.742032527279106451e-11
1.234257295112652031e+00,-3.805063769847880639e-01,-1.983475046126140576e-02,-3.730293102692077700e-01,1.098325670125175397e-09,-1.217601768247329463e+00,3.805063764148801098e-01,-1.069741907511734736e-14,3.799781731543046531e-03,-6.373571383343483443e-02,2.727766565576438576e-11,6.753549556496038497e-02,-7.900315320117859959e-11,-9.307431540875198947e-14,6.168668316717802573e-03,-1.379868765363280458e-02,1.442080696847135271e-11,1.996735597059870818e-02,-2.732328995775367760e-11
1.235837650164012702e+00,-3.805063769847881194e-01,-1.982873775260908522e-02,-3.731300525195559992e-01,1.098368796519296188e-09,-1.217495013288328876e+00,3.805063764147552097e-01,-1.084309687537905042e-14,3.809532704852749106e-03,-6.375744810031098997e-02,2.730043527973640271e-11,6.756698080514664251e-02,-7.904625700688040307e-11,-9.128554867185022897e-14,6.171556711480314684e-03,-1.370686753939461336e-02,1.439501879346520238e-11,1.987842425112258324e-02,-2.722622657403586570e-11
1.237418005215373373e+00,-3.805063769847881194e-01,-1.982270963036519840e-02,-3.732308290031159936e-01,1.098411958865284574e-09,-1.217388208682524953e+00,3.805063764146302541e-01,-1.098594312362463977e-14,3.819288213850798724e-03,-6.377903728683290141e-02,2.732316411278599893e-11,6.759832550066699475e-02,-7.908920739574319581e-11,-8.949088311431488559e-14,6.174408393470423931e-03,-1.361508290380457342e-02,1.436918447485471321e-11,1.978949129752220759e-02,-2.712913504420684141e-11
1.238998360266733822e+00,-3.805063769847881194e-01,-1.981666608740761948e-02,-3.733316394906537883e-01,1.098455157098619227e-09,-1.217281354652029801e+00,3.805063764145051874e-01,-1.112594852376574068e-14,3.829048200465819986e-03,-6.380048144911332209e-02,2.734585208191877637e-11,6.762952964956281399e-02,-7.913200432322503372e-11,-8.769035183898721894e-14,6.177223296706175169e-03,-1.352333380237598359e-02,1.434330392264569123e-11,1.970055709932891710e-02,-2.703201529091412484e-11
1.240578715318094494e+00,-3.805063769847881194e-01,-1.981060711670608321e-02,-3.734324837530237362e-01,1.098498391154662394e-09,-1.217174451418958192e+00,3.805063764143801208e-01,-1.126310383211523314e-14,3.838812606522293367e-03,-6.382178064335254641e-02,2.736849911399822992e-11,6.766059324985891632e-02,-7.917464774466169218e-11,-8.588398805884674910e-14,6.180001355374682009e-03,-1.343162029044309147e-02,1.431737704704301999e-11,1.961162164606408687e-02,-2.693486723688401210e-11
1.242159070369455165e+00,-3.805063769847881749e-01,-1.980453271132233406e-02,-3.735333615611694524e-01,1.098541660968661548e-09,-1.217067499205428893e+00,3.805063764142549987e-01,-1.139739985756110576e-14,3.848581373740833644e-03,-6.384293492583829888e-02,2.739110513574615780e-11,6.769151629956358940e-02,-7.921713761526701496e-11,-8.407182509650891001e-14,6.182742503832381817e-03,-1.333994242316092690e-02,1.429140375845108542e-11,1.952268492723916241e-02,-2.683769080492211176e-11
1.243739425420815836e+00,-3.805063769847881749e-01,-1.979844286441031359e-02,-3.736342726861235364e-01,1.098584966475747532e-09,-1.216960498233562671e+00,3.805063764141297655e-01,-1.152882746173913585e-14,3.858354443738440994e-03,-6.386394435294519278e-02,2.741367007374287479e-11,6.772229879666846752e-02,-7.925947389013282375e-11,-8.225389638372628740e-14,6.185446676605278575e-03,-1.324830025550522913e-02,1.426538396747416520e-11,1.943374693235589909e-02,-2.674048591791391988e-11
1.245319780472176507e+00,-3.805063769847881749e-01,-1.979233756921629575e-02,-3.737352168990075718e-01,1.098628307610935382e-09,-1.216853448725484732e+00,3.805063764140044769e-01,-1.165737755920506620e-14,3.868131758028782018e-03,-6.388480898113464701e-02,2.743619385442759999e-11,6.775294073914865656e-02,-7.930165652422916379e-11,-8.043023546088614599e-14,6.188113808389221308e-03,-1.315669384227222648e-02,1.423931758491686982e-11,1.934480765090637253e-02,-2.664325249882530480e-11
1.246900135523536957e+00,-3.805063769847882305e-01,-1.978621681907908811e-02,-3.738361939710325155e-01,1.098671684309123709e-09,-1.216746350903322504e+00,3.805063764138791327e-01,-1.178304111760588413e-14,3.877913258022453423e-03,-6.390552886695452517e-02,2.745867640409873792e-11,6.778344212496259513e-02,-7.934368547240439424e-11,-7.860087597650670707e-14,6.190743834050146076e-03,-1.306512323807850623e-02,1.421320452178451899e-11,1.925586707237311040e-02,-2.654599047070301758e-11
1.248480490574897628e+00,-3.805063769847882305e-01,-1.978008060743013941e-02,-3.739372036734988081e-01,1.098715096505094492e-09,-1.216639204989207634e+00,3.805063764137536775e-01,-1.190580915785027538e-14,3.887698885027249598e-03,-6.392610406703888581e-02,2.748111764891424042e-11,6.781380295205215181e-02,-7.938556068938534338e-11,-7.676585168673420863e-14,6.193336688624338782e-03,-1.297358849736091058e-02,1.418704468928358596e-11,1.916692518622923475e-02,-2.644869975667529305e-11
1.250060845626258299e+00,-3.805063769847882305e-01,-1.977392892779376507e-02,-3.740382457777964298e-01,1.098758544133512664e-09,-1.216532011205273323e+00,3.805063764136281668e-01,-1.202567275427832867e-14,3.897488580248436273e-03,-6.394653463810762162e-02,2.750351751489184898e-11,6.784402321834247240e-02,-7.942728212977742486e-11,-7.492519645483720140e-14,6.195892307318690180e-03,-1.288208967437634925e-02,1.416083799882209332e-11,1.907798198193855210e-02,-2.635138027995234093e-11
1.251641200677618970e+00,-3.805063769847882860e-01,-1.976776177378725824e-02,-3.741393200554050114e-01,1.098802027128927351e-09,-1.216424769773658321e+00,3.805063764135026005e-01,-1.214262303483047017e-14,3.907282284789016791e-03,-6.396682063696627896e-02,2.752587592790949220e-11,6.787410292174207715e-02,-7.946884974806470236e-11,-7.307894425070002435e-14,6.198410625510964757e-03,-1.279062682320167635e-02,1.413458436201003143e-11,1.898903744895566459e-02,-2.625403196382687574e-11
1.253221555728979641e+00,-3.805063769847883415e-01,-1.976157913912108058e-02,-3.742404262778941115e-01,1.098845545425768568e-09,-1.216317480916502936e+00,3.805063764133770343e-01,-1.225665118121546571e-14,3.917079939650002299e-03,-6.398696212050565546e-02,2.754819281370552161e-11,6.790404206014280519e-02,-7.951026349861009637e-11,-7.122712915031683568e-14,6.200891578750042724e-03,-1.269919999773352730e-02,1.410828369065975910e-11,1.890009157672610865e-02,-2.615665473167466286e-11
1.254801910780340313e+00,-3.805063769847883415e-01,-1.975538101759900106e-02,-3.743415642169232171e-01,1.098889098958350107e-09,-1.216210144855951913e+00,3.805063764132513571e-01,-1.236774842907782174e-14,3.926881485730687564e-03,-6.400695914570166123e-02,2.757046809787916411e-11,6.793384063141989782e-02,-7.955152333565561684e-11,-6.936978533528217271e-14,6.203335102756208849e-03,-1.260780925168813321e-02,1.408193589678645596e-11,1.881114435468639323e-02,-2.605924850695504526e-11
1.256382265831700762e+00,-3.805063769847883415e-01,-1.974916740311829025e-02,-3.744427336442419652e-01,1.098932687660867891e-09,-1.216102761814152444e+00,3.805063764131255688e-01,-1.247590606816414194e-14,3.936686863828916388e-03,-6.402681176961497189e-02,2.759270170589069315e-11,6.796349863343180420e-02,-7.959262921332224686e-11,-6.750694709228319055e-14,6.205741133421382311e-03,-1.251645463860127407e-02,1.405554089260850693e-11,1.872219577226420795e-02,-2.596181321321149272e-11
1.257962620883061433e+00,-3.805063769847883970e-01,-1.974293828966983827e-02,-3.745439343316901981e-01,1.098976311467399553e-09,-1.215995332013255714e+00,3.805063764129997250e-01,-1.258111544248891418e-14,3.946496014641351358e-03,-6.404652004939055676e-02,2.761489356306181974e-11,6.799301606402022302e-02,-7.963358108561021407e-11,-6.563864881258778599e-14,6.208109606809392514e-03,-1.242513621182804624e-02,1.402909859054791747e-11,1.863324581887849593e-02,-2.586434877407215119e-11
1.259542975934422104e+00,-3.805063769847883970e-01,-1.973669367133834215e-02,-3.746451660511980197e-01,1.099019970311905062e-09,-1.215887855675416462e+00,3.805063764128738812e-01,-1.268336795049933201e-14,3.956308878763754866e-03,-6.406608404225778985e-02,2.763704359457605434e-11,6.802239292101022738e-02,-7.967437890639921038e-11,-6.376492499153493031e-14,6.210440459156243639e-03,-1.233385402454271682e-02,1.400260890323076110e-11,1.854429448393951282e-02,-2.576685511325033716e-11
1.261123330985782776e+00,-3.805063769847883970e-01,-1.973043354230246890e-02,-3.747464285747863499e-01,1.099063664128225685e-09,-1.215780333022792314e+00,3.805063764127479264e-01,-1.278265504523938559e-14,3.966125396691252795e-03,-6.408550380552976988e-02,2.765915172547895890e-11,6.805162920221009826e-02,-7.971502262944836614e-11,-6.188581022802068533e-14,6.212733626870373116e-03,-1.224260812973862987e-02,1.397607174348757194e-11,1.845534175684904882e-02,-2.566933215454512893e-11
1.262703686037143447e+00,-3.805063769847883970e-01,-1.972415789683499079e-02,-3.748477216745664808e-01,1.099107392850084402e-09,-1.215672764277544671e+00,3.805063764126219161e-01,-1.287896823451308806e-14,3.975945508818610336e-03,-6.410477939660326474e-02,2.768121788067847641e-11,6.808072490541132449e-02,-7.975551220839639229e-11,-6.000133922398647881e-14,6.214989046532902288e-03,-1.215139858022801916e-02,1.394948702435376966e-11,1.836638762700045988e-02,-2.557177982184188038e-11
1.264284041088504118e+00,-3.805063769847884525e-01,-1.971786672930295539e-02,-3.749490451227404653e-01,1.099151156411085081e-09,-1.215565149661838706e+00,3.805063764124959058e-01,-1.297229908104689253e-14,3.985769155440505203e-03,-6.412391087295837844e-02,2.770324198494532835e-11,6.810968002838869995e-02,-7.979584759676198104e-11,-5.811154678390528467e-14,6.217206654897933053e-03,-1.206022542864185199e-02,1.392285465907010534e-11,1.827743208377880652e-02,-2.547419803911278643e-11
1.265864396139864567e+00,-3.805063769847884525e-01,-1.971156003416785901e-02,-3.750503986916014498e-01,1.099194954744712680e-09,-1.215457489397842705e+00,3.805063764123697290e-01,-1.306263920265138649e-14,3.995596276751797390e-03,-6.414289829215817640e-02,2.772522396291324734e-11,6.813849456890018474e-02,-7.983602874794350857e-11,-5.621646781426433845e-14,6.219386388892768174e-03,-1.196908872742971121e-02,1.389617456108304280e-11,1.818847511656098564e-02,-2.537658673041739359e-11
1.267444751191225238e+00,-3.805063769847884525e-01,-1.970523780598577163e-02,-3.751517821535335084e-01,1.099238787784333458e-09,-1.215349783707728282e+00,3.805063764122435521e-01,-1.314998027238207900e-14,4.005426812847816265e-03,-6.416174171184856057e-02,2.774716373907935196e-11,6.816716852468696075e-02,-7.987605561521957793e-11,-5.431613732305008059e-14,6.221528185618210513e-03,-1.187798852885958711e-02,1.386944664404519313e-11,1.809951671471577914e-02,-2.527894581990314920e-11
1.269025106242585910e+00,-3.805063769847885635e-01,-1.969890003940752768e-02,-3.752531952810119198e-01,1.099282655463193527e-09,-1.215242032813671935e+00,3.805063764121172643e-01,-1.323431401869938012e-14,4.015260703724615569e-03,-6.418044118975785306e-02,2.776906123780449569e-11,6.819570189347341771e-02,-7.991592815174892849e-11,-5.241059041923140834e-14,6.223631982348811972e-03,-1.178692488501779587e-02,1.384267082181577196e-11,1.801055686760406546e-02,-2.518127523180598956e-11
1.270605461293946581e+00,-3.805063769847885635e-01,-1.969254672917886140e-02,-3.753546378466031674e-01,1.099326557714419883e-09,-1.215134236937852164e+00,3.805063764119909209e-01,-1.331563222562777569e-14,4.025097889279262257e-03,-6.419899678369649088e-02,2.779091638331350283e-11,6.822409467296708385e-02,-7.995564631057057819e-11,-5.049986231224054850e-14,6.225697716533138901e-03,-1.169589784780881297e-02,1.381584700846097909e-11,1.792159556457887867e-02,-2.508357489045085042e-11
1.272185816345307252e+00,-3.805063769847885635e-01,-1.968617787014056639e-02,-3.754561096229652728e-01,1.099370494471019169e-09,-1.215026396302451683e+00,3.805063764118645775e-01,-1.339392673291420847e-14,4.034938309310108842e-03,-6.421740855155688710e-02,2.781272909969561112e-11,6.825234686085870917e-02,-7.999521004460413366e-11,-4.858398831145473794e-14,6.227725325794043580e-03,-1.160490746895505992e-02,1.378897511825444277e-11,1.783263279498549861e-02,-2.498584472025219047e-11
1.273766171396667701e+00,-3.805063769847885635e-01,-1.967979345722865869e-02,-3.755576103828477952e-01,1.099414465665878292e-09,-1.214918511129657208e+00,3.805063764117380676e-01,-1.346918943618562320e-14,4.044781903517064882e-03,-6.423567655131300069e-02,2.783449931090472705e-11,6.828045845482214049e-02,-8.003461930664976443e-11,-4.666300382567518413e-14,6.229714747928922700e-03,-1.151395379999684693e-02,1.376205506567765108e-11,1.774366854816162783e-02,-2.488808464571462137e-11
1.275346526448028373e+00,-3.805063769847886190e-01,-1.967339348547452252e-02,-3.756591398990918318e-01,1.099458471231764219e-09,-1.214810581641659004e+00,3.805063764116115577e-01,-1.354141228710562167e-14,4.054628611501875403e-03,-6.425380084102008671e-02,2.785622694075974894e-11,6.830842945251440479e-02,-8.007387404938835799e-11,-4.473694436260691547e-14,6.231665920909994043e-03,-1.142303689229215435e-02,1.373508676542036069e-11,1.765470281343746450e-02,-2.479029459143336337e-11
1.276926881499389044e+00,-3.805063769847886190e-01,-1.966697795000507329e-02,-3.757606979446305173e-01,1.099502511101322321e-09,-1.214702608060650890e+00,3.805063764114849922e-01,-1.361058729353043008e-14,4.064478372768402792e-03,-6.427178147881446035e-02,2.787791191294495471e-11,6.833625985157569527e-02,-8.011297422538179120e-11,-4.280584552833600638e-14,6.233578782884558432e-03,-1.133215679701651477e-02,1.370807013238104271e-11,1.756573558013584113e-02,-2.469247448209487539e-11
1.278507236550749715e+00,-3.805063769847885635e-01,-1.966054684604291725e-02,-3.758622842924888019e-01,1.099546585207078649e-09,-1.214594590608830460e+00,3.805063764113583158e-01,-1.367670651966390538e-14,4.074331126722889607e-03,-6.428961852291313617e-02,2.789955415101026680e-11,6.836394964962921872e-02,-8.015191978707291743e-11,-4.086974302680723143e-14,6.235453272175258202e-03,-1.124131356516285679e-02,1.368100508166730280e-11,1.747676683757233562e-02,-2.459462424247736232e-11
1.280087591602110386e+00,-3.805063769847886745e-01,-1.965410016890647982e-02,-3.759638987157836731e-01,1.099590693481436829e-09,-1.214486529508399082e+00,3.805063764112316393e-01,-1.373976208621181446e-14,4.084186812674256081e-03,-6.430731203161359211e-02,2.792115357837164318e-11,6.839149884428140369e-02,-8.019071068678583789e-11,-3.892867265929887332e-14,6.237289327280368632e-03,-1.115050724754129523e-02,1.365389152859630117e-11,1.738779657505533024e-02,-2.449674379745130493e-11
1.281667946653471057e+00,-3.805063769847886745e-01,-1.964763791401018256e-02,-3.760655409877244337e-01,1.099634835856680962e-09,-1.214378424981562121e+00,3.805063764111048519e-01,-1.379974617053520441e-14,4.094045369834358600e-03,-6.432486206329345035e-02,2.794271011831134553e-11,6.841890743312173395e-02,-8.022934687672600509e-11,-3.698267032389968915e-14,6.239086886874045147e-03,-1.105973789477909287e-02,1.362672938869519852e-11,1.729882478188624409e-02,-2.439883307198009960e-11
1.283248301704831507e+00,-3.805063769847886745e-01,-1.964116007686460622e-02,-3.761672108816125348e-01,1.099679012264972311e-09,-1.214270277250528274e+00,3.805063764109780089e-01,-1.385665100680299511e-14,4.103906737318279395e-03,-6.434226867641017200e-02,2.796422369397832697e-11,6.844617541372274849e-02,-8.026782830898028745e-11,-3.503177201498135183e-14,6.240845889806598268e-03,-1.096900555732041593e-02,1.359951857770157772e-11,1.720985144735956429e-02,-2.430089199112053339e-11
1.284828656756192178e+00,-3.805063769847886745e-01,-1.963466665307660522e-02,-3.762689081708420757e-01,1.099723222638351786e-09,-1.214162086537511120e+00,3.805063764108511659e-01,-1.391046888614375129e-14,4.113770854144602369e-03,-6.435953192950086277e-02,2.798569422838854547e-11,6.847330278364012479e-02,-8.030615493551727947e-11,-3.307601382267231141e-14,6.242566275104772036e-03,-1.087831028542618830e-02,1.357225901156387187e-11,1.712087656076294664e-02,-2.420292048002334942e-11
1.286409011807552849e+00,-3.805063769847887301e-01,-1.962815763834949156e-02,-3.763706326288994708e-01,1.099767466908737458e-09,-1.214053853064726463e+00,3.805063764107242119e-01,-1.396119215679655062e-14,4.123637659235689784e-03,-6.437665188118184278e-02,2.800712164442528377e-11,6.850028954041255391e-02,-8.034432670818728883e-11,-3.111543193233081071e-14,6.244247981972002488e-03,-1.078765212917399269e-02,1.354495060644180544e-11,1.703190011137741336e-02,-2.410491846393385758e-11
1.287989366858913520e+00,-3.805063769847887301e-01,-1.962163302848318053e-02,-3.764723840293641155e-01,1.099811745007926632e-09,-1.213945577054395430e+00,3.805063764105972024e-01,-1.400881322426109603e-14,4.133507091417963283e-03,-6.439362859014843843e-02,2.802850586483948864e-11,6.852713568156179602e-02,-8.038234357872262074e-11,-2.915006262401449946e-14,6.245890949788692609e-03,-1.069703113845787631e-02,1.351759327870681264e-11,1.694292208847741205e-02,-2.400688586819243215e-11
1.289569721910274192e+00,-3.805063769847887856e-01,-1.961509281937433638e-02,-3.765741621459081090e-01,1.099856056867592948e-09,-1.213837258728742707e+00,3.805063764104701929e-01,-1.405332455144693195e-14,4.143379089422188390e-03,-6.441046211517473252e-02,2.804984681225012628e-11,6.855384120459268038e-02,-8.042020549873760376e-11,-2.717994227195284098e-14,6.247495118112487283e-03,-1.060644736298818787e-02,1.349018694494248824e-11,1.685394248133094061e-02,-2.390882261823510955e-11
1.291150076961634641e+00,-3.805063769847888411e-01,-1.960853700701652852e-02,-3.766759667522963650e-01,1.099900402419289486e-09,-1.213728898309996529e+00,3.805063764103430723e-01,-1.409471865882186684e-14,4.153253591883741651e-03,-6.442715251511313412e-02,2.807114440914448288e-11,6.858040610699299433e-02,-8.045791241972882245e-11,-2.520510734401544829e-14,6.249060426678535243e-03,-1.051590085229147514e-02,1.346273152194500915e-11,1.676496127919969645e-02,-2.381072863959412796e-11
1.292730432012995312e+00,-3.805063769847888411e-01,-1.960196558750037371e-02,-3.767777976223870562e-01,1.099944781594444834e-09,-1.213620496020389794e+00,3.805063764102158963e-01,-1.413298812455954549e-14,4.163130537342910747e-03,-6.444369984889429526e-02,2.809239857787856522e-11,6.860683038623367758e-02,-8.049546429307532420e-11,-2.322559440118086521e-14,6.250586815399777896e-03,-1.042539165571023177e-02,1.343522692672357392e-11,1.667597847133911113e-02,-2.371260385789847338e-11
1.294310787064355983e+00,-3.805063769847888411e-01,-1.959537855701369222e-02,-3.768796545301314471e-01,1.099989194324365778e-09,-1.213512052082158732e+00,3.805063764100886092e-01,-1.416812558468615498e-14,4.173009864245159038e-03,-6.446010417552659744e-02,2.811360924067733984e-11,6.863311403976861402e-02,-8.053286107003861919e-11,-2.124144009700451752e-14,6.252074224367205196e-03,-1.033491982240286253e-02,1.340767307650083573e-11,1.658699404699858632e-02,-2.361444819887449030e-11
1.295891142115716654e+00,-3.805063769847888966e-01,-1.958877591184166392e-02,-3.769815372495741723e-01,1.100033640540236474e-09,-1.213403566717544013e+00,3.805063764099613777e-01,-1.420012373322630562e-14,4.182891510941412656e-03,-6.447636555409597126e-02,2.813477631963514979e-11,6.865925706503460402e-02,-8.057010270176288719e-11,-1.925268117708514325e-14,6.253522593850128000e-03,-1.024448540134346997e-02,1.338006988871334501e-11,1.649800799542152502e-02,-2.351626158834641490e-11
1.297471497167077326e+00,-3.805063769847888966e-01,-1.958215764836696363e-02,-3.770834455548533470e-01,1.100078120173116588e-09,-1.213295040148790083e+00,3.805063764098339796e-01,-1.422897532234809298e-14,4.192775415688346739e-03,-6.449248404376570210e-02,2.815589973671603136e-11,6.868525945945161415e-02,-8.060718913927530072e-11,-1.725935447853153847e-14,6.254931864296472965e-03,-1.015408844132165839e-02,1.335241728101197112e-11,1.640902030584546339e-02,-2.341804395223690489e-11
1.299051852218437997e+00,-3.805063769847889521e-01,-1.957552376306992414e-02,-3.771853792202004008e-01,1.100122633153943984e-09,-1.213186472598146048e+00,3.805063764097065815e-01,-1.425467316250727801e-14,4.202661516648661250e-03,-6.450845970377591665e-02,2.817697941375405006e-11,6.871112122042251358e-02,-8.064412033348590866e-11,-1.526149692942693017e-14,6.256301976333032352e-03,-1.006372899094245404e-02,1.332471517126236606e-11,1.632003096750222343e-02,-2.331979521656767936e-11
1.300632207269798446e+00,-3.805063769847889521e-01,-1.956887425252866117e-02,-3.772873380199407434e-01,1.100167179413531207e-09,-1.213077864287864349e+00,3.805063764095790724e-01,-1.427721012259062937e-14,4.212549751891368072e-03,-6.452429259344348578e-02,2.819801527245364317e-11,6.873684234533311566e-02,-8.068089623518801112e-11,-1.325914554829286015e-14,6.257632870765750255e-03,-9.973407098626121264e-03,1.329696347754538126e-11,1.623103996961799966e-02,-2.322151530746001631e-11
1.302212562321159117e+00,-3.805063769847889521e-01,-1.956220911341926758e-02,-3.773893217284934321e-01,1.100211758882567967e-09,-1.212969215440202086e+00,3.805063764094515077e-01,-1.429657913005842801e-14,4.222440059392074639e-03,-6.453998277216155266e-02,2.821900723438991697e-11,6.876242283155226120e-02,-8.071751679505814649e-11,-1.125233744355207165e-14,6.258924488579989745e-03,-9.883122812607988972e-03,1.326916211815750380e-11,1.614204730141350144e-02,-2.312320415113536985e-11
1.303792917372519788e+00,-3.805063769847889521e-01,-1.955552834251589323e-02,-3.774913301203715044e-01,1.100256371491620103e-09,-1.212860526277420803e+00,3.805063764093239431e-01,-1.431277317108614341e-14,4.232332377033262358e-03,-6.455553029939944953e-02,2.823995522100907653e-11,6.878786267643169361e-02,-8.075398196365637579e-11,-9.241109812993535473e-15,6.260176770940817370e-03,-9.792876180938325792e-03,1.324131101161132330e-11,1.605305295210405700e-02,-2.302486167391589686e-11
1.305373272423880460e+00,-3.805063769847890076e-01,-1.954883193669095659e-02,-3.775933629701820338e-01,1.100301017171128549e-09,-1.212751797021785372e+00,3.805063764091963230e-01,-1.432578529070521057e-14,4.242226642604579774e-03,-6.457093523470229524e-02,2.826085915362871323e-11,6.881316187730621148e-02,-8.079029169142651533e-11,-7.225499943230586151e-15,6.261389659193283309e-03,-9.702667251482116270e-03,1.321341007663594392e-11,1.596405691089969672e-02,-2.292648780222503863e-11
1.306953627475241131e+00,-3.805063769847890631e-01,-1.954211989291525925e-02,-3.776954200526261851e-01,1.100345695851409956e-09,-1.212643027895565551e+00,3.805063764090685918e-01,-1.433560859294297075e-14,4.252122793803117529e-03,-6.458619763769064825e-02,2.828171895343813439e-11,6.883832043149346047e-02,-8.082644592869596864e-11,-5.205545209163591712e-15,6.262563094862670307e-03,-9.612496071919010565e-03,1.318545923217743991e-11,1.587505916700536479e-02,-2.282808246258808950e-11
1.308533982526601580e+00,-3.805063769847890631e-01,-1.953539220825812120e-02,-3.777975011424993812e-01,1.100390407462656898e-09,-1.212534219121035095e+00,3.805063764089408607e-01,-1.434223624096179500e-14,4.262020768233698922e-03,-6.460131756806027081e-02,2.830253454149871544e-11,6.886333833629403045e-02,-8.086244462567625646e-11,-3.181283073438907115e-15,6.263697019654802453e-03,-9.522362689743104139e-03,1.315745839739929512e-11,1.578605970962097121e-02,-2.272964558163281727e-11
1.310114337577962251e+00,-3.805063769847890631e-01,-1.952864887988755779e-02,-3.778996060146916358e-01,1.100435151934936424e-09,-1.212425370920472423e+00,3.805063764088130185e-01,-1.434566145719732730e-14,4.271920503409168748e-03,-6.461629508558190682e-02,2.832330583874430060e-11,6.888821558899149711e-02,-8.089828773246301666e-11,-1.152751085908008729e-15,6.264791375456307994e-03,-9.432267152262731325e-03,1.312940749168284885e-11,1.569705852794148204e-02,-2.263117708608991236e-11
1.311694692629322923e+00,-3.805063769847891186e-01,-1.952188990507040464e-02,-3.780017344441873317e-01,1.100479929198190472e-09,-1.212316483516159726e+00,3.805063764086851763e-01,-1.434587752349583786e-14,4.281821936750672582e-03,-6.463113025010086554e-02,2.834403276598145166e-11,6.891295218685229707e-02,-8.093397519903612061e-11,8.800131169140196305e-16,6.265846104334890816e-03,-9.342209506600432367e-03,1.310130643462772721e-11,1.560805561115713620e-02,-2.253267690279369861e-11
1.313275047680683594e+00,-3.805063769847891741e-01,-1.951511528117246333e-02,-3.781038862060654981e-01,1.100524739182236282e-09,-1.212207557130383417e+00,3.805063764085571676e-01,-1.434287778125078124e-14,4.291725005587942142e-03,-6.464582312153674404e-02,2.836471524388985836e-11,6.893754812712579727e-02,-8.096950697525991874e-11,2.916971812392120328e-15,6.266861148539617545e-03,-9.252189799692693215e-03,1.307315514605230358e-11,1.551905094845349407e-02,-2.243414495868261479e-11
1.314855402732044265e+00,-3.805063769847891186e-01,-1.950832500565864713e-02,-3.782060610755000329e-01,1.100569581816765571e-09,-1.212098591985435014e+00,3.805063764084292144e-01,-1.433665563153847729e-14,4.301629647159591931e-03,-6.466037375988323288e-02,2.838535319302268412e-11,6.896200340704429499e-02,-8.100488301088338271e-11,4.958087192313805340e-15,6.267836450501195096e-03,-9.162208078289824087e-03,1.304495354599413807e-11,1.543004452901156932e-02,-2.233558118079982523e-11
1.316435757783404714e+00,-3.805063769847891186e-01,-1.950151907609313368e-02,-3.783082588277594804e-01,1.100614457031343703e-09,-1.211989588303610033e+00,3.805063764083012057e-01,-1.432720453525288016e-14,4.311535798613393318e-03,-6.467478222520772757e-02,2.840594653380686007e-11,6.898631802382292066e-02,-8.104010325554026050e-11,7.003321363434575866e-15,6.268771952832243033e-03,-9.072264388955832842e-03,1.301670155471042013e-11,1.534103634200798677e-02,-2.223698549629380472e-11
1.318016112834765385e+00,-3.805063769847892297e-01,-1.949469749013949676e-02,-3.784104792382076421e-01,1.100659364755411137e-09,-1.211880546307208206e+00,3.805063764081730859e-01,-1.431451801323959624e-14,4.321443397006575517e-03,-6.468904857765110650e-02,2.842649518654352126e-11,6.901049197465983220e-02,-8.107516765874930907e-11,9.052636348022384263e-15,6.269667598327585863e-03,-8.982358778068147420e-03,1.298839909267840160e-11,1.525202637661500146e-02,-2.213835783241882312e-11
1.319596467886125835e+00,-3.805063769847892297e-01,-1.948786024556085558e-02,-3.785127220823031324e-01,1.100704304918281774e-09,-1.211771466218534155e+00,3.805063764080449662e-01,-1.429858964642888935e-14,4.331352379306105740e-03,-6.470317287742732848e-02,2.844699907140825549e-11,6.903452525673595130e-02,-8.111007616991433312e-11,1.110599408440434582e-14,6.270523329964514114e-03,-8.892491291817621046e-03,1.296004608059587649e-11,1.516301462200076236e-02,-2.203969811653566921e-11
1.321176822937486506e+00,-3.805063769847892297e-01,-1.948100734022000999e-02,-3.786149871356000451e-01,1.100749277449143164e-09,-1.211662348259896715e+00,3.805063764079167354e-01,-1.427941307596797895e-14,4.341262682388976300e-03,-6.471715518482326623e-02,2.846745810845152330e-11,6.905841786721507447e-02,-8.114482873832445649e-11,1.316335642751374791e-14,6.271339090903079241e-03,-8.802661976208273759e-03,1.293164243938160104e-11,1.507400106732932794e-02,-2.194100627611212242e-11
1.322757177988847177e+00,-3.805063769847892297e-01,-1.947413877207959318e-02,-3.787172741737475645e-01,1.100794282277056504e-09,-1.211553192653608280e+00,3.805063764077885047e-01,-1.425698200335234767e-14,4.351174243042500375e-03,-6.473099556019824841e-02,2.848787221759898114e-11,6.908216980324394241e-02,-8.117942531315425148e-11,1.522468514943719604e-14,6.272114824486362504e-03,-8.712870877057146690e-03,1.290318809017575094e-11,1.498498570176083622e-02,-2.184228223872356348e-11
1.324337533040207848e+00,-3.805063769847893407e-01,-1.946725453920219659e-02,-3.788195829724905206e-01,1.100839319330956846e-09,-1.211443999621988121e+00,3.805063764076601074e-01,-1.423129019055627880e-14,4.361086997964593905e-03,-6.474469406398394855e-02,2.850824131865181417e-11,6.910578106195208736e-02,-8.121386584346388092e-11,1.728994193996317510e-14,6.272850474240771607e-03,-8.623118039994177170e-03,1.287468295434037532e-11,1.489596851445161574e-02,-2.174352593205356580e-11
1.325917888091568519e+00,-3.805063769847892852e-01,-1.946035463975054683e-02,-3.789219133076691670e-01,1.100884388539651445e-09,-1.211334769387357957e+00,3.805063764075317656e-01,-1.420233146016244570e-14,4.371000883764075695e-03,-6.475825075668405206e-02,2.852856533128714660e-11,6.912925164045201354e-02,-8.124815027819943429e-11,1.935908840713234612e-14,6.273545983876308713e-03,-8.533403510461954125e-03,1.284612695345983454e-11,1.480694949455427407e-02,-2.164473728389441883e-11
1.327498243142929191e+00,-3.805063769847892852e-01,-1.945343907198759589e-02,-3.790242649552196252e-01,1.100929489831820993e-09,-1.211225502172044388e+00,3.805063764074033128e-01,-1.417009969549067908e-14,4.380915836960946712e-03,-6.477166569887377046e-02,2.854884417505831638e-11,6.915258153583893341e-02,-8.128227856619287600e-11,2.143208607778674330e-14,6.274201297286854072e-03,-8.443727333715667777e-03,1.281752000934125422e-11,1.471792863121786955e-02,-2.154591622214778409e-11
1.329078598194289640e+00,-3.805063769847893407e-01,-1.944650783427669116e-02,-3.791266376911736069e-01,1.100974623136019627e-09,-1.211116198198379568e+00,3.805063764072748045e-01,-1.413458884072585399e-14,4.390831793986685848e-03,-6.478493895119975809e-02,2.856907776939528226e-11,6.917577074519100366e-02,-8.131625065616223924e-11,2.350889639812142450e-14,6.274816358550446178e-03,-8.354089554822901470e-03,1.278886204401499210e-11,1.462890591358802922e-02,-2.144706267482524439e-11
1.330658953245650311e+00,-3.805063769847893962e-01,-1.943956092508171765e-02,-3.792290312916587469e-01,1.101019788380673270e-09,-1.211006857688699423e+00,3.805063764071462962e-01,-1.409579290104493906e-14,4.400748691184543961e-03,-6.479807057437977913e-02,2.858926603360497285e-11,6.919881926556921414e-02,-8.135006649671209129e-11,2.558948073423507402e-14,6.275391111929578408e-03,-8.264490218663416571e-03,1.276015297973506133e-11,1.453988133080700781e-02,-2.134817657004884992e-11
1.332239308297010982e+00,-3.805063769847893962e-01,-1.943259834296723332e-02,-3.793314455328988255e-01,1.101064985494079837e-09,-1.210897480865344766e+00,3.805063764070176768e-01,-1.405370594274307376e-14,4.410666464809831835e-03,-6.481106062920231892e-02,2.860940888687159672e-11,6.922172709401740176e-02,-8.138372603633328794e-11,2.767380037268431309e-14,6.275925501871463565e-03,-8.174929369929091749e-03,1.273139273897960711e-11,1.445085487201389941e-02,-2.124925783605176774e-11
1.333819663348371654e+00,-3.805063769847893962e-01,-1.942562008659859743e-02,-3.794338801912134906e-01,1.101110214404410481e-09,-1.210788067950661739e+00,3.805063764068890575e-01,-1.400832209335890271e-14,4.420585051030211619e-03,-6.482390917652641749e-02,2.862950624825705604e-11,6.924449422756218109e-02,-8.141722922340350343e-11,2.976181652103509786e-14,6.276419473008329648e-03,-8.085407053123709609e-03,1.270258124445135090e-11,1.436182652634470161e-02,-2.115030640117882781e-11
1.335400018399732325e+00,-3.805063769847894517e-01,-1.941862615474211282e-02,-3.795363350430189797e-01,1.101155475039707312e-09,-1.210678619166999370e+00,3.805063764067603826e-01,-1.395963554179890637e-14,4.430504385925992591e-03,-6.483661627728116994e-02,2.864955803670126001e-11,6.926712066321305539e-02,-8.145057600618715284e-11,3.185349030841872119e-14,6.276872970157690475e-03,-7.995923312562779744e-03,1.267371841907802996e-11,1.427279628293245776e-02,-2.105132219388710464e-11
1.336980373451092774e+00,-3.805063769847894517e-01,-1.941161654626517505e-02,-3.796388098648276199e-01,1.101200767327885468e-09,-1.210569134736713792e+00,3.805063764066316523e-01,-1.390764053846096671e-14,4.440424405490421729e-03,-6.484918199246562931e-02,2.866956417102247381e-11,6.928960639796230558e-02,-8.148376633283570236e-11,3.394878278608526484e-14,6.277285938322644046e-03,-7.906478192373431191e-03,1.264480418601288193e-11,1.418376413090738364e-02,-2.095230514274652150e-11
1.338560728502453445e+00,-3.805063769847894517e-01,-1.940459126013639735e-02,-3.797413044332481613e-01,1.101246091196730636e-09,-1.210459614882164470e+00,3.805063764065028664e-01,-1.385233139535700507e-14,4.450345045629979478e-03,-6.486160638314851512e-02,2.868952456991774510e-11,6.931195142878505966e-02,-8.151680015138790189e-11,3.604765492795999252e-14,6.277658322692155311e-03,-7.817071736494169559e-03,1.261583846863506492e-11,1.409473005939694025e-02,-2.085325517644040618e-11
1.340141083553814116e+00,-3.805063769847895627e-01,-1.939755029542575282e-02,-3.798438185249861099e-01,1.101291446573900286e-09,-1.210350059825715974e+00,3.805063764063739695e-01,-1.379370248623472394e-14,4.460266242164673788e-03,-6.487388951046769991e-02,2.870943915196317870e-11,6.933415575263927877e-02,-8.154967740976977209e-11,3.815006763119903931e-14,6.277990068641332855e-03,-7.727703988674792038e-03,1.258682119055014547e-11,1.400569405752605419e-02,-2.075417222376611136e-11
1.341721438605174788e+00,-3.805063769847895072e-01,-1.939049365130471325e-02,-3.799463519168435055e-01,1.101336833386923264e-09,-1.210240469789737539e+00,3.805063764062450726e-01,-1.373174824669850771e-14,4.470187930828326342e-03,-6.488603143563011211e-02,2.872930783561432432e-11,6.935621936646568786e-02,-8.158239805579497927e-11,4.025598171674680814e-14,6.278281121731710789e-03,-7.638374992476227796e-03,1.255775227559053464e-11,1.391665611441717659e-02,-2.065505621363561889e-11
1.343301793656535459e+00,-3.805063769847895072e-01,-1.938342132704637746e-02,-3.800489043857192550e-01,1.101382251563198962e-09,-1.210130844996603505e+00,3.805063764061161202e-01,-1.366646317432939431e-14,4.480110047268883074e-03,-6.489803221991143067e-02,2.874913053920656752e-11,6.937814226718787280e-02,-8.161496203716493873e-11,4.236535792989504499e-14,6.278531427711557533e-03,-7.549084791270278642e-03,1.252863164781594051e-11,1.382761621919037683e-02,-2.055590707507604057e-11
1.344882148707896130e+00,-3.805063769847896182e-01,-1.937633332202560663e-02,-3.801514757086091878e-01,1.101427701029998145e-09,-1.210021185668692434e+00,3.805063764059871678e-01,-1.359784182880417577e-14,4.490032527048697791e-03,-6.490989192465557167e-02,2.876890718095542377e-11,6.939992445171215552e-02,-8.164736930146889231e-11,4.447815694084091694e-14,6.278740932516128220e-03,-7.459833428239571324e-03,1.249945923151383658e-11,1.373857436096354544e-02,-2.045672473723029672e-11
1.346462503759256579e+00,-3.805063769847896182e-01,-1.936922963571916997e-02,-3.802540656626058335e-01,1.101473181714462124e-09,-1.209911492028389546e+00,3.805063764058580489e-01,-1.352587883201375897e-14,4.499955305644824481e-03,-6.492161061127470212e-02,2.878863767895697787e-11,6.942156591692774659e-02,-8.167961979618433494e-11,4.659433934524391644e-14,6.278909582267984749e-03,-7.370620946377343281e-03,1.247023495119992716e-11,1.364953052885247223e-02,-2.035750912935769779e-11
1.348042858810617250e+00,-3.805063769847895627e-01,-1.936211026770588012e-02,-3.803566740248992550e-01,1.101518693543602756e-09,-1.209801764298082949e+00,3.805063764057289299e-01,-1.345056886818036983e-14,4.509878318449328689e-03,-6.493318834124868488e-02,2.880832195118816830e-11,6.944306665970657877e-02,-8.171171346867694999e-11,4.871386566478985897e-14,6.279037323277255993e-03,-7.281447388487273520e-03,1.244095873161858510e-11,1.356048471197096768e-02,-2.025826018083448397e-11
1.349623213861977922e+00,-3.805063769847896182e-01,-1.935497521766670059e-02,-3.804593005727765487e-01,1.101564236444301412e-09,-1.209692002700166524e+00,3.805063764055998110e-01,-1.337190668397403018e-14,4.519801500769570282e-03,-6.494462517612491215e-02,2.882795991550718788e-11,6.946442667690337636e-02,-8.174365026620093238e-11,5.083669634775045049e-14,6.279124102041933574e-03,-7.192312797183354235e-03,1.241163049774332364e-11,1.347143689943101560e-02,-2.015897782115446818e-11
1.351203568913338593e+00,-3.805063769847896737e-01,-1.934782448538492627e-02,-3.805619450836218998e-01,1.101609810343310627e-09,-1.209582207457039260e+00,3.805063764054705810e-01,-1.328988708862828371e-14,4.529724787828507022e-03,-6.495592117751802785e-02,2.884755148965386830e-11,6.948564596535573845e-02,-8.177543013589922126e-11,5.296279176954268450e-14,6.279169865248176302e-03,-7.103217214889649689e-03,1.238225017477725675e-11,1.338238708034284428e-02,-2.005966197992957892e-11
1.352783923964699264e+00,-3.805063769847896737e-01,-1.934065807074625970e-02,-3.806646073349173598e-01,1.101655415167252658e-09,-1.209472378791105029e+00,3.805063764053412956e-01,-1.320450495405468489e-14,4.539648114764992942e-03,-6.496707640710948362e-02,2.886709659124999352e-11,6.950672452188400019e-02,-8.180705302480351289e-11,5.509211223329478343e-14,6.279174559770569521e-03,-7.014160683840237227e-03,1.235281768815354674e-11,1.329333524381510860e-02,-1.996031258689050650e-11
1.354364279016059713e+00,-3.805063769847896737e-01,-1.933347597373899149e-02,-3.807672871042422358e-01,1.101701050842618444e-09,-1.209362516924773034e+00,3.805063764052120656e-01,-1.311575521495671523e-14,4.549571416634068041e-03,-6.497809092664730279e-02,2.888659513779969075e-11,6.952766234329123274e-02,-8.183851887983451918e-11,5.722461797040679481e-14,6.279138132672426945e-03,-6.925143246078999115e-03,1.232333296353588564e-11,1.320428137895501147e-02,-1.986092957188728142e-11
1.355944634067420385e+00,-3.805063769847897293e-01,-1.932627819445411135e-02,-3.808699841692733679e-01,1.101746717295769886e-09,-1.209252622080457140e+00,3.805063764050826136e-01,-1.302363286894272922e-14,4.559494628407269670e-03,-6.498896479794596948e-02,2.890604704668980526e-11,6.954845942636339595e-02,-8.186982764780235538e-11,5.936026914111423550e-14,6.279060531206089903e-03,-6.836164943459396154e-03,1.229379592681893791e-11,1.311522547486834896e-02,-1.976151286488982689e-11
1.357524989118781056e+00,-3.805063769847897848e-01,-1.931906473308544342e-02,-3.809726983077857398e-01,1.101792414452937155e-09,-1.209142694480575875e+00,3.805063764049532726e-01,-1.292813297663780694e-14,4.569417684972918760e-03,-6.499969808288572071e-02,2.892545223519022676e-11,6.956911576786913021e-02,-8.190097927540638503e-11,6.149902583505505550e-14,6.278941702813192749e-03,-6.747225817644417374e-03,1.226420650412880407e-11,1.302616752065974964e-02,-1.966206239598861801e-11
1.359105344170141727e+00,-3.805063769847897293e-01,-1.931183558992977112e-02,-3.810754292976516466e-01,1.101838142240220144e-09,-1.209032734347554428e+00,3.805063764048238206e-01,-1.282925066179509543e-14,4.579340521136431204e-03,-6.501029084341274078e-02,2.894481062045431910e-11,6.958963136455997844e-02,-8.193197370923567229e-11,6.364084807183123120e-14,6.278781595124977716e-03,-6.658325910106340645e-03,1.223456462182351191e-11,1.293710750543273016e-02,-1.956257809539524077e-11
1.360685699221502398e+00,-3.805063769847897293e-01,-1.930459076538697596e-02,-3.811781769168418044e-01,1.101883900583587427e-09,-1.208922741903821318e+00,3.805063764046942576e-01,-1.272698111140585325e-14,4.589263071620606690e-03,-6.502074314153838408e-02,2.896412211951921434e-11,6.961000621317010861e-02,-8.196281089576904661e-11,6.578569580157790011e-14,6.278580155962560326e-03,-6.569465262126586089e-03,1.220487020649343000e-11,1.284804541828982530e-02,-1.946305989344299301e-11
1.362266054272863069e+00,-3.805063769847898403e-01,-1.929733025996017287e-02,-3.812809409434247399e-01,1.101929689408877092e-09,-1.208812717371811729e+00,3.805063764045646946e-01,-1.262131957580890017e-14,4.599185271065934881e-03,-6.503105503933920284e-02,2.898338664930621664e-11,6.963024031041657735e-02,-8.199349078137536115e-11,6.793352890552784447e-14,6.278337333337238174e-03,-6.480643914795565161e-03,1.217512318496177180e-11,1.275898124833274930e-02,-1.936350772058751776e-11
1.363846409324223519e+00,-3.805063769847897848e-01,-1.929005407425582116e-02,-3.813837211555672346e-01,1.101975508641794466e-09,-1.208702660973964838e+00,3.805063764044351315e-01,-1.251226136879899246e-14,4.609107054030900721e-03,-6.504122659895654468e-02,2.900260412662120614e-11,6.965033365299920509e-02,-8.202401331231367381e-11,7.008430719658014008e-14,6.278053075450774553e-03,-6.391861909012463809e-03,1.214532348428504157e-11,1.266991498466244620e-02,-1.926392150740730730e-11
1.365426764375584190e+00,-3.805063769847898403e-01,-1.928276220898388765e-02,-3.814865173315342139e-01,1.102021358207915007e-09,-1.208592572932725817e+00,3.805063764043054575e-01,-1.239980186773449612e-14,4.619028354992269804e-03,-6.505125788259621955e-02,2.902177446815492978e-11,6.967028623760054828e-02,-8.205437843473342809e-11,7.223799041986577585e-14,6.277727330695687287e-03,-6.303119285485160074e-03,1.211547103175350446e-11,1.258084661637931707e-02,-1.916430118460442369e-11
1.367007119426944861e+00,-3.805063769847898958e-01,-1.927545466495791601e-02,-3.815893292496889688e-01,1.102067238032680583e-09,-1.208482453470544948e+00,3.805063764041757834e-01,-1.228393651364377102e-14,4.628949108345408424e-03,-6.506114895252815278e-02,2.904089759048342459e-11,6.969009806088594106e-02,-8.208458609467456950e-11,7.439453825332008919e-14,6.277360047655534091e-03,-6.214416084730015055e-03,1.208556575489165346e-11,1.249177613258327553e-02,-1.906464668300502549e-11
1.368587474478305532e+00,-3.805063769847898403e-01,-1.926813144309522802e-02,-3.816921566884934891e-01,1.102113148041402783e-09,-1.208372302809877841e+00,3.805063764040460539e-01,-1.216466081133123019e-14,4.638869248404577615e-03,-6.507089987108630180e-02,2.905997341006839250e-11,6.970976911950357846e-02,-8.211463623806795907e-11,7.655391030824813310e-14,6.276951175105229160e-03,-6.125752347071668213e-03,1.205560758145866659e-11,1.240270352237387956e-02,-1.896495793355996872e-11
1.370167829529666204e+00,-3.805063769847898958e-01,-1.926079254441699987e-02,-3.817949994265079083e-01,1.102159088159260018e-09,-1.208262121173184989e+00,3.805063764039162133e-01,-1.204197032948193005e-14,4.648788709403234125e-03,-6.508051070066804555e-02,2.907900184325752991e-11,6.972929941008428056e-02,-8.214452881073530879e-11,7.871606612989771735e-14,6.276500662011299039e-03,-6.037128112642951502e-03,1.202559643944887704e-11,1.231362877485048593e-02,-1.886523486734543052e-11
1.371748184581026875e+00,-3.805063769847899513e-01,-1.925343797004840443e-02,-3.818978572423914475e-01,1.102205058311299384e-09,-1.208151908782933104e+00,3.805063764037863727e-01,-1.191586070076568594e-14,4.658707425494333122e-03,-6.508998150373410119e-02,2.909798280628494129e-11,6.974868892924174224e-02,-8.217426375838956932e-11,8.088096519802748937e-14,6.276008457532204418e-03,-5.948543421384670793e-03,1.199553225709225946e-11,1.222455187911235600e-02,-1.876547741556352302e-11
1.373328539632387324e+00,-3.805063769847899513e-01,-1.924606772121875004e-02,-3.820007299149017488e-01,1.102251058422433975e-09,-1.208041665861592895e+00,3.805063764036565321e-01,-1.178632762194007679e-14,4.668625330750638715e-03,-6.509931234280819101e-02,2.911691621527149462e-11,6.976793767357244991e-02,-8.220384102663509799e-11,8.304856692747965983e-14,6.275474511018620284e-03,-5.859998313045453218e-03,1.196541496285486456e-11,1.213547282425879968e-02,-1.866568550954286530e-11
1.374908894683747995e+00,-3.805063769847899513e-01,-1.923868179926158453e-02,-3.821036172228955419e-01,1.102297088417445984e-09,-1.207931392631641954e+00,3.805063764035265805e-01,-1.165336685395241801e-14,4.678542359165017983e-03,-6.510850328047659841e-02,2.913580198622518325e-11,6.978704563965554275e-02,-8.223326056096771057e-11,8.521883066875308171e-14,6.274898772013715216e-03,-5.771492827181601455e-03,1.193524448543930539e-11,1.204639159938928478e-02,-1.856585908073920698e-11
1.376489249735108666e+00,-3.805063769847899513e-01,-1.923128020561484450e-02,-3.822065189453285328e-01,1.102343148220983599e-09,-1.207821089315562313e+00,3.805063764033965734e-01,-1.151697422204131475e-14,4.688458444650754967e-03,-6.511755437938809843e-02,2.915464003504152984e-11,6.980601282405307639e-02,-8.226252230677513353e-11,8.739171570857245445e-14,6.274281190253483582e-03,-5.683027003156850866e-03,1.190502075378522910e-11,1.195730819360354448e-02,-1.846599806073600015e-11
1.378069604786469338e+00,-3.805063769847900068e-01,-1.922386294182096625e-02,-3.823094348612550708e-01,1.102389237757562247e-09,-1.207710756135841779e+00,3.805063764032665663e-01,-1.137714561583674781e-14,4.698373521041850770e-03,-6.512646570225344433e-02,2.917343027750393850e-11,6.982483922330984250e-02,-8.229162620933704293e-11,8.956718127046436914e-14,6.273621715666996210e-03,-5.594600880142317455e-03,1.187474369706977575e-11,1.186822259600175955e-02,-1.836610238124505209e-11
1.379649959837830009e+00,-3.805063769847900068e-01,-1.921643000952700381e-02,-3.824123647498292589e-01,1.102435356951564591e-09,-1.207600393314973708e+00,3.805063764031365037e-01,-1.123387698945947012e-14,4.708287522093323671e-03,-6.513523731184507615e-02,2.919217262928404705e-11,6.984352483395325772e-02,-8.232057221382514187e-11,9.174518651533148566e-14,6.272920298376711765e-03,-5.506214497116266281e-03,1.184441324470805172e-11,1.177913479568465892e-02,-1.826617197410711976e-11
1.381230314889190458e+00,-3.805063769847900068e-01,-1.920898141109040821e-02,-3.825153083908948148e-01,1.102481505727234329e-09,-1.207490001075471442e+00,3.805063764030063855e-01,-1.108896996945903786e-14,4.718199064932036488e-03,-6.514387055528689241e-02,2.921086699491471796e-11,6.986206962023404354e-02,-8.234935979150867182e-11,9.130865147948041292e-14,6.270268688382694446e-03,-5.419729336173822153e-03,1.181401334319295866e-11,1.168999802474232109e-02,-1.816552005501139372e-11
1.382810669940551129e+00,-3.805063769847900623e-01,-1.920151715253055544e-02,-3.826182655678649347e-01,1.102527684008652205e-09,-1.207379579639941580e+00,3.805063764028762119e-01,-1.094531588727693665e-14,4.728105972101040097e-03,-6.515236755480127706e-02,2.922951327216299324e-11,6.988047352691775793e-02,-8.237798812762550861e-11,9.049075274830458618e-14,6.267295175065574001e-03,-5.333556996542712647e-03,1.178355756144712361e-11,1.160085217178858166e-02,-1.806473255680600671e-11
1.384391024991911801e+00,-3.805063769847900623e-01,-1.919403724127201685e-02,-3.827212360655202761e-01,1.102573891719754410e-09,-1.207269129231027582e+00,3.805063764027459827e-01,-1.080295604368480069e-14,4.738008144197484832e-03,-6.516072840546026368e-02,2.924811137609180273e-11,6.989873654967346250e-02,-8.240645715517712454e-11,8.967074568152886559e-14,6.264276271099571657e-03,-5.247427731304146400e-03,1.175304814609631662e-11,1.151170400257849405e-02,-1.796390893985205266e-11
1.385971380043272472e+00,-3.805063769847900623e-01,-1.918654168485457029e-02,-3.828242196687513532e-01,1.102620128784342516e-09,-1.207158650071378903e+00,3.805063764026157536e-01,-1.066189375715771236e-14,4.747905509482674979e-03,-6.516895317533423493e-02,2.926666122188625339e-11,6.991685868483288324e-02,-8.243476681704167061e-11,8.884864729792834587e-14,6.261211969748870648e-03,-5.161341537336188411e-03,1.172248502786707103e-11,1.142255350725429955e-02,-1.786304915175833498e-11
1.387551735094633143e+00,-3.805063769847901178e-01,-1.917903049093138204e-02,-3.829272161625558724e-01,1.102666395126084915e-09,-1.207048142383651212e+00,3.805063764024854134e-01,-1.052213231925029502e-14,4.757797996207472659e-03,-6.517704193248843869e-02,2.928516272462213512e-11,6.993483992871214749e-02,-8.246291705601455392e-11,8.802447464758215460e-14,6.258102264538903566e-03,-5.075298411258475847e-03,1.169186813772681235e-11,1.133340067596108093e-02,-1.776215314028953857e-11
1.389132090145993814e+00,-3.805063769847901178e-01,-1.917150366726900687e-02,-3.830302253320392869e-01,1.102712690668514963e-09,-1.206937606390505513e+00,3.805063764023550732e-01,-1.038367499454745343e-14,4.767685532612715889e-03,-6.518499474498262725e-02,2.930361579926636662e-11,6.995268027761182561e-02,-8.249090781480887706e-11,8.719824481162448767e-14,6.254947149256055716e-03,-4.989298349432577141e-03,1.166119740688429602e-11,1.124424549884678673e-02,-1.766122085336657565e-11
1.390712445197354263e+00,-3.805063769847901178e-01,-1.916396122174741229e-02,-3.831332469624144643e-01,1.102759015335031807e-09,-1.206827042314608800e+00,3.805063764022247330e-01,-1.024652502061541227e-14,4.777568046929627117e-03,-6.519281168087054379e-02,2.932202036067731207e-11,6.997037972781690318e-02,-8.251873903605546405e-11,8.636997490199473603e-14,6.251746617947340733e-03,-4.903341347962515001e-03,1.163047276679010177e-11,1.115508796606244982e-02,-1.756025223906705419e-11
1.392292800248714935e+00,-3.805063769847901733e-01,-1.915640316236000978e-02,-3.832362808390019082e-01,1.102805369048899969e-09,-1.206716450378633843e+00,3.805063764020942818e-01,-1.011068560795331164e-14,4.787445467380226950e-03,-6.520049280819957549e-02,2.934037632360520116e-11,6.998793827559676717e-02,-8.254641066230322213e-11,8.553968206118869786e-14,6.248500664920098729e-03,-4.817427402695118564e-03,1.159969414913709411e-11,1.106592806776224291e-02,-1.745924724562561404e-11
1.393873155300075606e+00,-3.805063769847901733e-01,-1.914882949721362707e-02,-3.833393267472296473e-01,1.102851751733249348e-09,-1.206605830805259627e+00,3.805063764019637751e-01,-9.976159939945029796e-15,4.797317722177753090e-03,-6.520803819501039267e-02,2.935868360269252977e-11,7.000535591720534467e-02,-8.257392263601943911e-11,8.470738346200816264e-14,6.245209284741699667e-03,-4.731556509220426719e-03,1.156886148586088920e-11,1.097676579410357227e-02,-1.735820582143432106e-11
1.395453510351436277e+00,-3.805063769847901733e-01,-1.914124023452856704e-02,-3.834423844726332353e-01,1.102898163311074806e-09,-1.206495183817171135e+00,3.805063764018332684e-01,-9.842951172811622654e-15,4.807184739527049777e-03,-6.521544790933644919e-02,2.937694211247440247e-11,7.002263264888092253e-02,-8.260127489958988673e-11,8.387309630731182033e-14,6.241872472239221557e-03,-4.645728662872172093e-03,1.153797470914032340e-11,1.088760113524725286e-02,-1.725712791504309046e-11
1.397033865402796948e+00,-3.805063769847901733e-01,-1.913363538263859048e-02,-3.835454538008558067e-01,1.102944603705235547e-09,-1.206384509637058455e+00,3.805063764017027061e-01,-9.711062435563859657e-15,4.817046447624997139e-03,-6.522272201920363555e-02,2.939515176737890736e-11,7.003976846684625834e-02,-8.262846739531916962e-11,8.303683782976387358e-14,6.238490222499141688e-03,-4.559943858728171366e-03,1.150703375139792174e-11,1.079843408135757604e-02,-1.715601347516006481e-11
1.398614220454157397e+00,-3.805063769847902289e-01,-1.912601494999094376e-02,-3.836485345176477990e-01,1.102991072838455944e-09,-1.206273808487618782e+00,3.805063764015721439e-01,-9.580496829955420636e-15,4.826902774660918848e-03,-6.522986059262984859e-02,2.941331248172757485e-11,7.005676336730859433e-02,-8.265550006543100968e-11,8.219862529158421488e-14,6.235062530867040848e-03,-4.474202091610743337e-03,1.147603854530038427e-11,1.070926462260244141e-02,-1.705486245065202440e-11
1.400194575505518069e+00,-3.805063769847902289e-01,-1.911837894514636232e-02,-3.837516264088672857e-01,1.103037570633324507e-09,-1.206163080591554637e+00,3.805063764014414707e-01,-9.451257430436405089e-15,4.836753648816978501e-03,-6.523686369762461690e-02,2.943142416973569435e-11,7.007361734645960183e-02,-8.268237285206838819e-11,8.135847598429783390e-14,6.231589392947277199e-03,-4.388503356087148678e-03,1.144498902375903352e-11,1.062009274915346954e-02,-1.695367479054476210e-11
1.401774930556878740e+00,-3.805063769847902289e-01,-1.911072737677908459e-02,-3.838547292604798100e-01,1.103084097012295121e-09,-1.206052326171574762e+00,3.805063764013107974e-01,-9.323347284107095464e-15,4.846598998268608974e-03,-6.524373140218865663e-02,2.944948674551272138e-11,7.009033040047547847e-02,-8.270908569729386900e-11,8.051640722848298779e-14,6.228070804602694847e-03,-4.302847646469970706e-03,1.141388511993029925e-11,1.053091845118608524e-02,-1.685245044402346135e-11
1.403355285608239411e+00,-3.805063769847902844e-01,-1.910306025367686580e-02,-3.839578428585583292e-01,1.103130651897684359e-09,-1.205941545450393892e+00,3.805063764011800687e-01,-9.196769410672357842e-15,4.856438751184899254e-03,-6.525046377431355238e-02,2.946750012306269118e-11,7.010690252551683710e-02,-8.273563854308988283e-11,7.967243637352068427e-14,6.224506761954297709e-03,-4.217234956817602839e-03,1.138272676721619334e-11,1.044174171887968933e-02,-1.675118936043314855e-11
1.404935640659600082e+00,-3.805063769847902289e-01,-1.909537758474098151e-02,-3.840609669892832145e-01,1.103177235211673758e-09,-1.205830738650733203e+00,3.805063764010493399e-01,-9.071526802396279280e-15,4.866272835729015984e-03,-6.525706088198122978e-02,2.948546421628456119e-11,7.012333371772878909e-02,-8.276203133135883066e-11,7.882658079734286454e-14,6.220897261380945939e-03,-4.131665280934659727e-03,1.135151389926477840e-11,1.035256254241775052e-02,-1.664989148927907112e-11
1.406515995710960754e+00,-3.805063769847902289e-01,-1.908767937898623798e-02,-3.841641014389423625e-01,1.103223846876308370e-09,-1.205719905995319419e+00,3.805063764009185001e-01,-8.947622424057276894e-15,4.876101180058606786e-03,-6.526352279316367799e-02,2.950337893897263760e-11,7.013962397324098597e-02,-8.278826400392360075e-11,7.797885790618095233e-14,6.217242299519051482e-03,-4.046138612372316389e-03,1.132024644997062330e-11,1.026338091198786620e-02,-1.654855678022703353e-11
1.408096350762321203e+00,-3.805063769847902844e-01,-1.907996564554098606e-02,-3.842672459939310281e-01,1.103270486813497381e-09,-1.205609047706885484e+00,3.805063764007876048e-01,-8.825059212903462530e-15,4.885923712326206182e-03,-6.526984957582245006e-02,2.952124420481695012e-11,7.015577328816750835e-02,-8.281433650252747814e-11,7.712928513431305236e-14,6.213541873262254552e-03,-3.960654944428871130e-03,1.128892435347531535e-11,1.017419681778196534e-02,-1.644718518310389165e-11
1.409676705813681874e+00,-3.805063769847902844e-01,-1.907223639364712120e-02,-3.843704004407518804e-01,1.103317154945012666e-09,-1.205498164008170781e+00,3.805063764006567095e-01,-8.703840078608739497e-15,4.895740360679641523e-03,-6.527604129790835763e-02,2.953905992740363329e-11,7.017178165860699091e-02,-8.284024876883473920e-11,7.627787994381335765e-14,6.209795979761127856e-03,-3.875214270150062999e-03,1.125754754416789809e-11,1.008501024999636751e-02,-1.634577664789787591e-11
1.411257060865042545e+00,-3.805063769847902844e-01,-1.906449163266009730e-02,-3.844735645660149470e-01,1.103363851192490444e-09,-1.205387255121920687e+00,3.805063764005258142e-01,-8.583967903228804643e-15,4.905551053262441515e-03,-6.528209802736098522e-02,2.955682602021534006e-11,7.018764908064253905e-02,-8.286600074443065164e-11,7.542465982429764403e-14,6.206004616422849604e-03,-3.789816582329554907e-03,1.122611595668535925e-11,9.995821198831907756e-03,-1.624433112475903069e-11
1.412837415916403216e+00,-3.805063769847903399e-01,-1.905673137204892675e-02,-3.845767381564375031e-01,1.103410575477429413e-09,-1.205276321270886575e+00,3.805063764003948634e-01,-8.465445541158011861e-15,4.915355718214238674e-03,-6.528801983210828774e-02,2.957454239663162309e-11,7.020337555034175669e-02,-8.289159237082183637e-11,7.456964229267205898e-14,6.202167780910899930e-03,-3.704461873509352562e-03,1.119462952591310567e-11,9.906629654494070181e-03,-1.614284856399960858e-11
1.414417770967763888e+00,-3.805063769847903399e-01,-1.904895562139619081e-02,-3.846799209988444046e-01,1.103457327721191372e-09,-1.205165362677826923e+00,3.805063764002638016e-01,-8.348275819086404413e-15,4.925154283671177857e-03,-6.529380678006635463e-02,2.959220896992932246e-11,7.021896106375687119e-02,-8.291702358943661650e-11,7.371284489288002982e-14,6.198285471144757315e-03,-3.619150135980165293e-03,1.116308818698543672e-11,9.817435607193052138e-03,-1.604132891609441283e-11
1.415998126019124337e+00,-3.805063769847903399e-01,-1.904116439039804654e-02,-3.847831128801676437e-01,1.103504107845001432e-09,-1.205054379565505540e+00,3.805063764001327398e-01,-8.232461535957106975e-15,4.934946677766316112e-03,-6.529945893913878530e-02,2.960982565328295340e-11,7.023440561692455286e-02,-8.294229434162505607e-11,7.285428519564831358e-14,6.194357685299567255e-03,-3.533881361781949018e-03,1.113149187528602408e-11,9.728239047143949839e-03,-1.593977213168128852e-11
1.417578481070485008e+00,-3.805063769847903954e-01,-1.903335768886422336e-02,-3.848863135874465713e-01,1.103550915769946561e-09,-1.204943372156692893e+00,3.805063764000016779e-01,-8.118005462924356658e-15,4.944732828630025133e-03,-6.530497637721646709e-02,2.962739235976514580e-11,7.024970920586603995e-02,-8.296740456865939957e-11,7.199398079823499066e-14,6.190384421805849961e-03,-3.448655542704256657e-03,1.109984052644838516e-11,9.639039964566832944e-03,-1.583817816156147476e-11
1.419158836121845679e+00,-3.805063769847903954e-01,-1.902553552671803691e-02,-3.849895229078277858e-01,1.103597751416977037e-09,-1.204832340674165447e+00,3.805063763998705606e-01,-8.004910343311581364e-15,4.954512664390403262e-03,-6.531035916217707571e-02,2.964490900234697370e-11,7.026487182658711084e-02,-8.299235421173427863e-11,7.113194932417439141e-14,6.186365679349170761e-03,-3.363472670286648397e-03,1.106813407635634350e-11,9.549838349686834774e-03,-1.573654695669996332e-11
1.420739191173206351e+00,-3.805063769847903954e-01,-1.901769791399638559e-02,-3.850927406285653554e-01,1.103644614706905620e-09,-1.204721285340706327e+00,3.805063763997393322e-01,-7.893178892570202314e-15,4.964286113173673604e-03,-6.531560736188474214e-02,2.966237549389839481e-11,7.027989347507811180e-02,-8.301714321196694475e-11,7.026820842302420623e-14,6.182301456869837390e-03,-3.278332735819199095e-03,1.103637246114453609e-11,9.460634192734330983e-03,-1.563487846822599304e-11
1.422319546224567022e+00,-3.805063769847903954e-01,-1.900984486084976097e-02,-3.851959665370201513e-01,1.103691505560406516e-09,-1.204610206379104653e+00,3.805063763996081039e-01,-7.782813798238725296e-15,4.974053103104578676e-03,-6.532072104418962244e-02,2.967979174718863817e-11,7.029477414731398477e-02,-8.304177151039752776e-11,6.940277577011169957e-14,6.178191753562587742e-03,-3.193235730342859104e-03,1.100455561719886895e-11,9.371427483945014153e-03,-1.553317264743336969e-11
1.423899901275927693e+00,-3.805063769847903954e-01,-1.900197637754222693e-02,-3.852992004206606813e-01,1.103738423898016826e-09,-1.204499104012156652e+00,3.805063763994768755e-01,-7.673817719902114332e-15,4.983813562306794141e-03,-6.532570027692753689e-02,2.969715767488659197e-11,7.030951383925415632e-02,-8.306623904798934601e-11,6.853566906627852286e-14,6.174036568876264605e-03,-3.108181644649914838e-03,1.097268348115699695e-11,9.282218213560011755e-03,-1.543142944578090541e-11
1.425480256327288142e+00,-3.805063769847903954e-01,-1.899409247445145443e-02,-3.854024420670624784e-01,1.103785369640135098e-09,-1.204387978462663877e+00,3.805063763993455916e-01,-7.566193289151711232e-15,4.993567418903325193e-03,-6.533054512791948432e-02,2.971447318956119770e-11,7.032411254684269031e-02,-8.309054576562906146e-11,6.766690603762675183e-14,6.169835902513512091e-03,-3.023170469284418120e-03,1.094075598990880854e-11,9.193006371826023190e-03,-1.532964881489282261e-11
1.427060611378648813e+00,-3.805063769847904509e-01,-1.898619316206869370e-02,-3.855056912639082678e-01,1.103832342707021330e-09,-1.204276829953435435e+00,3.805063763992142523e-01,-7.459943109545595331e-15,5.003314601016908142e-03,-6.533525566497143389e-02,2.973173820368188316e-11,7.033857026600826012e-02,-8.311469160412715794e-11,6.679650443526477230e-14,6.165589754430468583e-03,-2.938202194542566953e-03,1.090877308059689904e-11,9.103791948995377040e-03,-1.522783070655910943e-11
1.428640966430009485e+00,-3.805063769847904509e-01,-1.897827845099880548e-02,-3.856089477989877445e-01,1.103879343018797790e-09,-1.204165658707285980e+00,3.805063763990828574e-01,-7.355069756569168848e-15,5.013055036770405065e-03,-6.533983195587377002e-02,2.974895262961894370e-11,7.035288699266414869e-02,-8.313867650421795400e-11,6.592448203505168926e-14,6.161298124836433673e-03,-2.853276810473215526e-03,1.087673469061704568e-11,9.014574935326239227e-03,-1.512597507273598821e-11
1.430221321481370156e+00,-3.805063769847904509e-01,-1.897034835196021937e-02,-3.857122114601981289e-01,1.103926370495447782e-09,-1.204054464947037051e+00,3.805063763989514625e-01,-7.251575777596232905e-15,5.022788654287214938e-03,-6.534427406840094543e-02,2.976611637964390416e-11,7.036706272270815132e-02,-8.316250040655997780e-11,6.505085663734197572e-14,6.156961014193565451e-03,-2.768394306878273203e-03,1.084464075761870841e-11,8.925355321082665064e-03,-1.502408186554629031e-11
1.431801676532730827e+00,-3.805063769847905064e-01,-1.896240287578497552e-02,-3.858154820355432779e-01,1.103973425056816058e-09,-1.203943248895516627e+00,3.805063763988200121e-01,-7.149463691850599984e-15,5.032515381691664812e-03,-6.534858207031112032e-02,2.978322936592997766e-11,7.038109745202277001e-02,-8.318616325173627724e-11,6.417564606673138380e-14,6.152578423216568254e-03,-2.683554673313074020e-03,1.081249121950546612e-11,8.836133096534696391e-03,-1.492215103727980838e-11
1.433382031584091498e+00,-3.805063769847905064e-01,-1.895444203341867945e-02,-3.859187593131345184e-01,1.104020506622608403e-09,-1.203832010775559125e+00,3.805063763986885617e-01,-7.048735990367846790e-15,5.042235147109407935e-03,-6.535275602934577377e-02,2.980029150055245335e-11,7.039499117647515791e-02,-8.320966498025457510e-11,6.329886817180024307e-14,6.148150352872364804e-03,-2.598757899086911842e-03,1.078028601443554328e-11,8.746908251958555869e-03,-1.482018254039379385e-11
1.434962386635451947e+00,-3.805063769847904509e-01,-1.894646583592054026e-02,-3.860220430811898695e-01,1.104067615112391634e-09,-1.203720750810005402e+00,3.805063763985570002e-01,-6.949395135957670597e-15,5.051947878667827942e-03,-6.535679601322920418e-02,2.981730269548907123e-11,7.040874389191702221e-02,-8.323300553254764385e-11,6.242054082485824826e-14,6.143676804379796103e-03,-2.514003973263402927e-03,1.074802508082226562e-11,8.657680777636697286e-03,-1.471817632751329307e-11
1.436542741686812619e+00,-3.805063769847905064e-01,-1.893847429446334288e-02,-3.861253331280345980e-01,1.104114750445593190e-09,-1.203609469221703421e+00,3.805063763984254388e-01,-6.851443563166660542e-15,5.061653504496430034e-03,-6.536070208966834882e-02,2.983426286262044220e-11,7.042235559418476287e-02,-8.325618484897349950e-11,6.154068192168913342e-14,6.139157779209297033e-03,-2.429292884660937818e-03,1.071570835733453985e-11,8.568450663857942601e-03,-1.461613235143157053e-11
1.438123096738173290e+00,-3.805063769847905064e-01,-1.893046742033345498e-02,-3.862286292421008849e-01,1.104161912541501543e-09,-1.203498166233507360e+00,3.805063763982938219e-01,-6.754883678241255864e-15,5.071351952727243435e-03,-6.536447432635220101e-02,2.985117191373046167e-11,7.043582627909941718e-02,-8.327920286981564718e-11,6.065930938129333913e-14,6.134593279082578912e-03,-2.344624621853124563e-03,1.068333578289734492e-11,8.479217900917618983e-03,-1.451405056511052250e-11
1.439703451789533961e+00,-3.805063769847905064e-01,-1.892244522493081657e-02,-3.863319312119277704e-01,1.104209101319265580e-09,-1.203386842068277840e+00,3.805063763981622049e-01,-6.659717859091385733e-15,5.081043151495219512e-03,-6.536811279095157412e-02,2.986802976050672956e-11,7.044915594246671520e-02,-8.330205953528348181e-11,5.977644114563293909e-14,6.129983305972325908e-03,-2.259999173169167756e-03,1.065090729669220364e-11,8.389982479117605654e-03,-1.441193092168103401e-11
1.441283806840894632e+00,-3.805063769847905064e-01,-1.891440771976892615e-02,-3.864352388261615423e-01,1.104256316697893770e-09,-1.203275496948882139e+00,3.805063763980305325e-01,-6.565948455254275519e-15,5.090727028938622951e-03,-6.537161755111856043e-02,2.988483631454087995e-11,7.046234458007705204e-02,-8.332475478551237858e-11,5.889209517937405494e-14,6.125327862101860241e-03,-2.175416526694383748e-03,1.061842283815766587e-11,8.300744388766548992e-03,-1.430977337444345391e-11
1.442864161892255082e+00,-3.805063769847905619e-01,-1.890635491647486496e-02,-3.865385518735549586e-01,1.104303558596256033e-09,-1.203164131098194423e+00,3.805063763978988600e-01,-6.473577787858883367e-15,5.100403513199429015e-03,-6.537498867448626738e-02,2.990159148732909155e-11,7.047539218770551561e-02,-8.334728856056404189e-11,5.800628946963124008e-14,6.120626949944838607e-03,-2.090876670270591826e-03,1.058588234698981247e-11,8.211503620179923246e-03,-1.420757787686797124e-11
1.444444516943615753e+00,-3.805063769847905064e-01,-1.889828682678927271e-02,-3.866418701429679694e-01,1.104350826933081667e-09,-1.203052744739095958e+00,3.805063763977670765e-01,-6.382608149590589207e-15,5.110072532423720788e-03,-6.537822622866845679e-02,2.991829519027243669e-11,7.048829876111195603e-02,-8.336966080042690604e-11,5.711904202571044989e-14,6.115880572224940796e-03,-2.006379591496500192e-03,1.055328576314269322e-11,8.122260163680117273e-03,-1.410534438259497393e-11
1.446024871994976424e+00,-3.805063769847905619e-01,-1.889020346256631636e-02,-3.867451934233672728e-01,1.104398121626959763e-09,-1.202941338094473789e+00,3.805063763976353486e-01,-6.293041804656215865e-15,5.119734014762082966e-03,-6.538133028125898971e-02,2.993494733467728197e-11,7.050106429604076352e-02,-8.339187144501607061e-11,5.623037087885068023e-14,6.111088731915528816e-03,-1.921925277728241122e-03,1.052063302682884858e-11,8.033014009596620153e-03,-1.400307284543552212e-11
1.447605227046337095e+00,-3.805063769847906174e-01,-1.888210483577373172e-02,-3.868485215038263147e-01,1.104445442596339618e-09,-1.202829911387222062e+00,3.805063763975035651e-01,-6.204880988749790933e-15,5.129387888369993896e-03,-6.538430089983163218e-02,2.995154783175572129e-11,7.051368878822124320e-02,-8.341392043417395958e-11,5.534029408196910237e-14,6.106251432239359796e-03,-1.837513716079726585e-03,1.048792407851978148e-11,7.943765148266107926e-03,-1.390076321937173111e-11
1.449185582097697766e+00,-3.805063769847906174e-01,-1.887399095849277841e-02,-3.869518541735252892e-01,1.104492789759529909e-09,-1.202718464840242252e+00,3.805063763973716706e-01,-6.118127909018235253e-15,5.139034081408228906e-03,-6.538713815193956946e-02,2.996809659262598288e-11,7.052617223336732355e-02,-8.343580770767028262e-11,5.444882970940096599e-14,6.101368676668241647e-03,-1.753144893423117488e-03,1.045515885894643391e-11,7.854513570032545938e-03,-1.379841545855716070e-11
1.450765937149058438e+00,-3.805063769847906174e-01,-1.886586184291824328e-02,-3.870551912217513046e-01,1.104540163034698692e-09,-1.202606998676441385e+00,3.805063763972398316e-01,-6.032784744027940466e-15,5.148672522043237602e-03,-6.538984210511503137e-02,2.998459352831279775e-11,7.053851462717769527e-02,-8.345753320520247446e-11,5.355599585664438696e-14,6.096440468922736423e-03,-1.668818796389253019e-03,1.042233730909967483e-11,7.765259265247334564e-03,-1.369602951731724813e-11
1.452346292200418887e+00,-3.805063769847906729e-01,-1.885771750135844041e-02,-3.871585324378979953e-01,1.104587562339873401e-09,-1.202495513118734927e+00,3.805063763971078816e-01,-5.948853643731392304e-15,5.158303138447553268e-03,-6.539241282686895917e-02,3.000103854974791664e-11,7.055071596533583900e-02,-8.347909686639596636e-11,5.266181064010101401e-14,6.091466812971833324e-03,-1.584535411368040957e-03,1.038945937023078808e-11,7.676002224269374251e-03,-1.359360535014966518e-11
1.453926647251779558e+00,-3.805063769847906174e-01,-1.884955794623517644e-02,-3.872618776114657435e-01,1.104634987592940439e-09,-1.202384008390044112e+00,3.805063763969759871e-01,-5.866336729434406830e-15,5.167925858800172766e-03,-6.539485038469061706e-02,3.001743156777039435e-11,7.056277624350999755e-02,-8.350049863080436705e-11,5.176629219681903051e-14,6.086447713032628638e-03,-1.500294724508979827e-03,1.035652498385195218e-11,7.586742437465258081e-03,-1.349114291172479148e-11
1.455507002303140229e+00,-3.805063769847906174e-01,-1.884138319008377138e-02,-3.873652265320615684e-01,1.104682438711645586e-09,-1.202272484713296619e+00,3.805063763968440371e-01,-5.785236093763645936e-15,5.177540611286954655e-03,-6.539715484604709250e-02,3.003377249312707443e-11,7.057469545735313432e-02,-8.352173843790977289e-11,5.086945868423411774e-14,6.081383173570006559e-03,-1.416096721721544008e-03,1.032353409173672668e-11,7.497479895209344623e-03,-1.338864215688608939e-11
1.457087357354500901e+00,-3.805063769847906729e-01,-1.883319324555301003e-02,-3.874685789893992371e-01,1.104729915613593586e-09,-1.202160942311428338e+00,3.805063763967119761e-01,-5.705553800634665318e-15,5.187147324101012112e-03,-6.539932627838317136e-02,3.005006123647301569e-11,7.058647360250311364e-02,-8.354281622712311686e-11,4.997132827991207802e-14,6.076273199296333000e-03,-1.331941388675582719e-03,1.029048663592053839e-11,7.408214587883848144e-03,-1.328610304065048361e-11
1.458667712405861572e+00,-3.805063769847906729e-01,-1.882498812540518013e-02,-3.875719347732986542e-01,1.104777418216247532e-09,-1.202049381407380935e+00,3.805063763965799706e-01,-5.627291885220275635e-15,5.196745925443096298e-03,-6.540136474912064402e-02,3.006629770837184118e-11,7.059811067458254819e-02,-8.356373193778436244e-11,4.907191918128996212e-14,6.071117795171125132e-03,-1.247828710801830894e-03,1.025738255870116771e-11,7.318946505879023352e-03,-1.318352551820882325e-11
1.460248067457222021e+00,-3.805063769847906174e-01,-1.881676784251600995e-02,-3.876752936736868049e-01,1.104824946436928861e-09,-1.201937802224103402e+00,3.805063763964478540e-01,-5.550452353919308350e-15,5.206336343521994481e-03,-6.540327032565818044e-02,3.008248181929621639e-11,7.060960666919881279e-02,-8.358448550916269746e-11,4.817124960541704515e-14,6.065916966400728728e-03,-1.163758673292315110e-03,1.022422180263922522e-11,7.229675639593239993e-03,-1.308090954492625344e-11
1.461828422508582692e+00,-3.805063769847906729e-01,-1.880853240987467867e-02,-3.877786554805968122e-01,1.104872500192818388e-09,-1.201826204984552282e+00,3.805063763963157375e-01,-5.475037184325918783e-15,5.215918506554914277e-03,-6.540504307537083062e-02,3.009861347962821761e-11,7.062096158194423878e-02,-8.360507688045705110e-11,4.726933778869701425e-14,6.060670718438011979e-03,-1.079731261100768183e-03,1.019100431055865088e-11,7.140401979433104278e-03,-1.297825507634263536e-11
1.463408777559943363e+00,-3.805063769847906729e-01,-1.880028184058381638e-02,-3.878820199841683247e-01,1.104920079400954240e-09,-1.201714589911689668e+00,3.805063763961835654e-01,-5.401048325199109260e-15,5.225492342767873964e-03,-6.540668306560967760e-02,3.011469259965979721e-11,7.063217540839586417e-02,-8.362550599079609389e-11,4.636620198662810515e-14,6.055379056982036767e-03,-9.957464589431122906e-04,1.015773002554719390e-11,7.051125515813594195e-03,-1.287556206817295822e-11
1.464989132611304035e+00,-3.805063769847906729e-01,-1.879201614785944857e-02,-3.879853869746475170e-01,1.104967683978233924e-09,-1.201602957228486535e+00,3.805063763960514489e-01,-5.328487696432796578e-15,5.235057780396102332e-03,-6.540819036370151829e-02,3.013071908959316494e-11,7.064324814411575282e-02,-8.364577277923880639e-11,4.546186047354427379e-14,6.050041987977751619e-03,-9.118042512978180580e-04,1.012439889095689897e-11,6.961846239158131500e-03,-1.277283047630771891e-11
1.466569487662664706e+00,-3.805063769847907285e-01,-1.878373534503103431e-02,-3.880887562423868120e-01,1.105015313841411017e-09,-1.201491307157918520e+00,3.805063763959192769e-01,-5.257357189026264426e-15,5.244614747684405581e-03,-6.540956503694835000e-02,3.014669285954122088e-11,7.065417978465068916e-02,-8.366587718477446626e-11,4.455633154235619746e-14,6.044659517615650832e-03,-8.279046224064379872e-04,1.009101085040458939e-11,6.872564139898762990e-03,-1.267006025681337117e-11
1.468149842714025377e+00,-3.805063769847906729e-01,-1.877543944554140379e-02,-3.881921275778450475e-01,1.105062968907099096e-09,-1.201379639922970588e+00,3.805063763957869938e-01,-5.187658665054975533e-15,5.254163172887570642e-03,-6.541080715262706513e-02,3.016261381952793675e-11,7.066497032553238633e-02,-8.368581914632308773e-11,4.364963350429129152e-14,6.039231652331467429e-03,-7.440475562740002380e-04,1.005756584777236944e-11,6.783279208476250717e-03,-1.256725136593273267e-11
1.469730197765385826e+00,-3.805063769847906729e-01,-1.876712846294677564e-02,-3.882955007715873652e-01,1.105110649091767808e-09,-1.201267955746633476e+00,3.805063763956547107e-01,-5.119393957641865023e-15,5.263702984270753754e-03,-6.541191677798921522e-02,3.017848187948885992e-11,7.067561976227750009e-02,-8.370559860273573174e-11,4.274178468863475477e-14,6.033758398805865245e-03,-6.602330366694006761e-04,1.002406382720809462e-11,6.693991435340150911e-03,-1.246440376008533724e-11
1.471310552816746497e+00,-3.805063769847907285e-01,-1.875880241091671535e-02,-3.883988756142850995e-01,1.105158354311745767e-09,-1.201156254851905913e+00,3.805063763955224276e-01,-5.052564870929010047e-15,5.273234110109854302e-03,-6.541289398026042812e-02,3.019429694927143659e-11,7.068612809038758715e-02,-8.372521549279467403e-11,4.183280344246964290e-14,6.028239763964092848e-03,-5.764610471259250246e-04,9.990504733125865891e-12,6.604700810949005671e-03,-1.236151739586792440e-11
1.472890907868107169e+00,-3.805063769847907285e-01,-1.875046130323412830e-02,-3.885022518967158889e-01,1.105206084483218069e-09,-1.201044537461792405e+00,3.805063763953900891e-01,-4.987173180049632328e-15,5.282756478691915530e-03,-6.541373882664011652e-02,3.021005893863550937e-11,7.069649530534911908e-02,-8.374466975521371526e-11,4.092270813041614686e-14,6.022675754975678232e-03,-4.927315709416478506e-04,9.956888510206520931e-12,6.515407325770412351e-03,-1.225859223005479636e-11
1.474471262919467840e+00,-3.805063769847906729e-01,-1.874210515379525627e-02,-3.886056294097635089e-01,1.105253839522227538e-09,-1.200932803799305892e+00,3.805063763952577505e-01,-4.923220631100693915e-15,5.292270018315501853e-03,-6.541445138430113104e-02,3.022576775725370499e-11,7.070672140263348227e-02,-8.376396132863856881e-11,4.001151713437281487e-14,6.017066379254107887e-03,-4.090445911798610418e-04,9.923215103398120356e-12,6.426110970281146730e-03,-1.215562821959824459e-11
1.476051617970828511e+00,-3.805063769847907840e-01,-1.873373397660963585e-02,-3.887090079444179280e-01,1.105301619344673685e-09,-1.200821054087465756e+00,3.805063763951253564e-01,-4.860708941115735919e-15,5.301774657291083090e-03,-6.541503172038934388e-02,3.024142331471181562e-11,7.071680637769703348e-02,-8.378309015164696414e-11,3.909924885325574242e-14,6.011411644456501543e-03,-3.254000906695352427e-04,9.889484457916434034e-12,6.336811734967306119e-03,-1.205262532162897308e-11
1.477631973022188960e+00,-3.805063769847907840e-01,-1.872534778580009149e-02,-3.888123872917750301e-01,1.105349423866313956e-09,-1.200709288549299369e+00,3.805063763949929068e-01,-4.799639798038212644e-15,5.311270323941427382e-03,-6.541547990202338514e-02,3.025702552050934168e-11,7.072675022598116923e-02,-8.380205616274909917e-11,3.818592170273832391e-14,6.005711558483300787e-03,-2.417980520057119026e-04,9.855696519245437071e-12,6.247509610324370952e-03,-1.194958349345645373e-11
1.479212328073549632e+00,-3.805063769847907840e-01,-1.871694659560271118e-02,-3.889157672430369472e-01,1.105397253002762280e-09,-1.200597507407839881e+00,3.805063763948604572e-01,-4.740014860695198066e-15,5.320756946601977629e-03,-6.541579599629411546e-02,3.027257428405977620e-11,7.073655294291218698e-02,-8.382085930038779538e-11,3.727155411499064451e-14,5.999966129477931655e-03,-1.582384575500245597e-04,9.821851233137784790e-12,6.158204586857395600e-03,-1.184650269256941596e-11
1.480792683124910303e+00,-3.805063769847907840e-01,-1.870853042036682914e-02,-3.890191475895117268e-01,1.105445106669488863e-09,-1.200485710886129098e+00,3.805063763947280076e-01,-4.681835758771527759e-15,5.330234453621235727e-03,-6.541598007026436234e-02,3.028806951469112826e-11,7.074621452390142395e-02,-8.383949950293885969e-11,3.635616453841902361e-14,5.994175365826496724e-03,-7.472128943107961274e-05,9.787948545615318412e-12,6.068896655081096846e-03,-1.174338287663622306e-11
1.482373038176270974e+00,-3.805063769847907840e-01,-1.870009927455500154e-02,-3.891225281226133870e-01,1.105492984781821017e-09,-1.200373899207215711e+00,3.805063763945954469e-01,-4.625104092784347091e-15,5.339702773361154620e-03,-6.541603219096854549e-02,3.030351112164631721e-11,7.075573496434521548e-02,-8.385797670871134297e-11,3.543977143740520470e-14,5.988339276157449848e-03,8.753470455117803861e-06,9.753988402969544883e-12,5.979585805519927605e-03,-1.164022400350523736e-11
1.483953393227631645e+00,-3.805063769847907840e-01,-1.869165317274298910e-02,-3.892259086338619722e-01,1.105540887254942949e-09,-1.200262072594155072e+00,3.805063763944629418e-01,-4.569821434058064098e-15,5.349161834197511262e-03,-6.541595242541223265e-02,3.031889901408357329e-11,7.076511425962497825e-02,-8.387629085594783727e-11,3.452239329204526140e-14,5.982457869341270031e-03,9.218584044466508753e-05,9.719970751762129632e-12,5.890272028708276424e-03,-1.153702603120530973e-11
1.485533748278992316e+00,-3.805063769847907840e-01,-1.868319212961973633e-02,-3.893292889148831648e-01,1.105588814003894527e-09,-1.200150231270010526e+00,3.805063763943303812e-01,-4.515989324699747280e-15,5.358611564520289992e-03,-6.541574084057190375e-02,3.033423310107690298e-11,7.077435240510712711e-02,-8.389444188282468268e-11,3.360404859788923549e-14,5.976531154490147442e-03,1.755758391053579767e-04,9.685895538825392551e-12,5.800955315190532528e-03,-1.143378891794615440e-11
1.487114103330352766e+00,-3.805063769847907840e-01,-1.867471615998734027e-02,-3.894326687574085621e-01,1.105636764943572098e-09,-1.200038375457852746e+00,3.805063763941977650e-01,-4.463609277574885482e-15,5.368051892734065911e-03,-6.541539750339447901e-02,3.034951329161652195e-11,7.078344939614315823e-02,-8.391242972745238086e-11,3.268475586567946225e-14,5.970559140957653818e-03,2.589234852362499312e-04,9.651762711262784598e-12,5.711635655521215930e-03,-1.133051262211875287e-11
1.488694458381713437e+00,-3.805063769847907840e-01,-1.866622527876104012e-02,-3.895360479532757880e-01,1.105684739988727878e-09,-1.199926505380759068e+00,3.805063763940650934e-01,-4.412682776283570608e-15,5.377482747258392586e-03,-6.541492248079694427e-02,3.036473949460921047e-11,7.079240522806963531e-02,-8.393025432787578894e-11,3.176453362108897791e-14,5.964541838338426744e-03,3.422287978671924302e-04,9.617572216449393473e-12,5.622313040265112735e-03,-1.122719710229578527e-11
1.490274813433074108e+00,-3.805063769847907840e-01,-1.865771950096916862e-02,-3.896394262944277154e-01,1.105732739053971184e-09,-1.199814621261815484e+00,3.805063763939324772e-01,-4.363211275137149702e-15,5.386904056528170684e-03,-6.541431583966610119e-02,3.037991161887886920e-11,7.080121989620825895e-02,-8.394791562207449432e-11,3.084340040446094940e-14,5.958479256467844390e-03,4.254917962584472621e-04,9.583324002032418601e-12,5.532987459997341928e-03,-1.112384231723200676e-11
1.491855168484434779e+00,-3.805063769847907840e-01,-1.864919884175316941e-02,-3.897428035729132989e-01,1.105780762053765544e-09,-1.199702723324113762e+00,3.805063763937998056e-01,-4.315196199135217823e-15,5.396315748994038285e-03,-6.541357764685812315e-02,3.039502957316682937e-11,7.080989339586579723e-02,-8.396541354796298272e-11,2.992137477054658322e-14,5.952371405421703725e-03,5.087124999001626374e-04,9.549018015931683274e-12,5.443658905303546194e-03,-1.102044822586471125e-11
1.493435523535795451e+00,-3.805063769847908395e-01,-1.864066331636752075e-02,-3.898461795808870756e-01,1.105828808902431591e-09,-1.199590811790754330e+00,3.805063763936671339e-01,-4.268638943943058985e-15,5.405717753122742109e-03,-6.541270796919813890e-02,3.041009326613233101e-11,7.081842572233416899e-02,-8.398274804339098711e-11,2.899847528824351390e-14,5.946218295515889180e-03,5.918909285119733354e-04,9.514654206340112865e-12,5.354327366779981258e-03,-1.091701478731412073e-11
1.495015878587155900e+00,-3.805063769847908395e-01,-1.863211294017975625e-02,-3.899495541106088314e-01,1.105876879514144578e-09,-1.199478886884844497e+00,3.805063763935344068e-01,-4.223540875869498104e-15,5.415109997397527831e-03,-6.541170687348001056e-02,3.042510260635300112e-11,7.082681687089047162e-02,-8.399991904614383671e-11,2.807472054033396847e-14,5.940019937306070807e-03,6.750271020426043198e-04,9.480232521724213039e-12,5.264992835033588739e-03,-1.081354196088376815e-11
1.496596233638516571e+00,-3.805063769847908395e-01,-1.862354772867040598e-02,-3.900529269544443234e-01,1.105924973802935419e-09,-1.199366948829499790e+00,3.805063763934016241e-01,-4.179903331845185230e-15,5.424492410318506111e-03,-6.541057442646584785e-02,3.044005750232519624e-11,7.083506683679689775e-02,-8.401692649394266375e-11,2.715012912322346416e-14,5.933776341587360809e-03,7.581210406693425150e-04,9.445752910824599670e-12,5.175655300682195648e-03,-1.071002970606096115e-11
1.498176588689877242e+00,-3.805063769847908395e-01,-1.861496769743299293e-02,-3.901562979048646684e-01,1.105973091682690682e-09,-1.199254997847842175e+00,3.805063763932687859e-01,-4.137727619401227674e-15,5.433864920403037695e-03,-6.540931069488567506e-02,3.045495786246449353e-11,7.084317561530088792e-02,-8.403377032444470077e-11,2.622471964667775800e-14,5.927487519393996943e-03,8.411727647976456265e-04,9.411215322656446355e-12,5.086314754354582038e-03,-1.060647798251717133e-11
1.499756943741237913e+00,-3.805063769847908395e-01,-1.860637286217398101e-02,-3.902596667544461218e-01,1.106021233067152181e-09,-1.199143034163001609e+00,3.805063763931360032e-01,-4.097015016648326215e-15,5.443227456186114192e-03,-6.540791574543709797e-02,3.046980359510613024e-11,7.085114320163503343e-02,-8.405045047524362958e-11,2.529851073356156975e-14,5.921153481999022472e-03,9.241822950606963169e-04,9.376619706510014328e-12,4.996971186690611980e-03,-1.050288675010844147e-11
1.501337298792598585e+00,-3.805063769847908395e-01,-1.859776323871276810e-02,-3.903630332958707427e-01,1.106069397869916557e-09,-1.199031057998116045e+00,3.805063763930031651e-01,-4.057766772256271814e-15,5.452579946220724970e-03,-6.540638964478499850e-02,3.048459460850539144e-11,7.085896959101711801e-02,-8.406696688386977512e-11,2.437152101957629204e-14,5.914774240913964372e-03,1.007149652318932963e-03,9.341966011951124211e-12,4.907624588341363663e-03,-1.039925596887582491e-11
1.502917653843959256e+00,-3.805063769847908395e-01,-1.858913884298164440e-02,-3.904663973219255069e-01,1.106117586004435282e-09,-1.198919069576329655e+00,3.805063763928702714e-01,-4.019984105433850174e-15,5.461922319078243993e-03,-6.540473245956106296e-02,3.049933081083810764e-11,7.086665477865029816e-02,-8.408331948779054489e-11,2.344376915299701242e-14,5.908349807888501996e-03,1.090074857659676690e-03,9.307254188821645538e-12,4.818274949969206591e-03,-1.029558559904573775e-11
1.504498008895319705e+00,-3.805063769847908395e-01,-1.858049969102577512e-02,-3.905697586255031384e-01,1.106165797384014452e-09,-1.198807069120796598e+00,3.805063763927374332e-01,-3.983668205909191215e-15,5.471254503348803658e-03,-6.540294425636346276e-02,3.051401211020105541e-11,7.087419875972283956e-02,-8.409950822441058409e-11,2.251527379441069056e-14,5.901880194910148758e-03,1.172957932396595342e-03,9.272484187240012126e-12,4.728922262247983732e-03,-1.019187560103045648e-11
1.506078363946680376e+00,-3.805063769847908950e-01,-1.857184579900315186e-02,-3.906731169996011110e-01,1.106214031921815819e-09,-1.198695056854675700e+00,3.805063763926044285e-01,-3.948820233910513766e-15,5.480576427641660822e-03,-6.540102510175650752e-02,3.052863841461237104e-11,7.088160152940832515e-02,-8.411553303107209869e-11,2.158605361645324658e-14,5.895365414203926867e-03,1.255798898069300593e-03,9.237655957601690596e-12,4.639566515863103452e-03,-1.008812593542848956e-11
1.507658718998041047e+00,-3.805063769847908950e-01,-1.856317718318458918e-02,-3.907764722373223698e-01,1.106262289530854930e-09,-1.198583033001136000e+00,3.805063763924714793e-01,-3.915441320147298610e-15,5.489888020585589716e-03,-6.539897506227031199e-02,3.054320963201204807e-11,7.088886308286561355e-02,-8.413139384505525610e-11,2.065612730354715758e-14,5.888805478232048141e-03,1.338597776442956334e-03,9.202769450579681206e-12,4.550207701511613245e-03,-9.984336563024953818e-12
1.509239074049401719e+00,-3.805063769847908950e-01,-1.855449385995366907e-02,-3.908798241318748867e-01,1.106310570124001750e-09,-1.198470997783352310e+00,3.805063763923385300e-01,-3.883532565791861485e-15,5.499189210829237562e-03,-6.539679420440039359e-02,3.055772567026233800e-11,7.089598341523890845e-02,-8.414709060357830154e-11,1.972551355163827465e-14,5.882200399693576602e-03,1.421354589507737437e-03,9.167824617125021910e-12,4.460845809902405298e-03,-9.880507444792067243e-12
1.510819429100762390e+00,-3.805063769847908950e-01,-1.854579584580670973e-02,-3.909831724765717165e-01,1.106358873613980866e-09,-1.198358951424508767e+00,3.805063763922055808e-01,-3.853095042461352856e-15,5.508479927041514020e-03,-6.539448259460738100e-02,3.057218643714819618e-11,7.090296252165771695e-02,-8.416262324379806205e-11,1.879423106793340049e-14,5.875550191524126636e-03,1.504069359478459392e-03,9.132821408467274654e-12,4.371480831756275470e-03,-9.776638541889520552e-12
1.512399784152123061e+00,-3.805063769847908950e-01,-1.853708315735275863e-02,-3.910865170648307187e-01,1.106407199913371282e-09,-1.198246894147795727e+00,3.805063763920725206e-01,-3.824129792200175779e-15,5.517760097911955479e-03,-6.539204029931657003e-02,3.058659184037770186e-11,7.090980039723687733e-02,-8.417799170280999820e-11,1.786229857063723576e-14,5.868854866895514312e-03,1.586742108794107330e-03,9.097759776115013285e-12,4.282112757806057733e-03,-9.672729815664881089e-12
1.513980139203483510e+00,-3.805063769847908950e-01,-1.852835581131353007e-02,-3.911898576901751134e-01,1.106455548934605175e-09,-1.198134826176411982e+00,3.805063763919395159e-01,-3.796637827462795049e-15,5.527029652151099759e-03,-6.538946738491761834e-02,3.060094178758255578e-11,7.091649703707660068e-02,-8.419319591764872111e-11,1.692973478868883016e-14,5.862114439215447732e-03,1.669372860117377625e-03,9.062639671856325991e-12,4.192741578796762951e-03,-9.568781227654046807e-12
1.515560494254844182e+00,-3.805063769847908950e-01,-1.851961382452339128e-02,-3.912931941462325369e-01,1.106503920589969969e-09,-1.198022747733564319e+00,3.805063763918064557e-01,-3.770620131097009400e-15,5.536288518490862544e-03,-6.538676391776422625e-02,3.061523618631848088e-11,7.092305243626249867e-02,-8.420823582528821213e-11,1.599655846149936507e-14,5.855328922127203510e-03,1.751961636334304056e-03,9.027461047759304831e-12,4.103367285485633523e-03,-9.464792739581593617e-12
1.517140849306204631e+00,-3.805063769847909505e-01,-1.851085721392931385e-02,-3.913965262267359302e-01,1.106552314791605641e-09,-1.197910659042467074e+00,3.805063763916733954e-01,-3.746077656327574758e-15,5.545536625684905144e-03,-6.538392996417376202e-02,3.062947494406564874e-11,7.092946658986558350e-02,-8.422311136264205550e-11,1.506278833868776841e-14,5.848498329509293700e-03,1.834508460553695326e-03,8.992223856172549795e-12,4.013989868642373234e-03,-9.360764313361285915e-12
1.518721204357565302e+00,-3.805063769847908950e-01,-1.850208599659085643e-02,-3.914998537255225397e-01,1.106600731451506997e-09,-1.197798560326341910e+00,3.805063763915402242e-01,-3.723011326740320521e-15,5.554773902509006593e-03,-6.538096559042683165e-02,3.064365796822917727e-11,7.093573949294226799e-02,-8.423782246656386487e-11,1.412844317981862026e-14,5.841622675475149212e-03,1.917013356106822379e-03,8.956928049725645404e-12,3.924609319049142918e-03,-9.256695911096390006e-12
1.520301559408925973e+00,-3.805063769847909505e-01,-1.849330018968010914e-02,-3.916031764365347501e-01,1.106649170481521607e-09,-1.197686451808418928e+00,3.805063763914071084e-01,-3.701422036266589283e-15,5.564000277761440953e-03,-6.537787086276705684e-02,3.065778516613953129e-11,7.094187114053440713e-02,-8.425236907384742546e-11,1.319354175413709729e-14,5.834701974372781541e-03,1.999476346546854612e-03,8.921573581329664771e-12,3.835225627500783371e-03,-9.152587495080171702e-12
1.521881914460286644e+00,-3.805063769847909505e-01,-1.848449981048167282e-02,-3.917064941538193623e-01,1.106697631793351249e-09,-1.197574333711936001e+00,3.805063763912739372e-01,-3.681310649168205871e-15,5.573215680263332063e-03,-6.537464584740061702e-02,3.067185644505296203e-11,7.094786152766933973e-02,-8.426675112122718522e-11,1.225810284030746526e-14,5.827736240784479188e-03,2.081897455648480406e-03,8.886160404177676897e-12,3.745838784804894715e-03,-9.048439027796293761e-12
1.523462269511647094e+00,-3.805063769847908950e-01,-1.847568487639262083e-02,-3.918098066715276495e-01,1.106746115298550670e-09,-1.197462206260138551e+00,3.805063763911407659e-01,-3.662678000022754844e-15,5.582420038859043851e-03,-6.537129061049598566e-02,3.068587171215200472e-11,7.095371064935988847e-02,-8.428096854537837113e-11,1.132214522614791297e-14,5.820725489526465055e-03,2.164276707407489057e-03,8.850688471745220037e-12,3.656448781781912721e-03,-8.944250471919161621e-12
1.525042624563007765e+00,-3.805063769847909505e-01,-1.846685540492245051e-02,-3.919131137839158563e-01,1.106794620908527586e-09,-1.197350069676280215e+00,3.805063763910075392e-01,-3.645524893709333657e-15,5.591613282416536823e-03,-6.536780521818351397e-02,3.069983087454587922e-11,7.095941850060435985e-02,-8.429502128291741572e-11,1.038568770836730777e-14,5.813669735648578987e-03,2.246614126040243423e-03,8.815157737790815458e-12,3.567055609265311344e-03,-8.840021790314446846e-12
1.526622979614368436e+00,-3.805063769847909505e-01,-1.845801141369306578e-02,-3.920164152853444217e-01,1.106843148534543507e-09,-1.197237924183622404e+00,3.805063763908743124e-01,-3.629852105394720774e-15,5.600795339827734087e-03,-6.536418973655507003e-02,3.071373383927093596e-11,7.096498507638659969e-02,-8.430890927040217680e-11,9.448749092302111993e-15,5.806568994433944711e-03,2.328909735983280931e-03,8.779568156356448881e-12,3.477659258101681652e-03,-8.735752946039444179e-12
1.528203334665729107e+00,-3.805063769847909505e-01,-1.844915292043872515e-02,-3.921197109702780903e-01,1.106891698087712501e-09,-1.197125770005434076e+00,3.805063763907410856e-01,-3.615660380519950052e-15,5.609966140008904728e-03,-6.536044423166384454e-02,3.072758051329116646e-11,7.097041037167597932e-02,-8.432263244433237689e-11,8.511348191651593977e-15,5.799423281398665385e-03,2.411163561892912428e-03,8.743919681768071319e-12,3.388259719150810752e-03,-8.631443902343464122e-12
1.529783689717089779e+00,-3.805063769847910060e-01,-1.844027994300599313e-02,-3.922230006332863006e-01,1.106940269479002016e-09,-1.197013607364993071e+00,3.805063763906078034e-01,-3.602950434787280327e-15,5.619125611901018558e-03,-6.535656876952379568e-02,3.074137080349854582e-11,7.097569438142747877e-02,-8.433619074114968076e-11,7.573503828214228553e-15,5.792232612291466250e-03,2.493375628644679647e-03,8.708212268636096670e-12,3.298856983285885624e-03,-8.527094622668303075e-12
1.531364044768450450e+00,-3.805063769847909505e-01,-1.843139249935372287e-02,-3.923262840690422970e-01,1.106988862619231643e-09,-1.196901436485585002e+00,3.805063763904744656e-01,-3.591722954147632810e-15,5.628273684470116479e-03,-6.535256341610941322e-02,3.075510461671358203e-11,7.098083710058161744e-02,-8.434958409723825122e-11,6.635234831624245928e-15,5.784997003093396255e-03,2.575545961332983535e-03,8.672445871855900941e-12,3.209451041393554267e-03,-8.422705070648642387e-12
1.532944399819810899e+00,-3.805063769847909505e-01,-1.842249060755300760e-02,-3.924295610723242400e-01,1.107037477419073940e-09,-1.196789257590502364e+00,3.805063763903412388e-01,-3.581978594788393718e-15,5.637410286707679984e-03,-6.534842823735535766e-02,3.076878185968571663e-11,7.098583852406453731e-02,-8.436281244892482663e-11,5.696560039086802398e-15,5.777716470017490655e-03,2.657674585270612851e-03,8.636620446608302070e-12,3.120041884374062744e-03,-8.318275210112444173e-12
1.534524754871171570e+00,-3.805063769847910060e-01,-1.841357428578713207e-02,-3.925328314380137629e-01,1.107086113789054435e-09,-1.196677070903046980e+00,3.805063763902079010e-01,-3.573717983121672079e-15,5.646535347630991970e-03,-6.534416329915609944e-02,3.078240243909376416e-11,7.099069864678797526e-02,-8.437587573247918625e-11,4.757498295114503958e-15,5.770391029508441412e-03,2.739761525988281422e-03,8.600735948360076922e-12,3.030629503141387023e-03,-8.213805005081398833e-12
1.536105109922532241e+00,-3.805063769847910060e-01,-1.840464355235154476e-02,-3.926360949610971374e-01,1.107134771639550589e-09,-1.196564876646527997e+00,3.805063763900745077e-01,-3.566941715772966957e-15,5.655648796283515786e-03,-6.533976866736564137e-02,3.079596626154644206e-11,7.099541746364945727e-02,-8.438877388411440864e-11,3.818068451262791595e-15,5.763020698242289283e-03,2.821806809234257783e-03,8.564792332864442726e-12,2.941213888623303227e-03,-8.109294419771291790e-12
1.537685464973892913e+00,-3.805063769847910060e-01,-1.839569842565381280e-02,-3.927393514366642746e-01,1.107183450880792421e-09,-1.196452675044263003e+00,3.805063763899411144e-01,-3.561650359570214908e-15,5.664750561735243037e-03,-6.533524440779708842e-02,3.080947323358271964e-11,7.099999496953202094e-02,-8.440150683998722072e-11,2.878289365866070856e-15,5.755605493126076874e-03,2.903810460973814834e-03,8.528789556161561143e-12,2.851795031761581497e-03,-8.004743418592489779e-12
1.539265820025253584e+00,-3.805063769847910060e-01,-1.838673892421356301e-02,-3.928426006599092801e-01,1.107232151422862089e-09,-1.196340466319577800e+00,3.805063763898077767e-01,-3.557844451533321004e-15,5.673840573083068287e-03,-6.533059058622230075e-02,3.082292326167232861e-11,7.100443115930443749e-02,-8.441407453619811404e-11,1.938179903772865221e-15,5.748145431297530319e-03,2.985772507388826085e-03,8.492727574579027789e-12,2.762372923512070120e-03,-7.900151966150312439e-12
1.540846175076614033e+00,-3.805063769847910060e-01,-1.837776506666246104e-02,-3.929458424261301763e-01,1.107280873175694514e-09,-1.196228250695805739e+00,3.805063763896742723e-01,-3.555524498864053527e-15,5.682918759451156820e-03,-6.532580726837171337e-02,3.083631625221624130e-11,7.100872602782129506e-02,-8.442647690879197810e-11,9.977589360823412817e-16,5.740640530124748765e-03,3.067692974877385750e-03,8.456606344732379527e-12,2.672947554844776630e-03,-7.795520027245437815e-12
1.542426530127974704e+00,-3.805063769847910060e-01,-1.836877687174416629e-02,-3.930490765307287915e-01,1.107329616049075516e-09,-1.196116028396289055e+00,3.805063763895408790e-01,-3.554690978936381212e-15,5.691985049991296793e-03,-6.532089451993372542e-02,3.084965211154706484e-11,7.101287956992279049e-02,-8.443871389375811329e-11,5.704533987893623939e-17,5.733090807205845282e-03,3.149571890053243228e-03,8.420425823525571067e-12,2.583518916744066002e-03,-7.690847566874361196e-12
1.544006885179335375e+00,-3.805063769847910060e-01,-1.835977435793023291e-02,-3.931523027688304528e-01,1.107378379952662083e-09,-1.196003799644373311e+00,3.805063763894074302e-01,-3.555299435333877598e-15,5.701040459922656484e-03,-6.531585133149088451e-02,3.086293079854327930e-11,7.101689179141068564e-02,-8.445078635767332781e-11,-7.992822214919298717e-16,5.727543847428386882e-03,3.233436153771071520e-03,8.384285163611855998e-12,2.494107693250584724e-03,-7.587889139684499785e-12
1.545587240230696047e+00,-3.805063769847910060e-01,-1.835075753941308244e-02,-3.932555209313177702e-01,1.107427164796176138e-09,-1.195891564663368989e+00,3.805063763892739814e-01,-3.557206626622466680e-15,5.710088392968550378e-03,-6.531067432924569927e-02,3.087615238772690439e-11,7.102076272221075071e-02,-8.446269721377862329e-11,-1.614377006821657483e-15,5.722955514640298315e-03,3.318252191252561364e-03,8.348133737874208380e-12,2.404703322987276036e-03,-7.485749960409924683e-12
1.547167595282056718e+00,-3.805063769847910060e-01,-1.834172642769727954e-02,-3.933587308064054322e-01,1.107475970489326160e-09,-1.195779323676565697e+00,3.805063763891404771e-01,-3.560402120689083060e-15,5.719129040055301837e-03,-6.530536331971409370e-02,3.088931679790596246e-11,7.102449235976526776e-02,-8.447444662214416283e-11,-2.429676126110965413e-15,5.718323179275930888e-03,3.403027514819820763e-03,8.311922930284604155e-12,2.315295664061924139e-03,-7.383570811375750754e-12
1.548747950333417389e+00,-3.805063769847910060e-01,-1.833268103435219815e-02,-3.934619321823651372e-01,1.107524796941674837e-09,-1.195667076907260595e+00,3.805063763890069728e-01,-3.564886227513270731e-15,5.728162331609647044e-03,-6.529991836726456444e-02,3.090242393520055923e-11,7.102808069886945574e-02,-8.448603451953525856e-11,-3.245163201761949897e-15,5.713646798883025880e-03,3.487762091593936582e-03,8.275652695952108193e-12,2.225884706901184312e-03,-7.281351606122077999e-12
1.550328305384777838e+00,-3.805063769847910060e-01,-1.832362137105720060e-02,-3.935651248475705022e-01,1.107573644062636589e-09,-1.195554824578760389e+00,3.805063763888734130e-01,-3.570659231188932172e-15,5.737188197991397419e-03,-6.529433953631733067e-02,3.091547370566005711e-11,7.103152773430337907e-02,-8.449746084258064731e-11,-4.060821852136875145e-15,5.708926331222657392e-03,3.572455888894518310e-03,8.239322990275973892e-12,2.136470441946518133e-03,-7.179092258374029114e-12
1.551908660436138510e+00,-3.805063769847910615e-01,-1.831454744960177988e-02,-3.936683085904968959e-01,1.107622511761477145e-09,-1.195442566914378668e+00,3.805063763887399086e-01,-3.577721389918119227e-15,5.746206569493778754e-03,-6.528862689134411201e-02,3.092846601526354692e-11,7.103483346083196148e-02,-8.450872552777283963e-11,-4.876635691786848328e-15,5.704161734269765777e-03,3.657108874240152553e-03,8.202933768946176323e-12,2.047052859654281513e-03,-7.076792682042847278e-12
1.553489015487499181e+00,-3.805063769847910615e-01,-1.830545928188562210e-02,-3.937714831997214948e-01,1.107671399947313758e-09,-1.195330304137437682e+00,3.805063763886063488e-01,-3.586072936005201055e-15,5.755217376343779896e-03,-6.528278049686789264e-02,3.094140076992036489e-11,7.103799787320513870e-02,-8.451982851146854626e-11,-5.692588331682123585e-15,5.699352966213697136e-03,3.741721015348841058e-03,8.166484987943951839e-12,1.957631950495816644e-03,-6.974452791227010911e-12
1.555069370538859852e+00,-3.805063769847910615e-01,-1.829635687991874524e-02,-3.938746484639237821e-01,1.107720308529114582e-09,-1.195218036471268341e+00,3.805063763884727335e-01,-3.595714075851383124e-15,5.764220548702474536e-03,-6.527680041746238004e-02,3.095427787547048042e-11,7.104102096615774742e-02,-8.453076972988880740e-11,-6.508663379441030243e-15,5.694499985458710729e-03,3.826292280138309486e-03,8.129976603542344139e-12,1.868207704957660156e-03,-6.872072500213463134e-12
1.556649725590220523e+00,-3.805063769847910615e-01,-1.828724025582158588e-02,-3.939778041718851598e-01,1.107769237415698877e-09,-1.195105764139210214e+00,3.805063763883391181e-01,-3.606644989949587507e-15,5.773216016665376829e-03,-6.527068671775194952e-02,3.096709723768501301e-11,7.104390273440963632e-02,-8.454154911911935459e-11,-7.324844439559900131e-15,5.689602750624523676e-03,3.910822636726466253e-03,8.093408572306732569e-12,1.778780113541617719e-03,-6.769651723478710369e-12
1.558230080641581194e+00,-3.805063769847910615e-01,-1.827810942182509640e-02,-3.940809501124890590e-01,1.107818186515737424e-09,-1.194993487364609530e+00,3.805063763882055583e-01,-3.618865832879702354e-15,5.782203710262770989e-03,-6.526443946241106131e-02,3.097985876226663947e-11,7.104664317266561058e-02,-8.455216661511090801e-11,-8.141115113642024206e-15,5.684661220546828771e-03,3.995312053431786768e-03,8.056780851095378187e-12,1.689349166764907584e-03,-6.667190375689975868e-12
1.559810435692941644e+00,-3.805063769847910615e-01,-1.826896439027088023e-02,-3.941840860747214959e-01,1.107867155737751908e-09,-1.194881206370822957e+00,3.805063763880719430e-01,-3.632376733304195835e-15,5.791183559460060838e-03,-6.525805871616423282e-02,3.099256235485010436e-11,7.104924227561550121e-02,-8.456262215367947368e-11,-8.957459000627935248e-15,5.679675354277824439e-03,4.079760498773698542e-03,8.020093397059961756e-12,1.599914855160301536e-03,-6.564688371706375859e-12
1.561390790744302315e+00,-3.805063769847910615e-01,-1.825980517361124045e-02,-3.942872118476703491e-01,1.107916144990114083e-09,-1.194768921381214710e+00,3.805063763879382721e-01,-3.647177793964082686e-15,5.800155494158110679e-03,-6.525154454378548352e-02,3.100520792100271121e-11,7.105170003793426226e-02,-8.457291567050673129e-11,-9.773859697024362905e-15,5.674645111086757711e-03,4.164167941473042624e-03,7.983346167646121733e-12,1.510477169276202734e-03,-6.462145626580011687e-12
1.562971145795662986e+00,-3.805063769847910615e-01,-1.825063178440933589e-02,-3.943903272205263599e-01,1.107965154181047639e-09,-1.194656632619156555e+00,3.805063763878046013e-01,-3.663269091675267844e-15,5.809119444193587903e-03,-6.524489701009814069e-02,3.101779536622467143e-11,7.105401645428187363e-02,-8.458304710114017628e-11,-1.059030079713443909e-14,5.669570450460418611e-03,4.248534350452370240e-03,7.946539120593987413e-12,1.421036099676853664e-03,-6.359562055557196040e-12
1.564551500847023657e+00,-3.805063769847910615e-01,-1.824144423533925752e-02,-3.944934319825826319e-01,1.108014183218625515e-09,-1.194544340308030250e+00,3.805063763876709304e-01,-3.680650677325227708e-15,5.818075339339300392e-03,-6.523811617997445078e-02,3.103032459594969239e-11,7.105619151930339661e-02,-8.459301638099358521e-11,-1.140676589328652757e-14,5.664451332103705682e-03,4.332859694836408565e-03,7.909672213938736308e-12,1.331591636942423959e-03,-6.256937574079567706e-12
1.566131855898384329e+00,-3.805063769847910615e-01,-1.823224253918611509e-02,-3.945965259232345757e-01,1.108063232010771755e-09,-1.194432044671225324e+00,3.805063763875372040e-01,-3.699322575870101606e-15,5.827023109304559079e-03,-6.523120211833535742e-02,3.104279551554538457e-11,7.105822522762902937e-02,-8.460282344534720957e-11,-1.222323857606532240e-14,5.659287715940128187e-03,4.417143943952475324e-03,7.872745406011101441e-12,1.242143771669101905e-03,-6.154272097785199867e-12
1.567712210949744778e+00,-3.805063769847911170e-01,-1.822302670884617254e-02,-3.946996088319805751e-01,1.108112300465261303e-09,-1.194319745932139298e+00,3.805063763874035332e-01,-3.719284786332080669e-15,5.835962683735501470e-03,-6.522415489015007117e-02,3.105520803031373331e-11,7.106011757387419026e-02,-8.461246822934816357e-11,-1.303970243453970086e-14,5.654079562112348210e-03,4.501387067330822264e-03,7.835758655437946491e-12,1.152692494469302392e-03,-6.051565542509834406e-12
1.569292566001105449e+00,-3.805063769847911170e-01,-1.821379675732690342e-02,-3.948026804984214322e-01,1.108161388489718558e-09,-1.194207444314179245e+00,3.805063763872698068e-01,-3.740537281797227418e-15,5.844893992215458543e-03,-6.521697456043577812e-02,3.106756204549158346e-11,7.106186855263936508e-02,-8.462195066801068259e-11,-1.385614105649407906e-14,5.648826830982697604e-03,4.585589034705061899e-03,7.798711921142784403e-12,1.063237795971742590e-03,-5.948817824287974043e-12
1.570872921052466120e+00,-3.805063769847911170e-01,-1.820455269774714710e-02,-3.949057407122609775e-01,1.108210495991618819e-09,-1.194095140040760006e+00,3.805063763871360805e-01,-3.763080009413602219e-15,5.853816964265289545e-03,-6.520966119425736229e-02,3.107985746625109177e-11,7.106347815851030147e-02,-8.463127069621649801e-11,-1.467253802865704117e-14,5.643529483133722692e-03,4.669749816012578637e-03,7.761605162346320220e-12,9.737796668215844154e-04,-5.846028859354055255e-12
1.572453276103826791e+00,-3.805063769847911170e-01,-1.819529454333713644e-02,-3.950087892633058484e-01,1.108259622878286424e-09,-1.193982833335304861e+00,3.805063763870022986e-01,-3.786912890389789692e-15,5.862731529343732408e-03,-6.520221485672704487e-02,3.109209419770019864e-11,7.106494638605795333e-02,-8.464042824871505696e-11,-1.548887693693164574e-14,5.638187479368693411e-03,4.753869381394891340e-03,7.724438338566990694e-12,8.843180976805773167e-04,-5.743198564143598570e-12
1.574033631155187463e+00,-3.805063769847911170e-01,-1.818602230743866788e-02,-3.951118259414654887e-01,1.108308769056897647e-09,-1.193870524421247081e+00,3.805063763868685167e-01,-3.812035819993774583e-15,5.871637616847762836e-03,-6.519463561300412047e-02,3.110427214488313861e-11,7.106627322983861961e-02,-8.464942326012402635e-11,-1.630514136662492279e-14,5.632800780712148882e-03,4.837947701198128635e-03,7.687211409621503885e-12,7.948530792271344975e-04,-5.640326855294323323e-12
1.575613986206548134e+00,-3.805063769847911170e-01,-1.817673600350512911e-02,-3.952148505367524267e-01,1.108357934434476147e-09,-1.193758213522026601e+00,3.805063763867347904e-01,-3.838448667552176568e-15,5.880535156112929110e-03,-6.518692352829451309e-02,3.111639121278083463e-11,7.106745868439372227e-02,-8.465825566492935748e-11,-1.712131490267789606e-14,5.627369348410414356e-03,4.921984745973328156e-03,7.649924335625375544e-12,7.053846021565411900e-04,-5.537413649647364197e-12
1.577194341257908583e+00,-3.805063769847911170e-01,-1.816743564510167261e-02,-3.953178628392823857e-01,1.108407118917897308e-09,-1.193645900861092901e+00,3.805063763866009530e-01,-3.866151276449851882e-15,5.889424076413712038e-03,-6.517907866785055404e-02,3.112845130631142791e-11,7.106850274425009772e-02,-8.466692539748580307e-11,-1.793738112989493338e-14,5.621893143932128571e-03,5.005980486476884102e-03,7.612577076993480022e-12,6.159126571810435600e-04,-5.434458864248387587e-12
1.578774696309269254e+00,-3.805063769847911170e-01,-1.815812124590523297e-02,-3.954208626392741177e-01,1.108456322413885145e-09,-1.193533586661905010e+00,3.805063763864671711e-01,-3.895143464129874382e-15,5.898304306963877974e-03,-6.517110109697063502e-02,3.114045233033076261e-11,7.106940540391992744e-02,-8.467543239201722744e-11,-1.875332363317415080e-14,5.616372128968787590e-03,5.089934893670993929e-03,7.575169594440570493e-12,5.264372350299401050e-04,-5.331462416348706361e-12
1.580355051360629925e+00,-3.805063769847911170e-01,-1.814879281970467606e-02,-3.955238497270496256e-01,1.108505544829013948e-09,-1.193421271147929064e+00,3.805063763863333337e-01,-3.925425022093840051e-15,5.907175776916826632e-03,-6.516299088099888892e-02,3.115239418963281240e-11,7.107016665790071019e-02,-8.468377658261677451e-11,-1.956912599773644101e-14,5.610806265435258275e-03,5.173847938723963660e-03,7.537701848981837944e-12,4.369583264497881405e-04,-5.228424223406507702e-12
1.581935406411990819e+00,-3.805063769847911170e-01,-1.813945038040088234e-02,-3.956268238930341630e-01,1.108554786069707050e-09,-1.193308954542640521e+00,3.805063763861994963e-01,-3.956995715902585646e-15,5.916038415365947566e-03,-6.515474808532481510e-02,3.116427678895015861e-11,7.107078650067534531e-02,-8.469195790324739773e-11,-2.038477180935603843e-14,5.605195515470305645e-03,5.257719593010668456e-03,7.500173801933437859e-12,3.474759222044810497e-04,-5.125344203087949288e-12
1.583515761463351268e+00,-3.805063769847911725e-01,-1.813009394200683008e-02,-3.957297849277566226e-01,1.108604046042237237e-09,-1.193196637069523947e+00,3.805063763860656034e-01,-3.989855285177218167e-15,5.924892151344972324e-03,-6.514637277538304350e-02,3.117610003295455250e-11,7.107126492671218820e-02,-8.469997628774213149e-11,-2.120024465458960762e-14,5.599539841437141049e-03,5.341549828112945528e-03,7.462585414913045981e-12,2.579900130753910725e-04,-5.022222273268332205e-12
1.585096116514711939e+00,-3.805063769847911725e-01,-1.812072351864769254e-02,-3.958327326218489817e-01,1.108653324652726746e-09,-1.193084318952072787e+00,3.805063763859317660e-01,-4.024003443600563201e-15,5.933736913828330066e-03,-6.513786501665279338e-02,3.118786382625724480e-11,7.107160193046491159e-02,-8.470783166980420747e-11,-2.201552812100683358e-14,5.593839205923912226e-03,5.425338615819966237e-03,7.424936649840352678e-12,1.685005898614965912e-04,-4.919058352033229434e-12
1.586676471566072388e+00,-3.805063769847911725e-01,-1.811133912456095243e-02,-3.959356667660469120e-01,1.108702621807147062e-09,-1.192972000413788036e+00,3.805063763857978731e-01,-4.059439878918916195e-15,5.942572631731506648e-03,-6.512922487465791499e-02,3.119956807340959968e-11,7.107179750637285243e-02,-8.471552398300776543e-11,-2.283060579741924826e-14,5.588093571744281833e-03,5.509085928128659368e-03,7.387227468937676871e-12,7.900764337952741320e-05,-4.815852357679686237e-12
1.588256826617433282e+00,-3.805063769847911725e-01,-1.810194077409645053e-02,-3.960385871511897249e-01,1.108751937411318504e-09,-1.192859681678180683e+00,3.805063763856639802e-01,-4.096164252944200779e-15,5.951399233911397642e-03,-6.512045241496626502e-02,3.121121267890352123e-11,7.107185164886072049e-02,-8.472305316079793086e-11,-2.364546127411071988e-14,5.582302901937917505e-03,5.592791737244156083e-03,7.349457834730429704e-12,-1.048883553597429637e-05,-4.712604208717272707e-12
1.589837181668793731e+00,-3.805063769847911725e-01,-1.809252848171653480e-02,-3.961414935682202598e-01,1.108801271370911046e-09,-1.192747362968770153e+00,3.805063763855300873e-01,-4.134176201556482867e-15,5.960216649166662217e-03,-6.511154770318938745e-02,3.122279754717187353e-11,7.107176435233875100e-02,-8.473041913649113800e-11,-2.446007814306700837e-14,5.576467159771033959e-03,5.676456015580021511e-03,7.311627710047723623e-12,-9.998885603236572564e-05,-4.609313823869414207e-12
1.591417536720154624e+00,-3.805063769847911725e-01,-1.808310226199609169e-02,-3.962443858081852177e-01,1.108850623591442261e-09,-1.192635044509084752e+00,3.805063763853961389e-01,-4.173475334706853152e-15,5.969024806238099577e-03,-6.510251080498237475e-02,3.123432258258909456e-11,7.107153561120280183e-02,-8.473762184327568565e-11,-2.527443999820599910e-14,5.570586308736921212e-03,5.760078735758927815e-03,7.273737058022825546e-12,-1.894924272390245755e-04,-4.505981122074273477e-12
1.592997891771515073e+00,-3.805063769847911725e-01,-1.807366212962269875e-02,-3.963472636622349388e-01,1.108899993978279996e-09,-1.192522726522661891e+00,3.805063763852622460e-01,-4.214061236420603064e-15,5.977823633808979423e-03,-6.509334178604334054e-02,3.124578768947154517e-11,7.107116541983432567e-02,-8.474466121421181473e-11,-2.608853043560615387e-14,5.564660312556476279e-03,5.843659870612750475e-03,7.235785842093807944e-12,-2.789995582669306659e-04,-4.402606022486217592e-12
1.594578246822875744e+00,-3.805063769847911725e-01,-1.806420809939666972e-02,-3.964501269216236246e-01,1.108949382436639900e-09,-1.192410409233046975e+00,3.805063763851283531e-01,-4.255933464800897702e-15,5.986613060505426194e-03,-6.508404071211318365e-02,3.125719277207806487e-11,7.107065377260028682e-02,-8.475153718223225109e-11,-2.690233305373787748e-14,5.558689135178719251e-03,5.927199393183211866e-03,7.197774026003974551e-12,-3.685102582087863908e-04,-4.299188444476686338e-12
1.596158601874236194e+00,-3.805063769847911725e-01,-1.805474018623114824e-02,-3.965529753777096156e-01,1.108998788871586868e-09,-1.192298092863795844e+00,3.805063763849944047e-01,-4.299091552032687799e-15,5.995393014896772954e-03,-6.507460764897529670e-02,3.126853773461044999e-11,7.107000066385342485e-02,-8.475824968014245107e-11,-2.771583145369220539e-14,5.552672740781340599e-03,6.010697276722140603e-03,7.159701573802487211e-12,-4.580245361387296757e-04,-4.195728307635531532e-12
1.597738956925597087e+00,-3.805063769847912281e-01,-1.804525840515222232e-02,-3.966558088219551137e-01,1.109048213188034213e-09,-1.192185777638471222e+00,3.805063763848604563e-01,-4.343535004387075276e-15,6.004163425495917875e-03,-6.506504266245505264e-02,3.127982248121388023e-11,7.106920608793203253e-02,-8.476479864062087296e-11,-2.852900923941139719e-14,5.546611093771203378e-03,6.094153494691907820e-03,7.121568449844844899e-12,-5.475424011122711479e-04,-4.092225531772076848e-12
1.599319311976957536e+00,-3.805063769847912281e-01,-1.803576277129900415e-02,-3.967586270459262932e-01,1.109097655290743462e-09,-1.192073463780646936e+00,3.805063763847265079e-01,-4.389263302225919400e-15,6.012924220759688528e-03,-6.505534581841974917e-02,3.129104691597749383e-11,7.106827003916019181e-02,-8.477118399621958443e-11,-2.934185001791711938e-14,5.540504158784907013e-03,6.177568020765844374e-03,7.083374618793479063e-12,-6.370638621661370900e-04,-3.988680036916321433e-12
1.600899667028318207e+00,-3.805063769847912281e-01,-1.802625329992369949e-02,-3.968614298412936336e-01,1.109147115084324354e-09,-1.191961151513904138e+00,3.805063763845925040e-01,-4.436275900007002250e-15,6.021675329089220922e-03,-6.504551718277799821e-02,3.130221094293481401e-11,7.106719251184770436e-02,-8.477740567936435301e-11,-3.015433739954228841e-14,5.534351900689281692e-03,6.260940828828656310e-03,7.045120045618226995e-12,-7.265889283182092127e-04,-3.885091743319994879e-12
1.602480022079678657e+00,-3.805063769847912281e-01,-1.801673000639172212e-02,-3.969642169998315318e-01,1.109196592473235667e-09,-1.191848841061834419e+00,3.805063763844585001e-01,-4.484572226289303823e-15,6.030416678830287369e-03,-6.503555682147958705e-02,3.131331446606422083e-11,7.106597350029006388e-02,-8.478346362235504675e-11,-3.096645499815822476e-14,5.528154284581932205e-03,6.344271892976696345e-03,7.006804695596942519e-12,-8.161176085672341421e-04,-3.781460571457889280e-12
1.604060377131039550e+00,-3.805063769847912281e-01,-1.800719290618175636e-02,-3.970669883134189670e-01,1.109246087361783769e-09,-1.191736532648037139e+00,3.805063763843244962e-01,-4.534151683738931118e-15,6.039148198273710209e-03,-6.502546480051507594e-02,3.132435738928951330e-11,7.106461299876870585e-02,-8.478935775736620292e-11,-3.177818643140709240e-14,5.521911275791769637e-03,6.427561187518612655e-03,6.968428534315962899e-12,-9.056499118929464773e-04,-3.677786442028749418e-12
1.605640732182399999e+00,-3.805063769847912281e-01,-1.799764201488586457e-02,-3.971697435740391691e-01,1.109295599654123245e-09,-1.191624226496120986e+00,3.805063763841904922e-01,-4.585013649135131620e-15,6.047869815655681873e-03,-6.501524118591538171e-02,3.133533961648030367e-11,7.106311100155071614e-02,-8.479508801644697629e-11,-3.258951532092924219e-14,5.515622839879527443e-03,6.510808686975441684e-03,6.929991527670713874e-12,-9.951858472556497463e-04,-3.574069275956716291e-12
1.607221087233760892e+00,-3.805063769847912281e-01,-1.798807734820956003e-02,-3.972724825737793952e-01,1.109345129254257303e-09,-1.191511922829704417e+00,3.805063763840565438e-01,-4.637157473376859779e-15,6.056581459158165599e-03,-6.500488604375158352e-02,3.134626105145256022e-11,7.106146750288917791e-02,-8.480065433152192758e-11,-3.340042529259402624e-14,5.509288942638300088e-03,6.594014366081267335e-03,6.891493641866198376e-12,-1.084725423596337619e-03,-3.470308994392221339e-12
1.608801442285121341e+00,-3.805063769847912281e-01,-1.797849892197190061e-02,-3.973752051048319300e-01,1.109394676066036121e-09,-1.191399621872414549e+00,3.805063763839225399e-01,-4.690582481489590403e-15,6.065283056909241514e-03,-6.499439944013456205e-02,3.135712159796911781e-11,7.105968249702297734e-02,-8.480605663439111387e-11,-3.421089997672849188e-14,5.502909550094072996e-03,6.677178199783474245e-03,6.852934843417571673e-12,-1.174268649836404752e-03,-3.366505518713305168e-12
1.610381797336482013e+00,-3.805063769847912281e-01,-1.796890675210555816e-02,-3.974779109594930859e-01,1.109444239993158714e-09,-1.191287323847886936e+00,3.805063763837884805e-01,-4.745287972632635338e-15,6.073974536983489138e-03,-6.498378144121448596e-02,3.136792115974009145e-11,7.105775597817692857e-02,-8.481129485673046347e-11,-3.502092300834836011e-14,5.496484628506228230e-03,6.760300163243178860e-03,6.814315099150647864e-12,-1.263815534877588565e-03,-3.262658770526685859e-12
1.611962152387842462e+00,-3.805063769847912836e-01,-1.795930085465693993e-02,-3.975805999301639804e-01,1.109493820939170444e-09,-1.191175028979767569e+00,3.805063763836544211e-01,-4.801273220106588745e-15,6.082655827402340398e-03,-6.497303211318075644e-02,3.137865964042346439e-11,7.105568794056181525e-02,-8.481636893009235750e-11,-3.583047802738526803e-14,5.490014144368107404e-03,6.843380231835642299e-03,6.775634376202479060e-12,-1.353366087601806612e-03,-3.158768671668956519e-12
1.613542507439203355e+00,-3.805063769847913391e-01,-1.794968124578621982e-02,-3.976832718093503694e-01,1.109543418807466337e-09,-1.191062737491710433e+00,3.805063763835204171e-01,-4.858537471361471292e-15,6.091326856134474284e-03,-6.496215152226143819e-02,3.138933694362549525e-11,7.105347837837444613e-02,-8.482127878590566869e-11,-3.663954867891924299e-14,5.483498064407510419e-03,6.926418381150705773e-03,6.736892642021840870e-12,-1.442920316871101720e-03,-3.054835144207645914e-12
1.615122862490563804e+00,-3.805063769847913391e-01,-1.794004794176745632e-02,-3.977859263896624809e-01,1.109593033501287559e-09,-1.190950449607379724e+00,3.805063763833863022e-01,-4.917079948004858584e-15,6.099987551096160317e-03,-6.495113973472295410e-02,3.139995297290124792e-11,7.105112728579746073e-02,-8.482602435547630417e-11,-3.744811861340525086e-14,5.476936355587229757e-03,7.009414586993036045e-03,6.698089864369825325e-12,-1.532478231527347086e-03,-2.950858110442544060e-12
1.616703217541924698e+00,-3.805063769847913391e-01,-1.793040095898866884e-02,-3.978885634638156810e-01,1.109642664923723698e-09,-1.190838165550447636e+00,3.805063763832522983e-01,-4.976899845810691942e-15,6.108637840151657540e-03,-6.493999681686997427e-02,3.141050763175514085e-11,7.104863465699977343e-02,-8.483060556998774838e-11,-3.825617148690463514e-14,5.470328985105596918e-03,7.092368825382795033e-03,6.659226011320336857e-12,-1.622039840392373563e-03,-2.846837492906592008e-12
1.618283572593285147e+00,-3.805063769847913391e-01,-1.792074031395192099e-02,-3.979911828246297523e-01,1.109692312977711108e-09,-1.190725885544596796e+00,3.805063763831182388e-01,-5.037996334728206741e-15,6.117277651113556258e-03,-6.492872283504470821e-02,3.142100082364127666e-11,7.104600048613624041e-02,-8.483502236050097253e-11,-3.906369096131290214e-14,5.463675920396980287e-03,7.175281072555715275e-03,6.620301051260663414e-12,-1.711605152267547903e-03,-2.742773214367323348e-12
1.619863927644645596e+00,-3.805063769847913391e-01,-1.791106602327340036e-02,-3.980937842650295599e-01,1.109741977566033937e-09,-1.190613609813518492e+00,3.805063763829841239e-01,-5.100368558891443696e-15,6.125906911743179625e-03,-6.491731785562682155e-02,3.143143245196415298e-11,7.104322476734782621e-02,-8.483927465795532644e-11,-3.987066070459049124e-14,5.456977129132333307e-03,7.258151304963763456e-03,6.581314952891992638e-12,-1.801174175933880966e-03,-2.638665197827775405e-12
1.621444282696006267e+00,-3.805063769847913391e-01,-1.790137810368348445e-02,-3.981963675780449963e-01,1.109791658591323310e-09,-1.190501338580912893e+00,3.805063763828500090e-01,-5.164015636628978681e-15,6.134525549750949672e-03,-6.490578194503307530e-02,3.144180242007901142e-11,7.104030749476168694e-02,-8.484336239316852560e-11,-4.067706439099163913e-14,5.450232579219716628e-03,7.340979499275436179e-03,6.542267685229946625e-12,-1.890746920151808270e-03,-2.534513366527728391e-12
1.623024637747366716e+00,-3.805063769847913391e-01,-1.789167657202684822e-02,-3.982989325568106476e-01,1.109841355956058354e-09,-1.190389072070490828e+00,3.805063763827160050e-01,-5.228936660473965709e-15,6.143133492796744657e-03,-6.489411516971682614e-02,3.145211063129233517e-11,7.103724866249105929e-02,-8.484728549683710355e-11,-4.148288570129248692e-14,5.443442238804818527e-03,7.423765632376057473e-03,6.503159217605161113e-12,-1.980323393660967084e-03,-2.430317643944952638e-12
1.624604992798727610e+00,-3.805063769847913391e-01,-1.788196144526251613e-02,-3.984014789945665158e-01,1.109891069562564134e-09,-1.190276810505970895e+00,3.805063763825818901e-01,-5.295130697174784984e-15,6.151730668490308467e-03,-6.488231759616788774e-02,3.146235698886246938e-11,7.103404826463553812e-02,-8.485104389953709686e-11,-4.228810832302232362e-14,5.436606076271494406e-03,7.506509681368431913e-03,6.463989519663749153e-12,-2.069903605180306583e-03,-2.326077953796107272e-12
1.626185347850088059e+00,-3.805063769847913391e-01,-1.787223274046396623e-02,-3.985040066846574081e-01,1.109940799313013723e-09,-1.190164554111081241e+00,3.805063763824477752e-01,-5.362596787705736695e-15,6.160317004391594083e-03,-6.487038929091198947e-02,3.147254139599998307e-11,7.103070629528079882e-02,-8.485463753172387715e-11,-4.309271595069074020e-14,5.429724060242283740e-03,7.589211623572940033e-03,6.424758561367933617e-12,-2.159487563407666306e-03,-2.221794220038199487e-12
1.627765702901448952e+00,-3.805063769847913391e-01,-1.786249047481919608e-02,-3.986065154205333250e-01,1.109990545109427163e-09,-1.190052303109560672e+00,3.805063763823137157e-01,-5.431333947278352492e-15,6.168892428011161708e-03,-6.485833032051062375e-02,3.148266375586823132e-11,7.102722274849888884e-02,-8.485806632373306871e-11,-4.389669228601794547e-14,5.422796159578942635e-03,7.671871436528187108e-03,6.385466312996489863e-12,-2.249075277019901061e-03,-2.117466366869452928e-12
1.629346057952809401e+00,-3.805063769847913946e-01,-1.785273466563078865e-02,-3.987090049957496829e-01,1.110040306853670847e-09,-1.189940057725156208e+00,3.805063763821795453e-01,-5.501341165352949147e-15,6.177456866810555197e-03,-6.484614075156054647e-02,3.149272397158387231e-11,7.102359761834811658e-02,-8.486133020578057437e-11,-4.470002103816355465e-14,5.415822343382966850e-03,7.754489097991258163e-03,6.346112745145362085e-12,-2.338666754672592742e-03,-2.013094318730638124e-12
1.630926413004170072e+00,-3.805063769847913946e-01,-1.784296533031601642e-02,-3.988114752039669808e-01,1.110090084447458763e-09,-1.189827818181623753e+00,3.805063763820454859e-01,-5.572617405650541139e-15,6.186010248202668087e-03,-6.483382065069354105e-02,3.150272194621731962e-11,7.101983089887313472e-02,-8.486442910796309246e-11,-4.550268592395525804e-14,5.408802580996119151e-03,7.837064585938155123e-03,6.306697828728143948e-12,-2.428262004999985277e-03,-1.908678000306142410e-12
1.632506768055530522e+00,-3.805063769847913946e-01,-1.783318248640689690e-02,-3.989139258389511333e-01,1.110139877792350833e-09,-1.189715584702730533e+00,3.805063763819113709e-01,-5.645161606165178437e-15,6.194552499552140844e-03,-6.482137008457594662e-02,3.151265758279327220e-11,7.101592258410494019e-02,-8.486736296025850460e-11,-4.630467066811822179e-14,5.401736842000956669e-03,7.919597878564190591e-03,6.267221534976652125e-12,-2.517861036614834139e-03,-1.804217336525141635e-12
1.634087123106891415e+00,-3.805063769847913946e-01,-1.782338615155027589e-02,-3.990163566945735263e-01,1.110189686789754574e-09,-1.189603357512251547e+00,3.805063763817772005e-01,-5.718972679176595103e-15,6.203083548175733833e-03,-6.480878911990850533e-02,3.152253078429125718e-11,7.101187266806099907e-02,-8.487013169252626337e-11,-4.710595900350385127e-14,5.394625096221359987e-03,8.002088954284449288e-03,6.227683835441436817e-12,-2.607463858108338695e-03,-1.699712252562687045e-12
1.635667478158251864e+00,-3.805063769847913946e-01,-1.781357634350789684e-02,-3.991187675648107391e-01,1.110239511340923024e-09,-1.189491136833972007e+00,3.805063763816431410e-01,-5.794049511263175001e-15,6.211603321342702017e-03,-6.479607782342576561e-02,3.153234145364603699e-11,7.100768114474514947e-02,-8.487273523450771551e-11,-4.790653467131786650e-14,5.387467313723054430e-03,8.084537791734009229e-03,6.188084701992365792e-12,-2.697070478049858576e-03,-1.595162673841013101e-12
1.637247833209612757e+00,-3.805063769847913946e-01,-1.780375308015648764e-02,-3.992211582437451556e-01,1.110289351346957023e-09,-1.189378922891686452e+00,3.805063763815089151e-01,-5.870390963315483134e-15,6.220111746275200013e-03,-6.478323626189597118e-02,3.154208949374821685e-11,7.100334800814779579e-02,-8.487517351582660592e-11,-4.870638142135085150e-14,5.380263464814140015e-03,8.166944369768613932e-03,6.148424106819075135e-12,-2.786680904987035110e-03,-1.490568526030413129e-12
1.638828188260973207e+00,-3.805063769847913946e-01,-1.779391637948782995e-02,-3.993235285255642419e-01,1.110339206708803553e-09,-1.189266715909198524e+00,3.805063763813748001e-01,-5.947995870549788295e-15,6.228608750148631641e-03,-6.477026450212053366e-02,3.155177480744467126e-11,7.099887325224574219e-02,-8.487744646598938787e-11,-4.950548301220436707e-14,5.373013520045614479e-03,8.249308667464766084e-03,6.108702022431614669e-12,-2.876295147445371084e-03,-1.385929735050705466e-12
1.640408543312333878e+00,-3.805063769847913946e-01,-1.778406625960882170e-02,-3.994258782045616019e-01,1.110389077327255327e-09,-1.189154516110322302e+00,3.805063763812406852e-01,-6.026863042522432960e-15,6.237094260092067126e-03,-6.475716261093378279e-02,3.156139729753910622e-11,7.099425687100240079e-02,-8.487955401438558491e-11,-5.030382321152249093e-14,5.365717450211897159e-03,8.331630664120372870e-03,6.068918421660883361e-12,-2.965913213928355642e-03,-1.281246227072094563e-12
1.641988898363694327e+00,-3.805063769847914501e-01,-1.777420273874157075e-02,-3.995282070751361436e-01,1.110438963102952032e-09,-1.189042323718880745e+00,3.805063763811065147e-01,-6.106991263144052501e-15,6.245568203188610855e-03,-6.474393065520266111e-02,3.157095686679255040e-11,7.098949885836780549e-02,-8.488149609028837245e-11,-5.110138579621774115e-14,5.358375226351371964e-03,8.413910339255000967e-03,6.029073277659251322e-12,-3.055535112917173290e-03,-1.176517928516511929e-12
1.643569253415055220e+00,-3.805063769847914501e-01,-1.776432583522344344e-02,-3.996305149317925243e-01,1.110488863936379703e-09,-1.188930138958705918e+00,3.805063763809723998e-01,-6.188379290694628235e-15,6.254030506475786490e-03,-6.473056870182614109e-02,3.158045341792382686e-11,7.098459920827841774e-02,-8.488327262285464242e-11,-5.189815455270182119e-14,5.350986819746872229e-03,8.496147672610308496e-03,5.989166563901018634e-12,-3.145160852870645778e-03,-1.071744766058649295e-12
1.645149608466415669e+00,-3.805063769847915056e-01,-1.775443556750716523e-02,-3.997328015691413161e-01,1.110538779727870314e-09,-1.188817962053641208e+00,3.805063763808382848e-01,-6.271025857838434756e-15,6.262481096945930747e-03,-6.471707681773518350e-02,3.158988685361011528e-11,7.097955791465761222e-02,-8.488488354112583041e-11,-5.269411327711175782e-14,5.343552201926266183e-03,8.578342644150461355e-03,5.949198254183034924e-12,-3.234790442225075544e-03,-9.669266666271840345e-13
1.646729963517776341e+00,-3.805063769847915056e-01,-1.774453195416084497e-02,-3.998350667818987292e-01,1.110588710377602191e-09,-1.188705793227537555e+00,3.805063763807041144e-01,-6.354929671639888945e-15,6.270919901546584581e-03,-6.470345506989218232e-02,3.159925707648744959e-11,7.097437497141526053e-02,-8.488632877402798033e-11,-5.348924577554094279e-14,5.336071344662921857e-03,8.660495234062551284e-03,5.909168322625139617e-12,-3.324423889394181961e-03,-8.620635574058010293e-13
1.648310318569136790e+00,-3.805063769847915056e-01,-1.773461501386811370e-02,-3.999373103648867223e-01,1.110638655785599802e-09,-1.188593632704256775e+00,3.805063763805699439e-01,-6.440089413579134698e-15,6.279346847180858338e-03,-6.468970352529064549e-02,3.160856398915118321e-11,7.096905037244802261e-02,-8.488760825037220969e-11,-5.428353586426450719e-14,5.328544219976270868e-03,8.742605422756857814e-03,5.869076743670798474e-12,-3.414061202768816847e-03,-7.571553658345449101e-13
1.649890673620497683e+00,-3.805063769847915056e-01,-1.772468476542812463e-02,-4.000395321130333914e-01,1.110688615851733143e-09,-1.188481480707670235e+00,3.805063763804357735e-01,-6.526503739568633469e-15,6.287761860707860237e-03,-6.467582225095490356e-02,3.161780749415659655e-11,7.096358411163930513e-02,-8.488872189885530410e-11,-5.507696736997033781e-14,5.320970800132320162e-03,8.824673190867493577e-03,5.828923492087537377e-12,-3.503702390717083285e-03,-6.522020196106658186e-13
1.651471028671858132e+00,-3.805063769847915056e-01,-1.771474122775567456e-02,-4.001417318213727481e-01,1.110738590475718764e-09,-1.188369337461658182e+00,3.805063763803016585e-01,-6.614171279969533914e-15,6.296164868943042447e-03,-6.466181131393967940e-02,3.162698749401927181e-11,7.095797618285930308e-02,-8.488966964805985950e-11,-5.586952412998485541e-14,5.313351057644175035e-03,8.906698519252508398e-03,5.788708542967582911e-12,-3.593347461583925369e-03,-5.472034466900984773e-13
1.653051383723219026e+00,-3.805063769847915056e-01,-1.770478441988123861e-02,-4.002439092850446634e-01,1.110788579557119155e-09,-1.188257203190111966e+00,3.805063763801674881e-01,-6.703090639608863543e-15,6.304555798658631298e-03,-6.464767078132978295e-02,3.163610389121575861e-11,7.095222657996502758e-02,-8.489045142645491543e-11,-5.666118999250283834e-14,5.305684965272568221e-03,8.988681388994529398e-03,5.748431871728301804e-12,-3.682996423691239224e-03,-4.421595752883119882e-13
1.654631738774579475e+00,-3.805063769847915056e-01,-1.769481436095106733e-02,-4.003460642992950902e-01,1.110838582995342122e-09,-1.188145078116931597e+00,3.805063763800333176e-01,-6.793260397796695119e-15,6.312934576583989835e-03,-6.463340072023977811e-02,3.164515658818398111e-11,7.094633529680043071e-02,-8.489106716239626523e-11,-5.745194881681380666e-14,5.297972496026388985e-03,9.070621781401016007e-03,5.708093454112814846e-12,-3.772649285337593278e-03,-3.370703338816523855e-13
1.656212093825940146e+00,-3.805063769847915056e-01,-1.768483107022721448e-02,-4.004481966594761189e-01,1.110888600689641823e-09,-1.188032962466026632e+00,3.805063763798992027e-01,-6.884679108344142943e-15,6.321301129406028084e-03,-6.461900119781351093e-02,3.165414548732377438e-11,7.094030232719626683e-02,-8.489151678412676626e-11,-5.824178447353214236e-14,5.290213623163183589e-03,9.152519678004691905e-03,5.667693266190457337e-12,-3.862306054798170154e-03,-2.319356512083677262e-13
1.657792448877300595e+00,-3.805063769847915056e-01,-1.767483456708764805e-02,-4.005503061610458659e-01,1.110938632539117733e-09,-1.187920856461317287e+00,3.805063763797649767e-01,-6.977345299581036492e-15,6.329655383769585558e-03,-6.460447228122390140e-02,3.166307049099743371e-11,7.093412766497028676e-02,-8.489180021977701193e-11,-5.903068084482166856e-14,5.282408320189714741e-03,9.234375060563956156e-03,5.627231284357395430e-12,-3.951966740324599700e-03,-1.267554562698310892e-13
1.659372803928661488e+00,-3.805063769847915056e-01,-1.766482487102629881e-02,-4.006523925995688074e-01,1.110988678442715264e-09,-1.187808760326733104e+00,3.805063763796308618e-01,-7.071257474374730812e-15,6.337997266277834579e-03,-6.458981403767255491e-02,3.167193150153022515e-11,7.092781130392725175e-02,-8.489191739736555146e-11,-5.981862182462651439e-14,5.274556560862460330e-03,9.316187911063308208e-03,5.586707485337084151e-12,-4.041631350144910852e-03,-2.152967833156889635e-14
1.660953158980021938e+00,-3.805063769847916166e-01,-1.765480200165310196e-02,-4.007544557707155009e-01,1.111038738299225146e-09,-1.187696674286212950e+00,3.805063763794966913e-01,-7.166414110148748872e-15,6.346326703492667989e-03,-6.457502653438916551e-02,3.168072842121081845e-11,7.092135323785882239e-02,-8.489186824479923886e-11,-6.060559131889730985e-14,5.266658319188131238e-03,9.397958211713599436e-03,5.546121846180854663e-12,-4.131299892463236728e-03,8.374175307541188228e-14
1.662533514031382831e+00,-3.805063769847916166e-01,-1.764476597869410121e-02,-4.008564954702628635e-01,1.111088812007284047e-09,-1.187584598563706795e+00,3.805063763793625764e-01,-7.262813658901868058e-15,6.354643621935104209e-03,-6.456010983863169628e-02,3.168946115229197855e-11,7.091475346054387785e-02,-8.489165268987402129e-11,-6.139157324581841556e-14,5.258713569424229919e-03,9.479685944952688861e-03,5.505474344268414294e-12,-4.220972375459936497e-03,1.890589081537464650e-13
1.664113869082743280e+00,-3.805063769847916166e-01,-1.763471682199148696e-02,-4.009585114940940054e-01,1.111138899465374157e-09,-1.187472533383173046e+00,3.805063763792283504e-01,-7.360454547227748611e-15,6.362947948085666272e-03,-6.454506401768536628e-02,3.169812959699090810e-11,7.090801196574822440e-02,-8.489127066027486154e-11,-6.217655153603606140e-14,5.250722286079533528e-03,9.561371093445524688e-03,5.464764957308416029e-12,-4.310648807291185547e-03,2.944218568382784245e-13
1.665694224134103951e+00,-3.805063769847916166e-01,-1.762465455150367608e-02,-4.010605036381986177e-01,1.111189000571822159e-09,-1.187360478968580768e+00,3.805063763790942910e-01,-7.459335176334769531e-15,6.371239608384805103e-03,-6.452988913886277544e-02,3.170673365748985491e-11,7.090112874722490077e-02,-8.489072208357653936e-11,-6.296051013288560149e-14,5.242684443914640349e-03,9.643013640084813903e-03,5.423993663338954495e-12,-4.400329196089087375e-03,3.998306687951703078e-13
1.667274579185464400e+00,-3.805063769847916166e-01,-1.761457918730536046e-02,-4.011624716986724182e-01,1.111239115224801291e-09,-1.187248435543908798e+00,3.805063763789600650e-01,-7.559453922066227362e-15,6.379518529233272478e-03,-6.451458526950339112e-02,3.171527323593663538e-11,7.089410379871410872e-02,-8.489000688724400043e-11,-6.374343299261831489e-14,5.234600017942483280e-03,9.724613567991247792e-03,5.383160440728124954e-12,-4.490013549961400369e-03,5.052854134206168202e-13
1.668854934236825294e+00,-3.805063769847916166e-01,-1.760449074958757298e-02,-4.012644154717179279e-01,1.111289243322329697e-09,-1.187136403333145074e+00,3.805063763788258391e-01,-7.660809134920971217e-15,6.387784636992535625e-03,-6.449915247697306231e-02,3.172374823444513213e-11,7.088693711394319918e-02,-8.488912499863255022e-11,-6.452530408462911505e-14,5.226468983428851113e-03,9.806170860513947762e-03,5.342265268174541101e-12,-4.579701876991464950e-03,6.107861598397631905e-13
1.670435289288185743e+00,-3.805063769847916166e-01,-1.759438925865776729e-02,-4.013663347536440273e-01,1.111339384762270836e-09,-1.187024382560289526e+00,3.805063763786917796e-01,-7.763399140074310745e-15,6.396037857985172742e-03,-6.448359082866388092e-02,3.173215855509581742e-11,7.087962868662681104e-02,-8.488807634498864241e-11,-6.530610739168309801e-14,5.218291315892924567e-03,9.887685501230876473e-03,5.301308124707890824e-12,-4.669394185238050915e-03,7.163329769055298309e-13
1.672015644339546636e+00,-3.805063769847916166e-01,-1.758427473493983859e-02,-4.014682293408660674e-01,1.111389539442333074e-09,-1.186912373449349634e+00,3.805063763785575537e-01,-7.867222237399417929e-15,6.404278118495278053e-03,-6.446790039199368216e-02,3.174050409993631542e-11,7.087217851046685724e-02,-8.488686085345008565e-11,-6.608582691014339068e-14,5.210066991107783693e-03,9.969157473949247228e-03,5.260288989689433805e-12,-4.759090482735302795e-03,8.219259331975759379e-13
1.673595999390907085e+00,-3.805063769847916166e-01,-1.757414719897423816e-02,-4.015700990299060358e-01,1.111439707260070297e-09,-1.186800376224343978e+00,3.805063763784234387e-01,-7.972276701488862988e-15,6.412505344768848654e-03,-6.445208123440561432e-02,3.174878477098183515e-11,7.086458657915255255e-02,-8.488547845104644428e-11,-6.686444665019677769e-14,5.201795985100926556e-03,1.005058676270579113e-02,5.219207842812577477e-12,-4.848790777492451021e-03,9.275650970209674409e-13
1.675176354442267757e+00,-3.805063769847916721e-01,-1.756400667141798377e-02,-4.016719436173924462e-01,1.111489888112881711e-09,-1.186688391109301355e+00,3.805063763782892683e-01,-8.078560781676756125e-15,6.420719463014214722e-03,-6.443613342336805550e-02,3.175700047021583610e-11,7.085685288636055235e-02,-8.488392906469969745e-11,-6.764195063608154967e-14,5.193478274154808734e-03,1.013197335176740065e-02,5.178064664103354430e-12,-4.938495077493927285e-03,1.033250536405315894e-12
1.676756709493628206e+00,-3.805063769847917277e-01,-1.755385317304475334e-02,-4.017737629000603938e-01,1.111540081898010805e-09,-1.186576418328260329e+00,3.805063763781551534e-01,-8.186072702060990250e-15,6.428920399402408142e-03,-6.442005702637391973e-02,3.176515109959041598e-11,7.084897742575478607e-02,-8.488221262122442009e-11,-6.841832290631294074e-14,5.185113834807352461e-03,1.021331722563121984e-02,5.136859433921023410e-12,-5.028203390698956880e-03,1.138982319103337373e-12
1.678337064544989099e+00,-3.805063769847917277e-01,-1.754368672474491964e-02,-4.018755566747519437e-01,1.111590288512547211e-09,-1.186464458105269015e+00,3.805063763780210384e-01,-8.294810661526222073e-15,6.437108080067597063e-03,-6.440385211094047657e-02,3.177323656102693114e-11,7.084096019098673480e-02,-8.488032904732837740e-11,-6.919354751391155738e-14,5.176702643852460102e-03,1.029461836902529313e-02,5.095592132958528952e-12,-5.117915725041681865e-03,1.244760512589986519e-12
1.679917419596349548e+00,-3.805063769847917277e-01,-1.753350734752562659e-02,-4.019773247384156312e-01,1.111640507853424224e-09,-1.186352510664385962e+00,3.805063763778869235e-01,-8.404772833766706478e-15,6.445282431107477068e-03,-6.438751874460899027e-02,3.178125675641646179e-11,7.083280117569534795e-02,-8.487827826961293851e-11,-6.996760852662779364e-14,5.168244678340563197e-03,1.037587676690881339e-02,5.054262742243103189e-12,-5.207632088430867896e-03,1.350585184061134183e-12
1.681497774647710441e+00,-3.805063769847917277e-01,-1.752331506251082055e-02,-4.020790668881067953e-01,1.111690739817421492e-09,-1.186240576229680155e+00,3.805063763777527530e-01,-8.515957367309993895e-15,6.453443378583670169e-03,-6.437105699494420630e-02,3.178921158762036782e-11,7.082450037350698779e-02,-8.487606021457336077e-11,-7.074049002716961622e-14,5.159739915579090834e-03,1.045709240447254690e-02,5.012871243136710135e-12,-5.297352488749847849e-03,1.456456400432544756e-12
1.683078129699070891e+00,-3.805063769847917277e-01,-1.751310989094136128e-02,-4.021807829209875229e-01,1.111740984301162325e-09,-1.186128655025229905e+00,3.805063763776186381e-01,-8.628362385540432053e-15,6.461590848522147205e-03,-6.435446692953426806e-02,3.179710095647085746e-11,7.081605777803574864e-02,-8.487367480859961696e-11,-7.151217611342723211e-14,5.151188333133064658e-03,1.053826526713926709e-02,4.971417617336699192e-12,-5.387076933856370028e-03,1.562374228338658827e-12
1.684658484750431562e+00,-3.805063769847917277e-01,-1.750289185417500115e-02,-4.022824726343269264e-01,1.111791241201115349e-09,-1.186016747275123961e+00,3.805063763774845231e-01,-8.741985986723789481e-15,6.469724766913628571e-03,-6.433774861598996753e-02,3.180492476477145258e-11,7.080747338288317927e-02,-8.487112197797642110e-11,-7.228265089870150485e-14,5.142589908825542962e-03,1.061939534056411880e-02,4.929901846876189660e-12,-5.476805431582528784e-03,1.668338734131588286e-12
1.686238839801792011e+00,-3.805063769847917832e-01,-1.749266097368650658e-02,-4.023841358255009215e-01,1.111841510413594509e-09,-1.185904853203461728e+00,3.805063763773503527e-01,-8.856826244031314186e-15,6.477845059713982327e-03,-6.432090212194470358e-02,3.181268291429753150e-11,7.079874718163850500e-02,-8.486840164888386182e-11,-7.305189851192720843e-14,5.133944620738190544e-03,1.070048261063493746e-02,4.888323914124743628e-12,-5.566537989734489551e-03,1.774349983879767309e-12
1.687819194853152904e+00,-3.805063769847917832e-01,-1.748241727106767882e-02,-4.024857722919920611e-01,1.111891791834757618e-09,-1.185792973034351716e+00,3.805063763772161822e-01,-8.972881205564988249e-15,6.485951652844655288e-03,-6.430392751505399629e-02,3.182037530679691712e-11,7.078987916787875256e-02,-8.486551374739791929e-11,-7.381990309790119115e-14,5.125252447211779173e-03,1.078152706347285106e-02,4.846683801788770679e-12,-5.656274616092611153e-03,1.880408043367121140e-12
1.689399549904513353e+00,-3.805063769847917832e-01,-1.747216076802742338e-02,-4.025873818313900898e-01,1.111942085360607394e-09,-1.185681106991913314e+00,3.805063763770821228e-01,-9.090148894382528402e-15,6.494044472193058123e-03,-6.428682486299509835e-02,3.182800184399033569e-11,7.078086933516851420e-02,-8.486245819949080131e-11,-7.458664881750646257e-14,5.116513366846712346e-03,1.086252868543238596e-02,4.804981492912170894e-12,-5.746015318411017321e-03,1.986512978091610445e-12
1.690979904955874025e+00,-3.805063769847917832e-01,-1.746189148639177430e-02,-4.026889642413917780e-01,1.111992390886991871e-09,-1.185569255300276348e+00,3.805063763769480634e-01,-9.208627308523151806e-15,6.502123443612994706e-03,-6.426959423346657874e-02,3.183556242757197907e-11,7.077171767706021133e-02,-8.485923493103134392e-11,-7.535211984793890587e-14,5.107727358503530088e-03,1.094348746310211049e-02,4.763216970876757329e-12,-5.835760104417734608e-03,2.092664853264375860e-12
1.692560260007234474e+00,-3.805063769847918387e-01,-1.745160944810400516e-02,-4.027905193198006994e-01,1.112042708309602955e-09,-1.185457418183579525e+00,3.805063763768138929e-01,-9.328314421033422287e-15,6.510188492925067169e-03,-6.425223569418814229e-02,3.184305695921009923e-11,7.076242418709412230e-02,-8.485584386778572233e-11,-7.611630038293207160e-14,5.098894401303454525e-03,1.102440338330488469e-02,4.721390219402878818e-12,-5.925508981814398349e-03,2.198863733808422092e-12
1.694140615058595367e+00,-3.805063769847918387e-01,-1.744131467522461870e-02,-4.028920468645275643e-01,1.112093037523977453e-09,-1.185345595865973323e+00,3.805063763766797780e-01,-9.449208179993633003e-15,6.518239545917084432e-03,-6.423474931290000522e-02,3.185048534054740250e-11,7.075298885879831301e-02,-8.485228493541761888e-11,-7.687917463298294340e-14,5.090014474628882547e-03,1.110527643309829060e-02,4.679501222549890120e-12,-6.015261958276199757e-03,2.305109684357589604e-12
1.695720970109955816e+00,-3.805063769847918942e-01,-1.743100718993143700e-02,-4.029935466735901639e-01,1.112143378425496456e-09,-1.185233788571617541e+00,3.805063763765456630e-01,-9.571306508544383164e-15,6.526276528344479404e-03,-6.421713515736272859e-02,3.185784747320174102e-11,7.074341168568874794e-02,-8.484855805948883052e-11,-7.764072682557650459e-14,5.081087558123916631e-03,1.118610659977501559e-02,4.637549964716705246e-12,-6.105019041451721987e-03,2.411402769255368769e-12
1.697301325161316710e+00,-3.805063769847918942e-01,-1.742068701451961535e-02,-4.030950185451134260e-01,1.112193730909386166e-09,-1.185121996524682420e+00,3.805063763764116036e-01,-9.694607304913815824e-15,6.534299365930729651e-03,-6.419939329535674644e-02,3.186514325876657153e-11,7.073369266126934563e-02,-8.484466316545969534e-11,-7.840094120541232427e-14,5.072113631694878319e-03,1.126689387086330513e-02,4.595536430642300721e-12,-6.194780238962888097e-03,2.517743052553861048e-12
1.698881680212677159e+00,-3.805063769847918942e-01,-1.741035417140176372e-02,-4.031964622773292484e-01,1.112244094870716654e-09,-1.185010219949348853e+00,3.805063763762775442e-01,-9.819108442444696320e-15,6.542307984367752051e-03,-6.418152379468199109e-02,3.187237259881143367e-11,7.072383177903192319e-02,-8.484060017868953199e-11,-7.915980203462742002e-14,5.063092675510822566e-03,1.134763823412719350e-02,4.553460605406293156e-12,-6.284545558404675686e-03,2.624130598012477637e-12
1.700462035264037830e+00,-3.805063769847918942e-01,-1.740000868310791204e-02,-4.032978776685768318e-01,1.112294470204402689e-09,-1.184898459069807508e+00,3.805063763761434847e-01,-9.944807769622408947e-15,6.550302309316347743e-03,-6.416352672315762951e-02,3.187953539488268012e-11,7.071382903245651552e-02,-8.483636902443726007e-11,-7.991729359302302063e-14,5.054024670004074633e-03,1.142833967756715259e-02,4.511322474429407766e-12,-6.374315007345234853e-03,2.730565469097071087e-12
1.702042390315398279e+00,-3.805063769847918942e-01,-1.738965057228560041e-02,-4.033992645173026803e-01,1.112344856805203115e-09,-1.184786714110259265e+00,3.805063763760094253e-01,-1.007170311010291892e-14,6.558282266406588110e-03,-6.414540214862150813e-02,3.188663154850377396e-11,7.070368441501097279e-02,-8.483196962786152940e-11,-8.067340017828795897e-14,5.044909595870713213e-03,1.150899818942017691e-02,4.469122023474058365e-12,-6.464088593325483141e-03,2.837047728978517625e-12
1.703622745366759172e+00,-3.805063769847918942e-01,-1.737927986169994499e-02,-4.035006226220602121e-01,1.112395254567721680e-09,-1.184674985294916327e+00,3.805063763758753659e-01,-1.019979226274118398e-14,6.566247781238248454e-03,-6.412715013892991700e-02,3.189366096117599947e-11,7.069339792015140456e-02,-8.482740191402150837e-11,-8.142810610622354147e-14,5.035747434071110792e-03,1.158961375816044276e-02,4.426859238644819124e-12,-6.553866323859217427e-03,2.943577440531856051e-12
1.705203100418119622e+00,-3.805063769847919497e-01,-1.736889657423364847e-02,-4.036019517815103153e-01,1.112445663386406002e-09,-1.184563272848000004e+00,3.805063763757413065e-01,-1.032907300162013717e-14,6.574198779381237347e-03,-6.410877076195718727e-02,3.190062353437899207e-11,7.068296954132204102e-02,-8.482266580787731054e-11,-8.218139571096878370e-14,5.026538165830454936e-03,1.167018637249953028e-02,4.384534106389024753e-12,-6.643648206432833762e-03,3.050154666334969414e-12
1.706783455469480515e+00,-3.805063769847919497e-01,-1.735850073288705553e-02,-4.037032517944211807e-01,1.112496083155547777e-09,-1.184451576993742261e+00,3.805063763756072470e-01,-1.045954307607963799e-14,6.582135186375981731e-03,-6.409026408559528876e-02,3.190751916957114545e-11,7.067239927195526072e-02,-8.481776123429017549e-11,-8.293325334522334879e-14,5.017281772639234014e-03,1.175071602138686930e-02,4.342146613497210753e-12,-6.733434248505277067e-03,3.156779468667572846e-12
1.708363810520840964e+00,-3.805063769847920052e-01,-1.734809236077822919e-02,-4.038045224596681360e-01,1.112546513769284015e-09,-1.184339897956386611e+00,3.805063763754732431e-01,-1.059120021074611783e-14,6.590056927733882290e-03,-6.407163017775345526e-02,3.191434776819032885e-11,7.066168710547170162e-02,-8.481268811802337363e-11,-8.368366338047279557e-14,5.007978236253786235e-03,1.183120269401012614e-02,4.299696747103722493e-12,-6.823224457507870259e-03,3.263451909510030152e-12
1.709944165572201635e+00,-3.805063769847920052e-01,-1.733767148114294734e-02,-4.039057635762339782e-01,1.112596955121594770e-09,-1.184228235960185449e+00,3.805063763753391837e-01,-1.072404210556239731e-14,6.597963928937715904e-03,-6.405286910635782371e-02,3.192110923165432657e-11,7.065083303528030267e-02,-8.480744638374230954e-11,-8.443261020721202191e-14,4.998627538696794048e-03,1.191164637979563387e-02,4.257184494687165958e-12,-6.913018840844270020e-03,3.370172050542314977e-12
1.711524520623562085e+00,-3.805063769847920052e-01,-1.732723811787052412e-02,-4.040069749437315560e-01,1.112647407106322578e-09,-1.184116591229415372e+00,3.805063763752051798e-01,-1.085674514479045216e-14,6.605854851559357296e-03,-6.403398217268728432e-02,3.192780350312572341e-11,7.063983702423182187e-02,-8.480203492323686282e-11,-8.310206468618111766e-14,4.987241935632727441e-03,1.199010738260731720e-02,4.214675527444505525e-12,-7.002865446715873105e-03,3.478564218622408890e-12
1.713104875674922978e+00,-3.805063769847920607e-01,-1.731679229886818119e-02,-4.041081563656871434e-01,1.112697869617282884e-09,-1.184004963988457781e+00,3.805063763750711758e-01,-1.098662625047798886e-14,6.613727056771089366e-03,-6.401497194698047011e-02,3.193443056871827007e-11,7.062869900373716647e-02,-8.479645156560482276e-11,-8.126765009335129795e-14,4.975328589053821561e-03,1.206805644517448817e-02,4.172120029597746324e-12,-7.092727855859609805e-03,3.587396887193826914e-12
1.714685230726283427e+00,-3.805063769847920607e-01,-1.730633405388209284e-02,-4.042093076474135294e-01,1.112748342548192285e-09,-1.183893354461745151e+00,3.805063763749371164e-01,-1.111360923210730119e-14,6.621580399362987299e-03,-6.399583856611473776e-02,3.194099033212606786e-11,7.061741896546375186e-02,-8.479069617752310523e-11,-7.943438329662690511e-14,4.963370571217247916e-03,1.214596497141820670e-02,4.129502026227786123e-12,-7.182594399937569651e-03,3.696275361794212814e-12
1.716265585777644320e+00,-3.805063769847920607e-01,-1.729586341277765740e-02,-4.043104285943325826e-01,1.112798825792610627e-09,-1.183781762873721721e+00,3.805063763748031125e-01,-1.123769593151208494e-14,6.629414808763643870e-03,-6.397658209412200592e-02,3.194748269455807674e-11,7.060599690287207297e-02,-8.478476868658550223e-11,-7.760229960956731264e-14,4.951367913851886446e-03,1.222383299918339272e-02,4.086821504588533432e-12,-7.272465085065785671e-03,3.805199663148055004e-12
1.717845940829004769e+00,-3.805063769847920607e-01,-1.728538040553177432e-02,-4.044115190119671466e-01,1.112849319243943487e-09,-1.183670189448841503e+00,3.805063763746691641e-01,-1.135888824630776157e-14,6.637230214451977917e-03,-6.395720259497422733e-02,3.195390755720341725e-11,7.059443280941304910e-02,-8.477866902035330011e-11,-7.577143431235546680e-14,4.939320648904369990e-03,1.230166056650554285e-02,4.044078452282542078e-12,-7.362339917333127724e-03,3.914169811715540726e-12
1.719426295880365441e+00,-3.805063769847921162e-01,-1.727488506223274697e-02,-4.045125787059411504e-01,1.112899822795438245e-09,-1.183558634411568278e+00,3.805063763745352157e-01,-1.147718812983819534e-14,6.645026545957551795e-03,-6.393770013258302798e-02,3.196026482123183580e-11,7.058272667852785731e-02,-8.477239710635558982e-11,-7.394182265130532189e-14,4.927228808538878721e-03,1.237944771161049451e-02,4.001272857261489425e-12,-7.452218902801248726e-03,4.023185827692115807e-12
1.721006650931725890e+00,-3.805063769847921162e-01,-1.726437741308020288e-02,-4.046136074819793871e-01,1.112950336340187390e-09,-1.183447097986377372e+00,3.805063763744012117e-01,-1.159259759112187096e-14,6.652803732860939137e-03,-6.391807477079958222e-02,3.196655438779436386e-11,7.057087850364823778e-02,-8.476595287208980973e-11,-7.211349983836875799e-14,4.915092425137018717e-03,1.245719447291416399e-02,3.958404707826791905e-12,-7.542102047504460616e-03,4.132247731007840846e-12
1.722587005983086783e+00,-3.805063769847921162e-01,-1.725385748838502778e-02,-4.047146051459077354e-01,1.113000859771126867e-09,-1.183335580397753883e+00,3.805063763742672078e-01,-1.170511869479717184e-14,6.660561704794057056e-03,-6.389832657341418254e-02,3.197277615802381552e-11,7.055888827819639664e-02,-8.475933624502213336e-11,-7.028650105064200651e-14,4.902911531297603383e-03,1.253490088902227753e-02,3.915473992630082430e-12,-7.631989357449679712e-03,4.241355541326956620e-12
1.724167361034447232e+00,-3.805063769847921717e-01,-1.724332531856926851e-02,-4.048155715036526048e-01,1.113051392981035870e-09,-1.183224081870193345e+00,3.805063763741333149e-01,-1.181475356106696740e-14,6.668300391440507881e-03,-6.387845560415585100e-02,3.197893003303530451e-11,7.054675599558492272e-02,-8.475254715258774080e-11,-6.846086142987189890e-14,4.890686159836496461e-03,1.261256699872996719e-02,3.872480700673817848e-12,-7.721880838616166504e-03,4.350509278047129604e-12
1.725747716085807903e+00,-3.805063769847921717e-01,-1.723278093416603929e-02,-4.049165063612411575e-01,1.113101935862538085e-09,-1.183112602628201504e+00,3.805063763739993665e-01,-1.192150436564227256e-14,6.676019722535943453e-03,-6.385846192669231147e-02,3.198501591392690334e-11,7.053448164921727326e-02,-8.474558552219158129e-11,-6.663661608196634388e-14,4.878416343786461107e-03,1.269019284102173781e-02,3.829424821311768471e-12,-7.811776496955674838e-03,4.459708960299162786e-12
1.727328071137168353e+00,-3.805063769847921717e-01,-1.722222436581948360e-02,-4.050174095248011974e-01,1.113152488308100445e-09,-1.183001142896294988e+00,3.805063763738654736e-01,-1.202537333968520524e-14,6.683719627868363496e-03,-6.383834560462942065e-02,3.199103370178010860e-11,7.052206523248724657e-02,-8.473845128120841197e-11,-6.481380007650121982e-14,4.866102116396956931e-03,1.276777845507088768e-02,3.786306344249623915e-12,-7.901676338392031249e-03,4.568954606946149900e-12
1.728908426188529246e+00,-3.805063769847922273e-01,-1.721165564428463537e-02,-4.051182808005608371e-01,1.113203050210033547e-09,-1.182889702899000639e+00,3.805063763737315807e-01,-1.212636276975139639e-14,6.691400037278509398e-03,-6.381810670151095988e-02,3.199698329766039671e-11,7.050950673877935670e-02,-8.473114435698336657e-11,-6.299244844622570225e-14,4.853743511133969991e-03,1.284532388023946689e-02,3.743125259545445468e-12,-7.991580368821304958e-03,4.678246236583184626e-12
1.730488781239889695e+00,-3.805063769847922273e-01,-1.720107480042739473e-02,-4.052191199948487754e-01,1.113253621460491237e-09,-1.182778282860855512e+00,3.805063763735976878e-01,-1.222447499773101941e-14,6.699060880660165189e-03,-6.379774528081846863e-02,3.200286460261788310e-11,7.049680616146900003e-02,-8.472366467683258873e-11,-6.117259618657862268e-14,4.841340561679884427e-03,1.292282915607788005e-02,3.699881557610333326e-12,-8.081488594111519916e-03,4.787583867536602069e-12
1.732069136291250588e+00,-3.805063769847922273e-01,-1.719048186522438570e-02,-4.053199269140937977e-01,1.113304201951472059e-09,-1.182666883006407321e+00,3.805063763734637949e-01,-1.231971242078981812e-14,6.706702087960523563e-03,-6.377726140597074489e-02,3.200867751768772285e-11,7.048396349392208049e-02,-8.471601216804330953e-11,-5.935427825518978226e-14,4.828893301933246535e-03,1.300029432232462784e-02,3.656575229208851493e-12,-8.171401020102622703e-03,4.896967517863551438e-12
1.733649491342611038e+00,-3.805063769847922828e-01,-1.717987686976290770e-02,-4.054207013648248870e-01,1.113354791574817183e-09,-1.182555503560214660e+00,3.805063763733299020e-01,-1.241207749130872260e-14,6.714323589180517214e-03,-6.375665514032366477e-02,3.201442194389082803e-11,7.047097872949543984e-02,-8.470818675787449377e-11,-5.753752957139468246e-14,4.816401766008646806e-03,1.307771941890602599e-02,3.613206265459653820e-12,-8.261317652606344625e-03,5.006397205351370002e-12
1.735229846393971709e+00,-3.805063769847922828e-01,-1.716925984524084181e-02,-4.055214431536712238e-01,1.113405390222211859e-09,-1.182444144746846559e+00,3.805063763731960091e-01,-1.250157271682309742e-14,6.721925314375165779e-03,-6.373592654716983552e-02,3.202009778223432653e-11,7.045785186153673274e-02,-8.470018837355722764e-11,-5.572238501574179622e-14,4.803865988236514367e-03,1.315510448593598149e-02,3.569774657835961413e-12,-8.351238497406158340e-03,5.115872947517121847e-12
1.736810201445332158e+00,-3.805063769847923383e-01,-1.715863082296655712e-02,-4.056221520873617981e-01,1.113455997785184377e-09,-1.182332806790881596e+00,3.805063763730621718e-01,-1.258820065996091865e-14,6.729507193653905435e-03,-6.371507568973833191e-02,3.202570493371211780e-11,7.044458288338444063e-02,-8.469201694229504190e-11,-5.390887942950479313e-14,4.791286003162961715e-03,1.323244956371556064e-02,3.526280398166176553e-12,-8.441163560257026327e-03,5.225394761606869237e-12
1.738390556496693051e+00,-3.805063769847923383e-01,-1.714798983435884133e-02,-4.057228279727257414e-01,1.113506614155107311e-09,-1.182221489916910118e+00,3.805063763729283344e-01,-1.267196393838046955e-14,6.737069157180952325e-03,-6.369410263119446025e-02,3.203124329930554494e-11,7.043117178836806602e-02,-8.468367239126453223e-11,-5.209704761419170393e-14,4.778661845549612985e-03,1.330975469273296477e-02,3.482723478634336680e-12,-8.531092846885513642e-03,5.334962664595389897e-12
1.739970911548053500e+00,-3.805063769847923938e-01,-1.713733691094680364e-02,-4.058234706166915506e-01,1.113557239223195863e-09,-1.182110194349532462e+00,3.805063763727944970e-01,-1.275286522470692098e-14,6.744611135175613940e-03,-6.367300743463927271e-02,3.203671277998382125e-11,7.041761856980803536e-02,-8.467515464761566944e-11,-5.028692433105905788e-14,4.765993550373440885e-03,1.338701991366295085e-02,3.439103891780759008e-12,-8.621026362989420155e-03,5.444576673185302162e-12
1.741551266599414394e+00,-3.805063769847923938e-01,-1.712667208436977062e-02,-4.059240798262877536e-01,1.113607872880509108e-09,-1.181998920313358958e+00,3.805063763726607151e-01,-1.283090724646855507e-14,6.752133057912650810e-03,-6.365179016310945626e-02,3.204211327670465056e-11,7.040392322101572675e-02,-8.466646363847213551e-11,-4.847854430061849129e-14,4.753281152826558525e-03,1.346424526736680546e-02,3.395421630502467044e-12,-8.710964114237905453e-03,5.554236803806822645e-12
1.743131621650774843e+00,-3.805063769847923938e-01,-1.711599538637724807e-02,-4.060246554086422988e-01,1.113658515017950192e-09,-1.181887668033011929e+00,3.805063763725269332e-01,-1.290609278603178208e-14,6.759634855722608700e-03,-6.363045087957702739e-02,3.204744469041483472e-11,7.039008573529373369e-02,-8.465759929093206027e-11,-4.667194220215490496e-14,4.740524688316111873e-03,1.354143079489192845e-02,3.351676688053841665e-12,-8.800906106271232099e-03,5.663943072616985910e-12
1.744711976702135514e+00,-3.805063769847924493e-01,-1.710530684882877184e-02,-4.061251971709824993e-01,1.113709165526264482e-09,-1.181776437733123020e+00,3.805063763723931514e-01,-1.297842468053573430e-14,6.767116458992156885e-03,-6.360898964694887414e-02,3.205270692205076476e-11,7.037610610593560134e-02,-8.464856153206804731e-11,-4.486715267323388053e-14,4.727724192464046425e-03,1.361857653747158489e-02,3.307869058047071873e-12,-8.890852344700713589e-03,5.773695495499212294e-12
1.746292331753495963e+00,-3.805063769847924493e-01,-1.709460650369384535e-02,-4.062257049206354220e-01,1.113759824296042037e-09,-1.181665229638335424e+00,3.805063763722593695e-01,-1.304790582182594499e-14,6.774577798164432493e-03,-6.358740652806664506e-02,3.205789987253903476e-11,7.036198432622614574e-02,-8.463935028892789770e-11,-4.306421030921598827e-14,4.714879701106971036e-03,1.369568253652462750e-02,3.263998734452746095e-12,-8.980802835108599863e-03,5.883494088062709344e-12
1.747872686804856857e+00,-3.805063769847924493e-01,-1.708389438305187372e-02,-4.063261784650268882e-01,1.113810491217715135e-09,-1.181554043973302104e+00,3.805063763721255876e-01,-1.311453915638718317e-14,6.782018803739377037e-03,-6.356570158570638840e-02,3.206302344279698474e-11,7.034772038944132888e-02,-8.462996548853501069e-11,-4.126314966277152399e-14,4.701991250295988779e-03,1.377274883365528502e-02,3.220065711600359476e-12,-9.070757583048007916e-03,5.993338865641996823e-12
1.749453041856217306e+00,-3.805063769847925048e-01,-1.707317051909204228e-02,-4.064266176116821949e-01,1.113861166181560749e-09,-1.181442880962686903e+00,3.805063763719918613e-01,-1.317832768527563365e-14,6.789439406274066016e-03,-6.354387488257823291e-02,3.206807753373328223e-11,7.033331428884835590e-02,-8.462040705788870681e-11,-3.946400524339355474e-14,4.689058876296512204e-03,1.384977547065270945e-02,3.176069984178900344e-12,-9.160716594042687608e-03,6.103229843296191012e-12
1.751033396907578199e+00,-3.805063769847925048e-01,-1.706243494411321601e-02,-4.065270221682255603e-01,1.113911849077698273e-09,-1.181331740831164767e+00,3.805063763718581349e-01,-1.323927446405037974e-14,6.796839536383075808e-03,-6.352192648132613806e-02,3.207306204624848452e-11,7.031876601770575830e-02,-8.461067492396477075e-11,-3.766681151690958230e-14,4.676082615588101135e-03,1.392676248949096564e-02,3.132011547237307415e-12,-9.250679873587137891e-03,6.213167035808715517e-12
1.752613751958938648e+00,-3.805063769847925048e-01,-1.705168769052390482e-02,-4.066273919423802896e-01,1.113962539796090353e-09,-1.181220623803420633e+00,3.805063763717244640e-01,-1.329738260270383679e-14,6.804219124738782043e-03,-6.349985644452754707e-02,3.207797688123561382e-11,7.030407556926336621e-02,-8.460076901371580024e-11,-3.587160290500012980e-14,4.663062504864298741e-03,1.400370993232846230e-02,3.087890396185100682e-12,-9.340647427146223439e-03,6.323150457686452279e-12
1.754194107010299319e+00,-3.805063769847925048e-01,-1.704092879084210393e-02,-4.067277267419682762e-01,1.114013238226544124e-09,-1.181109530104150762e+00,3.805063763715907377e-01,-1.335265526559173914e-14,6.811578102071727363e-03,-6.347766483469317877e-02,3.208282193958070651e-11,7.028924293676244717e-02,-8.459068925407168436e-11,-3.407841378471067029e-14,4.649998581032445052e-03,1.408061784150791036e-02,3.043706526792837819e-12,-9.430619260155320357e-03,6.433180123159458847e-12
1.755774462061659769e+00,-3.805063769847926158e-01,-1.703015827769525231e-02,-4.068280263749104453e-01,1.114063944258709142e-09,-1.180998459958061630e+00,3.805063763714570668e-01,-1.340509567136216165e-14,6.818916399170953622e-03,-6.345535171426669452e-02,3.208759712216344649e-11,7.027426811343569224e-02,-8.458043557194012047e-11,-3.228727848796862302e-14,4.636890881213530380e-03,1.415748625955592054e-02,2.999459935192708715e-12,-9.520595378020043839e-03,6.543256046180244592e-12
1.757354817113020662e+00,-3.805063769847926158e-01,-1.701937618382009729e-02,-4.069282906492262541e-01,1.114114657782078627e-09,-1.180887413589870816e+00,3.805063763713234515e-01,-1.345470709288384690e-14,6.826233946884326283e-03,-6.343291714562430961e-02,3.209230232985761755e-11,7.025915109250721602e-02,-8.457000789420685980e-11,-3.049823130109750977e-14,4.623739442741997552e-03,1.423431522918275349e-02,2.955150617879024191e-12,-9.610575786116218669e-03,6.653378240423324808e-12
1.758935172164381111e+00,-3.805063769847926158e-01,-1.700858254206265643e-02,-4.070285193730334150e-01,1.114165378685988840e-09,-1.180776391224306332e+00,3.805063763711897806e-01,-1.350149285717372308e-14,6.833530676118886558e-03,-6.341036119107472391e-02,3.209693746353180775e-11,7.024389186719270928e-02,-8.455940614773634075e-11,-2.871130646433659536e-14,4.610544303165610078e-03,1.431110479328204926e-02,2.910778571708805689e-12,-9.700560489789712693e-03,6.763546719284586592e-12
1.760515527215742004e+00,-3.805063769847926713e-01,-1.699777738537806490e-02,-4.071287123545486164e-01,1.114216106859619915e-09,-1.180665393086106407e+00,3.805063763710561653e-01,-1.354545634532377976e-14,6.840806517841187956e-03,-6.338768391285865000e-02,3.210150242404991347e-11,7.022849043069943897e-02,-8.454863025937203785e-11,-2.692653817135230505e-14,4.597305500245240512e-03,1.438785499493060172e-02,2.866343793902247329e-12,-9.790549494356452429e-03,6.873761495880883335e-12
1.762095882267102454e+00,-3.805063769847926713e-01,-1.698696074683052337e-02,-4.072288694020861355e-01,1.114266842191994611e-09,-1.180554419400021260e+00,3.805063763709224944e-01,-1.358660099242693546e-14,6.848061403077611124e-03,-6.336488537314850789e-02,3.210599711227168872e-11,7.021294677622624825e-02,-8.453768015593686246e-11,-2.514396056876225746e-14,4.584023071954739480e-03,1.446456587738793528e-02,2.821846282043340334e-12,-9.880542805102110818e-03,6.984022583049271351e-12
1.763676237318463125e+00,-3.805063769847926158e-01,-1.697613265959316969e-02,-4.073289903240591703e-01,1.114317584571979766e-09,-1.180443470390810878e+00,3.805063763707889346e-01,-1.362493028750249502e-14,6.855295262914742026e-03,-6.334196563404836944e-02,3.211042142905344312e-11,7.019726089696376459e-02,-8.452655576423380897e-11,-2.336360775564565645e-14,4.570697056480746596e-03,1.454123748409627201e-02,2.777286034080306815e-12,-9.970540427282270288e-03,7.094329993346753813e-12
1.765256592369823574e+00,-3.805063769847926713e-01,-1.696529315694802684e-02,-4.074290749289785629e-01,1.114368333888285258e-09,-1.180332546283246353e+00,3.805063763706553193e-01,-1.366044777342043003e-14,6.862508028499659032e-03,-6.331892475759338945e-02,3.211477527524843601e-11,7.018143278609421942e-02,-8.451525701104608405e-11,-2.158551378306870293e-14,4.557327492222527400e-03,1.461786985867996949e-02,2.732663048326237122e-12,-1.006054236612202030e-02,7.204683739049415603e-12
1.766836947421184467e+00,-3.805063769847926713e-01,-1.695444227228586065e-02,-4.075291230254532993e-01,1.114419090029464012e-09,-1.180221647302109433e+00,3.805063763705218149e-01,-1.369315704682531524e-14,6.869699631040307626e-03,-6.329576280574959746e-02,3.211905855170758738e-11,7.016546243679161465e-02,-8.450378382313775291e-11,-1.980971265359583559e-14,4.543914417791793808e-03,1.469446304494548966e-02,2.687977323459516356e-12,-1.015054862681611866e-02,7.315083832152176932e-12
1.768417302472544916e+00,-3.805063769847927269e-01,-1.694358003910612087e-02,-4.076291344221901203e-01,1.114469852883912197e-09,-1.180110773672193192e+00,3.805063763703882551e-01,-1.372306175805916380e-14,6.876870001805816986e-03,-6.327247984041381446e-02,3.212327115928004656e-11,7.014934984222187531e-02,-8.449213612725425627e-11,-1.803623832081585267e-14,4.530457872012566209e-03,1.477101708688099632e-02,2.643228858524461718e-12,-1.024055921452869666e-02,7.425530284368017057e-12
1.769997657523905588e+00,-3.805063769847927824e-01,-1.693270649101680930e-02,-4.077291089279935221e-01,1.114520622339869854e-09,-1.179999925618300249e+00,3.805063763702547508e-01,-1.375016561108370235e-14,6.884019072126835656e-03,-6.324907592341302842e-02,3.212741299881369622e-11,7.013309499554264137e-02,-8.448031385012260421e-11,-1.626512468885612828e-14,4.516957893920967894e-03,1.484753202865609495e-02,2.598417652931759529e-12,-1.033057413439325035e-02,7.536023107127594614e-12
1.771578012575266037e+00,-3.805063769847927824e-01,-1.692182166173442082e-02,-4.078290463517659781e-01,1.114571398285420068e-09,-1.179889103365245440e+00,3.805063763701212465e-01,-1.377447236340183203e-14,6.891146773395877626e-03,-6.322555111650438042e-02,3.213148397115579866e-11,7.011669788990358698e-02,-8.446831691845204830e-11,-1.449640561190532314e-14,4.503414522765083680e-03,1.492400791462158982e-02,2.553543706459074303e-12,-1.042059339151248792e-02,7.646562311578586841e-12
1.773158367626626930e+00,-3.805063769847927824e-01,-1.691092558508380458e-02,-4.079289465025071615e-01,1.114622180608488964e-09,-1.179778307137853588e+00,3.805063763699877977e-01,-1.379598582597831643e-14,6.898253037067650188e-03,-6.320190548137473441e-02,3.213548397715354511e-11,7.010015851844625390e-02,-8.445614525893439177e-11,-1.273011489373215892e-14,4.489827798004776029e-03,1.500044478930922555e-02,2.508607019251502729e-12,-1.051061699095830020e-02,7.757147908585280840e-12
1.774738722677987379e+00,-3.805063769847927824e-01,-1.690001829499811550e-02,-4.080288091893141678e-01,1.114672969196846331e-09,-1.179667537160961066e+00,3.805063763698543489e-01,-1.381470986315968536e-14,6.905337794659374868e-03,-6.317813907964048292e-02,3.213941291765467609e-11,7.008347687430428741e-02,-8.444379879824454526e-11,-1.096628628721096574e-14,4.476197759311543664e-03,1.507684269743130717e-02,2.463607591822206979e-12,-1.060064493777149175e-02,7.867779908727827170e-12
1.776319077729348272e+00,-3.805063769847928379e-01,-1.688909982551864766e-02,-4.081286342213817364e-01,1.114723763938104794e-09,-1.179556793659414016e+00,3.805063763697209001e-01,-1.383064839259351386e-14,6.912400977751158651e-03,-6.315425197284718628e-02,3.214327069350801131e-11,7.006665295060329757e-02,-8.443127746304096626e-11,-9.204953493834753025e-15,4.462524446568310807e-03,1.515320168388062730e-02,2.418545425052815374e-12,-1.069067723696191796e-02,7.978458322302003975e-12
1.777899432780708722e+00,-3.805063769847928934e-01,-1.687817021079480659e-02,-4.082284214080013629e-01,1.114774564719721053e-09,-1.179446076858070569e+00,3.805063763695875068e-01,-1.384380538514674673e-14,6.919442517986281946e-03,-6.313024422246929501e-02,3.214705720556403781e-11,7.004968674046109511e-02,-8.441858117996595641e-11,-7.446150163246902265e-15,4.448807899869312681e-03,1.522952179372994395e-02,2.373420520194079933e-12,-1.078071389350811725e-02,8.089183159318310639e-12
1.779479787832069393e+00,-3.805063769847928934e-01,-1.686722948508396006e-02,-4.083281705585620203e-01,1.114825371428994232e-09,-1.179335386981798850e+00,3.805063763694540580e-01,-1.385418486482345031e-14,6.926462347071568951e-03,-6.310611588990991394e-02,3.215077235467555610e-11,7.003257823698755269e-02,-8.440570987564623016e-11,-5.689909892755272841e-15,4.435048159519871733e-03,1.530580307223192160e-02,2.328232878866289146e-12,-1.087075491235742902e-02,8.199954429501767453e-12
1.781060142883429842e+00,-3.805063769847929489e-01,-1.685627768275135482e-02,-4.084278814825495485e-01,1.114876183953067530e-09,-1.179224724255478751e+00,3.805063763693206647e-01,-1.386179090868168860e-14,6.933460396777704239e-03,-6.308186703650046911e-02,3.215441604169817785e-11,7.001532743328482689e-02,-8.439266347669350930e-11,-3.936266226861307299e-15,4.421245266036285745e-03,1.538204556481873736e-02,2.282982503059897254e-12,-1.096080029842573175e-02,8.310772142291153054e-12
1.782640497934790735e+00,-3.805063769847929489e-01,-1.684531483827000908e-02,-4.085275539895464880e-01,1.114927002178926982e-09,-1.179114088904000379e+00,3.805063763691873269e-01,-1.386662764674970680e-14,6.940436598939564959e-03,-6.305749772350047189e-02,3.215798816749095915e-11,6.999793432244726110e-02,-8.437944190970461347e-11,-2.185252656780046563e-15,4.407399260145619668e-03,1.545824931710185722e-02,2.237669395135978224e-12,-1.105085005659742214e-02,8.421636306838550454e-12
1.784220852986151185e+00,-3.805063769847929489e-01,-1.683434098622062572e-02,-4.086271878892324128e-01,1.114977825993402287e-09,-1.179003481152265165e+00,3.805063763690539336e-01,-1.386869926194134178e-14,6.947390885456563442e-03,-6.303300801209721360e-02,3.216148863291702736e-11,6.998039889756156595e-02,-8.436604510126227435e-11,-4.369026199657527686e-16,4.393510182785567708e-03,1.553441437487174288e-02,2.192293557826787976e-12,-1.114090419172527116e-02,8.532546932008799346e-12
1.785801208037512078e+00,-3.805063769847930044e-01,-1.682335616129146394e-02,-4.087267829913833750e-01,1.115028655283165772e-09,-1.178892901225184975e+00,3.805063763689205958e-01,-1.386800998997069096e-14,6.954323188292972462e-03,-6.300839796340544641e-02,3.216491733884404643e-11,6.996272115170676376e-02,-8.435247297793536838e-11,1.308750500365636167e-15,4.379578075104256438e-03,1.561054078409762624e-02,2.146854994236266020e-12,-1.123096270863038412e-02,8.643504026379019513e-12
1.787381563088872527e+00,-3.805063769847930044e-01,-1.681236039827827683e-02,-4.088263391058719054e-01,1.115079489934734253e-09,-1.178782349347683445e+00,3.805063763687873690e-01,-1.386456411926601765e-14,6.961233439478253966e-03,-6.298366763846714733e-02,3.216827418614493417e-11,6.994490107795431344e-02,-8.433872546627952417e-11,3.051673375706226867e-15,4.365602978460123365e-03,1.568662859092712428e-02,2.101353707840623532e-12,-1.132102561210193703e-02,8.754507598237885426e-12
1.788961918140233198e+00,-3.805063769847930044e-01,-1.680135373208415869e-02,-4.089258560426670686e-01,1.115130329834466763e-09,-1.178671825744693979e+00,3.805063763686540868e-01,-1.385836599088290529e-14,6.968121571107414695e-03,-6.295881709825121297e-02,3.217155907569839869e-11,6.992693866936812441e-02,-8.432480249283741980e-11,4.791832732739432998e-15,4.351584934421700093e-03,1.576267784168616792e-02,2.055789702488752098e-12,-1.141109290689733789e-02,8.865557655585391983e-12
1.790542273191593647e+00,-3.805063769847930044e-01,-1.679033619771947913e-02,-4.090253336118342409e-01,1.115181174868566617e-09,-1.178561330641161975e+00,3.805063763685208045e-01,-1.384941999841668608e-14,6.974987515341294145e-03,-6.293384640365325133e-02,3.217477190838948117e-11,6.990883391900462596e-02,-8.431070398413932560e-11,6.529195353803476015e-15,4.337523984767490889e-03,1.583868858287849554e-02,2.010162982402886103e-12,-1.150116459774181213e-02,8.976654206131978865e-12
1.792122628242954541e+00,-3.805063769847930599e-01,-1.677930783030175468e-02,-4.091247716235347220e-01,1.115232024923079553e-09,-1.178450864262043929e+00,3.805063763683876332e-01,-1.383773058791409165e-14,6.981831204406941868e-03,-6.290875561549512385e-02,3.217791258511022153e-11,6.989058681991273947e-02,-8.429642986670360831e-11,8.263728077373296937e-15,4.323420171485773192e-03,1.591466086118557485e-02,1.964473552179009049e-12,-1.159124068932855522e-02,9.087797257298299502e-12
1.793702983294314990e+00,-3.805063769847930599e-01,-1.676826866505557248e-02,-4.092241698880261791e-01,1.115282879883896006e-09,-1.178340426832306109e+00,3.805063763682544065e-01,-1.382330225778417649e-14,6.988652570597927126e-03,-6.288354479452491763e-02,3.218098100676024002e-11,6.987219736513410051e-02,-8.428198006703713164e-11,9.995397798529017651e-15,4.309273536774458832e-03,1.599059472346622823e-02,1.918721416787460216e-12,-1.168132118631847599e-02,9.198986816214476292e-12
1.795283338345675883e+00,-3.805063769847931154e-01,-1.675721873731244455e-02,-4.093235282156622579e-01,1.115333739636748212e-09,-1.178230018576926996e+00,3.805063763681212352e-01,-1.380613955870845565e-14,6.995451546274665013e-03,-6.285821400141637649e-02,3.218397707424724129e-11,6.985366554770287839e-02,-8.426735451163561825e-11,1.172417146942961520e-14,4.295084123040903215e-03,1.606649021675640027e-02,1.872906581573387825e-12,-1.177140609334015840e-02,9.310222889719677313e-12
1.796863693397036332e+00,-3.805063769847931709e-01,-1.674615808251074880e-02,-4.094228464168919168e-01,1.115384604067213103e-09,-1.178119639720895728e+00,3.805063763679880640e-01,-1.378624709355040504e-14,7.002228063864756463e-03,-6.283276329676887317e-02,3.218690068848773816e-11,6.983499136064606760e-02,-8.425255312698434761e-11,1.345001609978224668e-14,4.280851972901774348e-03,1.614234738826885937e-02,1.827029052257358118e-12,-1.186149541498971588e-02,9.421505484361515328e-12
1.798444048448397004e+00,-3.805063769847931709e-01,-1.673508673619557643e-02,-4.095221243022604818e-01,1.115435473060710242e-09,-1.178009290489211658e+00,3.805063763678548927e-01,-1.376362951726404348e-14,7.008982055863328259e-03,-6.280719274110702077e-02,3.218975175040757511e-11,6.981617479698339068e-02,-8.423757583955842747e-11,1.517289875731876465e-14,4.266577129182847275e-03,1.621816628539302085e-02,1.781088834935760874e-12,-1.195158915583077568e-02,9.532834606395629344e-12
1.800024403499757453e+00,-3.805063769847931709e-01,-1.672400473401865900e-02,-4.096213616824083692e-01,1.115486346502503060e-09,-1.177898971106887016e+00,3.805063763677217770e-01,-1.373829153680193418e-14,7.015713454833332266e-03,-6.278150239488035356e-02,3.219253016094247105e-11,6.979721584972731208e-02,-8.422242257582327208e-11,1.689278656825987021e-14,4.252259634918874841e-03,1.629394695569449589e-02,1.735085936081464523e-12,-1.204168732039420132e-02,9.644210261784949525e-12
1.801604758551118346e+00,-3.805063769847931709e-01,-1.671291211173824356e-02,-4.097205583680719743e-01,1.115537224277698239e-09,-1.177788681798943138e+00,3.805063763675887167e-01,-1.371023791102233897e-14,7.022422193405918403e-03,-6.275569231846311880e-02,3.219523582103873672e-11,6.977811451188328795e-02,-8.420709326223515788e-11,1.860964671779118589e-14,4.237899533353397738e-03,1.636968944691507416e-02,1.689020362544190967e-12,-1.213178991317824529e-02,9.755632456199459696e-12
1.803185113602478795e+00,-3.805063769847932265e-01,-1.670180890521899900e-02,-4.098197141700823387e-01,1.115588106271246121e-09,-1.177678422790413126e+00,3.805063763674556565e-01,-1.367947345059569882e-14,7.029108204280720001e-03,-6.272976257215399920e-02,3.219786863165377867e-11,6.975887077644957190e-02,-8.419158782524161134e-11,2.032344645052677132e-14,4.223496867938604862e-03,1.644539380697219305e-02,1.642892121551186046e-12,-1.222189693864814825e-02,9.867101195015326545e-12
1.804765468653839466e+00,-3.805063769847932265e-01,-1.669069515043188415e-02,-4.099188288993664275e-01,1.115638992367940093e-09,-1.177568194306342075e+00,3.805063763673226518e-01,-1.364600301791030028e-14,7.035771420226218965e-03,-6.270371321617576599e-02,3.220042849375671972e-11,6.973948463641743700e-02,-8.417590619128191293e-11,2.203415307098375091e-14,4.209051682335143360e-03,1.652106008395888559e-02,1.596701220707604859e-12,-1.231200840123630388e-02,9.978616483314684747e-12
1.806345823705200138e+00,-3.805063769847932265e-01,-1.667957088345406111e-02,-4.100179023669459633e-01,1.115689882452417826e-09,-1.177457996571784848e+00,3.805063763671895916e-01,-1.360983152697730928e-14,7.042411774080060624e-03,-6.267754431067515397e-02,3.220291530832903222e-11,6.971995608477128681e-02,-8.416004828678754956e-11,2.374173394404612933e-14,4.194564020411985922e-03,1.659668832614339534e-02,1.550447667997131336e-12,-1.240212430534198135e-02,1.009017832588486795e-11
1.807926178756560809e+00,-3.805063769847932820e-01,-1.666843614046877725e-02,-4.101169343839377035e-01,1.115740776409159616e-09,-1.177347829811807634e+00,3.805063763670566424e-01,-1.357096394333485822e-14,7.049029198749373788e-03,-6.265125591572227870e-02,3.220532897636504215e-11,6.970028511448835007e-02,-8.414401403818257642e-11,2.544615649543679539e-14,4.180033926246220014e-03,1.667227858196891274e-02,1.504131471782416068e-12,-1.249224465533128013e-02,1.020178672721804040e-11
1.809506533807921258e+00,-3.805063769847933375e-01,-1.665729095776525420e-02,-4.102159247615533855e-01,1.115791674122490252e-09,-1.177237694251488609e+00,3.805063763669236376e-01,-1.352940528395170714e-14,7.055623627211119429e-03,-6.262484809131073360e-02,3.220766939887265287e-11,6.968047171853918031e-02,-8.412780337188432787e-11,2.714738821218102830e-14,4.165461444122938589e-03,1.674783090005335998e-02,1.457752640805661954e-12,-1.258236945553703294e-02,1.031344169151057176e-11
1.811086888859282151e+00,-3.805063769847933375e-01,-1.664613537173858029e-02,-4.103148733110992263e-01,1.115842575476577152e-09,-1.177127590115915945e+00,3.805063763667906884e-01,-1.348516061712989830e-14,7.062194992512405532e-03,-6.259832089735713201e-02,3.220993647687385566e-11,6.966051588988748933e-02,-8.411141621430368884e-11,2.884539664307444369e-14,4.150846618535045801e-03,1.682334532918913772e-02,1.411311184189084643e-12,-1.267249871025873456e-02,1.042514322266260568e-11
1.812667243910642600e+00,-3.805063769847933375e-01,-1.663496941888959607e-02,-4.104137798439764229e-01,1.115893480355431602e-09,-1.177017517630189580e+00,3.805063763666577947e-01,-1.343823506240677017e-14,7.068743227770809753e-03,-6.257167439370076023e-02,3.221213011140535010e-11,6.964041762149013326e-02,-8.409485249184552135e-11,3.054014939914937443e-14,4.136189494183097407e-03,1.689882191834272268e-02,1.364807111435485262e-12,-1.276263242376230074e-02,1.053689132427735545e-11
1.814247598962003272e+00,-3.805063769847933375e-01,-1.662379313582477286e-02,-4.105126441716805408e-01,1.115944388642909174e-09,-1.176907477019420778e+00,3.805063763665249010e-01,-1.338863379045619836e-14,7.075268266174737641e-03,-6.254490864010339712e-02,3.221425020351919034e-11,6.962017690629732081e-02,-8.407811213090937537e-11,3.223161415414237172e-14,4.121490115975134233e-03,1.697426071665462249e-02,1.318240432428679353e-12,-1.285277060028020869e-02,1.064868599966086973e-11
1.815827954013363721e+00,-3.805063769847933375e-01,-1.661260655925615032e-02,-4.106114661058013482e-01,1.115995300222708478e-09,-1.176797468508731237e+00,3.805063763663920628e-01,-1.333636202298930169e-14,7.081770040983702795e-03,-6.251802369624907818e-02,3.221629665428331493e-11,6.959979373725262708e-02,-8.406119505788973439e-11,3.391975864495253328e-14,4.106748529026548605e-03,1.704966177343888306e-02,1.271611157434135029e-12,-1.294291324401111200e-02,1.076052725182117304e-11
1.817408309064724614e+00,-3.805063769847934485e-01,-1.660140972600112827e-02,-4.107102454580230932e-01,1.116046214978371585e-09,-1.176687492323254203e+00,3.805063763662591692e-01,-1.328142503265398550e-14,7.088248485528702431e-03,-6.249101962174370695e-02,3.221826936478219316e-11,6.957926810729288258e-02,-8.404410119917654533e-11,3.560455067211489563e-14,4.091964778659869240e-03,1.712502513818300529e-02,1.224919297099347793e-12,-1.303306035911996896e-02,1.087241508346802667e-11
1.818988664116085063e+00,-3.805063769847934485e-01,-1.659020267298245629e-02,-4.108089820401242820e-01,1.116097132793284433e-09,-1.176577548688134467e+00,3.805063763661263865e-01,-1.322382814293426881e-14,7.094703533212517489e-03,-6.246389647611490237e-02,3.222016823611745830e-11,6.955860000934852017e-02,-8.402683048115578724e-11,3.728595810025645245e-14,4.077138910404657160e-03,1.720035086054756690e-02,1.178164862454475461e-12,-1.312321194973781018e-02,1.098434949701220652e-11
1.820569019167445957e+00,-3.805063769847934485e-01,-1.657898543722804985e-02,-4.109076756639770123e-01,1.116148053550677449e-09,-1.176467637828527257e+00,3.805063763659936038e-01,-1.316357672804847863e-14,7.101135117510037030e-03,-6.243665431881163103e-02,3.222199316940842458e-11,6.953778943634340848e-02,-8.400938283020976853e-11,3.896394885856256706e-14,4.062270969997302736e-03,1.727563899036601777e-02,1.131347864912774370e-12,-1.321336801996168819e-02,1.109633049456508948e-11
1.822149374218806406e+00,-3.805063769847935040e-01,-1.656775805587092087e-02,-4.110063261415475289e-01,1.116198977133623485e-09,-1.176357759969599570e+00,3.805063763658608766e-01,-1.310067621284690159e-14,7.107543171968598236e-03,-6.240929320920394346e-02,3.222374406579279165e-11,6.951683638119493525e-02,-8.399175817271776033e-11,4.063849094123917548e-14,4.047361003380878230e-03,1.735088957764436071e-02,1.084468316271140604e-12,-1.330352857385454224e-02,1.120835807793808476e-11
1.823729729270166855e+00,-3.805063769847935040e-01,-1.655652056614902168e-02,-4.111049332848959459e-01,1.116249903425039881e-09,-1.176247915336529504e+00,3.805063763657282050e-01,-1.303513207270865932e-14,7.113927630208310808e-03,-6.238181320658277296e-02,3.222542082642716797e-11,6.949574083681413217e-02,-8.397395643505639713e-11,4.230955240797483169e-14,4.032409056704982543e-03,1.742610267256097106e-02,1.037526228710614860e-12,-1.339369361544513921e-02,1.132043224864213955e-11
1.825310084321527526e+00,-3.805063769847935040e-01,-1.654527300540516166e-02,-4.112034969061757472e-01,1.116300832307688054e-09,-1.176138104154505593e+00,3.805063763655954223e-01,-1.296694983343785330e-14,7.120288425922377887e-03,-6.235421437015962326e-02,3.222702335248775584e-11,6.947450279610570267e-02,-8.395597754360015497e-11,4.397710138440113109e-14,4.017415176325561665e-03,1.750127832546628098e-02,9.905216147968800525e-13,-1.348386314872796789e-02,1.143255300788723813e-11
1.826890439372887975e+00,-3.805063769847935040e-01,-1.653401541108687547e-02,-4.113020168176342861e-01,1.116351763664172877e-09,-1.176028326648728806e+00,3.805063763654628062e-01,-1.289613507115898719e-14,7.126625492877427387e-03,-6.232649675906624248e-02,3.222855154517089426e-11,6.945312225196800804e-02,-8.393782142472185557e-11,4.564110606255434556e-14,4.002379408804772505e-03,1.757641658688249495e-02,9.434544874808098028e-13,-1.357403717766307062e-02,1.154472035658178314e-11
1.828470794424248869e+00,-3.805063769847936150e-01,-1.652274782074632242e-02,-4.114004928316117859e-01,1.116402697376943301e-09,-1.175918583044410770e+00,3.805063763653301900e-01,-1.282269341221171225e-14,7.132938764913826848e-03,-6.229866043235441492e-02,3.223000530569369219e-11,6.943159919729324780e-02,-8.391948800479307984e-11,4.730153470133335404e-14,3.987301800910799873e-03,1.765151750750335383e-02,8.963248600989329218e-13,-1.366421570617601909e-02,1.165693429533217714e-11
1.830051149475609318e+00,-3.805063769847935595e-01,-1.651147027204014073e-02,-4.114989247605422840e-01,1.116453633328291729e-09,-1.175808873566773993e+00,3.805063763651975739e-01,-1.274663053304467820e-14,7.139228175946023443e-03,-6.227070544899566962e-02,3.223138453529464251e-11,6.940993362496736263e-02,-8.390097721018472370e-11,4.895835562696197185e-14,3.972182399617704696e-03,1.772658113819388509e-02,8.491327463739730155e-13,-1.375439873815776856e-02,1.176919482444226682e-11
1.831631504526970211e+00,-3.805063769847935595e-01,-1.650018280272936427e-02,-4.115973124169525210e-01,1.116504571400354852e-09,-1.175699198441052973e+00,3.805063763650649022e-01,-1.266795216010892186e-14,7.145493659962865764e-03,-6.224263186788109303e-02,3.223268913523426825e-11,6.938812552787028409e-02,-8.388228896726746336e-11,5.061153723344520260e-14,3.957021252105273959e-03,1.780160752999017729e-02,8.018781604153250836e-13,-1.384458627746461626e-02,1.188150194391285514e-11
1.833211859578330660e+00,-3.805063769847936150e-01,-1.648888545067929423e-02,-4.116956556134624412e-01,1.116555511475113435e-09,-1.175589557892492865e+00,3.805063763649323971e-01,-1.258666406975030122e-14,7.151735151027910006e-03,-6.221443974782087105e-02,3.223391900679562020e-11,6.936617489887578203e-02,-8.386342320241213010e-11,5.226104798302743382e-14,3.941818405758843770e-03,1.787659673409895678e-02,7.545611167196258211e-13,-1.393477832791796371e-02,1.199385565344105828e-11
1.834792214629691331e+00,-3.805063769847936705e-01,-1.647757825385935335e-02,-4.117939541627849698e-01,1.116606453434392112e-09,-1.175479952146350371e+00,3.805063763647998920e-01,-1.250277208810123374e-14,7.157952583279784259e-03,-6.218612914754421267e-02,3.223507405128503942e-11,6.934408173085164495e-02,-8.384437984199042118e-11,5.390685640665280356e-14,3.926573908169143229e-03,1.795154880189759120e-02,7.071816301711518614e-13,-1.402497489330444339e-02,1.210625595242005687e-11
1.836372569681051781e+00,-3.805063769847936150e-01,-1.646626125034299920e-02,-4.118922078777255691e-01,1.116657397159859802e-09,-1.175370381427893296e+00,3.805063763646674424e-01,-1.241628209097192663e-14,7.164145890932466926e-03,-6.215770012569892672e-02,3.223615417003264846e-11,6.932184601665973556e-02,-8.382515881237505489e-11,5.554893110441743861e-14,3.911287807132144377e-03,1.802646378493354129e-02,6.597397160424482389e-13,-1.411517597737554745e-02,1.221870283993823002e-11
1.837952924732412674e+00,-3.805063769847936705e-01,-1.645493447830760625e-02,-4.119904165711823496e-01,1.116708342533028466e-09,-1.175260845962401213e+00,3.805063763645349373e-01,-1.232720000374051377e-14,7.170315008275646683e-03,-6.212915274085126921e-02,3.223715926439302334e-11,6.929946774915592134e-02,-8.380576003994053315e-11,5.718724074603038903e-14,3.895960150648882653e-03,1.810134173492433315e-02,6.122353899947242082e-13,-1.420538158384775963e-02,1.233119631477896467e-11
1.839533279783773123e+00,-3.805063769847937261e-01,-1.644359797603432011e-02,-4.120885800561460144e-01,1.116759289435256002e-09,-1.175151345975164352e+00,3.805063763644024877e-01,-1.223553180124300963e-14,7.176459869675027789e-03,-6.210048705148567966e-02,3.223808923574583343e-11,6.927694692119037989e-02,-8.378618345106359383e-11,5.882175407126337989e-14,3.880590986925341532e-03,1.817618270375717660e-02,5.646686680784590895e-13,-1.429559171640231233e-02,1.244373637541991086e-11
1.841113634835134016e+00,-3.805063769847937261e-01,-1.643225178190794999e-02,-4.121866981456996371e-01,1.116810237747742937e-09,-1.175041881691484269e+00,3.805063763642701491e-01,-1.214128350766179745e-14,7.182580409572657081e-03,-6.207170311600430923e-02,3.223894398549635190e-11,6.925428352560732137e-02,-8.376642897212341758e-11,6.045243989041223806e-14,3.865180364372222677e-03,1.825098674348871186e-02,5.170395667337988947e-13,-1.438580637868514499e-02,1.255632302003259876e-11
1.842693989886494466e+00,-3.805063769847936705e-01,-1.642089593441687159e-02,-4.122847706530183287e-01,1.116861187351534702e-09,-1.174932453336674287e+00,3.805063763641377550e-01,-1.204446119641423420e-14,7.188676562487253570e-03,-6.204280099272707627e-02,3.223972341507621830e-11,6.923147755524536318e-02,-8.374649652950251963e-11,6.207926708474506621e-14,3.849728331604865272e-03,1.832575390634479801e-02,4.693481027911686354e-13,-1.447602557430677055e-02,1.266895624648183932e-11
1.844274344937855137e+00,-3.805063769847937816e-01,-1.640953047215285704e-02,-4.123827973913695710e-01,1.116912138127520390e-09,-1.174823061136058833e+00,3.805063763640054164e-01,-1.194507099003975669e-14,7.194748263014527634e-03,-6.201378073989112505e-02,3.224042742594392325e-11,6.920852900293739118e-02,-8.372638604958690486e-11,6.370220460696089283e-14,3.834234937443018344e-03,1.840048424472024921e-02,4.215942934716600637e-13,-1.456624930684226500e-02,1.278163605232534303e-11
1.845854699989215586e+00,-3.805063769847937816e-01,-1.639815543381099860e-02,-4.124807781741126056e-01,1.116963089956434414e-09,-1.174713705314974099e+00,3.805063763638731333e-01,-1.184311906008705713e-14,7.200795445827494132e-03,-6.198464241565072863e-02,3.224105591958550635e-11,6.918543786151064301e-02,-8.370609745876672699e-11,6.532122148163645780e-14,3.818700230910743610e-03,1.847517781117848784e-02,3.737781563876609431e-13,-1.465647757983097599e-02,1.289436243481298152e-11
1.847435055040576479e+00,-3.805063769847937816e-01,-1.638677085818953522e-02,-4.125787128146986560e-01,1.117014042718854639e-09,-1.174604386098766495e+00,3.805063763637407948e-01,-1.173861162699960044e-14,7.206818045676821084e-03,-6.195538607807687254e-02,3.224160879751513782e-11,6.916220412378681903e-02,-8.368563068343675385e-11,6.693628680568644019e-14,3.803124261236200815e-03,1.854983465845145424e-02,3.258997095432088624e-13,-1.474671039677669972e-02,1.300713539088660184e-11
1.849015410091936928e+00,-3.805063769847938371e-01,-1.637537678418981776e-02,-4.126766011266704282e-01,1.117064996295203422e-09,-1.174495103712794863e+00,3.805063763636086227e-01,-1.163155496000157234e-14,7.212815997391120240e-03,-6.192601178515721311e-02,3.224208596127577116e-11,6.913882778258215178e-02,-8.366498564999681975e-11,6.854736974880523295e-14,3.787507077851543641e-03,1.862445483943915917e-02,2.779589713346528186e-13,-1.483694776114727852e-02,1.311995491717913783e-11
1.850595765143297600e+00,-3.805063769847938371e-01,-1.636397325081607665e-02,-4.127744429236626100e-01,1.117115950565748232e-09,-1.174385858382428927e+00,3.805063763634763951e-01,-1.152195537698185527e-14,7.218789235877294021e-03,-6.189651959479549465e-02,3.224248731243971188e-11,6.911530883070728104e-02,-8.364416228485222617e-11,7.015443955392739786e-14,3.771848730392704171e-03,1.869903840720957972e-02,2.299559605509836044e-13,-1.492718967637476045e-02,1.323282101001445507e-11
1.852176120194658271e+00,-3.805063769847938371e-01,-1.635256029717537668e-02,-4.128722380194008723e-01,1.117166905410599992e-09,-1.174276650333049954e+00,3.805063763633442231e-01,-1.140981924437854073e-14,7.224737696120841698e-03,-6.186690956481161879e-02,3.224281275260930246e-11,6.909164726096767017e-02,-8.362316051441449133e-11,7.175746553766952864e-14,3.756149268699301817e-03,1.877358541499831585e-02,1.818906963744832742e-13,-1.501743614585514079e-02,1.334573366540658667e-11
1.853756475246018942e+00,-3.805063769847938926e-01,-1.634113796247745054e-02,-4.129699862277025346e-01,1.117217860709715149e-09,-1.174167479790050317e+00,3.805063763632121066e-01,-1.129515297706157832e-14,7.230661313186196801e-03,-6.183718175294112412e-02,3.224306218341748461e-11,6.906784306616323144e-02,-8.360198026510154414e-11,7.335641709078630092e-14,3.740408742814419103e-03,1.884809591620836486e-02,1.337631983811169239e-13,-1.510768717294831351e-02,1.345869287905935687e-11
1.855336830297379391e+00,-3.805063769847938926e-01,-1.632970628603461205e-02,-4.130676873624758438e-01,1.117268816342893608e-09,-1.174058346978834155e+00,3.805063763630800455e-01,-1.117796303821577191e-14,7.236560022217028085e-03,-6.180733621683509593e-02,3.224323550652846490e-11,6.904389623908872842e-02,-8.358062146333846083e-11,7.495126367861300421e-14,3.724627202984506259e-03,1.892256996440985772e-02,8.557348654109491557e-14,-1.519794276097797062e-02,1.357169864636582847e-11
1.856917185348740285e+00,-3.805063769847938926e-01,-1.631826530726158270e-02,-4.131653412377202517e-01,1.117319772189780795e-09,-1.173949252124816489e+00,3.805063763629479290e-01,-1.105825593922207654e-14,7.242433758436582145e-03,-6.177737301405977072e-02,3.224333262363832863e-11,6.901980677253366503e-02,-8.355908403555772351e-11,7.654197484151976175e-14,3.708804699659170017e-03,1.899700761333984050e-02,3.732158121930262318e-14,-1.528820291323154668e-02,1.368475096240785052e-11
1.858497540400100734e+00,-3.805063769847938926e-01,-1.630681506567541877e-02,-4.132629476675261926e-01,1.117370728129866421e-09,-1.173840195453424551e+00,3.805063763628158680e-01,-1.093603823953908320e-14,7.248282457147981785e-03,-6.174729220209632802e-02,3.224335343647560214e-11,6.899557465928234101e-02,-8.353736790819989221e-11,7.812852019535290134e-14,3.692941283491062154e-03,1.907140891690189272e-02,-1.099249682411230116e-14,-1.537846763295997593e-02,1.379784982195540557e-11
1.860077895451461405e+00,-3.805063769847939481e-01,-1.629535560089532750e-02,-4.133605064660745843e-01,1.117421684042485309e-09,-1.173731177190095787e+00,3.805063763626839179e-01,-1.081131654658307241e-14,7.254106053734579902e-03,-6.171709383834071000e-02,3.224329784680203465e-11,6.897119989211404623e-02,-8.351547300771413482e-11,7.971086943188667601e-14,3.677037005335693880e-03,1.914577392916612039e-02,-5.936872643335137860e-14,-1.546873692337785190e-02,1.391099521946637543e-11
1.861658250502821854e+00,-3.805063769847939481e-01,-1.628388695264258723e-02,-4.134580174476372716e-01,1.117472639806816562e-09,-1.173622197560280300e+00,3.805063763625519124e-01,-1.068409751560779036e-14,7.259904483660238779e-03,-6.168677798010315655e-02,3.224316575641301840e-11,6.894668246380285248e-02,-8.349339926055840800e-11,8.128899231926616209e-14,3.661091916251287513e-03,1.922010270436858015e-02,-1.078070860563820766e-13,-1.555901078766300238e-02,1.402418714908570755e-11
1.863238605554182747e+00,-3.805063769847939481e-01,-1.627240916074040519e-02,-4.135554804265764717e-01,1.117523595301884189e-09,-1.173513256789439074e+00,3.805063763624200179e-01,-1.055438784958350698e-14,7.265677682469679627e-03,-6.165634468460814976e-02,3.224295706713838347e-11,6.892202236711801600e-02,-8.347114659320037490e-11,8.286285870245217677e-14,3.645106067498631204e-03,1.929439529691132083e-02,-1.563075537445080628e-13,-1.564928922895669067e-02,1.413742560464520333e-11
1.864818960605543197e+00,-3.805063769847940036e-01,-1.626092226511377872e-02,-4.136528952173446627e-01,1.117574550406557308e-09,-1.173404355103044194e+00,3.805063763622880679e-01,-1.042219429907513382e-14,7.271425585788796574e-03,-6.162579400899406701e-02,3.224267168084294064e-11,6.889721959482376923e-02,-8.344871493211761187e-11,8.443243850366744519e-14,3.629079510540919769e-03,1.936865176136193592e-02,-2.048701071518247521e-13,-1.573957225036332758e-02,1.425071057966281378e-11
1.866399315656904090e+00,-3.805063769847940036e-01,-1.624942630578937036e-02,-4.137502616344849171e-01,1.117625504999550149e-09,-1.173295492726579292e+00,3.805063763621562845e-01,-1.028752366211966028e-14,7.277148129324968046e-03,-6.159512601031283396e-02,3.224230949942711470e-11,6.887227413967941803e-02,-8.342610420379809967e-11,8.599770172284030632e-14,3.613012297043569944e-03,1.944287215245339012e-02,-2.534947235347927915e-13,-1.582985985495043851e-02,1.436404206734226142e-11
1.867979670708264539e+00,-3.805063769847940036e-01,-1.623792132293035498e-02,-4.138475794926639306e-01,1.117676458959425359e-09,-1.173186669885541100e+00,3.805063763620244455e-01,-1.015093306771610933e-14,7.282845113456192822e-03,-6.156434087738309191e-02,3.224187044138906485e-11,6.884718599088165969e-02,-8.340331442363219274e-11,8.613753859713499060e-14,3.596554786263948117e-03,1.951671602066735317e-02,-3.021386106274890429e-13,-1.592016123395279675e-02,1.447719050352844060e-11
1.869560025759625210e+00,-3.805063769847940036e-01,-1.622640735764386763e-02,-4.139448486074592259e-01,1.117727412164694717e-09,-1.173077886805459658e+00,3.805063763618926620e-01,-1.001586346747639253e-14,7.288515629016785458e-03,-6.153343948991694956e-02,3.224135451205456114e-11,6.882195511897679086e-02,-8.338034607285811354e-11,8.479859328518589886e-14,3.579693908061864528e-03,1.959017064364475952e-02,-3.508001399785862808e-13,-1.601047673515139380e-02,1.459014726667281158e-11
1.871140380810985659e+00,-3.805063769847940591e-01,-1.621488445200086961e-02,-4.140420687953776935e-01,1.117778364493819952e-09,-1.172969143711897866e+00,3.805063763617608785e-01,-9.882908132907624381e-15,7.294159467678748739e-03,-6.150242204519644484e-02,3.224076163108104348e-11,6.879658151291892509e-02,-8.335719917271274201e-11,8.346185820026535234e-14,3.562794157645741283e-03,1.966359094378996100e-02,-3.995238608104328151e-13,-1.610079678573179268e-02,1.470315158898326138e-11
1.872720735862346553e+00,-3.805063769847940591e-01,-1.620335264820884497e-02,-4.141392398730505686e-01,1.117829315825112872e-09,-1.172860440830432838e+00,3.805063763616292061e-01,-9.752063552148453503e-15,7.299776568062059205e-03,-6.147128859740995377e-02,3.224009170020183972e-11,6.877106516551637072e-02,-8.333387364803520361e-11,8.212735727446382024e-14,3.545855600682251436e-03,1.973697698934204908e-02,-4.483097503975822533e-13,-1.619112138826639749e-02,1.481620347106262049e-11
1.874301090913707002e+00,-3.805063769847940591e-01,-1.619181198857219672e-02,-4.142363616571945739e-01,1.117880266036729152e-09,-1.172751778386652122e+00,3.805063763614975336e-01,-9.623326175559774931e-15,7.305366868890587721e-03,-6.144003920063785540e-02,3.223934462118643451e-11,6.874540606957342537e-02,-8.331036942366388706e-11,8.079511438497193738e-14,3.528878303006375682e-03,1.981032884867175992e-02,-4.971577856103618396e-13,-1.628145054529098537e-02,1.492930291317499864e-11
1.875881445965067895e+00,-3.805063769847941146e-01,-1.618026251549208733e-02,-4.143334339646119191e-01,1.117931215006669785e-09,-1.172643156606154813e+00,3.805063763613658057e-01,-9.496692415811597907e-15,7.310930308992384836e-03,-6.140867390885240695e-02,3.223852029584120610e-11,6.871960421789033435e-02,-8.328668642443703894e-11,7.946515335374210181e-14,3.511862330621047176e-03,1.988364659028130782e-02,-5.460679429144507865e-13,-1.637178425930481407e-02,1.504244991524549075e-11
1.877461801016428344e+00,-3.805063769847941146e-01,-1.616870427146626515e-02,-4.144304566121896349e-01,1.117982162612780872e-09,-1.172534575714551108e+00,3.805063763612342442e-01,-9.372158647970778258e-15,7.316466827299946199e-03,-6.137719277591756339e-02,3.223761862601010479e-11,6.869365960326362375e-02,-8.326282457519342278e-11,7.813749794715421237e-14,3.494807749696830605e-03,1.995693028280377812e-02,-5.950401983703099732e-13,-1.646212253277041723e-02,1.515564447685930450e-11
1.879042156067789016e+00,-3.805063769847941146e-01,-1.615713729908892921e-02,-4.145274294169002949e-01,1.118033108732753422e-09,-1.172426035937462752e+00,3.805063763611026828e-01,-9.249721209588872253e-15,7.321976362850464090e-03,-6.134559585558859579e-02,3.223663951357514413e-11,6.866757221848567017e-02,-8.323878380077253887e-11,7.681217187567708956e-14,3.477714626571533612e-03,2.003017999500274898e-02,-6.440745276327215023e-13,-1.655246536811355584e-02,1.526888659726130802e-11
1.880622511119149465e+00,-3.805063769847941146e-01,-1.614556164105049665e-02,-4.146243521958010159e-01,1.118084053244122104e-09,-1.172317537500523699e+00,3.805063763609711214e-01,-9.129376400790861368e-15,7.327458854786108450e-03,-6.131388320151207050e-02,3.223558286045718932e-11,6.864134205634528363e-02,-8.321456402601546426e-11,7.548919879353474320e-14,3.460583027749908856e-03,2.010339579577185426e-02,-6.931709059502507103e-13,-1.664281276772311760e-02,1.538217627535529312e-11
1.882202866170510358e+00,-3.805063769847941701e-01,-1.613397734013750917e-02,-4.147212247660337914e-01,1.118134996024268558e-09,-1.172209080629378120e+00,3.805063763608396710e-01,-9.011120484364378769e-15,7.332914242354279279e-03,-6.128205486722557160e-02,3.223444856861652587e-11,6.861496910962741613e-02,-8.319016517576525352e-11,7.416860229837265275e-14,3.443413019903288422e-03,2.017657775413439492e-02,-7.423293081647695684e-13,-1.673316473395107182e-02,1.549551350970349711e-11
1.883783221221870807e+00,-3.805063769847941701e-01,-1.612238443923242476e-02,-4.148180469448250474e-01,1.118185936950417882e-09,-1.172100665549681509e+00,3.805063763607082206e-01,-8.894949685849345992e-15,7.338342464907865112e-03,-6.125011090615746501e-02,3.223323654005352524e-11,6.858845337111331431e-02,-8.316558717486749443e-11,7.285040593092322715e-14,3.426204669869251183e-03,2.024972593924275963e-02,-7.915497087108928436e-13,-1.682352126911221962e-02,1.560889829852576916e-11
1.885363576273231700e+00,-3.805063769847941701e-01,-1.611078298131346162e-02,-4.149148185494853647e-01,1.118236875899641938e-09,-1.171992292487102238e+00,3.805063763605767702e-01,-8.780860193628081376e-15,7.343743461905529249e-03,-6.121805137162681515e-02,3.223194667680928462e-11,6.856179483358072757e-02,-8.314082994817087671e-11,7.153463317467154237e-14,3.408958044651271523e-03,2.032284042037824090e-02,-8.408320816155693542e-13,-1.691388237548439172e-02,1.572233063969925361e-11
1.886943931324592150e+00,-3.805063769847942257e-01,-1.609917300945443858e-02,-4.150115393974098121e-01,1.118287812748856251e-09,-1.171883961667318452e+00,3.805063763604454308e-01,-8.668848159016206810e-15,7.349117172911936134e-03,-6.118587631684298256e-02,3.223057888096625376e-11,6.853499348980367223e-02,-8.311589342052770901e-11,7.022130745552447419e-14,3.391673211418397109e-03,2.039592126695032037e-02,-8.901764004974664319e-13,-1.700424805530801123e-02,1.583581053075745944e-11
1.888524286375952821e+00,-3.805063769847942257e-01,-1.608755456682458770e-02,-4.151082093060775025e-01,1.118338747374822283e-09,-1.171775673316020727e+00,3.805063763603140914e-01,-8.558909696353688597e-15,7.354463537598045393e-03,-6.115358579490560303e-02,3.222913305464891353e-11,6.850804933255273677e-02,-8.309077751679443585e-11,6.891045214147614552e-14,3.374350237504882433e-03,2.046896854849646410e-02,-9.395826385665789491e-13,-1.709461831078629146e-02,1.594933796888991127e-11
1.890104641427313270e+00,-3.805063769847942257e-01,-1.607592769668841209e-02,-4.152048280930509816e-01,1.118389679654147021e-09,-1.171667427658911409e+00,3.805063763601828075e-01,-8.451040883096913296e-15,7.359782495741354694e-03,-6.112117985880434479e-02,3.222760910002442861e-11,6.848096235459509573e-02,-8.306548216183229684e-11,6.760209054227968443e-14,3.356989190409887837e-03,2.054198233468158136e-02,-9.890507686236250896e-13,-1.718499314408498610e-02,1.606291295094135128e-11
1.891684996478674163e+00,-3.805063769847942257e-01,-1.606429244240549850e-02,-4.153013955759768394e-01,1.118440609463282975e-09,-1.171559224921702391e+00,3.805063763600515236e-01,-8.345237759910631037e-15,7.365073987226159087e-03,-6.108865856141856149e-02,3.222600691930319033e-11,6.845373254869439872e-02,-8.304000728050770147e-11,6.629624590911209088e-14,3.339590137797088763e-03,2.061496269529759784e-02,-1.038580763059632758e-12,-1.727537255733234065e-02,1.617653547341126419e-11
1.893265351530034613e+00,-3.805063769847942257e-01,-1.605264884743033693e-02,-4.153979115725849325e-01,1.118491536678527353e-09,-1.171451065330119112e+00,3.805063763599203508e-01,-8.241496330761094757e-15,7.370337952043825962e-03,-6.105602195551732697e-02,3.222432641473964384e-11,6.842635990761108955e-02,-8.301435279769287532e-11,6.499294143424767351e-14,3.322153147494393867e-03,2.068790970026306714e-02,-1.088172593855369279e-12,-1.736575655261899873e-02,1.629020553245313416e-11
1.894845706581395284e+00,-3.805063769847942257e-01,-1.604099695531219227e-02,-4.154943759006885506e-01,1.118542461176023920e-09,-1.171342949109897225e+00,3.805063763597891779e-01,-8.139812563009290928e-15,7.375574330293040506e-03,-6.102327009375910216e-02,3.222256748863279220e-11,6.839884442410229526e-02,-8.298851863826650633e-11,6.369220025072680379e-14,3.304678287493571179e-03,2.076082341962276478e-02,-1.137826232580903571e-12,-1.745614513199797088e-02,1.640392312387401173e-11
1.896426061632755733e+00,-3.805063769847942257e-01,-1.602933680969489613e-02,-4.155907883781840839e-01,1.118593382831761551e-09,-1.171234876486784371e+00,3.805063763596580606e-01,-8.040182387504777725e-15,7.380783062180062450e-03,-6.099040302869149915e-02,3.222073004332687490e-11,6.837118609092190935e-02,-8.296250472711401622e-11,6.239404543202648770e-14,3.287165625949916778e-03,2.083370392354712969e-02,-1.187541650395050384e-12,-1.754653829748439517e-02,1.651768824313367054e-11
1.898006416684116626e+00,-3.805063769847942812e-01,-1.601766845431669764e-02,-4.156871488230506895e-01,1.118644301521574854e-09,-1.171126847686539518e+00,3.805063763595269433e-01,-7.942601698680119560e-15,7.385964088018997543e-03,-6.095742081275120489e-02,3.221881398121209165e-11,6.834338490082071671e-02,-8.293631098912843934e-11,6.109849999173237635e-14,3.269615231181935162e-03,2.090655128233205942e-02,-1.237318818044937325e-12,-1.763693605105567247e-02,1.663150088534430035e-11
1.899586771735477075e+00,-3.805063769847942812e-01,-1.600599193301007611e-02,-4.157834570533505136e-01,1.118695217121144165e-09,-1.171018862934932736e+00,3.805063763593958814e-01,-7.847066354645790206e-15,7.391117348232045629e-03,-6.092432349826364113e-02,3.221681920472511939e-11,6.831544084654633808e-02,-8.290993734921066826e-11,5.980558688321091529e-14,3.252027171670984068e-03,2.097936556639823369e-02,-1.287157705865432938e-12,-1.772733839465111261e-02,1.674536104526957001e-11
1.901167126786837969e+00,-3.805063769847942812e-01,-1.599430728970158838e-02,-4.158797128872283588e-01,1.118746129505995760e-09,-1.170910922457746306e+00,3.805063763592648751e-01,-7.753572177285579214e-15,7.396242783349757377e-03,-6.089111113744289511e-02,3.221474561634993296e-11,6.828735392084341049e-02,-8.288338373227025511e-11,5.851532899928177172e-14,3.234401516060951380e-03,2.105214684629090963e-02,-1.337058283778731499e-12,-1.781774533017209741e-02,1.685926871732433016e-11
1.902747481838198418e+00,-3.805063769847943367e-01,-1.598261456841168493e-02,-4.159759161429112950e-01,1.118797038551502058e-09,-1.170803026480773390e+00,3.805063763591339243e-01,-7.662114952352610483e-15,7.401340334011297095e-03,-6.085778378239151132e-02,3.221259311861830274e-11,6.825912411645364275e-02,-8.285665006322579928e-11,5.722774917189229355e-14,3.216738333157926396e-03,2.112489519267936322e-02,-1.387020521293785944e-12,-1.790815685948180316e-02,1.697322389557377641e-11
1.904327836889559089e+00,-3.805063769847943367e-01,-1.597091381325452947e-02,-4.160720666387087707e-01,1.118847944132881210e-09,-1.170695175229818918e+00,3.805063763590030290e-01,-7.572690429565569089e-15,7.406409940964693399e-03,-6.082434148510008215e-02,3.221036161411052490e-11,6.823075142611564892e-02,-8.282973626700552909e-11,5.594287017178827054e-14,3.199037691929826430e-03,2.119761067635649726e-02,-1.437044387505894280e-12,-1.799857298440521100e-02,1.708722657373301954e-11
1.905908191940919538e+00,-3.805063769847943367e-01,-1.595920506843786363e-02,-4.161681641930121689e-01,1.118898846125197096e-09,-1.170587368930698702e+00,3.805063763588721337e-01,-7.485294322706073548e-15,7.411451545067095081e-03,-6.079078429744741441e-02,3.220805100545606115e-11,6.820223584256540628e-02,-8.280264226854794797e-11,5.466071470819424990e-14,3.181299661506137039e-03,2.127029336823843889e-02,-1.487129851096100200e-12,-1.808899370672898549e-02,1.720127674516632297e-11
1.907488546992280432e+00,-3.805063769847943367e-01,-1.594748837826278839e-02,-4.162642086242948070e-01,1.118949744403360982e-09,-1.170479607809240985e+00,3.805063763587412939e-01,-7.399922309715794053e-15,7.416465087285029588e-03,-6.075711227120003666e-02,3.220566119533423666e-11,6.817357735853596390e-02,-8.277536799280229979e-11,5.338130542848353372e-14,3.163524311177514335e-03,2.134294333936416141e-02,-1.537276880330826347e-12,-1.817941902820141564e-02,1.731537440288670209e-11
1.909068902043640881e+00,-3.805063769847943922e-01,-1.593576378712362532e-02,-4.163601997511118258e-01,1.119000638842128833e-09,-1.170371892091284671e+00,3.805063763586105097e-01,-7.316570032794667237e-15,7.421450508694651949e-03,-6.072332545801218534e-02,3.220319208647478942e-11,6.814477596675769244e-02,-8.274791336472913753e-11,5.210466491785731456e-14,3.145711710395487481e-03,2.141556066089491187e-02,-1.587485443061262814e-12,-1.826984895053223798e-02,1.742951953955507446e-11
1.910649257095001774e+00,-3.805063769847943922e-01,-1.592403133950771529e-02,-4.164561373920999121e-01,1.119051529316103788e-09,-1.170264222002680654e+00,3.805063763584797254e-01,-7.235233098499224534e-15,7.426407750482012793e-03,-6.068942390942548559e-02,3.220064358165865858e-11,6.811583165995828415e-02,-8.272027830930090487e-11,5.083081569901842144e-14,3.127861928772104373e-03,2.148814540411402366e-02,-1.637755506723005252e-12,-1.836028347539272673e-02,1.754371214747997225e-11
1.912229612146362223e+00,-3.805063769847943367e-01,-1.591229107999528325e-02,-4.165520213659769100e-01,1.119102415699735548e-09,-1.170156597769291373e+00,3.805063763583490521e-01,-7.155907077841887670e-15,7.431336753943282997e-03,-6.065540767686882634e-02,3.219801558371850792e-11,6.808674443086280836e-02,-8.269246275150245322e-11,4.955978023185266431e-14,3.109975036079632837e-03,2.156069764042624348e-02,-1.688087038335425596e-12,-1.845072260441536424e-02,1.765795221861661487e-11
1.913809967197722894e+00,-3.805063769847943922e-01,-1.590054305325920223e-02,-4.166478514915420428e-01,1.119153297867319957e-09,-1.170049019616989927e+00,3.805063763582184344e-01,-7.078587506390164774e-15,7.436237460485039912e-03,-6.062127681165814519e-02,3.219530799553950783e-11,6.805751427219373928e-02,-8.266446661633164916e-11,4.829158091310164598e-14,3.092051102250198066e-03,2.163321744135753011e-02,-1.738480004501320680e-12,-1.854116633919398321e-02,1.777223974456660201e-11
1.915390322249083344e+00,-3.805063769847943922e-01,-1.588878730406489276e-02,-4.167436275876755802e-01,1.119204175692999002e-09,-1.169941487771661848e+00,3.805063763580878167e-01,-7.003269884367010047e-15,7.441109811624501552e-03,-6.058703136499629660e-02,3.219252072005990396e-11,6.802814117667120575e-02,-8.263628982879995603e-11,4.702624007604623969e-14,3.074090197375485122e-03,2.170570487855449926e-02,-1.788934371406307198e-12,-1.863161468128352385e-02,1.788657471657713495e-11
1.916970677300444237e+00,-3.805063769847943922e-01,-1.587702387727009390e-02,-4.168393494733383942e-01,1.119255049050762678e-09,-1.169834002459204214e+00,3.805063763579571434e-01,-6.929949676751123482e-15,7.445953748989773795e-03,-6.055267138797273963e-02,3.218965366027173453e-11,6.799862513701275535e-02,-8.260793231393282172e-11,4.576377999018176135e-14,3.056092391706373770e-03,2.177816002378406973e-02,-1.839450104818442845e-12,-1.872206763220000958e-02,1.800095712554049632e-11
1.918551032351804686e+00,-3.805063769847943922e-01,-1.586525281782471056e-02,-4.169350169675722362e-01,1.119305917814446295e-09,-1.169726563905524763e+00,3.805063763578266367e-01,-6.858622313378170400e-15,7.450769214320120126e-03,-6.051819693156351015e-02,3.218670671922144429e-11,6.796896614593365971e-02,-8.257939399677050581e-11,4.450422286090059505e-14,3.038057755652655723e-03,2.185058294893303318e-02,-1.890027170087639056e-12,-1.881252519342044641e-02,1.811538696199343617e-11
1.920131387403165579e+00,-3.805063769847944477e-01,-1.585347417077062268e-02,-4.170306298894992381e-01,1.119356781857732137e-09,-1.169619172336543667e+00,3.805063763576961855e-01,-6.789283189042225800e-15,7.455556149466194098e-03,-6.048360804663084622e-02,3.218367980001058889e-11,6.793916419614683122e-02,-8.255067480236845440e-11,4.324759082917072909e-14,3.019986359782664276e-03,2.192297372600767597e-02,-1.940665532145291842e-12,-1.890298736638278132e-02,1.822986421611667440e-11
1.921711742454526028e+00,-3.805063769847944477e-01,-1.584168798124153260e-02,-4.171261880583218007e-01,1.119407641054150698e-09,-1.169511827978191976e+00,3.805063763575657343e-01,-6.721927663597913709e-15,7.460314496390296930e-03,-6.044890478392312555e-02,3.218057280579643590e-11,6.790921928036294797e-02,-8.252177465579779124e-11,4.199390597121807853e-14,3.001878274822976801e-03,2.199533242713323788e-02,-1.991365155503677561e-12,-1.899345415248568716e-02,1.834438887773409618e-11
1.923292097505886700e+00,-3.805063769847944477e-01,-1.582989429446276727e-02,-4.172216912933224275e-01,1.119458495277077376e-09,-1.169404531056412511e+00,3.805063763574353386e-01,-6.656551062062960673e-15,7.465044197166642061e-03,-6.041408719407474759e-02,3.217738563979274673e-11,6.787913139129063411e-02,-8.249269348214628710e-11,4.074319029820818928e-14,2.983733571658085150e-03,2.206765912455373180e-02,-2.042126004255571638e-12,-1.908392555308868754e-02,1.845896093631246437e-11
1.924872452557247149e+00,-3.805063769847945032e-01,-1.581809315575110828e-02,-4.173171394138635582e-01,1.119509344399737024e-09,-1.169297281797159638e+00,3.805063763573049984e-01,-6.593148674721277791e-15,7.469745193981566778e-03,-6.037915532760572412e-02,3.217411820527028717e-11,6.784890052163621010e-02,-8.246343120651841146e-11,3.949546575592912234e-14,2.965552321330064325e-03,2.213995389063127053e-02,-2.092948042073695229e-12,-1.917440156951179947e-02,1.857358038096052771e-11
1.926452807608608042e+00,-3.805063769847944477e-01,-1.580628461051460792e-02,-4.174125322393875126e-01,1.119560188295199811e-09,-1.169190080426399270e+00,3.805063763571747137e-01,-6.531715757226399311e-15,7.474417429133821920e-03,-6.034410923492160295e-02,3.217077040555755762e-11,6.781852666410401187e-02,-8.243398775403612090e-11,3.825075422447177578e-14,2.947334595038230299e-03,2.221221679784584485e-02,-2.143831232210311322e-12,-1.926488220303571725e-02,1.868824720042870095e-11
1.928033162659968491e+00,-3.805063769847945032e-01,-1.579446870425244356e-02,-4.175078695894159364e-01,1.119611026836384325e-09,-1.169082927170108421e+00,3.805063763570444291e-01,-6.472247530705826053e-15,7.479060845034800863e-03,-6.030894896631346785e-02,3.216734214404155568e-11,6.778800981139647408e-02,-8.240436304983964754e-11,3.700907751791921874e-14,2.929080464138878945e-03,2.228444791879485160e-02,-2.194775537496652012e-12,-1.935536745490153490e-02,1.880296138310827647e-11
1.929613517711329385e+00,-3.805063769847945032e-01,-1.578264548255467123e-02,-4.176031512835500781e-01,1.119661859896055504e-09,-1.168975822254276320e+00,3.805063763569142554e-01,-6.414739181865266277e-15,7.483675384208778036e-03,-6.027367457195734191e-02,3.216383332416824140e-11,6.775734995621390810e-02,-8.237455701908752486e-11,3.577045738402472252e-14,2.910790000144870132e-03,2.235664732619264961e-02,-2.245780920342552571e-12,-1.944585732631074274e-02,1.891772291703097506e-11
1.931193872762689834e+00,-3.805063769847945587e-01,-1.577081499110213544e-02,-4.176983771414703450e-01,1.119712687346826501e-09,-1.168868765904903517e+00,3.805063763567840818e-01,-6.359185863094040910e-15,7.488260989293177815e-03,-6.023828610191445110e-02,3.216024384944339681e-11,6.772654709125500161e-02,-8.234456958695785434e-11,3.453491550390370099e-14,2.892463274725406985e-03,2.242881509287020236e-02,-2.296847342735847220e-12,-1.953635181842511281e-02,1.903253178986829010e-11
1.932774227814050505e+00,-3.805063769847945587e-01,-1.575897727566620207e-02,-4.177935469829359705e-01,1.119763509061157646e-09,-1.168761758348001667e+00,3.805063763566540191e-01,-6.305582692570301025e-15,7.492817603038811301e-03,-6.020278360613069008e-02,3.215657362343317517e-11,6.769560120921640223e-02,-8.231440067864820204e-11,3.330247349171242960e-14,2.874100359705619549e-03,2.250095129177468595e-02,-2.347974766242041159e-12,-1.962685093236668510e-02,1.914738798893099955e-11
1.934354582865410954e+00,-3.805063769847945587e-01,-1.574713238210866117e-02,-4.178886606277854021e-01,1.119814324911357481e-09,-1.168654799809594858e+00,3.805063763565239565e-01,-6.253924754367415198e-15,7.497345168310109650e-03,-6.016716713443660824e-02,3.215282254976478603e-11,6.766451230279316165e-02,-8.228405021937659384e-11,3.207315289434163287e-14,2.855701327066321061e-03,2.257305599596894780e-02,-2.399163152003678072e-12,-1.971735466921750377e-02,1.926229150116839702e-11
1.935934937916771847e+00,-3.805063769847945587e-01,-1.573528035638147721e-02,-4.179837178959353028e-01,1.119865134769581728e-09,-1.168547890515717613e+00,3.805063763563939494e-01,-6.204207098560294554e-15,7.501843628085399888e-03,-6.013143673654731264e-02,3.214899053212723193e-11,6.763328036467862459e-02,-8.225351813438205821e-11,3.084697519109847880e-14,2.837266248943642790e-03,2.264512927863138528e-02,-2.450412460740015388e-12,-1.980786303001981496e-02,1.937724231316802676e-11
1.937515292968132297e+00,-3.805063769847945587e-01,-1.572342124452665718e-02,-4.180787186073812167e-01,1.119915938507834111e-09,-1.168441030692416893e+00,3.805063763562639423e-01,-6.156424741332580812e-15,7.506312925457117417e-03,-6.009559246206202382e-02,3.214507747427189642e-11,6.760190538756452594e-02,-8.222280434892496234e-11,2.962396179339824785e-14,2.818795197628737835e-03,2.271717121305517201e-02,-2.501722652746425711e-12,-1.989837601577565396e-02,1.949224041115474016e-11
1.939095648019492968e+00,-3.805063769847945587e-01,-1.571155509267603903e-02,-4.181736625821967368e-01,1.119966735997965744e-09,-1.168334220565750536e+00,3.805063763561340462e-01,-6.110572665084045760e-15,7.510753003632068825e-03,-6.005963436046408976e-02,3.214108328001322915e-11,6.757038736414096303e-02,-8.219190878828774879e-11,2.840413404444899366e-14,2.800288245567428107e-03,2.278918187264816417e-02,-2.553093687894043810e-12,-1.998889362744704287e-02,1.960728578099045344e-11
1.940676003070853417e+00,-3.805063769847945587e-01,-1.569968194705112854e-02,-4.182685496405336156e-01,1.120017527111677397e-09,-1.168227460361789039e+00,3.805063763560041501e-01,-6.066645818538807188e-15,7.515163805931680818e-03,-6.002356248112079157e-02,3.213700785322947606e-11,6.753872628709668702e-02,-8.216083137777558171e-11,2.718751321894569224e-14,2.781745465359946289e-03,2.286116133093232805e-02,-2.604525525629183393e-12,-2.007941586595573397e-02,1.972237840817331721e-11
1.942256358122214310e+00,-3.805063769847946142e-01,-1.568780185396291549e-02,-4.183633796026217100e-01,1.120068311720516193e-09,-1.168120750306612443e+00,3.805063763558743650e-01,-6.024639116853689195e-15,7.519545275792223135e-03,-5.998737687328305895e-02,3.213285109786326745e-11,6.750692214911889477e-02,-8.212957204271670880e-11,2.597412052275627213e-14,2.763166929760553763e-03,2.293310966154340005e-02,-2.656018124972962295e-12,-2.016994273218318881e-02,1.983751827783733521e-11
1.943836713173574759e+00,-3.805063769847946142e-01,-1.567591485981169319e-02,-4.184581522887682037e-01,1.120119089695878295e-09,-1.168014090626314561e+00,3.805063763557445244e-01,-5.984547441727341366e-15,7.523897356765079161e-03,-5.995107758608546333e-02,3.212861291792236119e-11,6.747497494289350639e-02,-8.209813070846327549e-11,2.476397709261502525e-14,2.744552711677278236e-03,2.300502693823047728e-02,-2.707571444520758018e-12,-2.026047422697047420e-02,1.995270537475164696e-11
1.945417068224935653e+00,-3.805063769847945587e-01,-1.566402101108685385e-02,-4.185528675193582737e-01,1.120169860909008283e-09,-1.167907481546999637e+00,3.805063763556148504e-01,-5.946365641509675875e-15,7.528219992516961903e-03,-5.991466466854585698e-02,3.212429321748026955e-11,6.744288466110510971e-02,-8.206650730039173859e-11,2.355710399581237311e-14,2.725902884171556382e-03,2.307691323485562898e-02,-2.759185442441818379e-12,-2.035101035111823095e-02,2.006793968332012069e-11
1.946997423276296102e+00,-3.805063769847946142e-01,-1.565212035436674975e-02,-4.186475251148542576e-01,1.120220625230999365e-09,-1.167800923294783688e+00,3.805063763554851763e-01,-5.910088531311888332e-15,7.532513126830169860e-03,-5.987813816956527591e-02,3.211989190067693127e-11,6.741065129643702969e-02,-8.203470174390339617e-11,2.235352222988817029e-14,2.707217520457946315e-03,2.314876862539341773e-02,-2.810860076478708981e-12,-2.044155110538645181e-02,2.018322118758052933e-11
1.948577778327656773e+00,-3.805063769847946142e-01,-1.564021293631846776e-02,-4.187421248957957087e-01,1.120271382532792547e-09,-1.167694416095793830e+00,3.805063763553555578e-01,-5.875710893116940125e-15,7.536776703602842895e-03,-5.984149813792784267e-02,3.211540887171948704e-11,6.737827484157155045e-02,-8.200271396442526644e-11,2.115325272232455362e-14,2.688496693903807532e-03,2.322059318393069477e-02,-2.862595303946945661e-12,-2.053209649049464111e-02,2.029854987120435343e-11
1.950158133379017222e+00,-3.805063769847946142e-01,-1.562829880369768359e-02,-4.188366666827991192e-01,1.120322132685178082e-09,-1.167587960176169615e+00,3.805063763552259948e-01,-5.843227475890491978e-15,7.541010666849159993e-03,-5.980474462230042643e-02,3.211084403488275130e-11,6.734575528918969323e-02,-8.197054388741030748e-11,1.995631633023946967e-14,2.669740478028983458e-03,2.329238698466594079e-02,-2.914391081734423384e-12,-2.062264650712142613e-02,2.041392571749582151e-11
1.951738488430378116e+00,-3.805063769847946142e-01,-1.561637800334842591e-02,-4.189311502965579748e-01,1.120372875558794848e-09,-1.167481555762061474e+00,3.805063763550964873e-01,-5.812632995692325827e-15,7.545214960699634169e-03,-5.976787767123253881e-02,3.210619729451009104e-11,6.731309263197149395e-02,-8.193819143833817980e-11,1.876273384007960907e-14,2.650948946505474451e-03,2.336415010190908553e-02,-2.966247366301072932e-12,-2.071320115590473757e-02,2.052934870939166450e-11
1.953318843481738565e+00,-3.805063769847946142e-01,-1.560445058220296007e-02,-4.190255755578422003e-01,1.120423611024130969e-09,-1.167375203079631607e+00,3.805063763549669797e-01,-5.783922135788346499e-15,7.549389529401311083e-03,-5.973089733315622291e-02,3.210146855501400103e-11,6.728028686259604485e-02,-8.190565654271582795e-11,1.757252596731856626e-14,2.632122173157164149e-03,2.343588261008100818e-02,-3.018164113678286558e-12,-2.080376043744157355e-02,2.064481882946034023e-11
1.954899198533099458e+00,-3.805063769847946697e-01,-1.559251658728154355e-02,-4.191199422874983815e-01,1.120474338951522576e-09,-1.167268902355053983e+00,3.805063763548375833e-01,-5.757089546762897362e-15,7.553534317318029261e-03,-5.969380365638579655e-02,3.209665772087680169e-11,6.724733797374150834e-02,-8.187293912607801041e-11,1.638571335614937621e-14,2.613260231959469056e-03,2.350758458371316265e-02,-3.070141279468535905e-12,-2.089432435228797541e-02,2.076033605990158429e-11
1.956479553584459907e+00,-3.805063769847946697e-01,-1.558057606569227850e-02,-4.192142503064490988e-01,1.120525059211156287e-09,-1.167162653814514117e+00,3.805063763547082423e-01,-5.732129846631721261e-15,7.557649268930655140e-03,-5.965659668911771352e-02,3.209176469665129182e-11,6.721424595808518643e-02,-8.184003911398793293e-11,1.520231657918398365e-14,2.594363197039055349e-03,2.357925609744719944e-02,-3.122178818844867938e-12,-2.098489290095892357e-02,2.087590038254580908e-11
1.958059908635820578e+00,-3.805063769847947253e-01,-1.556862906463091743e-02,-4.193084994356932049e-01,1.120575771673066723e-09,-1.167056457684208182e+00,3.805063763545789568e-01,-5.709037620955284335e-15,7.561734328837318997e-03,-5.961927647943040393e-02,3.208678938696151117e-11,6.718101080830365945e-02,-8.180695643203781721e-11,1.402235613714866072e-14,2.575431142673513182e-03,2.365089722603459788e-02,-3.174276686550493781e-12,-2.107546608392829590e-02,2.099151177885360617e-11
1.959640263687181028e+00,-3.805063769847947253e-01,-1.555667563138065854e-02,-4.194026894963054364e-01,1.120626476207138789e-09,-1.166950314190345672e+00,3.805063763544496713e-01,-5.687807422952607064e-15,7.565789441753649133e-03,-5.958184307528396895e-02,3.208173169650327675e-11,6.714763251707264735e-02,-8.177369100584935324e-11,1.284585245858216513e-14,2.556464143291051812e-03,2.372250804433612831e-02,-3.226434836898266071e-12,-2.116604390162866653e-02,2.110717022991502576e-11
1.961220618738541921e+00,-3.805063769847946697e-01,-1.554471581331199302e-02,-4.194968203094360248e-01,1.120677172683105806e-09,-1.166844223559146521e+00,3.805063763543204414e-01,-5.668433773615634902e-15,7.569814552513034686e-03,-5.954429652452028487e-02,3.207659153004504242e-11,6.711411107706742596e-02,-8.174024276107465577e-11,1.167282589953575215e-14,2.537462273470197753e-03,2.379408862732173419e-02,-3.278653223770300915e-12,-2.125662635445146192e-02,2.122287571644929233e-11
1.962800973789902370e+00,-3.805063769847946697e-01,-1.553274965788249348e-02,-4.195908916963110302e-01,1.120727860970551171e-09,-1.166738186016841761e+00,3.805063763541912669e-01,-5.650911161823974940e-15,7.573809606066822520e-03,-5.950663687486253128e-02,3.207136879242840934e-11,6.708044648096249396e-02,-8.170661162339638060e-11,1.050329674327097930e-14,2.518425607939480358e-03,2.386563905006983816e-02,-3.330931800617437471e-12,-2.134721344274654459e-02,2.133862821880393547e-11
1.964381328841263263e+00,-3.805063769847947253e-01,-1.552077721263663349e-02,-4.196849034782317300e-01,1.120778540938908560e-09,-1.166632201789675527e+00,3.805063763540622035e-01,-5.635234044460204497e-15,7.577774547484584372e-03,-5.946886417391516327e-02,3.206606338856891437e-11,6.704663872143190595e-02,-8.167279751852857761e-11,9.337285199961431791e-15,2.499354221577122174e-03,2.393715938776718941e-02,-3.383270520458882523e-12,-2.143780516682246284e-02,2.145442771695451844e-11
1.965961683892623713e+00,-3.805063769847947253e-01,-1.550879852520561063e-02,-4.197788554765741753e-01,1.120829212457460689e-09,-1.166526271103901724e+00,3.805063763539331956e-01,-5.621396846525612785e-15,7.581709321954346707e-03,-5.943097846916386984e-02,3.206067522345670224e-11,6.701268779114935570e-02,-8.163880037221734994e-11,8.174811406394014001e-15,2.480248189410756612e-03,2.400864971570836753e-02,-3.435669335881656333e-12,-2.152840152694616288e-02,2.157027419050388532e-11
1.967542038943984384e+00,-3.805063769847947253e-01,-1.549681364330714704e-02,-4.198727475127900233e-01,1.120879875395340140e-09,-1.166420394185787579e+00,3.805063763538041877e-01,-5.609393961256375671e-15,7.585613874782818830e-03,-5.939297980797499793e-02,3.205520420215712646e-11,6.697859368278792636e-02,-8.160462011024116418e-11,7.015895425668499180e-15,2.461107586617074499e-03,2.408011010929536969e-02,-3.488128199040229941e-12,-2.161900252334293671e-02,2.168616761868172480e-11
1.969122393995344833e+00,-3.805063769847947253e-01,-1.548482261474530032e-02,-4.199665794084051496e-01,1.120930529621529775e-09,-1.166314571261610533e+00,3.805063763536752353e-01,-5.599219750240292891e-15,7.589488151395640085e-03,-5.935486823759593411e-02,3.204965022981158299e-11,6.694435638902063168e-02,-8.157025665841179383e-11,5.860557246902405542e-15,2.441932488521585988e-03,2.415154064403731218e-02,-3.540647061655996869e-12,-2.170960815619641174e-02,2.180210798034394332e-11
1.970702749046705726e+00,-3.805063769847947808e-01,-1.547282548741029003e-02,-4.200603509850202588e-01,1.120981175004862739e-09,-1.166208802557660240e+00,3.805063763535463384e-01,-5.590868543533902337e-15,7.593332097337602768e-03,-5.931664380515448004e-02,3.204401321163802724e-11,6.690997590252004135e-02,-8.153570994257456494e-11,4.708816784933288055e-15,2.422722970598249759e-03,2.422294139555003153e-02,-3.593225875016911229e-12,-2.180021842564843979e-02,2.191809525397225798e-11
1.972283104098066175e+00,-3.805063769847947808e-01,-1.546082230927829822e-02,-4.201540620643103296e-01,1.121031811414022454e-09,-1.166103088300238122e+00,3.805063763534175525e-01,-5.584334639780118944e-15,7.597145658272886314e-03,-5.927830655765885942e-02,3.203829305293176895e-11,6.687545221595858624e-02,-8.150097988860914447e-11,3.560693880023310025e-15,2.403479108469223219e-03,2.429431243955557096e-02,-3.645864589976944886e-12,-2.189083333179892010e-02,2.203412941767340162e-11
1.973863459149426847e+00,-3.805063769847947808e-01,-1.544881312841126994e-02,-4.202477124680246701e-01,1.121082438717542210e-09,-1.165997428715656703e+00,3.805063763532887666e-01,-5.579612306326325584e-15,7.600928779985318372e-03,-5.923985654199763473e-02,3.203248965906617008e-11,6.684078532200864176e-02,-8.146606642243017359e-11,2.416208297562470863e-15,2.384200977904525100e-03,2.436565385188203814e-02,-3.698563156955740915e-12,-2.198145287470594164e-02,2.215021044917889020e-11
1.975443814200787518e+00,-3.805063769847947808e-01,-1.543679799295675885e-02,-4.203413020179864734e-01,1.121133056783806199e-09,-1.165891824030240276e+00,3.805063763531600363e-01,-5.576695779342924667e-15,7.604681408378561290e-03,-5.920129380493936028e-02,3.202660293549323292e-11,6.680597521334245836e-02,-8.143096946998770717e-11,1.275379727777254512e-15,2.364888654821764840e-03,2.443696570846295296e-02,-3.751321525938050568e-12,-2.207207705438541528e-02,2.226633832584417301e-11
1.977024169252148189e+00,-3.805063769847947808e-01,-1.542477695114769301e-02,-4.204348305360927074e-01,1.121183665481049511e-09,-1.165786274470324901e+00,3.805063763530313059e-01,-5.575579263942354369e-15,7.608403489476384465e-03,-5.916261839313251975e-02,3.202063278774434972e-11,6.677102188263224491e-02,-8.139568895726787290e-11,1.382277854336069460e-16,2.345542215285803013e-03,2.450824808533709834e-02,-3.804139646473423889e-12,-2.216270587081126120e-02,2.238251302464836124e-11
1.978604524303508638e+00,-3.805063769847947808e-01,-1.541275005130222052e-02,-4.205282978443142250e-01,1.121234264677357726e-09,-1.165680780262257965e+00,3.805063763529027421e-01,-5.576256934298582920e-15,7.612094969422882919e-03,-5.912383035310538743e-02,3.201457912143103290e-11,6.673592532255040455e-02,-8.136022481029351752e-11,-9.952279904533715453e-16,2.326161735508494588e-03,2.457950105864799284e-02,-3.857017467675649915e-12,-2.225333932391514516e-02,2.249873452219347835e-11
1.980184879354869532e+00,-3.805063769847947808e-01,-1.540071734182350480e-02,-4.206217037646949874e-01,1.121284854240667115e-09,-1.165575341632398620e+00,3.805063763527742338e-01,-5.578722933767040700e-15,7.615755794482703678e-03,-5.908492973126581310e-02,3.200844184224551612e-11,6.670068552576939591e-02,-8.132457695512478846e-11,-2.124968136912063382e-15,2.306747291848364537e-03,2.465072470464357846e-02,-3.909954938222377009e-12,-2.234397741358647507e-02,2.261500279470404001e-11
1.981765234406229981e+00,-3.805063769847947808e-01,-1.538867887119952510e-02,-4.207150481193523417e-01,1.121335434038765267e-09,-1.165469958807116901e+00,3.805063763526457254e-01,-5.582971375005034340e-15,7.619385911041286902e-03,-5.904591657390100001e-02,3.200222085596149089e-11,6.666530248496192745e-02,-8.128874531785961203e-11,-3.250973267307341090e-15,2.287298960810307726e-03,2.472191909967580425e-02,-3.962952006354660500e-12,-2.243462013967232119e-02,2.273131781802646927e-11
1.983345589457590652e+00,-3.805063769847948363e-01,-1.537663468800290131e-02,-4.208083307304768539e-01,1.121386003939290874e-09,-1.165364632012795942e+00,3.805063763525172726e-01,-5.588996340092622297e-15,7.622985265605093999e-03,-5.900679092717748403e-02,3.199591606843480460e-11,6.662977619280092967e-02,-8.125272982463445600e-11,-4.373224071628832651e-15,2.267816819045305726e-03,2.479308432020032801e-02,-4.016008619876532127e-12,-2.252526750197734670e-02,2.284767956762861511e-11
1.984925944508951101e+00,-3.805063769847948363e-01,-1.536458484089070660e-02,-4.209015514203315877e-01,1.121436563809733739e-09,-1.165259361475829092e+00,3.805063763523888754e-01,-5.596791880653906951e-15,7.626553804801832273e-03,-5.896755283714086998e-02,3.198952738560412608e-11,6.659410664195974938e-02,-8.121653040162487242e-11,-5.491701316780361478e-15,2.248300943350137106e-03,2.486422044277599580e-02,-4.069124726154499206e-12,-2.261591950026362041e-02,2.296408801859907711e-11
1.986506299560311994e+00,-3.805063769847948918e-01,-1.535252937860424709e-02,-4.209947100112526597e-01,1.121487113517435391e-09,-1.165154147422621467e+00,3.805063763522605891e-01,-5.606352017978866286e-15,7.630091475380698651e-03,-5.892820234971569981e-02,3.198305471349167587e-11,6.655829382511212200e-02,-8.118014697504605337e-11,-6.606385846872099072e-15,2.228751410667046112e-03,2.493532754406468238e-02,-4.122300272117236863e-12,-2.270657613425077631e-02,2.308054314564693085e-11
1.988086654611672444e+00,-3.805063769847948363e-01,-1.534046834996889361e-02,-4.210878063256484616e-01,1.121537652929588882e-09,-1.165048990079590396e+00,3.805063763521323028e-01,-5.617670743145545285e-15,7.633598224212592188e-03,-5.888873951070523055e-02,3.197649795820383367e-11,6.652233773493215763e-02,-8.114357947115338676e-11,-7.717258583505453863e-15,2.209168298083480277e-03,2.500640570083066672e-02,-4.175535204255014500e-12,-2.279723740361563541e-02,2.319704492310088449e-11
1.989667009663033337e+00,-3.805063769847948363e-01,-1.532840180389389954e-02,-4.211808401859996609e-01,1.121588181913238162e-09,-1.164943889673164312e+00,3.805063763520041276e-01,-5.630742017142770350e-15,7.637073998290356061e-03,-5.884916436579135796e-02,3.196985702593197199e-11,6.648623836409467414e-02,-8.110682781624327055e-11,-8.824300526060956522e-15,2.189551682831794664e-03,2.507745498994046543e-02,-4.228829468619344401e-12,-2.288790330799236883e-02,2.331359332490899774e-11
1.991247364714393786e+00,-3.805063769847948363e-01,-1.531632978937216838e-02,-4.212738114148589785e-01,1.121638700335280772e-09,-1.164838846429782970e+00,3.805063763518760078e-01,-5.645559770993296790e-15,7.640518744729005683e-03,-5.880947696053450552e-02,3.196313182295300544e-11,6.644999570527505839e-02,-8.106989193665355221e-11,-9.927492751985843947e-15,2.169901642288952180e-03,2.514847548836236443e-02,-4.282183010822501909e-12,-2.297857384697229652e-02,2.343018832463801295e-11
1.992827719765754457e+00,-3.805063769847948918e-01,-1.530425235548009411e-02,-4.213667198348514664e-01,1.121689208062463912e-09,-1.164733860575898339e+00,3.805063763517479436e-01,-5.662117905877402037e-15,7.643932410765942077e-03,-5.876967734037316649e-02,3.195632225563015978e-11,6.641360975114922460e-02,-8.103277175876396815e-11,-1.102681641707986750e-14,2.150218253976207000e-03,2.521946727316604075e-02,-4.335595776037169184e-12,-2.306924902010384568e-02,2.354682989547290926e-11
1.994408074817114906e+00,-3.805063769847948918e-01,-1.529216955137736519e-02,-4.214595652686731753e-01,1.121739704961388786e-09,-1.164628932337974154e+00,3.805063763516198239e-01,-5.680410293256924549e-15,7.647314943761206879e-03,-5.872976555062420223e-02,3.194942823041368273e-11,6.637708049439408620e-02,-8.099546720899721647e-11,-1.212225275577802867e-14,2.130501595558876443e-03,2.529043042152225029e-02,-4.389067708995872982e-12,-2.315992882689245358e-02,2.366351801021628861e-11
1.995988429868475800e+00,-3.805063769847948918e-01,-1.528008142630674603e-02,-4.215523475390922092e-01,1.121790190898507496e-09,-1.164524061942484146e+00,3.805063763514918707e-01,-5.700430774999792605e-15,7.650666291197682697e-03,-5.868974163648226633e-02,3.194244965384147732e-11,6.634040792768712558e-02,-8.095797821381907329e-11,-1.321378308143785850e-14,2.110751744845971046e-03,2.536136501070243923e-02,-4.442598753990710810e-12,-2.325061326680054330e-02,2.378025264128798807e-11
1.997568784919836249e+00,-3.805063769847949473e-01,-1.526798802959391556e-02,-4.216450664689480043e-01,1.121840665740125737e-09,-1.164419249615915808e+00,3.805063763513639730e-01,-5.722173163504927812e-15,7.653986400681333374e-03,-5.864960564301985313e-02,3.193538643253983858e-11,6.630359204370686599e-02,-8.092030469973923285e-11,-1.430138878661969678e-14,2.090968779789968181e-03,2.543227111807828608e-02,-4.496188854872782242e-12,-2.334130233924733636e-02,2.389703376072434631e-11
1.999149139971197142e+00,-3.805063769847948918e-01,-1.525588941064724181e-02,-4.217377218811507178e-01,1.121891129352400514e-09,-1.164314495584766407e+00,3.805063763512360753e-01,-5.745631241827694493e-15,7.657275219941438171e-03,-5.860935761518717979e-02,3.192823847322418378e-11,6.626663283513277436e-02,-8.088244659331200544e-11,-1.538505134337147708e-14,2.071152778486493300e-03,2.550314882112156289e-02,-4.549837955051877108e-12,-2.343199604360895680e-02,2.401386134017799036e-11
2.000729495022557369e+00,-3.805063769847948918e-01,-1.524378561895762055e-02,-4.218303135986818941e-01,1.121941581601342217e-09,-1.164209800075545642e+00,3.805063763511083441e-01,-5.770798763805663841e-15,7.660532696830789530e-03,-5.856899759781186016e-02,3.192100568269965992e-11,6.622953029464526131e-02,-8.084440382113667931e-11,-1.646475230350816813e-14,2.051303819174044116e-03,2.557399819740346567e-02,-4.603545997495941544e-12,-2.352269437921812242e-02,2.413073535091694705e-11
2.002309850073918263e+00,-3.805063769847949473e-01,-1.523167670409824280e-02,-4.219228414445935771e-01,1.121992022352813998e-09,-1.164105163314774316e+00,3.805063763509806130e-01,-5.797669454184979181e-15,7.663758779325951544e-03,-5.852852563559886312e-02,3.191368796786191270e-11,6.619228441492584769e-02,-8.080617630985828320e-11,-1.754047329889496386e-14,2.031421980233680084e-03,2.564481932459452759e-02,-4.657312924730763763e-12,-2.361339734536428703e-02,2.424765576382445558e-11
2.003890205125278712e+00,-3.805063769847949473e-01,-1.521956271572442315e-02,-4.220153052420083650e-01,1.122042451472531355e-09,-1.164000585528985887e+00,3.805063763508528818e-01,-5.826237008747042296e-15,7.666953415527471595e-03,-5.848794177313038078e-02,3.190628523569780390e-11,6.615489518865727558e-02,-8.076776398616821966e-11,-1.861219604172582069e-14,2.011507340188776506e-03,2.571561228046407091e-02,-4.711138678839449791e-12,-2.370410494129341489e-02,2.436462254939823085e-11
2.005470560176639605e+00,-3.805063769847949473e-01,-1.520744370357340197e-02,-4.221077048141193000e-01,1.122092868826063997e-09,-1.163896066944724028e+00,3.805063763507253172e-01,-5.856495094435659660e-15,7.670116553660093726e-03,-5.844724605486555091e-02,3.189879739328599940e-11,6.611736260852343894e-02,-8.072916677680473036e-11,-1.967990232480228517e-14,1.991559977704696234e-03,2.578637714287993279e-02,-4.765023201462070465e-12,-2.379481716620797035e-02,2.448163567775004657e-11
2.007050915228000054e+00,-3.805063769847949473e-01,-1.519531971746414592e-02,-4.222000399841895901e-01,1.122143274278833568e-09,-1.163791607788544402e+00,3.805063763505978081e-01,-5.888437349484688027e-15,7.673248142072998032e-03,-5.840643852514044998e-02,3.189122434779782870e-11,6.607968666720959172e-02,-8.069038460855367152e-11,-2.074357402181252036e-14,1.971579971588542906e-03,2.585711398980808373e-02,-4.818966433795196953e-12,-2.388553401926682765e-02,2.459869511860520219e-11
2.008631270279360947e+00,-3.805063769847949473e-01,-1.518319080729713458e-02,-4.222923105755523321e-01,1.122193667696115507e-09,-1.163687208287014441e+00,3.805063763504702434e-01,-5.922057383546107569e-15,7.676348129240027039e-03,-5.836551922816778787e-02,3.188356600649785362e-11,6.604186735740229242e-02,-8.065141740824903098e-11,-2.180319308760984950e-14,1.951567400788836119e-03,2.592782289931228751e-02,-4.872968316591538051e-12,-2.397625549958522576e-02,2.471580084130206403e-11
2.010211625330721397e+00,-3.805063769847950028e-01,-1.517105702305419045e-02,-4.223845164116105111e-01,1.122244048943039669e-09,-1.163582868666713344e+00,3.805063763503428453e-01,-5.957348777818436605e-15,7.679416463759885202e-03,-5.832448820803684542e-02,3.187582227674458559e-11,6.600390467178952891e-02,-8.061226510277348387e-11,-2.285874155848718180e-14,1.931522344395266398e-03,2.599850394955366059e-02,-4.927028790159430468e-12,-2.406698160623458455e-02,2.483295281479137383e-11
2.011791980382082290e+00,-3.805063769847950028e-01,-1.515891841479827425e-02,-4.224766573158366678e-01,1.122294417884588259e-09,-1.163478589154231635e+00,3.805063763502154472e-01,-5.994305085175700890e-15,7.682453094356398240e-03,-5.828334550871339809e-02,3.186799306599131929e-11,6.596579860306088505e-02,-8.057292761905923278e-11,-2.391020155245386151e-14,1.911444881638401597e-03,2.606915721879048478e-02,-4.981147794362525399e-12,-2.415771233824263661e-02,2.495015100763603224e-11
2.013372335433442739e+00,-3.805063769847949473e-01,-1.514677503267328022e-02,-4.225687331117724543e-01,1.122344774385597895e-09,-1.163374369976170719e+00,3.805063763500881602e-01,-6.032919830296770512e-15,7.685457969878698760e-03,-5.824209117403934127e-02,3.186007828178664969e-11,6.592754914390741572e-02,-8.053340488408834378e-11,-2.495755526951070910e-14,1.891335091889391994e-03,2.613978278537762434e-02,-5.035325268619275582e-12,-2.424844769459308033e-02,2.506739538801027165e-11
2.014952690484803188e+00,-3.805063769847950028e-01,-1.513462692690382104e-02,-4.226607436230291892e-01,1.122395118310759409e-09,-1.163270211359144657e+00,3.805063763499609286e-01,-6.073186509795226128e-15,7.688431039301471710e-03,-5.820072524773273193e-02,3.185207783177529269e-11,6.588915628702179950e-02,-8.049369682489349605e-11,-2.600078499192534000e-14,1.871193054659692299e-03,2.621038072776638722e-02,-5.089561151902621868e-12,-2.433918767422576374e-02,2.518468592369943970e-11
2.016533045536163637e+00,-3.805063769847950028e-01,-1.512247414676780831e-02,-4.227526886722697830e-01,1.122445449524642446e-09,-1.163166113529767731e+00,3.805063763498337526e-01,-6.114268798237024533e-15,7.691374542074499825e-03,-5.815924550570311657e-02,3.184399167916004767e-11,6.585062004776345845e-02,-8.045380358065472945e-11,-2.580680218436699275e-14,1.854422300003462712e-03,2.628432089500303340e-02,-5.143772967504811965e-12,-2.442989859609877648e-02,2.530170740818228579e-11
2.018113400587524531e+00,-3.805063769847950028e-01,-1.511031673517531683e-02,-4.228445680758415870e-01,1.122495767891826374e-09,-1.163062076714603821e+00,3.805063763497066320e-01,-6.154729495881073831e-15,7.694292376195026664e-03,-5.811764808172571045e-02,3.183581982740021626e-11,6.581194045790486613e-02,-8.041372544418064252e-11,-2.539793873038771065e-14,1.838201078408257996e-03,2.635880946071747499e-02,-5.198028984669048304e-12,-2.452060838338366439e-02,2.541872112180448053e-11
2.019693755638884980e+00,-3.805063769847950028e-01,-1.509815473264469569e-02,-4.229363816477131888e-01,1.122546073276806394e-09,-1.162958101140201483e+00,3.805063763495795670e-01,-6.194544872705988331e-15,7.697184538333421387e-03,-5.807593297229649704e-02,3.182756218557880698e-11,6.577311751061236389e-02,-8.037346234704129739e-11,-2.499012491731855351e-14,1.821933423398204490e-03,2.643325635560435025e-02,-5.252343574412783612e-12,-2.461132293325591150e-02,2.553578222760285359e-11
2.021274110690245873e+00,-3.805063769847950583e-01,-1.508598817980476119e-02,-4.230281292019517636e-01,1.122596365543929641e-09,-1.162854187033123043e+00,3.805063763494525575e-01,-6.233716592292394760e-15,7.700050955120532094e-03,-5.803410024325850181e-02,3.181921866117870563e-11,6.573415119835983311e-02,-8.033301421436212737e-11,-2.458336678432369685e-14,1.805619350386600003e-03,2.650766159448002951e-02,-5.306716675488231572e-12,-2.470204224511857866e-02,2.565289069778912208e-11
2.022854465741606322e+00,-3.805063769847950583e-01,-1.507381711740028024e-02,-4.231198105527287923e-01,1.122646644557398910e-09,-1.162750334619941261e+00,3.805063763493256590e-01,-6.272246327745190966e-15,7.702891553211891999e-03,-5.799214996043104003e-02,3.181078916177990123e-11,6.569504151362214051e-02,-8.029238097131276828e-11,-2.417767034562285599e-14,1.789258875225335516e-03,2.658202519255206675e-02,-5.361148226192686418e-12,-2.479276631832735139e-02,2.577004650415561609e-11
2.024434820792966772e+00,-3.805063769847950583e-01,-1.506164158629188718e-02,-4.232114255143193948e-01,1.122696910181270167e-09,-1.162646544127242665e+00,3.805063763491988160e-01,-6.310135761654170709e-15,7.705706259288457559e-03,-5.795008218960916169e-02,3.180227359506033912e-11,6.565578844887526300e-02,-8.025156254310793725e-11,-2.377304159040467850e-14,1.772852014205586468e-03,2.665634716542005650e-02,-5.415638164368182046e-12,-2.488349515219063016e-02,2.588724961807494263e-11
2.026015175844327665e+00,-3.805063769847950583e-01,-1.504946162745608197e-02,-4.233029739011027193e-01,1.122747162279452970e-09,-1.162542815781623551e+00,3.805063763490720286e-01,-6.347386586054276911e-15,7.708495000057252050e-03,-5.790789699656279099e-02,3.179367186879644433e-11,6.561639199659617672e-02,-8.021055885500767834e-11,-2.336948648274173979e-14,1.756398784058517924e-03,2.673062752907600856e-02,-5.470186427400991183e-12,-2.497422874596927009e-02,2.600450001049917462e-11
2.027595530895688114e+00,-3.805063769847950583e-01,-1.503727728198516259e-02,-4.233944555275620525e-01,1.122797400715712326e-09,-1.162439149809693317e+00,3.805063763489452966e-01,-6.384000502385965333e-15,7.711257702252112371e-03,-5.786559444703642113e-02,3.178498389086404577e-11,6.557685214926317618e-02,-8.016936983231843525e-11,-2.296701096150464239e-14,1.739899201955997111e-03,2.680486629990512515e-02,-5.524792952221221490e-12,-2.506496709887659838e-02,2.612179765195935649e-11
2.029175885947049007e+00,-3.805063769847951138e-01,-1.502508859108719549e-02,-4.234858702082844317e-01,1.122847625353667040e-09,-1.162335546438072909e+00,3.805063763488186201e-01,-6.419979221455217222e-15,7.713994292634349104e-03,-5.782317460674823301e-02,3.177620956923893192e-11,6.553716889935576329e-02,-8.012799540039352960e-11,-2.256562094027739650e-14,1.723353285511267791e-03,2.687906349468639072e-02,-5.579457675302410051e-12,-2.515571021007834487e-02,2.623914251256501632e-11
2.030756240998409456e+00,-3.805063769847951138e-01,-1.501289559608597925e-02,-4.235772177579605891e-01,1.122897836056790950e-09,-1.162232005893395703e+00,3.805063763486920547e-01,-6.455324463393488049e-15,7.716704697993451677e-03,-5.778063754138967889e-02,3.176734881199772331e-11,6.549734223935491095e-02,-8.008643548463385877e-11,-2.216532230727318849e-14,1.706761052779684918e-03,2.695321913059306809e-02,-5.634180532661019304e-12,-2.524645807869245820e-02,2.635653456200331923e-11
2.032336596049770350e+00,-3.805063769847951138e-01,-1.500069833842096120e-02,-4.236684979913853399e-01,1.122948032688412520e-09,-1.162128528402305738e+00,3.805063763485655448e-01,-6.490037957617704375e-15,7.719388845147810013e-03,-5.773798331662465672e-02,3.175840152731846703e-11,6.545737216174288275e-02,-8.004469001048849052e-11,-2.176612092524806697e-14,1.690122522259341741e-03,2.702733322519354844e-02,-5.688961459856181786e-12,-2.533721070378919943e-02,2.647397376953891552e-11
2.033916951101130799e+00,-3.805063769847951138e-01,-1.498849685964724968e-02,-4.237597107234569727e-01,1.122998215111714835e-09,-1.162025114191460595e+00,3.805063763484390349e-01,-6.524121442789759787e-15,7.722046660945382397e-03,-5.769521199808906597e-02,3.174936762348142513e-11,6.541725865900352432e-02,-8.000275890345551597e-11,-2.136802263141907477e-14,1.673437712891843489e-03,2.710140579645166706e-02,-5.743800391989039354e-12,-2.542796808439080902e-02,2.659146010401284533e-11
2.035497306152491248e+00,-3.805063769847951138e-01,-1.497629120143550811e-02,-4.238508557691777479e-01,1.123048383189736846e-09,-1.161921763487528070e+00,3.805063763483126360e-01,-6.557576666776260116e-15,7.724678072264420589e-03,-5.765232365139003057e-02,3.174024700886976609e-11,6.537700172362223561e-02,-7.996064208908246321e-11,-2.097103323737824416e-14,1.656706644062911488e-03,2.717543686272757067e-02,-5.798697263702563853e-12,-2.551873021947172193e-02,2.670899353384245784e-11
2.037077661203851697e+00,-3.805063769847951138e-01,-1.496408140557196204e-02,-4.239419329436531769e-01,1.123098536785372538e-09,-1.161818476517189058e+00,3.805063763481862926e-01,-6.590405386607815058e-15,7.727283006014167184e-03,-5.760931834210551022e-02,3.173103959197038557e-11,6.533660134808620679e-02,-7.991833949296731835e-11,-2.057515852901101288e-14,1.639929335603149477e-03,2.724942644277816850e-02,-5.853652009180943198e-12,-2.560949710795823106e-02,2.682657402702048393e-11
2.038658016255212591e+00,-3.805063769847951693e-01,-1.495186751395828975e-02,-4.240329420620928547e-01,1.123148675761370935e-09,-1.161715253507135559e+00,3.805063763480600603e-01,-6.622609368438485200e-15,7.729861389135540828e-03,-5.756619613578326661e-02,3.172174528137442335e-11,6.529605752488411297e-02,-7.987585104075870647e-11,-2.018040426641068321e-14,1.623105807788652061e-03,2.732337455575776022e-02,-5.908664562149301872e-12,-2.570026874872855319e-02,2.694420155111465488e-11
2.040238371306573040e+00,-3.805063769847951693e-01,-1.493964956861162582e-02,-4.241238829398097376e-01,1.123198799980336716e-09,-1.161612094684072227e+00,3.805063763479338279e-01,-6.654190387504860654e-15,7.732413148601874342e-03,-5.752295709794062739e-02,3.171236398577822625e-11,6.525537024650661377e-02,-7.983317665815705481e-11,-1.978677618379703675e-14,1.606236081341740236e-03,2.739728122121866047e-02,-5.963734855873192827e-12,-2.579104514061266937e-02,2.706187607326704970e-11
2.041818726357933933e+00,-3.805063769847951693e-01,-1.492742761166448474e-02,-4.242147553922200887e-01,1.123248909304731666e-09,-1.161509000274714820e+00,3.805063763478077066e-01,-6.685150228085127057e-15,7.734938211419592133e-03,-5.747960129406369523e-02,3.170289561398394267e-11,6.521453950544627010e-02,-7.979031627091500642e-11,-1.939427998943304968e-14,1.589320177431616677e-03,2.747114645911184760e-02,-6.018862823158252556e-12,-2.588182628239236657e-02,2.717959756019363631e-11
2.043399081409294382e+00,-3.805063769847951693e-01,-1.491520168536469848e-02,-4.243055592348440874e-01,1.123299003596871158e-09,-1.161405970505791085e+00,3.805063763476816407e-01,-6.715490683458000636e-15,7.737436504628921428e-03,-5.743612878960666079e-02,3.169334007490022697e-11,6.517356529419746081e-02,-7.974726980483804048e-11,-1.900292136554206232e-14,1.572358117675044884e-03,2.754497028978738354e-02,-6.074048396349710762e-12,-2.597261217280094625e-02,2.729736597818349277e-11
2.044979436460655275e+00,-3.805063769847951693e-01,-1.490297183207538526e-02,-4.243962942833049978e-01,1.123349082718928911e-09,-1.161303005604040983e+00,3.805063763475556859e-01,-6.745213555861500754e-15,7.739907955304628669e-03,-5.739253964999137952e-02,3.168369727754312482e-11,6.513244760525681298e-02,-7.970403718578546756e-11,-1.861270596822615100e-14,1.555349924137030496e-03,2.761875273399529845e-02,-6.129291507332068048e-12,-2.606340281052341515e-02,2.741518129309855534e-11
2.046559791512015725e+00,-3.805063769847951693e-01,-1.489073809427487842e-02,-4.244869603533294455e-01,1.123399146532933680e-09,-1.161200105796216242e+00,3.805063763474297311e-01,-6.774320656451590723e-15,7.742352490556676965e-03,-5.734883394060642098e-02,3.167396713103656433e-11,6.509118643112286884e-02,-7.966061833967063637e-11,-1.822363942738374887e-14,1.538295619331480051e-03,2.769249381288584055e-02,-6.184592087528598314e-12,-2.615419819419613837e-02,2.753304347037273627e-11
2.048140146563376618e+00,-3.805063769847952249e-01,-1.487850051455667441e-02,-4.245775572607475290e-01,1.123449194900770912e-09,-1.161097271309079915e+00,3.805063763473038874e-01,-6.802813805260720799e-15,7.744770037530984176e-03,-5.730501172680672883e-02,3.166414954461329956e-11,6.504978176429648817e-02,-7.961701319246201947e-11,-1.783572734662835849e-14,1.521195226221880997e-03,2.776619354801036429e-02,-6.239950067901007873e-12,-2.624499832240697120e-02,2.765095247501162662e-11
2.049720501614737067e+00,-3.805063769847952249e-01,-1.486625913562938071e-02,-4.246680848214925419e-01,1.123499227684183571e-09,-1.160994502369407710e+00,3.805063763471780991e-01,-6.830694831156211031e-15,7.747160523410107254e-03,-5.726107307391285067e-02,3.165424442761553092e-11,6.500823359728077899e-02,-7.957322167018371729e-11,-1.744897530320718249e-14,1.504048768221966526e-03,2.783985196132174322e-02,-6.295365378948979852e-12,-2.633580319369505096e-02,2.776890827159177564e-11
2.051300856666097516e+00,-3.805063769847952249e-01,-1.485401400031664473e-02,-4.247585428516009731e-01,1.123549244744769865e-09,-1.160891799203986663e+00,3.805063763470523663e-01,-6.857965571798541824e-15,7.749523875413958686e-03,-5.721701804721023021e-02,3.164425168949563538e-11,6.496654192258108362e-02,-7.952924369891602688e-11,-1.706338884791963415e-14,1.486856269196364360e-03,2.791346907517498060e-02,-6.350837950709821996e-12,-2.642661280655076231e-02,2.788691082426022552e-11
2.052881211717457965e+00,-3.805063769847952249e-01,-1.484176515155711390e-02,-4.248489311672123958e-01,1.123599245943986554e-09,-1.160789162039615574e+00,3.805063763469266891e-01,-6.884627873599440178e-15,7.751860020800530743e-03,-5.717284671194886730e-02,3.163417123981697430e-11,6.492470673270542281e-02,-7.948507920479646288e-11,-1.667897350503782971e-14,1.469617753461303650e-03,2.798704491232788250e-02,-6.406367712757957755e-12,-2.651742715941567130e-02,2.800496009673387484e-11
2.054461566768818859e+00,-3.805063769847952249e-01,-1.482951263240435934e-02,-4.249392495845695228e-01,1.123649231143146055e-09,-1.160686591103106124e+00,3.805063763468011229e-01,-6.910683591679955675e-15,7.754168886866591101e-03,-5.712855913334231178e-02,3.162400298825453317e-11,6.488272802016406549e-02,-7.944072811402005487e-11,-1.629573477222473622e-14,1.452333245785216494e-03,2.806057949594155387e-02,-6.461954594204675063e-12,-2.660824625068246296e-02,2.812305605229907144e-11
2.056041921820179308e+00,-3.805063769847952249e-01,-1.481725648602680648e-02,-4.250294979200181511e-01,1.123699200203419543e-09,-1.160584086621279765e+00,3.805063763466756122e-01,-6.936134589828321900e-15,7.756450400948412295e-03,-5.708415537656717081e-02,3.161374684459568420e-11,6.484060577746994514e-02,-7.939619035284017449e-11,-1.591367812045464797e-14,1.435002771389432691e-03,2.813407284958093293e-02,-6.517598523697575422e-12,-2.669907007869474352e-02,2.824119865381084985e-11
2.057622276871540201e+00,-3.805063769847952804e-01,-1.480499675570770036e-02,-4.251196759900068844e-01,1.123749152985835093e-09,-1.160481648820971934e+00,3.805063763465501570e-01,-6.960982740457707412e-15,7.758704490422491627e-03,-5.703963550676265093e-02,3.160340271874096177e-11,6.479833999713870141e-02,-7.935146584756938851e-11,-1.553280899393351788e-14,1.417626355948816384e-03,2.820752499721558559e-02,-6.573299429420307329e-12,-2.678989864174719654e-02,2.835938786369269545e-11
2.059202631922900650e+00,-3.805063769847952804e-01,-1.479273348484500678e-02,-4.252097836110875773e-01,1.123799089351278090e-09,-1.160379277929028508e+00,3.805063763464248128e-01,-6.985229924563856283e-15,7.760931082706246792e-03,-5.699499958902959351e-02,3.159297052070474747e-11,6.475593067168865236e-02,-7.930655452457983360e-11,-1.515313281001915636e-14,1.400204025592442173e-03,2.828093596321996916e-02,-6.629057239092032326e-12,-2.688073193808523595e-02,2.847762364393561386e-11
2.060782986974261544e+00,-3.805063769847953359e-01,-1.478046671695138793e-02,-4.252998205999145576e-01,1.123849009160492263e-09,-1.160276974172308240e+00,3.805063763462995241e-01,-7.008878031682576383e-15,7.763130105258758337e-03,-5.695024768843010010e-02,3.158245016061601324e-11,6.471337779364097487e-02,-7.926145631030418575e-11,-1.477465495914239250e-14,1.382735806904215273e-03,2.835430577237427890e-02,-6.684871879967139043e-12,-2.697156996590513445e-02,2.859590595609794353e-11
2.062363342025621993e+00,-3.805063769847953359e-01,-1.476819649565409322e-02,-4.253897867732450155e-01,1.123898912274079481e-09,-1.160174737777680321e+00,3.805063763461742909e-01,-7.031928959847166926e-15,7.765301485581475698e-03,-5.690537986998678993e-02,3.157184154871907748e-11,6.467068135551971853e-02,-7.921617113123611256e-11,-1.439738080472743073e-14,1.365221726923539821e-03,2.842763444986487129e-02,-6.740743278834795673e-12,-2.706241272335385695e-02,2.871423476130458673e-11
2.063943697076982886e+00,-3.805063769847953359e-01,-1.475592286469491407e-02,-4.254796819479392256e-01,1.123948798552500166e-09,-1.160072568972027263e+00,3.805063763460490578e-01,-7.054384615545648005e-15,7.767445151218935369e-03,-5.686039619868201583e-02,3.156114459537429654e-11,6.462784134985176399e-02,-7.917069891393107464e-11,-1.402131568311357366e-14,1.347661813145941637e-03,2.850092202128486074e-02,-6.796671362018576780e-12,-2.715326020852897038e-02,2.883261002024661214e-11
2.065524052128343335e+00,-3.805063769847953359e-01,-1.474364586793012848e-02,-4.255695059409596581e-01,1.123998667856071636e-09,-1.159970467982242237e+00,3.805063763459239912e-01,-7.076246913677865495e-15,7.769561029759494697e-03,-5.681529673945759362e-02,3.155035921105885954e-11,6.458485776916730869e-02,-7.912503958500708810e-11,-1.364646490347754301e-14,1.330056093523753879e-03,2.857416851263470947e-02,-6.852656055376011738e-12,-2.724411241947861592e-02,2.895103169318057303e-11
2.067104407179704229e+00,-3.805063769847953914e-01,-1.473136554933039515e-02,-4.256592585693715902e-01,1.124048520044971623e-09,-1.159868435035230405e+00,3.805063763457990356e-01,-7.097517777512584119e-15,7.771649048836047451e-03,-5.677008155721373350e-02,3.153948530636749928e-11,6.454173060599943668e-02,-7.907919307114518989e-11,-1.327283374775406654e-14,1.312404596466697302e-03,2.864737395032279643e-02,-6.908697284298316544e-12,-2.733496935420146393e-02,2.906949973992817771e-11
2.068684762231064678e+00,-3.805063769847953914e-01,-1.471908195298071535e-02,-4.257489396503428281e-01,1.124098354979235790e-09,-1.159766470357909585e+00,3.805063763456740800e-01,-7.118199138644272855e-15,7.773709136126735926e-03,-5.672475071680867925e-02,3.152852279201318368e-11,6.449845985288456263e-02,-7.903315929909036836e-11,-1.290042747055960780e-14,1.294707350842578489e-03,2.872053836116588571e-02,-6.964794973709835631e-12,-2.742583101064646062e-02,2.918801411987548818e-11
2.070265117282425127e+00,-3.805063769847953914e-01,-1.470679512308034100e-02,-4.258385490011437069e-01,1.124148172518758975e-09,-1.159664574177208252e+00,3.805063763455492354e-01,-7.138292936949966872e-15,7.775741219355703816e-03,-5.667930428305798657e-02,3.151747157882794943e-11,6.445504550236232089e-02,-7.898693819565210611e-11,-1.252925129911368202e-14,1.276964385977865778e-03,2.879366177238990715e-02,-7.020949048067847195e-12,-2.751669738671305362e-02,2.930657479197273595e-11
2.071845472333785576e+00,-3.805063769847953914e-01,-1.469450510394272429e-02,-4.259280864391467580e-01,1.124197972523295392e-09,-1.159562746720067539e+00,3.805063763454244463e-01,-7.157801120545823379e-15,7.777745226293784030e-03,-5.663374232073380837e-02,3.150633157776356116e-11,6.441148754697577361e-02,-7.894052968770507788e-11,-1.215931043316303077e-14,1.259175731658380547e-03,2.886674421163020615e-02,-7.077159431361983192e-12,-2.760756848025079646e-02,2.942518171473339474e-11
2.073425827385146469e+00,-3.805063769847953914e-01,-1.468221193999539806e-02,-4.260175517818271529e-01,1.124247754852457395e-09,-1.159460988213440125e+00,3.805063763452997128e-01,-7.176725645743732698e-15,7.779721084759261100e-03,-5.658806489456426336e-02,3.149510269989225458e-11,6.436778597927129975e-02,-7.889393370218984856e-11,-1.179061004490316979e-14,1.241341418129864038e-03,2.893978570693236940e-02,-7.133426047114012857e-12,-2.769844428905951852e-02,2.954383484623405762e-11
2.075006182436506919e+00,-3.805063769847953914e-01,-1.466991567577996536e-02,-4.261069448467619813e-01,1.124297519365719199e-09,-1.159359298884290013e+00,3.805063763451750902e-01,-7.195068477007626414e-15,7.781668722618575486e-03,-5.654227206923301274e-02,3.148378485640754433e-11,6.432394079179894197e-02,-7.884715016611371321e-11,-1.142315527890388101e-14,1.223461476098679484e-03,2.901278628675264815e-02,-7.189748818377312785e-12,-2.778932481088909959e-02,2.966253414411358404e-11
2.076586537487867812e+00,-3.805063769847954469e-01,-1.465761635595195546e-02,-4.261962654516306959e-01,1.124347265922412538e-09,-1.159257678959593418e+00,3.805063763450505232e-01,-7.212831586909836010e-15,7.783588067787056489e-03,-5.649636390937811531e-02,3.147237795862488306e-11,6.427995197711218467e-02,-7.880017900655104609e-11,-1.105695125203100179e-14,1.205535936732349874e-03,2.908574597995848901e-02,-7.246127667736630251e-12,-2.788021004343949061e-02,2.978127956557278963e-11
2.078166892539228261e+00,-3.805063769847954469e-01,-1.464531402528079958e-02,-4.262855134142148339e-01,1.124396994381730591e-09,-1.159156128666338104e+00,3.805063763449260672e-01,-7.230016956087195918e-15,7.785479048229659513e-03,-5.645034047959198581e-02,3.146088191798243701e-11,6.423581952776832860e-02,-7.875302015064438631e-11,-1.069200305337239342e-14,1.187564831660263987e-03,2.915866481582919667e-02,-7.302562517307554911e-12,-2.797109998436057149e-02,2.990007106737378699e-11
2.079747247590589154e+00,-3.805063769847954469e-01,-1.463300872864972679e-02,-4.263746885523981289e-01,1.124446704602725504e-09,-1.159054648231524043e+00,3.805063763448016112e-01,-7.246626573197115005e-15,7.787341591961689444e-03,-5.640420184442028473e-02,3.144929664604186785e-11,6.419154343632837989e-02,-7.870567352560490311e-11,-1.032831574416112033e-14,1.169548192974238007e-03,2.923154282405637100e-02,-7.359053288736262734e-12,-2.806199463125216495e-02,3.001890860583964973e-11
2.081327602641949603e+00,-3.805063769847954469e-01,-1.462070051105567210e-02,-4.264637906841660109e-01,1.124496396444310871e-09,-1.158953237882161869e+00,3.805063763446773217e-01,-7.262662434873490297e-15,7.789175627049526630e-03,-5.635794806836139093e-02,3.143762205448897253e-11,6.414712369535706393e-02,-7.865813905871301627e-11,-9.965894357700400959e-15,1.151486053229155201e-03,2.930438003474445524e-02,-7.415599903199070905e-12,-2.815289398166379714e-02,3.013779213685361751e-11
2.082907957693310497e+00,-3.805063769847954469e-01,-1.460838941760922959e-02,-4.265528196276059392e-01,1.124546069765260078e-09,-1.158851897845275758e+00,3.805063763445530323e-01,-7.278126545682503944e-15,7.790981081611381490e-03,-5.631157921586592285e-02,3.142585805513456859e-11,6.410256029742324169e-02,-7.861041667731948177e-11,-9.604743899289328659e-15,1.133378445443583918e-03,2.937717647841141949e-02,-7.472202281402088861e-12,-2.824379803309489886e-02,3.025672161585896041e-11
2.084488312744670946e+00,-3.805063769847954469e-01,-1.459607549353454659e-02,-4.266417752009071251e-01,1.124595724424207337e-09,-1.158750628347899880e+00,3.805063763444288538e-01,-7.293020918078298705e-15,7.792757883817995335e-03,-5.626509535133582957e-02,3.141400455991507578e-11,6.405785323509957663e-02,-7.856250630884554688e-11,-9.244869346147699533e-15,1.115225403100383438e-03,2.944993218598908336e-02,-7.528860343580808735e-12,-2.833470678299441006e-02,3.037569699785806123e-11
2.086068667796031395e+00,-3.805063769847955024e-01,-1.458375878416923004e-02,-4.267306572223606986e-01,1.124645360279648102e-09,-1.158649429617081061e+00,3.805063763443046754e-01,-7.307347572358577700e-15,7.794505961893401919e-03,-5.621849653912385641e-02,3.140206148089340138e-11,6.401300250096284006e-02,-7.851440788078404878e-11,-8.886275647341416182e-15,1.097026960147298551e-03,2.952264718882382719e-02,-7.585574009499806480e-12,-2.842562022876097411e-02,3.049471823741224750e-11
2.087649022847391844e+00,-3.805063769847955024e-01,-1.457143933496429268e-02,-4.268194655103593194e-01,1.124694977189938653e-09,-1.158548301879877673e+00,3.805063763441806080e-01,-7.321108536620013259e-15,7.796225244115651681e-03,-5.617178284353296913e-02,3.139002873025961233e-11,6.396800808759410539e-02,-7.846612132070002199e-11,-8.528967723709439179e-15,1.078783150997608339e-03,2.959532151867705005e-02,-7.642343198452273339e-12,-2.851653836774271922e-02,3.061378528864106765e-11
2.089229377898752738e+00,-3.805063769847955024e-01,-1.455911719148404206e-02,-4.269081998833971214e-01,1.124744575013296924e-09,-1.158447245363359634e+00,3.805063763440567071e-01,-7.334305846713598973e-15,7.797915658817538599e-03,-5.612495432881546564e-02,3.137790622033164604e-11,6.392286998757841510e-02,-7.841764655623121539e-11,-8.172950467789149791e-15,1.060494010530670019e-03,2.966795520772570749e-02,-7.699167829259737974e-12,-2.860746119723723419e-02,3.073289810522192270e-11
2.090809732950113187e+00,-3.805063769847955024e-01,-1.454679239940600416e-02,-4.269968601600699909e-01,1.124794153607801677e-09,-1.158346260294608854e+00,3.805063763439327507e-01,-7.346941546199870791e-15,7.799577134387361728e-03,-5.607801105917263607e-02,3.136569386355618930e-11,6.387758819350533579e-02,-7.836898351508907447e-11,-7.818228743743609109e-15,1.042159574092586805e-03,2.974054828856286664e-02,-7.756047820271622171e-12,-2.869838871449147122e-02,3.085205664038942648e-11
2.092390088001474080e+00,-3.805063769847955024e-01,-1.453446500452082804e-02,-4.270854461590750106e-01,1.124843712831394154e-09,-1.158245346900718786e+00,3.805063763438090163e-01,-7.359017686303997172e-15,7.801209599269642511e-03,-5.603095309875377739e-02,3.135339157250926633e-11,6.383216269796875009e-02,-7.832013212505923250e-11,-7.464807387288283915e-15,1.023779877496746107e-03,2.981310079419823011e-02,-7.812983089364951656e-12,-2.878932091670178064e-02,3.097126084693510835e-11
2.093970443052834529e+00,-3.805063769847955579e-01,-1.452213505273220601e-02,-4.271739576992106824e-01,1.124893252541877252e-09,-1.158144505408794656e+00,3.805063763436852819e-01,-7.370536325870765103e-15,7.802812981965858569e-03,-5.598378051165574243e-02,3.134099925989706600e-11,6.378659349356696762e-02,-7.827109231400222136e-11,-7.112691205618278998e-15,1.005354957024457048e-03,2.988561275805859049e-02,-7.869973553943910189e-12,-2.888025780101361253e-02,3.109051067720663772e-11
2.095550798104195422e+00,-3.805063769847956134e-01,-1.450980259005677994e-02,-4.272623945993768158e-01,1.124942772596916347e-09,-1.158043736045953231e+00,3.805063763435616031e-01,-7.381499531319455676e-15,7.804387211035219117e-03,-5.593649336192232924e-02,3.132851683855675602e-11,6.374088057290294707e-02,-7.822186400985442797e-11,-6.761884977336342553e-15,9.868848494255354903e-04,2.995808421398853810e-02,-7.927019130939556840e-12,-2.897119936452175262e-02,3.120980608310768189e-11
2.097131153155555872e+00,-3.805063769847956134e-01,-1.449746766262403723e-02,-4.273507566785743617e-01,1.124992272854038472e-09,-1.157943039039322830e+00,3.805063763434379798e-01,-7.391909376598591873e-15,7.805932215095358860e-03,-5.588909171354335126e-02,3.131594422145705171e-11,6.369502392858419904e-02,-7.817244714062837865e-11,-6.412393452380229442e-15,9.683695919188791031e-04,3.003051519625070734e-02,-7.984119736809373620e-12,-2.906214560426994414e-02,3.132914701609702068e-11
2.098711508206916765e+00,-3.805063769847956134e-01,-1.448513031667623789e-02,-4.274390437559053013e-01,1.125041753170633761e-09,-1.157842414616044202e+00,3.805063763433144675e-01,-7.401767943140594839e-15,7.807447922823113409e-03,-5.584157563045424183e-02,3.130328132169913358e-11,6.364902355322295258e-02,-7.812284163441377307e-11,-6.064221351951310866e-15,9.498092221930645382e-04,3.010290573952657811e-02,-8.041275287537011837e-12,-2.915309651725108211e-02,3.144853342718842369e-11
2.100291863258277214e+00,-3.805063769847956134e-01,-1.447279059856831050e-02,-4.275272556505725907e-01,1.125091213403955033e-09,-1.157741863003269200e+00,3.805063763431910662e-01,-7.411077319816306054e-15,7.808934262955253940e-03,-5.579394517653534641e-02,3.129052805251734531e-11,6.360287943943634947e-02,-7.807304741937815638e-11,-5.717373368443323656e-15,9.312037784069593545e-04,3.017525587891680197e-02,-8.098485698631830039e-12,-2.924405210040695660e-02,3.156796526694987478e-11
2.101872218309638107e+00,-3.805063769847956134e-01,-1.446044855476775158e-02,-4.276153921818801606e-01,1.125140653411118006e-09,-1.157641384428161002e+00,3.805063763430677204e-01,-7.419839602889394324e-15,7.810391164289220110e-03,-5.574620041561104827e-02,3.127768432727986581e-11,6.355659157984618057e-02,-7.802306442376734567e-11,-5.371854165370557896e-15,9.125532991902446031e-04,3.024756564994176763e-02,-8.155750885128630669e-12,-2.933501235062827006e-02,3.168744248550327481e-11
2.103452573360998556e+00,-3.805063769847956134e-01,-1.444810423185453191e-02,-4.277034531692329167e-01,1.125190073049101497e-09,-1.157540979117894997e+00,3.805063763429444301e-01,-7.428056895970688627e-15,7.811818555683876404e-03,-5.569834141144938688e-02,3.126475005948958812e-11,6.351015996707938538e-02,-7.797289257590647691e-11,-5.027668377297853411e-15,8.938578236440610121e-04,3.031983508854213527e-02,-8.213070761587228708e-12,-2.942597726475455408e-02,3.180696503252382774e-11
2.105032928412359006e+00,-3.805063769847956689e-01,-1.443575767652101327e-02,-4.277914384321361285e-01,1.125239472174748252e-09,-1.157440647299658565e+00,3.805063763428213064e-01,-7.435731309972338982e-15,7.813216366060254589e-03,-5.565036822776121134e-02,3.125172516278475268e-11,6.346358459376785777e-02,-7.792253180420052191e-11,-4.684820609769898895e-15,8.751173913415354749e-04,3.039206423107937427e-02,-8.270445242092152787e-12,-2.951694683957414508e-02,3.192653285723973039e-11
2.106613283463719455e+00,-3.805063769847956689e-01,-1.442340893557182528e-02,-4.278793477901959852e-01,1.125288850644763500e-09,-1.157340389200649300e+00,3.805063763426982382e-01,-7.442864963061920520e-15,7.814584524402297047e-03,-5.560228092819962525e-02,3.123860955093980042e-11,6.341686545254855700e-02,-7.787198203713506382e-11,-4.343315439241058788e-15,8.563320423284003467e-04,3.046425311433613795e-02,-8.327874240252249374e-12,-2.960792107182394842e-02,3.204614590843141642e-11
2.108193638515080348e+00,-3.805063769847956134e-01,-1.441105805592379080e-02,-4.279671810631192064e-01,1.125338208315718051e-09,-1.157240205048078563e+00,3.805063763425751699e-01,-7.449459980616400298e-15,7.815922959757614849e-03,-5.555407957635929289e-02,3.122540313786607711e-11,6.337000253606385469e-02,-7.782124320327707263e-11,-4.003157413005688460e-15,8.375018171235294739e-04,3.053640177551699905e-02,-8.385357669200377421e-12,-2.969889995818969161e-02,3.216580413443143992e-11
2.109773993566440797e+00,-3.805063769847956134e-01,-1.439870508460580102e-02,-4.280549380707127649e-01,1.125387545044044991e-09,-1.157140095069167041e+00,3.805063763424521572e-01,-7.455518495175982622e-15,7.817231601238207664e-03,-5.550576423577558566e-02,3.121210583761251191e-11,6.332299583696107681e-02,-7.777031523127527993e-11,-3.664351049128503038e-15,8.186267567195154235e-04,3.060851025224862673e-02,-8.442895441593019012e-12,-2.978988349530542479e-02,3.228550748312361597e-11
2.111354348617801691e+00,-3.805063769847956134e-01,-1.438635006875871661e-02,-4.281426186328843864e-01,1.125436860686042781e-09,-1.157040059491148298e+00,3.805063763423293111e-01,-7.461042646397905466e-15,7.818510378021257395e-03,-5.545733496992424905e-02,3.119871756436652858e-11,6.327584534789316983e-02,-7.771919804986134219e-11,-3.326900836375387992e-15,7.997069025832488805e-04,3.068057858258064693e-02,-8.500487469609982095e-12,-2.988087167975390576e-02,3.240525590194290433e-11
2.112934703669162140e+00,-3.805063769847956134e-01,-1.437399305563530523e-02,-4.282302225696414943e-01,1.125486155097874226e-09,-1.156940098541267892e+00,3.805063763422065759e-01,-7.466034581010022317e-15,7.819759219349839419e-03,-5.540879184222053527e-02,3.118523823245471757e-11,6.322855106151843707e-02,-7.766789158785038356e-11,-2.990811234145576030e-15,7.807422966564902395e-04,3.075260680498587834e-02,-8.558133664953991735e-12,-2.997186450806617677e-02,3.252504933787465976e-11
2.114515058720523033e+00,-3.805063769847956689e-01,-1.436163409260006289e-02,-4.283177497010922652e-01,1.125535428135566471e-09,-1.156840212446782035e+00,3.805063763420838407e-01,-7.470496452764391912e-15,7.820978054533685858e-03,-5.536013491601850245e-02,3.117166775634350808e-11,6.318111297050069131e-02,-7.761639577414146117e-11,-2.656086672401652260e-15,7.617329813563943584e-04,3.082459495836092217e-02,-8.615833938850391236e-12,-3.006286197672170327e-02,3.264488773745434125e-11
2.116095413771883482e+00,-3.805063769847957245e-01,-1.434927322712916883e-02,-4.284051998474446288e-01,1.125584679655012039e-09,-1.156740401434958709e+00,3.805063763419612166e-01,-7.474430422390675489e-15,7.822166812949943662e-03,-5.531136425461040396e-02,3.115800605064004693e-11,6.313353106750929644e-02,-7.756471053771858621e-11,-2.322731551602393726e-15,7.426789995760986300e-04,3.089654308202664096e-02,-8.673588202046798015e-12,-3.015386408214818653e-02,3.276477104676694332e-11
2.117675768823244375e+00,-3.805063769847957245e-01,-1.433691050681035889e-02,-4.284925728290064351e-01,1.125633909511968210e-09,-1.156640665733078333e+00,3.805063763418387035e-01,-7.477838657549464623e-15,7.823325424043930942e-03,-5.526247992122610558e-02,3.114425303009296116e-11,6.308580534521948668e-02,-7.751283580765146058e-11,-1.990750242635092244e-15,7.235803946852798277e-04,3.096845121572874143e-02,-8.731396364812770795e-12,-3.024487082072167821e-02,3.288469921144667290e-11
2.119256123874604825e+00,-3.805063769847957245e-01,-1.432454597934280927e-02,-4.285798684661856206e-01,1.125683117562058053e-09,-1.156541005568431313e+00,3.805063763417161904e-01,-7.480723332785482838e-15,7.824453817329860353e-03,-5.521348197903219041e-02,3.113040860959295253e-11,6.303793579631201960e-02,-7.746077151309577421e-11,-1.660147086747650042e-15,7.044372105306914364e-04,3.104031939963800349e-02,-8.789258336939399243e-12,-3.033588218876618128e-02,3.300467217667619327e-11
2.120836478925965274e+00,-3.805063769847957245e-01,-1.431217969253703245e-02,-4.286670865794898200e-01,1.125732303660769597e-09,-1.156441421168321604e+00,3.805063763415938438e-01,-7.483086629480719385e-15,7.825551922391637064e-03,-5.516437049113153551e-02,3.111647270417375398e-11,6.298992241347368959e-02,-7.740851758329444579e-11,-1.330926395481552618e-15,6.852494914367200651e-04,3.111214767435112327e-02,-8.847174027739103642e-12,-3.042689818255402481e-02,3.312468988718659167e-11
2.122416833977325723e+00,-3.805063769847957245e-01,-1.429981169431478009e-02,-4.287542269895261993e-01,1.125781467663457493e-09,-1.156341912760063151e+00,3.805063763414716083e-01,-7.484930735807406819e-15,7.826619668883585609e-03,-5.511514552056250710e-02,3.110244522901277582e-11,6.294176518939720300e-02,-7.735607394757807519e-11,-1.003092450605431663e-15,6.660172822059479310e-04,3.118393608089090399e-02,-8.905143346045159901e-12,-3.051791879830543369e-02,3.324475228725653283e-11
2.123997189028686616e+00,-3.805063769847957800e-01,-1.428744203270889551e-02,-4.288412895170018446e-01,1.125830609425341971e-09,-1.156242480570981668e+00,3.805063763413493727e-01,-7.486257846680911800e-15,7.827656986531201025e-03,-5.506580713029817636e-02,3.108832609943183601e-11,6.289346411678110871e-02,-7.730344053536544745e-11,-6.766495040480158244e-16,6.467406281196559290e-04,3.125568466070685614e-02,-8.963166200211473381e-12,-3.060894403218862581e-02,3.336485932071205209e-11
2.125577544080047065e+00,-3.805063769847957800e-01,-1.427507075586325475e-02,-4.289282739827227631e-01,1.125879728801509674e-09,-1.156143124828415303e+00,3.805063763412272482e-01,-7.487070163712551753e-15,7.828663805131938144e-03,-5.501635538324600727e-02,3.107411523089803904e-11,6.284501918833031164e-02,-7.725061727616485115e-11,-3.516017778330772980e-16,6.274195749384359894e-04,3.132739345567570749e-02,-9.021242498112141065e-12,-3.069997388031973223e-02,3.348501093092594800e-11
2.127157899131407959e+00,-3.805063769847957800e-01,-1.426269791203259134e-02,-4.290151802075949927e-01,1.125928825646914275e-09,-1.156043845759712418e+00,3.805063763411051792e-01,-7.487369895162252162e-15,7.829640054555929776e-03,-5.496679034224668386e-02,3.105981253902437044e-11,6.279643039675565641e-02,-7.719760409957403964e-11,-2.795346401230528163e-17,6.080541689026421059e-04,3.139906250810177435e-02,-9.079372147141264150e-12,-3.079100833876274174e-02,3.360520706081747855e-11
2.128738254182768408e+00,-3.805063769847957800e-01,-1.425032354958243389e-02,-4.291020080126232705e-01,1.125977899816375030e-09,-1.155944643592234033e+00,3.805063763409832767e-01,-7.487159255891159697e-15,7.830585664746776003e-03,-5.491711207007393680e-02,3.104541793957065969e-11,6.274769773477446855e-02,-7.714440093528167858e-11,2.942912753987211290e-16,5.886444567330170047e-04,3.147069186071756175e-02,-9.137555054212468223e-12,-3.088204740352937933e-02,3.372544765285177958e-11
2.130318609234129301e+00,-3.805063769847957800e-01,-1.423794771698896032e-02,-4.291887572189116984e-01,1.126026951164579259e-09,-1.155845518553352269e+00,3.805063763408613742e-01,-7.486440467314088103e-15,7.831500565722286644e-03,-5.486732062943343313e-02,3.103093134844411013e-11,6.269882119511020757e-02,-7.709100771306746225e-11,6.151283084865657258e-16,5.691904856311470751e-04,3.154228155668410694e-02,-9.195791125758689998e-12,-3.097309107057913055e-02,3.384573264903950288e-11
2.131898964285489750e+00,-3.805063769847957800e-01,-1.422557046283887128e-02,-4.292754276476634656e-01,1.126075979546080693e-09,-1.155746470870450571e+00,3.805063763407395827e-01,-7.485215757351923067e-15,7.832384687575248000e-03,-5.481741608296240159e-02,3.101635268170022954e-11,6.264980077049291107e-02,-7.703742436280316050e-11,9.345535335043370045e-16,5.496923032800443698e-04,3.161383163959152059e-02,-9.254080267731778267e-12,-3.106413933581906803e-02,3.396606199093631214e-11
2.133479319336850644e+00,-3.805063769847958355e-01,-1.421319183582930683e-02,-4.293620191201807379e-01,1.126124984815301542e-09,-1.155647500770923708e+00,3.805063763406179023e-01,-7.483487360383891396e-15,7.833237960474193073e-03,-5.476739849322884157e-02,3.100168185554357331e-11,6.260063645365906981e-02,-7.698365081445342004e-11,1.252562878935957845e-15,5.301499578446540115e-04,3.168534215345953503e-02,-9.312422385602272567e-12,-3.115519219510399368e-02,3.408643561964263734e-11
2.135059674388211093e+00,-3.805063769847958910e-01,-1.420081188476769729e-02,-4.294485314578642687e-01,1.126173966826530838e-09,-1.155548608482178441e+00,3.805063763404962773e-01,-7.481257517199716605e-15,7.834060314664131885e-03,-5.471726792273077372e-02,3.098691878632839066e-11,6.255132823735175263e-02,-7.692968699807606172e-11,1.569152303560033269e-15,5.105634979723902220e-04,3.175681314273767764e-02,-9.370817384358897498e-12,-3.124624964423601894e-02,3.420685347580279593e-11
2.136640029439571986e+00,-3.805063769847958910e-01,-1.418843065857164180e-02,-4.295349644822136770e-01,1.126222925433925473e-09,-1.155449794231633076e+00,3.805063763403747079e-01,-7.478528474951720862e-15,7.834851680467359858e-03,-5.466702443389567095e-02,3.097206339055950353e-11,6.250187611432074519e-02,-7.687553284382324377e-11,1.884317796514299190e-15,4.909329727936307189e-04,3.182824465230611743e-02,-9.429265168508486794e-12,-3.133731167896493947e-02,3.432731549960513497e-11
2.138220384490932435e+00,-3.805063769847958910e-01,-1.417604820626880424e-02,-4.296213180148273358e-01,1.126271860491511230e-09,-1.155351058246716578e+00,3.805063763402532495e-01,-7.475302487106778624e-15,7.835611988284184662e-03,-5.461666808907980619e-02,3.095711558489304331e-11,6.245228007732258474e-02,-7.682118828194205630e-11,2.198055377357925076e-15,4.712584319222839699e-04,3.189963672747584550e-02,-9.487765642075437252e-12,-3.142837829498781876e-02,3.444782163078115223e-11
2.139800739542292884e+00,-3.805063769847958910e-01,-1.416366457699677096e-02,-4.297075918774018177e-01,1.126320771853181749e-09,-1.155252400754870346e+00,3.805063763401319021e-01,-7.471581813398186657e-15,7.836341168593705109e-03,-5.456619895056737113e-02,3.094207528613716165e-11,6.240254011912057391e-02,-7.676665324277498661e-11,2.510361096135238519e-15,4.515399254562523640e-04,3.197098941398920924e-02,-9.546318708601569791e-12,-3.151944948794913048e-02,3.456837180860523128e-11
2.141381094593653334e+00,-3.805063769847958910e-01,-1.415127982000294674e-02,-4.297937858917322274e-01,1.126369659372699563e-09,-1.155153821983546214e+00,3.805063763400106658e-01,-7.467368719777448854e-15,7.837039151954572694e-03,-5.451561708057001826e-02,3.092694241125283183e-11,6.235265623248503059e-02,-7.671192765676103073e-11,2.821231033437771914e-15,4.317775039779933946e-04,3.204230275802037037e-02,-9.604924271145673859e-12,-3.161052525344056063e-02,3.468896597189420202e-11
2.142961449645014227e+00,-3.805063769847959465e-01,-1.413889398464439340e-02,-4.298798998797118687e-01,1.126418522903695891e-09,-1.155055322160207787e+00,3.805063763398894294e-01,-7.462665478365958510e-15,7.837705869005779161e-03,-5.446492254122613230e-02,3.091171687735467593e-11,6.230262841019330866e-02,-7.665701145443624915e-11,3.130661300467311770e-15,4.119712185549941064e-04,3.211357680617586002e-02,-9.663582232283326484e-12,-3.170160558700115677e-02,3.480960405900701756e-11
2.144541804696374676e+00,-3.805063769847959465e-01,-1.412650712038774313e-02,-4.299659336633323559e-01,1.126467362299671461e-09,-1.154956901512331102e+00,3.805063763397683596e-01,-7.457474367406537013e-15,7.838341250467372942e-03,-5.441411539459994895e-02,3.089639860171155291e-11,6.225245664502971482e-02,-7.660190456643432261e-11,3.438648039096954173e-15,3.921211207403010532e-04,3.218481160549475223e-02,-9.722292494106447990e-12,-3.179269048411694637e-02,3.493028600784404985e-11
2.146122159747735569e+00,-3.805063769847959465e-01,-1.411411927680903539e-02,-4.300518870646831138e-01,1.126516177413995690e-09,-1.154858560267401524e+00,3.805063763396474008e-01,-7.451797671214963080e-15,7.838945227141283154e-03,-5.436319570268111773e-02,3.088098750174752793e-11,6.220214092978582077e-02,-7.654660692348750849e-11,3.745187421933382997e-15,3.722272625730068882e-04,3.225600720344942024e-02,-9.781054958223138825e-12,-3.188377994022122131e-02,3.505101175584701209e-11
2.147702514799096019e+00,-3.805063769847959465e-01,-1.410173050359361975e-02,-4.301377599059514889e-01,1.126564968099908331e-09,-1.154760298652917738e+00,3.805063763395263865e-01,-7.445637680131328434e-15,7.839517729912060320e-03,-5.431216352738401504e-02,3.086548349504252511e-11,6.215168125726054649e-02,-7.649111845642745512e-11,4.050275652377414575e-15,3.522896965787907300e-04,3.232716364794580716e-02,-9.839869525757217495e-12,-3.197487395069423255e-02,3.517178123999828024e-11
2.149282869850456912e+00,-3.805063769847959465e-01,-1.408934085053598767e-02,-4.302235520094227494e-01,1.126613734210518446e-09,-1.154662116896388868e+00,3.805063763394055387e-01,-7.438996690471308291e-15,7.840058689747636186e-03,-5.426101893054674496e-02,3.084988649933305123e-11,6.210107762025993822e-02,-7.643543909618547315e-11,4.353908964685591568e-15,3.323084757703475070e-04,3.239828098732386308e-02,-9.898736097348062244e-12,-3.206597251086323874e-02,3.529259439682062801e-11
2.150863224901817361e+00,-3.805063769847958910e-01,-1.407695036753967531e-02,-4.303092631974797522e-01,1.126662475598806053e-09,-1.154564015225335583e+00,3.805063763392848020e-01,-7.431877004477390820e-15,7.840568037700121687e-03,-5.420976197393089641e-02,3.083419643251310700e-11,6.205033001159766803e-02,-7.637956877379377635e-11,4.656083624030040944e-15,3.122836536479656200e-04,3.246935927035807246e-02,-9.957654573150189385e-12,-3.215707561600242292e-02,3.541345116237672281e-11
2.152443579953178254e+00,-3.805063769847960020e-01,-1.406455910461709875e-02,-4.303948932926029425e-01,1.126711192117620477e-09,-1.154465993867290097e+00,3.805063763391641207e-01,-7.424280930269926750e-15,7.841045704906549410e-03,-5.415839271922042591e-02,3.081841321263477509e-11,6.199943842409476324e-02,-7.632350742038580470e-11,4.956795926559202064e-15,2.922152841999502149e-04,3.254039854625778022e-02,-1.001662485283303842e-11,-3.224818326133285090e-02,3.553435147226876391e-11
2.154023935004538703e+00,-3.805063769847960020e-01,-1.405216711188945339e-02,-4.304804421173700213e-01,1.126759883619682419e-09,-1.154368053049795284e+00,3.805063763390436060e-01,-7.416210781798178971e-15,7.841491622589673305e-03,-5.410691122802140790e-02,3.080253675790918303e-11,6.194840285058001578e-02,-7.626725496719738767e-11,5.256042199456850835e-15,2.721034219031722226e-04,3.261139886466773302e-02,-1.007564683558059886e-11,-3.233929544202238798e-02,3.565529526163806875e-11
2.155604290055899597e+00,-3.805063769847960020e-01,-1.403977443958653697e-02,-4.305659094944562781e-01,1.126808549957582915e-09,-1.154270193000406231e+00,3.805063763389230358e-01,-7.407668878791170189e-15,7.841905722058709408e-03,-5.405531756186086889e-02,3.078656698670705896e-11,6.189722328388970463e-02,-7.621081134556691215e-11,5.553818801002501998e-15,2.519481217234968359e-04,3.268236027566842616e-02,-1.013472042009119207e-11,-3.243041215318565734e-02,3.577628246516464654e-11
2.157184645107260046e+00,-3.805063769847960020e-01,-1.402738113960279483e-02,-4.306512952481658663e-01,1.126857190983798853e-09,-1.154172413946712883e+00,3.805063763388026876e-01,-7.399077639168576056e-15,7.842284954358274413e-03,-5.400361471619603837e-02,3.077050384476563905e-11,6.184589967052561699e-02,-7.615417690157136606e-11,5.313966748352645871e-15,2.279456772882959906e-04,3.274953821375588964e-02,-1.019381078219682454e-11,-3.252159253571865194e-02,3.589678382725610991e-11
2.158765000158620495e+00,-3.805063769847960020e-01,-1.401498727032466501e-02,-4.307365992091844453e-01,1.126905806550736604e-09,-1.154074716116416210e+00,3.805063763386823950e-01,-7.390872342471579810e-15,7.842626179414367155e-03,-5.395180577619235196e-02,3.075434727881594588e-11,6.179443195557920293e-02,-7.609735199408088680e-11,5.070361806148916239e-15,2.038837590563205918e-04,3.281666144966928489e-02,-1.025295239460439136e-11,-3.261277768987502768e-02,3.601732622501959284e-11
2.160345355209980944e+00,-3.805063769847960575e-01,-1.400259289184729167e-02,-4.308218212098703370e-01,1.126954396510688386e-09,-1.153977099737252932e+00,3.805063763385621578e-01,-7.383051029173966929e-15,7.842929359280432014e-03,-5.389989077313017685e-02,3.073809720743422321e-11,6.174282013238424627e-02,-7.604033655050640773e-11,4.828021533524884172e-15,1.797980457791817713e-04,3.288376510321242008e-02,-1.031214547972885227e-11,-3.270396705670626514e-02,3.613791454762428280e-11
2.161925710261341838e+00,-3.805063769847960575e-01,-1.399019806432526096e-02,-4.309069610826305463e-01,1.127002960715818412e-09,-1.153879565036970867e+00,3.805063763384420317e-01,-7.375611698184392889e-15,7.843194456434004688e-03,-5.384786973787909770e-02,3.072175354935652867e-11,6.169106419428789512e-02,-7.598313049831830290e-11,4.586949044757563610e-15,1.556886414276047875e-04,3.295084927252567991e-02,-1.037138993475219351e-11,-3.279516063038202117e-02,3.625854873444598345e-11
2.163506065312702287e+00,-3.805063769847960575e-01,-1.397780284797232007e-02,-4.309920186599208725e-01,1.127051499018162269e-09,-1.153782112243327607e+00,3.805063763383220166e-01,-7.368552343511244904e-15,7.843421433516980720e-03,-5.379574270115356632e-02,3.070531622348172585e-11,6.163916413464645000e-02,-7.592573376508308027e-11,4.347147427017492947e-15,1.315556500487615604e-04,3.301791405577870347e-02,-1.043068565636538238e-11,-3.288635840502476121e-02,3.637922872433936819e-11
2.165086420364063180e+00,-3.805063769847960575e-01,-1.396540730306112220e-02,-4.310769937742455205e-01,1.127100011269627951e-09,-1.153684741584091622e+00,3.805063763382020570e-01,-7.361870954305535451e-15,7.843610253335740398e-03,-5.374350969351277679e-02,3.068878514887234377e-11,6.158711994682553731e-02,-7.586814627846420885e-11,4.108619740319234003e-15,1.073991757659532170e-04,3.308495955117016912e-02,-1.049003254076816529e-11,-3.297756037470987028e-02,3.649995445563759891e-11
2.166666775415423629e+00,-3.805063769847960575e-01,-1.395301148992297673e-02,-4.311618862581569345e-01,1.127148497321994617e-09,-1.153587453287042264e+00,3.805063763380822084e-01,-7.355565514903869950e-15,7.843760878861289268e-03,-5.369117074536084583e-02,3.067216024475535885e-11,6.153493162420022033e-02,-7.581036796622310101e-11,3.871369017471910451e-15,8.321932277836289332e-05,3.315198585692746142e-02,-1.054943048366870750e-11,-3.306876653346553507e-02,3.662072586615178313e-11
2.168247130466784522e+00,-3.805063769847961130e-01,-1.394061546894757517e-02,-4.312466959442554093e-01,1.127196957026915284e-09,-1.153490247579968209e+00,3.805063763379624153e-01,-7.349634004871466499e-15,7.843873273229365686e-03,-5.363872588694656995e-02,3.065544143052299619e-11,6.148259916015511028e-02,-7.575239875621997845e-11,3.635398264029952126e-15,5.901619536072873901e-05,3.321899307130640050e-02,-1.060887938028338793e-11,-3.315997687527286880e-02,3.674154289317068320e-11
2.169827485518144972e+00,-3.805063769847961130e-01,-1.392821930058275176e-02,-4.313314226651888683e-01,1.127245390235914546e-09,-1.153393124690670124e+00,3.805063763378427888e-01,-7.344074399045252923e-15,7.843947399740539700e-03,-5.358617514836341855e-02,3.063862862573335003e-11,6.143012254808419281e-02,-7.569423857641432453e-11,3.400710458244625047e-15,3.478989786308891302e-05,3.328598129259068700e-02,-1.066837912533638233e-11,-3.325119139406550878e-02,3.686240547345982449e-11
2.171407840569505865e+00,-3.805063769847961130e-01,-1.391582304533418510e-02,-4.314160662536526969e-01,1.127293796800391062e-09,-1.153296084846957781e+00,3.805063763377232178e-01,-7.338884667577085314e-15,7.843983221860367436e-03,-5.353351855954955468e-02,3.062172175011137888e-11,6.137750178139119578e-02,-7.563588735486616382e-11,3.167308551015161485e-15,1.054053471047540491e-05,3.335295061909192976e-02,-1.072792961305954213e-11,-3.334241008373002579e-02,3.698331354326151480e-11
2.172988195620866314e+00,-3.805063769847961130e-01,-1.390342676376518476e-02,-4.315006265423895759e-01,1.127342176571615689e-09,-1.153199128276651830e+00,3.805063763376037023e-01,-7.334062775976996534e-15,7.843980703219495185e-03,-5.348075615028779345e-02,3.060472072354957120e-11,6.132473685348957537e-02,-7.557734501973670835e-11,2.935195465841044524e-15,-1.373178959732969384e-05,3.341990114914901444e-02,-1.078753073719195499e-11,-3.343363293810552861e-02,3.710426703829394605e-11
2.174568550672226763e+00,-3.805063769847961685e-01,-1.389103051649638078e-02,-4.315851033641890933e-01,1.127390529400733346e-09,-1.153102255207583582e+00,3.805063763374843533e-01,-7.329606685156512570e-15,7.843939807613754811e-03,-5.342788795020537301e-02,3.058762546610864974e-11,6.127182775780240509e-02,-7.551861149928895214e-11,2.704374098773766066e-15,-3.802697048612985881e-05,3.348683298112791612e-02,-1.084718239097976870e-11,-3.352485995098380966e-02,3.722526589375094232e-11
2.176148905723587212e+00,-3.805063769847961685e-01,-1.387863436420551898e-02,-4.316694965518874105e-01,1.127438855138763015e-09,-1.153005465867594559e+00,3.805063763373650043e-01,-7.325514351472123505e-15,7.843860499004328551e-03,-5.337491398877425991e-02,3.057043589801857326e-11,6.121877448776286840e-02,-7.545968672188908001e-11,2.474847318370033571e-15,-6.234490330750928899e-05,3.355374621342139402e-02,-1.090688446717582443e-11,-3.361609111610921324e-02,3.734631004430137167e-11
2.177729260774948106e+00,-3.805063769847961685e-01,-1.386623836762714522e-02,-4.317538059383672078e-01,1.127487153636597533e-09,-1.152908760484536277e+00,3.805063763372458774e-01,-7.321783726768707152e-15,7.843742741517806261e-03,-5.332183429531069108e-02,3.055315193967902762e-11,6.116557703681373831e-02,-7.540057061600653215e-11,2.246617965643625480e-15,-8.668548333920760712e-05,3.362064094444862372e-02,-1.096663685803949521e-11,-3.370732642717862854e-02,3.746739942408878436e-11
2.179309615826308555e+00,-3.805063769847961685e-01,-1.385384258755236256e-02,-4.318380313565574613e-01,1.127535424745003798e-09,-1.152812139286271353e+00,3.805063763371267505e-01,-7.318412758423145176e-15,7.843586499446372762e-03,-5.326864889897551386e-02,3.053577351166049211e-11,6.111223539840807822e-02,-7.534126311021554221e-11,2.019688854019280330e-15,-1.110486057853046077e-04,3.368751727265493351e-02,-1.102643945533628198e-11,-3.379856587784148270e-02,3.758853396673085702e-11
2.180889970877669448e+00,-3.805063769847961685e-01,-1.384144708482860225e-02,-4.319221726394331107e-01,1.127583668314623182e-09,-1.152715602500671732e+00,3.805063763370076790e-01,-7.315399389387925013e-15,7.843391737247847745e-03,-5.321535782877388071e-02,3.051830053470477580e-11,6.105874956600886722e-02,-7.528176413319553796e-11,1.794062769286250192e-15,-1.354341657765333745e-04,3.375437529651144353e-02,-1.108629215033761009e-11,-3.388980946169964370e-02,3.770971360531896615e-11
2.182470325929029897e+00,-3.805063769847962241e-01,-1.382905192035930805e-02,-4.320062296200146146e-01,1.127631884195972984e-09,-1.152619150355620903e+00,3.805063763368887741e-01,-7.312741558234880629e-15,7.843158419545860974e-03,-5.316196111355531856e-02,3.050073292972598688e-11,6.100511953308924290e-02,-7.522207361373208477e-11,1.569742469551439187e-15,-1.598420583705456935e-04,3.382121511451476742e-02,-1.114619483382054489e-11,-3.398105717230733708e-02,3.783093827241766468e-11
2.184050680980390791e+00,-3.805063769847962241e-01,-1.381665715510370894e-02,-4.320902021313681174e-01,1.127680072239444559e-09,-1.152522783079012125e+00,3.805063763367699248e-01,-7.310437199198960103e-15,7.842886511129952901e-03,-5.310845878201376352e-02,3.048307061781122416e-11,6.095134529313268879e-02,-7.516219148071790667e-11,1.346730685194264462e-15,-1.842721785521705263e-04,3.388803682518681804e-02,-1.120614739606753326e-11,-3.407230900317134020e-02,3.795220790006443638e-11
2.185631036031751240e+00,-3.805063769847962241e-01,-1.380426285007655546e-02,-4.321740900066048385e-01,1.127728232295304984e-09,-1.152426500898748207e+00,3.805063763366512419e-01,-7.308484242222067355e-15,7.842575976955657932e-03,-5.305485086268732497e-02,3.046531352022132023e-11,6.089742683963283998e-02,-7.510211766315332581e-11,1.125030118820857695e-15,-2.087244212336759538e-04,3.395484052707424538e-02,-1.126614972686605469e-11,-3.416356494775054514e-02,3.807352241976882348e-11
2.187211391083112133e+00,-3.805063769847962241e-01,-1.379186906634783695e-02,-4.322578930788810725e-01,1.127776364213697461e-09,-1.152330304042743281e+00,3.805063763365326146e-01,-7.306880612997019061e-15,7.842226782144667493e-03,-5.300113738395838270e-02,3.044746155839172680e-11,6.084336416609378156e-02,-7.504185209014742565e-11,9.046434452185336148e-16,-2.331986812550632115e-04,3.402162631874842968e-02,-1.132620171550851296e-11,-3.425482499945636111e-02,3.819488176251249124e-11
2.188791746134472582e+00,-3.805063769847962241e-01,-1.377947586504253176e-02,-4.323416111813978002e-01,1.127824467844640497e-09,-1.152234192738921470e+00,3.805063763364139873e-01,-7.305624233011529955e-15,7.841838891984904622e-03,-5.294731837405353830e-02,3.042951465393322555e-11,6.078915726603003472e-02,-7.498139469091882646e-11,6.855733113114335397e-16,-2.576948533842843975e-04,3.408839429880496097e-02,-1.138630325079181937e-11,-3.434608915165230508e-02,3.831628585874837498e-11
2.190372101185833476e+00,-3.805063769847962796e-01,-1.376708330734035743e-02,-4.324252441474005226e-01,1.127872543038029350e-09,-1.152138167215216225e+00,3.805063763362955820e-01,-7.304713019592267553e-15,7.841412271930657540e-03,-5.289339386104355278e-02,3.041147272863270363e-11,6.073480613296663305e-02,-7.492074539479637033e-11,4.678223361159503953e-16,-2.822128323175234973e-04,3.415514456586347253e-02,-1.144645422101717945e-11,-3.443735739765419607e-02,3.843773463840041506e-11
2.191952456237193925e+00,-3.805063769847962796e-01,-1.375469145447547926e-02,-4.325087918101788720e-01,1.127920589643635818e-09,-1.152042227699572985e+00,3.805063763361772322e-01,-7.304144885949015749e-15,7.840946887602690679e-03,-5.283936387284327019e-02,3.039333570445400668e-11,6.068031076043921279e-02,-7.485990413122010345e-11,2.513931106960835271e-16,-3.067525126794574605e-04,3.422187721856721765e-02,-1.150665451398985228e-11,-3.452862973072998859e-02,3.855922803086305290e-11
2.193532811288554374e+00,-3.805063769847962796e-01,-1.374230036773627268e-02,-4.325922540030666119e-01,1.127968607511108244e-09,-1.151946374419946073e+00,3.805063763360589379e-01,-7.303917741218879418e-15,7.840442704788357434e-03,-5.278522843721174945e-02,3.037510350353868845e-11,6.062567114199415158e-02,-7.479887082974219374e-11,3.628819811997719739e-17,-3.313137890235016633e-04,3.428859235558301410e-02,-1.156690401701891294e-11,-3.461990614409987677e-02,3.868076596500095945e-11
2.195113166339914823e+00,-3.805063769847962796e-01,-1.372991010846504913e-02,-4.326756305594411933e-01,1.128016596489972136e-09,-1.151850607604300247e+00,3.805063763359408102e-01,-7.304029490510536358e-15,7.839899689441695574e-03,-5.273098758175191053e-02,3.035677604820670875e-11,6.057088727118845745e-02,-7.473764542002739618e-11,-1.774898665836979007e-16,-3.558965558320692502e-04,3.435529007560055026e-02,-1.162720261691688100e-11,-3.471118663093600981e-02,3.880234836914822751e-11
2.196693521391275716e+00,-3.805063769847962796e-01,-1.371752073805778023e-02,-4.327589213127236989e-01,1.128064556429630371e-09,-1.151754927480610702e+00,3.805063763358227380e-01,-7.304478034948623343e-15,7.839317807683576431e-03,-5.267664133391086745e-02,3.033835326095737696e-11,6.051595914159006717e-02,-7.467622783185437108e-11,-3.899385764691071436e-16,-3.805007075168252706e-04,3.442197047733257936e-02,-1.168755019999962027e-11,-3.480247118436276266e-02,3.892397517110841688e-11
2.198273876442636166e+00,-3.805063769847963351e-01,-1.370513231796386365e-02,-4.328421260963780104e-01,1.128112487179363818e-09,-1.151659334276862179e+00,3.805063763357047768e-01,-7.305261271718123742e-15,7.838697025801782958e-03,-5.262218972097963687e-02,3.031983506447004348e-11,6.046088674677781161e-02,-7.461461799511621403e-11,-6.010554527158394228e-16,-4.051261384189199996e-04,3.448863365951423954e-02,-1.174794665208596242e-11,-3.489375979745645145e-02,3.904564629815372078e-11
2.199854231493997059e+00,-3.805063769847963351e-01,-1.369274490968583335e-02,-4.329252447439115858e-01,1.128160388588330507e-09,-1.151563828221050967e+00,3.805063763355869266e-01,-7.306377094108851389e-15,7.838037310251124226e-03,-5.256763277009317281e-02,3.030122138160484937e-11,6.040567008034142260e-02,-7.455281583982132185e-11,-8.108380446717383468e-16,-4.297727428092647586e-04,3.455527972090299133e-02,-1.180839185849753090e-11,-3.498505246324541684e-02,3.916736167702479777e-11
2.201434586545357508e+00,-3.805063769847963351e-01,-1.368035857477910636e-02,-4.330082770888743493e-01,1.128208260505568115e-09,-1.151468409541181348e+00,3.805063763354691320e-01,-7.307823391560014913e-15,7.837338627653568993e-03,-5.251297050823038048e-02,3.028251213540361817e-11,6.035030913588181750e-02,-7.449082129609438777e-11,-1.019283929894801800e-15,-4.544404148887400824e-04,3.462190876027820829e-02,-1.186888570405843876e-11,-3.507634917470995456e-02,3.928912123393019020e-11
2.203014941596718401e+00,-3.805063769847963351e-01,-1.366797337485171730e-02,-4.330912229648587464e-01,1.128256102779991071e-09,-1.151373078465269373e+00,3.805063763353514483e-01,-7.309598049704813623e-15,7.836600944798327237e-03,-5.245820296221397755e-02,3.026370724909055382e-11,6.029480390701088405e-02,-7.442863429417703476e-11,-1.226390714195316581e-15,-4.791290487884854177e-04,3.468852087644099663e-02,-1.192942807309508998e-11,-3.516764992478228075e-02,3.941092489454603982e-11
2.204595296648078850e+00,-3.805063769847963351e-01,-1.365558937156405306e-02,-4.331740822054995221e-01,1.128303915260393860e-09,-1.151277835221341084e+00,3.805063763352338202e-01,-7.311698950415137519e-15,7.835824228641990671e-03,-5.240333015871061206e-02,3.024480664607306135e-11,6.023915438735188282e-02,-7.436625476442888828e-11,-1.432156031677096107e-15,-5.038385385700890756e-04,3.475511616821385513e-02,-1.199001884943587411e-11,-3.525895470634650419e-02,3.953277258401555141e-11
2.206175651699439744e+00,-3.805063769847963906e-01,-1.364320662662858383e-02,-4.332568546444734991e-01,1.128351697795449579e-09,-1.151182680037431627e+00,3.805063763351164141e-01,-7.314123971846297287e-15,7.835008446308605601e-03,-5.234835212423064044e-02,3.022581024994252889e-11,6.018336057053919746e-02,-7.430368263732813203e-11,-1.636577544778958718e-15,-5.285687782258822673e-04,3.482169473444042540e-02,-1.205065791641100634e-11,-3.535026351223856389e-02,3.965466422694868263e-11
2.207756006750800193e+00,-3.805063769847963906e-01,-1.363082520180960468e-02,-4.333395401154991888e-01,1.128399450233711385e-09,-1.151087613141587251e+00,3.805063763349990080e-01,-7.316870988481848952e-15,7.834153565089820373e-03,-5.229326888512824539e-02,3.020671798447514187e-11,6.012742245021869547e-02,-7.424091784347267118e-11,-1.839652944315297220e-15,-5.533196616791264538e-04,3.488825667398517960e-02,-1.211134515685219790e-11,-3.544157633524622208e-02,3.977659974742164635e-11
2.209336361802160642e+00,-3.805063769847963906e-01,-1.361844515892297880e-02,-4.334221384523366805e-01,1.128447172423610630e-09,-1.150992634761862865e+00,3.805063763348817685e-01,-7.319937871178465865e-15,7.833259552444975585e-03,-5.223808046760140822e-02,3.018752977363263913e-11,6.007134002004767270e-02,-7.417796031358077860e-11,-2.041379949516606607e-15,-5.780910827842830960e-04,3.495480208573326780e-02,-1.217208045309249129e-11,-3.553289316810909204e-02,3.989857906897665868e-11
2.210916716853521091e+00,-3.805063769847963906e-01,-1.360606655983585996e-02,-4.335046494887871971e-01,1.128494864213460589e-09,-1.150897745126324923e+00,3.805063763347645844e-01,-7.323322487210859595e-15,7.832326376001196022e-03,-5.218278689769174222e-02,3.016824554156308195e-11,6.001511327369485338e-02,-7.411480997849193498e-11,-2.241756308069614213e-15,-6.028829353272218208e-04,3.502133106859002531e-02,-1.223286368696593551e-11,-3.562421400351834661e-02,4.002060211462121516e-11
2.212497071904881984e+00,-3.805063769847963906e-01,-1.359368946646641839e-02,-4.335870730586932620e-01,1.128542525451453146e-09,-1.150802944463049871e+00,3.805063763346474559e-01,-7.327022700316823890e-15,7.831354003553536378e-03,-5.212738820128455519e-02,3.014886521260170062e-11,5.995874220484063294e-02,-7.405146676916773354e-11,-2.440779796157426414e-15,-6.276951130254901715e-04,3.508784372148097269e-02,-1.229369473980746980e-11,-3.571553883411709290e-02,4.014266880682817477e-11
2.214077426956242434e+00,-3.805063769847964461e-01,-1.358131394078358756e-02,-4.336694089959379772e-01,1.128590155985661279e-09,-1.150708233000122149e+00,3.805063763345304939e-01,-7.331036370742259702e-15,7.830342403065064516e-03,-5.207188440410883551e-02,3.012938871127166343e-11,5.990222680717705028e-02,-7.398793061669277184e-11,-2.638448218498564622e-15,-6.525275095284966201e-04,3.515434014335135776e-02,-1.235457349245258269e-11,-3.580686765249995601e-02,4.026477906753490044e-11
2.215657782007603327e+00,-3.805063769847964461e-01,-1.356894004480681953e-02,-4.337516571344450234e-01,1.128637755664039679e-09,-1.150613610965638411e+00,3.805063763344136429e-01,-7.335361355286315384e-15,7.829291542666962089e-03,-5.201627553173710644e-02,3.010981596228478756e-11,5.984556707440780859e-02,-7.392420145227532387e-11,-2.834759408386137755e-15,-6.773800184177768482e-04,3.522082043316594052e-02,-1.241549982523714240e-11,-3.589820045121325243e-02,4.038693281814316211e-11
2.217238137058963776e+00,-3.805063769847964461e-01,-1.355656784060576756e-02,-4.338338173081783822e-01,1.128685324334423095e-09,-1.150519078587704191e+00,3.805063763342969030e-01,-7.339995507346585264e-15,7.828201390658654640e-03,-5.196056160958553716e-02,3.009014689054246965e-11,5.978876300024851820e-02,-7.386027920724834817e-11,-3.029711227726878226e-15,-7.022525332071932400e-04,3.528728468990874334e-02,-1.247647361799712218e-11,-3.598953722275487210e-02,4.050912997951858099e-11
2.218818492110324669e+00,-3.805063769847964461e-01,-1.354419739030007092e-02,-4.339158893511421700e-01,1.128732861844528198e-09,-1.150424636094434572e+00,3.805063763341802185e-01,-7.344936676964360288e-15,7.827071915507913952e-03,-5.190474266291393579e-02,3.007038142113640310e-11,5.973181457842673819e-02,-7.379616381307043134e-11,-3.223301567079348057e-15,-7.271449473431734062e-04,3.535373301258295381e-02,-1.253749475006845166e-11,-3.608087795957440336e-02,4.063137047199047443e-11
2.220398847161685119e+00,-3.805063769847964461e-01,-1.353182875605906353e-02,-4.339978730973801380e-01,1.128780368041953370e-09,-1.150330283713955293e+00,3.805063763340636451e-01,-7.350182710869900743e-15,7.825903085850934374e-03,-5.184881871682543025e-02,3.005051947934929544e-11,5.967472180268180992e-02,-7.373185520132621455e-11,-3.415528345691879142e-15,-7.520571542049261579e-04,3.542016550021024474e-02,-1.259856310028666146e-11,-3.617222265407275122e-02,4.075365421535109986e-11
2.221979202213046012e+00,-3.805063769847965016e-01,-1.351946200010150333e-02,-4.340797683809756724e-01,1.128827842774179120e-09,-1.150236021674402531e+00,3.805063763339471827e-01,-7.355731452527866758e-15,7.824694870492478541e-03,-5.179278979626681517e-02,3.003056099065579884e-11,5.961748466676526637e-02,-7.366735330372769893e-11,-3.606389511540717040e-15,-7.769890471046644181e-04,3.548658225183104475e-02,-1.265967854698682822e-11,-3.626357129860253298e-02,4.087598112885569353e-11
2.223559557264406461e+00,-3.805063769847965016e-01,-1.350709718469533284e-02,-4.341615750360513504e-01,1.128875285888568085e-09,-1.150141850203920679e+00,3.805063763338307758e-01,-7.361580742182704629e-15,7.823447238405974516e-03,-5.173665592602835761e-02,3.001050588072326626e-11,5.956010316444082520e-02,-7.360265805211503399e-11,-3.795883041366904165e-15,-8.019405192878038477e-04,3.555298336650390689e-02,-1.272084096800317718e-11,-3.635492388546774506e-02,4.099835113122179198e-11
2.225139912315766910e+00,-3.805063769847965016e-01,-1.349473437215737391e-02,-4.342432928967691064e-01,1.128922697232366268e-09,-1.150047769530664787e+00,3.805063763337144800e-01,-7.367728416904143581e-15,7.822160158733588650e-03,-5.168041713074362359e-02,2.999035407541240413e-11,5.950257728948420144e-02,-7.353776937845695704e-11,-3.984006940713805113e-15,-8.269114639332213190e-04,3.561936894330540448e-02,-1.278205024066901433e-11,-3.644628040692381166e-02,4.112076414062902527e-11
2.226720267367127803e+00,-3.805063769847965016e-01,-1.348237362485308830e-02,-4.343249217973293441e-01,1.128970076652702008e-09,-1.149953779882800120e+00,3.805063763335983507e-01,-7.374172310632750907e-15,7.820833600786369563e-03,-5.162407343488961686e-02,2.997010550077821584e-11,5.944490703568347523e-02,-7.347268721485204691e-11,-4.170759243963416350e-15,-8.519017741534405316e-04,3.568573908132987443e-02,-1.284330624181643238e-11,-3.653764085517761939e-02,4.124322007471867748e-11
2.228300622418488253e+00,-3.805063769847965571e-01,-1.347001500519630530e-02,-4.344064615719711586e-01,1.129017423996586802e-09,-1.149859881488501712e+00,3.805063763334822768e-01,-7.380910254225526553e-15,7.819467534044336615e-03,-5.156762486278683444e-02,2.994976008307080310e-11,5.938709239683913343e-02,-7.340741149352955109e-11,-4.356138014372715343e-15,-8.769113429948184948e-04,3.575209387968918129e-02,-1.290460884777607971e-11,-3.662900522238737161e-02,4.136571885059332489e-11
2.229880977469848702e+00,-3.805063769847965571e-01,-1.345765857564896160e-02,-4.344879120549720031e-01,1.129064739110916343e-09,-1.149766074575953478e+00,3.805063763333663140e-01,-7.387940075501582895e-15,7.818061928156597867e-03,-5.151107143859913473e-02,2.992931774873608323e-11,5.932913336676414601e-02,-7.334194214685018713e-11,-4.540141344109773828e-15,-9.019400634377996648e-04,3.581843343751252295e-02,-1.296595793437701336e-11,-3.672037350066271327e-02,4.148826038481657741e-11
2.231461332521209151e+00,-3.805063769847965571e-01,-1.344530439872081325e-02,-4.345692730806473003e-01,1.129112021842470104e-09,-1.149672359373349995e+00,3.805063763332504623e-01,-7.395259599287822944e-15,7.816616752941416002e-03,-5.145441318633350858e-02,2.990877842441652587e-11,5.927102993928379943e-02,-7.327627910730672419e-11,-4.722767354289279422e-15,-9.269878283971024271e-04,3.588475785394597967e-02,-1.302735337694640177e-11,-3.681174568206446035e-02,4.161084459341250350e-11
2.233041687572570044e+00,-3.805063769847965571e-01,-1.343295253696918413e-02,-4.346505444833503318e-01,1.129159272037910929e-09,-1.149578736108895383e+00,3.805063763331347215e-01,-7.402866647464763694e-15,7.815131978386357509e-03,-5.139765012984044007e-02,2.988814203695212883e-11,5.921278210823611304e-02,-7.321042230752528843e-11,-4.904014195007836367e-15,-9.520545307219316009e-04,3.595106722815261113e-02,-1.308879505030944077e-11,-3.690312175860485655e-02,4.173347139186559137e-11
2.234622042623930493e+00,-3.805063769847965571e-01,-1.342060305299869367e-02,-4.347317260974719599e-01,1.129206489543787920e-09,-1.149485205010803313e+00,3.805063763330190918e-01,-7.410759039012337390e-15,7.813607574648379420e-03,-5.134078229281367756e-02,2.986740851338108368e-11,5.915438986747177663e-02,-7.314437168026595762e-11,-5.083880045378863939e-15,-9.771400631961605840e-04,3.601736165931195000e-02,-1.315028282878901590e-11,-3.699450172224730271e-02,4.185614069512006394e-11
2.236202397675291387e+00,-3.805063769847966126e-01,-1.340825600946098616e-02,-4.348128177574404063e-01,1.129253674206533342e-09,-1.149391766307297003e+00,3.805063763329035731e-01,-7.418934590055771676e-15,7.812043512053913445e-03,-5.128380969879002549e-02,2.984657778094051890e-11,5.909585321085405324e-02,-7.307812715842348482e-11,-5.262363113567235338e-15,-1.002244318538582021e-03,3.608364124661985611e-02,-1.321181658620558451e-11,-3.708588556490645394e-02,4.197885241757982073e-11
2.237782752726651836e+00,-3.805063769847966126e-01,-1.339591146905448095e-02,-4.348938192977208628e-01,1.129300825872465311e-09,-1.149298420226609885e+00,3.805063763327881654e-01,-7.427391113911537589e-15,7.810439761098996077e-03,-5.122673237114972605e-02,2.982564976706745638e-11,5.903717213225925103e-02,-7.301168867502857803e-11,-5.439461636823048028e-15,-1.027367189403027500e-03,3.614990608928830840e-02,-1.327339619587690753e-11,-3.717727327844815022e-02,4.210160647310784329e-11
2.239363107778012729e+00,-3.805063769847966126e-01,-1.338356949452407761e-02,-4.349747305528154362e-01,1.129347944387787788e-09,-1.149205166996984939e+00,3.805063763326727577e-01,-7.436126421133354347e-15,7.808796292449369202e-03,-5.116955033311619550e-02,2.980462439939950282e-11,5.897834662557645963e-02,-7.294505616324839124e-11,-5.615173881516115108e-15,-1.052508568378649444e-03,3.621615628654525909e-02,-1.333502153061795256e-11,-3.726866485468947193e-02,4.222440277502617583e-11
2.240943462829373178e+00,-3.805063769847966126e-01,-1.337123014866089567e-02,-4.350555513572627597e-01,1.129395029598589759e-09,-1.149112006846674472e+00,3.805063763325575166e-01,-7.445138319558202029e-15,7.807113076940543420e-03,-5.111226360775584371e-02,2.978350160577560584e-11,5.891937668470764722e-02,-7.287822955638737751e-11,-5.789498143168921550e-15,-1.077668347990057285e-03,3.628239193763412723e-02,-1.339669246274055138e-11,-3.736006028539844148e-02,4.234724123611515618e-11
2.242523817880734072e+00,-3.805063769847966126e-01,-1.335889349430202655e-02,-4.351362815456377708e-01,1.129442081350846884e-09,-1.149018940003940559e+00,3.805063763324423864e-01,-7.454424614352451008e-15,7.805390085577959373e-03,-5.105487221797840036e-02,2.976228131423695229e-11,5.886026230356795202e-02,-7.281120878788838756e-11,-5.962432746489892832e-15,-1.102846420697541248e-03,3.634861314181395825e-02,-1.345840886405336436e-11,-3.745145956229440493e-02,4.247012176861356447e-11
2.244104172932094521e+00,-3.805063769847966682e-01,-1.334655959433023696e-02,-4.352169209525516003e-01,1.129489099490421502e-09,-1.148925966697054823e+00,3.805063763323274229e-01,-7.463983108058003998e-15,7.803627289537050198e-03,-5.099737618653671367e-02,2.974096345302773075e-11,5.880100347608570310e-02,-7.274399379133341938e-11,-6.133976045406250996e-15,-1.128042678897235411e-03,3.641481999835892436e-02,-1.352017060586154124e-11,-3.754286267704766422e-02,4.259304428421789928e-11
2.245684527983454970e+00,-3.805063769847966682e-01,-1.333422851167372254e-02,-4.352974694126510724e-01,1.129536083863061799e-09,-1.148833087154298882e+00,3.805063763322125148e-01,-7.473811600638471241e-15,7.801824660163340398e-03,-5.093977553602663938e-02,2.971954795059585534e-11,5.874160019620223994e-02,-7.267658450044435499e-11,-6.304126423096127592e-15,-1.153257014921334981e-03,3.648101260655817885e-02,-1.358197755896661770e-11,-3.763426962127958131e-02,4.271600869408230013e-11
2.247264883034815863e+00,-3.805063769847966682e-01,-1.332190030930580950e-02,-4.353779267606187608e-01,1.129583034314403671e-09,-1.148740301603963232e+00,3.805063763320977177e-01,-7.483907889525478221e-15,7.799982168972575958e-03,-5.088207028888715872e-02,2.969803473559385753e-11,5.868205245787230795e-02,-7.260898084908391681e-11,-6.472882292021122341e-15,-1.178489321038275837e-03,3.654719106571570342e-02,-1.364382959366632148e-11,-3.772568038656255035e-02,4.283901490881809515e-11
2.248845238086176312e+00,-3.805063769847966682e-01,-1.330957505024472909e-02,-4.354582928311723777e-01,1.129629950689970313e-09,-1.148647610274348585e+00,3.805063763319829762e-01,-7.494269769664903954e-15,7.798099787650794590e-03,-5.082426046740032982e-02,2.967642373687962284e-11,5.862236025506400300e-02,-7.254118277125661118e-11,-6.640242093957177570e-15,-1.203739489452895425e-03,3.661335547515004452e-02,-1.370572657975433007e-11,-3.781709496441998386e-02,4.296206283849356188e-11
2.250425593137536762e+00,-3.805063769847966682e-01,-1.329725279755330884e-02,-4.355385674590648293e-01,1.129676832835173248e-09,-1.148555013393764757e+00,3.805063763318684011e-01,-7.504895033563284945e-15,7.796177488054446304e-03,-5.076634609369121143e-02,2.965471488351723093e-11,5.856252358175880607e-02,-7.247319020110942632e-11,-6.806204300026663551e-15,-1.229007412306644832e-03,3.667950593419408434e-02,-1.376766838652014955e-11,-3.790851334632617392e-02,4.308515239263357194e-11
2.252005948188897655e+00,-3.805063769847967237e-01,-1.328493361433871929e-02,-4.356187504790839937e-01,1.129723680595310469e-09,-1.148462511190530888e+00,3.805063763317539371e-01,-7.515781471334189163e-15,7.794215242210477540e-03,-5.070832718972784203e-02,2.963290810477769880e-11,5.850254243195175674e-02,-7.240500307293273703e-11,-6.970767410728824588e-15,-1.254292981677757914e-03,3.674564254219488124e-02,-1.382965488274889967e-11,-3.799993552370647953e-02,4.320828348021931310e-11
2.253586303240258104e+00,-3.805063769847967237e-01,-1.327261756375220682e-02,-4.356988417260519997e-01,1.129770493815570163e-09,-1.148370103892976335e+00,3.805063763316395287e-01,-7.526926870744672061e-15,7.792213022316446525e-03,-5.065020377732128154e-02,2.961100333013980795e-11,5.844241679965141156e-02,-7.233662132116126112e-11,-7.133929955970507517e-15,-1.279596089581424775e-03,3.681176539851344076e-02,-1.389168593672111679e-11,-3.809136148793701437e-02,4.333145600968792736e-11
2.255166658291618997e+00,-3.805063769847967237e-01,-1.326030470898881090e-02,-4.357788410348257258e-01,1.129817272341028017e-09,-1.148277791729439334e+00,3.805063763315252867e-01,-7.538329017261802014e-15,7.790170800740617817e-03,-5.059197587812557656e-02,2.958900048929095742e-11,5.838214667888011467e-02,-7.226804488037483493e-11,-7.295690495096496562e-15,-1.304916627969974346e-03,3.687787460252456989e-02,-1.395376141621266014e-11,-3.818279123034495903e-02,4.345466988893235592e-11
2.256747013342979447e+00,-3.805063769847967237e-01,-1.324799511328713687e-02,-4.358587482402959123e-01,1.129864016016649085e-09,-1.148185574928267227e+00,3.805063763314111003e-01,-7.549985694099125803e-15,7.788088550022045572e-03,-5.053364351363768409e-02,2.956689951212784232e-11,5.832173206367387286e-02,-7.219927368529926628e-11,-7.456047616918692513e-15,-1.330254488733024001e-03,3.694397025361648157e-02,-1.401588118849435806e-11,-3.827422474220815163e-02,4.357792502530073169e-11
2.258327368394340340e+00,-3.805063769847967237e-01,-1.323568883992900375e-02,-4.359385631773871062e-01,1.129910724687288405e-09,-1.148093453717818013e+00,3.805063763312971359e-01,-7.561894682263380227e-15,7.785966242870699314e-03,-5.047520670519742986e-02,2.954470032875732627e-11,5.826117294808249442e-02,-7.213030767080716174e-11,-7.614999939746833332e-15,-1.355609563697716350e-03,3.701005245119091958e-02,-1.407804512033208065e-11,-3.836566201475545557e-02,4.370122132559652790e-11
2.259907723445700789e+00,-3.805063769847967792e-01,-1.322338595223926730e-02,-4.360182856810576046e-01,1.129957398197689967e-09,-1.148001428326457907e+00,3.805063763311831715e-01,-7.574053760601023849e-15,7.783803852167553265e-03,-5.041666547398771653e-02,2.952240286949730087e-11,5.820046932616983887e-02,-7.206114677191905102e-11,-7.772546111416125589e-15,-1.380981744628785157e-03,3.707612129466267281e-02,-1.414025307798632619e-11,-3.845710303916641259e-02,4.382455869607785373e-11
2.261488078497061682e+00,-3.805063769847968347e-01,-1.321108651358546965e-02,-4.360979155862990120e-01,1.130004036392487744e-09,-1.147909498982562670e+00,3.805063763310693181e-01,-7.586460705844988054e-15,7.781601350964661816e-03,-5.035801984103405182e-02,2.950000706487728674e-11,5.813962119201347006e-02,-7.199179092380368426e-11,-7.928684809317233796e-15,-1.406370923228844171e-03,3.714217688345949897e-02,-1.420250492721224056e-11,-3.854854780657138158e-02,4.394793704245742200e-11
2.263068433548422131e+00,-3.805063769847968347e-01,-1.319879058737763629e-02,-4.361774527281360170e-01,1.130050639116206938e-09,-1.147817665914517837e+00,3.805063763309556313e-01,-7.599113292661369719e-15,7.779358712485289623e-03,-5.029926982720502732e-02,2.947751284563944157e-11,5.807862853970524597e-02,-7.192224006177957005e-11,-8.083414740423683854e-15,-1.431776991138438739e-03,3.720821931702195801e-02,-1.426480053325929730e-11,-3.863999630805147606e-02,4.407135626990212264e-11
2.264648788599782581e+00,-3.805063769847968347e-01,-1.318649823706795864e-02,-4.362568969416260045e-01,1.130097206213262318e-09,-1.147725929350718044e+00,3.805063763308420000e-01,-7.612009293696226448e-15,7.777075910124005287e-03,-5.024041545321206170e-02,2.945492014273930984e-11,5.801749136335117990e-02,-7.185249412131547954e-11,-8.236734641320375648e-15,-1.457199839936276515e-03,3.727424869480325254e-02,-1.432713976087126375e-11,-3.873144853463859894e-02,4.419481628303290639e-11
2.266229143651143030e+00,-3.805063769847968347e-01,-1.317420952615054076e-02,-4.363362480618592776e-01,1.130143737527960917e-09,-1.147634289519567252e+00,3.805063763307285352e-01,-7.625146479622379686e-15,7.774752917446747270e-03,-5.018145673960924119e-02,2.943222888734649484e-11,5.795620965707124622e-02,-7.178255303803115724e-11,-8.388643278231093777e-15,-1.482639361139379258e-03,3.734026511626884620e-02,-1.438952247428593439e-11,-3.882290447731522043e-02,4.431831698592427425e-11
2.267809498702503923e+00,-3.805063769847968347e-01,-1.316192451816111664e-02,-4.364155059239583356e-01,1.130190232904500164e-09,-1.147542746649478973e+00,3.805063763306151259e-01,-7.638522619186299880e-15,7.772389708190960075e-03,-5.012239370679354156e-02,2.940943901084558928e-11,5.789478341499990077e-02,-7.171241674769848428e-11,-8.539139447045731146e-15,-1.508095446203232444e-03,3.740626868089654000e-02,-1.445194853723506147e-11,-3.891436412701466951e-02,4.444185828210427102e-11
2.269389853753864372e+00,-3.805063769847968902e-01,-1.314964327667681419e-02,-4.364946703630777636e-01,1.130236692186969749e-09,-1.147451300968874932e+00,3.805063763305018831e-01,-7.652135479254983747e-15,7.769986256265681845e-03,-5.006322637500480732e-02,2.938655044483700245e-11,5.783321263128601841e-02,-7.164208518624237021e-11,-8.688221973346977707e-15,-1.533567986521917979e-03,3.747225948817615310e-02,-1.451441781294408836e-11,-3.900582747462080779e-02,4.456544007455398125e-11
2.270970208805225266e+00,-3.805063769847968902e-01,-1.313736586531582748e-02,-4.365737412144040652e-01,1.130283115219350999e-09,-1.147359952706187514e+00,3.805063763303886959e-01,-7.665982824862915166e-15,7.767542535751612888e-03,-5.000395476432543951e-02,2.936356312113758063e-11,5.777149730009270567e-02,-7.157155828974119240e-11,-8.835889712437122800e-15,-1.559056873428332768e-03,3.753823763760932158e-02,-1.457693016413211889e-11,-3.909729451096819602e-02,4.468906226570743232e-11
2.272550563856585715e+00,-3.805063769847968902e-01,-1.312509234773719634e-02,-4.366527183131553858e-01,1.130329501845518746e-09,-1.147268702089857761e+00,3.805063763302756197e-01,-7.680062419259054467e-15,7.765058520901260523e-03,-4.994457889468080503e-02,2.934047697178162812e-11,5.770963741559781424e-02,-7.150083599442825661e-11,-8.982141549363847743e-15,-1.584561998194263313e-03,3.760420322870942911e-02,-1.463948545301163461e-11,-3.918876522684198310e-02,4.481272475745125834e-11
2.274130918907946608e+00,-3.805063769847968902e-01,-1.311282278764052019e-02,-4.367316014945810121e-01,1.130375851909239042e-09,-1.147177549348335379e+00,3.805063763301627100e-01,-7.694372023953838761e-15,7.762534186138982453e-03,-4.988509878583881341e-02,2.931729192902152119e-11,5.764763297199362868e-02,-7.142991823669209418e-11,-9.126976398946065768e-15,-1.610083252030593878e-03,3.767015636100135012e-02,-1.470208354128845764e-11,-3.928023961297792688e-02,4.493642745112442234e-11
2.275711273959307057e+00,-3.805063769847968902e-01,-1.310055724876566310e-02,-4.368103905939617060e-01,1.130422165254172066e-09,-1.147086494710079840e+00,3.805063763300498558e-01,-7.708909398766311649e-15,7.759969506061131610e-03,-4.982551445741020130e-02,2.929400792532865799e-11,5.758548396348724813e-02,-7.135880495307776747e-11,-9.270393205799466909e-15,-1.635620526087423147e-03,3.773609713402129723e-02,-1.476472429016150993e-11,-3.937171766006235252e-02,4.506017024751804173e-11
2.277291629010667950e+00,-3.805063769847969457e-01,-1.308829579489250751e-02,-4.368890854466088158e-01,1.130468441723871491e-09,-1.146995538403559500e+00,3.805063763299371682e-01,-7.723672301871170884e-15,7.757364455436118605e-03,-4.976582592884827572e-02,2.927062489339413072e-11,5.752319038430038500e-02,-7.128749608028745144e-11,-9.412390944361242481e-15,-1.661173711454232930e-03,3.780202564731664078e-02,-1.482740756032273576e-11,-3.946319935873212476e-02,4.518395304687506521e-11
2.278871984062028400e+00,-3.805063769847969457e-01,-1.307603848984067660e-02,-4.369676858878643877e-01,1.130514681161783877e-09,-1.146904680657252262e+00,3.805063763298245361e-01,-7.738658489845946986e-15,7.754719009204523623e-03,-4.970603321944914998e-02,2.924714276612963026e-11,5.746075222866971893e-02,-7.121599155518146768e-11,-9.552968618914741720e-15,-1.686742699159996146e-03,3.786794200044581171e-02,-1.489013321195688840e-11,-3.955468469957460625e-02,4.530777574889002076e-11
2.280452339113389293e+00,-3.805063769847969457e-01,-1.306378539746926547e-02,-4.370461917531008322e-01,1.130560883411250519e-09,-1.146813921699644467e+00,3.805063763297120705e-01,-7.753865717718189750e-15,7.752033142479193562e-03,-4.964613634835156331e-02,2.922356147666822819e-11,5.739816949084685510e-02,-7.114429131477913737e-11,-9.692125263613680341e-15,-1.712327380173352467e-03,3.793384629297812116e-02,-1.495290110474147203e-11,-3.964617367312778945e-02,4.543163825270893156e-11
2.282032694164749742e+00,-3.805063769847969457e-01,-1.305153658167654968e-02,-4.371246028777208692e-01,1.130607048315508284e-09,-1.146723261759231560e+00,3.805063763295996604e-01,-7.769291739012676834e-15,7.749306830545311421e-03,-4.958613533453676975e-02,2.919988095836506823e-11,5.733544216509820629e-02,-7.107239529625938877e-11,-9.829859942506090360e-15,-1.737927645402738419e-03,3.799973862449344819e-02,-1.501571109784649936e-11,-3.973766626987994960e-02,4.555554045692877322e-11
2.283613049216110191e+00,-3.805063769847969457e-01,-1.303929210639973545e-02,-4.372029190971567503e-01,1.130653175717686713e-09,-1.146632701064518756e+00,3.805063763294874168e-01,-7.784934305798707548e-15,7.746540048860533351e-03,-4.952603019682876029e-02,2.917610114479834207e-11,5.727257024570543698e-02,-7.100030343696207558e-11,-9.966171749557665643e-15,-1.763543385696514885e-03,3.806561909458233001e-02,-1.507856304993446579e-11,-3.982916248027002643e-02,4.567948225959759655e-11
2.285193404267470640e+00,-3.805063769847970012e-01,-1.302705203561467517e-02,-4.372811402468705366e-01,1.130699265460812359e-09,-1.146542239844019706e+00,3.805063763293752843e-01,-7.800791168737363514e-15,7.743732773055054565e-03,-4.946582095389413097e-02,2.915222196976997436e-11,5.720955372696533148e-02,-7.092801567438851971e-11,-1.010105980867479191e-14,-1.789174491843098947e-03,3.813148780284562889e-02,-1.514145681916008768e-11,-3.992066229468727023e-02,4.580346355821399762e-11
2.286773759318831534e+00,-3.805063769847970012e-01,-1.301481643333560895e-02,-4.373592661623538214e-01,1.130745317387806521e-09,-1.146451878326257390e+00,3.805063763292632073e-01,-7.816860077128848204e-15,7.740884978931694346e-03,-4.940550762424199271e-02,2.912824336730643696e-11,5.714639260318982172e-02,-7.085553194620239019e-11,-1.023452327372717441e-14,-1.814820854571110899e-03,3.819734484889445586e-02,-1.520439226317028620e-11,-4.001216570347142232e-02,4.592748424972707254e-11
2.288354114370191983e+00,-3.805063769847970012e-01,-1.300258536361486618e-02,-4.374372966791269524e-01,1.130791331341486476e-09,-1.146361616739763445e+00,3.805063763291512968e-01,-7.833138778959892753e-15,7.737996642466032221e-03,-4.934509022622408231e-02,2.910416527165961494e-11,5.708308686870623705e-02,-7.078285219023077594e-11,-1.036656132857039149e-14,-1.840482364549488308e-03,3.826319033234996253e-02,-1.526736923910396436e-11,-4.010367269691256925e-02,4.605154423053609436e-11
2.289934469421552876e+00,-3.805063769847970012e-01,-1.299035889054189936e-02,-4.375152316327387547e-01,1.130837307164566107e-09,-1.146271455313078835e+00,3.805063763290394974e-01,-7.849619827843087018e-15,7.735067752878990038e-03,-4.928456876509110934e-02,2.907998761769986595e-11,5.701963651798620109e-02,-7.070997632486856136e-11,-1.043320826515301545e-14,-1.865997894546616350e-03,3.832918378252912067e-02,-1.533038277126074210e-11,-4.019518167709542483e-02,4.617588476946898824e-11
2.291514824472913325e+00,-3.805063769847970012e-01,-1.297813707737304097e-02,-4.375930708579044426e-01,1.130883244699681126e-09,-1.146181394274744081e+00,3.805063763289278089e-01,-7.865719556257865956e-15,7.732099750073271813e-03,-4.922394180973410638e-02,2.905571038405595780e-11,5.695604155982345040e-02,-7.063690209429765561e-11,-9.942079039286015603e-15,-1.890127864279790657e-03,3.839655254472699314e-02,-1.539339551780854271e-11,-4.028668040903413822e-02,4.630236378429035907e-11
2.293095179524274219e+00,-3.805063769847970012e-01,-1.296591998484556384e-02,-4.376708141868365654e-01,1.130929143789442637e-09,-1.146091433853284380e+00,3.805063763288162870e-01,-7.881045321061853908e-15,7.729093593259158193e-03,-4.916320840500924133e-02,2.903133353515313358e-11,5.689230199828440582e-02,-7.056362796370486604e-11,-9.453728093212064346e-15,-1.914283240502720300e-03,3.846389956009260702e-02,-1.545644968239326666e-11,-4.037818280063026205e-02,4.642886590303266012e-11
2.294675534575634668e+00,-3.805063769847970567e-01,-1.295370767328802436e-02,-4.377484614513344474e-01,1.130975004276371168e-09,-1.146001574277229151e+00,3.805063763287047651e-01,-7.895601515259696632e-15,7.726049242364673060e-03,-4.910236858521267733e-02,2.900685700565039659e-11,5.682841782759331245e-02,-7.049015389667224787e-11,-8.968158373069332024e-15,-1.938463922815162038e-03,3.853122491920814296e-02,-1.551954512039578352e-11,-4.046968884206578881e-02,4.655539100615028231e-11
2.296255889626995561e+00,-3.805063769847970567e-01,-1.294150020309219745e-02,-4.378260124832515365e-01,1.131020826002884055e-09,-1.145911815775116249e+00,3.805063763285934098e-01,-7.909392536462973374e-15,7.722966657476727087e-03,-4.904142238449724078e-02,2.898228073043569500e-11,5.676438904198983365e-02,-7.041647985697086708e-11,-8.485372762986200182e-15,-1.962669810525963839e-03,3.859852871289476406e-02,-1.558268168668142902e-11,-4.056119852347069010e-02,4.668193897389432399e-11
2.297836244678356010e+00,-3.805063769847970567e-01,-1.292929763471279726e-02,-4.379034671144950153e-01,1.131066608811296894e-09,-1.145822158575493299e+00,3.805063763284822209e-01,-7.922422786792207718e-15,7.719845798841602595e-03,-4.898036983687203277e-02,2.895760464462677487e-11,5.670021563572943263e-02,-7.034260580856129157e-11,-8.005374085037475045e-15,-1.986900802653021950e-03,3.866581103221258808e-02,-1.564585923559983376e-11,-4.065271183492301377e-02,4.680850968631261682e-11
2.299416599729716459e+00,-3.805063769847970567e-01,-1.291710002866723779e-02,-4.379808251770259120e-01,1.131112352543822086e-09,-1.145732602906917030e+00,3.805063763283711431e-01,-7.934696672778723828e-15,7.716686626865389836e-03,-4.891921097620206133e-02,2.893282868357192007e-11,5.663589760308314347e-02,-7.026853171559370744e-11,-7.528165099202044621e-15,-2.011156797923263108e-03,3.873307196846070138e-02,-1.570907762098484247e-11,-4.074422876644876595e-02,4.693510302324984207e-11
2.300996954781076909e+00,-3.805063769847971122e-01,-1.290490744553539695e-02,-4.380580865028583237e-01,1.131158057042570705e-09,-1.145643148997952609e+00,3.805063763282601208e-01,-7.946218605266497948e-15,7.713489102114467512e-03,-4.885794583620796383e-02,2.890795278285091843e-11,5.657143493833801523e-02,-7.019425754240859115e-11,-7.053748503322279973e-15,-2.035437694772538296e-03,3.880031161317722133e-02,-1.577233669615433629e-11,-4.083574930802188335e-02,4.706171886434743366e-11
2.302577309832437802e+00,-3.805063769847971122e-01,-1.289271994595931128e-02,-4.381352509240599158e-01,1.131203722149551460e-09,-1.145553797077174751e+00,3.805063763281492650e-01,-7.956992999313942067e-15,7.710253185315936453e-03,-4.879657445046529929e-02,2.888297687827564007e-11,5.650682763579670254e-02,-7.011978325353642510e-11,-6.582126933061135387e-15,-2.059743391345680852e-03,3.886753005813924772e-02,-1.583563631391023597e-11,-4.092727344956433727e-02,4.718835708904376562e-11
2.304157664883798251e+00,-3.805063769847971122e-01,-1.288053759064299725e-02,-4.382123182727510335e-01,1.131249347706672354e-09,-1.145464547373167497e+00,3.805063763280384648e-01,-7.967024274095570829e-15,7.706978837358106210e-03,-4.873509685240461770e-02,2.885790090589109083e-11,5.644207568977807621e-02,-7.004510881369869287e-11,-6.113302961865129495e-15,-2.084073785496362487e-03,3.893472739536292526e-02,-1.589897632653820139e-11,-4.101880118094593936e-02,4.731501757657400342e-11
2.305738019935159144e+00,-3.805063769847971122e-01,-1.286836044035210083e-02,-4.382892883811049245e-01,1.131294933555740262e-09,-1.145375400114522435e+00,3.805063763279278866e-01,-7.976316852803722081e-15,7.703666019290946951e-03,-4.867351307531073146e-02,2.883272480197609399e-11,5.637717909461687632e-02,-6.997023418780772413e-11,-5.647279100921977137e-15,-2.108428774787154871e-03,3.900190371710354070e-02,-1.596235658580778345e-11,-4.111033249198452894e-02,4.744170020597044648e-11
2.307318374986519594e+00,-3.805063769847971122e-01,-1.285618855591374489e-02,-4.383661610813470166e-01,1.131340479538461561e-09,-1.145286355529842037e+00,3.805063763278173639e-01,-7.984875162550010800e-15,7.700314692326529209e-03,-4.861182315232253498e-02,2.880744850304411426e-11,5.631213784466410077e-02,-6.989515934096723744e-11,-5.184057799126305459e-15,-2.132808256489386947e-03,3.906905911585535629e-02,-1.602577694297198458e-11,-4.120186737244568159e-02,4.756840485606208230e-11
2.308898730037880487e+00,-3.805063769847971678e-01,-1.284402199821618740e-02,-4.384429362057554735e-01,1.131385985496442744e-09,-1.145197413847736101e+00,3.805063763277069522e-01,-7.992703634266977062e-15,7.696924817839517416e-03,-4.855002711643247731e-02,2.878207194584411725e-11,5.624695193428688039e-02,-6.981988423847254709e-11,-4.723641443038772782e-15,-2.157212127583213890e-03,3.913619368435183182e-02,-1.608923724876748497e-11,-4.129340581204307692e-02,4.769513140547516154e-11
2.310479085089240936e+00,-3.805063769847971678e-01,-1.283186082820863584e-02,-4.385196135866599731e-01,1.131431451271190421e-09,-1.145108575296823972e+00,3.805063763275966515e-01,-7.999806702609473702e-15,7.693496357367616591e-03,-4.848812500048644419e-02,2.875659506736141280e-11,5.618162135786877037e-02,-6.974440884581114468e-11,-4.266032356852661126e-15,-2.181640284757477895e-03,3.920330751556553445e-02,-1.615273735341426773e-11,-4.138494780043806137e-02,4.782187973263280389e-11
2.312059440140601829e+00,-3.805063769847971678e-01,-1.281970510690090548e-02,-4.385961930564423739e-01,1.131476876704111322e-09,-1.145019840105733877e+00,3.805063763274865174e-01,-8.006188805856112339e-15,7.690029272612009491e-03,-4.842611683718293925e-02,2.873101780481831095e-11,5.611614610980945883e-02,-6.966873312866246649e-11,-3.811232802355176275e-15,-2.206092624409778866e-03,3.927040070270814559e-02,-1.621627710661573519e-11,-4.147649332723993276e-02,4.794864971575529529e-11
2.313639795191962278e+00,-3.805063769847971678e-01,-1.280755489536324759e-02,-4.386726744475358264e-01,1.131522261636513742e-09,-1.144931208503102704e+00,3.805063763273764388e-01,-8.011854385810581613e-15,7.686523525437858814e-03,-4.836400265907320195e-02,2.870534009567515584e-11,5.605052618452537744e-02,-6.959285705289887576e-11,-3.359244978896036123e-15,-2.230569042646332600e-03,3.933747333923051648e-02,-1.627985635755841169e-11,-4.156804238200578067e-02,4.807544123285990055e-11
2.315220150243323172e+00,-3.805063769847972233e-01,-1.279541025472603726e-02,-4.387490575924249958e-01,1.131567605909607334e-09,-1.144842680717576222e+00,3.805063763272665267e-01,-8.016807887702982773e-15,7.682979077874743483e-03,-4.830178249856053457e-02,2.867956187763102050e-11,5.598476157644937529e-02,-6.951678058458558512e-11,-2.910071023351109708e-15,-2.255069435282031076e-03,3.940452551882280691e-02,-1.634347495491205340e-11,-4.165959495424062520e-02,4.820225416176121229e-11
2.316800505294683621e+00,-3.805063769847972233e-01,-1.278327124617951657e-02,-4.388253423236455064e-01,1.131612909364502696e-09,-1.144754256977809082e+00,3.805063763271567256e-01,-8.021053760091028002e-15,7.679395892117101864e-03,-4.823945638789985113e-02,2.865368308862447581e-11,5.591885228003083685e-02,-6.944050368998091512e-11,-2.463713010090600876e-15,-2.279593697840346170e-03,3.947155733541416606e-02,-1.640713274682935427e-11,-4.175115103339711864e-02,4.832908838007075678e-11
2.318380860346044070e+00,-3.805063769847972233e-01,-1.277113793097356051e-02,-4.389015284737839417e-01,1.131658171842213647e-09,-1.144665937512464815e+00,3.805063763270470356e-01,-8.024596454761282923e-15,7.675773930524743514e-03,-4.817702435919763576e-02,2.862770366683456311e-11,5.585279828973604282e-02,-6.936402633553699211e-11,-2.020172950946903773e-15,-2.304141725553325321e-03,3.953856888317315577e-02,-1.647082958094599453e-11,-4.184271060887585075e-02,4.845594376519741393e-11
2.319961215397404519e+00,-3.805063769847972233e-01,-1.275901037041737678e-02,-4.389776158754775115e-01,1.131703393183655984e-09,-1.144577722550215171e+00,3.805063763269375121e-01,-8.027440426630279728e-15,7.672113155623257706e-03,-4.811448644441127659e-02,2.860162355068147271e-11,5.578659960004794804e-02,-6.928734848789970953e-11,-1.579452795182691850e-15,-2.328713413361558574e-03,3.960556025650749379e-02,-1.653456530438050821e-11,-4.193427367002512673e-02,4.858282019434720410e-11
2.321541570448765412e+00,-3.805063769847972233e-01,-1.274688862587928379e-02,-4.390536043614136630e-01,1.131748573229648103e-09,-1.144489612319740779e+00,3.805063763268280441e-01,-8.029590133645606644e-15,7.668413530104498284e-03,-4.805184267534869796e-02,2.857544267882739377e-11,5.572025620546636193e-02,-6.921047011390915438e-11,-1.141554429461521744e-15,-2.353308655914147351e-03,3.967253155006414400e-02,-1.659833976373417973e-11,-4.202584020614102273e-02,4.870971754452343666e-11
2.323121925500125862e+00,-3.805063769847972788e-01,-1.273477275878642789e-02,-4.391294937643299701e-01,1.131793711820911623e-09,-1.144401607049731595e+00,3.805063763267187427e-01,-8.031050036686975304e-15,7.664675016827048569e-03,-4.798909308366822168e-02,2.854916099017741891e-11,5.565376810050817746e-02,-6.913339118060007252e-11,-7.064796778179133635e-16,-2.377927347568655446e-03,3.973948285872938579e-02,-1.666215280509097602e-11,-4.211741020646737887e-02,4.883663569252662607e-11
2.324702280551486755e+00,-3.805063769847972788e-01,-1.272266283062449543e-02,-4.392052839170144107e-01,1.131838808798073033e-09,-1.144313706968885347e+00,3.805063763266095522e-01,-8.031824599467210822e-15,7.660897578816666317e-03,-4.792623770087784535e-02,2.852277842388019058e-11,5.558713527970713525e-02,-6.905611165520189453e-11,-2.742303016280610622e-16,-2.402569382391134181e-03,3.980641427762875162e-02,-1.672600427401748842e-11,-4.220898366019577158e-02,4.896357451495467273e-11
2.326282635602847204e+00,-3.805063769847972788e-01,-1.271055890293750455e-02,-4.392809746523039238e-01,1.131883864001661011e-09,-1.144225912305908643e+00,3.805063763265004728e-01,-8.031918288433208722e-15,7.657081179266759900e-03,-4.786327655833521461e-02,2.849629491932892197e-11,5.552035773761433007e-02,-6.897863150513945949e-11,1.551920004162461033e-16,-2.427234654156013981e-03,3.987332590212710332e-02,-1.678989401556277754e-11,-4.230056055646549962e-02,4.909053388820271443e-11
2.327862990654208097e+00,-3.805063769847972788e-01,-1.269846103732748949e-02,-4.393565658030854637e-01,1.131928877272110141e-09,-1.144138223289516976e+00,3.805063763263915044e-01,-8.031335572666846124e-15,7.653225781538834128e-03,-4.780020968724694314e-02,2.846971041616203046e-11,5.545343546879782232e-02,-6.890095069803284693e-11,5.817855923362687025e-16,-2.451923056346164229e-03,3.994021782782860436e-02,-1.685382187425842172e-11,-4.239214088436358413e-02,4.921751368846329431e-11
2.329443345705568547e+00,-3.805063769847973343e-01,-1.268636929545425597e-02,-4.394320572022948346e-01,1.131973848449758850e-09,-1.144050640148434494e+00,3.805063763262827026e-01,-8.030080923785864525e-15,7.649331349162965567e-03,-4.773703711866841837e-02,2.844302485426409069e-11,5.538636846784314449e-02,-6.882306920169813943e-11,1.005548900891030364e-15,-2.476634482152795247e-03,4.000709015057672679e-02,-1.691778769411830382e-11,-4.248372463292473394e-02,4.934451379172627043e-11
2.331023700756929440e+00,-3.805063769847973343e-01,-1.267428373903512276e-02,-4.395074486829168570e-01,1.132018777374851056e-09,-1.143963163111393344e+00,3.805063763261739562e-01,-8.028158815844692629e-15,7.645397845838264837e-03,-4.767375888350347535e-02,2.841623817376660691e-11,5.531915672935317635e-02,-6.874498698414760355e-11,1.426480415602745921e-15,-2.501368824475478682e-03,4.007394296645440390e-02,-1.698179131863865963e-11,-4.257531179113143577e-02,4.947153407377901605e-11
2.332604055808289889e+00,-3.805063769847973343e-01,-1.266220442984461632e-02,-4.395827400779852567e-01,1.132063663887536796e-09,-1.143875792407134551e+00,3.805063763260654319e-01,-8.025573725235228155e-15,7.641425235433305096e-03,-4.761037501250366122e-02,2.838935031504874317e-11,5.525180024794807548e-02,-6.866670401358967688e-11,1.844578688781698135e-15,-2.526125975922118017e-03,4.014077637178374569e-02,-1.704583259079792605e-11,-4.266690234791370440e-02,4.959857441020612243e-11
2.334184410859650338e+00,-3.805063769847973343e-01,-1.265013142971426613e-02,-4.396579312205819434e-01,1.132108507827870977e-09,-1.143788528264407134e+00,3.805063763259569631e-01,-8.022330130587619645e-15,7.637413481986634646e-03,-4.754688553626838787e-02,2.836236121873832821e-11,5.518429901826580469e-02,-6.858822025842995038e-11,2.259842335547828034e-15,-2.550905828808890455e-03,4.020759046312641360e-02,-1.710991135305671521e-11,-4.275849629214938108e-02,4.972563467638980591e-11
2.335764765911010787e+00,-3.805063769847973343e-01,-1.263806480053227162e-02,-4.397330219438373988e-01,1.132153309035816279e-09,-1.143701370911969883e+00,3.805063763258486609e-01,-8.018432512670966232e-15,7.633362549707197603e-03,-4.748329048524413398e-02,2.833527082571251145e-11,5.511665303496176421e-02,-6.850953568727087102e-11,2.672270033855212477e-15,-2.575708275160270341e-03,4.027438533728334991e-02,-1.717402744735774341e-11,-4.285009361266386985e-02,4.985271474750963004e-11
2.337345120962371681e+00,-3.805063769847973898e-01,-1.262600460424326276e-02,-4.398080120809298998e-01,1.132198067351240669e-09,-1.143614320578588250e+00,3.805063763257404141e-01,-8.013885354293998474e-15,7.629272402974804010e-03,-4.741958988972416744e-02,2.830807907709861916e-11,5.504886229270904846e-02,-6.843065026891232348e-11,3.081860524512305139e-15,-2.600533206708993163e-03,4.034116109129491645e-02,-1.723818071512578264e-11,-4.294169429823028322e-02,4.997981449854267360e-11
2.338925476013732130e+00,-3.805063769847973898e-01,-1.261395090284804336e-02,-4.398829014650853519e-01,1.132242782613920295e-09,-1.143527377493037678e+00,3.805063763256323339e-01,-8.008693140205746566e-15,7.625143006340605149e-03,-4.735578377984833026e-02,2.828078591427504635e-11,5.498092678619865420e-02,-6.835156397235205661e-11,3.488612611202354207e-15,-2.625380514896001778e-03,4.040791782244086000e-02,-1.730237099726753455e-11,-4.303329833756932427e-02,5.010693380426345953e-11
2.340505831065093023e+00,-3.805063769847973898e-01,-1.260190375840327531e-02,-4.399576899295775112e-01,1.132287454663538869e-09,-1.143440541884100492e+00,3.805063763255243647e-01,-8.002860356996148600e-15,7.620974324527544572e-03,-4.729187218560245570e-02,2.825339127887198697e-11,5.491284651013934870e-02,-6.827227676678577393e-11,3.892525160504626679e-15,-2.650250090870496286e-03,4.047465562824046487e-02,-1.736659813417172417e-11,-4.312490571934943923e-02,5.023407253924416170e-11
2.342086186116453472e+00,-3.805063769847973898e-01,-1.258986323302126349e-02,-4.400323773077270961e-01,1.132332083339686838e-09,-1.143353813980569234e+00,3.805063763254165621e-01,-7.996391492996627269e-15,7.616766322430804786e-03,-4.722785513681806296e-02,2.822589511277227402e-11,5.484462145925784321e-02,-6.819278862160754721e-11,4.293597101911063587e-15,-2.675141825489832544e-03,4.054137460645222679e-02,-1.743086196570883497e-11,-4.321651643218651917e-02,5.036123057785424305e-11
2.343666541167814366e+00,-3.805063769847973898e-01,-1.257782938886964179e-02,-4.401069634329020652e-01,1.132376668481864488e-09,-1.143267194011242438e+00,3.805063763253088704e-01,-7.989291038180679193e-15,7.612518965118303393e-03,-4.716373266317207963e-02,2.819829735811225195e-11,5.477625162829895950e-02,-6.811309950641026882e-11,4.691827427846199918e-15,-2.700055609319578116e-03,4.060807485507433173e-02,-1.749516233123127360e-11,-4.330813046464428162e-02,5.048840779426099191e-11
2.345246896219174815e+00,-3.805063769847974453e-01,-1.256580228817111636e-02,-4.401814481385169509e-01,1.132421209929480492e-09,-1.143180682204929299e+00,3.805063763252012898e-01,-7.981563484064390095e-15,7.608232217831125029e-03,-4.709950479418633512e-02,2.817059795728255221e-11,5.470773701202562983e-02,-6.803320939098579394e-11,5.087215193682670857e-15,-2.724991332633435511e-03,4.067475647234425340e-02,-1.755949906957314701e-11,-4.339974780523391668e-02,5.061560406242904387e-11
2.346827251270535708e+00,-3.805063769847974453e-01,-1.255378199320316031e-02,-4.402558312580330813e-01,1.132465707521852122e-09,-1.143094278790445006e+00,3.805063763250937647e-01,-7.973213323606910528e-15,7.603906045983980198e-03,-4.703517155922704723e-02,2.814279685292883309e-11,5.463907760521879986e-02,-6.795311824532510854e-11,5.479759517759268812e-15,-2.749948885413298558e-03,4.074141955673893367e-02,-1.762387201905036901e-11,-4.349136844241428129e-02,5.074281925612071773e-11
2.348407606321896157e+00,-3.805063769847974453e-01,-1.254176856629782288e-02,-4.403301126249576369e-01,1.132510161098206278e-09,-1.143007983996615184e+00,3.805063763249864617e-01,-7.964245051111015227e-15,7.599540415165700544e-03,-4.697073298750496090e-02,2.811489398795282025e-11,5.457027340267801147e-02,-6.787282603961931168e-11,5.869459581392977491e-15,-2.774928157349130110e-03,4.080806420697485892e-02,-1.768828101746044705e-11,-4.358299236459178827e-02,5.087005324889586693e-11
2.349987961373257050e+00,-3.805063769847975008e-01,-1.252976206984133915e-02,-4.404042920728443167e-01,1.132554570497680734e-09,-1.142921798052272120e+00,3.805063763248792696e-01,-7.954663162123466819e-15,7.595135291139654306e-03,-4.690618910807428654e-02,2.808688930551285272e-11,5.450132439922086847e-02,-6.779233274425900805e-11,6.256314628896961084e-15,-2.799929037839065694e-03,4.087469052200790043e-02,-1.775272590208260499e-11,-4.367461956012048951e-02,5.099730591411198295e-11
2.351568316424617500e+00,-3.805063769847975563e-01,-1.251776256627396000e-02,-4.404783694352924495e-01,1.132598935559322479e-09,-1.142835721186256537e+00,3.805063763247722441e-01,-7.944472153335529424e-15,7.590690639844251998e-03,-4.684153994983290825e-02,2.805878274902493954e-11,5.443223058968365419e-02,-6.771163832983547117e-11,6.640323967590957504e-15,-2.824951415989307695e-03,4.094129860103349478e-02,-1.781720650967763125e-11,-4.376625001730197195e-02,5.112457712492414354e-11
2.353148671475977949e+00,-3.805063769847975563e-01,-1.250577011808958784e-02,-4.405523445459466059e-01,1.132643256122090201e-09,-1.142749753627417819e+00,3.805063763246652742e-01,-7.933676522483332360e-15,7.586206427393364475e-03,-4.677678554152160662e-02,2.803057426216339305e-11,5.436299196892099839e-02,-6.763074276714033323e-11,7.021486967815728744e-15,-2.849995180614173489e-03,4.100788854348651896e-02,-1.788172267648791111e-11,-4.385788372438544774e-02,5.125186675428509036e-11
2.354729026527338398e+00,-3.805063769847975563e-01,-1.249378478783555631e-02,-4.406262172384972642e-01,1.132687532024853046e-09,-1.142663895604613344e+00,3.805063763245584707e-01,-7.922280768248284347e-15,7.581682620076819930e-03,-4.671192591172382280e-02,2.800226378886176268e-11,5.429360853180622420e-02,-6.754964602716627008e-11,7.399803062943902189e-15,-2.875060220236053815e-03,4.107446044904130428e-02,-1.794627423823735886e-11,-4.394952066956766407e-02,5.137917467494513844e-11
2.356309381578699291e+00,-3.805063769847975563e-01,-1.248180663811232841e-02,-4.406999873466793116e-01,1.132731763106392479e-09,-1.142578147346707818e+00,3.805063763244517228e-01,-7.910289390157470352e-15,7.577119184360855790e-03,-4.664696108886539488e-02,2.797385127331365250e-11,5.422408027323136898e-02,-6.746834808110727266e-11,7.775271749390422236e-15,-2.900146423085415374e-03,4.114101441761180977e-02,-1.801086103013142749e-11,-4.404116084099303496e-02,5.150650075945237656e-11
2.357889736630059740e+00,-3.805063769847975563e-01,-1.246983573157324325e-02,-4.407736547042728215e-01,1.132775949205401041e-09,-1.142492509082575269e+00,3.805063763243451969e-01,-7.897706888483986900e-15,7.572516086888560205e-03,-4.658189110121404436e-02,2.794533665997347400e-11,5.415440718810725362e-02,-6.738684890035885376e-11,8.147892586622070270e-15,-2.925253677100754859e-03,4.120755054935135858e-02,-1.807548288685696006e-11,-4.413280422675335685e-02,5.163384488015233762e-11
2.359470091681420634e+00,-3.805063769847976118e-01,-1.245787213092418126e-02,-4.408472191451023314e-01,1.132820090160485044e-09,-1.142406981041096392e+00,3.805063763242387820e-01,-7.884537764147294740e-15,7.567873294480358635e-03,-4.651671597687893900e-02,2.791671989355730565e-11,5.408458927136346878e-02,-6.730514845651837119e-11,8.517665197167581012e-15,-2.950381869928664011e-03,4.127406894465290160e-02,-1.814013964258238033e-11,-4.422445081488819707e-02,5.176120690918845104e-11
2.361050446732781083e+00,-3.805063769847976118e-01,-1.244591589892335079e-02,-4.409206805030365661e-01,1.132864185810161666e-09,-1.142321563451161426e+00,3.805063763241324781e-01,-7.870786518613579407e-15,7.563190774134473555e-03,-4.645143574381056101e-02,2.788800091904375235e-11,5.401462651794872172e-02,-6.722324672138557057e-11,8.884589266623895819e-15,-2.975530888923740708e-03,4.134056970414883708e-02,-1.820483113095744719e-11,-4.431610059338456087e-02,5.188858671850164211e-11
2.362630801784141976e+00,-3.805063769847976118e-01,-1.243396709838094465e-02,-4.409940386119886035e-01,1.132908235992863716e-09,-1.142236256541667050e+00,3.805063763240262853e-01,-7.856457653796020269e-15,7.558468493027356398e-03,-4.638605042979995763e-02,2.785917968167462402e-11,5.394451892283048944e-02,-6.714114366696248199e-11,9.248664543664762851e-15,-3.000700621148654455e-03,4.140705292871110083e-02,-1.826955718511339364e-11,-4.440775355017700932e-02,5.201598417983059690e-11
2.364211156835502425e+00,-3.805063769847976118e-01,-1.242202579215891285e-02,-4.410672933059149314e-01,1.132952240546936114e-09,-1.142151060541518603e+00,3.805063763239202590e-01,-7.841555671955168437e-15,7.553706418514186290e-03,-4.632056006247872032e-02,2.783025612695593721e-11,5.387426648099558762e-02,-6.705883926545419541e-11,9.609890840045047401e-15,-3.025890953374070057e-03,4.147351871945112456e-02,-1.833431763766279426e-11,-4.449940967314768014e-02,5.214339916471163949e-11
2.365791511886863319e+00,-3.805063769847976118e-01,-1.241009204317062957e-02,-4.411404444188157803e-01,1.132996199310637753e-09,-1.142065975679629641e+00,3.805063763238143437e-01,-7.826085075599203193e-15,7.548904518129317606e-03,-4.625496466931846434e-02,2.780123020065863891e-11,5.380386918744993474e-02,-6.697633348926895121e-11,9.968268030607617078e-15,-3.051101772078705730e-03,4.153996717771996777e-02,-1.839911232069967830e-11,-4.459106895012634325e-02,5.227083154447887417e-11
2.367371866938223768e+00,-3.805063769847976674e-01,-1.239816591438066933e-02,-4.412134917847345683e-01,1.133040112122142948e-09,-1.141981002184921046e+00,3.805063763237085950e-01,-7.810050367384259416e-15,7.544062759586728402e-03,-4.618926427763039855e-02,2.777210184881941761e-11,5.373332703721876713e-02,-6.689362631101847618e-11,1.032379605328556008e-14,-3.076332963449271082e-03,4.160639840510805404e-02,-1.846394106579934234e-11,-4.468273136889012315e-02,5.239828119026390107e-11
2.368952221989584217e+00,-3.805063769847976674e-01,-1.238624746880444098e-02,-4.412864352377579569e-01,1.133083978819540812e-09,-1.141896140286321248e+00,3.805063763236029017e-01,-7.793456050014666652e-15,7.539181110780494854e-03,-4.612345891456491598e-02,2.774287101774151102e-11,5.366264002534651412e-02,-6.681071770351816451e-11,1.067647490910818054e-14,-3.101584413380537811e-03,4.167281250344549021e-02,-1.852880370401856669e-11,-4.477439691716388753e-02,5.252574797299624268e-11
2.370532577040944666e+00,-3.805063769847976674e-01,-1.237433676950799172e-02,-4.413592746120151844e-01,1.133127799240834640e-09,-1.141811390212767785e+00,3.805063763234974306e-01,-7.776306626143325450e-15,7.534259539785265712e-03,-4.605754860711150367e-02,2.771353765399565286e-11,5.359180814689733230e-02,-6.672760763978782739e-11,1.102630466220023805e-14,-3.126856007475245156e-03,4.173920957480182353e-02,-1.859370006589537635e-11,-4.486606558261994893e-02,5.265323176340295610e-11
2.372112932092305559e+00,-3.805063769847976674e-01,-1.236243387960765487e-02,-4.414320097416780664e-01,1.133171573223945010e-09,-1.141726752193204408e+00,3.805063763233920149e-01,-7.758606598271891213e-15,7.529298014856682965e-03,-4.599153338209791692e-02,2.768410170442068676e-11,5.352083139695463371e-02,-6.664429609305147328e-11,1.137328543978565692e-14,-3.152147631044180127e-03,4.180558972148616659e-02,-1.865862998144922191e-11,-4.495773735287820344e-02,5.278073243200887218e-11
2.373693287143666009e+00,-3.805063769847976674e-01,-1.235053886226980188e-02,-4.415046404609607178e-01,1.133215300606707917e-09,-1.141642226456583975e+00,3.805063763232867657e-01,-7.740360468651126866e-15,7.524296504431896189e-03,-4.592541326619023478e-02,2.765456311612459380e-11,5.344970977062160622e-02,-6.656078303673809636e-11,1.171741743218700865e-14,-3.177459169106125903e-03,4.187195304604716950e-02,-1.872359328018086650e-11,-4.504941221550605446e-02,5.290824984913649207e-11
2.375273642195026902e+00,-3.805063769847977229e-01,-1.233865178071052310e-02,-4.415771666041191645e-01,1.133258981226876020e-09,-1.141557813231866225e+00,3.805063763231816276e-01,-7.721572739181140351e-15,7.519254977129969340e-03,-4.585918828589212459e-02,2.762492183648510961e-11,5.337844326302099845e-02,-6.647706844448157310e-11,1.205870089282526424e-14,-3.202790506387893921e-03,4.193829965127298526e-02,-1.878858979107242453e-11,-4.514109015801850977e-02,5.303578388490601960e-11
2.376853997246387351e+00,-3.805063769847977229e-01,-1.232677269819537451e-02,-4.416495880054513989e-01,1.133302614922119468e-09,-1.141473512748018670e+00,3.805063763230766560e-01,-7.702247911311702585e-15,7.514173401752396834e-03,-4.579285846754473088e-02,2.759517781315075194e-11,5.330703186929547366e-02,-6.639315229012141189e-11,1.239713613821830482e-14,-3.228141527324296552e-03,4.200462964019132522e-02,-1.885361934258737788e-11,-4.523277116787806362e-02,5.316333440923532243e-11
2.378434352297748244e+00,-3.805063769847976674e-01,-1.231490167803906549e-02,-4.417219044992967136e-01,1.133346201530025482e-09,-1.141389325234017038e+00,3.805063763229717400e-01,-7.682390485942505464e-15,7.509051747283514676e-03,-4.572642383732611338e-02,2.756533099404145394e-11,5.323547558460740153e-02,-6.630903454770264967e-11,1.273272354797859294e-14,-3.253512116058179197e-03,4.207094311606942444e-02,-1.891868176267056291e-11,-4.532445523249479385e-02,5.329090129184002258e-11
2.380014707349108694e+00,-3.805063769847976674e-01,-1.230303878360519167e-02,-4.417941159200357015e-01,1.133389740888098775e-09,-1.141305250918844161e+00,3.805063763228670459e-01,-7.662004963323490868e-15,7.503889982891000059e-03,-4.565988442125104574e-02,2.753538132734953030e-11,5.316377440413923294e-02,-6.622471519147658861e-11,1.306546356480959112e-14,-3.278902156440384290e-03,4.213724018241402081e-02,-1.898377687874815441e-11,-4.541614233922629945e-02,5.341848440223334778e-11
2.381595062400469587e+00,-3.805063769847977229e-01,-1.229118407830588795e-02,-4.418662221020900893e-01,1.133433232833763407e-09,-1.141221290031490643e+00,3.805063763227625184e-01,-7.641095842955072375e-15,7.498688077926318057e-03,-4.559324024517041885e-02,2.750532876154040423e-11,5.309192832309332644e-02,-6.614019419590073150e-11,1.339535669450287939e-14,-3.304311532029820253e-03,4.220352094297146611e-02,-1.904890451772779796e-11,-4.550783247537782544e-02,5.354608360972635763e-11
2.383175417451830036e+00,-3.805063769847977229e-01,-1.227933762560163428e-02,-4.419382228799220158e-01,1.133476677204361342e-09,-1.141137442800954416e+00,3.805063763226580464e-01,-7.619667623488539996e-15,7.493446001925166584e-03,-4.552649133477104648e-02,2.747517324535344438e-11,5.301993733669220499e-02,-6.605547153563940214e-11,1.372240350593045439e-14,-3.329740126093376495e-03,4.226978550172746929e-02,-1.911406450599842261e-11,-4.559952562820199229e-02,5.367369878342758820e-11
2.384755772503190929e+00,-3.805063769847977229e-01,-1.226749948900086699e-02,-4.420101180880342540e-01,1.133520073837154306e-09,-1.141053709456241405e+00,3.805063763225536855e-01,-7.597724802626288202e-15,7.488163724607971652e-03,-4.545963771557521432e-02,2.744491472780282429e-11,5.294780144017856988e-02,-6.597054718556382286e-11,1.404660463104114007e-14,-3.355187821606020124e-03,4.233603396290744336e-02,-1.917925666943045733e-11,-4.569122178489915670e-02,5.380132979224342684e-11
2.386336127554551378e+00,-3.805063769847977229e-01,-1.225566973205974297e-02,-4.420819075609699889e-01,1.133563422569323585e-09,-1.140970090226364642e+00,3.805063763224494910e-01,-7.575271877022178062e-15,7.482841215880329730e-03,-4.539267941294028441e-02,2.741455315817829791e-11,5.287552062881539089e-02,-6.588542112075268325e-11,1.436796076485223366e-14,-3.380654501250740431e-03,4.240226643097619319e-02,-1.924448083337571794e-11,-4.578292093261712020e-02,5.392897650487785367e-11
2.387916482605911828e+00,-3.805063769847977229e-01,-1.224384841838183427e-02,-4.421535911333119850e-01,1.133606723237970017e-09,-1.140886585340344705e+00,3.805063763223454631e-01,-7.552313342181866238e-15,7.477478445833451830e-03,-4.532561645205832046e-02,2.738408848604602028e-11,5.280309489788592714e-02,-6.580009331649216597e-11,1.468647266544135989e-14,-3.406140047418592699e-03,4.246848301063810283e-02,-1.930973682266752340e-11,-4.587462305845132343e-02,5.405663878983253854e-11
2.389496837657272277e+00,-3.805063769847977784e-01,-1.223203561161783498e-02,-4.422251686396828640e-01,1.133649975680115862e-09,-1.140803195027209727e+00,3.805063763222414908e-01,-7.528853692363163973e-15,7.472075384744666579e-03,-4.525844885795577560e-02,2.735352066124941028e-11,5.273052424269396299e-02,-6.571456374827656716e-11,1.500214115393794970e-14,-3.431644342208675647e-03,4.253468380683698979e-02,-1.937502446162061505e-11,-4.596632814944467266e-02,5.418431651540673115e-11
2.391077192708633170e+00,-3.805063769847977784e-01,-1.222023137546526111e-02,-4.422966399147446603e-01,1.133693179732703555e-09,-1.140719919515995606e+00,3.805063763221377404e-01,-7.504897420476399217e-15,7.466632003077852166e-03,-4.519117665549310381e-02,2.732284963390995843e-11,5.265780865856385662e-02,-6.562883239180850323e-11,1.531496711451301977e-14,-3.457167267428164388e-03,4.260086892475629938e-02,-1.944034357403129556e-11,-4.605803619258781734e-02,5.431200954969748077e-11
2.392657547759993619e+00,-3.805063769847977784e-01,-1.220843577366814876e-02,-4.423680047931985992e-01,1.133736335232597362e-09,-1.140636759035744463e+00,3.805063763220341011e-01,-7.480449017984742482e-15,7.461148271483890836e-03,-4.512379986936418397e-02,2.729207535442794417e-11,5.258494814084031105e-02,-6.554289922299897548e-11,1.562495149436872485e-14,-3.482708704592328650e-03,4.266703846981879239e-02,-1.950569398317737398e-11,-4.614974717481874766e-02,5.443971776059927437e-11
2.394237902811354513e+00,-3.805063769847977784e-01,-1.219664887001678175e-02,-4.424392631097847639e-01,1.133779442016582969e-09,-1.140553713815506631e+00,3.805063763219305728e-01,-7.455512974804696764e-15,7.455624160801157217e-03,-4.505631852409620886e-02,2.726119777348342466e-11,5.251194268488897088e-02,-6.545676421796811973e-11,1.593209530372571072e-14,-3.508268534924521495e-03,4.273319254768685738e-02,-1.957107551181827563e-11,-4.624146108302325253e-02,5.456744101580439849e-11
2.395818257862714962e+00,-3.805063769847978339e-01,-1.218487072834738109e-02,-4.425104146992817622e-01,1.133822499921368718e-09,-1.140470784084340439e+00,3.805063763218272110e-01,-7.430093779206472307e-15,7.450059642055971085e-03,-4.498873264404929656e-02,2.723021684203698434e-11,5.243879228609622106e-02,-6.537042735304538726e-11,1.623639961581084270e-14,-3.533846639356184524e-03,4.279933126426235107e-02,-1.963648798219499035e-11,-4.633317790403458647e-02,5.469517918280263551e-11
2.397398612914075855e+00,-3.805063769847978894e-01,-1.217310141254178413e-02,-4.425814593965068933e-01,1.133865508783585611e-09,-1.140387970071309987e+00,3.805063763217239603e-01,-7.404195917714355042e-15,7.444454686463028437e-03,-4.492104225341573415e-02,2.719913251133040062e-11,5.236549693986904813e-02,-6.528388860476948022e-11,1.653786556684375714e-14,-3.559442898526927242e-03,4.286545472568653592e-02,-1.970193121603021150e-11,-4.642489762463363617e-02,5.482293212888146399e-11
2.398978967965436304e+00,-3.805063769847978894e-01,-1.216134098652721027e-02,-4.426523970363150373e-01,1.133908468439787929e-09,-1.140305272005487147e+00,3.805063763216208761e-01,-7.377823875007351137e-15,7.438809265425918443e-03,-4.485324737622020663e-02,2.716794473288779737e-11,5.229205664163574102e-02,-6.519714794988942433e-11,1.683649435602057300e-14,-3.585057192784426878e-03,4.293156303834019111e-02,-1.976740503452825837e-11,-4.651662023154886499e-02,5.495069972112583250e-11
2.400559323016797197e+00,-3.805063769847978894e-01,-1.214958951427589848e-02,-4.427232274535993217e-01,1.133951378726452818e-09,-1.140222690115951565e+00,3.805063763215178474e-01,-7.350982133819463934e-15,7.433123350537529372e-03,-4.478534803631885330e-02,2.713665345851611023e-11,5.221847138684532208e-02,-6.511020536536409070e-11,1.713228724549998583e-14,-3.610689402184562823e-03,4.299765630884352929e-02,-1.983290925837524422e-11,-4.660834571145636152e-02,5.507848182641834700e-11
2.402139678068157647e+00,-3.805063769847978894e-01,-1.213784705980481930e-02,-4.427939504832903994e-01,1.133994239479982772e-09,-1.140140224631789323e+00,3.805063763214150407e-01,-7.323675174840314830e-15,7.427396913580551659e-03,-4.471734425739921914e-02,2.710525864030614639e-11,5.214474117096803280e-02,-6.502306082836310057e-11,1.742524556038606114e-14,-3.636339406491364157e-03,4.306373464405624518e-02,-1.989844370773905687e-11,-4.670007405097983261e-02,5.520627831143918685e-11
2.403720033119518540e+00,-3.805063769847978894e-01,-1.212611368717540772e-02,-4.428645659603560047e-01,1.134037050536703769e-09,-1.140057875782094277e+00,3.805063763213123451e-01,-7.295907476615686849e-15,7.421629926527907248e-03,-4.464923606297974135e-02,2.707376023063327937e-11,5.207086598949523665e-02,-6.493571431626679941e-11,1.771537068870959833e-14,-3.662007085177043913e-03,4.312979815107741144e-02,-1.996400820226940398e-11,-4.679180523669061037e-02,5.533408904266598849e-11
2.405300388170878989e+00,-3.805063769847979449e-01,-1.211438946049323527e-02,-4.429350737198011756e-01,1.134079811732866929e-09,-1.139975643795967164e+00,3.805063763212098160e-01,-7.267683515448058748e-15,7.415822361543233585e-03,-4.458102347640947871e-02,2.704215818215833753e-11,5.199684583793961340e-02,-6.484816580666678688e-11,1.800266408141061169e-14,-3.687692317422007742e-03,4.319584693724556196e-02,-2.002960256109787763e-11,-4.688353925510759662e-02,5.546191388637396174e-11
2.406880743222239438e+00,-3.805063769847979449e-01,-1.210267444390770476e-02,-4.430054735966675317e-01,1.134122522904649338e-09,-1.139893528902515163e+00,3.805063763211073979e-01,-7.239007765297213278e-15,7.409974190981347651e-03,-4.451270652086765367e-02,2.701045244782839895e-11,5.192268071183518685e-02,-6.476041527736618824e-11,1.828712725231840374e-14,-3.713394982114906831e-03,4.326188111013873350e-02,-2.009522660283805128e-11,-4.697527609269746413e-02,5.558975270863591568e-11
2.408461098273599887e+00,-3.805063769847979449e-01,-1.209096870161176576e-02,-4.430757654260333300e-01,1.134165183888153429e-09,-1.139811531330853445e+00,3.805063763210050909e-01,-7.209884697680854906e-15,7.404085387388664903e-03,-4.444428521936318044e-02,2.697864298087756692e-11,5.184837060673733872e-02,-6.467246270637977064e-11,1.856876177813061629e-14,-3.739114957852606239e-03,4.332790077757415342e-02,-2.016088014558544421e-11,-4.706701573587435128e-02,5.571760537532194195e-11
2.410041453324960781e+00,-3.805063769847979449e-01,-1.207927229784160929e-02,-4.431459490430128545e-01,1.134207794519407604e-09,-1.139729651310103842e+00,3.805063763209029504e-01,-7.180318781575314319e-15,7.398155923503724023e-03,-4.437575959473456788e-02,2.694672973482788116e-11,5.177391551822307925e-02,-6.458430807193465402e-11,1.884756929839197531e-14,-3.764852122940256889e-03,4.339390604760866299e-02,-2.022656300691768956e-11,-4.715875817100022988e-02,5.584547175209976379e-11
2.411621808376321230e+00,-3.805063769847979449e-01,-1.206758529687633474e-02,-4.432160242827563601e-01,1.134250354634367678e-09,-1.139647889069395070e+00,3.805063763208009764e-01,-7.150314483316177190e-15,7.392185772257602386e-03,-4.430712966964928112e-02,2.691471266349005447e-11,5.169931544189094313e-02,-6.449595135247029818e-11,1.912355151547195993e-14,-3.790606355391280824e-03,4.345989702853839121e-02,-2.029227500389450848e-11,-4.725050338438462755e-02,5.597335170443450977e-11
2.413202163427682123e+00,-3.805063769847980004e-01,-1.205590776303769665e-02,-4.432859909804501841e-01,1.134292864068917088e-09,-1.139566244837862730e+00,3.805063763206991134e-01,-7.119876266499078611e-15,7.386174906774379233e-03,-4.423839546660338073e-02,2.688259172096429671e-11,5.162457037336109361e-02,-6.440739252663887755e-11,1.939671019454060641e-14,-3.816377532927422815e-03,4.352587382889879647e-02,-2.035801595305785550e-11,-4.734225136228478042e-02,5.610124509758872033e-11
2.414782518479042572e+00,-3.805063769847980004e-01,-1.204423976068974556e-02,-4.433558489713155248e-01,1.134335322658865653e-09,-1.139484718844649525e+00,3.805063763205974170e-01,-7.089008591880433624e-15,7.380123300371622258e-03,-4.416955700792132150e-02,2.685036686164118400e-11,5.154968030827555142e-02,-6.431863157330574655e-11,1.966704716354473827e-14,-3.842165532978747758e-03,4.359183655746472902e-02,-2.042378567043189273e-11,-4.743400209090559150e-02,5.622915179662230248e-11
2.416362873530403466e+00,-3.805063769847980004e-01,-1.203258135423854701e-02,-4.434255980906091632e-01,1.134377730239952673e-09,-1.139403311318904377e+00,3.805063763204958316e-01,-7.057715917278264784e-15,7.374030926560835170e-03,-4.410061431575543200e-02,2.681803804020246649e-11,5.147464524229813237e-02,-6.422966847154971094e-11,1.993456431318220519e-14,-3.867970232683700087e-03,4.365778532325045869e-02,-2.048958397152320953e-11,-4.752575555639975552e-02,5.635707166639271080e-11
2.417943228581763915e+00,-3.805063769847980004e-01,-1.202093260813189707e-02,-4.434952381736225746e-01,1.134420086647845072e-09,-1.139322022489784425e+00,3.805063763203944127e-01,-7.026002697473069164e-15,7.367897759047897441e-03,-4.403156741208551911e-02,2.678560521162181476e-11,5.139946517111455143e-02,-6.414050320066314421e-11,2.019926359687479039e-14,-3.893791508889083829e-03,4.372372023550939735e-02,-2.055541067132069977e-11,-4.761751174486753002e-02,5.648500457155453380e-11
2.419523583633124808e+00,-3.805063769847980004e-01,-1.200929358689275389e-02,-4.435647690557146250e-01,1.134462391718142771e-09,-1.139240852586453467e+00,3.805063763202931049e-01,-6.994507952276531590e-15,7.361723671672165507e-03,-4.396241641618165580e-02,2.675306834029691967e-11,5.132414008783420939e-02,-6.405113650676173101e-11,1.920893340048031266e-14,-3.919826692505345989e-03,4.378944907678521820e-02,-2.062124756542870224e-11,-4.770927576974329926e-02,5.661143760230636855e-11
2.421103938684485257e+00,-3.805063769847980004e-01,-1.199766435551616675e-02,-4.436341905726984280e-01,1.134504645286413637e-09,-1.139159801838092845e+00,3.805063763201919635e-01,-6.965481302256085684e-15,7.355508284501445157e-03,-4.389316169451272509e-02,2.672042741409507725e-11,5.124866997899385490e-02,-6.396157108191411948e-11,1.752782873911763868e-14,-3.945986686000469389e-03,4.385505862017483047e-02,-2.068710258718126248e-11,-4.780104530660021084e-02,5.673705228558891488e-11
2.422684293735845706e+00,-3.805063769847980559e-01,-1.198604497933128919e-02,-4.437035025607068972e-01,1.134546847188182940e-09,-1.139078870473899663e+00,3.805063763200909333e-01,-6.939099913827284411e-15,7.349251544592131161e-03,-4.382380329506696537e-02,2.668768239135615991e-11,5.117305483963814627e-02,-6.387180711471692057e-11,1.586125195685783761e-14,-3.972160150619814117e-03,4.392065730240168192e-02,-2.075298569901091569e-11,-4.789281745341883445e-02,5.686270054452474405e-11
2.424264648787206156e+00,-3.805063769847980559e-01,-1.197443552370690625e-02,-4.437727048559058640e-01,1.134588997258906256e-09,-1.138998058723076356e+00,3.805063763199900695e-01,-6.915340834158135452e-15,7.342953430751995858e-03,-4.375434123492315253e-02,2.665483322783577918e-11,5.109729466565358924e-02,-6.378184455222618070e-11,1.420919493150959101e-14,-3.998346963672291116e-03,4.398624523209045123e-02,-2.081889671368843215e-11,-4.798459219613270682e-02,5.698838223048279951e-11
2.425845003838567049e+00,-3.805063769847980559e-01,-1.196283605404513742e-02,-4.438417972944879719e-01,1.134631095333969475e-09,-1.138917366814832466e+00,3.805063763198893168e-01,-6.894181123509680166e-15,7.336613921982866431e-03,-4.368477553098811667e-02,2.662187987958579681e-11,5.102138945294885930e-02,-6.369168334173311111e-11,1.257164921551560976e-14,-4.024547002236537191e-03,4.405182251804545812e-02,-2.088483544346189446e-11,-4.807636952062482177e-02,5.711409719416061253e-11
2.427425358889927498e+00,-3.805063769847980559e-01,-1.195124663578112610e-02,-4.439107797126725652e-01,1.134673141248689208e-09,-1.138836794978383749e+00,3.805063763197887861e-01,-6.875597855750095031e-15,7.330232997481023888e-03,-4.361510619999666577e-02,2.658882230295524885e-11,5.094533919745504458e-02,-6.360132343076560014e-11,1.094860603612465943e-14,-4.050760143160880324e-03,4.411738926925069804e-02,-2.095080170005669107e-11,-4.816814941272749145e-02,5.723984528558448962e-11
2.429005713941287947e+00,-3.805063769847980559e-01,-1.193966733438274301e-02,-4.439796519467051894e-01,1.134715134838312998e-09,-1.138756343442953067e+00,3.805063763196883664e-01,-6.859568118868452296e-15,7.323810636637541338e-03,-4.354533325851114856e-02,2.655566045459104689e-11,5.086914389512555562e-02,-6.351076476708889815e-11,9.340056295571439434e-15,-4.076986263063360483e-03,4.418294559486981438e-02,-2.101679529467563912e-11,-4.825993185822239490e-02,5.736562635410967411e-11
2.430586068992648840e+00,-3.805063769847981114e-01,-1.192809821535028604e-02,-4.440484138328572583e-01,1.134757075938020970e-09,-1.138676012437768614e+00,3.805063763195880577e-01,-6.846069015488247129e-15,7.317346819038679506e-03,-4.347545672292138508e-02,2.652239429143898287e-11,5.079280354193650010e-02,-6.342000729870705223e-11,7.745990571258505465e-15,-4.103225238331714882e-03,4.424849160424627198e-02,-2.108281603799915560e-11,-4.835171684284075150e-02,5.749144024842076618e-11
2.432166424044009290e+00,-3.805063769847981114e-01,-1.191653934421614200e-02,-4.441170652074264980e-01,1.134798964382924598e-09,-1.138595802192065465e+00,3.805063763194878601e-01,-6.835077663380554007e-15,7.310841524466226739e-03,-4.340547660944418795e-02,2.648902377074439800e-11,5.071631813388645382e-02,-6.332905097386365579e-11,6.166399115942420901e-15,-4.129476945123389253e-03,4.431402740690314201e-02,-2.114886374018523804e-11,-4.844350435226306428e-02,5.761728681653174225e-11
2.433746779095370183e+00,-3.805063769847981114e-01,-1.190499078654451252e-02,-4.441856059067353923e-01,1.134840800008067936e-09,-1.138515712935084911e+00,3.805063763193878845e-01,-6.826571195976958274e-15,7.304294732897854622e-03,-4.333539293412309173e-02,2.645554885005305511e-11,5.063968766699664115e-02,-6.323789574104299888e-11,4.601271857931715946e-15,-4.155741259365525707e-03,4.437955311254325463e-02,-2.121493821086965837e-11,-4.853529437211930725e-02,5.774316590578630395e-11
2.435327134146730632e+00,-3.805063769847981114e-01,-1.189345260793106367e-02,-4.442540357671321827e-01,1.134882582648429279e-09,-1.138435744896074464e+00,3.805063763192880200e-01,-6.820526762882134288e-15,7.297706424507512633e-03,-4.326520571282816557e-02,2.642196948721198853e-11,5.056291213731105988e-02,-6.314654154897120555e-11,3.050598401279148807e-15,-4.182018056754984413e-03,4.444506883104917122e-02,-2.128103925916605979e-11,-4.862708688798890455e-02,5.786907736285814308e-11
2.436907489198091525e+00,-3.805063769847981114e-01,-1.188192487400266048e-02,-4.443223546249900346e-01,1.134924312138919507e-09,-1.138355898304288072e+00,3.805063763191882664e-01,-6.816921530386138798e-15,7.291076579665771613e-03,-4.319491496125575647e-02,2.638828564037034413e-11,5.048599154089664087e-02,-6.305498834661730663e-11,1.514368025993941621e-15,-4.208307212758313244e-03,4.451057467248332317e-02,-2.134716669366606350e-11,-4.871888188540083459e-02,5.799502103375121301e-11
2.438487844249451975e+00,-3.805063769847981670e-01,-1.187040765041701661e-02,-4.443905623167064833e-01,1.134965988314383739e-09,-1.138276173388986123e+00,3.805063763190886794e-01,-6.815732681976316983e-15,7.284405178940179387e-03,-4.312452069492793416e-02,2.635449726798007728e-11,5.040892587384298434e-02,-6.296323608319398932e-11,-7.430311755808883296e-18,-4.234608602611780737e-03,4.457607074708772738e-02,-2.141332032243934293e-11,-4.881067934983336631e-02,5.812099676379983212e-11
2.440068199300812868e+00,-3.805063769847981670e-01,-1.185890100286241845e-02,-4.444586586787035998e-01,1.135007611009602161e-09,-1.138196570379434336e+00,3.805063763189892589e-01,-6.816937418848952900e-15,7.277692203095652811e-03,-4.305402292919263685e-02,2.632060432879699976e-11,5.033171513226297050e-02,-6.287128470815921278e-11,-1.514807979421245319e-15,-4.260922101321333588e-03,4.464155716528439566e-02,-2.147949995303382735e-11,-4.890247926671448253e-02,5.824700439766923305e-11
2.441648554352173317e+00,-3.805063769847981670e-01,-1.184740499705737825e-02,-4.445266435474276578e-01,1.135049180059289609e-09,-1.138117089504905532e+00,3.805063763188899495e-01,-6.820512960420513672e-15,7.270937633094824715e-03,-4.298342167922301199e-02,2.628660678188140656e-11,5.025435931229237096e-02,-6.277913417121675102e-11,-3.007776667859117434e-15,-4.287247583662645231e-03,4.470703403767502249e-02,-2.154570539247574387e-11,-4.899428162142153986e-02,5.837304377935559504e-11
2.443228909403533766e+00,-3.805063769847981670e-01,-1.183591969875035128e-02,-4.445945167593485792e-01,1.135090695298096816e-09,-1.138037730994677421e+00,3.805063763187908621e-01,-6.826436544838550523e-15,7.264141450098391718e-03,-4.291271696001731223e-02,2.625250458659896776e-11,5.017685841009011938e-02,-6.268678442231748531e-11,-4.486348391100125217e-15,-4.313584924181079402e-03,4.477250147504119315e-02,-2.161193644726979514e-11,-4.908608639928148387e-02,5.849911475218646398e-11
2.444809264454894215e+00,-3.805063769847981670e-01,-1.182444517371938723e-02,-4.446622781509600997e-01,1.135132156560609993e-09,-1.137958495078035037e+00,3.805063763186918857e-01,-6.834685429492300824e-15,7.257303635465515816e-03,-4.284190878639856231e-02,2.621829770262157826e-11,5.009921242183842244e-02,-6.259423541166043818e-11,-5.950535486123785093e-15,-4.339933997191715298e-03,4.483795958834432827e-02,-2.167819292339925306e-11,-4.917789358557083518e-02,5.862521715882099796e-11
2.446389619506255109e+00,-3.805063769847981670e-01,-1.181298148777185780e-02,-4.447299275587790479e-01,1.135173563681351866e-09,-1.137879381984268523e+00,3.805063763185929648e-01,-6.845236891522793963e-15,7.250424170754149640e-03,-4.277099717301425380e-02,2.618398608992813007e-11,5.002142134374271826e-02,-6.250148708969374278e-11,-7.400350612614654550e-15,-4.366294676779329358e-03,4.490340848872571844e-02,-2.174447462632612035e-11,-4.926970316551562701e-02,5.875135084125027751e-11
2.447969974557615558e+00,-3.805063769847982225e-01,-1.180152870674411845e-02,-4.447974648193454561e-01,1.135214916494783327e-09,-1.137800391942674683e+00,3.805063763184943215e-01,-6.858068228332730007e-15,7.243503037721439781e-03,-4.269998213433621320e-02,2.614956970880543319e-11,4.994348517203197474e-02,-6.240853940711593534e-11,-8.835806752725485329e-15,-4.392666836798390928e-03,4.496884828750653124e-02,-2.181078136099121132e-11,-4.936151512429153704e-02,5.887751564079757695e-11
2.449550329608976451e+00,-3.805063769847982225e-01,-1.179008689650119096e-02,-4.448648897692218385e-01,1.135256214835301577e-09,-1.137721525182555427e+00,3.805063763183957337e-01,-6.873156758095842456e-15,7.236540218324042512e-03,-4.262886368466003995e-02,2.611504851984887474e-11,4.986540390295843284e-02,-6.231539231487662724e-11,-1.025691721082784004e-14,-4.419050350873091754e-03,4.503427909618786668e-02,-2.187711293181437481e-11,-4.945332944702379718e-02,5.900371139811876512e-11
2.451130684660336900e+00,-3.805063769847982225e-01,-1.177865612293646849e-02,-4.449322022449931913e-01,1.135297458537241366e-09,-1.137642781933219327e+00,3.805063763182973680e-01,-6.890479820265921000e-15,7.229535694718540982e-03,-4.255764183810512025e-02,2.608042248396343360e-11,4.978717753279808533e-02,-6.222204576417800432e-11,-1.166369561325750939e-14,-4.445445092397297404e-03,4.509970102645070172e-02,-2.194346914269450715e-11,-4.954514611878730462e-02,5.912993795320251214e-11
2.452711039711697794e+00,-3.805063769847982225e-01,-1.176723645197136521e-02,-4.449994020832668817e-01,1.135338647434877263e-09,-1.137564162423980729e+00,3.805063763181991132e-01,-6.910014776085507681e-15,7.222489449261772221e-03,-4.248631660861414833e-02,2.604569156236437505e-11,4.970880605785046868e-02,-6.212849970647553769e-11,-1.305615590806110876e-14,-4.471850934534610592e-03,4.516511419015607764e-02,-2.200984979700987845e-11,-4.963696512460669119e-02,5.925619514537079347e-11
2.454291394763058243e+00,-3.805063769847982225e-01,-1.175582794955502830e-02,-4.450664891206720930e-01,1.135379781362422422e-09,-1.137485666884159086e+00,3.805063763181009695e-01,-6.931739009093977753e-15,7.215401464511190556e-03,-4.241488800995282110e-02,2.601085571657805863e-11,4.963028947443869771e-02,-6.203475409347904355e-11,-1.443431236472627515e-14,-4.498267750218314792e-03,4.523051869934481550e-02,-2.207625469761806159e-11,-4.972878644945603888e-02,5.938248281327887702e-11
2.455871749814419136e+00,-3.805063769847982780e-01,-1.174443068166401184e-02,-4.451334631938595465e-01,1.135420860154028577e-09,-1.137407295543080510e+00,3.805063763180030478e-01,-6.955629925635426469e-15,7.208271723225260531e-03,-4.234335605570971328e-02,2.597591490844287189e-11,4.955162777890985415e-02,-6.194080887715404036e-11,-1.579817957391606404e-14,-4.524695412151407206e-03,4.529591466623789781e-02,-2.214268364685626495e-11,-4.982061007825934473e-02,5.950880079491615027e-11
2.457452104865779585e+00,-3.805063769847982780e-01,-1.173304471430197497e-02,-4.452003241395013911e-01,1.135461883643788320e-09,-1.137329048630076889e+00,3.805063763179051817e-01,-6.981664955365921639e-15,7.201100208363803851e-03,-4.227172075929602063e-02,2.594086910011002855e-11,4.947282096763493120e-02,-6.184666400972264055e-11,-1.714777244718978412e-14,-4.551133792806559726e-03,4.536130220323625339e-02,-2.220913644654134863e-11,-4.991243599589022251e-02,5.963514892760601695e-11
2.459032459917140034e+00,-3.805063769847982780e-01,-1.172167011349930024e-02,-4.452670717942907030e-01,1.135502851665734479e-09,-1.137250926374484772e+00,3.805063763178075931e-01,-7.009821551760584993e-15,7.193886903088338516e-03,-4.219998213394483139e-02,2.590571825404420497e-11,4.939386903700854203e-02,-6.175231944366422266e-11,-1.848310621673164808e-14,-4.577582764426204806e-03,4.542668142292081296e-02,-2.227561289797012492e-11,-5.000426418717201366e-02,5.976152704800658199e-11
2.460612814968500484e+00,-3.805063769847982780e-01,-1.171030694531287678e-02,-4.453337059949415422e-01,1.135543764053840324e-09,-1.137172929005647593e+00,3.805063763177100600e-01,-7.040077192619827889e-15,7.186631790762490826e-03,-4.212814019271150096e-02,2.587046233302463880e-11,4.931477198344964147e-02,-6.165777513171721493e-11,-1.980419643505233390e-14,-4.604042199022414031e-03,4.549205243805259230e-02,-2.234211280191931954e-11,-5.009609463687779429e-02,5.988793499211075493e-11
2.462193170019861377e+00,-3.805063769847982780e-01,-1.169895527582568394e-02,-4.454002265781882297e-01,1.135584620642021222e-09,-1.137095056752913669e+00,3.805063763176126379e-01,-7.072409380575581505e-15,7.179334854952335379e-03,-4.205619494847289558e-02,2.583510130014581723e-11,4.923552980340122065e-02,-6.156303102687959936e-11,-2.111105897470807780e-14,-4.630511968377005669e-03,4.555741536157272009e-02,-2.240863595864595935e-11,-5.018792732973054171e-02,6.001437259524687031e-11
2.463773525071221826e+00,-3.805063769847983335e-01,-1.168761517114654501e-02,-4.454666333807854595e-01,1.135625421264133812e-09,-1.137017309845637314e+00,3.805063763175154379e-01,-7.106795643596641128e-15,7.171996079426736816e-03,-4.198414641392725355e-02,2.579963511881822011e-11,4.915614249333034175e-02,-6.146808708241010081e-11,-2.240371002799647684e-14,-4.656991944041465742e-03,4.562277030660233379e-02,-2.247518216788729808e-11,-5.027976225040286379e-02,6.014083969207876524e-11
2.465353880122582719e+00,-3.805063769847983335e-01,-1.167628669740974380e-02,-4.455329262395076872e-01,1.135666165753977864e-09,-1.136939688513178393e+00,3.805063763174184044e-01,-7.143213535493949713e-15,7.164615448157757478e-03,-4.191199460159391460e-02,2.576406375276929580e-11,4.907661004972842245e-02,-6.137294325182925971e-11,-2.368216610666009183e-14,-4.683481997337016547e-03,4.568811738644280168e-02,-2.254175122886123311e-11,-5.037159938351735283e-02,6.026733611660650315e-11
2.466934235173943168e+00,-3.805063769847983335e-01,-1.166496992077476098e-02,-4.455991049911491308e-01,1.135706853945295657e-09,-1.136862192984902098e+00,3.805063763173214819e-01,-7.181640636424982133e-15,7.157192945320999151e-03,-4.183973952381311173e-02,2.572838716604421403e-11,4.899693246911128452e-02,-6.127759948892063407e-11,-2.494644404157242383e-14,-4.709981999354545534e-03,4.575345671457558411e-02,-2.260834294026622793e-11,-5.046343871364636358e-02,6.039386170216645133e-11
2.468514590225304062e+00,-3.805063769847983335e-01,-1.165366490742589418e-02,-4.456651694725235480e-01,1.135747485671773017e-09,-1.136784823490178509e+00,3.805063763172246705e-01,-7.222054553398023723e-15,7.149728555295950007e-03,-4.176738119274536060e-02,2.569260532300661230e-11,4.891710974801896650e-02,-6.118205574773143282e-11,-2.619656098243017324e-14,-4.736491820954679896e-03,4.581878840466230285e-02,-2.267495710028170961e-11,-5.055528022531213111e-02,6.052041628143194015e-11
2.470094945276664511e+00,-3.805063769847983335e-01,-1.164237172357199084e-02,-4.457311195204633480e-01,1.135788060767039315e-09,-1.136707580258385253e+00,3.805063763171280256e-01,-7.264432920775602380e-15,7.142222262666392263e-03,-4.169491962037169541e-02,2.565671818833958460e-11,4.883714188301623710e-02,-6.108631198257407966e-11,-2.743253439742808712e-14,-4.763011332767716315e-03,4.588411257054481052e-02,-2.274159350656804937e-11,-5.064712390298680561e-02,6.064699968641341809e-11
2.471675300328025404e+00,-3.805063769847983890e-01,-1.163109043544608215e-02,-4.457969549718200364e-01,1.135828579064669118e-09,-1.136630463518902401e+00,3.805063763170315472e-01,-7.308753400777729751e-15,7.134674052220707496e-03,-4.162235481849283630e-02,2.562072572704628245e-11,4.875702887069221364e-02,-6.099036814802674298e-11,-2.865438207293965982e-14,-4.789540405193680808e-03,4.594942932624517667e-02,-2.280825195626691802e-11,-5.073896973109248004e-02,6.077361174845908508e-11
2.473255655379385853e+00,-3.805063769847983890e-01,-1.161982110930510209e-02,-4.458626756634635480e-01,1.135869040398181163e-09,-1.136553473501118017e+00,3.805063763169352908e-01,-7.354993683984306238e-15,7.127083908952305986e-03,-4.154968679872939052e-02,2.558462790445099406e-11,4.867677070766093100e-02,-6.089422419893495145e-11,-2.986212211318138432e-14,-4.816078908402268016e-03,4.601473878596571560e-02,-2.287493224600131505e-11,-5.083081769400118327e-02,6.090025229825513807e-11
2.474836010430746747e+00,-3.805063769847984445e-01,-1.160856381142950054e-02,-4.459282814322820809e-01,1.135909444601040211e-09,-1.136476610434423939e+00,3.805063763168391455e-01,-7.403131489837385578e-15,7.119451818059932893e-03,-4.147691557252113081e-02,2.554842468619968720e-11,4.859636739056089755e-02,-6.079788009041200764e-11,-3.105577293988294214e-14,-4.842626712332911455e-03,4.608004106408900014e-02,-2.294163417187585944e-11,-5.092266777603490779e-02,6.102692116582635265e-11
2.476416365482107196e+00,-3.805063769847984445e-01,-1.159731860812298655e-02,-4.459937721151817080e-01,1.135949791506656636e-09,-1.136399874548217781e+00,3.805063763167431112e-01,-7.453144567142451774e-15,7.111777764948071581e-03,-4.140404115112707867e-02,2.551211603826105936e-11,4.851581891605560859e-02,-6.070133577784057771e-11,-3.223535329193954281e-14,-4.869183686694719335e-03,4.614533627517792419e-02,-2.300835752947691888e-11,-5.101451996146565832e-02,6.115361818053632857e-11
2.477996720533467645e+00,-3.805063769847984445e-01,-1.158608556571216752e-02,-4.460591475490860991e-01,1.135990080948387665e-09,-1.136323266071902705e+00,3.805063763166472990e-01,-7.505010694569519315e-15,7.104061735227298370e-03,-4.133106354562506718e-02,2.547570192692728083e-11,4.843512528083348395e-02,-6.060459121687354447e-11,-3.340088222506803739e-14,-4.895749700966504914e-03,4.621062453397576514e-02,-2.307510211387287152e-11,-5.110637423451552808e-02,6.128034317108821360e-11
2.479577075584828094e+00,-3.805063769847984445e-01,-1.157486475054622481e-02,-4.461244075709364654e-01,1.136030312759536759e-09,-1.136246785234886536e+00,3.805063763165515422e-01,-7.558707681153472944e-15,7.096303714714619938e-03,-4.125798276691133165e-02,2.543918231881468950e-11,4.835428648160775694e-02,-6.050764636343484747e-11,-3.455237911145289025e-14,-4.922324624396783033e-03,4.627590595540603813e-02,-2.314186771961415768e-11,-5.119823057935652538e-02,6.140709596552469055e-11
2.481157430636188987e+00,-3.805063769847985000e-01,-1.156365622899658066e-02,-4.461895520176908936e-01,1.136070486773355888e-09,-1.136170432266582431e+00,3.805063763164560076e-01,-7.614213366794090296e-15,7.088503689433874912e-03,-4.118479882570041245e-02,2.540255718086480540e-11,4.827330251511682130e-02,-6.041050117372077548e-11,-3.568986363939056691e-14,-4.948908326003782256e-03,4.634118065457275976e-02,-2.320865414073368694e-11,-5.129008898011093442e-02,6.153387639122898540e-11
2.482737785687549437e+00,-3.805063769847985000e-01,-1.155246006745658943e-02,-4.462545807263245123e-01,1.136110602823044701e-09,-1.136094207396408651e+00,3.805063763163605839e-01,-7.671505622755076882e-15,7.080661645616084278e-03,-4.111151173252483582e-02,2.536582648034504478e-11,4.819217337812420343e-02,-6.031315560420100046e-11,-3.681335581292082679e-14,-4.975500674575417115e-03,4.640644874676030235e-02,-2.327546117074684462e-11,-5.138194942085099609e-02,6.166068427492491902e-11
2.484318140738910330e+00,-3.805063769847984445e-01,-1.154127633234121493e-02,-4.463194935338286040e-01,1.136150660741750323e-09,-1.136018110853789453e+00,3.805063763162653823e-01,-7.730562352162834444e-15,7.072777569699795729e-03,-4.103812149773475998e-02,2.532899018484952147e-11,4.811089906741861100e-02,-6.021560961161948230e-11,-3.792287595145843872e-14,-5.002101538669301989e-03,4.647171034743351192e-02,-2.334228860265180845e-11,-5.147381188559919940e-02,6.178751944267748877e-11
2.485898495790270779e+00,-3.805063769847984445e-01,-1.153010509008665918e-02,-4.463842902772109933e-01,1.136190660362570660e-09,-1.135942142868152427e+00,3.805063763161702917e-01,-7.791361490504760720e-15,7.064851448331478309e-03,-4.096462813149766291e-02,2.529204826229989021e-11,4.802947957981400923e-02,-6.011786315299554156e-11,-3.901844468942112891e-14,-5.028710786612764112e-03,4.653696557223763186e-02,-2.340913622892969396e-11,-5.156567635832810109e-02,6.191438171989339843e-11
2.487478850841631672e+00,-3.805063769847984445e-01,-1.151894640715009008e-02,-4.464489707934952145e-01,1.136230601518552126e-09,-1.135866303668931598e+00,3.805063763160753676e-01,-7.853881006126501607e-15,7.056883268365880639e-03,-4.089103164379828681e-02,2.525500068094624813e-11,4.794791491214987766e-02,-6.001991618562512608e-11,-4.010008297584334837e-14,-5.055328286502822760e-03,4.660221453699856659e-02,-2.347600384154486789e-11,-5.165754282296065869e-02,6.204127093132162684e-11
2.489059205892992122e+00,-3.805063769847985000e-01,-1.150780035000927015e-02,-4.465135349197205672e-01,1.136270484042691093e-09,-1.135790593485565658e+00,3.805063763159806101e-01,-7.918098900728972973e-15,7.048873016866358775e-03,-4.081733204443798585e-02,2.521784740936775515e-11,4.786620506129093261e-02,-5.992176866708139261e-11,-4.116781207399226166e-14,-5.081953906206191848e-03,4.666745735772254849e-02,-2.354289123194498375e-11,-5.174941126336978642e-02,6.216818690105353134e-11
2.490639560944353015e+00,-3.805063769847985000e-01,-1.149666698516224432e-02,-4.465779824929415609e-01,1.136310307767935332e-09,-1.135715012547497516e+00,3.805063763158860191e-01,-7.983993209864675651e-15,7.040820681105293410e-03,-4.074352934303479556e-02,2.518058841647364534e-11,4.778435002412756427e-02,-5.982342055521619315e-11,-4.222165356097485007e-14,-5.108587513359299018e-03,4.673269415059658899e-02,-2.360979819106139219e-11,-5.184128166337888255e-02,6.229512945252383006e-11
2.492219915995713464e+00,-3.805063769847985000e-01,-1.148554637912700682e-02,-4.466423133502279152e-01,1.136350072527182781e-09,-1.135639561084176075e+00,3.805063763157915391e-01,-8.051542003433385656e-15,7.032726248564424680e-03,-4.066962354902291243e-02,2.514322367150395393e-11,4.770234979757573962e-02,-5.972487180816095380e-11,-4.326162932734047712e-14,-5.135228975368263081e-03,4.679792503198811765e-02,-2.367672450930923469e-11,-5.193315400676157961e-02,6.242209840851083450e-11
2.493800271047073913e+00,-3.805063769847985000e-01,-1.147443859844116988e-02,-4.467065273286641158e-01,1.136389778153284224e-09,-1.135564239325053792e+00,3.805063763156972256e-01,-8.120723386176982965e-15,7.024589706935206040e-03,-4.059561467165246490e-02,2.510575314403028632e-11,4.762020437857703709e-02,-5.962612238432754076e-11,-4.428776157667356500e-14,-5.161878159408906167e-03,4.686315011844525980e-02,-2.374366997658769233e-11,-5.202502827724179990e-02,6.254909359113696659e-11
2.495380626098434806e+00,-3.805063769847985000e-01,-1.146334370966163932e-02,-4.467706242653488036e-01,1.136429424479041233e-09,-1.135489047499589566e+00,3.805063763156030232e-01,-8.191515498174046792e-15,7.016411044119203258e-03,-4.052150271998940234e-02,2.506817680395679391e-11,4.753791376409895186e-02,-5.952717224240964325e-11,-4.530007282518730594e-14,-5.188534932426734636e-03,4.692836952669686423e-02,-2.381063438228023790e-11,-5.211690445849385955e-02,6.267611482186931440e-11
2.496960981149795256e+00,-3.805063769847985555e-01,-1.145226177936425373e-02,-4.468346039973953299e-01,1.136469011337209260e-09,-1.135413985837245621e+00,3.805063763155090428e-01,-8.263896515333608365e-15,7.008190248228411863e-03,-4.044728770291482201e-02,2.503049462152075894e-11,4.745547795113457673e-02,-5.942802134138338095e-11,-4.629858590130817865e-14,-5.215199161136984188e-03,4.699358337365233673e-02,-2.387761751525486199e-11,-5.220878253414242692e-02,6.280316192152023963e-11
2.498541336201155705e+00,-3.805063769847985555e-01,-1.144119287414349824e-02,-4.468984663619304243e-01,1.136508538560495782e-09,-1.135339054567489958e+00,3.805063763154152290e-01,-8.337844649887999663e-15,6.999927307585679555e-03,-4.037296962912516329e-02,2.499270656729365430e-11,4.737289693670323348e-02,-5.932866964050884208e-11,-4.728332394525149696e-14,-5.241870712024560008e-03,4.705879177640193839e-02,-2.394461916386425724e-11,-5.230066248776266830e-02,6.293023471024776534e-11
2.500121691252516598e+00,-3.805063769847986110e-01,-1.143013706061212463e-02,-4.469622111960946942e-01,1.136548005981563611e-09,-1.135264253919794353e+00,3.805063763153215262e-01,-8.413338150885486008e-15,6.991622210725000237e-03,-4.029854850713147918e-02,2.495481261218173485e-11,4.729017071784992476e-02,-5.922911709933057451e-11,-4.825431040859790515e-14,-5.268549451344084478e-03,4.712399485221660522e-02,-2.401163911594612849e-11,-5.239254430288012993e-02,6.305733300755619632e-11
2.501702046303877047e+00,-3.805063769847986110e-01,-1.141909440540084947e-02,-4.470258383370420141e-01,1.136587413433028612e-09,-1.135189584123635687e+00,3.805063763152279899e-01,-8.490355304681931512e-15,6.983274946391939027e-03,-4.022402434525944315e-02,2.491681272742700677e-11,4.720729929164591693e-02,-5.912936367767904625e-11,-4.921156905385952963e-14,-5.295235245119876352e-03,4.718919271854807307e-02,-2.407867715882337698e-11,-5.248442796297089069e-02,6.318445663229670076e-11
2.503282401355237941e+00,-3.805063769847986110e-01,-1.140806497515799676e-02,-4.470893476219393037e-01,1.136626760747461778e-09,-1.135115045408495726e+00,3.805063763151346756e-01,-8.568874435431778217e-15,6.974885503543975726e-03,-4.014939715164901612e-02,2.487870688460801274e-11,4.712428265518864984e-02,-5.902940933567156312e-11,-5.015512395404084223e-14,-5.321927959145949898e-03,4.725438549302900249e-02,-2.414573307930437175e-11,-5.257631345146161067e-02,6.331160540266785300e-11
2.504862756406598390e+00,-3.805063769847986110e-01,-1.139704883654919093e-02,-4.471527388879660281e-01,1.136666047757389434e-09,-1.135040638003860014e+00,3.805063763150414724e-01,-8.648873905578319992e-15,6.966453871350843097e-03,-4.007466693425400239e-02,2.484049505564055247e-11,4.704112080560163278e-02,-5.892925403371309593e-11,-5.108499949219348387e-14,-5.348627458986014022e-03,4.731957329347275670e-02,-2.421280666368315322e-11,-5.266820075172933685e-02,6.343877913621598257e-11
2.506443111457959283e+00,-3.805063769847986666e-01,-1.138604605625698901e-02,-4.472160119723142535e-01,1.136705274295294065e-09,-1.134966362139219642e+00,3.805063763149484357e-01,-8.730332116343583576e-15,6.957980039194931916e-03,-3.999983370084193857e-02,2.480217721277861653e-11,4.695781374003483305e-02,-5.882889773249761170e-11,-5.200122036096927702e-14,-5.375333609973487886e-03,4.738475623787371388e-02,-2.427989769773974014e-11,-5.276008984710190558e-02,6.356597764983614350e-11
2.508023466509319732e+00,-3.805063769847986666e-01,-1.137505670098056497e-02,-4.472791667121881476e-01,1.136744440193614521e-09,-1.134892218044069256e+00,3.805063763148555656e-01,-8.813227508216993200e-15,6.949463996671636189e-03,-3.992489745899380910e-02,2.476375332861514892e-11,4.687436145566458573e-02,-5.872834039300892672e-11,-5.290381156216131697e-14,-5.402046277211473152e-03,4.744993444440716301e-02,-2.434700596674033963e-11,-5.285198072085768584e-02,6.369320075977232114e-11
2.509603821560680625e+00,-3.805063769847986666e-01,-1.136408083743536447e-02,-4.473422029448037018e-01,1.136783545284746018e-09,-1.134818205947908609e+00,3.805063763147627509e-01,-8.897538561443713354e-15,6.940905733589698354e-03,-3.984985821610351892e-02,2.472522337608278696e-11,4.679076394969357289e-02,-5.862758197652167589e-11,-5.379279840624370612e-14,-5.428765325572793010e-03,4.751510803142931783e-02,-2.441413125543762181e-11,-5.294387335622571800e-02,6.382044828161824639e-11
2.511184176612041075e+00,-3.805063769847986666e-01,-1.135311853235279091e-02,-4.474051205073881765e-01,1.136822589401042001e-09,-1.134744326080241450e+00,3.805063763146701583e-01,-8.983243796511890299e-15,6.932305239971611743e-03,-3.977471597937800446e-02,2.468658732845484039e-11,4.670702121935121215e-02,-5.852662244460263103e-11,-5.466820651190204931e-14,-5.455490619699923660e-03,4.758027711747743471e-02,-2.448127334807092016e-11,-5.303576773638574854e-02,6.394772003031783519e-11
2.512764531663401524e+00,-3.805063769847986666e-01,-1.134216985247980640e-02,-4.474679192371805447e-01,1.136861572374813727e-09,-1.134670578670575969e+00,3.805063763145777878e-01,-9.070321774639779991e-15,6.923662506053959720e-03,-3.969947075583657448e-02,2.464784515934593757e-11,4.662313326189339996e-02,-5.842546175911137297e-11,-5.553006180556416983e-14,-5.482222024005103597e-03,4.764544182126988214e-02,-2.454843202836666124e-11,-5.312766384446835494e-02,6.407501582016604148e-11
2.514344886714761973e+00,-3.805063769847987221e-01,-1.133123486457866640e-02,-4.475305989714305488e-01,1.136900494038330476e-09,-1.134596963948425241e+00,3.805063763144855282e-01,-9.158751098261282500e-15,6.914977522287772162e-03,-3.962412255231078512e-02,2.460899684271288176e-11,4.653910007460271281e-02,-5.832409988220146771e-11,-5.637839052091641157e-14,-5.508959402670213917e-03,4.771060226170590474e-02,-2.461560707953835500e-11,-5.321956166355468892e-02,6.420233546480897356e-11
2.515925241766122866e+00,-3.805063769847987776e-01,-1.132031363542652935e-02,-4.475931595473983671e-01,1.136939354223821406e-09,-1.134523482143305229e+00,3.805063763143934352e-01,-9.248510411511372301e-15,6.906250279338914042e-03,-3.954867137544419015e-02,2.457004235285552353e-11,4.645492165478855989e-02,-5.822253677632153915e-11,-5.721321919842089392e-14,-5.535702619646870257e-03,4.777575855786608816e-02,-2.468279828428716024e-11,-5.331146117667692752e-02,6.432967877724513488e-11
2.517505596817483315e+00,-3.805063769847987776e-01,-1.130940623181514969e-02,-4.476556008023547251e-01,1.136978152763475561e-09,-1.134450133484737444e+00,3.805063763143015088e-01,-9.339578400710375250e-15,6.897480768088444514e-03,-3.947311723169209113e-02,2.453098166441757177e-11,4.637059799978732189e-02,-5.812077240421641294e-11,-5.803457468482324369e-14,-5.562451538656348199e-03,4.784091082901207465e-02,-2.475000542480191373e-11,-5.340336236681800935e-02,6.445704556982551448e-11
2.519085951868844209e+00,-3.805063769847987776e-01,-1.129851272055051349e-02,-4.477179225735803403e-01,1.137016889489441037e-09,-1.134376918202247175e+00,3.805063763142097488e-01,-9.431933794847759623e-15,6.888668979632950849e-03,-3.939746012732098235e-02,2.449181475238724642e-11,4.628612910696208033e-02,-5.801880672892768515e-11,-5.884248413265664140e-14,-5.589206023189655266e-03,4.790605919458668094e-02,-2.481722828275955987e-11,-5.349526521691176650e-02,6.458443565425453050e-11
2.520666306920204658e+00,-3.805063769847987776e-01,-1.128763316845249852e-02,-4.477801246983657557e-01,1.137055564233827673e-09,-1.134303836525363485e+00,3.805063763141181554e-01,-9.525555366065059410e-15,6.879814905284953493e-03,-3.932170006840858545e-02,2.445254159209827364e-11,4.620151497370305477e-02,-5.791663971379518927e-11,-5.963697499974023827e-14,-5.615965936507484949e-03,4.797120377421400933e-02,-2.488446663932535110e-11,-5.358716970984295919e-02,6.471184884159050840e-11
2.522246661971565551e+00,-3.805063769847987776e-01,-1.127676764235456715e-02,-4.478422070140108957e-01,1.137094176828705604e-09,-1.134230888683620542e+00,3.805063763140266730e-01,-9.620421930137448648e-15,6.870918536573240865e-03,-3.924583706084340540e-02,2.441316215923060961e-11,4.611675559742756114e-02,-5.781427132245790085e-11,-6.041807504866540582e-14,-5.642731141640213235e-03,4.803634468769943378e-02,-2.495172027515315482e-11,-5.367907582844735209e-02,6.483928494224644352e-11
2.523827017022926000e+00,-3.805063769847988331e-01,-1.126591620910337432e-02,-4.479041693578248440e-01,1.137132727106108154e-09,-1.134158074906555402e+00,3.805063763139354127e-01,-9.716512346955752794e-15,6.861979865243257939e-03,-3.916987111032448066e-02,2.437367642981126772e-11,4.603185097558008115e-02,-5.771170151885487465e-11,-6.118581234628882017e-14,-5.669501501387933309e-03,4.810148205502959989e-02,-2.501898897038572161e-11,-5.377098355551171438e-02,6.496674376599049221e-11
2.525407372074286894e+00,-3.805063769847988331e-01,-1.125507893555843623e-02,-4.479660115671257881e-01,1.137171214898029980e-09,-1.134085395423709342e+00,3.805063763138442634e-01,-9.813805521006396431e-15,6.852998883257428904e-03,-3.909380222236093216e-02,2.433408438021504231e-11,4.594680110563215125e-02,-5.760893026722615573e-11,-6.194021526320675251e-14,-5.696276878320437331e-03,4.816661599637252905e-02,-2.508627250465502446e-11,-5.386289287377381968e-02,6.509422512194686365e-11
2.526987727125647343e+00,-3.805063769847988331e-01,-1.124425588859185622e-02,-4.480277334792398536e-01,1.137209640036428925e-09,-1.134012850464628963e+00,3.805063763137533361e-01,-9.912280401850661512e-15,6.843975582795581297e-03,-3.901763040227214374e-02,2.429438598716551687e-11,4.586160598508298020e-02,-5.750595753211428525e-11,-6.268131247322644392e-14,-5.723057134777170471e-03,4.823174663207767388e-02,-2.515357065708241067e-11,-5.395480376592256405e-02,6.522172881859616878e-11
2.528568082177008236e+00,-3.805063769847988886e-01,-1.123344713508786855e-02,-4.480893349315020480e-01,1.137248002353226852e-09,-1.133940440258862647e+00,3.805063763136625754e-01,-1.001191598460435581e-14,6.834909956255263465e-03,-3.894135565518691555e-02,2.425458122773567787e-11,4.577626561145891476e-02,-5.740278327836475925e-11,-6.340913295284112794e-14,-5.749842132867332388e-03,4.829687408267595294e-02,-2.522088320627913822e-11,-5.404671621459809089e-02,6.534925466377650601e-11
2.530148437228368685e+00,-3.805063769847988886e-01,-1.122265274194257124e-02,-4.481508157612550947e-01,1.137286301680308607e-09,-1.133868165035964326e+00,3.805063763135718702e-01,-1.011269131041505326e-14,6.825801996252112321e-03,-3.886497798604347798e-02,2.421467007934877110e-11,4.569077998231382137e-02,-5.729940747112725655e-11,-6.412370598068575439e-14,-5.776631734469772281e-03,4.836199846887961895e-02,-2.528820993034638546e-11,-5.413863020239148560e-02,6.547680246468365510e-11
2.531728792279729134e+00,-3.805063769847989441e-01,-1.121187277606355143e-02,-4.482121758058493222e-01,1.137324537849524709e-09,-1.133796025025491039e+00,3.805063763134813870e-01,-1.021458546693945893e-14,6.816651695620236720e-03,-3.878849739958912385e-02,2.417465251977913206e-11,4.560514909522912774e-02,-5.719583007585667911e-11,-6.482506113699552786e-14,-5.803425801233073021e-03,4.842711991158261259e-02,-2.535555060687581008e-11,-5.423054571184528216e-02,6.560437202787224033e-11
2.533309147331089584e+00,-3.805063769847989441e-01,-1.120110730436956956e-02,-4.482734149026423864e-01,1.137362710692690315e-09,-1.133724020457003823e+00,3.805063763133911259e-01,-1.031757758881930513e-14,6.807459047412583487e-03,-3.871191390038007663e-02,2.413452852715304220e-11,4.551937294781397553e-02,-5.709205105831428946e-11,-6.551322830305313713e-14,-5.830224194575480030e-03,4.849223853186036826e-02,-2.542290501294963639e-11,-5.432246272545315779e-02,6.573196315925605366e-11
2.534889502382450477e+00,-3.805063769847989441e-01,-1.119035639379015179e-02,-4.483345328889992709e-01,1.137400820041586251e-09,-1.133652151560067711e+00,3.805063763133009758e-01,-1.042164685815717026e-14,6.798224044901256605e-03,-3.863522749278084506e-02,2.409429807994934930e-11,4.543345153770497052e-02,-5.698807038456828587e-11,-6.618823766063603499e-14,-5.857026775684963729e-03,4.855735445096993896e-02,-2.549027292514116260e-11,-5.441438122566011337e-02,6.585957566410903702e-11
2.536469857433810926e+00,-3.805063769847988886e-01,-1.117962011126532457e-02,-4.483955296022913983e-01,1.137438865727959847e-09,-1.133580418564250625e+00,3.805063763132110477e-01,-1.052677250499033962e-14,6.788946681577949158e-03,-3.855843818096439668e-02,2.405396115700053381e-11,4.534738486256679330e-02,-5.688388802099541139e-11,-6.685011969145028858e-14,-5.883833405519157955e-03,4.862246779035001715e-02,-2.555765411951487712e-11,-5.450630119486250813e-02,6.598720934706570878e-11
2.538050212485171819e+00,-3.805063769847988886e-01,-1.116889852374520695e-02,-4.484564048798967417e-01,1.137476847583524928e-09,-1.133508821699125146e+00,3.805063763131211196e-01,-1.063293380776479566e-14,6.779626951154260790e-03,-3.848154596891155410e-02,2.401351773749332273e-11,4.526117292009185222e-02,-5.677950393428157433e-11,-6.749890517656533849e-14,-5.910643944805418076e-03,4.868757867162108038e-02,-2.562504837162694974e-11,-5.459822261540814292e-02,6.611486401212227528e-11
2.539630567536532268e+00,-3.805063769847989441e-01,-1.115819169818968969e-02,-4.485171585591993249e-01,1.137514765439963061e-09,-1.133437361194266746e+00,3.805063763130315246e-01,-1.074011009380757213e-14,6.770264847562060262e-03,-3.840455086041072441e-02,2.397296780096949418e-11,4.517481570800045698e-02,-5.667491809142281106e-11,-6.813462519583757486e-14,-5.937458254040769816e-03,4.875268721658519711e-02,-2.569245545652536730e-11,-5.469014546959614226e-02,6.624253946263681183e-11
2.541210922587893162e+00,-3.805063769847989996e-01,-1.114749970156805534e-02,-4.485777904775892777e-01,1.137552619128923346e-09,-1.133366037279255112e+00,3.805063763129420407e-01,-1.084828073979899775e-14,6.760860364953875760e-03,-3.832745285905772570e-02,2.393231132732678858e-11,4.508831322404091568e-02,-5.657013045972651396e-11,-6.875731112733400200e-14,-5.964276193491969968e-03,4.881779354722635966e-02,-2.575987514875046363e-11,-5.478206973967724575e-02,6.637023550133063266e-11
2.542791277639253611e+00,-3.805063769847989996e-01,-1.113682260085862089e-02,-4.486383004724618373e-01,1.137590408482024070e-09,-1.133294850183673264e+00,3.805063763128527232e-01,-1.095733349420631547e-14,6.751413498641154788e-03,-3.825025196729998911e-02,2.389154829683768826e-11,4.500166546597208356e-02,-5.646514104463204177e-11,-6.852403692812226970e-14,-5.991088999431731267e-03,4.888290657221819324e-02,-2.582730705680168409e-11,-5.487399557060466254e-02,6.649760418849646032e-11
2.544371632690614504e+00,-3.805063769847989996e-01,-1.112616046301035527e-02,-4.486986883811789895e-01,1.137628133330852709e-09,-1.133223800137107773e+00,3.805063763127635723e-01,-1.106128088552565548e-14,6.741924304262836114e-03,-3.817294812615099064e-02,2.385067869128580529e-11,4.491487243044640226e-02,-5.635995227559216972e-11,-6.303506723944677526e-14,-6.017851520448140590e-03,4.894807227456550447e-02,-2.589475009021456580e-11,-5.496592379399618811e-02,6.662283030812820682e-11
2.545951987741974953e+00,-3.805063769847990551e-01,-1.111551335488001127e-02,-4.487589540410050204e-01,1.137665793506968406e-09,-1.133152887369151207e+00,3.805063763126745879e-01,-1.115659966117391649e-14,6.732392812470302211e-03,-3.809554130211611350e-02,2.380970249232931754e-11,4.482793411462057676e-02,-5.625456556584143945e-11,-5.760417265629898503e-14,-6.044617977590348475e-03,4.901323538943118396e-02,-2.596220506547659275e-11,-5.505785336603163244e-02,6.674810571509469308e-11
2.547532342793335403e+00,-3.805063769847990551e-01,-1.110488134331735592e-02,-4.488190972891935027e-01,1.137703388841901353e-09,-1.133082112109399908e+00,3.805063763125857146e-01,-1.124338150613620801e-14,6.722819017155395697e-03,-3.801803149918614455e-02,2.376861968127549091e-11,4.474085051637723826e-02,-5.614898083769543576e-11,-5.223123362079304251e-14,-6.071388228647623016e-03,4.907839604111245702e-02,-2.602967175507042883e-11,-5.514978426879747764e-02,6.687343014682165080e-11
2.549112697844695852e+00,-3.805063769847990551e-01,-1.109426449518167469e-02,-4.488791179630042816e-01,1.137740919167151759e-09,-1.133011474587453771e+00,3.805063763124971188e-01,-1.132171791543092639e-14,6.713202912434935478e-03,-3.794041872115559016e-02,2.372743023979171857e-11,4.465362163362772419e-02,-5.604319801388619659e-11,-4.691612928146923758e-14,-6.098162131162607538e-03,4.914355435410511924e-02,-2.609714993097221907e-11,-5.524171648433219561e-02,6.699880333944607723e-11
2.550693052896056745e+00,-3.805063769847991106e-01,-1.108366287734134994e-02,-4.489390158997030866e-01,1.137778384314191085e-09,-1.132940975032914244e+00,3.805063763124085785e-01,-1.139170019206805494e-14,6.703544492651035934e-03,-3.786270297162180193e-02,2.368613414990600245e-11,4.456624746431148837e-02,-5.593721701756337621e-11,-4.165873749606354564e-14,-6.124939542431472386e-03,4.920871045310359210e-02,-2.616463936465210334e-11,-5.533364999462633133e-02,6.712422502781847111e-11
2.552273407947417194e+00,-3.805063769847991106e-01,-1.107307655667352266e-02,-4.489987909365609764e-01,1.137815784114463704e-09,-1.132870613675388549e+00,3.805063763123203158e-01,-1.145341944501138637e-14,6.693843752371551013e-03,-3.778488425398506684e-02,2.364473139400800337e-11,4.447872800639669083e-02,-5.583103777229690128e-11,-3.645893483434506569e-14,-6.151720319503866351e-03,4.927386446300085349e-02,-2.623213982707440705e-11,-5.542558478162255831e-02,6.724969494550491356e-11
2.553853762998778087e+00,-3.805063769847991106e-01,-1.106250560006373854e-02,-4.490584429108544495e-01,1.137853118399385245e-09,-1.132800390744485464e+00,3.805063763122321641e-01,-1.150696658714528586e-14,6.684100686390440256e-03,-3.770696257144809382e-02,2.360322195484971306e-11,4.439106325787998270e-02,-5.572466020207872859e-11,-3.131659658096655333e-14,-6.178504319183006875e-03,4.933901650888861817e-02,-2.629965108869816137e-11,-5.551752082721578968e-02,6.737521282478956256e-11
2.555434118050138537e+00,-3.805063769847991662e-01,-1.105195007440561671e-02,-4.491179716598646676e-01,1.137890387000344866e-09,-1.132730306469816872e+00,3.805063763121441789e-01,-1.155243233324584809e-14,6.674315289728146097e-03,-3.762893792701573620e-02,2.356160581554624913e-11,4.430325321678665884e-02,-5.561808423132486777e-11,-2.623159673836020933e-14,-6.205291398025660106e-03,4.940416671605708798e-02,-2.636717291947721302e-11,-5.560945811325298388e-02,6.750077839667648823e-11
2.557014473101499430e+00,-3.805063769847991662e-01,-1.104141004660042814e-02,-4.491773770208777328e-01,1.137927589748705875e-09,-1.132660361080998657e+00,3.805063763120563602e-01,-1.158990719795723555e-14,6.664487557631998925e-03,-3.755081032349461001e-02,2.351988295957667247e-11,4.421529788117067872e-02,-5.551130978487737818e-11,-2.120380802961622989e-14,-6.232081412342256252e-03,4.946931520999522935e-02,-2.643470508886088674e-11,-5.570139662153356097e-02,6.762639139089247749e-11
2.558594828152859879e+00,-3.805063769847991662e-01,-1.103088558355680600e-02,-4.492366588311836328e-01,1.137964726475804906e-09,-1.132590554807648919e+00,3.805063763119687081e-01,-1.161948149377179224e-14,6.654617485576630811e-03,-3.747257976349308711e-02,2.347805337078491463e-11,4.412719724911503411e-02,-5.540433678800674056e-11,-1.623310190145563207e-14,-6.258874218196821063e-03,4.953446211639065538e-02,-2.650224736579405633e-11,-5.579333633380912510e-02,6.775205153588884357e-11
2.560175183204220772e+00,-3.805063769847991662e-01,-1.102037675219033792e-02,-4.492958169280766301e-01,1.138001797012953774e-09,-1.132520887879389537e+00,3.805063763118812781e-01,-1.164124532901543497e-14,6.644705069264293835e-03,-3.739424624942045555e-02,2.343611703338026251e-11,4.403895131873127727e-02,-5.529716516641317537e-11,-1.131934852716851462e-14,-6.285669671407118075e-03,4.959960756112962582e-02,-2.656979951871769074e-11,-5.588527723178374207e-02,6.787775855884407549e-11
2.561755538255581222e+00,-3.805063769847992217e-01,-1.100988361942324689e-02,-4.493548511488543729e-01,1.138038801191439275e-09,-1.132451360525844608e+00,3.805063763117939035e-01,-1.165528860583750953e-14,6.634750304625331059e-03,-3.731580978348715549e-02,2.339407393193851835e-11,4.395056008816018017e-02,-5.518979484622944098e-11,-6.462416809628617286e-15,-6.312467627544594839e-03,4.966475167029709564e-02,-2.663736131556908994e-11,-5.597721929711377969e-02,6.800351218566591899e-11
2.563335893306942115e+00,-3.805063769847992217e-01,-1.099940625218396618e-02,-4.494137613308181178e-01,1.138075738842524628e-09,-1.132381972976641560e+00,3.805063763117068065e-01,-1.166170101820558201e-14,6.624753187818516534e-03,-3.723727036770404369e-02,2.335192405140253606e-11,4.386202355557139443e-02,-5.508222575402223603e-11,-1.662174384281368174e-15,-6.339267941934512152e-03,4.972989457017677056e-02,-2.670493252378242450e-11,-5.606916251140823398e-02,6.812931214099409073e-11
2.564916248358302564e+00,-3.805063769847992217e-01,-1.098894471740686184e-02,-4.494725473112718972e-01,1.138112609797449066e-09,-1.132312725461410485e+00,3.805063763116198206e-01,-1.166057204990461932e-14,6.614713715231447348e-03,-3.715862800388232412e-02,2.330966737708310985e-11,4.377334171916368727e-02,-5.497445781679446763e-11,3.081512377763525907e-15,-6.366070469655884211e-03,4.979503638725099601e-02,-2.677251291028886812e-11,-5.616110685622843768e-02,6.825515814820219108e-11
2.566496603409663013e+00,-3.805063769847992772e-01,-1.097849908203180763e-02,-4.495312089275225742e-01,1.138149413887429486e-09,-1.132243618209784808e+00,3.805063763115330566e-01,-1.165199097254153713e-14,6.604631883480953890e-03,-3.707988269363315936e-02,2.326730389465978523e-11,4.368451457716508030e-02,-5.486649096198727419e-11,7.768778366689725357e-15,-6.392875065541596576e-03,4.986017724820094449e-02,-2.684010224151721152e-11,-5.625305231308846965e-02,6.838104992940058640e-11
2.568076958461023462e+00,-3.805063769847992772e-01,-1.096806941300383295e-02,-4.495897460168793991e-01,1.138186150943659832e-09,-1.132174651451399727e+00,3.805063763114464592e-01,-1.163604684355426960e-14,6.594507689413477147e-03,-3.700103443836733758e-02,2.322483359018164094e-11,4.359554212783279398e-02,-5.475832511748195110e-11,1.239975973086217469e-14,-6.419681584178400097e-03,4.992531727990649759e-02,-2.690770028339410476e-11,-5.634499886345493980e-02,6.850698720543854157e-11
2.569657313512384356e+00,-3.805063769847993327e-01,-1.095765577727278277e-02,-4.496481584166537870e-01,1.138222820797312541e-09,-1.132105825415894218e+00,3.805063763113599729e-01,-1.161282850422582619e-14,6.584341130105438207e-03,-3.692208323929488389e-02,2.318225645006798692e-11,4.350642436945328928e-02,-5.464996021160175378e-11,1.697459387368293329e-14,-6.446489879906983772e-03,4.999045660944623215e-02,-2.697530680134446441e-11,-5.643694648874716946e-02,6.863296969590670154e-11
2.571237668563744805e+00,-3.805063769847993882e-01,-1.094725824179294295e-02,-4.497064459641586520e-01,1.138259423279538957e-09,-1.132037140332909475e+00,3.805063763112737085e-01,-1.158242457770349193e-14,6.574132202863674536e-03,-3.684302909742504656e-02,2.313957246110938209e-11,4.341716130034262155e-02,-5.454139617311439215e-11,2.149341945043452647e-14,-6.473299806821949595e-03,5.005559536409762145e-02,-2.704292156029184190e-11,-5.652889517033716366e-02,6.875899711913965043e-11
2.572818023615105698e+00,-3.805063769847993882e-01,-1.093687687352266555e-02,-4.497646084967085178e-01,1.138295958221469745e-09,-1.131968596432089136e+00,3.805063763111876107e-01,-1.154492346702281609e-14,6.563880905225776517e-03,-3.676387201356557527e-02,2.309678161046815137e-11,4.332775291884616298e-02,-5.443263293123345229e-11,2.595637636509706993e-14,-6.500111218771942659e-03,5.012073367133685481e-02,-2.711054432465885321e-11,-5.662084488954979844e-02,6.888506919221840600e-11
2.574398378666466147e+00,-3.805063769847993882e-01,-1.092651173942400800e-02,-4.498226458516191295e-01,1.138332425454215715e-09,-1.131900193943079946e+00,3.805063763111016795e-01,-1.150041335313681668e-14,6.553587234960516796e-03,-3.668461198832271425e-02,2.305388388567939378e-11,4.323819922333890786e-02,-5.432367041562075528e-11,3.036360576712823899e-14,-6.526923969359623399e-03,5.018587165883894169e-02,-2.717817485836756023e-11,-5.671279562766273763e-02,6.901118563097284946e-11
2.575978733717827041e+00,-3.805063769847993882e-01,-1.091616290646237747e-02,-4.498805578662067317e-01,1.138368824808868449e-09,-1.131831933095530651e+00,3.805063763110158592e-01,-1.144898219295024327e-14,6.543251190068200690e-03,-3.660524902210068876e-02,2.301087927465162870e-11,4.314850021222538939e-02,-5.421450855638803734e-11,3.471525004821068460e-14,-6.553737911941729180e-03,5.025100945447772555e-02,-2.724581292483987136e-11,-5.680474736590655077e-02,6.913734614998432339e-11
2.577559088769187490e+00,-3.805063769847994437e-01,-1.090583044160616834e-02,-4.499383443777882352e-01,1.138405156116499468e-09,-1.131763814119092881e+00,3.805063763109303165e-01,-1.139071771735905565e-14,6.532872768781100743e-03,-3.652578311510158715e-02,2.296776776566771351e-11,4.305865588393998494e-02,-5.410514728409928277e-11,3.901145283897995825e-14,-6.580552899629109852e-03,5.031614718632584221e-02,-2.731345828699784850e-11,-5.689670008546473395e-02,6.926355046258815200e-11
2.579139443820548383e+00,-3.805063769847994437e-01,-1.089551441182636665e-02,-4.499960052236807173e-01,1.138441419208163954e-09,-1.131695837243420488e+00,3.805063763108448849e-01,-1.132570742929493077e-14,6.522451969563811472e-03,-3.644621426732490982e-02,2.292454934738555120e-11,4.296866623694675646e-02,-5.399558652977243001e-11,4.325235900573024459e-14,-6.607368785286786735e-03,5.038128498265488642e-02,-2.738111070726430483e-11,-5.698865376747390410e-02,6.938979828087635535e-11
2.580719798871908832e+00,-3.805063769847994437e-01,-1.088521488409620840e-02,-4.500535402412011443e-01,1.138477613914898068e-09,-1.131628002698169766e+00,3.805063763107596753e-01,-1.125403860177518750e-14,6.511988791113636210e-03,-3.636654247856720146e-02,2.288122400883884329e-11,4.287853126973961010e-02,-5.388582622488129742e-11,4.743811464707216601e-14,-6.634185421533961291e-03,5.044642297193514119e-02,-2.744876994756296632e-11,-5.708060839302356998e-02,6.951608931570001455e-11
2.582300153923269281e+00,-3.805063769847994437e-01,-1.087493192539079785e-02,-4.501109492676658164e-01,1.138513740067721839e-09,-1.131560310712999673e+00,3.805063763106745767e-01,-1.117579827595789427e-14,6.501483232361000841e-03,-3.628676774842191921e-02,2.283779173943797832e-11,4.278825098084237250e-02,-5.377586630135770937e-11,5.156886709058180253e-14,-6.661002660744106199e-03,5.051156128283596641e-02,-2.751643576931913097e-11,-5.717256394315651385e-02,6.964242327667217984e-11
2.583880508974629731e+00,-3.805063769847994437e-01,-1.086466560268676412e-02,-4.501682321403903675e-01,1.138549797497637717e-09,-1.131492761517570722e+00,3.805063763105897001e-01,-1.109107325920250342e-14,6.490935292469832835e-03,-3.620689007627902328e-02,2.279425252897080094e-11,4.269782536880896429e-02,-5.366570669159349960e-11,5.564476488939976726e-14,-6.687820355044940199e-03,5.057670004422549354e-02,-2.758410793345984966e-11,-5.726452039886861106e-02,6.976879987217024872e-11
2.585460864025990624e+00,-3.805063769847994437e-01,-1.085441598296185001e-02,-4.502253886966893215e-01,1.138585786035633885e-09,-1.131425355341546979e+00,3.805063763105048791e-01,-1.099995012313538444e-14,6.480344970837915129e-03,-3.612690946132453285e-02,2.275060636760326782e-11,4.260725443222318498e-02,-5.355534732844204925e-11,5.966595781883269898e-14,-6.714638356318542584e-03,5.064183938517077821e-02,-2.765178620041454015e-11,-5.735647774110901737e-02,6.989521880933886107e-11
2.587041219077351073e+00,-3.805063769847994992e-01,-1.084418313319458413e-02,-4.502824187738755923e-01,1.138621705512681776e-09,-1.131358092414593175e+00,3.805063763104203911e-01,-1.090251520172151181e-14,6.469712267097335427e-03,-3.604682590254051910e-02,2.270685324588043636e-11,4.251653816969916400e-02,-5.344478814522082007e-11,6.363259687288760681e-14,-6.741456516201328047e-03,5.070697943493786275e-02,-2.771947033011524231e-11,-5.744843595078014814e-02,7.002167979409245828e-11
2.588621574128711966e+00,-3.805063769847994992e-01,-1.083396712036387155e-02,-4.503393222092605397e-01,1.138657555759739172e-09,-1.131290972966377595e+00,3.805063763103360142e-01,-1.079885458934076620e-14,6.459037181114833139e-03,-3.596663939870448079e-02,2.266299315472711097e-11,4.242567657988117330e-02,-5.333402907571287960e-11,6.754483426081995378e-14,-6.768274686084155972e-03,5.077212032299171368e-02,-2.778716008199719972e-11,-5.754039500873787266e-02,7.014818253111812662e-11
2.590201929180072415e+00,-3.805063769847995547e-01,-1.082376801144865203e-02,-4.503960988401533583e-01,1.138693336607749383e-09,-1.131223997226569189e+00,3.805063763102518037e-01,-1.068905413887057330e-14,6.448319712992179285e-03,-3.588634994838913600e-02,2.261902608544862496e-11,4.233466966144370375e-02,-5.322307005416887210e-11,7.140282340360792820e-14,-6.795092717112320019e-03,5.083726217899615929e-02,-2.785485521499912466e-11,-5.763235489579130594e-02,7.027472672387809178e-11
2.591782284231433309e+00,-3.805063769847995547e-01,-1.081358587342753572e-02,-4.504527485038607448e-01,1.138729047887642273e-09,-1.131157165424840905e+00,3.805063763101677599e-01,-1.057319945977364821e-14,6.437559863066607581e-03,-3.580595754996227648e-02,2.257495202973174211e-11,4.224351741309174957e-02,-5.311191101530924814e-11,7.520671893043183946e-14,-6.821910460185610578e-03,5.090240513281418799e-02,-2.792255548756375384e-11,-5.772431559270318341e-02,7.040131207461283366e-11
2.593362639282793758e+00,-3.805063769847996102e-01,-1.080342077327839378e-02,-4.505092710376866760e-01,1.138764689430335095e-09,-1.131090477790865689e+00,3.805063763100839380e-01,-1.045137591619130124e-14,6.426757631911170915e-03,-3.572546220158624719e-02,2.253077097964535452e-11,4.215221983356073204e-02,-5.300055189432591891e-11,7.895667667511508056e-14,-6.848727765958361607e-03,5.096754931450763609e-02,-2.799026065763821354e-11,-5.781627708018971523e-02,7.052793828434352917e-11
2.594942994334154651e+00,-3.805063769847996102e-01,-1.079327277797798371e-02,-4.505656662789321310e-01,1.138800261066732694e-09,-1.131023934554319599e+00,3.805063763100002827e-01,-1.032366862504217115e-14,6.415913020335115187e-03,-3.564486390121751613e-02,2.248648292764116770e-11,4.206077692161637460e-02,-5.288899262688401400e-11,8.265285367254402489e-14,-6.875544484839522623e-03,5.103269485433736818e-02,-2.805797048267451076e-11,-5.790823933892073200e-02,7.065460505287512830e-11
2.596523349385515100e+00,-3.805063769847996102e-01,-1.078314195450165783e-02,-4.506219340648946470e-01,1.138835762627728538e-09,-1.130957535944880910e+00,3.805063763099167384e-01,-1.019016245412810069e-14,6.405026029384323395e-03,-3.556416264660687554e-02,2.244208786655476679e-11,4.196918867605532039e-02,-5.277723314912449220e-11,8.629540815501585267e-14,-6.902360466992624004e-03,5.109784188276334654e-02,-2.812568471962989507e-11,-5.800020234951967779e-02,7.078131207879899077e-11
2.598103704436875994e+00,-3.805063769847996658e-01,-1.077302836982287071e-02,-4.506780742328680422e-01,1.138871193944204519e-09,-1.130891282192228342e+00,3.805063763098334717e-01,-1.005094202024328906e-14,6.394096660341625285e-03,-3.548335843529844269e-02,2.239758578960604312e-11,4.187745509570455632e-02,-5.266527339766513021e-11,8.988449954863256047e-14,-6.929175562335921842e-03,5.116299053044449929e-02,-2.819340312496739825e-11,-5.809216609256378366e-02,7.090805905949587160e-11
2.599684059488236443e+00,-3.805063769847996102e-01,-1.076293209091289116e-02,-4.507340866201420826e-01,1.138906554847032599e-09,-1.130825173526044169e+00,3.805063763097503160e-01,-9.906091687291579102e-15,6.383124914727267459e-03,-3.540245126462997216e-02,2.235297669040030893e-11,4.178557617942205149e-02,-5.255311330960328853e-11,9.342028846959753064e-14,-6.955989620542361515e-03,5.122814092823883836e-02,-2.826112545465618650e-11,-5.818413054858398437e-02,7.103484569113867413e-11
2.601264414539596892e+00,-3.805063769847996102e-01,-1.075285318474038763e-02,-4.507899710640022595e-01,1.138941845167074816e-09,-1.130759210176011331e+00,3.805063763096673823e-01,-9.755695564407960238e-15,6.372110794299220421e-03,-3.532144113173199540e-02,2.230826056292877564e-11,4.169355192609633387e-02,-5.244075282251709410e-11,9.690293672052362437e-14,-6.982802491039688704e-03,5.129329320720346641e-02,-2.832885146417213232e-11,-5.827609569806514039e-02,7.116167166869551311e-11
2.602844769590957341e+00,-3.805063769847996658e-01,-1.074279171827105701e-02,-4.508457274017292904e-01,1.138977064735184109e-09,-1.130693392371814987e+00,3.805063763095846152e-01,-9.599837504086874437e-15,6.361054301053637415e-03,-3.524032803352798032e-02,2.226343740156957805e-11,4.160138233464698992e-02,-5.232819187446792180e-11,1.003326072866950539e-13,-7.009614023010441591e-03,5.135844749859456299e-02,-2.839658090849812471e-11,-5.836806152144594084e-02,7.128853668593244184e-11
2.604425124642318234e+00,-3.805063769847997213e-01,-1.073274775846727418e-02,-4.509013554705988414e-01,1.139012213382204523e-09,-1.130627720343141629e+00,3.805063763095019591e-01,-9.438601100316366134e-15,6.349955437225200498e-03,-3.515911196673372069e-02,2.221850720108844004e-11,4.150906740402453277e-02,-5.221543040400202301e-11,1.037094643322951380e-13,-7.036424065392027187e-03,5.142360393386745387e-02,-2.846431354212465082e-11,-5.846002799911915321e-02,7.141544043541660581e-11
2.606005479693678684e+00,-3.805063769847997213e-01,-1.072272137228767915e-02,-4.509568551078811383e-01,1.139047290938972661e-09,-1.130562194319679525e+00,3.805063763094195251e-01,-9.272069686717610582e-15,6.338814205287516927e-03,-3.507779292785714875e-02,2.217346995663946293e-11,4.141660713321047849e-02,-5.210246835015240610e-11,1.070336731966254998e-13,-7.063232466876745615e-03,5.148876264467651398e-02,-2.853204911905013840e-11,-5.855199511143142910e-02,7.154238260851891808e-11
2.607585834745039577e+00,-3.805063769847997213e-01,-1.071271262668680585e-02,-4.510122261508409669e-01,1.139082297236317473e-09,-1.130496814531118943e+00,3.805063763093372575e-01,-9.100326334690683669e-15,6.327630607953499929e-03,-3.499637091319786342e-02,2.212832566376585251e-11,4.132400152121736003e-02,-5.198930565244067824e-11,1.103054003902857337e-13,-7.090039075911895930e-03,5.155392376287532691e-02,-2.859978739278158594e-11,-5.864396283868368587e-02,7.166936289541744559e-11
2.609166189796400026e+00,-3.805063769847997768e-01,-1.070272158861473519e-02,-4.510674684367368403e-01,1.139117232105060671e-09,-1.130431581207150815e+00,3.805063763092552120e-01,-8.923453851567253207e-15,6.316404648175791975e-03,-3.491484591884717881e-02,2.208307431840088515e-11,4.123125056708910885e-02,-5.187594225087932012e-11,1.135248135913084155e-13,-7.116843740699724079e-03,5.161908742051665722e-02,-2.866752811633485339e-11,-5.873593116113089152e-02,7.179638098510003283e-11
2.610746544847760919e+00,-3.805063769847997213e-01,-1.069274832501666481e-02,-4.511225818028212209e-01,1.139152095376019211e-09,-1.130366494577468073e+00,3.805063763091732776e-01,-8.741534778767738326e-15,6.305136329147074427e-03,-3.483321794068720140e-02,2.203771591686834727e-11,4.113835426990054139e-02,-5.176237808597277167e-11,1.166920816412947953e-13,-7.143646309197589431e-03,5.168425374985238102e-02,-2.873527104223528588e-11,-5.882790005898231450e-02,7.192343656536759766e-11
2.612326899899121369e+00,-3.805063769847997213e-01,-1.068279290283258298e-02,-4.511775660863396875e-01,1.139186886880002812e-09,-1.130301554871765646e+00,3.805063763090916207e-01,-8.554651389966534180e-15,6.293825654300551527e-03,-3.475148697439121165e-02,2.199225045588369528e-11,4.104531262875811548e-02,-5.164861309872028188e-11,1.198073745414900562e-13,-7.170446629117894523e-03,5.174942288333357621e-02,-2.880301592251804322e-11,-5.891986951240141268e-02,7.205052932283698769e-11
2.613907254950482262e+00,-3.805063769847997213e-01,-1.067285538899682799e-02,-4.512324211245308248e-01,1.139221606447817882e-09,-1.130236762319738464e+00,3.805063763090100748e-01,-8.362885689261392378e-15,6.282472627310265248e-03,-3.466965301542281053e-02,2.194667793255455002e-11,4.095212564279950007e-02,-5.153464723061698807e-11,1.228708634488612370e-13,-7.197244547928247256e-03,5.181459495361066814e-02,-2.887076250872877847e-11,-5.901183950150624274e-02,7.217765894294441821e-11
2.615487610001842711e+00,-3.805063769847998323e-01,-1.066293585043777935e-02,-4.512871467546259452e-01,1.139256253910265249e-09,-1.130172117151084343e+00,3.805063763089286399e-01,-8.166319409351239063e-15,6.271077252091503823e-03,-3.458771605903585705e-02,2.190099834438155940e-11,4.085879331119383201e-02,-5.142048042365614540e-11,1.258827206721082339e-13,-7.224039912851402782e-03,5.187977009353308272e-02,-2.893851055192385122e-11,-5.910381000636898141e-02,7.230482510994796666e-11
2.617067965053203160e+00,-3.805063769847998323e-01,-1.065303435407742930e-02,-4.513417428138485343e-01,1.139290829098143257e-09,-1.130107619595501101e+00,3.805063763088474826e-01,-7.965034009718544728e-15,6.259639532801203332e-03,-3.450567610027417687e-02,2.185521168925922888e-11,4.076531563314185480e-02,-5.130611262033100739e-11,1.288431196676785259e-13,-7.250832570865395343e-03,5.194494843614975987e-02,-2.900625980267107073e-11,-5.919578100701657769e-02,7.243202750693138545e-11
2.618648320104564053e+00,-3.805063769847997768e-01,-1.064315096683097692e-02,-4.513962091394144727e-01,1.139325331842246734e-09,-1.130043269882688772e+00,3.805063763087664919e-01,-7.759110674818156371e-15,6.248159473838325005e-03,-3.442353313397109038e-02,2.180931796547663230e-11,4.067169260787587004e-02,-5.119154376363655782e-11,1.317522350357479721e-13,-7.277622368703560822e-03,5.201013011470869557e-02,-2.907401001105007722e-11,-5.928775248343039206e-02,7.255926581580680320e-11
2.620228675155924503e+00,-3.805063769847998323e-01,-1.063328575560652280e-02,-4.514505455685308144e-01,1.139359761973367201e-09,-1.129979068242347839e+00,3.805063763086857231e-01,-7.548630312274452141e-15,6.236637079844216912e-03,-3.434128715474917687e-02,2.176331717171813567e-11,4.057792423465981374e-02,-5.107677379707130084e-11,1.346102425161365071e-13,-7.304409152854561896e-03,5.207531526265729571e-02,-2.914176092665279425e-11,-5.937972441554650177e-02,7.268653971731796883e-11
2.621809030207284952e+00,-3.805063769847998323e-01,-1.062343878730460066e-02,-4.515047519383962871e-01,1.139394119322296592e-09,-1.129915014904180337e+00,3.805063763086051210e-01,-7.333673551081752397e-15,6.225072355703048510e-03,-3.425893815702001771e-02,2.171720930706428895e-11,4.048401051278940899e-02,-5.096180266463931598e-11,1.374173189842541277e-13,-7.331192769562484314e-03,5.214050401364223042e-02,-2.920951229858399091e-11,-5.947169678325562453e-02,7.281384889104361200e-11
2.623389385258645845e+00,-3.805063769847998323e-01,-1.061361012881787726e-02,-4.515588280862004589e-01,1.139428403719823326e-09,-1.129851110097889189e+00,3.805063763085246853e-01,-7.114320739814771385e-15,6.213465306542149784e-03,-3.417648613498377314e-02,2.167099437099248203e-11,4.038995144159217981e-02,-5.084663031085191248e-11,1.401736424469519641e-13,-7.357973064826845572e-03,5.220569650150950342e-02,-2.927726387546177944e-11,-5.956366956640332666e-02,7.294119301540049331e-11
2.624969740310006294e+00,-3.805063769847998323e-01,-1.060379984703067185e-02,-4.516127738491237387e-01,1.139462614996737061e-09,-1.129787354053178650e+00,3.805063763084443607e-01,-6.890651944841901728e-15,6.201815937732439721e-03,-3.409393108262897404e-02,2.162467236337780416e-11,4.029574702042755530e-02,-5.073125668072956805e-11,1.428793920384080107e-13,-7.384749884402684247e-03,5.227089286030447285e-02,-2.934501540541809670e-11,-5.965564274478996759e-02,7.306857176764668721e-11
2.626550095361367188e+00,-3.805063769847998878e-01,-1.059400800881866653e-02,-4.516665890643367098e-01,1.139496752983827043e-09,-1.129723746999753642e+00,3.805063763083642581e-01,-6.662746948548667315e-15,6.190124254888766317e-03,-3.401127299373207791e-02,2.157824328449370963e-11,4.020139724868683484e-02,-5.061568171980363488e-11,1.455347480159223839e-13,-7.411523073800578218e-03,5.233609322427185823e-02,-2.941276663609922756e-11,-5.974761629817085251e-02,7.319598482388496825e-11
2.628130450412727637e+00,-3.805063769847998878e-01,-1.058423468104845167e-02,-4.517202735690000193e-01,1.139530817511882310e-09,-1.129660289167319975e+00,3.805063763082844330e-01,-6.430685247564801022e-15,6.178390263870346330e-03,-3.392851186185730922e-02,2.153170713501290308e-11,4.010690212579347963e-02,-5.049990537411836239e-11,1.481398917557338853e-13,-7.438292478286717517e-03,5.240129772785571266e-02,-2.948051731466628964e-11,-5.983959020625626013e-02,7.332343185906584839e-11
2.629710805464088530e+00,-3.805063769847998878e-01,-1.057447993057719637e-02,-4.517738272002638222e-01,1.139564808411694591e-09,-1.129596980785585014e+00,3.805063763082046635e-01,-6.194546051000746943e-15,6.166613970781120897e-03,-3.384564768035632637e-02,2.148506391600807941e-11,4.001226165120307793e-02,-5.038392759023270019e-11,1.506950057487614908e-13,-7.465057942882941631e-03,5.246650650569965185e-02,-2.954826718779580841e-11,-5.993156444871160227e-02,7.345091254699127345e-11
2.631291160515448979e+00,-3.805063769847998878e-01,-1.056474382425218531e-02,-4.518272497952678379e-01,1.139598725514057472e-09,-1.129533822084255679e+00,3.805063763081251715e-01,-5.954408278687189484e-15,6.154795381970121562e-03,-3.376268044236763188e-02,2.143831362895253133e-11,3.991747582440317854e-02,-5.026774831522170693e-11,1.532002735963692150e-13,-7.491819312366814962e-03,5.253171969264647245e-02,-2.961601600168015021e-11,-6.002353900515726426e-02,7.357842656031745363e-11
2.632871515566809428e+00,-3.805063769847998878e-01,-1.055502642891050120e-02,-4.518805411911406278e-01,1.139632568649766198e-09,-1.129470813293040887e+00,3.805063763080457906e-01,-5.710350559425699881e-15,6.142934504031893547e-03,-3.367961014081663484e-02,2.139145627572113477e-11,3.982254464491370716e-02,-5.015136749667883144e-11,1.556558800060428005e-13,-7.518576431271664987e-03,5.259693742373860309e-02,-2.968376350202815551e-11,-6.011551385516900742e-02,7.370597357055868923e-11
2.634451870618170322e+00,-3.805063769847999433e-01,-1.054532781137861551e-02,-4.519337012249994845e-01,1.139666337649620352e-09,-1.129407954641650225e+00,3.805063763079666317e-01,-5.462451229243278886e-15,6.131031343806883464e-03,-3.359643676841520682e-02,2.134449185859104687e-11,3.972746811228701491e-02,-5.003478508271768345e-11,1.580620107870755695e-13,-7.545329143886630834e-03,5.266215983421794478e-02,-2.975150943406559779e-11,-6.020748897827785107e-02,7.383355324809056303e-11
2.636032225669530771e+00,-3.805063769847999433e-01,-1.053564803847197549e-02,-4.519867297339498768e-01,1.139700032344422830e-09,-1.129345246359793276e+00,3.805063763078876948e-01,-5.210788329653962928e-15,6.119085908381773249e-03,-3.351316031766113368e-02,2.129742038024230051e-11,3.963224622610753839e-02,-4.991800102197337778e-11,1.604188528462172441e-13,-7.572077294256729200e-03,5.272738705952567662e-02,-2.981925354253564879e-11,-6.029946435397001009e-02,7.396116526215322318e-11
2.637612580720891220e+00,-3.805063769847999433e-01,-1.052598717699465905e-02,-4.520396265550854498e-01,1.139733652564981281e-09,-1.129282688677180291e+00,3.805063763078089245e-01,-4.955439605929155072e-15,6.107098205089934659e-03,-3.342978078083821275e-02,2.125024184375886411e-11,3.953687898599247269e-02,-4.980101526360493182e-11,1.627265941832769998e-13,-7.598820726182901192e-03,5.279261923530271378e-02,-2.988699557169958293e-11,-6.039143996168733902e-02,7.408880928085506671e-11
2.639192935772251669e+00,-3.805063769847999433e-01,-1.051634529373892367e-02,-4.520923915254873027e-01,1.139767198142108732e-09,-1.129220281823522631e+00,3.805063763077302652e-01,-4.696482505372189000e-15,6.095068241511774482e-03,-3.334629815001561443e-02,2.120295625262916512e-11,3.944136639159138286e-02,-4.968382775729664850e-11,1.649854238867232875e-13,-7.625559283222078238e-03,5.285785649738935360e-02,-2.995473526533717795e-11,-6.048341578082705450e-02,7.421648497117599661e-11
2.640773290823612562e+00,-3.805063769847999433e-01,-1.050672245548490459e-02,-4.521450244822238784e-01,1.139800668906623795e-09,-1.129158026028531658e+00,3.805063763076518835e-01,-4.433994175603245218e-15,6.082996025475110972e-03,-3.326271241704768095e-02,2.115556361074691715e-11,3.934570844258643979e-02,-4.956643845325995807e-11,1.671955321292157506e-13,-7.652292808687208986e-03,5.292309898182549766e-02,-3.002247236674725777e-11,-6.057539179074201974e-02,7.434419199897098897e-11
2.642353645874973012e+00,-3.805063769847999433e-01,-1.049711872900010654e-02,-4.521975252623506858e-01,1.139834064689351696e-09,-1.129095921521920287e+00,3.805063763075736127e-01,-4.168051462847214453e-15,6.070881565055599727e-03,-3.317902357357364190e-02,2.110806392241194076e-11,3.924990513869250353e-02,-4.944884730223535032e-11,1.693571101631572865e-13,-7.679021145647359908e-03,5.298834682485057540e-02,-3.009020661874835810e-11,-6.066736797074071680e-02,7.447193002897358273e-11
2.643934000926333905e+00,-3.805063769847999988e-01,-1.048753418103913655e-02,-4.522498937029097443e-01,1.139867385321124281e-09,-1.129033968533400101e+00,3.805063763074955641e-01,-3.898730910233154923e-15,6.058724868577075422e-03,-3.309523161101720484e-02,2.106045719233082899e-11,3.915395647965715792e-02,-4.933105425549393849e-11,1.714703503161593964e-13,-7.705744136927727451e-03,5.305360016290361358e-02,-3.015793776367914006e-11,-6.075934430008740617e-02,7.459969872479935635e-11
2.645514355977694354e+00,-3.805063769847999433e-01,-1.047796887834319401e-02,-4.523021296409293068e-01,1.139900630632782082e-09,-1.128972167292684237e+00,3.805063763074176819e-01,-3.626108756096452263e-15,6.046525944611971619e-03,-3.301133652058632628e-02,2.101274342561777138e-11,3.905786246526075922e-02,-4.921305926483936563e-11,1.735354459865317186e-13,-7.732461625109729106e-03,5.311885913262323622e-02,-3.022566554339902989e-11,-6.085132075800208512e-02,7.472749774894958555e-11
2.647094711029055247e+00,-3.805063769847999433e-01,-1.046842288763979133e-02,-4.523542329134237483e-01,1.139933800455173072e-09,-1.128910518029486498e+00,3.805063763073399663e-01,-3.350260932292933047e-15,6.034284801981684189e-03,-3.292733829327292028e-02,2.096492262779529713e-11,3.896162309531662343e-02,-4.909486228260958179e-11,1.755525916386870208e-13,-7.759173452531017284e-03,5.318412387084772708e-02,-3.029338969928869723e-11,-6.094329732366070285e-02,7.485532676281465541e-11
2.648675066080415696e+00,-3.805063769847999988e-01,-1.045889627564226473e-02,-4.524062033573927333e-01,1.139966894619155361e-09,-1.128849020973519801e+00,3.805063763072625282e-01,-3.071263062514874343e-15,6.022001449756967696e-03,-3.284323691985239352e-02,2.091699480479500532e-11,3.886523836967092915e-02,-4.897646326167842726e-11,1.775219827985722439e-13,-7.785879461285586875e-03,5.324939451461493944e-02,-3.036110997225070130e-11,-6.103527397619514655e-02,7.498318542667776975e-11
2.650255421131776590e+00,-3.805063769847999433e-01,-1.044938910904942564e-02,-4.524580408098215489e-01,1.139999912955595536e-09,-1.128787676354497949e+00,3.805063763071851457e-01,-2.789190460619147524e-15,6.009675897258327446e-03,-3.275903239088356900e-02,2.086895996295839210e-11,3.876870828820299514e-02,-4.885786215545764884e-11,1.794438160490209631e-13,-7.812579493223803864e-03,5.331467120116252512e-02,-3.042882610271002733e-11,-6.112725069469340106e-02,7.511107339971867347e-11
2.651835776183137039e+00,-3.805063769847999988e-01,-1.043990145454515642e-02,-4.525097451076801058e-01,1.140032855295371144e-09,-1.128726484402135188e+00,3.805063763071080962e-01,-2.504118128959255506e-15,5.997308154056358621e-03,-3.267472469670799906e-02,2.082081810903742908e-11,3.867203285082496111e-02,-4.873905891789819876e-11,1.813182890251053685e-13,-7.839273389952463450e-03,5.337995406792764297e-02,-3.049653783061459058e-11,-6.121922745819940309e-02,7.523899034001692246e-11
2.653416131234497932e+00,-3.805063769847999988e-01,-1.043043337879802357e-02,-4.525613160879229935e-01,1.140065721469371105e-09,-1.128665445346145102e+00,3.805063763070311578e-01,-2.216120756727384175e-15,5.984898229972202520e-03,-3.259031382745007643e-02,2.077256925019554883e-11,3.857521205748237064e-02,-4.862005350349249651e-11,1.831456004094395516e-13,-7.865960992834861165e-03,5.344524325254733366e-02,-3.056424489543591488e-11,-6.131120424571353394e-02,7.536693590455605832e-11
2.654996486285858381e+00,-3.805063769847999988e-01,-1.042098494846088567e-02,-4.526127535874889807e-01,1.140098511308494887e-09,-1.128604559416241937e+00,3.805063763069544414e-01,-1.925272718302150577e-15,5.972446135077895228e-03,-3.250579977301655543e-02,2.072421339400832344e-11,3.847824590815400458e-02,-4.850084586727599274e-11,1.849259499274632782e-13,-7.892642142990815429e-03,5.351053889285829063e-02,-3.063194703616959152e-11,-6.140318103619224477e-02,7.549490974922683949e-11
2.656576841337218831e+00,-3.805063769847999988e-01,-1.041155623017045104e-02,-4.526640574433007380e-01,1.140131224643656019e-09,-1.128543826842139497e+00,3.805063763068778360e-01,-1.631648071603075948e-15,5.959951879696711967e-03,-3.242118252309592052e-02,2.067575054846399441e-11,3.838113440285163130e-02,-4.838143596482841000e-11,1.866595383427000131e-13,-7.919316681296801122e-03,5.357584112689693645e-02,-3.069964399133600295e-11,-6.149515780854850761e-02,7.562291152883129965e-11
2.658157196388579280e+00,-3.805063769847999988e-01,-1.040214729054693768e-02,-4.527152274922645048e-01,1.140163861305778992e-09,-1.128483247853552029e+00,3.805063763068015081e-01,-1.335320556455863184e-15,5.947415474403635466e-03,-3.233646206715865001e-02,2.062718072196460357e-11,3.828387754162072137e-02,-4.826182375227625663e-11,1.883465674519634729e-13,-7.945984448385918358e-03,5.364115009289950609e-02,-3.076733549898072998e-11,-6.158713454165161416e-02,7.575094089708621151e-11
2.659737551439940173e+00,-3.805063769847999988e-01,-1.039275819619366048e-02,-4.527662635712697003e-01,1.140196421125803183e-09,-1.128422822680193782e+00,3.805063763067252913e-01,-1.036363592962118550e-15,5.934836930025684694e-03,-3.225163839445648745e-02,2.057850392332646484e-11,3.818647532454001042e-02,-4.814200918629402872e-11,1.899872400805520621e-13,-7.972645284648027797e-03,5.370646592930207464e-02,-3.083502129667531429e-11,-6.167911121432750193e-02,7.587899750662714516e-11
2.661317906491300622e+00,-3.805063769847999988e-01,-1.038338901369660963e-02,-4.528171655171883692e-01,1.140228903934681827e-09,-1.128362551551777893e+00,3.805063763066493521e-01,-7.348502798779667169e-16,5.922216257642295631e-03,-3.216671149402220570e-02,2.052972016178097849e-11,3.808892775172173506e-02,-4.802199222410594206e-11,1.915817600774062266e-13,-7.999299030229740232e-03,5.377178877474041163e-02,-3.090270112151765265e-11,-6.177108780535856686e-02,7.600708100901190605e-11
2.662898261542661515e+00,-3.805063769847999988e-01,-1.037403980962396839e-02,-4.528679331668753472e-01,1.140261309563383460e-09,-1.128302434698018164e+00,3.805063763065735238e-01,-4.313829579953749978e-16,5.909553469332578558e-03,-3.208168135387358400e-02,2.048082944950477627e-11,3.799123482326276918e-02,-4.790177235743641945e-11,1.903864948342306533e-13,-8.025941655438170730e-03,5.383712289122374178e-02,-3.097036160481565755e-11,-6.186306454707343749e-02,7.613760580887594760e-11
2.664478616594021965e+00,-3.805063769847999988e-01,-1.036471065051354327e-02,-4.529185663571541065e-01,1.140293637842933903e-09,-1.128242472348628844e+00,3.805063763064979176e-01,-1.381307895517560882e-16,5.896848593741832283e-03,-3.199654794442690492e-02,2.043183185433897272e-11,3.789339653822464821e-02,-4.778133889872776655e-11,1.807567314156472954e-13,-8.052565038982068685e-03,5.390247690042625911e-02,-3.103797552104788333e-11,-6.195504193988128627e-02,7.627553944869372917e-11
2.666058971645382858e+00,-3.805063769847999988e-01,-1.035540160286063834e-02,-4.529690649248048206e-01,1.140325888604455961e-09,-1.128182664733325069e+00,3.805063763064225335e-01,1.400040095336157938e-16,5.884101649520904163e-03,-3.191131124679797565e-02,2.038272740983455633e-11,3.779541289637399631e-02,-4.766068755607187844e-11,1.712548007184895864e-13,-8.079181095324938430e-03,5.396783807525101090e-02,-3.110558350093809029e-11,-6.204701917110933690e-02,7.641334635481950205e-11
2.667639326696743307e+00,-3.805063769847999988e-01,-1.034611273313942696e-02,-4.530194287065862913e-01,1.140358061679097463e-09,-1.128123012081822418e+00,3.805063763063473159e-01,4.032230674937612073e-16,5.871312648377226100e-03,-3.182597124955168638e-02,2.033351612558494812e-11,3.769728389798313734e-02,-4.753981852954153422e-11,1.618802051330796685e-13,-8.105789662646202196e-03,5.403320655619350821e-02,-3.117318527632637611e-11,-6.213899621943255042e-02,7.655102679542838741e-11
2.669219681748104200e+00,-3.805063769847999988e-01,-1.033684410780534059e-02,-4.530696575392393344e-01,1.140390156898021746e-09,-1.128063514623835140e+00,3.805063763062722093e-01,6.517272240872374933e-16,5.858481602274122520e-03,-3.174052794103052882e-02,2.028419801160762520e-11,3.759900954335788914e-02,-4.741873201878368296e-11,1.526324444253186521e-13,-8.132390578877287876e-03,5.409858248395463948e-02,-3.124078057856506041e-11,-6.223097306348322061e-02,7.668858104082614268e-11
2.670800036799464650e+00,-3.805063769847999988e-01,-1.032759579329473737e-02,-4.531197512594861143e-01,1.140422174092407659e-09,-1.128004172589077481e+00,3.805063763061974358e-01,8.857165264595651966e-16,5.845608523431276154e-03,-3.165498130935467253e-02,2.023477307834511918e-11,3.750058983283811875e-02,-4.729742822301673606e-11,1.435110157504720171e-13,-8.158983681701668933e-03,5.416396599944065665e-02,-3.130836913851924698e-11,-6.232294968185111972e-02,7.682600936343627571e-11
2.672380391850825099e+00,-3.805063769847999988e-01,-1.031836785602443032e-02,-4.531697097040298106e-01,1.140454113093451625e-09,-1.127944986207263689e+00,3.805063763061227178e-01,1.105390225029903509e-15,5.832693424325050696e-03,-3.156933134242123629e-02,2.018524133666554611e-11,3.740202476679727744e-02,-4.717590734102658634e-11,1.345154136669167448e-13,-8.185568808555025722e-03,5.422935724376318212e-02,-3.137595068656769617e-11,-6.241492605308351233e-02,7.696331203778775335e-11
2.673960746902185548e+00,-3.805063769847999988e-01,-1.030916036239134040e-02,-4.532195327095542847e-01,1.140485973732367029e-09,-1.127885955708106014e+00,3.805063763060483328e-01,1.310946769396725449e-15,5.819736317688937489e-03,-3.148357802790434368e-02,2.013560279786363396e-11,3.730331434564302523e-02,-4.705416957116391980e-11,1.256451301500806540e-13,-8.212145796625240288e-03,5.429475635823918095e-02,-3.144352495260339358e-11,-6.250690215568528718e-02,7.710048934050205089e-11
2.675541101953546441e+00,-3.805063769847999988e-01,-1.029997337877202462e-02,-4.532692201127239140e-01,1.140517755840386277e-09,-1.127827081321316927e+00,3.805063763059740034e-01,1.502583804268296365e-15,5.806737216513918956e-03,-3.139772135325451241e-02,2.008585747366127518e-11,3.720445856981683536e-02,-4.693221511134041570e-11,1.168996546063572516e-13,-8.238714482852588922e-03,5.436016348439105111e-02,-3.151109166603439668e-11,-6.259887796811908212e-02,7.723754155028048589e-11
2.677121457004906890e+00,-3.805063769847999988e-01,-1.029080697152236733e-02,-4.533187717501827030e-01,1.140549459248759148e-09,-1.127768363276608454e+00,3.805063763058999515e-01,1.680498165411785518e-15,5.793696134048859775e-03,-3.131176130569854332e-02,2.003600537620840881e-11,3.710545743979438288e-02,-4.681004415902579328e-11,1.082784738872491369e-13,-8.265274703929723077e-03,5.442557876394641531e-02,-3.157865055578435817e-11,-6.269085346880519383e-02,7.737446894789109958e-11
2.678701812056267784e+00,-3.805063769847999988e-01,-1.028166120697705278e-02,-4.533681874585546723e-01,1.140581083788756926e-09,-1.127709801803690848e+00,3.805063763058260662e-01,1.844885875629061983e-15,5.780613083800905001e-03,-3.122569787223898954e-02,1.998604651808373132e-11,3.700631095608536425e-02,-4.668765691124433502e-11,9.978107230341408081e-14,-8.291826296301872332e-03,5.449100233883834299e-02,-3.164620135029350186e-11,-6.278282863612194564e-02,7.751127181615608116e-11
2.680282167107628233e+00,-3.805063769847999433e-01,-1.027253615144922000e-02,-4.534174670744429148e-01,1.140612629291669716e-09,-1.127651397132274802e+00,3.805063763057523474e-01,1.995942140751262864e-15,5.767488079535883390e-03,-3.113953103965402813e-02,1.993598091229553024e-11,3.690701911923378875e-02,-4.656505356457184936e-11,9.140693163894638688e-14,-8.318369096166861737e-03,5.455643435120521856e-02,-3.171374377751917198e-11,-6.287480344840551405e-02,7.764795043993848119e-11
2.681862522158989126e+00,-3.805063769847999433e-01,-1.026343187123009495e-02,-4.534666104344295401e-01,1.140644095588808300e-09,-1.127593149492069013e+00,3.805063763056789061e-01,2.133861345656776483e-15,5.754321135278662146e-03,-3.105326079449696394e-02,1.988580857228232722e-11,3.680758192981782584e-02,-4.644223431513225206e-11,8.315553116571733480e-14,-8.344902939475228043e-03,5.462187494339071359e-02,-3.178127756493659567e-11,-6.296677788395015074e-02,7.778450510612904132e-11
2.683442877210349575e+00,-3.805063769847999433e-01,-1.025434843258848927e-02,-4.535156173750750641e-01,1.140675482511506001e-09,-1.127535059112781735e+00,3.805063763056055759e-01,2.258837050313543000e-15,5.741112265313578870e-03,-3.096688712309606309e-02,1.983552951191377302e-11,3.670799938845009658e-02,-4.631919935859456772e-11,7.502634765771787082e-14,-8.371427661930301231e-03,5.468732425794387009e-02,-3.184880243953964559e-11,-6.305875192100819648e-02,7.792093610363319207e-11
2.685023232261710469e+00,-3.805063769847999433e-01,-1.024528590177044632e-02,-4.535644877329185198e-01,1.140706789891118271e-09,-1.127477126224120330e+00,3.805063763055325232e-01,2.371061985842327485e-15,5.727861484184807589e-03,-3.088041001155411580e-02,1.978514374549131312e-11,3.660827149577753487e-02,-4.619594889016964691e-11,6.701885540557603392e-14,-8.397943098988338087e-03,5.475278243761910746e-02,-3.191631812784164772e-11,-6.315072553779034481e-02,7.805724372335780500e-11
2.686603587313070918e+00,-3.805063769847999433e-01,-1.023624434499882663e-02,-4.536132213444766248e-01,1.140738017559022688e-09,-1.127419351055790608e+00,3.805063763054595261e-01,2.470728050603705560e-15,5.714568806696744725e-03,-3.079382944574809988e-02,1.973465128774897295e-11,3.650839825248155396e-02,-4.607248310460692847e-11,5.913252623112456613e-14,-8.424449085858555161e-03,5.481824962537600737e-02,-3.198382435587594999e-11,-6.324269871246541996e-02,7.819342825819751836e-11
2.688183942364431811e+00,-3.805063769847999433e-01,-1.022722382847286553e-02,-4.536618180462435035e-01,1.140769165346621644e-09,-1.127361733837497493e+00,3.805063763053868620e-01,2.558026306308125194e-15,5.701234247914418497e-03,-3.070714541132892050e-02,1.968405215385411069e-11,3.640837965927806730e-02,-4.594880219619146691e-11,5.136682950205509566e-14,-8.450945457503288363e-03,5.488372596437961909e-02,-3.205132084919687879e-11,-6.333467142316079324e-02,7.832949000302178659e-11
2.689764297415792260e+00,-3.805063769847999433e-01,-1.021822441836781926e-02,-4.537102776746906319e-01,1.140800233085340900e-09,-1.127304274798945238e+00,3.805063763053143644e-01,2.633146974148928295e-15,5.687857823163887036e-03,-3.062035789372119857e-02,1.963334635940825743e-11,3.630821571691775912e-02,-4.582490635874094676e-11,4.372123214668000895e-14,-8.477432048638024187e-03,5.494921159800022353e-02,-3.211880733288030757e-11,-6.342664364796220255e-02,7.846542925466097331e-11
2.691344652467152709e+00,-3.805063769847999433e-01,-1.020924618083450877e-02,-4.537586000662659491e-01,1.140831220606631447e-09,-1.127246974169836768e+00,3.805063763052420334e-01,2.696279430959113859e-15,5.674439548032576656e-03,-3.053346687812266008e-02,1.958253392044771167e-11,3.620790642618578609e-02,-4.570079578560212183e-11,3.619519866875284993e-14,-8.503908693731535018e-03,5.501470666981343044e-02,-3.218628353152454225e-11,-6.351861536491409943e-02,7.860124631189289671e-11
2.692925007518513159e+00,-3.805063769847998878e-01,-1.020028918199888078e-02,-4.538067850573942463e-01,1.140862127741969916e-09,-1.127189832179872786e+00,3.805063763051698689e-01,2.747612205391739341e-15,5.660979438369742427e-03,-3.044647234950404249e-02,1.953161485344444731e-11,3.610745178790213117e-02,-4.557647066964827549e-11,2.878819116235267381e-14,-8.530375227005986688e-03,5.508021132360010896e-02,-3.225374916925106434e-11,-6.361058655201948242e-02,7.873694147542932328e-11
2.694505362569874052e+00,-3.805063769847998878e-01,-1.019135348796167302e-02,-4.538548324844761117e-01,1.140892954322859826e-09,-1.127132849058753550e+00,3.805063763050979819e-01,2.787332974123060143e-15,5.647477510286788224e-03,-3.035937429260865753e-02,1.948058917530673398e-11,3.600685180292152732e-02,-4.545193120327576333e-11,2.149966932695041310e-14,-8.556831482436990516e-03,5.514572570334645013e-02,-3.232120396970522893e-11,-6.370255718724016081e-02,7.887251504790197029e-11
2.696085717621234501e+00,-3.805063769847999433e-01,-1.018243916479793544e-02,-4.539027421838879306e-01,1.140923700180831160e-09,-1.127076025036178208e+00,3.805063763050262060e-01,2.815628558080551360e-15,5.633933780157724704e-03,-3.027217269195218649e-02,1.942945690338004509e-11,3.590610647213365175e-02,-4.532717757840136359e-11,1.432909048244850454e-14,-8.583277293753742085e-03,5.521124995324392520e-02,-3.238864765605712413e-11,-6.379452724849681011e-02,7.900796733384888326e-11
2.697666072672595394e+00,-3.805063769847999433e-01,-1.017354627855659999e-02,-4.539505139919813304e-01,1.140954365147442235e-09,-1.127019360341843024e+00,3.805063763049547632e-01,2.832684918694190668e-15,5.620348264619483281e-03,-3.018486753182207313e-02,1.937821805544757795e-11,3.580521579646290392e-02,-4.520220998645875520e-11,7.275909584357992266e-15,-8.609712494439123592e-03,5.527678421768923711e-02,-3.245607995100232070e-11,-6.388649671366904148e-02,7.914329863970046426e-11
2.699246427723955843e+00,-3.805063769847999433e-01,-1.016467489526015795e-02,-4.539981477450830694e-01,1.140984949054278873e-09,-1.126962855205444924e+00,3.805063763048833758e-01,2.838687154171807776e-15,5.606720980572383640e-03,-3.009745879627764853e-02,1.932687264973129427e-11,3.570417977686890509e-02,-4.507702861839621715e-11,3.395792391161571126e-16,-8.636136917729736809e-03,5.534232864128441065e-02,-3.252350057676258298e-11,-6.397846556059544332e-02,7.927850927376537114e-11
2.700826782775316737e+00,-3.805063769847999433e-01,-1.015582508090415691e-02,-4.540456432794944819e-01,1.141015451732956879e-09,-1.126906509856677729e+00,3.805063763048122660e-01,2.833819495799011630e-15,5.593051945180476346e-03,-3.000994646914949618e-02,1.927542070489247593e-11,3.560299841434631796e-02,-4.495163366467322932e-11,-6.480450280616993130e-15,-8.662550396616088694e-03,5.540788336883679943e-02,-3.259090925508679937e-11,-6.407043376707391436e-02,7.941359954621679147e-11
2.702407137826677186e+00,-3.805063769847998878e-01,-1.014699690145679130e-02,-4.540930004314910895e-01,1.141045873015121837e-09,-1.126850324525233704e+00,3.805063763047413228e-01,2.818265304263074933e-15,5.579341175871921008e-03,-2.992233053403903220e-02,1.922386224003242932e-11,3.550167170992470089e-02,-4.482602531525740931e-11,-1.318473102052015021e-14,-8.688952763842638233e-03,5.547344854535883607e-02,-3.265830570725159633e-11,-6.416240131086133058e-02,7.954856976907782469e-11
2.703987492878038079e+00,-3.805063769847998878e-01,-1.013819042285853990e-02,-4.541402190373224901e-01,1.141076212732449318e-09,-1.126794299440804004e+00,3.805063763046706016e-01,2.792207066001472529e-15,5.565588690339416493e-03,-2.983461097431852269e-02,1.917219727469341920e-11,3.540019966466904228e-02,-4.470020375962208260e-11,-1.977381732904140739e-14,-8.715343851907909195e-03,5.553902431606838608e-02,-3.272568965406230123e-11,-6.425436816967411424e-02,7.968342025620773029e-11
2.705567847929398528e+00,-3.805063769847998878e-01,-1.012940571102167488e-02,-4.541872989332116362e-01,1.141106470716646736e-09,-1.126738434833077784e+00,3.805063763045999914e-01,2.755826389574885534e-15,5.551794506540565222e-03,-2.974678777313050776e-02,1.912042582885927613e-11,3.529858227967946210e-02,-4.457416918674299325e-11,-2.624826584184193184e-14,-8.741723493064601155e-03,5.560461082638845642e-02,-3.279306081585363384e-11,-6.434633432118795626e-02,7.981815132328728406e-11
2.707148202980758978e+00,-3.805063769847998878e-01,-1.012064283182990618e-02,-4.542342399553547239e-01,1.141136646799453561e-09,-1.126682730931743093e+00,3.805063763045296588e-01,2.709304002065124782e-15,5.537958642698241792e-03,-2.965886091338748240e-02,1.906854792295611060e-11,3.519681955609133689e-02,-4.444792178509548625e-11,-3.260863546604794621e-14,-8.768091519319679700e-03,5.567020822194735513e-02,-3.286041891249053349e-11,-6.443829974303810770e-02,7.995276328780462560e-11
2.708728558032119427e+00,-3.805063769847998878e-01,-1.011190185113792703e-02,-4.542810419399208599e-01,1.141166740812640902e-09,-1.126627187966484644e+00,3.805063763044595482e-01,2.652819745497796899e-15,5.524081117301037937e-03,-2.957083037777176460e-02,1.901656357785322416e-11,3.509491149507559110e-02,-4.432146174265196140e-11,-3.885548736449149898e-14,-8.794447762434471835e-03,5.573581664857858026e-02,-3.292776366336896044e-11,-6.453026441281944914e-02,8.008725646904061460e-11
2.710308913083480320e+00,-3.805063769847998878e-01,-1.010318283477100280e-02,-4.543277047230515620e-01,1.141196752588013576e-09,-1.126571806166987377e+00,3.805063763043895486e-01,2.586552573290052996e-15,5.510161949103594727e-03,-2.948269614873496106e-02,1.896447281486368463e-11,3.499285809783846124e-02,-4.419478924687870678e-11,-4.498938493982301085e-14,-8.820792053924796094e-03,5.580143625232092397e-02,-3.299509478741678116e-11,-6.462222830808654617e-02,8.022163118805449739e-11
2.711889268134840769e+00,-3.805063769847998878e-01,-1.009448584852455991e-02,-4.543742281408600925e-01,1.141226681957411554e-09,-1.126516585762932232e+00,3.805063763043198821e-01,2.510680546723576971e-15,5.496201157127014562e-03,-2.939445820849775556e-02,1.891227565574512416e-11,3.489065936562173870e-02,-4.406790448473324264e-11,-5.101089381854463543e-14,-8.847124225061014577e-03,5.586706717941829908e-02,-3.306241200309442756e-11,-6.471419140635373268e-02,8.035588776766896596e-11
2.713469623186201662e+00,-3.805063769847998878e-01,-1.008581095816371044e-02,-4.544206120294321249e-01,1.141256528752708103e-09,-1.126461526983999262e+00,3.805063763042503266e-01,2.425380831442248980e-15,5.482198760659236746e-03,-2.930611653904940939e-02,1.885997212270041455e-11,3.478831529970262404e-02,-4.394080764266136176e-11,-5.692058183500027032e-14,-8.873444106868235912e-03,5.593270957631995416e-02,-3.312971502839595030e-11,-6.480615368509534679e-02,8.049002653245594079e-11
2.715049978237562112e+00,-3.805063769847998878e-01,-1.007715822942293303e-02,-4.544668562248240784e-01,1.141286292805812676e-09,-1.126406630059866965e+00,3.805063763041809377e-01,2.330829693976727210e-15,5.468154779255471158e-03,-2.921767112214789311e-02,1.880756223837864309e-11,3.468582590139430294e-02,-4.381349890659497090e-11,-6.271901901515822406e-14,-8.899751530126277094e-03,5.599836358968028616e-02,-3.319700358084958749e-11,-6.489811512174559205e-02,8.062404780872122925e-11
2.716630333288923005e+00,-3.805063769847998323e-01,-1.006852772800556281e-02,-4.545129605630635616e-01,1.141315973948670506e-09,-1.126351895220209842e+00,3.805063763041117708e-01,2.227202498292819336e-15,5.454069232738507911e-03,-2.912912193931894989e-02,1.875504602587549057e-11,3.458319117204530779e-02,-4.368597846194853017e-11,-6.840677756044987956e-14,-8.926046325369897672e-03,5.606402936635890288e-02,-3.326427737751876638e-11,-6.499007569369885662e-02,8.075795192449012749e-11
2.718210688340283454e+00,-3.805063769847998323e-01,-1.005991951958338376e-02,-4.545589248801488735e-01,1.141345572013263837e-09,-1.126297322694702396e+00,3.805063763040428815e-01,2.114673702366534822e-15,5.439942141199167504e-03,-2.904046897185621340e-02,1.870242350873422977e-11,3.448041111304010059e-02,-4.355824649361694621e-11,-7.398443183144001462e-14,-8.952328322888836176e-03,5.612970705342061606e-02,-3.333153613500290466e-11,-6.508203537830969942e-02,8.089173920949222099e-11
2.719791043391644347e+00,-3.805063769847998878e-01,-1.005133366979622800e-02,-4.546047490120485035e-01,1.141375086831612761e-09,-1.126242912713015576e+00,3.805063763039741587e-01,1.993416854785140846e-15,5.425773524996651241e-03,-2.895171220082063887e-02,1.864969471094631345e-11,3.437748572579881617e-02,-4.343030318597254139e-11,-7.945255833140290090e-14,-8.978597352727948899e-03,5.619539679813544131e-02,-3.339877956943823763e-11,-6.517399415289294728e-02,8.102540999514637899e-11
2.721371398443004797e+00,-3.805063769847999433e-01,-1.004277024425155596e-02,-4.546504327947007984e-01,1.141404518235775005e-09,-1.126188665504818776e+00,3.805063763039056579e-01,1.863604591373859358e-15,5.411563404758970575e-03,-2.886285160704045102e-02,1.859685965695227592e-11,3.427441501177772021e-02,-4.330214872286283722e-11,-8.481173568983856934e-14,-9.004853244687270608e-03,5.626109874797854959e-02,-3.346600739649862606e-11,-6.526595199472387532e-02,8.115896461454577476e-11
2.722951753494365690e+00,-3.805063769847998878e-01,-1.003422930852399496e-02,-4.546959760640137405e-01,1.141433866057848207e-09,-1.126134581299778059e+00,3.805063763038373237e-01,1.725408631848439957e-15,5.397311801383268028e-03,-2.877388717111043978e-02,1.854391837164220801e-11,3.417119897246873039e-02,-4.317378328760729732e-11,-9.006254464590332331e-14,-9.031095828322184549e-03,5.632681305063032273e-02,-3.353321933139647376e-11,-6.535790888103823471e-02,8.129240340244256981e-11
2.724532108545726139e+00,-3.805063769847998878e-01,-1.002571092815494024e-02,-4.547413786558642257e-01,1.141463130129968469e-09,-1.126080660327558824e+00,3.805063763037691005e-01,1.578999776494716349e-15,5.383018736036281233e-03,-2.868481887339202618e-02,1.849087088035675546e-11,3.406783760940002015e-02,-4.304520706299532410e-11,-9.520556803172360127e-14,-9.057324932943477958e-03,5.639253985397629787e-02,-3.360041508888351603e-11,-6.544986478903237759e-02,8.142572669523264990e-11
2.726112463597086588e+00,-3.805063769847998878e-01,-1.001721516865212644e-02,-4.547866404060982859e-01,1.141492310284313668e-09,-1.126026902817822029e+00,3.805063763037012103e-01,1.424547902873939424e-15,5.368684230154670799e-03,-2.859564669401270035e-02,1.843771720888767149e-11,3.396433092413572025e-02,-4.291642023128332486e-11,-1.002413907556456325e-13,-9.083540387617487777e-03,5.645827930610728546e-02,-3.366759438325176318e-11,-6.554181969586338197e-02,8.155893483094049013e-11
2.727692818648447037e+00,-3.805063769847998878e-01,-1.000874209548918183e-02,-4.548317611505300340e-01,1.141521406353101794e-09,-1.125973309000227074e+00,3.805063763036334867e-01,1.262221962554896505e-15,5.354308305445417554e-03,-2.850637061286563287e-02,1.838445738347854382e-11,3.386067891827599513e-02,-4.278742297419210097e-11,-1.051705997853868321e-13,-9.109742021166182188e-03,5.652403155531898760e-02,-3.373475692833423073e-11,-6.563377357864898232e-02,8.169202814920328346e-11
2.729273173699807931e+00,-3.805063769847998878e-01,-1.000029177410525529e-02,-4.548767407249416639e-01,1.141550418168592616e-09,-1.125919879104431809e+00,3.805063763035660407e-01,1.092189977873384145e-15,5.339890983886238021e-03,-2.841699060960966791e-02,1.833109143082566060e-11,3.375688159345741762e-02,-4.265821547290465071e-11,-1.099937841310787377e-13,-9.135929662167280307e-03,5.658979675011260174e-02,-3.380190243750595403e-11,-6.572572641446809694e-02,8.182500699125596099e-11
2.730853528751168380e+00,-3.805063769847998878e-01,-9.991864269904518481e-03,-4.549215789650832842e-01,1.141579345563089119e-09,-1.125866613360089641e+00,3.805063763034986501e-01,9.146190387170960549e-16,5.325432287725953041e-03,-2.832750666366879236e-02,1.827761937807863403e-11,3.365293895135278157e-02,-4.252879790806346151e-11,-1.147115348282669555e-13,-9.162103138954354534e-03,5.665557503919425864e-02,-3.386903062368472495e-11,-6.581767818036041162e-02,8.195787169991508776e-11
2.732433883802529273e+00,-3.805063769847998878e-01,-9.983459648255744306e-03,-4.549662757066720853e-01,1.141608188368937095e-09,-1.125813511996851979e+00,3.805063763034315372e-01,7.296752993377326474e-16,5.310932239484826047e-03,-2.823791875423151132e-02,1.822404125284097229e-11,3.354885099367085899e-02,-4.239917045976759548e-11,-1.193244449208050715e-13,-9.188262279616998818e-03,5.672136657147525823e-02,-3.393614119933211296e-11,-6.590962885332685151e-02,8.209062261956365041e-11
2.734014238853889722e+00,-3.805063769847998878e-01,-9.975077974491958210e-03,-4.550108307853921175e-01,1.141636946418526591e-09,-1.125760575244368233e+00,3.805063763033645907e-01,5.375239751930756589e-16,5.296390861955048782e-03,-2.814822686025125753e-02,1.817035708317117167e-11,3.344461772215728129e-02,-4.226933330757120300e-11,-1.238331094435866378e-13,-9.214406912000821723e-03,5.678717149607207665e-02,-3.400323387645416950e-11,-6.600157841032947004e-02,8.222326009613484957e-11
2.735594593905250616e+00,-3.805063769847998878e-01,-9.966719313909914307e-03,-4.550552440368942353e-01,1.141665619544292529e-09,-1.125707803332284263e+00,3.805063763032979773e-01,3.383293398115246995e-16,5.281808178201039677e-03,-2.805843096044540949e-02,1.811656689758310108e-11,3.334023913859383154e-02,-4.213928663048020115e-11,-1.282381254053184193e-13,-9.240536863707680612e-03,5.685298996230635227e-02,-3.407030836660249425e-11,-6.609352682829179593e-02,8.235578447709668076e-11
2.737174948956611065e+00,-3.805063769847998878e-01,-9.958383731769699862e-03,-4.550995152967952095e-01,1.141694207578714291e-09,-1.125655196490243037e+00,3.805063763032314750e-01,1.322547216877849092e-16,5.267184211559864521e-03,-2.796853103329521861e-02,1.806267072504684216e-11,3.323571524479886075e-02,-4.200903060695020569e-11,-1.325400917710996943e-13,-9.266651962095709405e-03,5.691882211970471922e-02,-3.413736438087496544e-11,-6.618547408409861110e-02,8.248819611143563628e-11
2.738755304007971958e+00,-3.805063769847998878e-01,-9.950071293294310282e-03,-4.551436444006779491e-01,1.141722710354318409e-09,-1.125602754947884865e+00,3.805063763031651392e-01,-8.053749879550735666e-17,5.252518985641610287e-03,-2.787852705704545186e-02,1.800866859498940336e-11,3.313104604262718383e-02,-4.187856541488410126e-11,-1.367396094449559909e-13,-9.292752034279500722e-03,5.698466811799906412e-02,-3.420440162991679313e-11,-6.627742015459636704e-02,8.262049534964101466e-11
2.740335659059332407e+00,-3.805063769847998878e-01,-9.941782063669237987e-03,-4.551876311840903910e-01,1.141751127703677736e-09,-1.125550478934847609e+00,3.805063763030991364e-01,-2.998858924171170252e-16,5.237812524329810149e-03,-2.778841900970427728e-02,1.795456053729552775e-11,3.302623153397053063e-02,-4.174789123162996695e-11,-1.408372812522531931e-13,-9.318836907130135377e-03,5.705052810712631789e-02,-3.427141982392121723e-11,-6.636936501659308763e-02,8.275268254368857093e-11
2.741916014110692856e+00,-3.805063769847998323e-01,-9.933516108041974546e-03,-4.552314754825457221e-01,1.141779459459413310e-09,-1.125498368680765138e+00,3.805063763030332447e-01,-5.256299841416369253e-16,5.223064851781743581e-03,-2.769820686904245557e-02,1.790034658230815505e-11,3.292127172075694219e-02,-4.161700823397804548e-11,-1.448337119220819117e-13,-9.344906407275381868e-03,5.711640223722850435e-02,-3.433841867263063832e-11,-6.646130864685861894e-02,8.288475804702454168e-11
2.743496369162053750e+00,-3.805063769847998878e-01,-9.925273491521635974e-03,-4.552751771315219909e-01,1.141807705454193730e-09,-1.125446424415268876e+00,3.805063763029675750e-01,-7.576102561125013980e-16,5.208275992428915147e-03,-2.760789061259352056e-02,1.784602676082941363e-11,3.281616660495144389e-02,-4.148591659815917927e-11,-1.487295080694806230e-13,-9.370960361099765767e-03,5.718229065865278876e-02,-3.440539788533736091e-11,-6.655325102212458765e-02,8.301672221454928238e-11
2.745076724213414199e+00,-3.805063769847998878e-01,-9.917054279178523848e-03,-4.553187359664611633e-01,1.141835865520737228e-09,-1.125394646367986251e+00,3.805063763029021273e-01,-9.956681506183269301e-16,5.193445970977365878e-03,-2.751747021765315118e-02,1.779160110412114717e-11,3.271091618855576089e-02,-4.135461649984206398e-11,-1.525252781775960782e-13,-9.396998594744679009e-03,5.724819352195138766e-02,-3.447235717088456272e-11,-6.664519211908465079e-02,8.314857540260096935e-11
2.746657079264774648e+00,-3.805063769847998323e-01,-9.908858536043667342e-03,-4.553621518227694565e-01,1.141863939491811457e-09,-1.125343034768543360e+00,3.805063763028368462e-01,-1.239646073031935274e-15,5.178574812408117366e-03,-2.742694566127901537e-02,1.773706964390573863e-11,3.260552047360858879e-02,-4.122310811413124515e-11,-1.562216325797772717e-13,-9.423020934108518668e-03,5.731411097788161740e-02,-3.453929623766719298e-11,-6.673713191439449577e-02,8.328031796893912078e-11
2.748237434316135541e+00,-3.805063769847998878e-01,-9.900686327108365256e-03,-4.554054245358167274e-01,1.141891927200234738e-09,-1.125291589846560969e+00,3.805063763027717871e-01,-1.489387394720341911e-15,5.163662541977484012e-03,-2.733631692029016985e-02,1.768243241236665630e-11,3.249997946218530220e-02,-4.109139161556448160e-11,-1.598191834415562170e-13,-9.449027204846815325e-03,5.738004317740583865e-02,-3.460621479363297410e-11,-6.682907038467204852e-02,8.341195027272820820e-11
2.749817789367495990e+00,-3.805063769847998878e-01,-9.892537717323846014e-03,-4.554485539409355299e-01,1.141919828478876261e-09,-1.125240311831657847e+00,3.805063763027070056e-01,-1.744736455923785381e-15,5.148709185217537933e-03,-2.724558397126720238e-02,1.762768944214939407e-11,3.239429315639855145e-02,-4.095946717811120091e-11,-1.633185447425051558e-13,-9.475017232372286852e-03,5.744599027169151190e-02,-3.467311254628318360e-11,-6.692100750649747354e-02,8.354347267452093195e-11
2.751398144418856884e+00,-3.805063769847998878e-01,-9.884412771600743775e-03,-4.554915398734215581e-01,1.141947643160658158e-09,-1.125189200953448765e+00,3.805063763026423351e-01,-2.005538568610326957e-15,5.133714767936443761e-03,-2.715474679055154827e-02,1.757284076636202076e-11,3.228846155839793647e-02,-4.082733497516981105e-11,-1.667203322580730671e-13,-9.500990841855036159e-03,5.751195241211122522e-02,-3.473998920267373978e-11,-6.701294325641345140e-02,8.367488553624172920e-11
2.752978499470217333e+00,-3.805063769847998878e-01,-9.876311554808673426e-03,-4.555343821685329808e-01,1.141975371078553845e-09,-1.125138257441545608e+00,3.805063763025779422e-01,-2.271640019299405891e-15,5.118679316218826408e-03,-2.706380535424511222e-02,1.751788641857581986e-11,3.218248467037001376e-02,-4.069499517956549678e-11,-1.700251635412901021e-13,-9.526947858222610185e-03,5.757792975024243060e-02,-3.480684446941597723e-11,-6.710487761092505388e-02,8.380618922116975221e-11
2.754558854521578226e+00,-3.805063769847999433e-01,-9.868234131775829865e-03,-4.555770806614897750e-01,1.142003012065590917e-09,-1.125087481525555821e+00,3.805063763025137158e-01,-2.542888071855326047e-15,5.103602856426208215e-03,-2.697275963821027175e-02,1.746282643282619748e-11,3.207636249453866412e-02,-4.056244796354850709e-11,-1.732336579043686974e-13,-9.552888106160157752e-03,5.764392243786782555e-02,-3.487367805267777123e-11,-6.719681054650007701e-02,8.393738409392235051e-11
2.756139209572938675e+00,-3.805063769847998878e-01,-9.860180567288516149e-03,-4.556196351874738371e-01,1.142030565954851772e-09,-1.125036873435084850e+00,3.805063763024497114e-01,-2.819130970253648699e-15,5.088485415197361098e-03,-2.688160961806936727e-02,1.740766084361324463e-11,3.197009503316498857e-02,-4.042969349879178999e-11,-1.763464364002431698e-13,-9.578811410110521507e-03,5.770993062697506171e-02,-3.494048965818432621e-11,-6.728874203956901334e-02,8.406847052043789398e-11
2.757719564624299569e+00,-3.805063769847999433e-01,-9.852150926090701144e-03,-4.556620455816282056e-01,1.142058032579472160e-09,-1.124986433399732588e+00,3.805063763023859846e-01,-3.100217941318279749e-15,5.073327019448656099e-03,-2.679035526920415383e-02,1.735238968590235109e-11,3.186368228854714185e-02,-4.029673195638867898e-11,-1.793641218040135616e-13,-9.604717594274392312e-03,5.777595446975682808e-02,-3.500727899121922907e-11,-6.738067206652524621e-02,8.419944886795893200e-11
2.759299919675660018e+00,-3.805063769847998878e-01,-9.844145272883632683e-03,-4.557043116790568393e-01,1.142085411772645114e-09,-1.124936161649097155e+00,3.805063763023223133e-01,-3.385999197425931033e-15,5.058127696374524820e-03,-2.669899656675599198e-02,1.729701299512516832e-11,3.175712426302089442e-02,-4.016356350685147135e-11,-1.822873385942583215e-13,-9.630606482610366489e-03,5.784199411861082329e-02,-3.507404575662532164e-11,-6.747260060372513302e-02,8.433031950501495189e-11
2.760880274727020467e+00,-3.805063769847999433e-01,-9.836163672325339696e-03,-4.557464333148241731e-01,1.142112703367618466e-09,-1.124886058412771561e+00,3.805063763022590306e-01,-3.676325939185668615e-15,5.042887473447778615e-03,-2.660753348562511569e-02,1.724153080718007150e-11,3.165042095895930635e-02,-4.003018832010892722e-11,-1.851167129343157077e-13,-9.656477898835147053e-03,5.790804972613983193e-02,-3.514078965880573460e-11,-6.756452762748810237e-02,8.446108280140546046e-11
2.762460629778380916e+00,-3.805063769847999433e-01,-9.828206189030228024e-03,-4.557884103239548956e-01,1.142139907197698572e-09,-1.124836123920345932e+00,3.805063763021958034e-01,-3.971050358085596736e-15,5.027606378420003234e-03,-2.651596600047039995e-02,1.718594315843291568e-11,3.154357237877283143e-02,-3.989660656550429213e-11,-1.878528726534308959e-13,-9.682331666423595745e-03,5.797412144515155796e-02,-3.520751040172475349e-11,-6.765645311409673734e-02,8.459173912818230305e-11
2.764040984829741809e+00,-3.805063769847999433e-01,-9.820272887568620712e-03,-4.558302425414332837e-01,1.142167023096248452e-09,-1.124786358401406394e+00,3.805063763021328538e-01,-4.270025639110631592e-15,5.012284439321963020e-03,-2.642429408570913518e-02,1.713025008571778534e-11,3.143657852490954613e-02,-3.976281841179359734e-11,-1.904964472278257162e-13,-9.708167608608906513e-03,5.804020942865879135e-02,-3.527420768890893019e-11,-6.774837703979708081e-02,8.472228885763282265e-11
2.765621339881102259e+00,-3.805063769847999433e-01,-9.812363832466293109e-03,-4.558719298022033128e-01,1.142194050896690472e-09,-1.124736762085534192e+00,3.805063763020701817e-01,-4.573105963331782246e-15,4.996921684463961726e-03,-2.633251771551660403e-02,1.707445162633763743e-11,3.132943939985501081e-02,-3.962882402714347565e-11,-1.930480677616922289e-13,-9.733985548382704384e-03,5.810631382987929000e-02,-3.534088122344796185e-11,-6.784029938079845501e-02,8.485273236326208843e-11
2.767201694932463152e+00,-3.805063769847999433e-01,-9.804479088204098164e-03,-4.559134719411675474e-01,1.142220990432505938e-09,-1.124687335202307903e+00,3.805063763020075651e-01,-4.880146510461035622e-15,4.981518142436214616e-03,-2.624063686382571703e-02,1.701854781806492822e-11,3.122215500613235648e-02,-3.949462357912926142e-11,-1.955083669680411767e-13,-9.759785308495177308e-03,5.817243480223578678e-02,-3.540753070799564724e-11,-6.793222011327379461e-02,8.498307001977548617e-11
2.768782049983823601e+00,-3.805063769847999433e-01,-9.796618719217477234e-03,-4.559548687931874733e-01,1.142247841537236539e-09,-1.124638077981301443e+00,3.805063763019453371e-01,-5.191003461380448514e-15,4.966073842109283883e-03,-2.614865150432696406e-02,1.696253869914251804e-11,3.111472534630265602e-02,-3.936021723473349131e-11,-1.978779791495197898e-13,-9.785566711455175037e-03,5.823857249935599639e-02,-3.547415584477092727e-11,-6.802413921335971614e-02,8.511330220306119238e-11
2.770362405035184494e+00,-3.805063769847999433e-01,-9.788782789896000383e-03,-4.559961201930827213e-01,1.142274604044484348e-09,-1.124588990652085174e+00,3.805063763018832756e-01,-5.505534000639921813e-15,4.950588812634365739e-03,-2.605656161046757818e-02,1.690642430828400081e-11,3.100715042296432050e-02,-3.922560516034324181e-11,-2.001575401791131187e-13,-9.811329579530391268e-03,5.830472707507263624e-02,-3.554075633555886723e-11,-6.811605665715657343e-02,8.524342929017233824e-11
2.771942760086544943e+00,-3.805063769847999433e-01,-9.780971364582965663e-03,-4.560372259756305668e-01,1.142301277787913477e-09,-1.124540073444224353e+00,3.805063763018213252e-01,-5.823596318921449726e-15,4.935063083443783950e-03,-2.596436715545184792e-02,1.685020468467481239e-11,3.089943023875395614e-02,-3.909078752174931496e-11,-2.023476874807347990e-13,-9.837073734747422624e-03,5.837089868342341947e-02,-3.560733188171161967e-11,-6.820797242072869360e-02,8.537345165930948364e-11
2.773523115137905837e+00,-3.805063769847999433e-01,-9.773184507574941143e-03,-4.560781859755662082e-01,1.142327862601250076e-09,-1.124491326587281126e+00,3.805063763017597078e-01,-6.145049615475977374e-15,4.919496684251265656e-03,-2.587206811224018396e-02,1.679387986797253429e-11,3.079156479634573979e-02,-3.895576448414353066e-11,-2.044490600097477407e-13,-9.862798998891936925e-03,5.843708747865091618e-02,-3.567388218414946485e-11,-6.829988648010440477e-02,8.550336968980247100e-11
2.775103470189266286e+00,-3.805063769847999988e-01,-9.765422283121301741e-03,-4.561190000275813783e-01,1.142354358318283161e-09,-1.124442750310812533e+00,3.805063763016982015e-01,-6.469754100528315842e-15,4.903889645052408007e-03,-2.577966445354928568e-02,1.673744989830784361e-11,3.068355409845193241e-02,-3.882053621211763448e-11,-2.064622982333921234e-13,-9.888505193508792881e-03,5.850329361520274774e-02,-3.574040694336170901e-11,-6.839179881127607774e-02,8.563318376209275713e-11
2.776683825240627179e+00,-3.805063769847999988e-01,-9.757684755423795542e-03,-4.561596679663248999e-01,1.142380764772865856e-09,-1.124394344844371618e+00,3.805063763016369727e-01,-6.797570997650585611e-15,4.888241996125004298e-03,-2.568715615185153400e-02,1.668091481628506560e-11,3.057539814782271603e-02,-3.868510286966115869e-11,-2.083880441111077464e-13,-9.914192139902163262e-03,5.856951724773148266e-02,-3.580690585940787990e-11,-6.848370939020052839e-02,8.576289425771530576e-11
2.778264180291987628e+00,-3.805063769847999988e-01,-9.749971988636103176e-03,-4.562001896264017975e-01,1.142407081798915801e-09,-1.124346110417506983e+00,3.805063763015759104e-01,-7.128362546104589137e-15,4.872553768029433408e-03,-2.559454317937468956e-02,1.662427466298284575e-11,3.046709694724624579e-02,-3.854946462015977431e-11,-2.102269410747667907e-13,-9.939859659135644177e-03,5.863575853109452563e-02,-3.587337863191852812e-11,-6.857561819279872628e-02,8.589250155928031204e-11
2.779844535343348078e+00,-3.805063769847999988e-01,-9.742284046873462069e-03,-4.562405648423826787e-01,1.142433309230400065e-09,-1.124298047259763900e+00,3.805063763015151257e-01,-7.457831424762611715e-15,4.856824962474609597e-03,-2.550182553690404086e-02,1.656752943563656551e-11,3.035865049921681116e-02,-3.841362981008545258e-11,-2.039684421999623339e-13,-9.965563670398790500e-03,5.870196216142350987e-02,-3.593991029497474596e-11,-6.866752583420214495e-02,8.600624835567419692e-11
2.781424890394708527e+00,-3.805063769847999988e-01,-9.734620994323173529e-03,-4.562807934489139239e-01,1.142459446901168667e-09,-1.124250155600682755e+00,3.805063763014545075e-01,-7.771985523981278749e-15,4.841055513557914435e-03,-2.540900329210069725e-02,1.651067902867801974e-11,3.025005880549324483e-02,-3.827762585657235747e-11,-1.936350031273238597e-13,-9.991275831556817311e-03,5.876815613569136287e-02,-3.600645770720855019e-11,-6.875943196934511392e-02,8.611204577014401318e-11
2.783005245446069420e+00,-3.805063769848000543e-01,-9.726982895200436685e-03,-4.563208752806728885e-01,1.142485494645019930e-09,-1.124202435669801270e+00,3.805063763013941669e-01,-8.069948067433810691e-15,4.825245447493383202e-03,-2.531607642159388466e-02,1.645372347670834796e-11,3.014132186891880366e-02,-3.814145438081926783e-11,-1.834772182570006848e-13,-1.001696620270317237e-02,5.883437003039845847e-02,-3.607297529671679065e-11,-6.885133623492113719e-02,8.621825366401751149e-11
2.784585600497429869e+00,-3.805063769848000543e-01,-9.719369813667472213e-03,-4.563608101722890220e-01,1.142511452295824967e-09,-1.124154887696652505e+00,3.805063763013339928e-01,-8.351995757260875360e-15,4.809394798849255664e-03,-2.522304489378905668e-02,1.639666282708175323e-11,3.003243969246718534e-02,-3.800511473658440246e-11,-1.734939559509426417e-13,-1.004263461641029254e-02,5.890060398889428867e-02,-3.613946278039329672e-11,-6.894323860685211414e-02,8.632486892133954896e-11
2.786165955548790762e+00,-3.805063769848000543e-01,-9.711781813831680057e-03,-4.564005979583414807e-01,1.142537319687529959e-09,-1.124107511910764412e+00,3.805063763012740408e-01,-8.618403505247093265e-15,4.793503602458512938e-03,-2.512990867686487953e-02,1.633949712760006611e-11,2.992341227915003288e-02,-3.786860628255531101e-11,-1.636840820897092116e-13,-1.006828090503771207e-02,5.896685815470668196e-02,-3.620591987474931379e-11,-6.903513906102541620e-02,8.643188841955887649e-11
2.787746310600151212e+00,-3.805063769848000543e-01,-9.704218959745207485e-03,-4.564402384733589058e-01,1.142563096654156360e-09,-1.124060308541660946e+00,3.805063763012142553e-01,-8.869444428930000117e-15,4.777571893419245257e-03,-2.503666773877311763e-02,1.628222642651347813e-11,2.981423963201718444e-02,-3.773192838235958204e-11,-1.540464601114123187e-13,-1.009390490073171914e-02,5.903313267154190747e-02,-3.627234629591360672e-11,-6.912703757329352605e-02,8.653930902962562971e-11
2.789326665651512105e+00,-3.805063769848000543e-01,-9.696681315404508464e-03,-4.564797315518193122e-01,1.142588783029803170e-09,-1.124013277818860068e+00,3.805063763011547473e-01,-9.105389847772361189e-15,4.761599707094972891e-03,-2.494332204723822416e-02,1.622485077252106847e-11,2.970492175415660741e-02,-3.759508040457472401e-11,-1.445799510507807722e-13,-1.011950643542514593e-02,5.909942768328541041e-02,-3.633874175963324173e-11,-6.921893411947471764e-02,8.664712761609012543e-11
2.790907020702872554e+00,-3.805063769848001098e-01,-9.689168944749948151e-03,-4.565190770281494226e-01,1.142614378648646528e-09,-1.123966419971875519e+00,3.805063763010954614e-01,-9.326509279393849038e-15,4.745587079115009578e-03,-2.484987156975723699e-02,1.616737021477149221e-11,2.959545864869465165e-02,-3.745806172273856961e-11,-1.352834135784867624e-13,-1.014508534083702514e-02,5.916574333400204805e-02,-3.640510598127370921e-11,-6.931082867535280634e-02,8.675534103720142533e-11
2.792487375754233447e+00,-3.805063769848001098e-01,-9.681681911665364001e-03,-4.565582747367242789e-01,1.142639883344939911e-09,-1.123919735230216599e+00,3.805063763010363420e-01,-9.533070435866794083e-15,4.729534045374747010e-03,-2.475631627359917500e-02,1.610978480286342947e-11,2.948585031879570953e-02,-3.732087171535865912e-11,-1.261557040405867604e-13,-1.017064144847234369e-02,5.923207976793645746e-02,-3.647143867581949242e-11,-6.940272121667738492e-02,8.686394614500679154e-11
2.794067730805593897e+00,-3.805063769848001098e-01,-9.674220279977663317e-03,-4.565973245118672974e-01,1.142665296953016413e-09,-1.123873223823386169e+00,3.805063763009775002e-01,-9.725339220073352744e-15,4.713440642036064235e-03,-2.466265612580515257e-02,1.605209458684638670e-11,2.937609676766276753e-02,-3.718350976592252847e-11,-1.171956764981933199e-13,-1.019617458962172006e-02,5.929843712951359674e-02,-3.653773955787440997e-11,-6.949461171916401780e-02,8.697293978545137479e-11
2.795648085856954346e+00,-3.805063769848001654e-01,-9.666784113456410379e-03,-4.566362261878493256e-01,1.142690619307287917e-09,-1.123826885980882873e+00,3.805063763009188249e-01,-9.903579722125571453e-15,4.697306905527603473e-03,-2.456889109318778977e-02,1.599429961722113294e-11,2.926619799853708709e-02,-3.704597526290679527e-11,-1.084021827673118466e-13,-1.022168459536112149e-02,5.936481556333905035e-02,-3.660400834166207467e-11,-6.958650015849419945e-02,8.708231879847839377e-11
2.797228440908314795e+00,-3.805063769848001654e-01,-9.659373475813365015e-03,-4.566749795988888083e-01,1.142715850242246750e-09,-1.123780721932200688e+00,3.805063763008604272e-01,-1.006805421585007258e-14,4.681132872545158696e-03,-2.447502114233110482e-02,1.593639994494042034e-11,2.915615401469846477e-02,-3.690826759978694933e-11,-9.977407245881412367e-14,-1.024717129655159688e-02,5.943121521419949399e-02,-3.667024474102629415e-11,-6.967838651031564579e-02,8.719208001812987021e-11
2.798808795959675688e+00,-3.805063769848002209e-01,-9.651988430702099220e-03,-4.567135845791510662e-01,1.142740989592466094e-09,-1.123734731906827378e+00,3.805063763008021960e-01,-1.021902315533364198e-14,4.664918580051978340e-03,-2.438104623959012895e-02,1.587839562140949146e-11,2.904596481946516984e-02,-3.677038617504627709e-11,-9.131019301867419405e-14,-1.027263452383894889e-02,5.949763622706314564e-02,-3.673644846943150389e-11,-6.977027075024228031e-02,8.730222027264759661e-11
2.800389151011036137e+00,-3.805063769848002209e-01,-9.644629041717525317e-03,-4.567520409627482403e-01,1.142766037192600817e-09,-1.123688916134246041e+00,3.805063763007441868e-01,-1.035674517153542960e-14,4.648664065279120051e-03,-2.428696635109054910e-02,1.582028669848669321e-11,2.893563041619395121e-02,-3.663233039218504466e-11,-8.300938976827569415e-14,-1.029807410765348590e-02,5.956407874708000150e-02,-3.680261923996318727e-11,-6.986215285385442841e-02,8.741273638457481482e-11
2.801969506062397031e+00,-3.805063769848002209e-01,-9.637295372395555948e-03,-4.567903485837385702e-01,1.142790992877387885e-09,-1.123643274843934003e+00,3.805063763006863997e-01,-1.048147706895910021e-14,4.632369365725810643e-03,-2.419278144272874256e-02,1.576207322848418768e-11,2.882515080828039478e-02,-3.649409965972967436e-11,-7.487050594506795267e-14,-1.032348987820968199e-02,5.963054291958262004e-02,-3.686875676532832788e-11,-6.995403279669905328e-02,8.752362517085835996e-11
2.803549861113757480e+00,-3.805063769848002209e-01,-9.629987486212587128e-03,-4.568285072761262278e-01,1.142815856481647807e-09,-1.123597808265363707e+00,3.805063763006288347e-01,-1.059347382239375409e-14,4.616034519159741001e-03,-2.409849148017101719e-02,1.570375526416833991e-11,2.871452599915849668e-02,-3.635569339124104235e-11,-6.689238274320208386e-14,-1.034888166550589073e-02,5.969702889008603880e-02,-3.693486075785576500e-11,-7.004591055428954771e-02,8.763488344295073961e-11
2.805130216165118373e+00,-3.805063769848002209e-01,-9.622705446585146094e-03,-4.568665168738610394e-01,1.142840627840284018e-09,-1.123552516628001596e+00,3.805063763005714916e-01,-1.069298857371550459e-14,4.599659563617461595e-03,-2.400409642885376407e-02,1.564533285876054180e-11,2.860375599230118374e-02,-3.621711100532353886e-11,-5.907385935453410935e-14,-1.037424929932406932e-02,5.976353680428870413e-02,-3.700093092949669767e-11,-7.013778610210620601e-02,8.774650800691362195e-11
2.806710571216478822e+00,-3.805063769848002764e-01,-9.615449316869414259e-03,-4.569043772108380974e-01,1.142865306788285154e-09,-1.123507400161309233e+00,3.805063763005143151e-01,-1.078027262875691837e-14,4.583244537404689532e-03,-2.390959625398289545e-02,1.558680606593766453e-11,2.849284079122008442e-02,-3.607835192563323659e-11,-5.141377300965603721e-14,-1.039959260922945945e-02,5.983006680807251981e-02,-3.706696699182509176e-11,-7.022965941559619618e-02,8.785849566352078088e-11
2.808290926267839716e+00,-3.805063769848003319e-01,-9.608219160360833427e-03,-4.569420881208971497e-01,1.142889893160724842e-09,-1.123462459094741961e+00,3.805063763004574717e-01,-1.085557545423916063e-14,4.566789479096646821e-03,-2.381499092053357414e-02,1.552817493983263689e-11,2.838178039946556361e-02,-3.593941558088610437e-11,-4.391095901922829217e-14,-1.042491142457029063e-02,5.989661904750348542e-02,-3.713296865603809362e-11,-7.032153047017368486e-02,8.797084320836216574e-11
2.809871281319200165e+00,-3.805063769848003319e-01,-9.601015040293685993e-03,-4.569796494378223217e-01,1.142914386792761909e-09,-1.123417693657749794e+00,3.805063763004007948e-01,-1.091914467477085259e-14,4.550294427538447220e-03,-2.372028039325014062e-02,1.546943953503521433e-11,2.827057482062708335e-02,-3.580030140486651159e-11,-3.656425081544273708e-14,-1.045020557447746620e-02,5.996319366883202245e-02,-3.719893563295645656e-11,-7.041339924121996219e-02,8.808354743194821653e-11
2.811451636370561058e+00,-3.805063769848003319e-01,-9.593837019840614419e-03,-4.570170609953421725e-01,1.142938787519642863e-09,-1.123373104079776974e+00,3.805063763003443400e-01,-1.097122606991276906e-14,4.533759421845392004e-03,-2.362546463664553370e-02,1.541059990659237314e-11,2.815922405833286984e-02,-3.566100883643471160e-11,-2.937247999363109083e-14,-1.047547488786431009e-02,6.002979081849350168e-02,-3.726486763302512250e-11,-7.050526570408370552e-02,8.819660511981461857e-11
2.813031991421921507e+00,-3.805063769848002764e-01,-9.586685162112250011e-03,-4.570543226271288062e-01,1.142963095176701480e-09,-1.123328690590262191e+00,3.805063763002880517e-01,-1.101206357130724927e-14,4.517184501403317780e-03,-2.353054361500107189e-02,1.535165611000895348e-11,2.804772811625007647e-02,-3.552153731953474518e-11,-2.233447635415072562e-14,-1.050071919342619037e-02,6.009641064310845132e-02,-3.733076436631338992e-11,-7.059712983408075737e-02,8.831001305262748368e-11
2.814612346473281956e+00,-3.805063769848002764e-01,-9.579559530156768823e-03,-4.570914341667977054e-01,1.142987309599358803e-09,-1.123284453418638362e+00,3.805063763002319854e-01,-1.104189925987510592e-14,4.500569705868980724e-03,-2.343551729236635628e-02,1.529260820124836052e-11,2.793608699808503362e-02,-3.538188630320227938e-11,-1.544906794437754731e-14,-1.052593831964027636e-02,6.016305328948339665e-02,-3.739662554251565065e-11,-7.068899160649476376e-02,8.842376800628921639e-11
2.816192701524642406e+00,-3.805063769848003874e-01,-9.572460186959471859e-03,-4.571283954479072875e-01,1.143011430623125212e-09,-1.123240392794331521e+00,3.805063763001761967e-01,-1.106097336307846395e-14,4.483915075170379246e-03,-2.334038563255883686e-02,1.523345623673309437e-11,2.782430070758320356e-02,-3.524205524157195516e-11,-8.715081100921732105e-15,-1.055113209476517613e-02,6.022971890461087385e-02,-3.746245087095157076e-11,-7.078085099657684121e-02,8.853786675204449644e-11
2.817773056576003299e+00,-3.805063769848003874e-01,-9.565387195442335774e-03,-4.571652063039586822e-01,1.143035458083600421e-09,-1.123196508946763261e+00,3.805063763001206301e-01,-1.106952425225059579e-14,4.467220649507069700e-03,-2.324514859916338577e-02,1.517420027334524120e-11,2.771236924852900005e-02,-3.510204359388439261e-11,-2.131340492002854284e-15,-1.057630034684067279e-02,6.029640763567011008e-02,-3.752824006056673682e-11,-7.087270797954595136e-02,8.865230605658707556e-11
2.819353411627363748e+00,-3.805063769848003874e-01,-9.558340618463567057e-03,-4.572018665683953986e-01,1.143059391816474927e-09,-1.123152802105348069e+00,3.805063763000652854e-01,-1.106778843999324046e-14,4.450486469350566250e-03,-2.314980615553224527e-02,1.511484036842722937e-11,2.760029262474616996e-02,-3.496185082449365498e-11,4.303330840007703525e-15,-1.060144290368739833e-02,6.036311963002739117e-02,-3.759399281993298546e-11,-7.096456253058899821e-02,8.876708268216666473e-11
2.820933766678724641e+00,-3.805063769848003874e-01,-9.551320518817249874e-03,-4.572383760746025483e-01,1.143083231657529598e-09,-1.123109272499494660e+00,3.805063763000101629e-01,-1.105600057764031793e-14,4.433712575444641833e-03,-2.305435826478453160e-02,1.505537657978228176e-11,2.748807084009759552e-02,-3.482147640287395009e-11,1.059011143576115469e-14,-1.062655959290651798e-02,6.042985503523652657e-02,-3.765970885724893977e-11,-7.105641462486088356e-02,8.888219338669675197e-11
2.822514121730085090e+00,-3.805063769848004429e-01,-9.544326959232810048e-03,-4.572747346559071224e-01,1.143106977442637324e-09,-1.123065920358605974e+00,3.805063762999552068e-01,-1.103439345279069247e-14,4.416899008805709806e-03,-2.295880488980611006e-02,1.499580896567512986e-11,2.737570389848554761e-02,-3.468091980362658387e-11,1.673018137607230314e-14,-1.065165024187942309e-02,6.049661399903923792e-02,-3.772538788034033887e-11,-7.114826423748471518e-02,8.899763492386236849e-11
2.824094476781445984e+00,-3.805063769848004984e-01,-9.537360002374669840e-03,-4.573109421455769930e-01,1.143130629007763019e-09,-1.123022745912078069e+00,3.805063762999005283e-01,-1.100319798690779518e-14,4.400045810723136192e-03,-2.286314599324909547e-02,1.493613758483244999e-11,2.726319180385150878e-02,-3.454018050648632570e-11,2.272472223873878989e-14,-1.067671467776742066e-02,6.056339666936570026e-02,-3.779102959666063890e-11,-7.124011134355193176e-02,8.911340404322885000e-11
2.825674831832806433e+00,-3.805063769848004984e-01,-9.530419710841781314e-03,-4.573469983768209679e-01,1.143154186188965484e-09,-1.122979749389301452e+00,3.805063762998460719e-01,-1.096264323298832067e-14,4.383153022759631728e-03,-2.276738153753182434e-02,1.487636249644364527e-11,2.715053456017650288e-02,-3.439925799632814227e-11,2.857491705524568030e-14,-1.070175272751139502e-02,6.063020319433488903e-02,-3.785663371329131028e-11,-7.133195591812231673e-02,8.922949749035045588e-11
2.827255186884167326e+00,-3.805063769848004984e-01,-9.523506147167175306e-03,-4.573829031827882918e-01,1.143177648822397196e-09,-1.122936931019659523e+00,3.805063762997917820e-01,-1.091295637329910505e-14,4.366220686751568457e-03,-2.267151148483832757e-02,1.481648376016127853e-11,2.703773217148093891e-02,-3.425815176317321394e-11,3.428195026729318868e-14,-1.072676421783154421e-02,6.069703372225519061e-02,-3.792219993694250983e-11,-7.142379793622447015e-02,8.934591200688022909e-11
2.828835541935527775e+00,-3.805063769848004984e-01,-9.516619373817602340e-03,-4.574186563965680907e-01,1.143201016744304724e-09,-1.122894291032530578e+00,3.805063762997377697e-01,-1.085436271718304499e-14,4.349248844809328399e-03,-2.257553579711810143e-02,1.475650143610170247e-11,2.692478464182467696e-02,-3.411686130219503527e-11,3.984700768306171849e-14,-1.075174897522696883e-02,6.076388840162456201e-02,-3.798772797395321644e-11,-7.151563737285536460e-02,8.946264433067932620e-11
2.830415896986888225e+00,-3.805063769848004984e-01,-9.509759453192961898e-03,-4.574542578511894275e-01,1.143224289791030593e-09,-1.122851829657284695e+00,3.805063762996839793e-01,-1.078708569893401059e-14,4.332237539317658308e-03,-2.247945443608574331e-02,1.469641558484561212e-11,2.681169197530706635e-02,-3.397538611372528276e-11,4.527127643343820109e-14,-1.077670682597549161e-02,6.083076738113129406e-02,-3.805321753029209060e-11,-7.160747420298109456e-02,8.957969119592792418e-11
2.831996252038248674e+00,-3.805063769848005539e-01,-9.502926447626019665e-03,-4.574897073796205249e-01,1.143247467799013069e-09,-1.122809547123286844e+00,3.805063762996303556e-01,-1.071134687574162290e-14,4.315186812936043503e-03,-2.238326736322086147e-02,1.463622626743875898e-11,2.669845417606719201e-02,-3.383372570325985074e-11,5.055594492786138937e-14,-1.080163759613319251e-02,6.089767080965430290e-02,-3.811866831155758422e-11,-7.169930840153664053e-02,8.969704933323572662e-11
2.833576607089609123e+00,-3.805063769848005539e-01,-9.496120419381904459e-03,-4.575250048147684878e-01,1.143270550604787617e-09,-1.122767443659894893e+00,3.805063762995770649e-01,-1.062736592570549222e-14,4.298096708599020987e-03,-2.228697453976757892e-02,1.457593354539239689e-11,2.658507124828370094e-02,-3.369187958146402125e-11,5.570220281012276379e-14,-1.082654111153415546e-02,6.096459883626360876e-02,-3.818408002297858042e-11,-7.179113994342604943e-02,8.981471546975327115e-11
2.835156962140970016e+00,-3.805063769848006094e-01,-9.489341430657645057e-03,-4.575601499894790813e-01,1.143293538044987305e-09,-1.122725519496460045e+00,3.805063762995238297e-01,-1.053536064591931952e-14,4.280967269516548941e-03,-2.219057592673421425e-02,1.451553748068389274e-11,2.647154319617486817e-02,-3.354984726417799575e-11,6.071124091397385827e-14,-1.085141719779018042e-02,6.103155161022083552e-02,-3.824945236941489116e-11,-7.188296880352269824e-02,8.993268632928388323e-11
2.836737317192330465e+00,-3.805063769848006094e-01,-9.482589543581774680e-03,-4.575951427365362867e-01,1.143316429956342810e-09,-1.122683774862327066e+00,3.805063762994709831e-01,-1.043554695062586754e-14,4.263798539174365812e-03,-2.209407148489314632e-02,1.445503813575738562e-11,2.635787002399880147e-02,-3.340762827242218786e-11,6.558425121847047885e-14,-1.087626568029038780e-02,6.109852928097962710e-02,-3.831478505535761907e-11,-7.197479495666930793e-02,9.005095863239566862e-11
2.838317672243691359e+00,-3.805063769848005539e-01,-9.475864820213911188e-03,-4.576299828886617460e-01,1.143339226175684693e-09,-1.122642209986833839e+00,3.805063762994183030e-01,-1.032813886944244814e-14,4.246590561334317310e-03,-2.199746117478033544e-02,1.439443557352424887e-11,2.624405173605329558e-02,-3.326522213240205066e-11,7.032242680316878690e-14,-1.090108638420091841e-02,6.116553199818611231e-02,-3.838007778492965510e-11,-7.206661837767813772e-02,9.016952909653444935e-11
2.839898027295051808e+00,-3.805063769848006094e-01,-9.469167322544248810e-03,-4.576646702785148180e-01,1.143361926539942979e-09,-1.122600825099311139e+00,3.805063762993658449e-01,-1.021334854565669560e-14,4.229343380034745851e-03,-2.190074495669515342e-02,1.433372985736380745e-11,2.613008833667607167e-02,-3.312262837551314972e-11,7.492696180318689736e-14,-1.092587913446463332e-02,6.123255991167940449e-02,-3.844533026188621490e-11,-7.215843904133106834e-02,9.028839443613664811e-11
2.841478382346412701e+00,-3.805063769848006650e-01,-9.462497112493204257e-03,-4.576992047386918006e-01,1.143384530886148201e-09,-1.122559620429083305e+00,3.805063762993136089e-01,-1.009138623459471479e-14,4.212057039590795006e-03,-2.180392279069992903e-02,1.427292105112375953e-11,2.601597983024457605e-02,-3.297984653834553156e-11,7.939905136397183422e-14,-1.095064375580074786e-02,6.129961317149203864e-02,-3.851054218961527173e-11,-7.225025692237987962e-02,9.040755136274329692e-11
2.843058737397773150e+00,-3.805063769848006650e-01,-9.455854251910941408e-03,-4.577335861017255425e-01,1.143407039051432216e-09,-1.122518596205467567e+00,3.805063762992615950e-01,-9.962460302060174663e-15,4.194731584594834500e-03,-2.170699463661993414e-02,1.421200921912099242e-11,2.590172622117646248e-02,-3.283687616268871909e-11,8.373989159595862035e-14,-1.097538007270450547e-02,6.136669192785046412e-02,-3.857571327113797661e-11,-7.234207199554618106e-02,9.052699658511389083e-11
2.844639092449134044e+00,-3.805063769848007205e-01,-9.449238802576901200e-03,-4.577678142000852213e-01,1.143429450873029043e-09,-1.122477752657773831e+00,3.805063762992098031e-01,-9.826777222844471904e-15,4.177367059916713490e-03,-2.160996045404257188e-02,1.415099442614180712e-11,2.578732751392896760e-02,-3.269371679553522714e-11,8.795067952904363793e-14,-1.100008790944688973e-02,6.143379633117548866e-02,-3.864084320910925924e-11,-7.243388423552174493e-02,9.064672680934109458e-11
2.846219447500494493e+00,-3.805063769848006650e-01,-9.442650826199426931e-03,-4.578018888661763430e-01,1.143451766188274646e-09,-1.122437090015305117e+00,3.805063762991582887e-01,-9.684541579310829713e-15,4.159963510704223731e-03,-2.151282020231764028e-02,1.408987673744289089e-11,2.567278371299968470e-02,-3.255036798908552552e-11,9.203261306680475819e-14,-1.102476709007421847e-02,6.150092653208275029e-02,-3.870593170581817701e-11,-7.252569361696849237e-02,9.076673873896569489e-11
2.847799802551855386e+00,-3.805063769848006650e-01,-9.436090384415283736e-03,-4.578358099323395769e-01,1.143473984834609632e-09,-1.122396608507357785e+00,3.805063762991069409e-01,-9.535956060049264723e-15,4.142520982383388409e-03,-2.141557384055670088e-02,1.402865621875165493e-11,2.555809482292617160e-02,-3.240682930075153514e-11,9.598689094059511456e-14,-1.104941743840788006e-02,6.156808268138330015e-02,-3.877097846318853534e-11,-7.261750011451879872e-02,9.088702907509241864e-11
2.849380157603215835e+00,-3.805063769848007205e-01,-9.429557538789212767e-03,-4.578695772308509770e-01,1.143496106649578415e-09,-1.122356308363220423e+00,3.805063762990558152e-01,-9.381221458604663967e-15,4.125039520658810820e-03,-2.131822132763267277e-02,1.396733293626678044e-11,2.544326084828595763e-02,-3.226310029316021466e-11,9.981471266342890688e-14,-1.107403877804394830e-02,6.163526493008382456e-02,-3.883598318277922380e-11,-7.270930370277539634e-02,9.100759451650550553e-11
2.850960512654576284e+00,-3.805063769848007760e-01,-9.423052350813523534e-03,-4.579031905939213165e-01,1.143518131470830051e-09,-1.122316189812174292e+00,3.805063762990050225e-01,-9.220536672278541448e-15,4.107519171514078561e-03,-2.122076262217981180e-02,1.390590695665897470e-11,2.532828179369689403e-02,-3.211918053415759940e-11,1.035172784836620765e-13,-1.109863093235288235e-02,6.170247342938742219e-02,-3.890094556578485580e-11,-7.280110435631181875e-02,9.112843175978570243e-11
2.852540867705936734e+00,-3.805063769848007205e-01,-9.416574881907628994e-03,-4.579366498536958097e-01,1.143540059136119680e-09,-1.122276253083493991e+00,3.805063762989543408e-01,-9.054098701003431444e-15,4.089959981212101803e-03,-2.112319768259333236e-02,1.384437834707146547e-11,2.521315766381706722e-02,-3.197506959681201316e-11,1.070957893385041273e-13,-1.112319372447914505e-02,6.176970833069392319e-02,-3.896586531303611115e-11,-7.289290204967227571e-02,9.124953749942686998e-11
2.854121222757297627e+00,-3.805063769848007760e-01,-9.410125193417604936e-03,-4.579699548422538902e-01,1.143561889483309149e-09,-1.122236498406445904e+00,3.805063762989038811e-01,-8.882102646290906208e-15,4.072361996295429006e-03,-2.102552646702880723e-02,1.378274717512044363e-11,2.509788846334461490e-02,-3.183076705941695044e-11,1.105514468073350286e-13,-1.114772697734091496e-02,6.183696978560031948e-02,-3.903074212500031763e-11,-7.298469675737194462e-02,9.137090842795355861e-11
2.855701577808658076e+00,-3.805063769848007760e-01,-9.403703346615768441e-03,-4.580031053916083783e-01,1.143583622350367010e-09,-1.122196926010289308e+00,3.805063762988537546e-01,-8.704741710254256188e-15,4.054725263586681470e-03,-2.092774893340231673e-02,1.372101350889590331e-11,2.498247419701822916e-02,-3.168627250549469532e-11,1.138854530648231991e-13,-1.117223051362968393e-02,6.190425794590138919e-02,-3.909557570178190340e-11,-7.307648845389703995e-02,9.149254123603889464e-11
2.857281932860018969e+00,-3.805063769848007205e-01,-9.397309402700181752e-03,-4.580361013337057585e-01,1.143605257575369969e-09,-1.122157536124276378e+00,3.805063762988037390e-01,-8.522207194703871676e-15,4.037049830188839568e-03,-2.082986503938970280e-02,1.365917741696195206e-11,2.486691486961672970e-02,-3.154158552379857039e-11,1.170990108338817801e-13,-1.119670415581000035e-02,6.197157296359016854e-02,-3.916036574312299148e-11,-7.316827711370513243e-02,9.161443261262312563e-11
2.858862287911379418e+00,-3.805063769848007760e-01,-9.390943422794272369e-03,-4.580689425004252913e-01,1.143626794996503716e-09,-1.122118328977650847e+00,3.805063762987540010e-01,-8.334688500319308043e-15,4.019335743485634785e-03,-2.073187474242649264e-02,1.359723896835751041e-11,2.475121048595936221e-02,-3.139670570831588354e-11,1.201933233383843764e-13,-1.122114772611903198e-02,6.203891499085825711e-02,-3.922511194840370356e-11,-7.326006271122491309e-02,9.173657924503216573e-11
2.860442642962740312e+00,-3.805063769848008315e-01,-9.384605467946397633e-03,-4.581016287235784579e-01,1.143648234452063125e-09,-1.122079304799649790e+00,3.805063762987045406e-01,-8.142373125895290906e-15,4.001583051141931364e-03,-2.063377799970768714e-02,1.353519823259696297e-11,2.463536105090598227e-02,-3.125163265827055173e-11,1.231695942557183416e-13,-1.124556104656625546e-02,6.210628418009657425e-02,-3.928981401664281260e-11,-7.335184522085676229e-02,9.185897781909743341e-11
2.862022998014100761e+00,-3.805063769848008315e-01,-9.378295599129284413e-03,-4.581341598349095157e-01,1.143669575780453501e-09,-1.122040463819501621e+00,3.805063762986553022e-01,-7.945446667660244442e-15,3.983791801104042893e-03,-2.053557476818713284e-02,1.347305527967055905e-11,2.451936656935675696e-02,-3.110636597812493625e-11,1.260290276692027965e-13,-1.126994393893315793e-02,6.217368068389567126e-02,-3.935447164649824050e-11,-7.344362461697265254e-02,9.198162501927523694e-11
2.863603353065461654e+00,-3.805063769848008315e-01,-9.372013877239720320e-03,-4.581665356660939992e-01,1.143690818820190783e-09,-1.122001806266427426e+00,3.805063762986062303e-01,-7.744092818675251943e-15,3.965962041600100928e-03,-2.043726500457735198e-02,1.341081018004502664e-11,2.440322704625232444e-02,-3.096090527758212394e-11,1.287728280201954817e-13,-1.129429622477282243e-02,6.224110465504623796e-02,-3.941908453626745877e-11,-7.353540087391634283e-02,9.210451752876737471e-11
2.865183708116822103e+00,-3.805063769848008315e-01,-9.365760363098047173e-03,-4.581987560487389977e-01,1.143711963409902994e-09,-1.121963332369640520e+00,3.805063762985573805e-01,-7.538493368305164034e-15,3.948093821140458322e-03,-2.033884866534942798e-02,1.334846300466428646e-11,2.428694248657412014e-02,-3.081525017158805980e-11,1.314022000601042421e-13,-1.131861772540959481e-02,6.230855624653971331e-02,-3.948365238388807007e-11,-7.362717396600355901e-02,9.222765202964180021e-11
2.866764063168182997e+00,-3.805063769848008315e-01,-9.359535117447709968e-03,-4.582308208143828221e-01,1.143733009388331067e-09,-1.121925042358346447e+00,3.805063762985088083e-01,-7.328828201766238998e-15,3.930187188517983259e-03,-2.024032570673226991e-02,1.328601382494977668e-11,2.417051289534391523e-02,-3.066940028033271013e-11,1.339183488021795717e-13,-1.134290826193876459e-02,6.237603561156861848e-02,-3.954817488693832527e-11,-7.371894386752211870e-02,9.235102520295399787e-11
2.868344418219543446e+00,-3.805063769848008315e-01,-9.353338200954823198e-03,-4.582627297944939504e-01,1.143753956594328018e-09,-1.121886936461742090e+00,3.805063762984604581e-01,-7.115275299750973160e-15,3.912242192808499004e-03,-2.014169608471276865e-02,1.322346271280129310e-11,2.405393827762442038e-02,-3.052335522925220168e-11,1.363224794731112959e-13,-1.136716765522616766e-02,6.244354290352722991e-02,-3.961265174263756934e-11,-7.381071055273204229e-02,9.247463372886864321e-11
2.869924773270903895e+00,-3.805063769848009425e-01,-9.347169674207699008e-03,-4.582944828204717491e-01,1.143774804866862047e-09,-1.121849014909017006e+00,3.805063762984123299e-01,-6.898010738128534896e-15,3.894258883371057561e-03,-2.004295975503496419e-02,1.316080974059725723e-11,2.393721863851871676e-02,-3.037711464902940963e-11,1.386157974644396362e-13,-1.139139572590788102e-02,6.251107827601193323e-02,-3.967708264784683586e-11,-7.390247399586577504e-02,9.259847428678194805e-11
2.871505128322264344e+00,-3.805063769848008870e-01,-9.341029597716495048e-03,-4.583260797236446971e-01,1.143795554045015092e-09,-1.121811277929352757e+00,3.805063762983644238e-01,-6.677208687725594622e-15,3.876237309848405439e-03,-1.994411667320034401e-02,1.309805498119562758e-11,2.382035398317104008e-02,-3.023067817559596095e-11,1.407995082837287850e-13,-1.141559229438978904e-02,6.257864188282183382e-02,-3.974146729906920244e-11,-7.399423417112827028e-02,9.272254355544434170e-11
2.873085483373625237e+00,-3.805063769848008870e-01,-9.334918031912572620e-03,-4.583575203352715510e-01,1.143816203967985723e-09,-1.121773725751921802e+00,3.805063762983167952e-01,-6.453041414175759646e-15,3.858177522167247769e-03,-1.984516679446683002e-02,1.303519850793409992e-11,2.370334431676600004e-02,-3.008404545013218273e-11,1.428748175056829492e-13,-1.143975718084736838e-02,6.264623387795924259e-02,-3.980580539245061797e-11,-7.408599105269726703e-02,9.284683821308372092e-11
2.874665838424985687e+00,-3.805063769848009425e-01,-9.328835037148290252e-03,-4.583888044865394584e-01,1.143836754475087697e-09,-1.121736358605889272e+00,3.805063762982693332e-01,-6.225679277859592339e-15,3.840079570538689358e-03,-1.974611007384908384e-02,1.297224039463098460e-11,2.358618964452936784e-02,-2.993721611906869831e-11,1.448429307228594824e-13,-1.146389020522513291e-02,6.271385441563007146e-02,-3.987009662377996715e-11,-7.417774461472313730e-02,9.297135493752900997e-11
2.876246193476346580e+00,-3.805063769848008870e-01,-9.322780673696323683e-03,-4.584199320085648455e-01,1.143857205405752642e-09,-1.121699176720411639e+00,3.805063762982221487e-01,-5.995290733908655417e-15,3.821943505458536526e-03,-1.964694646611763254e-02,1.290918071558549893e-11,2.346888997172746905e-02,-2.979018983408618827e-11,1.467050534964100624e-13,-1.148799118723647927e-02,6.278150365024451340e-02,-3.993434068849004639e-11,-7.426949483132946894e-02,9.309609040633458672e-11
2.877826548527707029e+00,-3.805063769848009425e-01,-9.316755001749400453e-03,-4.584509027323920849e-01,1.143877556599529232e-09,-1.121662180324637381e+00,3.805063762981751863e-01,-5.762042332299561509e-15,3.803769377707746403e-03,-1.954767592579914962e-02,1.284601954557864932e-11,2.335144530366793300e-02,-2.964296625211657294e-11,1.484623913064491219e-13,-1.151205994636316302e-02,6.284918173641748651e-02,-3.999853728165775761e-11,-7.436124167661288531e-02,9.322104129690472158e-11
2.879406903579067922e+00,-3.805063769848009425e-01,-9.310758081419736112e-03,-4.584817164889936070e-01,1.143897807896085669e-09,-1.121625369647705650e+00,3.805063762981284459e-01,-5.526098718018094100e-15,3.785557238352682801e-03,-1.944829840717548011e-02,1.278275695987341379e-11,2.323385564569895728e-02,-2.949554503534225639e-11,1.501161495023443534e-13,-1.153609630185502971e-02,6.291688882896907808e-02,-4.006268609800479329e-11,-7.445298512464326723e-02,9.334620428661890833e-11
2.880987258630428371e+00,-3.805063769848009980e-01,-9.304789972738604018e-03,-4.585123731092696220e-01,1.143917959135208650e-09,-1.121588744918748493e+00,3.805063762980819830e-01,-5.287622631305745488e-15,3.767307138745583719e-03,-1.934881386428381062e-02,1.271939303421561609e-11,2.311612100320996344e-02,-2.934792585119672089e-11,1.516675332527744425e-13,-1.156010007272963332e-02,6.298462508292514139e-02,-4.012678683189809530e-11,-7.454472514946397510e-02,9.347157605295727246e-11
2.882567613681789265e+00,-3.805063769848009425e-01,-9.298850735655939809e-03,-4.585428724240470100e-01,1.143938010156805432e-09,-1.121552306366887963e+00,3.805063762980356867e-01,-5.046774907986941814e-15,3.749019130524883139e-03,-1.924922225091620434e-02,1.265592784483438768e-11,2.299824138163144432e-02,-2.920010837236412631e-11,1.531177474955614016e-13,-1.158407107777184239e-02,6.305239065351786465e-02,-4.019083917735045588e-11,-7.463646172509202925e-02,9.359715327362711682e-11
2.884147968733149714e+00,-3.805063769848009425e-01,-9.292940430039796709e-03,-4.585732142640800424e-01,1.143957960800903420e-09,-1.121516054221238567e+00,3.805063762979896125e-01,-4.803714479870439946e-15,3.730693265615558397e-03,-1.914952352061906338e-02,1.259236146844259589e-11,2.288021678643477677e-02,-2.905209227677850875e-11,1.544679968873790598e-13,-1.160800913553349835e-02,6.312018569618607633e-02,-4.025484282802091183e-11,-7.472819482551808223e-02,9.372293262668897627e-11
2.885728323784510163e+00,-3.805063769848009425e-01,-9.287059115675986437e-03,-4.586033984600487723e-01,1.143977810907652649e-09,-1.121479988710905484e+00,3.805063762979438713e-01,-4.558598375236412795e-15,3.712329596229552164e-03,-1.904971762669315297e-02,1.252869398223762102e-11,2.276204722313266218e-02,-2.890387724762362223e-11,1.557194857531972256e-13,-1.163191406433305292e-02,6.318801036657605008e-02,-4.031879747721543603e-11,-7.481992442470682125e-02,9.384891079068427485e-11
2.887308678835870612e+00,-3.805063769848009425e-01,-9.281206852267543175e-03,-4.586334248425598115e-01,1.143997560317324750e-09,-1.121444110064985900e+00,3.805063762978982966e-01,-4.311581719398441719e-15,3.693928174866103337e-03,-1.894980452219302905e-02,1.246492546390177476e-11,2.264373269727889409e-02,-2.875546297333177546e-11,1.568734180355868358e-13,-1.165578568225517954e-02,6.325586482054182391e-02,-4.038270281788733805e-11,-7.491165049659692654e-02,9.397508444476253067e-11
2.888889033887231506e+00,-3.805063769848009980e-01,-9.275383699434341933e-03,-4.586632932421448872e-01,1.144017208870314810e-09,-1.121408418512567229e+00,3.805063762978529995e-01,-4.062817735350510259e-15,3.675489054312121306e-03,-1.884978415992678499e-02,1.240105599160287539e-11,2.252527321446845879e-02,-2.860684914758279139e-11,1.579309972437770084e-13,-1.167962380715041083e-02,6.332374921414585245e-02,-4.044655854263787166e-11,-7.500337301510126564e-02,9.410145026880963356e-11
2.890469388938591955e+00,-3.805063769848009980e-01,-9.269589716712562516e-03,-4.586930034892613417e-01,1.144036756407142201e-09,-1.121372914282728672e+00,3.805063762978079245e-01,-3.812457744488643835e-15,3.657012287642562830e-03,-1.874965649245566301e-02,1.233708564399481154e-11,2.240666878033756304e-02,-2.845803546930276969e-11,1.588934264025871170e-13,-1.170342825663478643e-02,6.339166370365939551e-02,-4.051036434371678408e-11,-7.509509195410717097e-02,9.422800494357632942e-11
2.892049743989952848e+00,-3.805063769848009980e-01,-9.263824963554071965e-03,-4.587225554142910222e-01,1.144056202768450576e-09,-1.121337597604540104e+00,3.805063762977630160e-01,-3.560745898301374286e-15,3.638497931558178338e-03,-1.864942146877750576e-02,1.227301450525472967e-11,2.228791940058478735e-02,-2.830902092737235056e-11,1.588645619233186717e-13,-1.172716723446570568e-02,6.345963985932313867e-02,-4.057407220308150007e-11,-7.518680708770129895e-02,9.436152079682635037e-11
2.893630099041313297e+00,-3.805063769848009980e-01,-9.258089499184584889e-03,-4.587519488473993379e-01,1.144075547795222943e-09,-1.121302468707061850e+00,3.805063762977184405e-01,-3.314301655501359299e-15,3.619946267718407527e-03,-1.854907881439337922e-02,1.220884299910932037e-11,2.216902508236998082e-02,-2.815975636314693994e-11,1.530403856861114035e-13,-1.175067126923781506e-02,6.352784605612529778e-02,-4.063742632917155699e-11,-7.527851731994303353e-02,9.453827758071313853e-11
2.895210454092674190e+00,-3.805063769848009980e-01,-9.252383382370580819e-03,-4.587811836183040559e-01,1.144094791329134036e-09,-1.121267527819342691e+00,3.805063762976740316e-01,-3.076965783024994775e-15,3.601357480245014672e-03,-1.844862835176459132e-02,1.214457140213679515e-11,2.204998583227585351e-02,-2.801021359012266469e-11,1.473373634835453127e-13,-1.177414857343080795e-02,6.359607537288879120e-02,-4.070074091494874686e-11,-7.537022394154870020e-02,9.471360722898295136e-11
2.896790809144034640e+00,-3.805063769848009980e-01,-9.246706671747071532e-03,-4.588102595566010411e-01,1.144113933212053805e-09,-1.121232775170421636e+00,3.805063762976299002e-01,-2.848547791143361304e-15,3.582731611594469536e-03,-1.834807004416186618e-02,1.208019977717149778e-11,2.193080165602961928e-02,-2.786039485176134355e-11,1.417542594672450644e-13,-1.179759887788349622e-02,6.366432805201852063e-02,-4.076401552172287243e-11,-7.546192692576221550e-02,9.488752482397098401e-11
2.898371164195395533e+00,-3.805063769848009980e-01,-9.241059425881692144e-03,-4.588391764918274829e-01,1.144132973285952705e-09,-1.121198210989329480e+00,3.805063762975859909e-01,-2.628859142457422851e-15,3.564068704648772155e-03,-1.824740385447287672e-02,1.201572818774135650e-11,2.181147255940098922e-02,-2.771030236769842961e-11,1.362898387489807015e-13,-1.182102191325828597e-02,6.373260433607146058e-02,-4.082724971054548810e-11,-7.555362624580312658e-02,9.506004543666819238e-11
2.899951519246755982e+00,-3.805063769848010535e-01,-9.235441703273908343e-03,-4.588679342534618955e-01,1.144151911392902309e-09,-1.121163835505086803e+00,3.805063762975423036e-01,-2.417713250330988091e-15,3.545368802715660999e-03,-1.814662974520155764e-02,1.195115669806799877e-11,2.169199854820165474e-02,-2.755993833376084318e-11,1.309428674590845488e-13,-1.184441741004472158e-02,6.380090446775296686e-02,-4.089044304221623300e-11,-7.564532187486658343e-02,9.523118412601685831e-11
2.901531874298116875e+00,-3.805063769848010535e-01,-9.229853562354454338e-03,-4.588965326709230630e-01,1.144170747375075731e-09,-1.121129648946705970e+00,3.805063762974988384e-01,-2.214925477237697347e-15,3.526631949528968597e-03,-1.804574767846837957e-02,1.188648537306748791e-11,2.157237962828596062e-02,-2.740930492198736374e-11,1.257121128052290243e-13,-1.186778509856301587e-02,6.386922868991386226e-02,-4.095359507728948072e-11,-7.573701378612379687e-02,9.540095593820283324e-11
2.903112229349477325e+00,-3.805063769848010535e-01,-9.224295061484569583e-03,-4.589249715735698176e-01,1.144189481074749479e-09,-1.121095651543188687e+00,3.805063762974557062e-01,-2.020313133009595974e-15,3.507858189248838805e-03,-1.794475761600984945e-02,1.182171427835051220e-11,2.145261580555057196e-02,-2.725840428064888617e-11,1.205963431313067377e-13,-1.189112470896758894e-02,6.393757724554671729e-02,-4.101670537608065308e-11,-7.582870195272199687e-02,9.556937590594545527e-11
2.904692584400837774e+00,-3.805063769848010535e-01,-9.218766258955398557e-03,-4.589532507907000403e-01,1.144208112334304494e-09,-1.121061843523528889e+00,3.805063762974126851e-01,-1.833695472996817325e-15,3.489047566461977480e-03,-1.784365951917826071e-02,1.175684348022274508e-11,2.133270708593452275e-02,-2.710723853427025379e-11,1.155943279766247953e-13,-1.191443597125062953e-02,6.400595037778268603e-02,-4.107977349867283107e-11,-7.592038634778465467e-02,9.573645904778441616e-11
2.906272939452198223e+00,-3.805063769848010535e-01,-9.213267212987293411e-03,-4.589813701515501609e-01,1.144226640996226770e-09,-1.121028225116710297e+00,3.805063762973699970e-01,-1.654893696130769080e-15,3.470200126181960387e-03,-1.774245334894177309e-02,1.169187304568539289e-11,2.121265347541957322e-02,-2.695580978365365852e-11,1.107048381352641470e-13,-1.193771861524566165e-02,6.407434832988800899e-02,-4.114279900492317844e-11,-7.601206694441178802e-02,9.590222036736431464e-11
2.907853294503559116e+00,-3.805063769848010535e-01,-9.207797981729087117e-03,-4.590093294852948813e-01,1.144245066903108386e-09,-1.120994796551706640e+00,3.805063762973274755e-01,-1.483730942892585090e-15,3.451315913849415350e-03,-1.764113906588378120e-02,1.162680304243529662e-11,2.109245498002977268e-02,-2.680412010590217030e-11,1.059266457156356184e-13,-1.196097237063119441e-02,6.414277134526073787e-02,-4.120578145446977239e-11,-7.610374371568016938e-02,9.606667485271709022e-11
2.909433649554919565e+00,-3.805063769848010535e-01,-9.202358623257514067e-03,-4.590371286210460644e-01,1.144263389897649987e-09,-1.120961558057483431e+00,3.805063762972852315e-01,-1.320032293191764805e-15,3.432394975332301104e-03,-1.753971663020302205e-02,1.156163353886543276e-11,2.097211160583183770e-02,-2.665217155444535384e-11,1.012585242003638823e-13,-1.198419696693420709e-02,6.421121966742708576e-02,-4.126872040673773637e-11,-7.619541663464314551e-02,9.622983747553988156e-11
2.911014004606280459e+00,-3.805063769848010535e-01,-9.196949195576446801e-03,-4.590647673878524571e-01,1.144281609822659755e-09,-1.120928509862995526e+00,3.805063762972432650e-01,-1.163624764144259953e-15,3.413437356926141922e-03,-1.743818600171325936e-02,1.149636460406522348e-11,2.085162335893509661e-02,-2.649996615906557682e-11,9.669924850626034996e-14,-1.200739213353389269e-02,6.427969354003831848e-02,-4.133161542094634216e-11,-7.628708567433142851e-02,9.639172319047288488e-11
2.912594359657640908e+00,-3.805063769848009980e-01,-9.191569756616278439e-03,-4.590922456146991348e-01,1.144299726521056710e-09,-1.120895652197188452e+00,3.805063762972015762e-01,-1.014337307760097028e-15,3.394443105354263968e-03,-1.733654713984318640e-02,1.143099630782086783e-11,2.073099024549157968e-02,-2.634750592592561708e-11,9.224759504462149002e-14,-1.203055759966518111e-02,6.434819320686704924e-02,-4.139446605611527191e-11,-7.637875080775273495e-02,9.655234693437217171e-11
2.914174714709001801e+00,-3.805063769848009980e-01,-9.186220364233213184e-03,-4.591195631305064473e-01,1.144317739835869269e-09,-1.120862985288997304e+00,3.805063762971599983e-01,-8.720008085328746362e-16,3.375412267767978741e-03,-1.723480000363597150e-02,1.136552872061552110e-11,2.061021227169579709e-02,-2.619479283759699675e-11,8.790234178168483109e-14,-1.205369309442245844e-02,6.441671891180393572e-02,-4.145727187107148762e-11,-7.647041200789232718e-02,9.671172362558138224e-11
2.915755069760362250e+00,-3.805063769848009980e-01,-9.180901076208614064e-03,-4.591467197641298514e-01,1.144335649610238967e-09,-1.120830509367348737e+00,3.805063762971186980e-01,-7.364480809350603157e-16,3.356344891746876682e-03,-1.713294455174951131e-02,1.129996191362984727e-11,2.048928944378525588e-02,-2.604182885309041347e-11,8.366226829934940320e-14,-1.207679834676315782e-02,6.448527089885419672e-02,-4.152003242445579687e-11,-7.656206924771297162e-02,9.686986816319983846e-11
2.917335424811723144e+00,-3.805063769848010535e-01,-9.175611950248276083e-03,-4.591737153443594122e-01,1.144353455687420040e-09,-1.120798224661158748e+00,3.805063762970776753e-01,-6.075138668154772686e-16,3.337241025298944702e-03,-1.703098074245566751e-02,1.123429595874196580e-11,2.036822176803984585e-02,-2.588861590788594218e-11,7.952615585606820132e-14,-1.209987308551150470e-02,6.455384941213399008e-02,-4.158274727472966415e-11,-7.665372250015539679e-02,9.702679542634867992e-11
2.918915779863083593e+00,-3.805063769848010535e-01,-9.170353043981822536e-03,-4.592005496999186365e-01,1.144371157910781290e-09,-1.120766131399332677e+00,3.805063762970368746e-01,-4.850348327030766920e-16,3.318100716860872788e-03,-1.692890853364072828e-02,1.116853092852808647e-11,2.024700925078255082e-02,-2.573515591396603510e-11,7.549278744804184237e-14,-1.212291703936211294e-02,6.462245469586719304e-02,-4.164541598018180244e-11,-7.674537173813818225e-02,9.718252027343349676e-11
2.920496134914444042e+00,-3.805063769848010535e-01,-9.165124414961998978e-03,-4.592272226594641404e-01,1.144388756123805669e-09,-1.120734229810766758e+00,3.805063762969963514e-01,-3.688495670116092590e-16,3.298924015298183680e-03,-1.682672788280478726e-02,1.110266689626253043e-11,2.012565189837901142e-02,-2.558145075984824056e-11,7.156094787057140800e-14,-1.214592993688373354e-02,6.469108699438169685e-02,-4.170803809893508794e-11,-7.683701693455816106e-02,9.733705754140489494e-11
2.922076489965804491e+00,-3.805063769848010535e-01,-9.159926120663963722e-03,-4.592537340515852606e-01,1.144406250170093589e-09,-1.120702520124347235e+00,3.805063762969560504e-01,-2.587985771469485504e-16,3.279710969905477030e-03,-1.672443874706183373e-02,1.103670393591813407e-11,2.000414971723786170e-02,-2.542750231062006098e-11,6.772942377963182769e-14,-1.216891150652293918e-02,6.475974655210585407e-02,-4.177061318895317104e-11,-7.692865806229057246e-02,9.749042204501637301e-11
2.923656845017165384e+00,-3.805063769848010535e-01,-9.154758218484609564e-03,-4.592800837048033880e-01,1.144423639893362301e-09,-1.120671002568949470e+00,3.805063762969159713e-01,-1.547242865180624495e-16,3.260461630406566880e-03,-1.662204108313933282e-02,1.097064212216632015e-11,1.988250271381037521e-02,-2.527331240797418231e-11,6.399700375369512241e-14,-1.219186147660791288e-02,6.482843361356527279e-02,-4.183314080804755906e-11,-7.702029509418929776e-02,9.764262857607945890e-11
2.925237200068525834e+00,-3.805063769848010535e-01,-9.149620765741972236e-03,-4.593062714475706354e-01,1.144440925137447551e-09,-1.120639677373439058e+00,3.805063762968761698e-01,-5.647103145117322030e-17,3.241176046954724523e-03,-1.651953484737840941e-02,1.090448153037755011e-11,1.976071089459099234e-02,-2.511888287024588782e-11,6.036247835581520941e-14,-1.221477957535205099e-02,6.489714842337879208e-02,-4.189562051388399459e-11,-7.711192800308679096e-02,9.779369190271513734e-11
2.926817555119886727e+00,-3.805063769848010535e-01,-9.144513819674439381e-03,-4.593322971082704487e-01,1.144458105746305646e-09,-1.120608544766671155e+00,3.805063762968365904e-01,3.611494199760091052e-17,3.221854270132808607e-03,-1.641691999573341790e-02,1.083822223662136932e-11,1.963877426611694219e-02,-2.496421549245060755e-11,5.682464019583783921e-14,-1.223766553085784553e-02,6.496589122625534563e-02,-4.195805186398979024e-11,-7.720355676179473103e-02,9.794362676860460514e-11
2.928397910171247176e+00,-3.805063769848009980e-01,-9.139437437440131248e-03,-4.593581605152160519e-01,1.144475181564012211e-09,-1.120577604977490704e+00,3.805063762967972329e-01,1.231854813254743027e-16,3.202496350953483277e-03,-1.631419648377202894e-02,1.077186431766677223e-11,1.951669283496858254e-02,-2.480931204632350025e-11,5.338228399291514024e-14,-1.226051907112057915e-02,6.503466226699018693e-02,-4.202043441576042026e-11,-7.729518134310377209e-02,9.809244789223543827e-11
2.929978265222608069e+00,-3.805063769848009980e-01,-9.134391676116213749e-03,-4.593838614966502809e-01,1.144492152434765919e-09,-1.120546858234732657e+00,3.805063762967582086e-01,2.048905309657960121e-16,3.183102340859320523e-03,-1.621136426667481659e-02,1.070540785098220558e-11,1.939446660776907722e-02,-2.465417428035944233e-11,5.003420663822425751e-14,-1.228333992403211374e-02,6.510346179046140602e-02,-4.208276772646649340e-11,-7.738680171978409850e-02,9.824016996614606573e-11
2.931558620273968518e+00,-3.805063769848009980e-01,-9.129376592698221909e-03,-4.594093998807445844e-01,1.144509018202888276e-09,-1.120516304767219751e+00,3.805063762967193508e-01,2.813781357704466132e-16,3.163672291723032201e-03,-1.610842329923546298e-02,1.063885291473598523e-11,1.927209559118484364e-02,-2.449880391985513654e-11,4.677920725790631703e-14,-1.230612781738466693e-02,6.517229004162615469e-02,-4.214505135326066116e-11,-7.747841786458530000e-02,9.838680765616699937e-11
2.933138975325329412e+00,-3.805063769848009980e-01,-9.124392244099352109e-03,-4.594347754955989682e-01,1.144525778712824451e-09,-1.120485944803766287e+00,3.805063762966807706e-01,3.527944445921656153e-16,3.144206255847583221e-03,-1.600537353586039407e-02,1.057219958779634623e-11,1.914957979192530996e-02,-2.434320266695155995e-11,4.361608727621563742e-14,-1.232888247887467016e-02,6.524114726551741295e-02,-4.220728485318470699e-11,-7.757002975023696845e-02,9.853237560066012500e-11
2.934719330376689861e+00,-3.805063769848010535e-01,-9.119438687149818493e-03,-4.594599881692409959e-01,1.144542433809144520e-09,-1.120455778573174355e+00,3.805063762966424123e-01,4.192837139659305600e-16,3.124704285966329025e-03,-1.590221493056868940e-02,1.050544794973156723e-11,1.902691921674290465e-02,-2.418737220067799509e-11,4.054365047892801606e-14,-1.235160363610650694e-02,6.531003370723988122e-02,-4.226946778317625420e-11,-7.766163734944837860e-02,9.867688840975405147e-11
2.936299685428050754e+00,-3.805063769848010535e-01,-9.114515978596174697e-03,-4.594850377296250121e-01,1.144558983336546150e-09,-1.120425806304236271e+00,3.805063762966042762e-01,4.809883118911366038e-16,3.105166435243204241e-03,-1.579894743699214454e-02,1.043859808081030976e-11,1.890411387243340000e-02,-2.403131417699755727e-11,3.756070307696322568e-14,-1.237429101659639000e-02,6.537894961196683008e-02,-4.233159970007606196e-11,-7.775324063490922366e-02,9.882036066457797340e-11
2.937880040479411203e+00,-3.805063769848011090e-01,-9.109624175100588736e-03,-4.595099240046320310e-01,1.144575427139852946e-09,-1.120396028225733476e+00,3.805063762965664176e-01,5.380487217152582993e-16,3.085592757272829362e-03,-1.569557100837501440e-02,1.037165006200163113e-11,1.878116376583567962e-02,-2.387503022885337446e-11,3.466605377020136881e-14,-1.239694434777621063e-02,6.544789522493610345e-02,-4.239368016063486246e-11,-7.784483957928937936e-02,9.896280691649209591e-11
2.939460395530771653e+00,-3.805063769848010535e-01,-9.104763333240180334e-03,-4.595346468220689595e-01,1.144591765064017967e-09,-1.120366444566435860e+00,3.805063762965288365e-01,5.906035461176121055e-16,3.065983306080607464e-03,-1.559208559757376683e-02,1.030460397497502646e-11,1.865806890383164135e-02,-2.371852196621600481e-11,3.185851381156004222e-14,-1.241956335699739324e-02,6.551687079144663528e-02,-4.245570872152048890e-11,-7.793643415523947293e-02,9.910424168631556497e-11
2.941040750582132102e+00,-3.805063769848010535e-01,-9.099933509506398163e-03,-4.595592060096675979e-01,1.144607996954123726e-09,-1.120337055555103101e+00,3.805063762964914775e-01,6.387895111941888421e-16,3.046338136122941475e-03,-1.548849115705747646e-02,1.023745990210087944e-11,1.853482929334678356e-02,-2.356179097613309978e-11,2.913689707132057321e-14,-1.244214777153471695e-02,6.558587655685473028e-02,-4.251768493932491296e-11,-7.802802433539075821e-02,9.924467946355139911e-11
2.942621105633492995e+00,-3.805063769848010535e-01,-9.095134760304247890e-03,-4.595836013950845289e-01,1.144624122655383225e-09,-1.120307861420483997e+00,3.805063762964543406e-01,6.827414706460044651e-16,3.026657302287238081e-03,-1.538478763890711865e-02,1.017021792645016986e-11,1.841144494134950085e-02,-2.340483882277851477e-11,2.650002010160218302e-14,-1.246469731859028464e-02,6.565491276657044184e-02,-4.257960837057139862e-11,-7.811961009235555975e-02,9.938413470560923696e-11
2.944201460684853444e+00,-3.805063769848010535e-01,-9.090367141951657265e-03,-4.596078328059001183e-01,1.144640142013141192e-09,-1.120278862391315355e+00,3.805063762964174812e-01,7.225924100678869372e-16,3.006940859892123698e-03,-1.528097499481602395e-02,1.010287813179493733e-11,1.828791585485177798e-02,-2.324766704750451196e-11,2.394670220114002903e-14,-1.248721172529735322e-02,6.572397966605375563e-02,-4.264147857172159784e-11,-7.821119139872734216e-02,9.952262183702482768e-11
2.945781815736214337e+00,-3.805063769848010535e-01,-9.085630710678790911e-03,-4.596319000696185153e-01,1.144656054872875739e-09,-1.120250058696323769e+00,3.805063762963808438e-01,7.584734513406099900e-16,2.987188864687456615e-03,-1.517705317608934387e-02,1.003544060260805508e-11,1.816424204090863470e-02,-2.309027716889360451e-11,2.147576548024959472e-14,-1.250969071872430269e-02,6.579307750081100914e-02,-4.270329509918273667e-11,-7.830276822708100160e-02,9.966015524867706577e-11
2.947362170787574787e+00,-3.805063769848010535e-01,-9.080925522627391125e-03,-4.596558030136660422e-01,1.144671861080198775e-09,-1.120221450564224730e+00,3.805063762963444840e-01,7.905138571253423424e-16,2.967401372854515645e-03,-1.507302213364443422e-02,9.967905424063620912e-12,1.804042350661873642e-02,-2.293267068281306001e-11,1.908603492605203174e-14,-1.253213402587848371e-02,6.586220651639107526e-02,-4.276505750931468510e-11,-7.839434054997297674e-02,9.979674929700191097e-11
2.948942525838935680e+00,-3.805063769848009980e-01,-9.076251633850057968e-03,-4.596795414653914169e-01,1.144687560480857452e-09,-1.120193038223721960e+00,3.805063762963084018e-01,8.188410354621079346e-16,2.947578441006038722e-03,-1.496888181801051508e-02,9.900272682036834468e-12,1.791646025912405071e-02,-2.277484906246953962e-11,1.677633846788236941e-14,-1.255454137371024570e-02,6.593136695838176797e-02,-4.282676535843735637e-11,-7.848590833994159577e-02,9.993241830320433072e-11
2.950522880890296129e+00,-3.805063769848009980e-01,-9.071609100309579662e-03,-4.597031152520648090e-01,1.144703152920734995e-09,-1.120164821903507857e+00,3.805063762962724860e-01,8.435805444712707052e-16,2.927720126186302702e-03,-1.486463217932854769e-02,9.832542463104026260e-12,1.779235230560983344e-02,-2.261681375846528821e-11,1.454550704295478867e-14,-1.257691248911682082e-02,6.600055907240584552e-02,-4.288841820283767995e-11,-7.857747156950704859e-02,1.000671765524663781e-10
2.952103235941657022e+00,-3.805063769848009980e-01,-9.066997977878219622e-03,-4.597265242008776731e-01,1.144718638245852559e-09,-1.120136801832263274e+00,3.805063762962369034e-01,8.648560971592261192e-16,2.907826485871225271e-03,-1.476027316735129165e-02,9.764714854542770783e-12,1.766809965330478141e-02,-2.245856619885589806e-11,1.239237466224035688e-14,-1.259924709894637632e-02,6.606978310411754096e-02,-4.295001559877716237e-11,-7.866903021117194195e-02,1.002010382931540420e-10
2.953683590993017472e+00,-3.805063769848010535e-01,-9.062418322337159604e-03,-4.597497681389410285e-01,1.144734016302369026e-09,-1.120108978238658848e+00,3.805063762962015428e-01,8.827895663275482539e-16,2.887897577968484650e-03,-1.465580473144355647e-02,9.696789944332106234e-12,1.754370230948140361e-02,-2.230010778920952658e-11,1.031577847663679570e-14,-1.262154493000185521e-02,6.613903929919862090e-02,-4.301155710249884729e-11,-7.876058423742114678e-02,1.003340177360191986e-10
2.955263946044377921e+00,-3.805063769848010535e-01,-9.057870189375625408e-03,-4.597728468932860690e-01,1.144749286936583278e-09,-1.120081351351352117e+00,3.805063762961664597e-01,8.975009895886123008e-16,2.867933460817464943e-03,-1.455122682058143484e-02,9.628767821152093451e-12,1.741916028145518852e-02,-2.214143991266588138e-11,8.314558843233238884e-15,-1.264380570904513092e-02,6.620832790335456908e-02,-4.307304227023485049e-11,-7.885213362072224230e-02,1.004661290534012532e-10
2.956844301095738370e+00,-3.805063769848010535e-01,-9.053353634590380339e-03,-4.597957602908628871e-01,1.144764449994935025e-09,-1.120053921398990182e+00,3.805063762961315432e-01,9.091085744842793780e-16,2.847934193189458237e-03,-1.444653938335306587e-02,9.560648574384347449e-12,1.729447357658558254e-02,-2.198256392999878879e-11,6.387559391954718550e-15,-1.266602916280089829e-02,6.627764916231093650e-02,-4.313447065821357839e-11,-7.894367833352562702e-02,1.005973863784239991e-10
2.958424656147099263e+00,-3.805063769848009980e-01,-9.048868713484892537e-03,-4.598185081585403067e-01,1.144779505324005217e-09,-1.120026688610207044e+00,3.805063762960969598e-01,9.177287037114005052e-16,2.827899834287618628e-03,-1.434174236795800889e-02,9.492432294111652901e-12,1.716964220227533075e-02,-2.182348117967789629e-11,4.533627092317244990e-15,-1.268821501796077618e-02,6.634700332180938631e-02,-4.319584182266717264e-11,-7.903521834826482406e-02,1.007278038041911072e-10
2.960005011198459712e+00,-3.805063769848009980e-01,-9.044415481468812829e-03,-4.598410903231043290e-01,1.144794452770518321e-09,-1.119999653213626933e+00,3.805063762960625984e-01,9.234759404520726285e-16,2.807830443747061106e-03,-1.423683572220759037e-02,9.424119071118167710e-12,1.704466616597087245e-02,-2.166419297793307633e-11,2.751612320509688685e-15,-1.271036300118725745e-02,6.641639062760394674e-02,-4.325715531983870919e-11,-7.912675363735650891e-02,1.008573953829776216e-10
2.961585366249820606e+00,-3.805063769848010535e-01,-9.039993993857129914e-03,-4.598635066112588543e-01,1.144809292181342733e-09,-1.119972815437860758e+00,3.805063762960284590e-01,9.264630338109171378e-16,2.787726081634878030e-03,-1.413181939352461600e-02,9.355708996889263063e-12,1.691954547516212604e-02,-2.150470061881922750e-11,1.040368926607169375e-15,-1.273247283911786189e-02,6.648581132545715311e-02,-4.331841070598985614e-11,-7.921828417320092575e-02,1.009861751254199555e-10
2.963165721301181055e+00,-3.805063769848010535e-01,-9.035604305869603114e-03,-4.598857568496240722e-01,1.144824023403491811e-09,-1.119946175511507880e+00,3.805063762959945972e-01,9.268009243580723503e-16,2.767586808450220228e-03,-1.402669332894368459e-02,9.287202163611667215e-12,1.679428013738286374e-02,-2.134500537428319862e-11,-6.012456978943165051e-16,-1.275454425836912431e-02,6.655526566113621756e-02,-4.337960753740809871e-11,-7.930980992818201236e-02,1.011141569997021658e-10
2.964746076352541948e+00,-3.805063769848010535e-01,-9.031246472630045929e-03,-4.599078408647360727e-01,1.144838646284124913e-09,-1.119919733663156336e+00,3.805063762959610130e-01,9.245987497794767980e-16,2.747412685124257965e-03,-1.392145747511082214e-02,9.218598664173190846e-12,1.666887016021029524e-02,-2.118510849423095194e-11,-2.174370552366316641e-15,-1.277657698554067987e-02,6.662475388040914326e-02,-4.344074537041427428e-11,-7.940133087466759443e-02,1.012413549307396804e-10
2.966326431403902397e+00,-3.805063769848009980e-01,-9.026920549165606128e-03,-4.599297584830466246e-01,1.144853160670549668e-09,-1.119893490121381507e+00,3.805063762959275953e-01,9.199638506342794308e-16,2.727203773020268548e-03,-1.381611177828375760e-02,9.149898592162857917e-12,1.654331555126543549e-02,-2.102501120659702366e-11,-3.680140959105095388e-15,-1.279857074721940657e-02,6.669427622904081088e-02,-4.350182376137006227e-11,-7.949284698500962143e-02,1.013677827993606226e-10
2.967906786455263290e+00,-3.805063769848009980e-01,-9.022626590406137778e-03,-4.599515095309218982e-01,1.144867566410220735e-09,-1.119867445114746785e+00,3.805063762958945661e-01,9.130017762197139741e-16,2.706960133933601197e-03,-1.371065618433171124e-02,9.081102041870685954e-12,1.641761631821287912e-02,-2.086471471741453382e-11,-5.119688495125496378e-15,-1.282052526998348103e-02,6.676383295278912056e-02,-4.356284226668547401e-11,-7.958435823154437483e-02,1.014934544414838384e-10
2.969487141506623740e+00,-3.805063769848009980e-01,-9.018364651183484806e-03,-4.599730938346425213e-01,1.144881863350743943e-09,-1.119841598871803567e+00,3.805063762958617035e-01,9.038162905440328344e-16,2.686681830091742097e-03,-1.360509063873568611e-02,9.012209108287776519e-12,1.629177246876112317e-02,-2.070422021088719625e-11,-6.494140923752499390e-15,-1.284244028040650715e-02,6.683342429740113388e-02,-4.362380044282636846e-11,-7.967586458659267623e-02,1.016183836472944436e-10
2.971067496557984633e+00,-3.805063769848009980e-01,-9.014134786230837415e-03,-4.599945112204023578e-01,1.144896051339874217e-09,-1.119815951621091266e+00,3.805063762958290630e-01,8.925093784077385904e-16,2.666368924154272329e-03,-1.349941508658825812e-02,8.943219887106069642e-12,1.616578401066233461e-02,-2.054352884946188423e-11,-7.804622125961014623e-15,-1.286431550506165339e-02,6.690305050860916036e-02,-4.368469784632202604e-11,-7.976736602246016494e-02,1.017425841604163587e-10
2.972647851609345082e+00,-3.805063769848010535e-01,-9.009937050181974008e-03,-4.600157615143086187e-01,1.144910130225519719e-09,-1.119790503591136410e+00,3.805063762957967000e-01,8.791812515933812828e-16,2.646021479212880886e-03,-1.339362947259362113e-02,8.874134474718277582e-12,1.603965095171241279e-02,-2.038264177390297341e-11,-9.052252031519163038e-15,-1.288615067052582309e-02,6.697271183212664958e-02,-4.374553403377275486e-11,-7.985886251143740899e-02,1.018660696770824787e-10
2.974228206660705531e+00,-3.805063769848009980e-01,-9.005771497570650569e-03,-4.600368445423802521e-01,1.144924099855740607e-09,-1.119765255010453542e+00,3.805063762957647255e-01,8.639303551645505213e-16,2.625639558791366835e-03,-1.328773374106775353e-02,8.804952968217821818e-12,1.591337329975116288e-02,-2.022156010336802235e-11,-1.023814654984804168e-14,-1.290794550338379698e-02,6.704240851364448583e-02,-4.380630856185748397e-11,-7.995035402580030759e-02,1.019888538453015856e-10
2.975808561712065980e+00,-3.805063769848010535e-01,-9.001638182829880749e-03,-4.600577601305484987e-01,1.144937960078750892e-09,-1.119740206107544767e+00,3.805063762957328621e-01,8.468533738741369557e-16,2.605223226845599423e-03,-1.318172783593830888e-02,8.735675465398614944e-12,1.578695106266209819e-02,-2.006028493548443211e-11,-1.136341750069150760e-14,-1.292969973023238781e-02,6.711214079882689421e-02,-4.386702098734133075e-11,-8.004184053780998009e-02,1.021109502640224313e-10
2.977388916763426874e+00,-3.805063769848010535e-01,-8.997537160291276676e-03,-4.600785081046551150e-01,1.144951710742920302e-09,-1.119715357110899756e+00,3.805063762957012763e-01,8.280452386825008056e-16,2.584772547763517642e-03,-1.307561170074474956e-02,8.666302064754991202e-12,1.566038424837265172e-02,-1.989881734642781841e-11,-1.242917254452769824e-14,-1.295141307768467309e-02,6.718190893330748537e-02,-4.392767086708340097e-11,-8.013332201971340440e-02,1.022323724822956223e-10
2.978969271814787323e+00,-3.805063769848010535e-01,-8.993468484184346384e-03,-4.600990882904528179e-01,1.144965351696774904e-09,-1.119690708248995525e+00,3.805063762956699125e-01,8.075991333856556240e-16,2.564287586365105939e-03,-1.296938527863846120e-02,8.596832865481565924e-12,1.553367286485419878e-02,-1.973715839100157283e-11,-1.343651511276598157e-14,-1.297308527237415847e-02,6.725171316268536981e-02,-4.398825775804433038e-11,-8.022479844374329205e-02,1.023531339984319632e-10
2.980549626866148216e+00,-3.805063769848009980e-01,-8.989432208635815547e-03,-4.601195005136037297e-01,1.144978882788997101e-09,-1.119666259750295989e+00,3.805063762956389373e-01,7.856065013540268891e-16,2.543768407902313993e-03,-1.286304851238253937e-02,8.527267967472917259e-12,1.540681692012179846e-02,-1.957530910271734163e-11,-1.438654433769865576e-14,-1.299471604095903988e-02,6.732155373252096675e-02,-4.404878121729410410e-11,-8.031626978211847678e-02,1.024732482591584876e-10
2.982129981917508665e+00,-3.805063769848009980e-01,-8.985428387668949191e-03,-4.601397445996796565e-01,1.144992303868428734e-09,-1.119642011843253515e+00,3.805063762956080731e-01,7.621570523821223704e-16,2.523215078059077524e-03,-1.275660134435222318e-02,8.457607471323636261e-12,1.527981642223463256e-02,-1.941327049387775681e-11,-1.528035498222205214e-14,-1.301630511012637388e-02,6.739143088833217388e-02,-4.410924080201967580e-11,-8.040773600704406721e-02,1.025927286587713857e-10
2.983710336968869559e+00,-3.805063769848009980e-01,-8.981457075202869955e-03,-4.601598203741607551e-01,1.145005614784070257e-09,-1.119617964756306705e+00,3.805063762955775419e-01,7.373387696493713362e-16,2.502627662951226791e-03,-1.265004371653470627e-02,8.387851478327963378e-12,1.515267137929574362e-02,-1.925104355565958385e-11,-1.611903736932765996e-14,-1.303785220659639879e-02,6.746134487559031501e-02,-4.416963606953290338e-11,-8.049919709071183538e-02,1.027115885382863997e-10
2.985290692020230008e+00,-3.805063769848009980e-01,-8.977518325051874609e-03,-4.601797276624350341e-01,1.145018815385083839e-09,-1.119594118717881726e+00,3.805063762955472328e-01,7.112379167926868775e-16,2.482006229126433681e-03,-1.254337557052925996e-02,8.318000090479630127e-12,1.502538179945208351e-02,-1.908862925819866606e-11,-1.690367731135217216e-14,-1.305935705712671542e-02,6.753129593971594902e-02,-4.422996657727814875e-11,-8.059065300530010578e-02,1.028298411845859876e-10
2.986871047071590901e+00,-3.805063769848009980e-01,-8.973612190924733223e-03,-4.601994662897982979e-01,1.145031905520792120e-09,-1.119570473956391421e+00,3.805063762955172013e-01,6.839390450907955245e-16,2.461350843564165738e-03,-1.243659684754737892e-02,8.248053410471661988e-12,1.489794769089462442e-02,-1.892602855067623576e-11,-1.763535603900633285e-14,-1.308081938851663947e-02,6.760128432607506732e-02,-4.429023188284021360e-11,-8.068210372297436594e-02,1.029474998295642897e-10
2.988451402122951350e+00,-3.805063769848009980e-01,-8.969738726424033443e-03,-4.602190360814530923e-01,1.145044885040681936e-09,-1.119547030700236423e+00,3.805063762954873918e-01,6.555250007612435133e-16,2.440661573675615911e-03,-1.232970748841286969e-02,8.178011541696178080e-12,1.477036906185838321e-02,-1.876324236140650164e-11,-1.831515013015219197e-14,-1.310223892761142560e-02,6.767131027997480563e-02,-4.435043154395217817e-11,-8.077354921588719705e-02,1.030645776492685156e-10
2.990031757174311799e+00,-3.805063769848009980e-01,-8.965897985045507418e-03,-4.602384368625077604e-01,1.145057753794403077e-09,-1.119523789177803375e+00,3.805063762954578599e-01,6.260769323700242886e-16,2.419938487303603235e-03,-1.222270743356185414e-02,8.107874588244051876e-12,1.464264592062230336e-02,-1.860027159792544151e-11,-1.894413143835306686e-14,-1.312361540130659726e-02,6.774137404665950268e-02,-4.441056511850313028e-11,-8.086498945617860701e-02,1.031810877630379906e-10
2.991612112225672693e+00,-3.805063769848009980e-01,-8.962090020177311891e-03,-4.602576684579765542e-01,1.145070511631770565e-09,-1.119500749617466928e+00,3.805063762954286610e-01,5.956742983540980152e-16,2.399181652722529468e-03,-1.211559662304303488e-02,8.037642654904804585e-12,1.451477827550950658e-02,-1.843711714708134942e-11,-1.952336702119670012e-14,-1.314494853655225927e-02,6.781147587130663401e-02,-4.447063216454626908e-11,-8.095642441597639127e-02,1.032970432326404505e-10
2.993192467277033142e+00,-3.805063769848009980e-01,-8.958314885099358596e-03,-4.602767306927785240e-01,1.145083158402766095e-09,-1.119477912247587303e+00,3.805063762953996842e-01,5.643948746574714638e-16,2.378391138638230335e-03,-1.200837499651752176e-02,7.967315847166131778e-12,1.438676613488694758e-02,-1.827377987512608086e-11,-2.005391906837611725e-14,-1.316623806035745539e-02,6.788161599902250987e-02,-4.453063224030665344e-11,-8.104785406739604958e-02,1.034124570614051304e-10
2.994772822328393591e+00,-3.805063769848009425e-01,-8.954572632982637712e-03,-4.602956233917371298e-01,1.145095693957537835e-09,-1.119455277296512730e+00,3.805063762953708739e-01,5.323147624813820901e-16,2.357567014187952111e-03,-1.190104249325930896e-02,7.896894271213869464e-12,1.425860950716587028e-02,-1.811026062780863399e-11,-2.053684482952965762e-14,-1.318748369979446354e-02,6.795179467483838942e-02,-4.459056490418922166e-11,-8.113927838254128555e-02,1.035273421933532038e-10
2.996353177379754484e+00,-3.805063769848009980e-01,-8.950863316888563875e-03,-4.603143463795794643e-01,1.145108118146403111e-09,-1.119432844992576559e+00,3.805063762953423967e-01,4.995083961485507108e-16,2.336709348940185522e-03,-1.179359905215511366e-02,7.826378033931509412e-12,1.413030840080149904e-02,-1.794656023046913479e-11,-2.097319654184890687e-14,-1.320868518200318115e-02,6.802201214370623417e-02,-4.465042971478673378e-11,-8.123069733350415933e-02,1.036417115123253396e-10
2.997933532431114934e+00,-3.805063769848009980e-01,-8.947186989768237189e-03,-4.603328994809359198e-01,1.145120430819847992e-09,-1.119410615564100375e+00,3.805063762953141415e-01,4.660485510816612386e-16,2.315818212894591582e-03,-1.168604461170463793e-02,7.755767242899993973e-12,1.400186282429320694e-02,-1.778267948813485791e-11,-2.136402135746174395e-14,-1.322984223419550361e-02,6.809226865049457234e-02,-4.471022623088776544e-11,-8.132211089236525414e-02,1.037555778411066101e-10
2.999513887482475827e+00,-3.805063769848010535e-01,-8.943543704461820454e-03,-4.603512825203391889e-01,1.145132631828529361e-09,-1.119388589239391107e+00,3.805063762952861639e-01,4.320063518975281508e-16,2.294893676481884505e-03,-1.157837911002074401e-02,7.685062006397426889e-12,1.387327278618457650e-02,-1.761861918561743330e-11,-2.171036127055834568e-14,-1.325095458365969751e-02,6.816256443998437720e-02,-4.476995401148477937e-11,-8.141351903119398159e-02,1.038689539405482573e-10
3.001094242533836276e+00,-3.805063769848010535e-01,-8.939933513697812320e-03,-4.603694953222238762e-01,1.145144721023276570e-09,-1.119366766246743028e+00,3.805063762952584638e-01,3.974512806158562597e-16,2.273935810563670803e-03,-1.147060248482938832e-02,7.614262433398593463e-12,1.374453829506317760e-02,-1.745438008761115143e-11,-2.201325304429998647e-14,-1.327202195776481207e-02,6.823289975686482045e-02,-4.482961261578206764e-11,-8.150492172204874819e-02,1.039818525086867591e-10
3.002674597585197169e+00,-3.805063769848009980e-01,-8.936356470344280351e-03,-4.603875377111760203e-01,1.145156698254705969e-09,-1.119345146814437753e+00,3.805063762952309858e-01,3.627035515107033519e-16,2.252943679155977423e-03,-1.136271567285727750e-02,7.543367097280159806e-12,1.361565935167196109e-02,-1.728997497974181461e-11,-2.160250793705714851e-14,-1.329572314072939923e-02,6.830061677145773946e-02,-4.489328769171268498e-11,-8.159633991893507077e-02,1.040622608233493960e-10
3.004254952636557618e+00,-3.805063769848009980e-01,-8.932812633627192425e-03,-4.604054095181022155e-01,1.145168563363739766e-09,-1.119323731170795311e+00,3.805063762952037854e-01,3.294689545839265056e-16,2.231910809935732775e-03,-1.125472510385037983e-02,7.472366127452050285e-12,1.348663591343512991e-02,-1.712548281408363835e-11,-2.046359005224939356e-14,-1.332211997297896161e-02,6.836565410184564096e-02,-4.496107353329072546e-11,-8.168777408034887111e-02,1.041094489589425170e-10
3.005835307687918512e+00,-3.805063769848009980e-01,-8.929302069124130103e-03,-4.604231105802240598e-01,1.145180316181613884e-09,-1.119302519544170815e+00,3.805063762951768624e-01,2.980039154377804260e-16,2.210836509437015020e-03,-1.114663147399823709e-02,7.401258467256985477e-12,1.335746798307646706e-02,-1.696091344777441023e-11,-1.936294267601838171e-14,-1.334815713293578850e-02,6.843104311435022069e-02,-4.502831014945352492e-11,-8.177920025164421569e-02,1.041599493776617116e-10
3.007415662739278961e+00,-3.805063769848009980e-01,-8.925824841864899578e-03,-4.604406407342322427e-01,1.145191956540400526e-09,-1.119281512162904058e+00,3.805063762951502171e-01,2.682485301059045162e-16,2.189721340777418378e-03,-1.103843423278971433e-02,7.330044976613790379e-12,1.322815557320234335e-02,-1.679626170223055062e-11,-1.829983626539580175e-14,-1.337384131178345759e-02,6.849677714434264375e-02,-4.509500772096044815e-11,-8.187061845937472493e-02,1.042136912765996966e-10
3.008996017790639410e+00,-3.805063769848009980e-01,-8.922381015997654652e-03,-4.604579998159562537e-01,1.145203484273519786e-09,-1.119260709255313291e+00,3.805063762951237938e-01,2.401440442047309357e-16,2.168565856530982328e-03,-1.093013284021526060e-02,7.258726499399040470e-12,1.309869869637715969e-02,-1.663152251044424578e-11,-1.727354553084516589e-14,-1.339917916148004873e-02,6.856284956610179948e-02,-4.516117636883972784e-11,-8.196202872977607912e-02,1.042706042557190141e-10
3.010576372841999859e+00,-3.805063769848009980e-01,-8.918970654805645493e-03,-4.604751876603798699e-01,1.145214899215711110e-09,-1.119240111049698339e+00,3.805063762950976480e-01,2.136328461683102117e-16,2.147370598790643379e-03,-1.082172676670534531e-02,7.187303863542270683e-12,1.296909736512423354e-02,-1.646669091634305175e-11,-1.628334949238615506e-14,-1.342417729424100724e-02,6.862925379332737719e-02,-4.522682615360095637e-11,-8.205343108876222979e-02,1.043306183231879678e-10
3.012156727893360753e+00,-3.805063769848009980e-01,-8.915593820723592688e-03,-4.604922041016586420e-01,1.145226201203011378e-09,-1.119219717774337930e+00,3.805063762950717243e-01,1.886584603921853043e-16,2.126136099231417612e-03,-1.071321549306753634e-02,7.115777881122117379e-12,1.283935159192607124e-02,-1.630176207414023116e-11,-1.532853153583779191e-14,-1.344884228202092996e-02,6.869598327965453777e-02,-4.529196707444624625e-11,-8.214482556192173601e-02,1.043936639007297538e-10
3.013737082944721202e+00,-3.805063769848009980e-01,-8.912250575354231305e-03,-4.605090489731353820e-01,1.145237390072727190e-09,-1.119199529657492365e+00,3.805063762950461337e-01,1.651655402902332611e-16,2.104862879174487431e-03,-1.060459851042326769e-02,7.044149348464004017e-12,1.270946138922519897e-02,-1.613673124767737737e-11,-1.440837946929945537e-14,-1.347318065599313955e-02,6.876303151917022294e-02,-4.535660906847771359e-11,-8.223621217451367038e-02,1.044596718289922717e-10
3.015317437996082095e+00,-3.805063769848009980e-01,-8.908940979484540959e-03,-4.605257221073570384e-01,1.145248465663411711e-09,-1.119179546927401736e+00,3.805063762950207651e-01,1.430998612605486711e-16,2.083551449651994784e-03,-1.049587532014313596e-02,6.972419046238682273e-12,1.257942676942427375e-02,-1.597159380975758081e-11,-1.352218557976509748e-14,-1.349719890602803750e-02,6.883039204693101876e-02,-4.542076200990330716e-11,-8.232759095146377493e-02,1.045285733729321917e-10
3.016897793047442544e+00,-3.805063769848009980e-01,-8.905665093101946400e-03,-4.605422233360906281e-01,1.145259427814839641e-09,-1.119159769812286154e+00,3.805063762949956740e-01,1.224083135624008245e-16,2.062202311472781120e-03,-1.038704543378200090e-02,6.900587739562417024e-12,1.244924774488692480e-02,-1.580634524147096986e-11,-1.266924668993874133e-14,-1.352090348016960625e-02,6.889805843948271225e-02,-4.548443570923970998e-11,-8.241896191736074184e-02,1.046003002272173487e-10
3.018478148098803437e+00,-3.805063769848009980e-01,-8.902422975410518094e-03,-4.605585524903390016e-01,1.145270276367982406e-09,-1.119140198540346853e+00,3.805063762949708051e-01,1.030388951037000142e-16,2.040815955288886700e-03,-1.027810837301297749e-02,6.828656178098248927e-12,1.231892432793822365e-02,-1.564098113151129810e-11,-1.184886421524392038e-14,-1.354430078411012102e-02,6.896602431538179090e-02,-4.554763991251255910e-11,-8.251032509645207791e-02,1.046747845216474634e-10
3.020058503150163887e+00,-3.805063769848009980e-01,-8.899214684846838003e-03,-4.605747094003572739e-01,1.145281011164984166e-09,-1.119120833339765309e+00,3.805063762949461581e-01,8.494070413692048665e-17,2.019392861662893876e-03,-1.016906366956053971e-02,6.756625096158510689e-12,1.218845653086515594e-02,-1.547549717548386555e-11,-1.106034422097199675e-14,-1.356739718066359013e-02,6.903428333571783038e-02,-4.561038430045476539e-11,-8.260168051264023259e-02,1.047519588265888354e-10
3.021638858201524780e+00,-3.805063769848009980e-01,-8.896040279095979858e-03,-4.605906938956685348e-01,1.145291632049137210e-09,-1.119101674438704119e+00,3.805063762949218442e-01,6.806393186596029266e-17,1.997933501136092607e-03,-1.005991086513287336e-02,6.684495212808605117e-12,1.205784436591712978e-02,-1.530988917520490637e-11,-1.030299747965590444e-14,-1.359019898923710494e-02,6.910282920463853285e-02,-4.567267848770153758e-11,-8.269302818947886491e-02,1.048317561584296383e-10
3.023219213252885229e+00,-3.805063769848009980e-01,-8.892899815107288206e-03,-4.606065058050788363e-01,1.145302138864858582e-09,-1.119082722065305457e+00,3.805063762948978079e-01,5.235985496145122428e-17,1.976438334297548477e-03,-9.950649511353649307e-03,6.612267231972278392e-12,1.192708784530679619e-02,-1.514415303799277587e-11,-9.576139528601625248e-15,-1.361271248530073960e-02,6.917165566987558412e-02,-4.573453202198332538e-11,-8.278436815016854133e-02,1.049141099850504912e-10
3.024799568304246122e+00,-3.805063769848009980e-01,-8.889793349109992651e-03,-4.606221449566942350e-01,1.145312531457666100e-09,-1.119063976447693509e+00,3.805063762948739936e-01,3.778082798493403579e-17,1.954907811853891057e-03,-9.841279169692383061e-03,6.539941842537760102e-12,1.179618698121024170e-02,-1.497828477594956356e-11,-8.879090727596609379e-15,-1.363494389985583574e-02,6.924075652327264796e-02,-4.579595438331624877e-11,-8.287570041755318306e-02,1.049989542313124146e-10
3.026379923355606572e+00,-3.805063769848009980e-01,-8.886720936628846393e-03,-4.606376111779350024e-01,1.145322809674153536e-09,-1.119045437813971811e+00,3.805063762948504569e-01,2.428027572221227527e-17,1.933342374700057226e-03,-9.731799411394546212e-03,6.467519718465568141e-12,1.166514178576780192e-02,-1.481228050523492222e-11,-8.211176316818926401e-15,-1.365689941890139633e-02,6.931012560131480371e-02,-4.585695498318959985e-11,-8.296702501411568065e-02,1.050862232845626869e-10
3.027960278406967021e+00,-3.805063769848009980e-01,-8.883682632499511483e-03,-4.606529042955515574e-01,1.145332973361968903e-09,-1.119027106392226578e+00,3.805063762948271422e-01,1.181268542448236912e-17,1.911742453990822712e-03,-9.622209817410524307e-03,6.395001518897417865e-12,1.153395227108457329e-02,-1.464613644533071731e-11,-7.571726474907157697e-15,-1.367858518289907788e-02,6.937975678565971860e-02,-4.591754316375132197e-11,-8.305834196197427188e-02,1.051758520001573343e-10
3.029540633458327470e+00,-3.805063769848009980e-01,-8.880678490883931950e-03,-4.606680241356397310e-01,1.145343022369789848e-09,-1.119008982410523378e+00,3.805063762948041606e-01,3.335989579444554767e-19,1.890108471213202291e-03,-9.512509978323882565e-03,6.322387888266485099e-12,1.140261844923107573e-02,-1.447984891829712177e-11,-6.960076377226592197e-15,-1.370000728623627095e-02,6.944964400367047153e-02,-4.597772819699043217e-11,-8.314965128287829521e-02,1.052677757070011734e-10
3.031120988509688363e+00,-3.805063769848009980e-01,-8.877708565285550787e-03,-4.606829705236560324e-01,1.145352956547301111e-09,-1.118991066096909126e+00,3.805063762947814010e-01,-1.020039513900484364e-17,1.868440838259641896e-03,-9.402699494278469322e-03,6.249679456408774221e-12,1.127114033224353197e-02,-1.431341434801949231e-11,-6.375566254309627061e-15,-1.372117177668766633e-02,6.951978122895002832e-02,-4.603751928391730457e-11,-8.324095299820427618e-02,1.053619302131051207e-10
3.032701343561048812e+00,-3.805063769848009980e-01,-8.874772908564386442e-03,-4.606977432844322484e-01,1.145362775745171154e-09,-1.118973357679412084e+00,3.805063762947589190e-01,-1.983166969106700546e-17,1.846739957502179560e-03,-9.292777974905262750e-03,6.176876838676172901e-12,1.113951793212490660e-02,-1.414682925944734386e-11,-5.817541450479407336e-15,-1.374208465487506380e-02,6.959016248187738229e-02,-4.609692555374116203e-11,-8.333224712895194453e-02,1.054582518111606011e-10
3.034281698612409262e+00,-3.805063769848009980e-01,-8.871871572952057250e-03,-4.607123422421910974e-01,1.145372479815029418e-09,-1.118955857386041641e+00,3.805063762947366590e-01,-2.860156701401374069e-17,1.825006221867341016e-03,-9.182745039247776006e-03,6.103980636050403511e-12,1.100775126084517670e-02,-1.398009027782357558e-11,-5.285352482659506623e-15,-1.376275187372553825e-02,6.966078183014545733e-02,-4.615595606304506689e-11,-8.342353369574020960e-02,1.055566772841318193e-10
3.035862053663770155e+00,-3.805063769848009980e-01,-8.869004610066644548e-03,-4.607267672205601627e-01,1.145382068609444402e-09,-1.118938565444787203e+00,3.805063762947147876e-01,-3.655040713582954706e-17,1.803240014911951239e-03,-9.072600315686902075e-03,6.030991435258482666e-12,1.087584033034199975e-02,-1.381319412790530064e-11,-4.778355099363116994e-15,-1.378317933792786235e-02,6.973163338930046806e-02,-4.621461979495833974e-11,-8.351481271880291379e-02,1.056571439108648325e-10
3.037442408715130604e+00,-3.805063769848009980e-01,-8.866172070927392720e-03,-4.607410180425874913e-01,1.145391541981900084e-09,-1.118921482083621299e+00,3.805063762946930273e-01,-4.371749611132394681e-17,1.781441710899829165e-03,-8.962343441864998803e-03,5.957909808889555644e-12,1.074378515252149766e-02,-1.364613763317596151e-11,-4.295910339860011863e-15,-1.380337290338737137e-02,6.980271132328308425e-02,-4.627292565832654174e-11,-8.360608421798507162e-02,1.057595894717139037e-10
3.039022763766491497e+00,-3.805063769848009980e-01,-8.863374005969383226e-03,-4.607550945307556378e-01,1.145400899786774626e-09,-1.118904607530495587e+00,3.805063762946715999e-01,-5.014113443017777470e-17,1.759611674879248957e-03,-8.851974064608650328e-03,5.884736315512727618e-12,1.061158573925847712e-02,-1.347891771504780189e-11,-3.837384593535616211e-15,-1.382333837667903097e-02,6.987400984497134371e-02,-4.633088248687866539e-11,-8.369734821273855374e-02,1.058639522541858848e-10
3.040603118817851946e+00,-3.805063769848009980e-01,-8.860610465058028212e-03,-4.607689965069960425e-01,1.145410141879317419e-09,-1.118887942013343739e+00,3.805063762946505057e-01,-5.585862551903005693e-17,1.737750262761431465e-03,-8.741491839851416382e-03,5.811471499796771389e-12,1.047924210239766646e-02,-1.331153139205667902e-11,-3.402149659430571342e-15,-1.384308151449881001e-02,6.994552321672507789e-02,-4.638849903839194056e-11,-8.378860472211815957e-02,1.059701710586016480e-10
3.042183473869212840e+00,-3.805063769848009980e-01,-8.857881497503451371e-03,-4.607827237927036856e-01,1.145419268115628400e-09,-1.118871485760082107e+00,3.805063762946295225e-01,-6.090628433786298364e-17,1.715857821399706384e-03,-8.630896432554682057e-03,5.738115892630486208e-12,1.034675425375373298e-02,-1.314397577904639740e-11,-2.989582805959044082e-15,-1.386260802311345755e-02,7.001724575093212777e-02,-4.644578399385397809e-11,-8.387985376477744004e-02,1.060781852037748481e-10
3.043763828920573289e+00,-3.805063769848009980e-01,-8.855187152074697060e-03,-4.607962762087511877e-01,1.145428278352634896e-09,-1.118855238998606172e+00,3.805063762946088723e-01,-6.531944607090797341e-17,1.693934688669703533e-03,-8.520187516628471153e-03,5.664670011244910477e-12,1.021412220511227174e-02,-1.297624808634524402e-11,-2.599066830811044883e-15,-1.388192355780855022e-02,7.008917181055618340e-02,-4.650274595662241891e-11,-8.397109535896452037e-02,1.061879345327079400e-10
3.045344183971933738e+00,-3.805063769848009980e-01,-8.852527477013915139e-03,-4.608096535755027423e-01,1.145437172448071767e-09,-1.118839201956794094e+00,3.805063762945885553e-01,-6.913247491223979058e-17,1.671981193550347525e-03,-8.409364774851020921e-03,5.591134359336639518e-12,1.008134596823040581e-02,-1.280834561893300456e-11,-2.229990121045098854e-15,-1.390103372233481363e-02,7.016129580968634427e-02,-4.655939345158196592e-11,-8.406232952251826984e-02,1.062993594183064981e-10
3.046924539023294187e+00,-3.805063769848009980e-01,-8.849902520050328958e-03,-4.608228557128280500e-01,1.145445950260459075e-09,-1.118823374862505382e+00,3.805063762945684047e-01,-7.237877294658355462e-17,1.649997656205727395e-03,-8.298427898787506807e-03,5.517509427192461656e-12,9.948425554837353468e-03,-1.264026577559889674e-11,-1.881746713359276266e-15,-1.391994406835273500e-02,7.023361221408816468e-02,-4.661573492429866933e-11,-8.415355627286374984e-02,1.064124007691098840e-10
3.048504894074655081e+00,-3.805063769848009980e-01,-8.847312328414068047e-03,-4.608358824401167508e-01,1.145454611649080370e-09,-1.118807757943580672e+00,3.805063762945485317e-01,-7.509078912557269262e-17,1.627984388067852447e-03,-8.187376588707884206e-03,5.443795691815369168e-12,9.815360976635033666e-03,-1.247200604809050165e-11,-1.553736354541948848e-15,-1.393866009487564235e-02,7.030611554175687783e-02,-4.667177874017210534e-11,-8.424477562700843913e-02,1.065270000350402686e-10
3.050085249126015530e+00,-3.805063769848009980e-01,-8.844756948849967840e-03,-4.608487335762912473e-01,1.145463156473963458e-09,-1.118792351427842391e+00,3.805063762945289918e-01,-7.730002833949532420e-17,1.605941691920339870e-03,-8.076210553504173384e-03,5.369993617052063654e-12,9.682152245299035717e-03,-1.230356402025398382e-11,-1.245364562120378984e-15,-1.395718724771081304e-02,7.037880036347170243e-02,-4.672753318358428484e-11,-8.433598760153783458e-02,1.066430992131689207e-10
3.051665604177376423e+00,-3.805063769848009980e-01,-8.842236427631133475e-03,-4.608614089398204716e-01,1.145471584595859099e-09,-1.118777155543094537e+00,3.805063762945096739e-01,-7.903706058521632476e-17,1.583869861982874954e-03,-7.964929510606224769e-03,5.296103653721454988e-12,9.548799372478863901e-03,-1.213493736716431081e-11,-9.560426851803221252e-16,-1.397553091889912683e-02,7.045166130335216159e-02,-4.678300645704664922e-11,-8.442719221261139884e-02,1.067606408534998931e-10
3.053245959228736872e+00,-3.805063769848009980e-01,-8.839750810572370027e-03,-4.608739083487339849e-01,1.145479895876219504e-09,-1.118762170517122234e+00,3.805063762944906891e-01,-8.033153023032223829e-17,1.561769183996666172e-03,-7.853533185897217106e-03,5.222126239744844522e-12,9.415302369798863799e-03,-1.196612385424717512e-11,-6.851879653725514631e-16,-1.399369644615292355e-02,7.052469303941605316e-02,-4.683820668034399661e-11,-8.451838947595825824e-02,1.068795680647711432e-10
3.054826314280097765e+00,-3.805063769848009980e-01,-8.837300143043623143e-03,-4.608862316206343568e-01,1.145488090177179308e-09,-1.118747396577693287e+00,3.805063762944718708e-01,-8.121216537369095128e-17,1.539639935310775859e-03,-7.742021313628172884e-03,5.148061800277446805e-12,9.281661248859075786e-03,-1.179712133639157160e-11,-4.322235981172284318e-16,-1.401168911229209481e-02,7.059789030413932132e-02,-4.689314188967608170e-11,-8.460957940687323375e-02,1.069998245202741881e-10
3.056406669331458215e+00,-3.805063769848009980e-01,-8.834884469983032840e-03,-4.608983785727109317e-01,1.145496167361534683e-09,-1.118732833952556405e+00,3.805063762944532746e-01,-8.170678730316282250e-17,1.517482384969227405e-03,-7.630393636330980167e-03,5.073910747840850760e-12,9.147876021235385943e-03,-1.162792775705235977e-11,-1.965787939696732597e-16,-1.402951414467860751e-02,7.067124788501685795e-02,-4.694782003679644310e-11,-8.470076202021231682e-02,1.071213544636895539e-10
3.057987024382819108e+00,-3.805063769848009980e-01,-8.832503835910096579e-03,-4.609103490217526522e-01,1.145504127292724934e-09,-1.118718482869441866e+00,3.805063762944351224e-01,-8.184232005012286955e-17,1.495296793799185580e-03,-7.518649904731476881e-03,4.999673482457466429e-12,9.013946698480752515e-03,-1.145854114734485971e-11,2.231115980506926542e-17,-1.404717671464921457e-02,7.074476062512617680e-02,-4.700224898814884625e-11,-8.479193733038876968e-02,1.072441027149418054e-10
3.059567379434179557e+00,-3.805063769848009980e-01,-8.830158284938533983e-03,-4.609221427841607710e-01,1.145511969834810165e-09,-1.118704343556062186e+00,3.805063762944171368e-01,-8.164480004166684901e-17,1.473083414499918795e-03,-7.406789877661000727e-03,4.925350391785932171e-12,8.879873292125755810e-03,-1.128895962512937317e-11,2.250048374870032449e-16,-1.406468193694647949e-02,7.081842342369165655e-02,-4.705643652400086981e-11,-8.488310535136855961e-02,1.073680146760708613e-10
3.061147734485540450e+00,-3.805063769848009980e-01,-8.827847860789082152e-03,-4.609337596759620070e-01,1.145519694852453908e-09,-1.118690416240111452e+00,3.805063762943994288e-01,-8.113938585044169034e-17,1.450842491732645635e-03,-7.294813321967022306e-03,4.850941851257849881e-12,8.745655813679047499e-03,-1.111918139408622598e-11,4.120546129644101240e-16,-1.408203486914811828e-02,7.089223123665122639e-02,-4.711039033757505589e-11,-8.497426609666645925e-02,1.074930363371214426e-10
3.062728089536900900e+00,-3.805063769848009980e-01,-8.825572606802107103e-03,-4.609451995128206470e-01,1.145527302210904720e-09,-1.118676701149265984e+00,3.805063762943819428e-01,-8.035036804253749453e-17,1.428574262211406397e-03,-7.182720012423440825e-03,4.776448224216295740e-12,8.611294274628540635e-03,-1.094920474278247247e-11,5.840065976134545858e-16,-1.409924051109461181e-02,7.096617907722435614e-02,-4.716411803417748170e-11,-8.506541957934145304e-02,1.076191142820502533e-10
3.064308444588261349e+00,-3.805063769848009980e-01,-8.823332565950112866e-03,-4.609564621100514237e-01,1.145534791775974466e-09,-1.118663198511183010e+00,3.805063762943648453e-01,-7.930117912368165958e-17,1.406278954794676220e-03,-7.070509731639185863e-03,4.701869862055164601e-12,8.476788686441609141e-03,-1.077902804372795475e-11,7.414005779901832491e-16,-1.411630380431509735e-02,7.104026201648197536e-02,-4.721762713032352659e-11,-8.515656581199274044e-02,1.077461956946507658e-10
3.065888799639621798e+00,-3.805063769848009980e-01,-8.821127780850071889e-03,-4.609675472826315068e-01,1.145542163414021366e-09,-1.118649908553502881e+00,3.805063762943479699e-01,-7.801440358406307699e-17,1.383956790578057001e-03,-6.958182269966775753e-03,4.627207104360468435e-12,8.342139060566343758e-03,-1.060864975242330345e-11,8.847699533374878559e-16,-1.413322963145154966e-02,7.111447518391797451e-02,-4.727092505286127385e-11,-8.524770480675521178e-02,1.078742283644954399e-10
3.067469154690982691e+00,-3.805063769848009980e-01,-8.818958293775608012e-03,-4.609784548452129926e-01,1.145549416991931171e-09,-1.118636831503847073e+00,3.805063762943313166e-01,-7.651178804205228241e-17,1.361607982987711983e-03,-6.845737425409094412e-03,4.552460279052449837e-12,8.207345408431772349e-03,-1.043806840639724972e-11,1.014641672905942646e-15,-1.415002281568127074e-02,7.118881376802237149e-02,-4.732401913809210788e-11,-8.533883657529536815e-02,1.080031606928962190e-10
3.069049509742343140e+00,-3.805063769848010535e-01,-8.816824146669057990e-03,-4.609891846121345060e-01,1.145556552377098972e-09,-1.118623967589818857e+00,3.805063762943148853e-01,-7.481425148713592741e-17,1.339232737874876747e-03,-6.733175003526110057e-03,4.477629702529640698e-12,8.072407741449067267e-03,-1.026728262423572525e-11,1.131536173085883978e-15,-1.416668812013759625e-02,7.126327301685635163e-02,-4.737691663088874574e-11,-8.542996112880682502e-02,1.081329416988823183e-10
3.070629864793704034e+00,-3.805063769848010535e-01,-8.814725381153371703e-03,-4.609997363974334128e-01,1.145563569437410170e-09,-1.118611317039004183e+00,3.805063762942988426e-01,-7.294189562234243791e-17,1.316831253611158194e-03,-6.620494817340011849e-03,4.402715679813878925e-12,7.937326071012005060e-03,-1.009629110460052231e-11,1.235967314355203374e-15,-1.418323024732897480e-02,7.133784823862895919e-02,-4.742962468381081959e-11,-8.552107847800619056e-02,1.082635210251960439e-10
3.072210219845064483e+00,-3.805063769848010535e-01,-8.812662038543837145e-03,-4.610101100148575326e-01,1.145570468041224346e-09,-1.118598880078970570e+00,3.805063762942829664e-01,-7.091401530646615763e-17,1.294403721184804543e-03,-6.507696687239711633e-03,4.327718504696902774e-12,7.802100408497721074e-03,-9.925092625238885531e-12,1.328442318038681680e-15,-1.419965383855619108e-02,7.141253480227516270e-02,-4.748215035621737644e-11,-8.561218863312838878e-02,1.083948489443059691e-10
3.073790574896425376e+00,-3.805063769848010535e-01,-8.810634159859703080e-03,-4.610203052778762411e-01,1.145577248057355620e-09,-1.118586656937267332e+00,3.805063762942674788e-01,-6.874910909639082832e-17,1.271950324297937453e-03,-6.394780440884616224e-03,4.252638459888477577e-12,7.666730765267727732e-03,-9.753686041983849588e-12,1.409461702879699382e-15,-1.421596347332801553e-02,7.148732813803639063e-02,-4.753450061337738115e-11,-8.570329160392275991e-02,1.085268763644387482e-10
3.075370929947785825e+00,-3.805063769848010535e-01,-8.808641785835576166e-03,-4.610303219996926827e-01,1.145583909355056513e-09,-1.118574647841426684e+00,3.805063762942521577e-01,-6.646488988977114077e-17,1.249471239464635883e-03,-6.281745913107117732e-03,4.177475817165683259e-12,7.531217152668475724e-03,-9.582070287744492403e-12,1.479519221427329986e-15,-1.423216366877502401e-02,7.156222373804188575e-02,-4.758668232557703994e-11,-8.579438739964830030e-02,1.086595548356277588e-10
3.076951284999146718e+00,-3.805063769848010535e-01,-8.806684956932715747e-03,-4.610401599932542616e-01,1.145590451804001207e-09,-1.118562853018962189e+00,3.805063762942371142e-01,-6.407829566841552361e-17,1.226966636109949344e-03,-6.168592945814183569e-03,4.102230837523635695e-12,7.395559582031959421e-03,-9.410244371486640214e-12,1.539101796232741276e-15,-1.424825887906172941e-02,7.163721715689251590e-02,-4.763870226722485551e-11,-8.588547602906949907e-02,1.087928365557802516e-10
3.078531640050507168e+00,-3.805063769848010535e-01,-8.804763713350196794e-03,-4.610498190712642996e-01,1.145596875274266508e-09,-1.118551272697369647e+00,3.805063762942224037e-01,-6.160550034267823220e-17,1.204436676669965204e-03,-6.055321387888615986e-03,4.026903771328017523e-12,7.259758064677058684e-03,-9.238207377204879177e-12,1.588689455857347329e-15,-1.426425349479694057e-02,7.171230401224573670e-02,-4.769056711595378074e-11,-8.597655750045189726e-02,1.089266743767621557e-10
3.080111995101867617e+00,-3.805063769848010535e-01,-8.802878095035826522e-03,-4.610592990461923613e-01,1.145603179636318416e-09,-1.118539907104126874e+00,3.805063762942079153e-01,-5.906192469705876645e-17,1.181881516692624094e-03,-5.941931095088492758e-03,3.951494858468426443e-12,7.123812611909770449e-03,-9.065958462883556739e-12,1.628755270696908643e-15,-1.428015184244247303e-02,7.178747998540283004e-02,-4.774228345172102639e-11,-8.606763182155771630e-02,1.090610218105008231e-10
3.081692350153228066e+00,-3.805063769848010535e-01,-8.801028141696958657e-03,-4.610685997302858552e-01,1.145609364760992057e-09,-1.118528756466694141e+00,3.805063762941937600e-01,-5.646224743742516081e-17,1.159301304939598914e-03,-5.828421929946288674e-03,3.876004328513565284e-12,6.987723235024232218e-03,-8.893496859449096001e-12,1.659765288613956213e-15,-1.429595818372001240e-02,7.186274082189719747e-02,-4.779385775590483162e-11,-8.615869899964131995e-02,1.091958330351053385e-10
3.083272705204588959e+00,-3.805063769848010535e-01,-8.799213892811156776e-03,-4.610777209355799711e-01,1.145615430519478659e-09,-1.118517821012513958e+00,3.805063762941798267e-01,-5.382041634009564142e-17,1.136696183489083927e-03,-5.714793761666937984e-03,3.800432400867774628e-12,6.851489945303558191e-03,-8.720821869712380680e-12,1.682178470382875545e-15,-1.431167671501638178e-02,7.193808233208512370e-02,-4.784529641039910832e-11,-8.624975904144500938e-02,1.093310629010054268e-10
3.084853060255949408e+00,-3.805063769848010535e-01,-8.797435387636640819e-03,-4.610866624739087261e-01,1.145621376783307768e-09,-1.118507100969010626e+00,3.805063762941661709e-01,-5.114965950307708021e-17,1.114066287839517990e-03,-5.601046466024921927e-03,3.724779284928967762e-12,6.715112754020659790e-03,-8.547932867301401315e-12,1.696446624946684837e-15,-1.432731156678691484e-02,7.201350039173760875e-02,-4.789660569670493184e-11,-8.634081195319431856e-02,1.094666669371075641e-10
3.086433415307310302e+00,-3.805063769848010535e-01,-8.795692665222664200e-03,-4.610954241569143464e-01,1.145627203424331528e-09,-1.118496596563590684e+00,3.805063762941528482e-01,-4.846249669981698373e-17,1.091411747014225248e-03,-5.487179925260286806e-03,3.649045180247914643e-12,6.578591672438892715e-03,-8.374829295583913910e-12,1.703014344483487055e-15,-1.434286680295720345e-02,7.208899094263430951e-02,-4.794779179501967300e-11,-8.643185774059375381e-02,1.096026013569695321e-10
3.088013770358670751e+00,-3.805063769848010535e-01,-8.793985764419613368e-03,-4.611040057960585359e-01,1.145632910314710625e-09,-1.118486308023643128e+00,3.805063762941396921e-01,-4.577075083566473423e-17,1.068732683667090577e-03,-5.373194027974162457e-03,3.573230276689265046e-12,6.441926711813266912e-03,-8.201510666581043213e-12,1.702318939286251485e-15,-1.435834642032305861e-02,7.216454999315907726e-02,-4.799886078332345458e-11,-8.652289640882229738e-02,1.097388230649925497e-10
3.089594125410031644e+00,-3.805063769848010535e-01,-8.792314723888965122e-03,-4.611124072026318021e-01,1.145638497326898149e-09,-1.118476235576538969e+00,3.805063762941269245e-01,-4.308555950736746962e-17,1.046029214189020872e-03,-5.259088669022516510e-03,3.497334754593469164e-12,6.305117883390645196e-03,-8.027976559869827300e-12,1.694790372453078165e-15,-1.437375434794875735e-02,7.224017361889729927e-02,-4.804981863646286793e-11,-8.661392796252878612e-02,1.098752896626320555e-10
3.091174480461392093e+00,-3.805063769848010535e-01,-8.790679582113186674e-03,-4.611206281877630042e-01,1.145643964333623886e-09,-1.118466379449631676e+00,3.805063762941143790e-01,-4.041738666608523425e-17,1.023301448815593312e-03,-5.144863749410136765e-03,3.421358784940928540e-12,6.168165198411388640e-03,-7.854226621477671301e-12,1.680851194385013377e-15,-1.438909444656348742e-02,7.231585796323486415e-02,-4.810067122523209157e-11,-8.670495240582765106e-02,1.100119594546255247e-10
3.092754835512752987e+00,-3.805063769848010535e-01,-8.789080377405288774e-03,-4.611286685624297887e-01,1.145649311207881490e-09,-1.118456739870256511e+00,3.805063762941020555e-01,-3.777603438386177363e-17,1.000549491735387318e-03,-5.030519176182310717e-03,3.345302529516696684e-12,6.031068668109354838e-03,-7.680260562764944328e-12,1.660916477098536873e-15,-1.440437050795612302e-02,7.239159923795895901e-02,-4.815142431545131508e-11,-8.679596974229419892e-02,1.101487914552393112e-10
3.094335190564113436e+00,-3.805063769848010535e-01,-8.787517147918356281e-03,-4.611365281374673608e-01,1.145654537822912770e-09,-1.118447317065732083e+00,3.805063762940901206e-01,-3.517065472422942466e-17,9.777734411995477395e-04,-4.916054862316920557e-03,3.269166141077555428e-12,5.893828303713568445e-03,-7.506078159299732732e-12,1.635393748345156042e-15,-1.441958625436816008e-02,7.246739372386053202e-02,-4.820208356704255216e-11,-8.688697997496019898e-02,1.102857453945327312e-10
3.095915545615474329e+00,-3.805063769848010535e-01,-8.785989931654797705e-03,-4.611442067235782538e-01,1.145659644052194247e-09,-1.118438111263357460e+00,3.805063762940783523e-01,-3.260976171695464614e-17,9.549733896320696837e-04,-4.801470726614377564e-03,3.192949763519743963e-12,5.756444116448433679e-03,-7.331679249720865810e-12,1.604682925542699760e-15,-1.443474533788502781e-02,7.254323777133861451e-02,-4.825265453310277186e-11,-8.697798310630945606e-02,1.104227817246410044e-10
3.097495900666834778e+00,-3.805063769848010535e-01,-8.784498766475527104e-03,-4.611517041313407117e-01,1.145664629769422059e-09,-1.118429122690415056e+00,3.805063762940668615e-01,-3.010124343746461489e-17,9.321494237412149232e-04,-4.686766693587470639e-03,3.116653532048731205e-12,5.618916117534996334e-03,-7.157063734592277925e-12,1.569176249515097531e-15,-1.444985133982546605e-02,7.261912780100611420e-02,-4.830314265897421213e-11,-8.706897913827287006e-02,1.105598616260751126e-10
3.099076255718195227e+00,-3.805063769848010535e-01,-8.783043690108826781e-03,-4.611590201712186810e-01,1.145669494848500381e-09,-1.118420351574170413e+00,3.805063762940557592e-01,-2.765237419098757899e-17,9.093016246317907900e-04,-4.571942693349699549e-03,3.040277573350100885e-12,5.481244318191563075e-03,-6.982231575246626976e-12,1.529258218043386965e-15,-1.446490777012935519e-02,7.269506030429771781e-02,-4.835355328131237354e-11,-8.715996807222445297e-02,1.106969470140413956e-10
3.100656610769555677e+00,-3.805063769848010535e-01,-8.781624740159182235e-03,-4.611661546535696932e-01,1.145674239163526739e-09,-1.118411798141869085e+00,3.805063762940448235e-01,-2.526982680201666822e-17,8.864300679184942966e-04,-4.456998661503158016e-03,2.963822005762241657e-12,5.343428729634923553e-03,-6.807182792619611929e-12,1.485305519224552184e-15,-1.447991806674363106e-02,7.277103184407926473e-02,-4.840389162715094321e-11,-8.725094990897624969e-02,1.108340005447775992e-10
3.102236965820916570e+00,-3.805063769848010535e-01,-8.780241954115860364e-03,-4.611731073886538579e-01,1.145678862588778159e-09,-1.118403462620741307e+00,3.805063762940341654e-01,-2.295968500915870826e-17,8.635348238401035614e-04,-4.341934539024807846e-03,2.887286939450092590e-12,5.205469363080820512e-03,-6.631917466073337475e-12,1.437686964640345742e-15,-1.449488559500650663e-02,7.284703905525891088e-02,-4.845416281296427613e-11,-8.734192464877406359e-02,1.109709856219081816e-10
3.103817320872277019e+00,-3.805063769848010535e-01,-8.778895369361256959e-03,-4.611798781866421892e-01,1.145683364998700825e-09,-1.118395345237998217e+00,3.805063762940238958e-01,-2.072745596568595884e-17,8.406159573747610256e-04,-4.226750272152393975e-03,2.810672476580772840e-12,5.067366229745142413e-03,-6.456435732210525583e-12,1.386763422335473248e-15,-1.450981364702992778e-02,7.292307864540012452e-02,-4.850437184372715570e-11,-8.743289229129266871e-02,1.111078664028174426e-10
3.105397675923637912e+00,-3.805063769848010535e-01,-8.777585023179192147e-03,-4.611864668576247661e-01,1.145687746267895397e-09,-1.118387446220832970e+00,3.805063762940138483e-01,-1.857808284633236893e-17,8.176735283561876750e-04,-4.111445812269134796e-03,2.733978711500538116e-12,4.929119340844828959e-03,-6.280737783678249965e-12,1.332887749603671017e-15,-1.452470544108030656e-02,7.299914739533651387e-02,-4.855452361197189834e-11,-8.752385283563142437e-02,1.112446078050407862e-10
3.106978030974998362e+00,-3.805063769848010535e-01,-8.776310952762890125e-03,-4.611928732116189478e-01,1.145692006271105637e-09,-1.118379765796422287e+00,3.805063762940040228e-01,-1.651595756027050670e-17,7.947075915908183991e-04,-3.996021115787160884e-03,2.657205730913037298e-12,4.790728707598449626e-03,-6.104823867961140957e-12,1.276404725583020994e-15,-1.453956412095735833e-02,7.307524215978786208e-02,-4.860462289684256941e-11,-8.761480628030929307e-02,1.113811755126739879e-10
3.108558386026359255e+00,-3.805063769848010535e-01,-8.775073195222898165e-03,-4.611990970585768124e-01,1.145696144883206415e-09,-1.118372304191924016e+00,3.805063762939945859e-01,-1.454493357095854238e-17,7.717181969760763052e-04,-3.880476144030750758e-03,2.580353614059583686e-12,4.652194341227712873e-03,-5.928694286165609346e-12,1.217650983659746814e-15,-1.455439275537137589e-02,7.315135986797884071e-02,-4.865467436314693724e-11,-8.770575262326066324e-02,1.115175359828012534e-10
3.110138741077719704e+00,-3.805063769848009980e-01,-8.773871787594660424e-03,-4.612051382083935946e-01,1.145700161979192129e-09,-1.118365061634478463e+00,3.805063762939853156e-01,-1.266833882273540809e-17,7.487053896194430539e-04,-3.764810863117648045e-03,2.503422432900291399e-12,4.513516252957846912e-03,-5.752349391792490484e-12,1.156954943679774116e-15,-1.456919433731857297e-02,7.322749752425888881e-02,-4.870468256040529949e-11,-8.779669186183020058e-02,1.116536564519409981e-10
3.111719096129080597e+00,-3.805063769848009980e-01,-8.772706766846063986e-03,-4.612109964709142362e-01,1.145704057434165744e-09,-1.118358038351209283e+00,3.805063762939763783e-01,-1.088898877490321258e-17,7.256692099586360559e-04,-3.649025243839976174e-03,2.426412252297119380e-12,4.374694454018701259e-03,-5.575789589500338985e-12,1.094636743968608117e-15,-1.458397178345463736e-02,7.330365220872291088e-02,-4.875465192189656936e-11,-8.788762399276885129e-02,1.117895049425099533e-10
3.113299451180441046e+00,-3.805063769848009980e-01,-8.771578169884698684e-03,-4.612166716559413793e-01,1.145707831123326386e-09,-1.118351234569220365e+00,3.805063762939676630e-01,-9.209199543300742773e-18,7.026096938827926762e-04,-3.533119261544263173e-03,2.349323130198472819e-12,4.235728955645946293e-03,-5.399015333858655104e-12,1.031008173159172860e-15,-1.459872793346674719e-02,7.337982107783651287e-02,-4.880458676370245555e-11,-8.797854901222833257e-02,1.119250502693057805e-10
3.114879806231801940e+00,-3.805063769848009980e-01,-8.770486033564960787e-03,-4.612221635732421388e-01,1.145711482921959827e-09,-1.118344650515599614e+00,3.805063762939592809e-01,-7.630801149775335268e-18,6.795268728545275465e-04,-3.417092896009856200e-03,2.272155117824908439e-12,4.096619769081552911e-03,-5.222027128089898918e-12,9.663726018269392287e-16,-1.461346554944354358e-02,7.345600136505993361e-02,-4.885449128374793268e-11,-8.806946691575706643e-02,1.120602620460077805e-10
3.116460161283162389e+00,-3.805063769848009980e-01,-8.769430394694920777e-03,-4.612274720325551525e-01,1.145715012705427733e-09,-1.118338286417415839e+00,3.805063762939511762e-01,-6.155150879824362934e-18,6.564207740331492145e-04,-3.300946131327182551e-03,2.194908259856912163e-12,3.957366905575262703e-03,-5.044825522802486321e-12,9.010249139326202135e-16,-1.462818731524347798e-02,7.353219038147550124e-02,-4.890436956083956629e-11,-8.816037769829523918e-02,1.121951106916960462e-10
3.118040516334522838e+00,-3.805063769848009980e-01,-8.768411290043052336e-03,-4.612325968435972423e-01,1.145718420349156910e-09,-1.118332142501721638e+00,3.805063762939433492e-01,-4.783146748784875614e-18,6.332914203987072927e-04,-3.184678955774148008e-03,2.117582594623625545e-12,3.817970376385044617e-03,-4.867411114712153581e-12,8.352514380720585106e-16,-1.464289583586133453e-02,7.360838551641613048e-02,-4.895422555370105260e-11,-8.825128135417012465e-02,1.123295674373888388e-10
3.119620871385883287e+00,-3.805063769848009980e-01,-8.767428756344746235e-03,-4.612375378160698536e-01,1.145721705728630413e-09,-1.118326218995550514e+00,3.805063762939357996e-01,-3.515241076806039573e-18,6.101388308772049069e-04,-3.068291361692373435e-03,2.040178154293643375e-12,3.678430192778530880e-03,-4.689784545354214848e-12,7.693298785334897702e-16,-1.465759363679298120e-02,7.368458423809606805e-02,-4.900406310000597937e-11,-8.834217787709136571e-02,1.124636043325981620e-10
3.121201226437244181e+00,-3.805063769848009980e-01,-8.766482830308584828e-03,-4.612422947596655498e-01,1.145724868719376792e-09,-1.118320516125918429e+00,3.805063762939285277e-01,-2.351454172889682522e-18,5.869630204666876142e-04,-2.951783345361779463e-03,1.962694965066913125e-12,3.538746366033699610e-03,-4.511946499784491959e-12,7.035292461608484161e-16,-1.467228316339838634e-02,7.376078409424322024e-02,-4.905388591540796311e-11,-8.843306726014626973e-02,1.125971942519043491e-10
3.122781581488604630e+00,-3.805063769848009980e-01,-8.765573548622488179e-03,-4.612468674840738969e-01,1.145727909196962027e-09,-1.118315034119823359e+00,3.805063762939215333e-01,-1.291388128413638739e-18,5.637640003644003688e-04,-2.835154906874467334e-03,1.885133047368367502e-12,3.398918907439908710e-03,-4.333897705270257505e-12,6.381097890246573739e-16,-1.468696678026274426e-02,7.383698271273275715e-02,-4.910369759256790408e-11,-8.852394949579490968e-02,1.127303109015479553e-10
3.124361936539965523e+00,-3.805063769848009980e-01,-8.764700947959580893e-03,-4.612512557989878470e-01,1.145730827036979601e-09,-1.118309773204246405e+00,3.805063762939148719e-01,-3.342407202985056249e-19,5.405417780949579995e-04,-2.718406050007622209e-03,1.807492416043109595e-12,3.258947828298969229e-03,-4.155638929970800968e-12,5.733229228983954470e-16,-1.470164677055595809e-02,7.391317780222358969e-02,-4.915350160017885018e-11,-8.861482457586550288e-02,1.128629288260413220e-10
3.125942291591325972e+00,-3.805063769848009980e-01,-8.763865064983909769e-03,-4.612554595141087344e-01,1.145733622115042229e-09,-1.118304733606149348e+00,3.805063762939084326e-01,5.211805757450824721e-19,5.172963576395191165e-04,-2.601536782095344863e-03,1.729773080553100305e-12,3.118833139926154973e-03,-3.977170981607428930e-12,5.094111615417917764e-16,-1.471632533539021792e-02,7.398936715279542942e-02,-4.920330128198775898e-11,-8.870569249154959535e-02,1.129950234147974603e-10
3.127522646642686865e+00,-3.805063769848009980e-01,-8.763065936355987975e-03,-4.612594784391524372e-01,1.145736294306772761e-09,-1.118299915552477541e+00,3.805063762939022154e-01,1.276444461619300434e-18,4.940277395659610623e-04,-2.484547113899401340e-03,1.651975045175345046e-12,2.978574853651123205e-03,-3.798494706122853287e-12,4.466080467907303580e-16,-1.473100459317585632e-02,7.406554863658837418e-02,-4.925309985581479752e-11,-8.879655323339721851e-02,1.131265709087778557e-10
3.129103001694047315e+00,-3.805063769848009980e-01,-8.762303598737987073e-03,-4.612633123838545401e-01,1.145738843487798386e-09,-1.118295319270157018e+00,3.805063762938963867e-01,1.933481582738878261e-18,4.707359211600872935e-04,-2.367437059479031089e-03,1.574098309201678460e-12,2.838172980818931632e-03,-3.619610986330197307e-12,3.851380784503189734e-16,-1.474568657897538937e-02,7.414172020844402022e-02,-4.930290041256981811e-11,-8.888740679131212907e-02,1.132575484071592079e-10
3.130683356745408208e+00,-3.805063769848009980e-01,-8.761578088798894354e-03,-4.612669611579752194e-01,1.145741269533740299e-09,-1.118290944986097157e+00,3.805063762938907801e-01,2.494570182810106376e-18,4.474208965578806390e-04,-2.250206636059850444e-03,1.496142867140179265e-12,2.697627532791193293e-03,-3.440520740551576703e-12,3.252166439970037879e-16,-1.476037324385580211e-02,7.421787990654848954e-02,-4.935270591526619103e-11,-8.897825315454693795e-02,1.133879338740176965e-10
3.132263711796768657e+00,-3.805063769848009980e-01,-8.760889443219361389e-03,-4.612704245713044049e-01,1.145743572320207493e-09,-1.118286792927188023e+00,3.805063762938855065e-01,2.962321647461448079e-18,4.240826568787229071e-04,-2.132855863901449416e-03,1.418108708917953495e-12,2.556938520946897084e-03,-3.261224921245691073e-12,2.670499480841032124e-16,-1.477506645423896231e-02,7.429402585307681717e-02,-4.940251919803171621e-11,-8.906909231169829466e-02,1.135177061450322844e-10
3.133844066848129106e+00,-3.805063769848009980e-01,-8.760237698696405131e-03,-4.612737024336661662e-01,1.145745751722789315e-09,-1.118282863320303244e+00,3.805063762938805105e-01,3.339665936268728722e-18,4.007211903597284017e-04,-2.015384766164398257e-03,1.339995820085769012e-12,2.416105956683742631e-03,-3.081724513625445966e-12,2.108349418538584429e-16,-1.478976799125035491e-02,7.437015625483986425e-02,-4.945234296511711160e-11,-8.915992425070211336e-02,1.136468449342064912e-10
3.135424421899489555e+00,-3.805063769848009980e-01,-8.759622891947774215e-03,-4.612767945549235971e-01,1.145747807617049885e-09,-1.118279156392296914e+00,3.805063762938757921e-01,3.629836902998795940e-18,3.773364824910230807e-04,-1.897793368775803997e-03,1.261804182023974406e-12,2.275129851418980758e-03,-2.902020534264311474e-12,1.567592520518862254e-16,-1.480447955006591355e-02,7.444626940393218872e-02,-4.950217978990139952e-11,-8.925074895882861847e-02,1.137753308406089326e-10
3.137004776950850449e+00,-3.805063769848009980e-01,-8.759045059716237189e-03,-4.612797007449827014e-01,1.145749739878519406e-09,-1.118275672370006024e+00,3.805063762938713512e-01,3.836357503563572639e-18,3.539285161520638965e-04,-1.780081700293875387e-03,1.183533772150015706e-12,2.134010216590292996e-03,-2.722114029692034502e-12,1.050011099495730306e-16,-1.481920273925710005e-02,7.452236367838233067e-02,-4.955203211389486971e-11,-8.934156642267744586e-02,1.139031453551320066e-10
3.138585132002210898e+00,-3.805063769848009980e-01,-8.758504238773622691e-03,-4.612824208137966675e-01,1.145751548382690858e-09,-1.118272411480249140e+00,3.805063762938671879e-01,3.963024891528483712e-18,3.304972717491229503e-04,-1.662249791772098815e-03,1.105184564127956625e-12,1.992747063657456918e-03,-2.542006074980644606e-12,5.572928007068568600e-17,-1.483393908013419873e-02,7.459843754280455486e-02,-4.960190224573914723e-11,-8.943237662817288269e-02,1.140302708672689711e-10
3.140165487053571791e+00,-3.805063769848009980e-01,-8.758000465924542163e-03,-4.612849545713697541e-01,1.145753233005011316e-09,-1.118269373949826839e+00,3.805063762938633021e-01,4.013895400905300442e-18,3.070427273535765032e-04,-1.544297676621212865e-03,1.026756528078801149e-12,1.851340404102605692e-03,-2.361697772317966881e-12,9.102988718950355155e-18,-1.484869000608778598e-02,7.467448954905246683e-02,-4.965179236020450086e-11,-8.952317956055878823e-02,1.141566906719108358e-10
3.141745842104932240e+00,-3.805063769848009980e-01,-8.757533778010065731e-03,-4.612873018277604542e-01,1.145754793620879253e-09,-1.118266560005521493e+00,3.805063762938597494e-01,3.993269415694952391e-18,2.835648588415123233e-04,-1.426225390471530042e-03,9.482496307933235122e-13,1.709790249432157532e-03,-2.181190249572447044e-12,-3.472814768404357884e-17,-1.486345686192839730e-02,7.475051833687450242e-02,-4.970170449718450209e-11,-8.961397520439390307e-02,1.142823889761599386e-10
3.143326197156293134e+00,-3.805063769848009980e-01,-8.757104211910976543e-03,-4.612894623930856586e-01,1.145756230105637105e-09,-1.118263969874096597e+00,3.805063762938564187e-01,3.905676126180102259e-18,2.600636400340992265e-04,-1.308032971032802982e-03,8.696638359455473355e-13,1.568096611177053788e-03,-2.000484658845078876e-12,-7.562419446383928987e-17,-1.487824090322438335e-02,7.482652263457099939e-02,-4.975164056068787282e-11,-8.970476354354665893e-02,1.144073509061642159e-10
3.144906552207653583e+00,-3.805063769848009980e-01,-8.756711804551011238e-03,-4.612914360775231537e-01,1.145757542334568782e-09,-1.118261603782299218e+00,3.805063762938534211e-01,3.755858171353966003e-18,2.365390428392800221e-04,-1.189720457954435888e-03,7.909991043087358960e-13,1.426259500894660201e-03,-1.819582175012582850e-12,-1.134549707476861546e-16,-1.489304329563798969e-02,7.490250125965339234e-02,-4.980160231782753497e-11,-8.979554456119043238e-02,1.145315625139682870e-10
3.146486907259014476e+00,-3.805063769848009980e-01,-8.756356592899670194e-03,-4.612932226913148415e-01,1.145758730182892642e-09,-1.118259461956856216e+00,3.805063762938507010e-01,3.548756167431831987e-18,2.129910373942750079e-04,-1.071287892683443852e-03,7.122553939721855421e-13,1.284278930169231812e-03,-1.638483994257936743e-12,-1.481001217213262060e-16,-1.490786511425959589e-02,7.497845311950482317e-02,-4.985159139780707516e-11,-8.988631823979854885e-02,1.146550107843848821e-10
3.148067262310374925e+00,-3.805063769848009980e-01,-8.756038613975005228e-03,-4.612948220447695147e-01,1.145759793525760040e-09,-1.118257544624476685e+00,3.805063762938482586e-01,3.289493121917053186e-18,1.894195922093084715e-04,-9.527353183222194051e-04,6.334326605601845011e-13,1.142154910613406770e-03,-1.457191332591304599e-12,-1.794491910763953656e-16,-1.492270734294014189e-02,7.505437721204274992e-02,-4.990160929090418492e-11,-8.997708456113923114e-02,1.147776836418831115e-10
3.149647617361735819e+00,-3.805063769848009980e-01,-8.755757904845975353e-03,-4.612962339482651886e-01,1.145760732238249746e-09,-1.118255852011851736e+00,3.805063762938460936e-01,2.983358733120553664e-18,1.658246743122857676e-04,-8.340627794847206913e-04,5.545308574522300280e-13,9.998874538690680647e-04,-1.275705424359275922e-12,-2.074016936612283665e-16,-1.493757087362178153e-02,7.513027262638354020e-02,-4.995165734745166466e-11,-9.006784350627076996e-02,1.148995699574976726e-10
3.151227972413096268e+00,-3.805063769848009980e-01,-8.755514502634753962e-03,-4.612974582122515987e-01,1.145761546195365049e-09,-1.118254384345654051e+00,3.805063762938442062e-01,2.635793574618732012e-18,1.422062493946353145e-04,-7.152703221521353183e-04,4.755499360052089959e-13,8.574765716088530521e-04,-1.094027520743964422e-12,-2.318671883220810434e-16,-1.495245650566665377e-02,7.520613854350832739e-02,-5.000173677681532572e-11,-9.015859505553631970e-02,1.150206595557544581e-10
3.152808327464456717e+00,-3.805063769848009980e-01,-8.755308444518680386e-03,-4.612984946472520886e-01,1.145762235272031694e-09,-1.118253141852537436e+00,3.805063762938425964e-01,2.252373164501936611e-18,1.185642819580508321e-04,-5.963579935266789464e-04,3.964898457766562362e-13,7.149222755366920921e-04,-9.121588882499133270e-13,-2.527653509463607442e-16,-1.496736494518391587e-02,7.528197423693135104e-02,-5.005184864636943024e-11,-9.024933918855906900e-02,1.151409432216167022e-10
3.154388682515817166e+00,-3.805063769848009980e-01,-8.755139767732029316e-03,-4.612993430638656078e-01,1.145762799343093942e-09,-1.118252124759137045e+00,3.805063762938413197e-01,1.838791919008833620e-18,9.489873546248881429e-05,-4.773258418852915300e-04,3.173505347502689948e-13,5.722245773895029376e-04,-7.301008071814669135e-13,-2.700260477011437964e-16,-1.498229680435488737e-02,7.535777907336949077e-02,-5.010199388046911957e-11,-9.034007588423710600e-02,1.152604127074490914e-10
3.155969037567178059e+00,-3.805063769848009980e-01,-8.755008509567561645e-03,-4.613000032727678223e-01,1.145763238283312515e-09,-1.118251333292070271e+00,3.805063762938403205e-01,1.400846990256393450e-18,7.120957247510696696e-05,-3.581739164316362399e-04,2.381319495626236880e-13,4.293834889381278105e-04,-5.478545701081446823e-13,-2.835894084683768513e-16,-1.499725260075643676e-02,7.543355251341407608e-02,-5.015217325942026422e-11,-9.043080512073847776e-02,1.153790607400006164e-10
3.157549392618538509e+00,-3.805063769848009980e-01,-8.754914707377802960e-03,-4.613004750847130575e-01,1.145763551967363552e-09,-1.118250767677935409e+00,3.805063762938395988e-01,9.444219877757780982e-19,4.749675482029468176e-05,-2.389022671471419297e-04,1.588340357315941752e-13,2.863990219884069246e-04,-3.654214803191310746e-13,-2.934059004798200777e-16,-1.501223275668247398e-02,7.550929411220411169e-02,-5.020238741844641223e-11,-9.052152687549600008e-02,1.154968810274064238e-10
3.159129747669899402e+00,-3.805063769848009980e-01,-8.754858398576087844e-03,-4.613007583105351306e-01,1.145763740269835926e-09,-1.118250428143311437e+00,3.805063762938390992e-01,4.754705835143056251e-19,2.376024373081231305e-05,-1.195109446411571526e-04,7.945673788652146598e-14,1.432711883824709361e-04,-1.828028502669542340e-13,-2.994364021490149251e-16,-1.502723759846371146e-02,7.558500352010166790e-02,-5.025263684665299745e-11,-9.061224112520240015e-02,1.156138682662086919e-10
3.160710102721259851e+00,-3.805063769848009980e-01,-8.754839620637399483e-03,-4.613008527611480170e-01,1.145763803065230001e-09,-1.118250314914760013e+00,3.805063762938389882e-01,0.000000000000000000e+00,0.000000000000000000e+00,-0.000000000000000000e+00,0.000000000000000000e+00,0.000000000000000000e+00,-0.000000000000000000e+00,-3.016522771006427807e-16,-1.504226735578549808e-02,7.566068048336881124e-02,-5.030292188598880137e-11,-9.070294784580497371e-02,1.157300181483957573e-10
