time_s,q1,q2,q3,q4,q5,q6,dq1,dq2,dq3,dq4,dq5,dq6,ddq1,ddq2,ddq3,ddq4,ddq5,ddq6
0.000000000000000000e+00,3.804964273917990081e-01,-2.123761160006770038e-02,-3.239228190795240270e-01,2.383402286978900166e-09,-1.268108665265869961e+00,-3.805142693487629790e-01,0.000000000000000000e+00,-0.000000000000000000e+00,-0.000000000000000000e+00,-0.000000000000000000e+00,0.000000000000000000e+00,0.000000000000000000e+00,7.219940889759051310e-06,-1.618169792789714618e-05,-2.706986194617496191e-02,-1.828627711005039184e-09,2.705189935422112890e-02,5.727035482641028749e-06
2.875543426902122095e-03,3.804964274216390274e-01,-2.123761166694442329e-02,-3.239229309591766803e-01,2.383394729266189214e-09,-1.268108553460454369e+00,-3.805142693250931352e-01,2.075087300393598100e-08,-4.650487138597215557e-08,-7.780164032254494218e-05,-5.255669378963792145e-12,7.775001697355265573e-05,1.646010511528459231e-08,7.212721014107199419e-06,-1.616234726290278546e-05,-2.704278897367994733e-02,-1.826799222571854429e-09,2.702484751326940729e-02,5.721308496343474481e-06
5.751086853804244191e-03,3.804964275111191729e-01,-2.123761186745919127e-02,-3.239232664488864155e-01,2.383372066207214484e-09,-1.268108218193330972e+00,-3.805142692541152449e-01,4.148098512909882384e-08,-9.294499561503358549e-08,-1.555254222013368248e-04,-1.050608126008631799e-11,1.554222453714569348e-04,3.290374217390005805e-08,7.205501268556602954e-06,-1.613666631739887937e-05,-2.701570978761358086e-02,-1.824971012306924121e-09,2.699779578899547464e-02,5.715581608131438497e-06
8.626630280706365853e-03,3.804964276601798256e-01,-2.123761220139966377e-02,-3.239238253247422317e-01,2.383334312918990771e-09,-1.268107659688183286e+00,-3.805142691358766593e-01,6.219033674865186137e-08,-1.393021754368090263e-07,-2.331713277746742178e-04,-1.575123644280478742e-11,2.330166855291717655e-04,4.933091145717180072e-08,7.198281652419675296e-06,-1.610465695547791629e-05,-2.698862438984675483e-02,-1.823143079975721880e-09,2.697074418140630106e-02,5.709854817479747665e-06
1.150217370760848838e-02,3.804964278687613111e-01,-2.123761266850114626e-02,-3.239246073627816136e-01,2.383281484516232065e-09,-1.268106878168695051e+00,-3.805142689704247294e-01,8.287892823354123826e-08,-1.855582006083315823e-07,-3.107393391682602437e-04,-2.099113572654342099e-11,3.105333377825539244e-04,6.574161324472765066e-08,7.191062164842123578e-06,-1.606630829141101715e-05,-2.696153276976284360e-02,-1.821315425803202986e-09,2.694369269077120585e-02,5.704128123733059369e-06
1.437771713451061091e-02,3.804964281368038992e-01,-2.123761326844653130e-02,-3.239256123389908093e-01,2.383213596111355278e-09,-1.268105873858547339e+00,-3.805142687578067506e-01,1.035467599520182275e-07,-2.316948113604903804e-07,-3.882294384594205442e-04,-2.622577991203005893e-11,3.879722024686092525e-04,8.213584781412496547e-08,7.183842804804122674e-06,-1.602159677940846079e-05,-2.693443490434558468e-02,-1.819488050470570528e-09,2.691664131761994580e-02,5.698401526106788166e-06
1.725326056141273171e-02,3.804964284642478045e-01,-2.123761400086608686e-02,-3.239268400293042749e-01,2.383130662814467417e-09,-1.268104646981421890e+00,-3.805142684980700740e-01,1.241938322691651070e-07,-2.776936621222434671e-07,-4.656416076415739757e-04,-3.145516980260350315e-11,4.653332799262396434e-04,9.851361544048029124e-08,7.176623571121495111e-06,-1.597048630313998045e-05,-2.690733075826673079e-02,-1.817660955112050012e-09,2.688959006274090763e-02,5.692675023688013804e-06
2.012880398831485423e-02,3.804964288510334636e-01,-2.123761486533716145e-02,-3.239282902096045080e-01,2.383032699733363109e-09,-1.268103197760998224e+00,-3.805142681912621616e-01,1.448201455464239113e-07,-3.235362855019039939e-07,-5.429758285889536460e-04,-3.667930620551152035e-11,5.426165704969828762e-04,1.148749163961014856e-07,7.169404462446876592e-06,-1.591292826501502814e-05,-2.688022028397351812e-02,-1.815834141311671837e-09,2.686253892717924141e-02,5.686948615436397712e-06
2.300434741521697676e-02,3.804964292971011464e-01,-2.123761586138377469e-02,-3.239299626557219924e-01,2.382919721973507638e-09,-1.268101526420956082e+00,-3.805142678374302534e-01,1.654257001411291477e-07,-3.692040565248125546e-07,-6.202320830215823054e-04,-4.189818993319975091e-11,6.198220745257501706e-04,1.312197509501229444e-07,7.162185477270884899e-06,-1.584886167522332870e-05,-2.685310342177588475e-02,-1.814007611100065768e-09,2.683548791223507035e-02,5.681222300185102876e-06
2.587989084211910276e-02,3.804964298023911229e-01,-2.123761698847612817e-02,-3.239318571434338101e-01,2.382791744638020818e-09,-1.268099633184973207e+00,-3.805142674366217559e-01,1.860104964060435689e-07,-4.146781571267035720e-07,-6.974103524704940681e-04,-4.711182180459122491e-11,6.969497923615552591e-04,1.475481193681428597e-07,7.154966613923297266e-06,-1.577821324053588274e-05,-2.682598009993342192e-02,-1.812181366951260152e-09,2.680843701946163463e-02,5.675496076641695934e-06
2.875543426902122182e-02,3.804964303668437742e-01,-2.123761824602999129e-02,-3.239339734484640854e-01,2.382648782827657141e-09,-1.268097518276726232e+00,-3.805142669888839646e-01,2.065745346888970433e-07,-4.599395409020790246e-07,-7.745106182432084279e-04,-5.232020264635685653e-11,7.739997243582393384e-04,1.638600219118635351e-07,7.147747870574206586e-06,-1.570089745286667941e-05,-2.679885023474214145e-02,-1.810355411779494385e-09,2.678138625066346645e-02,5.669769943389065353e-06
3.163097769592333741e-02,3.804964309903993702e-01,-2.123761963340598316e-02,-3.239363113464827082e-01,2.382490851640780131e-09,-1.268095181919891790e+00,-3.805142664942642861e-01,2.271178153319295008e-07,-5.049688981069028379e-07,-8.515328613894544534e-04,-5.752333329417669423e-11,8.509718708751924437e-04,1.801554588387340969e-07,7.140529245235169132e-06,-1.561681667759539339e-05,-2.677171373062094129e-02,-1.808529748936031370e-09,2.675433560789456863e-02,5.664043898886308276e-06
3.450652112282546341e-02,3.804964316729981810e-01,-2.123762114990879538e-02,-3.239388706131046125e-01,2.382317966173338361e-09,-1.268092624338144736e+00,-3.805142659528100713e-01,2.476403386714364209e-07,-5.497466209149255270e-07,-9.284770626671391995e-04,-6.272121459399200718e-11,9.278662322780677207e-04,1.964344304015959181e-07,7.133310735760384482e-06,-1.552586124165127620e-05,-2.674457048019791144e-02,-1.806704382205990239e-09,2.672728509345664513e-02,5.658317941469658027e-06
3.738206454972758941e-02,3.804964324145805876e-01,-2.123762279478625184e-02,-3.239416510238888325e-01,2.382130141518829053e-09,-1.268089845755159484e+00,-3.805142653645686157e-01,2.681421050373178135e-07,-5.942527689269562759e-07,-1.005343202508568413e-03,-6.791384740324834389e-11,1.004682808939490494e-03,2.126969368483304907e-07,7.126092339847832230e-06,-1.542790952135851288e-05,-2.671742036439637286e-02,-1.804879315805178668e-09,2.670023470989724146e-02,5.652592069353369250e-06
4.025760797662970847e-02,3.804964332150868045e-01,-2.123762456722832342e-02,-3.239446523543379475e-01,2.381927392768266646e-09,-1.268086846394607559e+00,-3.805142647295873259e-01,2.886231147526311448e-07,-6.384670349323947702e-07,-1.082131260986910967e-03,-7.310123259212942069e-11,1.081421601239762349e-03,2.289429784215099455e-07,7.118874055040427345e-06,-1.532282803004320662e-05,-2.669026325252064902e-02,-1.803054554376938009e-09,2.667318446000797177e-02,5.646866280630614930e-06
4.313315140353182753e-02,3.804964340744573237e-01,-2.123762646636601428e-02,-3.239478743798964167e-01,2.381709735010144333e-09,-1.268083626480162041e+00,-3.805142640479133864e-01,3.090833681331469094e-07,-6.823687109223398085e-07,-1.158841217782913095e-03,-7.828337104478205996e-11,1.158082609567563041e-03,2.451725553580504303e-07,7.111655878727168745e-06,-1.521047150540235226e-05,-2.666309900234166419e-02,-1.801230102988994214e-09,2.664613434682270438e-02,5.641140573274389317e-06
4.600869483043395353e-02,3.804964349926321932e-01,-2.123762849127017183e-02,-3.239513168759497463e-01,2.381477183330390220e-09,-1.268080186235492901e+00,-3.805142633195943702e-01,3.295228654869074850e-07,-7.259366543535861610e-07,-1.235473052151853535e-03,-8.346026366053188705e-11,1.234665834320639727e-03,2.613856678888675258e-07,7.104437808144279401e-06,-1.509068299663495108e-05,-2.663592746018227791e-02,-1.799405967130319925e-09,2.661908437361576799e-02,5.635414945138400710e-06
4.888423825733607953e-02,3.804964359695519605e-01,-2.123763064095017875e-02,-3.239549796178231023e-01,2.381229752812324726e-09,-1.268076525884269667e+00,-3.805142625446775728e-01,3.499416071137897460e-07,-7.691492546628329495e-07,-1.312026742890749125e-03,-8.863191135509029026e-11,1.311171275906501286e-03,2.775823162385346541e-07,7.097219840376353225e-06,-1.496329395133550904e-05,-2.660874846100239402e-02,-1.797582152708005664e-09,2.659203454390019622e-02,5.629689393957955753e-06
5.175978168423820552e-02,3.804964370051568956e-01,-2.123763291435256176e-02,-3.239588623807800327e-01,2.380967458536607643e-09,-1.268072645650160757e+00,-3.805142617232102342e-01,3.703395933050703762e-07,-8.119844000304130045e-07,-1.388502268305800546e-03,-9.379831506175211372e-11,1.387598934743098115e-03,2.937625006249437350e-07,7.090001972357490936e-06,-1.482812430215025075e-05,-2.658156182848382676e-02,-1.795758666044135569e-09,2.656498486142591653e-02,5.623963917350854748e-06
5.463532511114031764e-02,3.804964380993872131e-01,-2.123763531035950322e-02,-3.239629649400210254e-01,2.380690315581190574e-09,-1.268068545756833254e+00,-3.805142608552396499e-01,3.907168243429947828e-07,-8.544194443928673725e-07,-1.464899606180083752e-03,-9.895947573258450978e-11,1.463948811259501706e-03,3.099262212589687030e-07,7.082784200872426618e-06,-1.468498255319613189e-05,-2.655436737511493103e-02,-1.793935513872674305e-09,2.653793533017795303e-02,5.618238512818273423e-06
5.751086853804244364e-02,3.804964392521834049e-01,-2.123763782778726253e-02,-3.239672870706816199e-01,2.380398339021257377e-09,-1.268064226427952690e+00,-3.805142599408133375e-01,4.110733005003499264e-07,-8.964311747036809964e-07,-1.541218733741485120e-03,-1.041153943396070673e-10,1.540220905896580103e-03,3.260734783441315642e-07,7.075566522557673752e-06,-1.453366586624305857e-05,-2.652716490227503832e-02,-1.792112703336364510e-09,2.651088595437469525e-02,5.612513177745649766e-06
6.038641196494456964e-02,3.804964404634855746e-01,-2.123764046538448996e-02,-3.239718285478313531e-01,2.380091543929167914e-09,-1.268059687887183928e+00,-3.805142589799785369e-01,4.314090220400385285e-07,-9.379957784414965405e-07,-1.617459627630877085e-03,-1.092660718759625307e-10,1.616415219107663606e-03,3.422042720762705711e-07,7.068348933902644996e-06,-1.437396014665945072e-05,-2.649995420031862198e-02,-1.790290241983629217e-09,2.648383673846611483e-02,5.606787909403564103e-06
6.326195539184667482e-02,3.804964417332342141e-01,-2.123764322183046421e-02,-3.239765891464715386e-01,2.379769945374394359e-09,-1.268054930358190058e+00,-3.805142579727826546e-01,4.517239892146585723e-07,-9.790888113651305349e-07,-1.693622263870536845e-03,-1.144115093570790532e-10,1.692531751359210466e-03,3.583186026432114153e-07,7.061131431250776197e-06,-1.420564012912140372e-05,-2.647273504865924054e-02,-1.788468137765483156e-09,2.645678768713198570e-02,5.601062704948615766e-06
6.613749881874880776e-02,3.804964430613695936e-01,-2.123764609573323275e-02,-3.239815686415337126e-01,2.379433558423454612e-09,-1.268049954064633056e+00,-3.805142569192729862e-01,4.720182022660850276e-07,-1.019685165514710825e-06,-1.769706617832803811e-03,-1.195517078218234807e-10,1.768570503131462615e-03,3.744164702244402722e-07,7.053914010800657178e-06,-1.402846946308573276e-05,-2.644550721585322769e-02,-1.786646399032455025e-09,2.642973880528013200e-02,5.595337561424298935e-06
6.901304224565092682e-02,3.804964444478320384e-01,-2.123764908562763079e-02,-3.239867668078775242e-01,2.379082398139844881e-09,-1.268044759230172680e+00,-3.805142558194967717e-01,4.922916614250545396e-07,-1.059759037458252615e-06,-1.845712664208983608e-03,-1.246866683336456268e-10,1.844531474919102257e-03,3.904978749907807647e-07,7.046696668607139663e-06,-1.384220079802707788e-05,-2.641827045968323656e-02,-1.784825034531516786e-09,2.640269009804469338e-02,5.589612475761879309e-06
7.188858567255305976e-02,3.804964458925618187e-01,-2.123765218997328633e-02,-3.239921834202889039e-01,2.378716479583966478e-09,-1.268039346078468910e+00,-3.805142546735015285e-01,5.125443669107542477e-07,-1.099283896783003853e-06,-1.921640376978483002e-03,-1.298163919817139660e-10,1.920414667231896966e-03,4.065628171040716662e-07,7.039479400582462975e-06,-1.364657586843938992e-05,-2.639102452724143011e-02,-1.783004053403020620e-09,2.637564157078435209e-02,5.583887444781270792e-06
7.476412909945517882e-02,3.804964473954992599e-01,-2.123765540715243094e-02,-3.239978182534777873e-01,2.378335817813050959e-09,-1.268033714833178394e+00,-3.805142534813344413e-01,5.327763189304127210e-07,-1.138232454830873203e-06,-1.997489729378190953e-03,-1.349408798820423568e-10,1.996220080595344573e-03,4.226112967168477287e-07,7.032262202497364506e-06,-1.344132557860194798e-05,-2.636376915501256399e-02,-1.781183465177646625e-09,2.634859322908061560e-02,5.578162465191888449e-06
7.763967252635729788e-02,3.804964489565847985e-01,-2.123765873546771404e-02,-3.240036710820761723e-01,2.377940427881080714e-09,-1.268027865717957559e+00,-3.805142522430430274e-01,5.529875176788952891e-07,-1.176576633677269896e-06,-2.073260693872095144e-03,-1.400601331786081448e-10,2.071947715551311110e-03,4.386433139720244274e-07,7.025045069982185084e-06,-1.322617008711020164e-05,-2.633650406895669122e-02,-1.779363279773355486e-09,2.632154507873604027e-02,5.572437533593530272e-06
8.051521595325941694e-02,3.804964505757587045e-01,-2.123766217313986793e-02,-3.240097416806357322e-01,2.377530324838705838e-09,-1.268021798956460833e+00,-3.805142509586744715e-01,5.731779633383017535e-07,-1.214287535352679698e-06,-2.148953242121136829e-03,-1.451741530444613855e-10,2.147597572658664633e-03,4.546588690025829704e-07,7.017827998527984527e-06,-1.300081889117170896e-05,-2.630922898459182521e-02,-1.777543507492353549e-09,2.629449712577251047e-02,5.566712646477236917e-06
8.339075938016154987e-02,3.804964522529611926e-01,-2.123766571830530692e-02,-3.240160298236253178e-01,2.377105523733160995e-09,-1.268015514772340868e+00,-3.805142496282761799e-01,5.933476560775668005e-07,-1.251335411306294959e-06,-2.224567344953301377e-03,-1.502829406828253053e-10,2.223169652493901024e-03,4.706579619312588023e-07,7.010610983487637695e-06,-1.276497091066734116e-05,-2.628194360707620386e-02,-1.775724159018064305e-09,2.626744937642954553e-02,5.560987800226151439e-06
8.626630280706365506e-02,3.804964539881326990e-01,-2.123766936901364671e-02,-3.240225352854288476e-01,2.376666039608177326e-09,-1.268009013389248762e+00,-3.805142482518954483e-01,6.134965960520650717e-07,-1.287689632111034638e-06,-2.300102972333947348e-03,-1.553864973281883346e-10,2.298663955651770226e-03,4.866405928702331785e-07,7.003394020076939872e-06,-1.251831457197801864e-05,-2.625464763129040091e-02,-1.773905245412106492e-09,2.624040183716252334e-02,5.555262991116380732e-06
8.914184623396578799e-02,3.804964557812134940e-01,-2.123767312322514048e-02,-3.240292578403424217e-01,2.376211887503888151e-09,-1.268002295030833837e+00,-3.805142468295796276e-01,6.336247834032186704e-07,-1.323318657409272045e-06,-2.375560093336371702e-03,-1.604848242473873008e-10,2.374080482745894241e-03,5.026067619208262742e-07,6.996177103375701130e-06,-1.226052789157725404e-05,-2.622734074191922574e-02,-1.772086778111286261e-09,2.621335451464098729e-02,5.549538215317850177e-06
9.201738966086790705e-02,3.804964576321439584e-01,-2.123767697880796917e-02,-3.240361972625721010e-01,2.375743082456735908e-09,-1.267995359920743415e+00,-3.805142453613760689e-01,6.537322182581061495e-07,-1.358190006098599859e-06,-2.450938676112606168e-03,-1.655779227406817552e-10,2.449419234409376447e-03,5.185564691731925706e-07,6.988960228328839852e-06,-1.199127855938970939e-05,-2.620002261353334208e-02,-1.770268768924590788e-09,2.618630741574690807e-02,5.543813468895159999e-06
9.489293308777002611e-02,3.804964595408643069e-01,-2.123768093353555278e-02,-3.240433533262306875e-01,2.375259639499377445e-09,-1.267988208282623264e+00,-3.805142438473321231e-01,6.738189007290782770e-07,-1.392270226756961355e-06,-2.526238687864451691e-03,-1.706657941428200278e-10,2.524680211295415259e-03,5.344897147060203698e-07,6.981743389747483024e-06,-1.171022402191601099e-05,-2.617269291067068904e-02,-1.768451230030194913e-09,2.615926054757301833e-02,5.538088747808439918e-06
9.776847651467215905e-02,3.804964615073150869e-01,-2.123768498508366714e-02,-3.240507258053356709e-01,2.374761573660577725e-09,-1.267980840340117821e+00,-3.805142422874950858e-01,6.938848309133735881e-07,-1.425524868306475525e-06,-2.601460094814747517e-03,-1.757484398240967000e-10,2.599863414077904344e-03,5.504064985862314154e-07,6.974526582310047901e-06,-1.141701156512408487e-05,-2.614535128791767998e-02,-1.766634173972477087e-09,2.613221391742106062e-02,5.532364047914195340e-06
1.006440199415742781e-01,3.804964635314364019e-01,-2.123768913102757824e-02,-3.240583144738055643e-01,2.374248899965110149e-09,-1.267973256316867969e+00,-3.805142406819123635e-01,7.139300088927388090e-07,-1.457918450915281631e-06,-2.676602862178869245e-03,-1.808258611914009787e-10,2.674968843452033701e-03,5.663068208686851729e-07,6.967309800563321968e-06,-1.111127839710719383e-05,-2.611799738999012396e-02,-1.764817613659036350e-09,2.610516753280010815e-02,5.526639364966154384e-06
1.035195633684764110e-01,3.804964656131686329e-01,-2.123769336883898559e-02,-3.240661191054576840e-01,2.373721633433649026e-09,-1.267965456436514149e+00,-3.805142390306311406e-01,7.339544347330518214e-07,-1.489414437136738483e-06,-2.751666954136462381e-03,-1.858980596892574186e-10,2.749996500134881203e-03,5.821906815958838496e-07,6.960093038923560698e-06,-1.079265173050901857e-05,-2.609063085181400482e-02,-1.763001562357730408e-09,2.607812140142486482e-02,5.520914694616116615e-06
1.063951067953785162e-01,3.804964677524521610e-01,-2.123769769588297954e-02,-3.240741394740047077e-01,2.373179789082659144e-09,-1.267957440922693468e+00,-3.805142373336989348e-01,7.539581084839472735e-07,-1.519975203285303565e-06,-2.826652333803407035e-03,-1.909650368008569511e-10,2.824946384866002403e-03,5.980580807976805923e-07,6.952876291677549733e-06,-1.046074886471593668e-05,-2.606325129860594114e-02,-1.761186033693706670e-09,2.605107553121398245e-02,5.515190032414794144e-06
1.092706502222806353e-01,3.804964699492273117e-01,-2.123770210941487713e-02,-3.240823753530516771e-01,2.372623381924283684e-09,-1.267949209999042148e+00,-3.805142355911629304e-01,7.739410301784470626e-07,-1.549562011048427735e-06,-2.901558963204014640e-03,-1.960267940490806240e-10,2.899818498408014700e-03,6.139090184909898021e-07,6.945659552983690776e-06,-1.011517726781675233e-05,-2.603585834595348314e-02,-1.759371041646455421e-09,2.602402993028835043e-02,5.509465373812644261e-06
1.121461936491827543e-01,3.804964722034343549e-01,-2.123770660657695042e-02,-3.240908265160927781e-01,2.372052426966227176e-09,-1.267940763889193301e+00,-3.805142338030705895e-01,7.939031998325917692e-07,-1.578134979333791034e-06,-2.976386803243452790e-03,-2.010833329975139314e-10,2.974612841547175437e-03,6.297434946795009426e-07,6.938442816873080714e-06,-9.755534658330182934e-06,-2.600845159989514932e-02,-1.757556600546863196e-09,2.599698460696944768e-02,5.503740714160725790e-06
1.150217370760848873e-01,3.804964745150137273e-01,-2.123771118439512010e-02,-3.240994927365082878e-01,2.371466939211640522e-09,-1.267932102816777151e+00,-3.805142319694692632e-01,8.138446174450760096e-07,-1.605653056351219567e-06,-3.051135813680401661e-03,-2.061346552514531824e-10,3.049329415093958700e-03,6.455615093533928787e-07,6.931226077250561939e-06,-9.381409086700235158e-06,-2.598103065700023764e-02,-1.755742725074278150e-09,2.596993956977762877e-02,5.498016048711513927e-06
1.178972805029870063e-01,3.804964768839055878e-01,-2.123771583977554500e-02,-3.241083737875610771e-01,2.370866933658996089e-09,-1.267923227005423481e+00,-3.805142300904061359e-01,8.337652829968881293e-07,-1.632073991928611538e-06,-3.125805953099941581e-03,-2.111807624589033653e-10,3.123968219883621264e-03,6.613630624890525551e-07,6.924009327895812477e-06,-8.992379016559837727e-06,-2.595359510444844933e-02,-1.753929430253579977e-09,2.594289482743048630e-02,5.492291372619747282e-06
1.207728239298891393e-01,3.804964793100503728e-01,-2.123772056950114229e-02,-3.241174694423929470e-01,2.370252425301964461e-09,-1.267914136678757853e+00,-3.805142281659285586e-01,8.536651964509500023e-07,-1.657354310061203072e-06,-3.200397178886663085e-03,-2.162216563115672748e-10,3.198529256776771156e-03,6.771481540487936762e-07,6.916792562464394616e-06,-8.588013405762851433e-06,-2.592614452010921777e-02,-1.752116731452264930e-09,2.591585038884117176e-02,5.486566680943252880e-06
1.236483673567912583e-01,3.804964817933884080e-01,-2.123772537022800000e-02,-3.241267794740216868e-01,2.369623429129287880e-09,-1.267904832060404052e+00,-3.805142261960840488e-01,8.735443577517628651e-07,-1.681449281693520135e-06,-3.274909447198010720e-03,-2.212573385458269356e-10,3.273012526659922761e-03,6.929167839805812080e-07,6.909575774488815394e-06,-8.167871787184761192e-06,-2.589867847262085007e-02,-1.750304644377530000e-09,2.588880626311670236e-02,5.480841968643774567e-06
1.265239107836933496e-01,3.804964843338599634e-01,-2.123773023848177233e-02,-3.241363036553370769e-01,2.368979960124651207e-09,-1.267895313373983424e+00,-3.805142241809197357e-01,8.934027668250557984e-07,-1.704312897733339122e-06,-3.349342712937855397e-03,-2.262878109437159535e-10,3.347418030446059310e-03,7.086689522177546104e-07,6.902358957379600631e-06,-7.731504349292333099e-06,-2.587119652146946391e-02,-1.748493185073374073e-09,2.586176245955635819e-02,5.475117230587799709e-06
1.293994542105954826e-01,3.804964869314054199e-01,-2.123773517065391872e-02,-3.241460417590973919e-01,2.368322033266545847e-09,-1.267885580843113980e+00,-3.805142221204830810e-01,9.132404235774337848e-07,-1.725897842296994391e-06,-3.423696929730280555e-03,-2.313130753338838013e-10,3.421745769075174980e-03,7.244046586787558340e-07,6.895142104426332550e-06,-7.278452016482351664e-06,-2.584369821706764686e-02,-1.746682369917702996e-09,2.583471898764999608e-02,5.469392461547388440e-06
1.322749976374976155e-01,3.804964895859651031e-01,-2.123774016299794995e-02,-3.241559935579258478e-01,2.367649663528139059e-09,-1.267875634691411957e+00,-3.805142200148214360e-01,9.330573278960339192e-07,-1.746155466185379862e-06,-3.497972049893616382e-03,-2.363331335925521942e-10,3.495995743514826535e-03,7.401239032668590099e-07,6.887925208798706023e-06,-6.808246529189802299e-06,-2.581618310083294218e-02,-1.744872215619442718e-09,2.580767585707638423e-02,5.463667656200982576e-06
1.351505410643997485e-01,3.804964922974792274e-01,-2.123774521162552151e-02,-3.241661588243063274e-01,2.366962865877132092e-09,-1.267865475142489817e+00,-3.805142178639819850e-01,9.528534796481818312e-07,-1.765035760589968565e-06,-3.572168024414677009e-03,-2.413479876444623672e-10,3.570167954760671523e-03,7.558266858699022589e-07,6.880708263547586520e-06,-6.320410523765682030e-06,-2.578865070526606407e-02,-1.743062739215661534e-09,2.578063307770160628e-02,5.457942809134234017e-06
1.380260844913018536e-01,3.804964950658882294e-01,-2.123775031250250273e-02,-3.241765373305801057e-01,2.366261655275621632e-09,-1.267855102419957802e+00,-3.805142156680122456e-01,9.726288786810498015e-07,-1.782487331028189443e-06,-3.646284802923235348e-03,-2.463576394638148554e-10,3.644262403837004744e-03,7.715130063600219342e-07,6.873491261606043481e-06,-5.814457612124662875e-06,-2.576110055402889773e-02,-1.741253958068702863e-09,2.575359065957737864e-02,5.452217914840822129e-06
1.409016279182039866e-01,3.804964978911325457e-01,-2.123775546144495568e-02,-3.241871288489415748e-01,2.365546046679954219e-09,-1.267844516747422157e+00,-3.805142134269595133e-01,9.923835248213220775e-07,-1.798457371507514049e-06,-3.720322333666716951e-03,-2.513620910752004858e-10,3.718279091797291672e-03,7.871828645933894060e-07,6.866274195790401493e-06,-5.289892461162923005e-06,-2.573353216202231911e-02,-1.739445889863321554e-09,2.572654861293946146e-02,5.446492967723261818e-06
1.437771713451061195e-01,3.804965007731522242e-01,-2.123776065411503433e-02,-3.241979331514341922e-01,2.364816055040580666e-09,-1.267833718348488237e+00,-3.805142111408710281e-01,1.012117417874858178e-06,-1.812891638917575534e-06,-3.794280563485125449e-03,-2.563613445545237179e-10,3.792218019724691910e-03,8.028362604099507050e-07,6.859057058801277901e-06,-4.746210871946281198e-06,-2.570594503546373005e-02,-1.737638552603833214e-09,2.569950694820597251e-02,5.440767962093721760e-06
1.466527147720082247e-01,3.804965037118878124e-01,-2.123776588601682114e-02,-3.242089500099465393e-01,2.364071695301909641e-09,-1.267822707446755404e+00,-3.805142088097942521e-01,1.031830557626363716e-06,-1.825734427649665584e-06,-3.868159437786173552e-03,-2.613554020299170916e-10,3.866079188732584812e-03,8.184731936331665893e-07,6.851839843224615339e-06,-4.182899858668970021e-06,-2.567833867196436803e-02,-1.735831964611268288e-09,2.567246567597579118e-02,5.435042892174824004e-06
1.495282581989103576e-01,3.804965067072794693e-01,-2.123777115249207009e-02,-3.242201791962081581e-01,2.363312982402151750e-09,-1.267811484265821909e+00,-3.805142064337763697e-01,1.051522943839060372e-06,-1.836928544442955176e-06,-3.941958900520655187e-03,-2.663442656826478687e-10,3.939862599965082528e-03,8.340936640697573749e-07,6.844622541532725280e-06,-3.599437727383240861e-06,-2.565071256060648397e-02,-1.734026144520535872e-09,2.564542480702696609e-02,5.429317752100463897e-06
1.524038016258124628e-01,3.804965097592676315e-01,-2.123777644871592540e-02,-3.242316204817853320e-01,2.362539931273169402e-09,-1.267800049029281784e+00,-3.805142040128648984e-01,1.071194576254362116e-06,-1.846415283456777209e-06,-4.015678894158024488e-03,-2.713279377480170237e-10,4.013568254597548249e-03,8.496976715094481917e-07,6.837405146085308705e-06,-2.995294154500054910e-06,-2.562306618202014885e-02,-1.732221111277597851e-09,2.561838435231503924e-02,5.423592535916607141e-06
1.552793450527145958e-01,3.804965128677926800e-01,-2.123778176969249101e-02,-3.242432736380766456e-01,2.361752556840317574e-09,-1.267788401960725730e+00,-3.805142015471070782e-01,1.090845454591552277e-06,-1.854134401568307144e-06,-4.089319359662208983e-03,-2.763064205162492896e-10,4.087196153837101449e-03,8.652852157247182608e-07,6.830187649130486947e-06,-2.369930265061072718e-06,-2.559539900845997015e-02,-1.730416884136645938e-09,2.559134432297149528e-02,5.417867237582090243e-06
1.581548884796167009e-01,3.804965160327947737e-01,-2.123778711025042787e-02,-3.242551384363088207e-01,2.360950874022286237e-09,-1.267776543283740898e+00,-3.805141990365502602e-01,1.110475578547463362e-06,-1.860024093894992614e-06,-4.162880236467625741e-03,-2.812797163333750878e-10,4.160746298923120520e-03,8.808562964705500673e-07,6.822970042805834221e-06,-1.722798710782250624e-06,-2.556771050388152028e-02,-1.728613482657292781e-09,2.556430473030212730e-02,5.412141850969430276e-06
1.610304319065188339e-01,3.804965192542142938e-01,-2.123779246503836732e-02,-3.242672146475321093e-01,2.360134897730937398e-09,-1.267764473221911325e+00,-3.805141964812417954e-01,1.130084947796162389e-06,-1.864020969541076818e-06,-4.236361462455436044e-03,-2.862478276021056334e-10,4.234218691127743239e-03,8.964109134841838265e-07,6.815752319139386442e-06,-1.053343747869212632e-06,-2.554000012401751868e-02,-1.726810926701767609e-09,2.553726558578541320e-02,5.406416369865611773e-06
1.639059753334209668e-01,3.804965225319916211e-01,-2.123779782852037307e-02,-3.242795020426160191e-01,2.359304642871142149e-09,-1.267752191998816391e+00,-3.805141938812290348e-01,1.149673561988636207e-06,-1.866060027567546976e-06,-4.309762973930006055e-03,-2.912107567826981660e-10,4.307613331756360298e-03,9.119490664848715270e-07,6.808534470050673756e-06,-3.610013146046755578e-07,-2.551226731645388907e-02,-1.725009236432119742e-09,2.551022690107097521e-02,5.400690787972890560e-06
1.667815187603230997e-01,3.804965258660669147e-01,-2.123780319497125049e-02,-3.242920003922444283e-01,2.358460124340611920e-09,-1.267739699838032363e+00,-3.805141912365592183e-01,1.169241420752480429e-06,-1.866074633184867910e-06,-4.383084705595581727e-03,-2.961685063938146670e-10,4.380930222148107095e-03,9.274707551736344670e-07,6.801316487351721736e-06,3.548008912918353851e-07,-2.548451152070543499e-02,-1.723208432307434302e-09,2.548318868797793887e-02,5.394965098909578112e-06
1.696570621872252049e-01,3.804965292563806112e-01,-2.123780855847179350e-02,-3.243047094669113117e-01,2.357601357029733454e-09,-1.267726996963131958e+00,-3.805141885472798635e-01,1.188788523691592801e-06,-1.863996494167838575e-06,-4.456326590533204839e-03,-3.011210790133719939e-10,4.454169363676344258e-03,9.429759792330243913e-07,6.794098362748073748e-06,1.094643335531751867e-06,-2.545673216829147031e-02,-1.721408535081052473e-09,2.545615095849335444e-02,5.389239296210842842e-06
1.725326056141273101e-01,3.804965327028730360e-01,-2.123781391290403830e-02,-3.243176290369156334e-01,2.356728355821390142e-09,-1.267714083597682340e+00,-3.805141858134382660e-01,1.208314870385867853e-06,-1.859755637491915311e-06,-4.529488560177815509e-03,-3.060684772793834337e-10,4.527330757749144230e-03,9.584647383268835694e-07,6.786880087839803157e-06,1.859114570352432446e-06,-2.542892868281110968e-02,-1.719609565797800445e-09,2.542911372477064946e-02,5.383513373329491915e-06
1.754081490410294430e-01,3.804965362054844591e-01,-2.123781925194634726e-02,-3.243307588723569612e-01,2.355841135590795342e-09,-1.267700959965248675e+00,-3.805141830350817211e-01,1.227820460390896196e-06,-1.853280386190359544e-06,-4.602570544295592377e-03,-3.110107038907939481e-10,4.600414405809762249e-03,9.739370321001110141e-07,6.779661654122510285e-06,2.648811157839169598e-06,-2.540110048001835083e-02,-1.717811545791227251e-09,2.540207699912799821e-02,5.377787323636757295e-06
1.782836924679315760e-01,3.804965397641552061e-01,-2.123782456906849955e-02,-3.243440987431304712e-01,2.354939711205312465e-09,-1.267687626289390357e+00,-3.805141802122576355e-01,1.247305293237664040e-06,-1.844497336431542909e-06,-4.675572470961497466e-03,-3.159477616083054932e-10,4.673420309337111660e-03,9.893928601784267947e-07,6.772443052988335460e-06,3.464337593473894937e-06,-2.537324696789696951e-02,-1.716014496680850462e-09,2.537504079404679161e-02,5.372061140423079248e-06
1.811592358948336812e-01,3.804965433788257134e-01,-2.123782985752669522e-02,-3.243576484189219511e-01,2.354024097524276725e-09,-1.267674082793663226e+00,-3.805141773450132492e-01,1.266769368432258003e-06,-1.833331334815767520e-06,-4.748494266537045712e-03,-3.208796532551958765e-10,4.746348469846229691e-03,1.004832222168143550e-06,6.765224275726958518e-06,4.306306229910416639e-06,-2.534536754673519590e-02,-1.714218440369412844e-09,2.534800512217006210e-02,5.366334816898894932e-06
1.840347793217358141e-01,3.804965470494360291e-01,-2.123783511035846894e-02,-3.243714076692030823e-01,2.353094309398812324e-09,-1.267660329701618238e+00,-3.805141744333960241e-01,1.286212685455571403e-06,-1.819705455890953416e-06,-4.821335855648276568e-03,-3.258063817181290840e-10,4.819198888888738021e-03,1.020255117655935247e-06,6.758005313526585594e-06,5.175337200975931536e-06,-2.531746160920010646e-02,-1.712423399040138599e-09,2.532096999630087039e-02,5.360608346195405808e-06
1.869103227486379470e-01,3.804965507759266452e-01,-2.123784032037759339e-02,-3.243853762632262216e-01,2.352150361671652133e-09,-1.267646367236802352e+00,-3.805141714774532558e-01,1.305635243763014147e-06,-1.803540979886532495e-06,-4.894097161163950271e-03,-3.307279499479579033e-10,4.891971568053303347e-03,1.035661546208611239e-06,6.750786157474965563e-06,6.072058345898537470e-06,-2.528952854041188053e-02,-1.710629395154010080e-09,2.529393542940083089e-02,5.354881721365365379e-06
1.897858661755400522e-01,3.804965545582378317e-01,-2.123784548016887166e-02,-3.243995539700193498e-01,2.351192269176950746e-09,-1.267632195622757418e+00,-3.805141684772322952e-01,1.325037042784225165e-06,-1.784757370664904972e-06,-4.966778104173949666e-03,-3.356443609605187412e-10,4.964666508966087549e-03,1.051051507372892642e-06,6.743566798560361587e-06,6.997105133760551075e-06,-2.526156771801775849e-02,-1.708836451447042643e-09,2.526690143458848806e-02,5.349154935383850840e-06
1.926614096024421852e-01,3.804965583963099141e-01,-2.123785058208287405e-02,-3.244139405583809088e-01,2.350220046740094640e-09,-1.267617815083020627e+00,-3.805141654327804934e-01,1.344418081922789077e-06,-1.763272253889813993e-06,-5.039378603967902340e-03,-3.405556178374187380e-10,5.037283713291205653e-03,1.066425000675188513e-06,6.736347227672548917e-06,7.951120588177387042e-06,-2.523357851226582307e-02,-1.707044590927570877e-09,2.523986802513779326e-02,5.343427981149022866e-06
1.955369530293443181e-01,3.804965622900830513e-01,-2.123785561823063675e-02,-3.244285357968749173e-01,2.349233709177514823e-09,-1.267603225841124948e+00,-3.805141623441452570e-01,1.363778360555952014e-06,-1.739001395410979406e-06,-5.111898578014005719e-03,-3.454617237268146606e-10,5.109823182731156911e-03,1.081782025621377523e-06,6.729127435603786444e-06,8.934755212201705800e-06,-2.520556028607863833e-02,-1.705253836873548683e-09,2.521283521447658868e-02,5.337700851482931138e-06
1.984124964562464510e-01,3.804965662394977355e-01,-2.123786058047827732e-02,-3.244433394538250304e-01,2.348233271296492860e-09,-1.267588428120597577e+00,-3.805141592113739368e-01,1.383117878034343578e-06,-1.711858679864354139e-06,-5.184337941938063805e-03,-3.503626818441843010e-10,5.182284919027275831e-03,1.097122581696588367e-06,6.721907413049862781e-06,9.948666913452548395e-06,-2.517751239512630579e-02,-1.703464212829838815e-09,2.518580301618495235e-02,5.331973539132214841e-06
2.012880398831485562e-01,3.804965702444941811e-01,-2.123786546044156495e-02,-3.244583512973099326e-01,2.347218747894966067e-09,-1.267573422144961048e+00,-3.805141560345137730e-01,1.402436633681702193e-06,-1.681756089487348446e-06,-5.256696609502749425e-03,-3.552584954730905839e-10,5.254668923960164120e-03,1.112446668364985672e-06,6.714687150610975486e-06,1.099352092946954326e-05,-2.514943418789992655e-02,-1.701675742605540252e-09,2.515877144399382079e-02,5.326246036768946309e-06
2.041635833100506892e-01,3.804965743050127691e-01,-2.123787024948038671e-02,-3.244735710951573981e-01,2.346190153761330646e-09,-1.267558208137732789e+00,-3.805141528136123386e-01,1.421734626794599820e-06,-1.648603683148379524e-06,-5.328974492587055557e-03,-3.601491679659369895e-10,5.326975199350120031e-03,1.127754285069555066e-06,6.707466638792781382e-06,1.206998975329141919e-05,-2.512132500578430350e-02,-1.699888450271298420e-09,2.513174051178335838e-02,5.320518336991345919e-06
2.070391267369528221e-01,3.804965784209936031e-01,-2.123787493869322765e-02,-3.244889986149391281e-01,2.345147503674243990e-09,-1.267542786322424675e+00,-3.805141495487167624e-01,1.441011856642173020e-06,-1.612309575590103829e-06,-5.401171501165968718e-03,-3.650347027447162036e-10,5.399203747057572042e-03,1.143045431231893961e-06,6.700245868007346078e-06,1.317875305925898541e-05,-2.509318418313060892e-02,-1.698102360156631122e-09,2.510471023358145509e-02,5.314790432324553742e-06
2.099146701638548995e-01,3.804965825923771749e-01,-2.123787951891152950e-02,-3.245046336239654217e-01,2.344090812402421607e-09,-1.267527156922543252e+00,-3.805141462398745067e-01,1.460268322465852967e-06,-1.572779916885676912e-06,-5.473287543290344427e-03,-3.699151033017502895e-10,5.471354568983491720e-03,1.158320106252000004e-06,6.693024828574121451e-06,1.432049762904215357e-05,-2.506501104732887508e-02,-1.696317496847268118e-09,2.507768062356221031e-02,5.309062315221392715e-06
2.127902135907570325e-01,3.804965868191036993e-01,-2.123788398069401465e-02,-3.245204758892790142e-01,2.343020094704434460e-09,-1.267511320161590183e+00,-3.805141428871329778e-01,1.479504023479103714e-06,-1.529918872107408452e-06,-5.545322525067004731e-03,-3.747903732004239829e-10,5.543427667069823067e-03,1.173578309508066943e-06,6.685803510720910410e-06,1.549591727789099315e-05,-2.503680491888022469e-02,-1.694533885182490289e-09,2.505065169604439590e-02,5.303333978063115727e-06
2.156657570176591376e-01,3.804965911011133906e-01,-2.123788831432094765e-02,-3.245365251776500259e-01,2.341935365328504246e-09,-1.267495276263059800e+00,-3.805141394905395824e-01,1.498718958867157704e-06,-1.483628601207167065e-06,-5.617276350639019596e-03,-3.796605160759098717e-10,5.615423043299887576e-03,1.188820040356277953e-06,6.678581904584831672e-06,1.670571278111009531e-05,-2.500856511146886882e-02,-1.692751550252483905e-09,2.502362346548995392e-02,5.297605413160170488e-06
2.185413004445612706e-01,3.804965954383466853e-01,-2.123789250978834128e-02,-3.245527812555702996e-01,2.340836639012295765e-09,-1.267479025450442442e+00,-3.805141360501414494e-01,1.517913127786756579e-06,-1.433809239107884355e-06,-5.689148922166212090e-03,-3.845255356358860261e-10,5.687340699698794494e-03,1.204045298130602980e-06,6.671360000213292151e-06,1.795059180075654487e-05,-2.498029093203391407e-02,-1.690970517395698608e-09,2.499659594650250477e-02,5.291876612752939837e-06
2.214168438714634035e-01,3.804965998307437425e-01,-2.123789655680211400e-02,-3.245692438892468501e-01,2.339723930482706823e-09,-1.267462567947222452e+00,-3.805141325659862073e-01,1.537086529365894957e-06,-1.380358876005519537e-06,-5.760940139805869123e-03,-3.893854356612458750e-10,5.759180638333850216e-03,1.219254082142599479e-06,6.664137787564927171e-06,1.923126881256101612e-05,-2.495198168084090951e-02,-1.689190812196213459e-09,2.496956915382580328e-02,5.286147569012495602e-06
2.242923872983655087e-01,3.804966042782448876e-01,-2.123790044477216754e-02,-3.245859128445973685e-01,2.338597254455657299e-09,-1.267445903976876398e+00,-3.805141290381211516e-01,1.556239162703567584e-06,-1.323173537880856377e-06,-5.832649901693648213e-03,-3.942402200068012580e-10,5.830942861314957273e-03,1.234446391681213784e-06,6.656915256510577933e-06,2.054846503307163481e-05,-2.492363665155325134e-02,-1.687412460481114989e-09,2.494254310234229541e-02,5.280418274041351609e-06
2.271679307252676416e-01,3.804966087807904462e-01,-2.123790416280643689e-02,-3.246027878872433381e-01,2.337456625635874490e-09,-1.267429033762876855e+00,-3.805141254665936335e-01,1.575371026869515869e-06,-1.262147167220466638e-06,-5.904278103924701093e-03,-3.990898926019771534e-10,5.902627370795011583e-03,1.249622226012585444e-06,6.649692396834235119e-06,2.190290834702059462e-05,-2.489525513130328577e-02,-1.685635488317880198e-09,2.491551780707157437e-02,5.274688719874201454e-06
2.300434741521697746e-01,3.804966133383205773e-01,-2.123790769970485687e-02,-3.246198687825044282e-01,2.336302058716678458e-09,-1.267411957528688626e+00,-3.805141218514510038e-01,1.594482120903981813e-06,-1.197171603946224910e-06,-5.975824640534990739e-03,-4.039344574514990136e-10,5.974234168970295362e-03,1.264781584379851557e-06,6.642469198233982480e-06,2.329533323491316720e-05,-2.486683640076323490e-02,-1.683859922011763913e-09,2.488849328316891998e-02,5.268958898478657107e-06
2.329190175790719075e-01,3.804966179507756063e-01,-2.123791104395330795e-02,-3.246371552953929429e-01,2.335133568379765725e-09,-1.267394675497771406e+00,-3.805141181927406691e-01,1.613572443817461952e-06,-1.128136566552721317e-06,-6.047289403482820902e-03,-4.087739186360731214e-10,6.045763258080858772e-03,1.279924466002957882e-06,6.635245650322967538e-06,2.472648070083885167e-05,-2.483837973421592141e-02,-1.682085788103204329e-09,2.486146954592378944e-02,5.263228801756001932e-06
2.357945610059740127e-01,3.804966226180959699e-01,-2.123791418371747883e-02,-3.246546471906072151e-01,2.333951169294986758e-09,-1.267377187893577117e+00,-3.805141144905100359e-01,1.632641994590463194e-06,-1.054929633451931970e-06,-6.118672282630559928e-03,-4.136082803130590877e-10,6.117214640410912826e-03,1.295050870078465928e-06,6.628021742630319773e-06,2.619709820050451454e-05,-2.480988439962522607e-02,-1.680313113365225462e-09,2.483444661075835322e-02,5.257498421541914049e-06
2.386701044328761456e-01,3.804966273402217158e-01,-2.123791710683667344e-02,-3.246723442325260001e-01,2.332754876120128009e-09,-1.267359494939551690e+00,-3.805141107448064552e-01,1.651690772173262690e-06,-9.774362245245260627e-07,-6.189973165726571878e-03,-4.184375467171345428e-10,6.188588318289203229e-03,1.310160795779367878e-06,6.620797464602107765e-06,2.770793956948909646e-05,-2.478134965870636836e-02,-1.678541924800855099e-09,2.480742449322601711e-02,5.251767749607213419e-06
2.415456478597782786e-01,3.804966321170931143e-01,-2.123791980081760761e-02,-3.246902461852020916e-01,2.331544703500685267e-09,-1.267341596859134834e+00,-3.805141069556772782e-01,1.670718775485672570e-06,-8.955395828771503186e-07,-6.261191938387352350e-03,-4.232617221609530552e-10,6.259884294089388540e-03,1.325254242254899181e-06,6.613572805602283636e-06,2.925976495171989607e-05,-2.475277476699597537e-02,-1.676772249640547305e-09,2.478040320900997198e-02,5.246036777658588596e-06
2.444211912866803837e-01,3.804966369486505462e-01,-2.123792225282809115e-02,-3.247083528123563267e-01,2.330320666069641972e-09,-1.267323493875758045e+00,-3.805141031231699666e-01,1.689726003416802345e-06,-8.091207568050696889e-07,-6.332328484079862915e-03,-4.280808110357949158e-10,6.331102570230407074e-03,1.340331208630358134e-06,6.606347754913597850e-06,3.085334072817008189e-05,-2.472415897392188713e-02,-1.675004115339613615e-09,2.475338277392164638e-02,5.240305497339328567e-06
2.472967347135825167e-01,3.804966418348341706e-01,-2.123792444969071005e-02,-3.247266638773713687e-01,2.329082778447238849e-09,-1.267305186212846824e+00,-3.805140992473318162e-01,1.708712454824828945e-06,-7.180585819595229990e-07,-6.403382684104059856e-03,-4.328948178122091339e-10,6.402243149176848128e-03,1.355391694006920173e-06,6.599122301738558053e-06,3.248943944577695452e-05,-2.469550152287279879e-02,-1.673237549575662703e-09,2.472636320389935347e-02,5.234573900230053738e-06
2.501722781404846496e-01,3.804966467755843684e-01,-2.123792637787643919e-02,-3.247451791432854340e-01,2.327831055240748084e-09,-1.267286674093819343e+00,-3.805140953282103999e-01,1.727678128536765263e-06,-6.222296637191636647e-07,-6.474354417575630197e-03,-4.377037470406495903e-10,6.473306033439312802e-03,1.370435697461462534e-06,6.591896435200344711e-06,3.416883974658116593e-05,-2.466680165126765994e-02,-1.671472580246047907e-09,2.469934451500676795e-02,5.228841977849440149e-06
2.530478215673866993e-01,3.804966517708412432e-01,-2.123792802349819958e-02,-3.247638983727859086e-01,2.326565511044240060e-09,-1.267267957742086226e+00,-3.805140913658530133e-01,1.746623023348235481e-06,-5.215083597649371828e-07,-6.545243561408929829e-03,-4.425076033521031777e-10,6.544291225574773094e-03,1.385463218046386164e-06,6.584670144343735228e-06,3.589232629708636371e-05,-2.463805859062485545e-02,-1.669709235465321376e-09,2.467232672343146194e-02,5.223109721654945380e-06
2.559233649942888600e-01,3.804966568205451205e-01,-2.123792937230436009e-02,-3.247828213282030196e-01,2.325286160438351335e-09,-1.267249037381050991e+00,-3.805140873603068963e-01,1.765547138023249967e-06,-4.157667628577764784e-07,-6.616049990300108992e-03,-4.473063914587106000e-10,6.615198728186924039e-03,1.400474254789439755e-06,6.577443418136045845e-06,3.766068971783900304e-05,-2.460927156663116760e-02,-1.667947543562698141e-09,2.464530984548350331e-02,5.217377123043531071e-06
2.587989084211909652e-01,3.804966619246362702e-01,-2.123793040967222531e-02,-3.248019477715035630e-01,2.323993017990054268e-09,-1.267229913234109384e+00,-3.805140833116197330e-01,1.784450471293983148e-06,-3.048746838184869809e-07,-6.686773576710440710e-03,-4.521001161543799849e-10,6.686028543926535866e-03,1.415468806693548001e-06,6.570216245468035424e-06,3.947472651322814658e-05,-2.458043979921056832e-02,-1.666187533079527009e-09,2.461829389759397427e-02,5.211644173352379513e-06
2.616744518480931259e-01,3.804966670830548514e-01,-2.123793112060141930e-02,-3.248212774642843526e-01,2.322686098252414245e-09,-1.267210585524649380e+00,-3.805140792198386523e-01,1.803333021860555394e-06,-1.886996347091602146e-07,-6.757414190849861738e-03,-4.568887823153933110e-10,6.756780675491801808e-03,1.430446872736639232e-06,6.562988615154832103e-06,4.133523900150522863e-05,-2.455156250259271297e-02,-1.664429232766767457e-09,2.459127889631355229e-02,5.205910863859611084e-06
2.645499952749952310e-01,3.804966722957411895e-01,-2.123793148970726935e-02,-3.248408101677656701e-01,2.321365415764357242e-09,-1.267191054476051182e+00,-3.805140750850112830e-01,1.822194788390817446e-06,-6.710681221551744805e-08,-6.827971700660674832e-03,-4.616723949010056480e-10,6.827455125628671163e-03,1.445408451871478334e-06,6.555760515936855712e-06,4.324303524502303830e-05,-2.452263888538129544e-02,-1.662672671582481413e-09,2.456426485831105996e-02,5.200177185785007611e-06
2.674255387018973362e-01,3.804966775626354436e-01,-2.123793150121413773e-02,-3.248605456427847704e-01,2.320030985050429112e-09,-1.267171320311687666e+00,-3.805140709071849203e-01,1.841035769520135488e-06,6.004091877046801963e-08,-6.898445971801488684e-03,-4.664509589540369532e-10,6.898051897131199720e-03,1.460353543025499250e-06,6.548531936480713092e-06,4.519892898069428737e-05,-2.449366815062214292e-02,-1.660917878689322140e-09,2.453725180037203552e-02,5.194443130290711180e-06
2.703010821287994969e-01,3.804966828836778836e-01,-2.123793113894865275e-02,-3.248804836497893866e-01,2.318682820620551981e-09,-1.267151383254922159e+00,-3.805140666864070265e-01,1.859855963851182985e-06,1.928830413682865478e-07,-6.968836867631328716e-03,-4.712244796014569915e-10,6.968570992841876741e-03,1.475282145100641078e-06,6.541302865380128130e-06,4.720373955066898381e-05,-2.446464949587114079e-02,-1.659164883452041326e-09,2.451023973939731732e-02,5.188708688481949191e-06
2.731766255557016021e-01,3.804966882588087240e-01,-2.123793038633297117e-02,-3.249006239488309578e-01,2.317320936969786849e-09,-1.267131243529111329e+00,-3.805140624227249524e-01,1.878655369953727439e-06,3.315614027275964206e-07,-7.039144249193937837e-03,-4.759929620549625002e-10,7.039012415651949364e-03,1.490194256973182264e-06,6.534073291156839622e-06,4.925829183323065825e-05,-2.443558211326188681e-02,-1.657413715434997402e-09,2.448322869240161792e-02,5.182973851407731467e-06
2.760521689826037073e-01,3.804966936879681239e-01,-2.123792922637794331e-02,-3.249209662995579673e-01,2.315945348578082541e-09,-1.267110901357602515e+00,-3.805140581161862157e-01,1.897433986364429862e-06,4.762202298485147211e-07,-7.109367975202289698e-03,-4.807564116115477376e-10,7.109376168501756535e-03,1.505089877493584326e-06,6.526843202261504203e-06,5.136341617391122652e-05,-2.440646518957314756e-02,-1.655664404399674215e-09,2.445621867651209466e-02,5.177238610061564303e-06
2.789277124095058680e-01,3.804966991710964641e-01,-2.123792764167624358e-02,-3.249415104612093375e-01,2.314556069910032927e-09,-1.267090356963734843e+00,-3.805140537668381118e-01,1.916191811586639362e-06,6.270061452041546798e-07,-7.179507902023294502e-03,-4.855148336540682059e-10,7.179662254381050795e-03,1.519969005486330917e-06,6.519612587074604372e-06,5.351994831682413612e-05,-2.437729790629617616e-02,-1.653916980302208577e-09,2.442920970896696534e-02,5.171502955382153504e-06
2.818032558364079732e-01,3.804967047081337927e-01,-2.123792561439546978e-02,-3.249622561926074904e-01,2.313153115414632905e-09,-1.267069610570838556e+00,-3.805140493747282693e-01,1.934928844090191133e-06,7.840681821660067335e-07,-7.249563883662672216e-03,-4.902682336517961034e-10,7.249870676329301863e-03,1.534831639749770698e-06,6.512381433907337024e-06,5.572872933621547106e-05,-2.434807943970165173e-02,-1.652171473290921551e-09,2.440220180711405104e-02,5.165766878254098103e-06
2.846787992633100783e-01,3.804967102990203243e-01,-2.123792312627117637e-02,-3.249832032521516867e-01,2.311736499525020321e-09,-1.267048662402235459e+00,-3.805140449399039282e-01,1.953645082311213538e-06,9.475578002328211498e-07,-7.319535771750059969e-03,-4.950166171609703996e-10,7.320001437436031433e-03,1.549677779055965724e-06,6.505149731002525710e-06,5.799060556823315760e-05,-2.431880896090660854e-02,-1.650427913703864408e-09,2.437519498840941962e-02,5.160030369508600177e-06
2.875543426902122390e-01,3.804967159436963842e-01,-2.123792015859989404e-02,-3.250043513978110310e-01,2.310306236658234019e-09,-1.267027512681238033e+00,-3.805140404624125505e-01,1.972340524651925035e-06,1.117628900063594509e-06,-7.389423415524261698e-03,-4.997599898253373972e-10,7.390054540841102873e-03,1.564507422150533680e-06,6.497917466535494772e-06,6.030642854291330180e-05,-2.428948563594099733e-02,-1.648686332066365009e-09,2.434818927041598052e-02,5.154293419924158567e-06
2.904298861171143442e-01,3.804967216421020204e-01,-2.123791669223206585e-02,-3.250257003871177552e-01,2.308862341214954517e-09,-1.267006161631149652e+00,-3.805140359423016538e-01,1.991015169480448889e-06,1.294437838315289256e-06,-7.459226661818739793e-03,-5.044983573766874698e-10,7.460029989735036948e-03,1.579320567752503040e-06,6.490684628614973127e-06,6.267705491638445167e-05,-2.426010862581406621e-02,-1.646946759088586578e-09,2.432118467080204502e-02,5.148556020227259207e-06
2.933054295440164494e-01,3.804967273941776140e-01,-2.123791270756498345e-02,-3.250472499771601131e-01,2.307404827579255858e-09,-1.266984609475265033e+00,-3.805140313796186446e-01,2.009669015130619623e-06,1.478143442285923931e-06,-7.528945355047261118e-03,-5.092317256353819752e-10,7.529927787359312792e-03,1.594117214554162083e-06,6.483451205283978570e-06,6.510334640328854392e-05,-2.423067708658060634e-02,-1.645209225663094355e-09,2.429418120733999736e-02,5.142818161093076469e-06
2.961809729709186101e-01,3.804967331998631574e-01,-2.123790818453565390e-02,-3.250689999245754414e-01,2.305933710118345869e-09,-1.266962856436868456e+00,-3.805140267744109295e-01,2.028302059901793709e-06,1.668907024363645311e-06,-7.598579337189745146e-03,-5.139601005108741727e-10,7.599747937006656739e-03,1.608897361220908969e-06,6.476217184520699536e-06,6.758616970941888093e-05,-2.420119016940690260e-02,-1.643473762862427192e-09,2.426717889790486887e-02,5.137079833146155028e-06
2.990565163978207153e-01,3.804967390590989762e-01,-2.123790310261362488e-02,-3.250909499855432205e-01,2.304449003182310569e-09,-1.266940902739235764e+00,-3.805140221267259704e-01,2.046914302058667876e-06,1.866892396282402075e-06,-7.668128447778306371e-03,-5.186834880022242463e-10,7.669490442021348504e-03,1.623661006391114940e-06,6.468982554239377706e-06,7.012639646457467020e-05,-2.417164702063646226e-02,-1.641740401936679294e-09,2.424017776047296055e-02,5.131341026961107809e-06
3.019320598247228205e-01,3.804967449718252293e-01,-2.123789744079379940e-02,-3.251130999157780810e-01,2.302950721103857324e-09,-1.266918748605632139e+00,-3.805140174366112849e-01,2.065505739831094037e-06,2.072265883184867119e-06,-7.737592523883472795e-03,-5.234018941986050227e-10,7.739155305799496135e-03,1.638408148675973555e-06,6.461747302291191467e-06,7.272490315563205881e-05,-2.414204678185564654e-02,-1.640009174311089194e-09,2.421317781312049000e-02,5.125601733063293622e-06
3.048076032516249256e-01,3.804967509379819646e-01,-2.123789117758916739e-02,-3.251354494705222531e-01,2.301438878198051804e-09,-1.266896394259313885e+00,-3.805140127041142240e-01,2.084076371413900561e-06,2.285196337493207276e-06,-7.806971400100611719e-03,-5.281153252798037590e-10,7.808742531789335251e-03,1.653138786659365157e-06,6.454511416465121573e-06,7.538257105983133053e-05,-2.411238858995890660e-02,-1.638280111583636173e-09,2.418617907402216896e-02,5.119861941929500712e-06
3.076831466785270308e-01,3.804967569575094521e-01,-2.123788429102351979e-02,-3.251579984045390725e-01,2.299913488762059908e-09,-1.266873839923526424e+00,-3.805140079292823607e-01,2.102626194966713554e-06,2.505855152588296103e-06,-7.876264908536515993e-03,-5.328237875167137986e-10,7.878252123491498796e-03,1.667852918897716057e-06,6.447274884488836302e-06,7.810028617827960179e-05,-2.408267157721399876e-02,-1.636553245522644743e-09,2.415918156144989878e-02,5.114121643988637939e-06
3.105586901054291915e-01,3.804967630303478510e-01,-2.123787675862414542e-02,-3.251807464721052643e-01,2.298374567074883886e-09,-1.266851085821505629e+00,-3.805140031121630462e-01,2.121155208613782789e-06,2.734416276298086764e-06,-7.945472878796213181e-03,-5.375272872718224012e-10,7.947684084459304132e-03,1.682550543919863857e-06,6.440037694029556269e-06,8.087893916966992433e-05,-2.405289487132690474e-02,-1.634828608064398029e-09,2.413218529377136878e-02,5.108380829622410712e-06
3.134342335323312967e-01,3.804967691564373200e-01,-2.123786855741443061e-02,-3.252036934270042812e-01,2.296822127397096820e-09,-1.266828132176476718e+00,-3.805139982528039089e-01,2.139663410443808490e-06,2.971056224195638608e-06,-8.014595137969924774e-03,-5.422258309996890595e-10,8.017038418299019323e-03,1.697231660226920019e-06,6.432799832694916712e-06,8.371942528421508700e-05,-2.402305759550643627e-02,-1.633106231310754862e-09,2.410519028944867886e-02,5.102639489165988450e-06
3.163097769592334019e-01,3.804967753357180738e-01,-2.123785966390649704e-02,-3.252268390225184214e-01,2.295256183970579576e-09,-1.266804979211654913e+00,-3.805139933512522443e-01,2.158150798509772348e-06,3.215954092707511072e-06,-8.083631510620229235e-03,-5.469194252474189568e-10,8.086315128670130276e-03,1.711896266292137512e-06,6.425561288033845862e-06,8.662264429779703827e-05,-2.399315886852885008e-02,-1.631386147526780532e-09,2.407819656703703848e-02,5.096897612908690678e-06
3.191853203861355626e-01,3.804967815681300491e-01,-2.123785005409372165e-02,-3.252501830114220005e-01,2.293676751018252801e-09,-1.266781627150244116e+00,-3.805139884075555701e-01,2.176617370828767271e-06,3.469291572033093892e-06,-8.152581818769417607e-03,-5.516080766551289803e-10,8.155514219285621771e-03,1.726544360560782703e-06,6.418322047537412822e-06,8.958950044633112991e-05,-2.396319780480207773e-02,-1.629668389138381048e-09,2.405120414518337885e-02,5.091155191094658726e-06
3.220608638130376677e-01,3.804967878536136272e-01,-2.123783970344328767e-02,-3.252737251459739132e-01,2.292083842743808501e-09,-1.266758076215438455e+00,-3.805139834217614592e-01,2.195063125381835170e-06,3.731252958875525011e-06,-8.221445881887017373e-03,-5.562917919564060820e-10,8.224635693912216855e-03,1.741175941450002795e-06,6.411082098639694084e-06,9.262090236034493766e-05,-2.393317351442979593e-02,-1.627952988729945884e-09,2.402421304262499294e-02,5.085412213923522340e-06
3.249364072399398284e-01,3.804967941921088004e-01,-2.123782858688866293e-02,-3.252974651779101389e-01,2.290477473331441208e-09,-1.266734326630420071e+00,-3.805139783939173181e-01,2.213488060113804336e-06,4.002025168984776385e-06,-8.290223516877507151e-03,-5.609705779787603673e-10,8.293679556370661329e-03,1.755791007348701522e-06,6.403841428718628186e-06,9.571776299977183548e-05,-2.390308510327531291e-02,-1.626239979041998990e-09,2.399722327818824136e-02,5.079668671551070536e-06
3.278119506668419336e-01,3.804968005835557832e-01,-2.123781667882205376e-02,-3.253214028584364148e-01,2.288857656945577491e-09,-1.266710378618360888e+00,-3.805139733240706645e-01,2.231892172933125112e-06,4.281797749513560748e-06,-8.358914538068215258e-03,-5.656444416440703246e-10,8.362645810535947535e-03,1.770389556617412311e-06,6.396600025096866128e-06,9.888099958895837428e-05,-2.387293167302519462e-02,-1.624529392968858075e-09,2.397023487078716111e-02,5.073924554089917369e-06
3.306874940937440388e-01,3.804968070278945680e-01,-2.123780395308680347e-02,-3.253455379382211299e-01,2.287224407730602989e-09,-1.266686232402421064e+00,-3.805139682122690714e-01,2.250275461711718272e-06,4.570762891186644232e-06,-8.427518757197403898e-03,-5.703133899690220586e-10,8.431534460337590173e-03,1.784971587588175034e-06,6.389357875042631116e-06,1.021115335518861430e-04,-2.384271232125275558e-02,-1.622821263556301759e-09,2.394324783942218884e-02,5.068179851610166000e-06
3.335630375206461995e-01,3.804968135250653694e-01,-2.123779038296979768e-02,-3.253698701673872207e-01,2.285577739810589437e-09,-1.266661888205749653e+00,-3.805139630585598898e-01,2.268637924284814092e-06,4.869115440284196279e-06,-8.496035983402532021e-03,-5.749774300655408714e-10,8.500345509759867427e-03,1.799537098564417215e-06,6.382114965770555430e-06,1.054102904476068381e-04,-2.381242614148125838e-02,-1.621115623999241464e-09,2.391626220317879734e-02,5.062434554140074472e-06
3.364385809475483047e-01,3.804968200750084018e-01,-2.123777594119380038e-02,-3.253943992955053433e-01,2.283917667289021287e-09,-1.266637346251484386e+00,-3.805139578629907482e-01,2.286979558450803686e-06,5.177052910439796891e-06,-8.564466023208691658e-03,-5.796365691412172610e-10,8.569078962842044747e-03,1.814086087820831631e-06,6.374871284442531688e-06,1.087781999058912190e-04,-2.378207222324693268e-02,-1.619412507639403454e-09,2.388927798122614937e-02,5.056688651666706226e-06
3.393141243744504099e-01,3.804968266776635466e-01,-2.123776059990977599e-02,-3.254191250715858241e-01,2.282244204248518600e-09,-1.266612606762750781e+00,-3.805139526256091087e-01,2.305300361971084855e-06,5.494775494253689477e-06,-8.632808680517240277e-03,-5.842908144997255774e-10,8.637734823678638527e-03,1.828618553603259000e-06,6.367626818168551412e-06,1.122161955630911499e-04,-2.375164965216183810e-02,-1.617711947963020583e-09,2.386229519281583833e-02,5.050942134136595870e-06
3.421896678013525706e-01,3.804968333329709629e-01,-2.123774433068913864e-02,-3.254440472440714993e-01,2.280557364750561597e-09,-1.266587669962662588e+00,-3.805139473464624889e-01,2.323600332569918933e-06,5.822486074721937867e-06,-8.701063756594617019e-03,-5.889401735412363727e-10,8.706313096419643349e-03,1.843134494128576171e-06,6.360381554007551213e-06,1.157252149982147956e-04,-2.372115750997644268e-02,-1.616013978598527361e-09,2.383531385728052815e-02,5.045194991456405633e-06
3.450652112282546202e-01,3.804968400408708651e-01,-2.123772710451604304e-02,-3.254691655608297207e-01,2.278857162835211068e-09,-1.266562536074322010e+00,-3.805139420255984062e-01,2.341879467934280017e-06,6.160390236482016881e-06,-8.769231050061301186e-03,-5.935846537628218230e-10,8.774813785270750566e-03,1.857633907584576483e-06,6.353135478968244578e-06,1.193061996692141994e-04,-2.369059487464202432e-02,-1.614318633314265142e-09,2.380833399403265230e-02,5.039447213493568255e-06
3.479407546551567809e-01,3.804968468013032457e-01,-2.123770889177957130e-02,-3.254944797691450842e-01,2.277143612520830032e-09,-1.266537205320818815e+00,-3.805139366630643782e-01,2.360137765713713510e-06,6.508696276875575926e-06,-8.837310356881004914e-03,-5.982242627588550494e-10,8.843236894493591155e-03,1.872116792129863459e-06,6.345888580009946879e-06,1.229600948494860417e-04,-2.365996082037286757e-02,-1.612625946016193733e-09,2.378135562256310231e-02,5.033698790076949377e-06
3.508162980820588861e-01,3.804968536142082081e-01,-2.123768966226591975e-02,-3.255199896157116024e-01,2.275416727803802488e-09,-1.266511677925230117e+00,-3.805139312589079781e-01,2.378375223520198484e-06,6.867615216828844013e-06,-8.905301470350002885e-03,-6.028590082214023053e-10,8.911582428405959502e-03,1.886583145893737520e-06,6.338640844043426642e-06,1.266878495645840758e-04,-2.362925441770825224e-02,-1.610935950745613545e-09,2.375437876243994759e-02,5.027949710997491278e-06
3.536918415089609913e-01,3.804968604795257447e-01,-2.123766938515056144e-02,-3.255456948466250999e-01,2.273676522658253836e-09,-1.266485954110620815e+00,-3.805139258131767233e-01,2.396591838928003678e-06,7.237360811551390266e-06,-8.973204181086649397e-03,-6.074888979406086495e-10,8.979850391382021568e-03,1.901032966976087558e-06,6.331392257931718699e-06,1.304904165291439187e-04,-2.359847473357423384e-02,-1.609248681676891881e-09,2.372740343330712390e-02,5.022199966008857471e-06
3.565673849358631520e-01,3.804968673971960147e-01,-2.123764802899036352e-02,-3.255715952073754416e-01,2.271923011035766318e-09,-1.266460034100043597e+00,-3.805139203259181313e-01,2.414787609473555787e-06,7.618149561053802325e-06,-9.041018277021087984e-03,-6.121139398050780354e-10,9.048040787852538666e-03,1.915466253447288029e-06,6.324142808490954277e-06,1.343687520840195718e-04,-2.356762083134521235e-02,-1.607564173115198319e-09,2.370042965488312198e-02,5.016449544828081529e-06
3.594429283627652572e-01,3.804968743671590103e-01,-2.123762556171568047e-02,-3.255976904428387608e-01,2.270156206865096546e-09,-1.266433918116537605e+00,-3.805139147971797753e-01,2.432962532655303515e-06,8.010200720484913708e-06,-9.108743543385117158e-03,-6.167341418022452322e-10,9.116153622305079099e-03,1.929883003348090950e-06,6.316892482491177542e-06,1.383238161336316065e-04,-2.353669177090526518e-02,-1.605882459494247132e-09,2.367345744695972809e-02,5.010698437136209135e-06
3.623184717896673623e-01,3.804968813893548907e-01,-2.123760195062240203e-02,-3.256239802972697439e-01,2.268376124051890114e-09,-1.266407606383129103e+00,-3.805139092270092283e-01,2.451116605933588399e-06,8.413736310289158640e-06,-9.176379762702255652e-03,-6.213495120187437135e-10,9.184188899284228061e-03,1.944283214689525108e-06,6.309641266657180774e-06,1.423565720835266051e-04,-2.350568660870937243e-02,-1.604203575374050044e-09,2.364648682940071259e-02,5.004946632578931665e-06
3.651940152165695230e-01,3.804968884637235371e-01,-2.123757716236401513e-02,-3.256504645142937471e-01,2.266582776478396230e-09,-1.266381099122831477e+00,-3.805139036154539522e-01,2.469249826730511829e-06,8.828981126184682848e-06,-9.243926714777951636e-03,-6.259600586407635163e-10,9.252146623391792335e-03,1.958666885452795469e-06,6.302389147669303960e-06,1.464679867781475077e-04,-2.347460439784429531e-02,-1.602527555438671470e-09,2.361951782214057743e-02,4.999194120767237556e-06
3.680695586434716282e-01,3.804968955902050531e-01,-2.123755116294359993e-02,-3.256771428368990806e-01,2.264776178003180265e-09,-1.266354396558645012e+00,-3.805138979625616868e-01,2.487362192429813916e-06,9.256162748962858315e-06,-9.311384176689991438e-03,-6.305657899544067219e-10,9.320026799287001520e-03,1.973034013589182173e-06,6.295136112164262352e-06,1.506590304388153497e-04,-2.344344418808934696e-02,-1.600854434493996782e-09,2.359255044518326558e-02,4.993440891278029791e-06
3.709451020703737334e-01,3.804969027687395422e-01,-2.123752391770578757e-02,-3.257040150074291818e-01,2.262956342460838377e-09,-1.266327498913555560e+00,-3.805138922683798386e-01,2.505453700376745174e-06,9.695511554109661069e-06,-9.378751922779090394e-03,-6.351667143460336308e-10,9.387829431686705792e-03,1.987384597019946936e-06,6.287882146735950297e-06,1.549306766019207127e-04,-2.341220502597694819e-02,-1.599184247465504710e-09,2.356558471860087378e-02,4.987686933654774727e-06
3.738206454972758941e-01,3.804969099992669412e-01,-2.123749539132872496e-02,-3.257310807675745101e-01,2.261123283661703864e-09,-1.266300406410536539e+00,-3.805138865329560915e-01,2.523524347877943271e-06,1.014726072124975820e-05,-9.446029724639612088e-03,-6.397628403026030445e-10,9.455554525365564983e-03,2.001718633636235641e-06,6.280627237936249308e-06,1.592839020573265125e-04,-2.338088595485290563e-02,-1.597517029396046571e-09,2.353862066253240015e-02,4.981932237408131442e-06
3.766961889241779993e-01,3.804969172817272982e-01,-2.123746554781601181e-02,-3.257583398583648870e-01,2.259277015391562195e-09,-1.266273119272546710e+00,-3.805138807563380188e-01,2.541574132201320800e-06,1.061164624341362430e-05,-9.513217351110530434e-03,-6.443541764120075835e-10,9.523202085156256755e-03,2.016036121298983046e-06,6.273371372275844603e-06,1.637196867869802007e-04,-2.334948601493661707e-02,-1.595852815443638524e-09,2.351165829718251596e-02,4.976176792016570913e-06
3.795717323510801045e-01,3.804969246160605501e-01,-2.123743435048856820e-02,-3.257857920201613355e-01,2.257417551411359437e-09,-1.266245637722531292e+00,-3.805138749385731378e-01,2.559603050575939493e-06,1.108890693612858850e-05,-9.580314568266487182e-03,-6.489407313634013543e-10,9.590772115949636190e-03,2.030337057838826812e-06,6.266114536225017931e-06,1.682390139037364112e-04,-2.331800424338089511e-02,-1.594191640879254443e-09,2.348469764282021949e-02,4.970420586927014685e-06
3.824472757779822651e-01,3.804969320022067447e-01,-2.123740176197654039e-02,-3.258134369926483642e-01,2.255544905456906530e-09,-1.266217961983420848e+00,-3.805138690797090772e-01,2.577611100191898415e-06,1.157928444633410192e-05,-9.647321139409087074e-03,-6.535225139475208955e-10,9.658264622694942222e-03,2.044621441056011788e-06,6.258856716214448859e-06,1.728428695903883950e-04,-2.328643967433174922e-02,-1.592533541084630375e-09,2.345773871977766684e-02,4.964663611555458277e-06
3.853228192048843703e-01,3.804969394401058191e-01,-2.123736774421110252e-02,-3.258412745148256406e-01,2.253659091238593087e-09,-1.266190092278131951e+00,-3.805138631797935211e-01,2.595598278200223000e-06,1.208302326112214360e-05,-9.714236825058328306e-03,-6.580995330570013677e-10,9.725679610399965910e-03,2.058889268720304457e-06,6.251597898636017765e-06,1.775322430389100357e-04,-2.325479133898787978e-02,-1.590878551550076646e-09,2.343078154844888475e-02,4.958905855287584446e-06
3.881983626317865310e-01,3.804969469296978213e-01,-2.123733225841631725e-02,-3.258693043250004973e-01,2.251760122441089195e-09,-1.266162028829567410e+00,-3.805138572388739870e-01,2.613564581712751550e-06,1.260037071630307491e-05,-9.781061382944208210e-03,-6.626717976866854019e-10,9.793017084131230843e-03,2.073140538570907393e-06,6.244338069843598658e-06,1.823081263899057063e-04,-2.322305826565997794e-02,-1.589226707872296174e-09,2.340382614928852162e-02,4.953147307479398451e-06
3.910739060586886362e-01,3.804969544709227436e-01,-2.123729526510092017e-02,-3.258975261607792717e-01,2.249848012723051349e-09,-1.266133771860613599e+00,-3.805138512569981035e-01,2.631510007802031472e-06,1.313157700479785400e-05,-9.847794567998509330e-03,-6.672393169339262613e-10,9.860277049014168349e-03,2.087375248316372432e-06,6.237077216153853697e-06,1.871715146722706228e-04,-2.319123947982978592e-02,-1.587578045752209810e-09,2.337687254281061930e-02,4.947387957457831148e-06
3.939494494855907414e-01,3.804969620637204120e-01,-2.123725672406155326e-02,-3.259259397590710261e-01,2.247922775717197731e-09,-1.266105321594144240e+00,-3.805138452342134991e-01,2.649434555678172357e-06,1.367681527025611458e-05,-9.914436210742089139e-03,-6.718020974479110751e-10,9.927459508713473713e-03,2.101593397356300176e-06,6.229825434855252331e-06,1.917522388716349320e-04,-2.315969811480492538e-02,-1.585920752892437469e-09,2.334991369081169596e-02,4.941635791392355153e-06
3.968249929124929021e-01,3.804969697080310964e-01,-2.123721659955039517e-02,-3.259545448611566032e-01,2.245984425195226926e-09,-1.266076678253115873e+00,-3.805138391705676915e-01,2.667338345646318259e-06,1.423181477962165546e-05,-9.980990501094310491e-03,-6.763600040352260099e-10,9.994564382385712556e-03,2.115795080865672410e-06,6.222631521842020875e-06,1.942595371602828184e-04,-2.313019088973625875e-02,-1.584197669947598243e-09,2.332291553854964200e-02,4.935929402465286391e-06
3.997005363393950073e-01,3.804969774037951225e-01,-2.123717486876362109e-02,-3.259833412210161319e-01,2.244032975338750180e-09,-1.266047842060729067e+00,-3.805138330661079205e-01,2.685221451661211417e-06,1.479400771266212075e-05,-1.004745995844049528e-02,-6.809129558729235039e-10,1.006159162157768509e-02,2.129980357361029308e-06,6.215439321590787316e-06,1.967553301341187549e-04,-2.310069508493002230e-02,-1.582474619917143924e-09,2.329591730081162840e-02,4.930224377009468612e-06
4.025760797662971124e-01,3.804969851509530376e-01,-2.123713151106448524e-02,-3.260123285947562066e-01,2.242068440395245066e-09,-1.266018813240226359e+00,-3.805138269208814261e-01,2.703083878687209021e-06,1.536336026145806768e-05,-1.011384461633254780e-02,-6.854609530382690504e-10,1.012854122603215092e-02,2.144149230794341574e-06,6.208248861400616322e-06,1.992391141695469255e-04,-2.307121119604642681e-02,-1.580751590708800309e-09,2.326891896962751671e-02,4.924520736766514707e-06
4.054516231931992731e-01,3.804969929494454450e-01,-2.123708650591554434e-02,-3.260415067385824539e-01,2.240090834612018340e-09,-1.265989592014850285e+00,-3.805138207349351709e-01,2.720925631767254282e-06,1.593983716865711502e-05,-1.018014450974888754e-02,-6.900039955737313429e-10,1.019541319546892616e-02,2.158301705180165060e-06,6.201060168631249764e-06,2.017103847832883126e-04,-2.304173971959304693e-02,-1.579028570213643913e-09,2.324192053701481728e-02,4.918818503526345550e-06
4.083271666201013783e-01,3.804970007992128922e-01,-2.123703983288283137e-02,-3.260708754088029182e-01,2.238100172236304383e-09,-1.265960178607843600e+00,-3.805138145083165058e-01,2.738746716023051348e-06,1.652340172503446097e-05,-1.024635967509684477e-02,-6.945420834869360561e-10,1.026220752958485576e-02,2.172437784595783491e-06,6.193873270701650672e-06,2.041686366550944621e-04,-2.301228115290240503e-02,-1.577305546306589796e-09,2.321492199497903267e-02,4.913117699126044811e-06
4.112027100470034835e-01,3.804970087001958712e-01,-2.123699147164002238e-02,-3.261004343618324475e-01,2.236096467515365286e-09,-1.265930573242450619e+00,-3.805138082410725597e-01,2.756547136655230473e-06,1.711401576711873632e-05,-1.031249015021502846e-02,-6.990752167506205577e-10,1.032892422805378393e-02,2.186557473181338906e-06,6.186688195088553109e-06,2.066133636503818564e-04,-2.298283599410973557e-02,-1.575582506846869257e-09,2.318792333551399076e-02,4.907418345448694281e-06
4.140782534739056442e-01,3.804970166523350406e-01,-2.123694140197263103e-02,-3.261301833541965789e-01,2.234079734696591765e-09,-1.265900776141916984e+00,-3.805138019332503507e-01,2.774326898943516576e-06,1.771163967488284009e-05,-1.037853597437556757e-02,-7.036033953025884137e-10,1.039556329052650913e-02,2.200660775139967184e-06,6.179504969325018829e-06,2.090440588427862475e-04,-2.295340474213066612e-02,-1.573859439678508158e-09,2.316092455060215355e-02,4.901720464422236313e-06
4.169537969008076939e-01,3.804970246555710589e-01,-2.123688960378219970e-02,-3.261601221425361463e-01,2.232049988027603254e-09,-1.265870787529488339e+00,-3.805137955848969522e-01,2.792086008246882557e-06,1.831623236949938359e-05,-1.044449718828634535e-02,-7.081266190456666850e-10,1.046212471663076141e-02,2.214747694737916630e-06,6.172323620999004098e-06,2.114602145366371107e-04,-2.292398789663918982e-02,-1.572136332630806889e-09,2.313392563221500567e-02,4.896024078018315922e-06
4.198293403277097990e-01,3.804970327098444183e-01,-2.123683605709048711e-02,-3.261902504836109440e-01,2.230007241756350883e-09,-1.265840607628412107e+00,-3.805137891960596597e-01,2.809824470003712770e-06,1.892775131116084770e-05,-1.051037383409314865e-02,-7.126448878476654991e-10,1.052860850597118168e-02,2.228818236304683498e-06,6.165144177751923972e-06,2.138613222893547678e-04,-2.289458595804552341e-02,-1.570413173518814348e-09,2.310692657231334587e-02,4.890329208251153391e-06
4.227048837546119042e-01,3.804970408150958328e-01,-2.123678074204368715e-02,-3.262205681343040009e-01,2.227951510131213851e-09,-1.265810236661937260e+00,-3.805137827667854356e-01,2.827542289731948716e-06,1.954615249696381316e-05,-1.057616595538174269e-02,-7.171582015413352434e-10,1.059501465812925751e-02,2.242872404233122530e-06,6.157966667277228435e-06,2.162468729337649754e-04,-2.286519942747415948e-02,-1.568689950143802116e-09,2.307992736284764437e-02,4.884635877176399921e-06
4.255804271815140649e-01,3.804970489712659609e-01,-2.123672363891662349e-02,-3.262510748516257442e-01,2.225882807401104473e-09,-1.265779674853312775e+00,-3.805137762971213533e-01,2.845239473029237698e-06,2.017139045885739599e-05,-1.064187359717989716e-02,-7.216665599243302726e-10,1.066134317266332655e-02,2.256910202979569777e-06,6.150791117318976843e-06,2.186163566003374568e-04,-2.283582880674198123e-02,-1.566966650293739265e-09,2.305292799575835855e-02,4.878944106890009391e-06
4.284559706084161701e-01,3.804970571782953503e-01,-2.123666472811698569e-02,-3.262817703927182178e-01,2.223801147815566619e-09,-1.265748922425790068e+00,-3.805137697871144864e-01,2.862916025573079354e-06,2.080341826165547795e-05,-1.070749680595935345e-02,-7.261699627591694111e-10,1.072759404910853843e-02,2.270931637063957369e-06,6.143617555670423378e-06,2.209692627393433889e-04,-2.280647459833637716e-02,-1.565243261743759503e-09,2.302592846297628684e-02,4.873253919527107565e-06
4.313315140353182753e-01,3.804970654361248816e-01,-2.123660399018953079e-02,-3.263126545148592461e-01,2.221706545624877451e-09,-1.265717979602621668e+00,-3.805137632368119638e-01,2.880571953120963302e-06,2.144218750111251536e-05,-1.077303562963770681e-02,-7.306684097732012110e-10,1.079376728697682350e-02,2.284936711069919822e-06,6.136446010172605892e-06,2.233050801429346647e-04,-2.277713730539353623e-02,-1.563519772256632880e-09,2.299892875642288448e-02,4.867565337260865537e-06
4.342070574622204360e-01,3.804970737446951579e-01,-2.123654140582032293e-02,-3.263437269754663195e-01,2.219599015080150000e-09,-1.265686846607061211e+00,-3.805137566462606924e-01,2.898207261510501278e-06,2.208764830206271957e-05,-1.083849011758025727e-02,-7.351619006585674532e-10,1.085986288575686853e-02,2.298925429644907111e-06,6.129276508712938138e-06,2.256232969671437922e-04,-2.274781743167679504e-02,-1.561796169583232517e-09,2.297192886801059999e-02,4.861878382301385887e-06
4.370826008891225412e-01,3.804970821039467266e-01,-2.123647695584096259e-02,-3.263749875321012017e-01,2.217478570433431182e-09,-1.265655523662364113e+00,-3.805137500155077457e-01,2.915821956659565201e-06,2.273974931662245646e-05,-1.090386032060176695e-02,-7.396504350721707835e-10,1.092588084491409248e-02,2.312897797500286743e-06,6.122109079223800306e-06,2.279234007538056216e-04,-2.271851548155496767e-02,-1.560072441462998660e-09,2.294492878964317709e-02,4.856193076894581206e-06
4.399581443160246463e-01,3.804970905138206350e-01,-2.123641062123281589e-02,-3.264064359424736494e-01,2.215345225937807266e-09,-1.265624010991786896e+00,-3.805137433446002526e-01,2.933416044566409147e-06,2.339843772245548575e-05,-1.096914629096818958e-02,-7.441340126356426597e-10,1.099182116389061693e-02,2.326853819411446668e-06,6.114943749681160056e-06,2.302048784523998181e-04,-2.268923195998091141e-02,-1.558348575624405414e-09,2.291792851321601196e-02,4.850509443321064483e-06
4.428336877429268070e-01,3.804970989742574861e-01,-2.123634238313126463e-02,-3.264380719644459083e-01,2.213198995847501482e-09,-1.265592308818588974e+00,-3.805137366335850091e-01,2.950989531309793012e-06,2.406365922110089421e-05,-1.103434808239828896e-02,-7.486126329353118152e-10,1.105768384210525576e-02,2.340793500217888455e-06,6.107780548103162206e-06,2.324672164418146482e-04,-2.265996737247004053e-02,-1.556624559785422104e-09,2.289092803061648640e-02,4.844827503895034411e-06
4.457092311698289122e-01,3.804971074851980495e-01,-2.123627222282996677e-02,-3.264698953560367656e-01,2.211039894417979483e-09,-1.265560417366029533e+00,-3.805137298825091996e-01,2.968542423049104915e-06,2.473535803636360772e-05,-1.109946575006525230e-02,-7.530862955221741705e-10,1.112346887895347344e-02,2.354716844823329780e-06,6.100619502548750609e-06,2.347099005520325685e-04,-2.263072222507896483e-02,-1.554900381653972155e-09,2.286392733372425573e-02,4.839147280963180174e-06
4.485847745967310174e-01,3.804971160465830948e-01,-2.123620012178506836e-02,-3.265019058754257131e-01,2.208867935906046543e-09,-1.265528336857371094e+00,-3.805137230914196200e-01,2.986074726024473847e-06,2.541347691276701795e-05,-1.116449935059821673e-02,-7.575549999118662595e-10,1.118917627380737988e-02,2.368623858195791675e-06,6.093460641116287492e-06,2.369324160857373717e-04,-2.260149702438426708e-02,-1.553176028928395067e-09,2.283692641441159230e-02,4.833468796903578606e-06
4.514603180236331781e-01,3.804971246583533917e-01,-2.123612606161951258e-02,-3.265341032809573329e-01,2.206683134569953846e-09,-1.265496067515877954e+00,-3.805137162603633438e-01,3.003586446556882754e-06,2.609795711406768631e-05,-1.122944894208370570e-02,-7.620187455846373129e-10,1.125480602601569742e-02,2.382514545367687037e-06,6.086303991942177025e-06,2.391342478398423763e-04,-2.257229227746117978e-02,-1.551451489297901786e-09,2.280992526454370811e-02,4.827792074124592207e-06
4.543358614505352833e-01,3.804971333204498762e-01,-2.123605002412725165e-02,-3.265664873311451277e-01,2.204485504669495270e-09,-1.265463609564815073e+00,-3.805137093893871669e-01,3.021077591048273566e-06,2.678873842183188142e-05,-1.129431458406706702e-02,-7.664775319853233047e-10,1.132035813490375915e-02,2.396388911435908725e-06,6.079149583199484657e-06,2.413148801269414476e-04,-2.254310849186258459e-02,-1.549726750443031920e-09,2.278292387597909835e-02,4.822117135063783242e-06
4.572114048774373884e-01,3.804971420328132625e-01,-2.123597199127753507e-02,-3.265990577846760723e-01,2.202275060466115330e-09,-1.265430963227450967e+00,-3.805137024785381628e-01,3.038548165981653927e-06,2.748575913407361448e-05,-1.135909633755379476e-02,-7.709313585233235848e-10,1.138583259977346204e-02,2.410246961561908754e-06,6.071997443096582712e-06,2.434737967966805203e-04,-2.251394617559785913e-02,-1.548001800036104971e-09,2.275592224056979460e-02,4.816444002186821071e-06
4.600869483043395491e-01,3.804971507953845977e-01,-2.123589194521918397e-02,-3.266318144004146662e-01,2.200051816223005547e-09,-1.265398128727054594e+00,-3.805136955278631827e-01,3.055998177921193328e-06,2.818895606395401001e-05,-1.142379426501081117e-02,-7.753802245725772009e-10,1.145122941990327388e-02,2.424088700971781729e-06,6.064847599875779042e-06,2.456104812570518978e-04,-2.248480583711195621e-02,-1.546276625741676317e-09,2.272892035016175344e-02,4.810772697986401333e-06
4.629624917312416543e-01,3.804971596081045959e-01,-2.123580986828484465e-02,-3.266647569374069304e-01,2.197815786205209087e-09,-1.265365106286898467e+00,-3.805136885374091338e-01,3.073427633512321369e-06,2.889826453854191712e-05,-1.148840843036770358e-02,-7.798241294715413915e-10,1.151654859454819685e-02,2.437914134956335149e-06,6.057700081811968552e-06,2.477244164956106257e-04,-2.245568798526448306e-02,-1.544551215216985957e-09,2.270191819659514096e-02,4.805103244981163442e-06
4.658380351581438150e-01,3.804971684709141933e-01,-2.123572574299526644e-02,-3.266978851548850704e-01,2.195566984679723741e-09,-1.265331896130256428e+00,-3.805136815072228673e-01,3.090836539481818810e-06,2.961361839763525971e-05,-1.155293889901787795e-02,-7.842630725231716306e-10,1.158179012293977968e-02,2.451723268871169452e-06,6.050554917211272862e-06,2.498150851006126117e-04,-2.242659312930890547e-02,-1.542825556112407052e-09,2.267491577170466233e-02,4.799435665714614850e-06
4.687135785850459202e-01,3.804971773837542703e-01,-2.123563955206358989e-02,-3.267311988122714173e-01,2.193305425915600365e-09,-1.265298498480404765e+00,-3.805136744373512903e-01,3.108224902637903546e-06,3.033494999264319358e-05,-1.161738573781965871e-02,-7.886970529949019818e-10,1.164695400428606732e-02,2.465516108136742386e-06,6.043412134409697761e-06,2.518819692820748195e-04,-2.239752177887174497e-02,-1.541099636071894873e-09,2.264791306731984630e-02,4.793769982754056164e-06
4.715891220119480254e-01,3.804971863465658188e-01,-2.123555127839962808e-02,-3.267646976691824801e-01,2.191031124184050410e-09,-1.265264913560621984e+00,-3.805136673278412540e-01,3.125592729870319972e-06,3.106219018552859595e-05,-1.168174901509733479e-02,-7.931260701186274177e-10,1.171204023777161311e-02,2.479292658238437202e-06,6.036271761771798285e-06,2.539245508927581588e-04,-2.236847444393197035e-02,-1.539373442733432035e-09,2.262091007526541298e-02,4.788106218689517275e-06
4.744646654388501861e-01,3.804971953592898304e-01,-2.123546090511414103e-02,-3.267983814854334979e-01,2.188744093758542288e-09,-1.265231141594189257e+00,-3.805136601787394435e-01,3.142940028150409282e-06,3.179526834781086036e-05,-1.174602880064214323e-02,-7.975501230906871723e-10,1.177704882255744059e-02,2.493052924726628291e-06,6.029133827689325156e-06,2.559423114490725834e-04,-2.233945163480038215e-02,-1.537646963729471656e-09,2.259390678736152361e-02,4.782444396132685858e-06
4.773402088657522913e-01,3.804972044218671856e-01,-2.123536841552312038e-02,-3.268322500210424919e-01,2.186444348914907668e-09,-1.265197182804390197e+00,-3.805136529900929321e-01,3.160266804531198411e-06,3.253411235962867841e-05,-1.181022516571320242e-02,-8.019692110718503694e-10,1.184197975778106433e-02,2.506796913216741331e-06,6.021998360579907646e-06,2.579347321519047777e-04,-2.231045386209909442e-02,-1.535920186687381969e-09,2.256690319542414488e-02,4.776784537715857054e-06
4.802157522926543964e-01,3.804972135342390427e-01,-2.123527379315210545e-02,-3.268663030362344291e-01,2.184131903931444044e-09,-1.265163037414510638e+00,-3.805136457619483492e-01,3.177573066147461867e-06,3.327864860886257801e-05,-1.187433818303835695e-02,-8.063833331873000989e-10,1.190683304255644830e-02,2.520524629389309608e-06,6.014865388885723737e-06,2.599012939073677806e-04,-2.228148163674108229e-02,-1.534193099229884106e-09,2.253989929126534036e-02,4.771126666090865358e-06
4.830912957195565571e-01,3.804972226963462822e-01,-2.123517702174044369e-02,-3.269005402914456071e-01,2.181806773089013168e-09,-1.265128705647838636e+00,-3.805136384943524352e-01,3.194858820215797118e-06,3.402880199031703851e-05,-1.193836792681501197e-02,-8.107924885266230772e-10,1.197160867597401278e-02,2.534236078990029500e-06,6.007734941072170278e-06,2.618414773474747148e-04,-2.225253546990984752e-02,-1.532465688975493399e-09,2.251289506669355844e-02,4.765470803928040230e-06
4.859668391464586623e-01,3.804972319081299514e-01,-2.123507808524560322e-02,-3.269349615473277626e-01,2.179468970671147760e-09,-1.265094187727666242e+00,-3.805136311873521526e-01,3.212124074034683036e-06,3.478449590496192871e-05,-1.200231447271085314e-02,-8.151966761437964125e-10,1.203630665710060839e-02,2.547931267829812572e-06,6.000607045626556013e-06,2.637547628507332619e-04,-2.222361587303909800e-02,-1.530737943538957994e-09,2.248589051351397583e-02,4.759816973915151541e-06
4.888423825733607675e-01,3.804972411695311529e-01,-2.123497696784745412e-02,-3.269695665647523453e-01,2.177118510964151181e-09,-1.265059483877286617e+00,-3.805136238409940197e-01,3.229368834984551046e-06,3.554565225923306764e-05,-1.206617789786456653e-02,-8.195958950571779884e-10,1.210092698497953340e-02,2.561610201784834273e-06,5.993481731056784444e-06,2.656406305626649467e-04,-2.219472335779257982e-02,-1.529009850531691463e-09,2.245888562352879245e-02,4.754165198756371105e-06
4.917179260002629282e-01,3.804972504804909894e-01,-2.123487365395259133e-02,-3.270043551048147368e-01,2.174755408257201245e-09,-1.265024594319996476e+00,-3.805136164553249434e-01,3.246593110527830025e-06,3.631219146439163052e-05,-1.212995828088643882e-02,-8.239901442494975721e-10,1.216546965863048689e-02,2.575272886796578415e-06,5.986359025890044322e-06,2.674985604162457642e-04,-2.216585843604387471e-02,-1.527281397562209559e-09,2.243188038853750899e-02,4.748515501171224902e-06
4.945934694271650334e-01,3.804972598409504525e-01,-2.123476812819862294e-02,-3.270393269288384142e-01,2.172379676842451135e-09,-1.264989519279096308e+00,-3.805136090303915530e-01,3.263796908209010247e-06,3.708403243594237265e-05,-1.219365570185896447e-02,-8.283794226678488526e-10,1.222993467704960174e-02,2.588919328871879939e-06,5.979238958671515376e-06,2.693280321522712362e-04,-2.213702161985642292e-02,-1.525552572236562210e-09,2.240487480033729120e-02,4.742867903893558007e-06
4.974690128540671386e-01,3.804972692508508114e-01,-2.123466037545845495e-02,-3.270744817983792796e-01,2.169991331015135279e-09,-1.264954258977887047e+00,-3.805136015662405891e-01,3.280980235654687429e-06,3.786109259311000718e-05,-1.225727024233733836e-02,-8.327637292236838573e-10,1.229432203920941338e-02,2.602549534082968543e-06,5.972121557963060494e-06,2.711285253396433521e-04,-2.210821342146345597e-02,-1.523823362158765098e-09,2.237786885072320930e-02,4.737222429670507133e-06
5.003445562809692992e-01,3.804972787101332243e-01,-2.123455038084461413e-02,-3.271098194752300459e-01,2.167590385073666551e-09,-1.264918813639675399e+00,-3.805135940629187363e-01,3.298143100573612711e-06,3.864328785837421791e-05,-1.232080198534993287e-02,-8.371430627928062311e-10,1.235863174405886326e-02,2.616163508567498325e-06,5.965006852341943321e-06,2.728995193955816153e-04,-2.207943435324816184e-02,-1.522093754931227109e-09,2.235086253148858143e-02,4.731579101261462172e-06
5.032200997078714044e-01,3.804972882187386274e-01,-2.123443812971356412e-02,-3.271453397214239001e-01,2.165176853319744210e-09,-1.264883183487769847e+00,-3.805135865204725687e-01,3.315285510756729072e-06,3.943053265706227711e-05,-1.238425101539868643e-02,-8.415174222153683412e-10,1.242286379052329193e-02,2.629761258528587597e-06,5.957894870399531445e-06,2.746404936057567862e-04,-2.205068492772379804e-02,-1.520363738155180256e-09,2.232385583442527202e-02,4.725937941437048911e-06
5.060956431347733986e-01,3.804972977766084563e-01,-2.123432360766997623e-02,-3.271810422992397216e-01,2.162750750058453166e-09,-1.264847368745481093e+00,-3.805135789389487710e-01,3.332407474077217921e-06,4.022273991699968845e-05,-1.244761741845945048e-02,-8.458868062958679687e-10,1.248701817750442859e-02,2.643342790234847257e-06,5.950785640740022462e-06,2.763509271443484049e-04,-2.202196565751394705e-02,-1.518633299431104439e-09,2.229684875132395203e-02,4.720298972978099032e-06
5.089711865616756148e-01,3.804973073836838693e-01,-2.123420680057105936e-02,-3.272169269712049688e-01,2.160312089598366137e-09,-1.264811369636124727e+00,-3.805135713183940838e-01,3.349508998490526626e-06,4.101982106821840790e-05,-1.251090128198228783e-02,-8.502512138031469639e-10,1.255109490388039636e-02,2.656908110020406624e-06,5.943679191979160723e-06,2.780302990940258789e-04,-2.199327705533286881e-02,-1.516902426359153236e-09,2.226984127397447014e-02,4.714662218674645541e-06
5.118467299885777200e-01,3.804973170399060800e-01,-2.123408769453087250e-02,-3.272529935001015633e-01,2.157860886251649113e-09,-1.264775186383018335e+00,-3.805135636588550807e-01,3.366590092034408743e-06,4.182168604272222236e-05,-1.257410269489170861e-02,-8.546106434703917640e-10,1.261509396850572610e-02,2.670457224284946476e-06,5.936575552742964239e-06,2.796780884658529713e-04,-2.196461963396582895e-02,-1.515171106539574314e-09,2.224283339416607136e-02,4.709027701324892768e-06
5.147222734154798252e-01,3.804973267452163022e-01,-2.123396627592461297e-02,-3.272892416489684986e-01,2.155397154334161446e-09,-1.264738819209483722e+00,-3.805135559603782247e-01,3.383650762828939694e-06,4.262824327430940127e-05,-1.263722174758682114e-02,-8.589650939951319446e-10,1.267901537021131307e-02,2.683990139493708363e-06,5.929474751666457526e-06,2.812937742191153642e-04,-2.193599390624963175e-02,-1.513439327573133778e-09,2.221582510368775437e-02,4.703395443734221952e-06
5.175978168423819303e-01,3.804973364995559160e-01,-2.123384253139293937e-02,-3.273256711811072805e-01,2.152920908165558832e-09,-1.264702268338845581e+00,-3.805135482230102006e-01,3.400691019076553604e-06,4.343939969845227568e-05,-1.270025853194148638e-02,-8.633145640392450804e-10,1.274285910780445681e-02,2.697506862177526371e-06,5.922376817392415447e-06,2.828768352810736848e-04,-2.190740038505313222e-02,-1.511707077061534308e-09,2.218881639432853867e-02,4.697765468714175654e-06
5.204733602692840355e-01,3.804973463028661906e-01,-2.123371644784627019e-02,-3.273622818600855355e-01,2.150432162069395885e-09,-1.264665533994432600e+00,-3.805135404467974714e-01,3.417710869062052626e-06,4.425506075223340581e-05,-1.276321314130434391e-02,-8.676590522289577784e-10,1.280662518006883514e-02,2.711007398932833056e-06,5.915281778570090976e-06,2.844267505666381421e-04,-2.187883958325783848e-02,-1.509974342607831644e-09,2.216180725787775599e-02,4.692137799081457402e-06
5.233489036961862517e-01,3.804973561550883954e-01,-2.123358801246910676e-02,-3.273990734497414512e-01,2.147930930373229530e-09,-1.264628616399575689e+00,-3.805135326317867217e-01,3.434710321152633619e-06,4.507513037433834400e-05,-1.282608567049886919e-02,-8.719985571548520890e-10,1.287031358576453538e-02,2.724491756421682730e-06,5.908189663853974292e-06,2.859429989979695472e-04,-2.185031201373864931e-02,-1.508241111816854174e-09,2.213479768612536605e-02,4.686512457656937281e-06
5.262244471230883569e-01,3.804973660561640214e-01,-2.123345721272432499e-02,-3.274360457141881064e-01,2.145417227408721163e-09,-1.264591515777610642e+00,-3.805135247780242480e-01,3.451689383797892382e-06,4.589951100510439671e-05,-1.288887621582327121e-02,-8.763330773718693313e-10,1.293392432362801790e-02,2.737959941371751893e-06,5.901100501902538320e-06,2.874250595240017284e-04,-2.182181818934458145e-02,-1.506507372295615077e-09,2.210778767086223062e-02,4.680889467264652434e-06
5.290999905499904621e-01,3.804973760060342824e-01,-2.123332403635750515e-02,-3.274731984178175237e-01,2.142891067511736327e-09,-1.264554232351876806e+00,-3.805135168855567906e-01,3.468648065529843139e-06,4.672810358662583282e-05,-1.295158487505043872e-02,-8.806626113993188824e-10,1.299745739237215085e-02,2.751411960576357860e-06,5.894014321376995293e-06,2.888724111398910887e-04,-2.179335862287960779e-02,-1.504773111653726534e-09,2.208077720388038762e-02,4.675268850730823653e-06
5.319755339768925673e-01,3.804973860046407808e-01,-2.123318847140120633e-02,-3.275105313253049988e-01,2.140352465022452656e-09,-1.264516766345716858e+00,-3.805135089544305904e-01,3.485586374962910914e-06,4.756080756291442680e-05,-1.301421174742774418e-02,-8.849871577208838639e-10,1.306091279068618931e-02,2.764847820894448176e-06,5.886931150940062619e-06,2.902845329063869070e-04,-2.176493382708365176e-02,-1.503038317503812283e-09,2.205376627697339803e-02,4.669650630882860963e-06
5.348510774037946724e-01,3.804973960519248410e-01,-2.123305050617931358e-02,-3.275480442016134308e-01,2.137801434285457071e-09,-1.264479117982477252e+00,-3.805135009846922767e-01,3.502504320793952281e-06,4.839752088011607558e-05,-1.307675693367688075e-02,-8.893067147846336532e-10,1.312429051723581520e-02,2.778267529250624759e-06,5.879851019254716899e-06,2.916609039691302457e-04,-2.173654431461345335e-02,-1.501302977461913558e-09,2.202675488193655065e-02,4.664034830548384456e-06
5.377266208306967776e-01,3.804974061478278435e-01,-2.123291012931131233e-02,-3.275857368119973190e-01,2.135237989649851243e-09,-1.264441287485508658e+00,-3.805134929763882567e-01,3.519401911802235041e-06,4.923813998678230311e-05,-1.313922053599352567e-02,-8.936212810030302939e-10,1.318759057066309220e-02,2.791671092635118910e-06,5.872773954982981822e-06,2.930010035778720301e-04,-2.170819059802375078e-02,-1.499567079147904131e-09,2.199974301056725409e-02,4.658421472554249351e-06
5.406021642575989938e-01,3.804974162922913350e-01,-2.123276732971661820e-02,-3.276236089220071479e-01,2.132662145469352926e-09,-1.264403275078165079e+00,-3.805134849295648269e-01,3.536279156849450923e-06,5.008255983419745218e-05,-1.320160265804710617e-02,-8.979308547529443159e-10,1.325081294958652990e-02,2.805058518103808675e-06,5.865699986784692345e-06,2.943043111056216853e-04,-2.167987318974836514e-02,-1.497830610185890453e-09,2.197273065466522068e-02,4.652810579725565981e-06
5.434777076845010990e-01,3.804974264852568622e-01,-2.123262209661885835e-02,-3.276616602974937731e-01,2.130073916102398113e-09,-1.264365080983805179e+00,-3.805134768442685056e-01,3.553136064879691018e-06,5.093067387676029656e-05,-1.326390340498032581e-02,-9.022354343756634207e-10,1.331395765260103004e-02,2.818429812778192593e-06,5.858629143316272421e-06,2.955703060677140242e-04,-2.165159260208140285e-02,-1.496093558204620908e-09,2.194571780603281688e-02,4.647202174884724856e-06
5.463532511114032042e-01,3.804974367266660273e-01,-2.123247441955020132e-02,-3.276998907046125287e-01,2.127473315912244845e-09,-1.264326705425791841e+00,-3.805134687205456445e-01,3.569972644919452564e-06,5.178237407242085923e-05,-1.332612288340883841e-02,-9.065350181769102658e-10,1.337702467827795588e-02,2.831784983845402396e-06,5.851561453229538145e-06,2.967984681408068542e-04,-2.162334934715859358e-02,-1.494355910837887614e-09,2.191870445647533042e-02,4.641596280850443748e-06
5.492287945383053094e-01,3.804974470164602107e-01,-2.123232428835563831e-02,-3.277382999098272798e-01,2.124860359267072061e-09,-1.264288148627491504e+00,-3.805134605584425400e-01,3.586788906077608018e-06,5.263755088317131881e-05,-1.338826120142068594e-02,-9.108296044268542518e-10,1.344001402516509062e-02,2.845124038558171246e-06,5.844496945170463626e-06,2.979882771817984085e-04,-2.159514393693861070e-02,-1.492617655724928845e-09,2.189169059780123744e-02,4.635992920436786834e-06
5.521043379652074146e-01,3.804974573545810146e-01,-2.123217169319729231e-02,-3.277768876799148634e-01,2.122235060540085889e-09,-1.264249410812274377e+00,-3.805134523580055994e-01,3.603584857545392360e-06,5.349609327559158686e-05,-1.345031846857581113e-02,-9.151191913601298242e-10,1.350292569178667725e-02,2.858446984234830773e-06,5.837435647777986670e-06,2.991392132466728936e-04,-2.156697688318452710e-02,-1.490878780510828767e-09,2.186467622182251130e-02,4.630392116452216014e-06
5.549798813921095197e-01,3.804974677409702077e-01,-2.123201662455872357e-02,-3.278156537819693073e-01,2.119597434109618912e-09,-1.264210492203516445e+00,-3.805134441192811190e-01,3.620360508596384877e-06,5.435788872144868875e-05,-1.351229479590542945e-02,-9.194037771758530167e-10,1.356575967664340986e-02,2.871753828259288206e-06,5.830377589682822934e-06,3.002507566092696553e-04,-2.153884869744533692e-02,-1.489139272846918416e-09,2.183766132035488625e-02,4.624793891698633763e-06
5.578554248190117359e-01,3.804974781755692814e-01,-2.123185907324921448e-02,-3.278545979834061597e-01,2.116947494359234385e-09,-1.264171393024597023e+00,-3.805134358423152841e-01,3.637115868586479518e-06,5.522282319835011740e-05,-1.357419029591143411e-02,-9.236833600376409934e-10,1.362851597821246839e-02,2.885044578081011967e-06,5.823322799506243658e-06,3.013223877799776971e-04,-2.151075989103749461e-02,-1.487399120391168812e-09,2.181064588521812800e-02,4.619198268970427682e-06
5.607309682459138411e-01,3.804974886583200600e-01,-2.123169903040806814e-02,-3.278937200519662087e-01,2.114285255677825505e-09,-1.264132113498899423e+00,-3.805134275271546129e-01,3.653850946953855669e-06,5.609078119045085510e-05,-1.363600508256565015e-02,-9.279579380736291094e-10,1.369119459494750474e-02,2.898319241214999913e-06,5.816271305858905064e-06,3.023535875243550642e-04,-2.148271097502663096e-02,-1.485658310808590488e-09,2.178362990823634951e-02,4.613605271053522664e-06
5.636065116728159463e-01,3.804974991891640346e-01,-2.123153648750891395e-02,-3.279330197557205895e-01,2.111610732459720871e-09,-1.264092653849812509e+00,-3.805134191738451244e-01,3.670565753218948089e-06,5.696164568921386679e-05,-1.369773927130912665e-02,-9.322275093764953127e-10,1.375379552527866873e-02,2.911577825241761548e-06,5.809223137339654890e-06,3.033438368816742292e-04,-2.145470246020926564e-02,-1.483916831771625578e-09,2.175661338123823993e-02,4.608014920724443233e-06
5.664820550997180515e-01,3.804975097680430851e-01,-2.123137143636398202e-02,-3.279724968630740589e-01,2.108923939104783335e-09,-1.264053014300729139e+00,-3.805134107824330592e-01,3.687260296984408787e-06,5.783529819422357016e-05,-1.375939297905130754e-02,-9.364920720034788592e-10,1.381631876761261514e-02,2.924820337807284562e-06,5.802178322534350775e-06,3.042926171833915854e-04,-2.142673485709457523e-02,-1.482174670960540098e-09,2.172959629605738033e-02,4.602427240749363166e-06
5.693575985266201567e-01,3.804975203948988693e-01,-2.123120386912840177e-02,-3.280121511427699921e-01,2.106224890018513397e-09,-1.264013195075046836e+00,-3.805134023529646581e-01,3.703934587935073992e-06,5.871161871405275695e-05,-1.382096632416921975e-02,-9.407516239764065753e-10,1.387876432033254698e-02,2.938046786623009848e-06,5.795136890014684578e-06,3.051994100715443511e-04,-2.139880867588634522e-02,-1.480431816063815835e-09,2.170257864453250390e-02,4.596842253883175460e-06
5.722331419535223729e-01,3.804975310696731561e-01,-2.123103377830449362e-02,-3.280519823638939347e-01,2.103513599612150952e-09,-1.263973196396167564e+00,-3.805133938854861064e-01,3.720588635837910367e-06,5.959048576718171855e-05,-1.388245942650650697e-02,-9.450061632817132279e-10,1.394113218179817218e-02,2.951257179465787873e-06,5.788098868337014324e-06,3.060636975170702803e-04,-2.137092442646485249e-02,-1.478688254778538491e-09,2.167556041850776313e-02,4.591259982868554658e-06
5.751086853804244781e-01,3.804975417923078806e-01,-2.123086115674602953e-02,-3.280919902958785994e-01,2.100790082302777029e-09,-1.263933018487498616e+00,-3.805133853800437560e-01,3.737222450541983239e-06,6.047177638297057206e-05,-1.394387240737253973e-02,-9.492556878704703717e-10,1.400342235034578858e-02,2.964451524177852430e-06,5.781064286041189362e-06,3.068849618380557602e-04,-2.134308261836892137e-02,-1.476943974810784808e-09,2.164854160983300732e-02,4.585680450435031896e-06
5.779842288073265832e-01,3.804975525627447008e-01,-2.123068599766253853e-02,-3.281321747085071960e-01,2.098054352513415122e-09,-1.263892661572451726e+00,-3.805133768366833480e-01,3.753836041978396045e-06,6.135536610268341802e-05,-1.400520538954135724e-02,-9.535001956584101308e-10,1.406563482428823363e-02,2.977629828666775310e-06,5.774033171649401794e-06,3.076626857179076907e-04,-2.131528376077805598e-02,-1.475198963876011964e-09,2.162152221036407057e-02,4.580103679298069090e-06
5.808597722342286884e-01,3.804975633809256075e-01,-2.123050829462357764e-02,-3.281725353719182614e-01,2.095306424673133349e-09,-1.263852125874443288e+00,-3.805133682554512342e-01,3.770429420160244162e-06,6.224112898056508188e-05,-1.406645849725064734e-02,-9.577396845259549777e-10,1.412776960191496414e-02,2.990792100905426925e-06,5.767005553665007404e-06,3.083963522234521256e-04,-2.128752836249452399e-02,-1.473453209699436628e-09,2.159450221196300077e-02,4.574529692158132285e-06
5.837353156611307936e-01,3.804975742467923694e-01,-2.123032804156298539e-02,-3.282130720566098780e-01,2.092546313217143712e-09,-1.263811411616895253e+00,-3.805133596363935999e-01,3.787002595182553923e-06,6.312893758496933478e-05,-1.412763185620058946e-02,-9.619741523182439953e-10,1.418982668149201994e-02,3.003938348931929293e-06,5.759981460571399950e-06,3.090854448229582115e-04,-2.125981693192570410e-02,-1.471706700016423320e-09,2.156748160649838916e-02,4.568958511699779403e-06
5.866108590880328988e-01,3.804975851602870329e-01,-2.123014523278319438e-02,-3.282537845334433935e-01,2.089774032586907147e-09,-1.263770519023234229e+00,-3.805133509795562419e-01,3.803555577222233066e-06,6.401866299953933904e-05,-1.418872559355275481e-02,-9.662035968451651380e-10,1.425180606126209490e-02,3.017068580849613262e-06,5.752960920830841411e-06,3.097294474040892696e-04,-2.123214997706633633e-02,-1.469959422572862432e-09,2.154046038584560285e-02,4.563390160590744594e-06
5.894864025149351150e-01,3.804975961213515334e-01,-2.122995986295946394e-02,-3.282946725736479721e-01,2.086989597230233203e-09,-1.263729448316891268e+00,-3.805133422849854563e-01,3.820088376537995771e-06,6.491017482443917303e-05,-1.424973983792882960e-02,-9.704280158813833552e-10,1.431370773944450232e-02,3.030182804826964725e-06,5.745943962883327812e-06,3.103278442917778196e-04,-2.120452800548091807e-02,-1.468211365125550322e-09,2.151343854188702415e-02,4.557824661481025140e-06
5.923619459418372202e-01,3.804976071299278062e-01,-2.122977192714415109e-02,-3.283357359488249250e-01,2.084193021601379715e-09,-1.263688199721304306e+00,-3.805133335527270955e-01,3.836601003470306755e-06,6.580334117763694379e-05,-1.431067471940941291e-02,-9.746474071663751260e-10,1.437553171423524602e-02,3.043281029097577188e-06,5.738930615145451657e-06,3.108801202660296976e-04,-2.117695152428621802e-02,-1.466462515442569809e-09,2.148641606651238364e-02,4.552262037001981056e-06
5.952374893687393254e-01,3.804976181859578421e-01,-2.122958142077097446e-02,-3.283769744309513738e-01,2.081384320161156202e-09,-1.263646773459914829e+00,-3.805133247828272891e-01,3.853093468441305887e-06,6.669802869623876231e-05,-1.437153036953264795e-02,-9.788617684044586520e-10,1.443727798380699950e-02,3.056363261960088662e-06,5.731920906009266059e-06,3.113857605796513579e-04,-2.114942104013374860e-02,-1.464712861303663242e-09,2.145939295161898575e-02,4.546702309765423686e-06
5.981130327956414305e-01,3.804976292893836320e-01,-2.122938833965647837e-02,-3.284183877923824157e-01,2.078563507377045048e-09,-1.263605169756170321e+00,-3.805133159753318894e-01,3.869565776317887783e-06,6.759413379078295370e-05,-1.443230689063286672e-02,-9.830710970167840157e-10,1.449894654690342226e-02,3.069429507297738634e-06,5.724872994397293285e-06,3.120763913018397787e-04,-2.112170932252607075e-02,-1.462960548053277631e-09,2.143237360311505205e-02,4.541112222890872935e-06
6.009885762225435357e-01,3.804976404401466117e-01,-2.122919267552476202e-02,-3.284599758014601356e-01,2.075730597758859194e-09,-1.263563388833437884e+00,-3.805133071302875258e-01,3.886017179685098349e-06,6.849572278611309323e-05,-1.449300029423737299e-02,-9.872753572819770854e-10,1.456053748156131526e-02,3.082479171050859314e-06,5.717417432699705346e-06,3.150000156765630881e-04,-2.109180722013222209e-02,-1.461189304861229391e-09,2.140539696418528037e-02,4.535198125010654914e-06
6.038641196494456409e-01,3.804976516381853857e-01,-2.122899440672594562e-02,-3.285017382134084452e-01,2.072885605932536156e-09,-1.263521430914829269e+00,-3.805132982477427706e-01,3.902447133103708051e-06,6.940574115095345228e-05,-1.455360769147196962e-02,-9.914745223278857630e-10,1.462205084450994390e-02,3.095511819698111893e-06,5.709954099511031924e-06,3.179391964824430472e-04,-2.106189010745929471e-02,-1.459416714788677128e-09,2.137842087332602128e-02,4.529277855318690023e-06
6.067396630763477461e-01,3.804976628834384478e-01,-2.122879350895666775e-02,-3.285436747808502256e-01,2.070028546555191955e-09,-1.263479296223402493e+00,-3.805132893277465289e-01,3.918855614127726644e-06,7.032423365412947779e-05,-1.461412903914137591e-02,-9.956685882578615333e-10,1.468348663732839225e-02,3.108527435413773122e-06,5.702482926176161822e-06,3.208939584996162034e-04,-2.103195796185992894e-02,-1.457642761400039205e-09,2.135144533268698921e-02,4.523351359289734418e-06
6.096152065032498513e-01,3.804976741758437919e-01,-2.122858995778471522e-02,-3.285857852562840686e-01,2.067159434295215431e-09,-1.263436984982211797e+00,-3.805132803703478173e-01,3.935242600113850103e-06,7.125124513569841480e-05,-1.467456429398521396e-02,-9.998575511280209729e-10,1.474484486160193217e-02,3.121526000215416965e-06,5.695003844114062803e-06,3.238643264907496797e-04,-2.100201076070214862e-02,-1.455867428277841590e-09,2.132447034441580652e-02,4.517418582457379163e-06
6.124907499301519564e-01,3.804976855153398008e-01,-2.122838372864884263e-02,-3.286280693920839435e-01,2.064278283832403899e-09,-1.263394497414306761e+00,-3.805132713755957075e-01,3.951608068221681690e-06,7.218682050689529967e-05,-1.473491341267805892e-02,-1.004041406947298276e-09,1.480612551892200937e-02,3.134507495964083153e-06,5.687516784820282877e-06,3.268503251983212367e-04,-2.097204848137196667e-02,-1.454090699023242909e-09,2.129749591065786471e-02,4.511479470416031441e-06
6.153662933570540616e-01,3.804976969018643573e-01,-2.122817479685855727e-02,-3.286705269404993079e-01,2.061385109858097564e-09,-1.263351833742731856e+00,-3.805132623435393824e-01,3.967951995413940332e-06,7.313100475007097083e-05,-1.479517635182947544e-02,-1.008220151677498816e-09,1.486732861088622959e-02,3.147471904364455068e-06,5.680021679869445662e-06,3.298519793419106105e-04,-2.094207110127597332e-02,-1.452312557256559496e-09,2.127052203355624116e-02,4.505533968822904234e-06
6.182418367839562778e-01,3.804977083353556777e-01,-2.122796313759391096e-02,-3.287131576536547195e-01,2.058479927075318077e-09,-1.263308994190527557e+00,-3.805132532742278029e-01,3.984274358456711339e-06,7.408384291862234097e-05,-1.485535306798410095e-02,-1.012393781233356011e-09,1.492845413909835856e-02,3.160419206965042694e-06,5.672518460917727959e-06,3.328693136155029390e-04,-2.091207859784389653e-02,-1.450532986617784038e-09,2.124354871525150137e-02,4.499582023399972969e-06
6.211173802108583830e-01,3.804977198157515894e-01,-2.122774872590530576e-02,-3.287559612835495026e-01,2.055562750198900883e-09,-1.263265978980729232e+00,-3.805132441677103738e-01,4.000575133919669173e-06,7.504538013691495796e-05,-1.491544351762171157e-02,-1.016562291482588815e-09,1.498950210516832894e-02,3.173349385158376172e-06,5.665007059705334772e-06,3.359023526848029222e-04,-2.088207094853119714e-02,-1.448751970767111246e-09,2.121657595788167816e-02,4.493623579935954187e-06
6.239929236377604882e-01,3.804977313429899755e-01,-2.122753153671328233e-02,-3.287989375820580262e-01,2.052633593955632945e-09,-1.263222788336368252e+00,-3.805132350240363337e-01,4.016854298176327325e-06,7.601566160019770522e-05,-1.497544765715727935e-02,-1.020725678245958587e-09,1.505047251071218485e-02,3.186262420181192565e-06,5.657487408058967575e-06,3.389511211845600957e-04,-2.085204813082163280e-02,-1.446969493385448851e-09,2.118960376358208428e-02,4.487658584288253720e-06
6.268684670646625934e-01,3.804977429170087744e-01,-2.122731154480831869e-02,-3.288420863009290929e-01,2.049692473084385095e-09,-1.263179422480470659e+00,-3.805132258432549763e-01,4.033111827404296659e-06,7.699473257451018376e-05,-1.503536544294109024e-02,-1.024883937297332576e-09,1.511136535735214080e-02,3.199158293114643808e-06,5.649959437894256132e-06,3.420156437159072764e-04,-2.082201012222972478e-02,-1.445185538174934582e-09,2.116263213448519448e-02,4.481686982384905545e-06
6.297440104915646986e-01,3.804977545377456472e-01,-2.122708872485063250e-02,-3.288854071917858835e-01,2.046739402336247689e-09,-1.263135881636058278e+00,-3.805132166254156512e-01,4.049347697585533591e-06,7.798263839658201686e-05,-1.509519683125881001e-02,-1.029037064363742651e-09,1.517218064671651580e-02,3.212036984884499146e-06,5.642423081218215747e-06,3.450959448437088215e-04,-2.079195690030339813e-02,-1.443400088859451098e-09,2.113566107272057959e-02,4.475708720226523354e-06
6.326195539184668037e-01,3.804977662051383103e-01,-2.122686305136995896e-02,-3.289289000061256796e-01,2.043774396474666267e-09,-1.263092166026148044e+00,-3.805132073705677631e-01,4.065561884506614531e-06,7.897942447372490425e-05,-1.515494177833160046e-02,-1.033185055125450441e-09,1.523291838043976110e-02,3.224898476261354354e-06,5.634878270131666389e-06,3.481920490939207041e-04,-2.076188844262641386e-02,-1.441613129185132833e-09,2.110869058041470875e-02,4.469723743888215692e-06
6.354950973453690199e-01,3.804977779191243692e-01,-2.122663449876537739e-02,-3.289725644953201411e-01,2.040797470275575143e-09,-1.263048275873752013e+00,-3.805131980787608836e-01,4.081754363759006930e-06,7.998513628371691061e-05,-1.521460024031621484e-02,-1.037327905216011443e-09,1.529357856016243071e-02,3.237742747860854929e-06,5.627324936831659437e-06,3.513039809509620279e-04,-2.073180472682094322e-02,-1.439824642920877818e-09,2.108172065969091125e-02,4.463731999521518887e-06
6.383706407722711251e-01,3.804977896796413184e-01,-2.122640304130507874e-02,-3.290164004106144180e-01,2.037808638527530578e-09,-1.263004211401878019e+00,-3.805131887500445287e-01,4.097925110739347959e-06,8.099981937467917823e-05,-1.527417217330510543e-02,-1.041465610222341195e-09,1.535416118753118314e-02,3.250569780143912505e-06,5.619763013613880718e-06,3.544317648550981970e-04,-2.070170573055003793e-02,-1.438034613858853090e-09,2.105475131266922387e-02,4.457733433356305415e-06
6.412461841991732303e-01,3.804978014866267633e-01,-2.122616865312618520e-02,-3.290604075031274278e-01,2.034807916031846856e-09,-1.262959972833528788e+00,-3.805131793844682697e-01,4.114074100649734188e-06,8.202351936494541615e-05,-1.533365753332658656e-02,-1.045598165684783106e-09,1.541466626419876924e-02,3.263379553416936943e-06,5.612192432875046760e-06,3.575754251998354690e-04,-2.067159143152010395e-02,-1.436243025814994927e-09,2.102778254146623130e-02,4.451727991702680406e-06
6.441217276260753355e-01,3.804978133400179208e-01,-2.122593130823453508e-02,-3.291045855238514672e-01,2.031795317602728626e-09,-1.262915560391701941e+00,-3.805131699820818447e-01,4.130201308498013814e-06,8.305628194292346113e-05,-1.539305627634489533e-02,-1.049725567097177317e-09,1.547509379182402181e-02,3.276172047832065453e-06,5.604613127115298507e-06,3.607349863293257556e-04,-2.064146180748342371e-02,-1.434449862629517151e-09,2.100081434819504531e-02,4.445715620952893399e-06
6.469972710529774407e-01,3.804978252397523408e-01,-2.122569098050449896e-02,-3.291489342236521565e-01,2.028770858067405740e-09,-1.262870974299391547e+00,-3.805131605429348807e-01,4.146306709098084822e-06,8.409815286694977772e-05,-1.545236835826038421e-02,-1.053847809906930601e-09,1.553544377207183823e-02,3.288947243387406114e-06,5.597025028940576402e-06,3.639104725357846480e-04,-2.061131683624060559e-02,-1.432655108167404747e-09,2.097384673496511046e-02,4.439696267583213672e-06
6.498728144798796569e-01,3.804978371857670183e-01,-2.122544764367875064e-02,-3.291934533532685503e-01,2.025734552266264357e-09,-1.262826214779585010e+00,-3.805131510670771711e-01,4.162390277070211769e-06,8.514917796513650440e-05,-1.551159373490964069e-02,-1.057964889515090390e-09,1.559571620661318048e-02,3.301705119927280973e-06,5.589428071064980219e-06,3.671019080569192568e-04,-2.058115649564300209e-02,-1.430858746318914519e-09,2.094687970388210002e-02,4.433669878155810655e-06
6.527483579067817621e-01,3.804978491779993366e-01,-2.122520127136809029e-02,-3.292381426633119168e-01,2.022686415052983427e-09,-1.262781282055267074e+00,-3.805131415545585649e-01,4.178451986841327329e-06,8.620940313521078841e-05,-1.557073236206563474e-02,-1.062076801276415300e-09,1.565591109712506299e-02,3.314445657142472535e-06,5.581822186313139907e-06,3.703093170733673259e-04,-2.055098076359523906e-02,-1.429060761000070149e-09,2.091991325704785354e-02,4.427636399320636885e-06
6.556239013336838672e-01,3.804978612163863461e-01,-2.122495183705124314e-02,-3.292830019042670142e-01,2.019626461294664561e-09,-1.262736176349415596e+00,-3.805131320054289668e-01,4.194491812645366025e-06,8.727887434434718162e-05,-1.562978419543788536e-02,-1.066183540499453085e-09,1.571602844529053356e-02,3.327168834570485067e-06,5.574207307622542391e-06,3.735327237061495742e-04,-2.052078961805755761e-02,-1.427261136153153964e-09,2.089294739656019639e-02,4.421595777817274537e-06
6.584994447605859724e-01,3.804978733008650416e-01,-2.122469931407464788e-02,-3.293280308264905365e-01,2.016554705871966860e-09,-1.262690897885005104e+00,-3.805131224197383366e-01,4.210509728523581870e-06,8.835763762899258257e-05,-1.568874919067260454e-02,-1.070285102446613435e-09,1.577606825279867508e-02,3.339874631595797019e-06,5.566583368045886325e-06,3.767721520141302776e-04,-2.049058303704830164e-02,-1.425459855747198485e-09,2.086598212451286349e-02,4.415547960476803132e-06
6.613749881874880776e-01,3.804978854313724734e-01,-2.122444367565226239e-02,-3.293732291802119461e-01,2.013471163679239264e-09,-1.262645446885004574e+00,-3.805131127975365790e-01,4.226505708324888017e-06,8.944573909468369742e-05,-1.574762730335289851e-02,-1.074381482334248414e-09,1.583603052134456568e-02,3.352563027450134187e-06,5.558950300753395335e-06,3.800276259914918907e-04,-2.046036099864634306e-02,-1.423656903778475702e-09,2.083901744299538825e-02,4.409492894223644375e-06
6.642505316143901828e-01,3.804978976078454145e-01,-2.122418489486537288e-02,-3.294185967155326411e-01,2.010375849624650833e-09,-1.262599823572378099e+00,-3.805131031388738760e-01,4.242479725706201515e-06,9.054322491585767058e-05,-1.580641848899892038e-02,-1.078472675332730221e-09,1.589591525262931335e-02,3.365234001212736534e-06,5.551308039035131271e-06,3.832991695652195898e-04,-2.043012348099339931e-02,-1.421852264270981598e-09,2.081205335409296031e-02,4.403430526077384970e-06
6.671260750412923990e-01,3.804979098302207485e-01,-2.122392294466238574e-02,-3.294641331824262331e-01,2.007268778630326405e-09,-1.262554028170084663e+00,-3.805130934438002988e-01,4.258431754132782109e-06,9.165014133565492244e-05,-1.586512270306805750e-02,-1.082558676566531419e-09,1.595572244835998660e-02,3.377887531810635589e-06,5.543656516303309143e-06,3.865868065925962232e-04,-2.039987046229652448e-02,-1.420045921276922325e-09,2.078508985988633539e-02,4.397360803154632467e-06
6.700016184681945042e-01,3.804979220984351929e-01,-2.122365779785863327e-02,-3.295098383307379919e-01,2.004149965632474808e-09,-1.262508060901079476e+00,-3.805130837123659737e-01,4.274361766878593932e-06,9.276653466571550919e-05,-1.592373990095513961e-02,-1.086639481114307868e-09,1.601545211024965956e-02,3.390523598018935664e-06,5.535995666094584962e-06,3.898905608587113032e-04,-2.036960192083045115e-02,-1.418237858877197068e-09,2.075812696245174852e-02,4.391283672670819446e-06
6.728771618950966094e-01,3.804979344124254648e-01,-2.122338942713618629e-02,-3.295557119101849008e-01,2.001019425581523279e-09,-1.262461921988311531e+00,-3.805130739446213051e-01,4.290269737026664645e-06,9.389245128596768978e-05,-1.598227003799261581e-02,-1.090715084008980817e-09,1.607510424001734606e-02,3.403142178461101421e-06,5.528325422072331712e-06,3.932104560739777487e-04,-2.033931783493992881e-02,-1.416428061181874088e-09,2.073116466386073012e-02,4.385199081942017860e-06
6.757527053219987145e-01,3.804979467721279485e-01,-2.122311780504363907e-02,-3.296017536703554907e-01,1.997877173442247329e-09,-1.262415611654725378e+00,-3.805130641406165304e-01,4.306155637469454739e-06,9.502793764440973026e-05,-1.604071306945076617e-02,-1.094785480237821485e-09,1.613467883938802042e-02,3.415743251609250946e-06,5.520645718028931427e-06,3.965465158716622359e-04,-2.030901818304213860e-02,-1.414616512330673798e-09,2.070420296618007833e-02,4.379106978386753376e-06
6.786282487489008197e-01,3.804979591774793057e-01,-2.122284290399593931e-02,-3.296479633607093951e-01,1.994723224193903506e-09,-1.262369130123260463e+00,-3.805130543004020538e-01,4.322019440909226003e-06,9.617304025688448461e-05,-1.609906895053792031e-02,-1.098850664742537708e-09,1.619417591009259666e-02,3.428326795784448398e-06,5.512956487888023210e-06,3.998987638054257937e-04,-2.027870294362900741e-02,-1.412803196493440047e-09,2.067724187147169240e-02,4.373007309527796857e-06
6.815037921758029249e-01,3.804979716284159208e-01,-2.122256469627416264e-02,-3.296943407305775731e-01,1.991557592830355954e-09,-1.262322477616851124e+00,-3.805130444240282239e-01,4.337861119858428607e-06,9.732780570684703661e-05,-1.615733763640066906e-02,-1.102910632419360793e-09,1.625359545386790422e-02,3.440892789157010634e-06,5.505257665706758043e-06,4.032672233468757297e-04,-2.024837209526957754e-02,-1.410988097870616369e-09,2.065028138179248254e-02,4.366900022993953288e-06
6.843793356027051411e-01,3.804979841248741779e-01,-2.122228315402534607e-02,-3.297408855291616425e-01,1.988380294360214554e-09,-1.262275654358427479e+00,-3.805130345115455559e-01,4.353680646640085665e-06,9.849228064512515900e-05,-1.621551908212409340e-02,-1.106965378119134441e-09,1.631293747245668099e-02,3.453441209746815957e-06,5.497549185678051885e-06,4.066519178831288312e-04,-2.021802561661229999e-02,-1.409171200693716235e-09,2.062332149919427968e-02,4.360785066521847327e-06
6.872548790296072463e-01,3.804979966667901836e-01,-2.122199824926227982e-02,-3.297875975055342690e-01,1.985191343806956929e-09,-1.262228660570913874e+00,-3.805130245630047314e-01,4.369477993388187947e-06,9.966651178967295556e-05,-1.627361324273199350e-02,-1.111014896647404907e-09,1.637220196760755600e-02,3.465972035423609888e-06,5.489830982132800671e-06,4.100528707143854092e-04,-2.018766348638736594e-02,-1.407352489225791861e-09,2.059636222572366199e-02,4.354662387957686825e-06
6.901304224565092404e-01,3.804980092541002668e-01,-2.122170995386332346e-02,-3.298344764086386105e-01,1.981990756209065345e-09,-1.262181496477229548e+00,-3.805130145784562656e-01,4.385253132048090291e-06,1.008505459253173205e-04,-1.633162007318711070e-02,-1.115059182764510752e-09,1.643138894107503897e-02,3.478485243907330434e-06,5.482102989542121558e-06,4.134701050515143458e-04,-2.015728568340902430e-02,-1.405531947761901766e-09,2.056940356342195492e-02,4.348531935259043289e-06
6.930059658834113456e-01,3.804980218867404784e-01,-2.122141823957219772e-02,-3.298815219872880955e-01,1.978778546620152444e-09,-1.262134162300289075e+00,-3.805130045579508957e-01,4.401006034376923262e-06,1.020444299034978112e-04,-1.638953952839142941e-02,-1.119098231185678795e-09,1.649049839461950648e-02,3.490980812768426566e-06,5.474365142519550128e-06,4.169036440136501777e-04,-2.012689218657787854e-02,-1.403709560629576066e-09,2.054244551432500218e-02,4.342393656496590842e-06
6.958815093103135618e-01,3.804980345646468698e-01,-2.122112307799781453e-02,-3.299287339901664784e-01,1.975554730109092762e-09,-1.262086658263001704e+00,-3.805129945015393034e-01,4.416736671944003115e-06,1.032482106419992568e-04,-1.644737156318634708e-02,-1.123132036581115101e-09,1.654953033000717763e-02,3.503458719428186873e-06,5.466617375823249451e-06,4.203535106258003695e-04,-2.009648297488314181e-02,-1.401885312189278040e-09,2.051548808046315189e-02,4.336247499855866357e-06
6.987570527372156670e-01,3.804980472877553255e-01,-2.122082444061407225e-02,-3.299761121658276730e-01,1.972319321760150532e-09,-1.262038984588272017e+00,-3.805129844092724478e-01,4.432445016131248538e-06,1.044619351246776857e-04,-1.650511613235300379e-02,-1.127160593576101558e-09,1.660848474901008981e-02,3.515918941159072017e-06,5.458859624358198817e-06,4.238197278164631599e-04,-2.006605802740496491e-02,-1.400059186834866315e-09,2.048853126386110390e-02,4.330093413639009262e-06
7.016325961641177722e-01,3.804980600560017301e-01,-2.122052229875967533e-02,-3.300236562626953085e-01,1.969072336673112029e-09,-1.261991141498999047e+00,-3.805129742812011218e-01,4.448131038133609244e-06,1.056856504011793678e-04,-1.656277319061248698e-02,-1.131183896751092240e-09,1.666736165340611253e-02,3.528361455085053551e-06,5.451091823178378236e-06,4.273023184152580914e-04,-2.003561732331663597e-02,-1.398231168994051678e-09,2.046157506653781613e-02,4.323931346266487794e-06
7.045081395910198774e-01,3.804980728693218572e-01,-2.122021662363793304e-02,-3.300713660290628404e-01,1.965813789963409238e-09,-1.261943129218076720e+00,-3.805129641173762844e-01,4.463794708959500508e-06,1.069194035866532572e-04,-1.662034269262616798e-02,-1.135201940641812464e-09,1.672616104497889888e-02,3.540786238181956543e-06,5.443313907488937686e-06,4.308013051505668405e-04,-2.000516084188691188e-02,-1.396401243128855127e-09,2.043461949050639354e-02,4.317761246278831182e-06
7.073836830179219826e-01,3.804980857276513695e-01,-2.121990738631658949e-02,-3.301192412130931619e-01,1.962543696762252612e-09,-1.261894947968394076e+00,-3.805129539178489506e-01,4.479435999431230912e-06,1.081632418614562652e-04,-1.667782459299591361e-02,-1.139214719739356602e-09,1.678488292551789940e-02,3.553193267277803468e-06,5.435525812648358746e-06,4.343167106471838065e-04,-1.997468856248217975e-02,-1.394569393736060132e-09,2.040766453777399791e-02,4.311583062338336414e-06
7.102592264448240877e-01,3.804980986309258739e-01,-2.121959455772761544e-02,-3.301672815628186597e-01,1.959262072216758049e-09,-1.261846597972834827e+00,-3.805129436826701905e-01,4.495054880185456356e-06,1.094172124708522723e-04,-1.673521884626441580e-02,-1.143222228490289002e-09,1.684352729681829960e-02,3.565582519053174626e-06,5.427727474170600972e-06,4.378485574239800344e-04,-1.994420046456874679e-02,-1.392735605347665103e-09,2.038071021034171953e-02,4.305396743230786875e-06
7.131347698717263039e-01,3.804981115790808666e-01,-2.121927810866703484e-02,-3.302154868261408804e-01,1.955968931490073031e-09,-1.261798079454277577e+00,-3.805129334118912410e-01,4.510651321673625598e-06,1.106813627247039711e-04,-1.679252540691547613e-02,-1.147224461296747792e-09,1.690209416068105819e-02,3.577953970041560501e-06,5.419918827727249978e-06,4.413968678915765179e-04,-1.991369652771506418e-02,-1.390899862531336478e-09,2.035375651020449733e-02,4.299202237867148099e-06
7.160103132986284091e-01,3.804981245720518435e-01,-2.121895800979474792e-02,-3.302638567508302536e-01,1.952664289761507326e-09,-1.261749392635595823e+00,-3.805129231055632277e-01,4.526225294162438500e-06,1.119557399971583930e-04,-1.684974422937426941e-02,-1.151221412516545180e-09,1.696058351891285149e-02,3.590307596629721332e-06,5.412099809149646871e-06,4.449616643500286140e-04,-1.988317673159388857e-02,-1.389062149890851473e-09,2.032680343935098707e-02,4.292999495285252522e-06
7.188858567255305143e-01,3.804981376097741341e-01,-2.121863423163431947e-02,-3.303123910845262579e-01,1.949348162226657885e-09,-1.261700537739657735e+00,-3.805129127637375541e-01,4.541776767734305965e-06,1.132403917263255646e-04,-1.690687526800768725e-02,-1.155213076463273542e-09,1.701899537332605267e-02,3.602643375058062771e-06,5.404270354431004144e-06,4.485429689865220049e-04,-1.985264105598453024e-02,-1.387222452066546822e-09,2.029985099976349544e-02,4.286788464651501169e-06
7.217614001524326195e-01,3.804981506921829015e-01,-2.121830674457282281e-02,-3.303610895747370879e-01,1.946020564097535820e-09,-1.261651514989326150e+00,-3.805129023864654569e-01,4.557305712287820041e-06,1.145353654139508344e-04,-1.696391847712463638e-02,-1.159199447406411502e-09,1.707732972573874561e-02,3.614961281420996293e-06,5.396430399728520717e-06,4.521408038730798822e-04,-1.982208948077505278e-02,-1.385380753735762360e-09,2.027289919341784818e-02,4.280569095262518758e-06
7.246369435793347247e-01,3.804981638192134197e-01,-2.121797551886065239e-02,-3.304099519688393216e-01,1.942681510602695852e-09,-1.261602324607459025e+00,-3.805128919737983950e-01,4.572812097538226565e-06,1.158407086250801257e-04,-1.702087381097633356e-02,-1.163180519571430021e-09,1.713558657797467633e-02,3.627261291667331375e-06,5.388579881365477491e-06,4.557551909642793995e-04,-1.979152198596438941e-02,-1.383537039613281285e-09,2.024594802228328952e-02,4.274341336546840990e-06
7.275124870062369409e-01,3.804981769908007960e-01,-2.121764052461132602e-02,-3.304589780140780308e-01,1.939331016987358327e-09,-1.261552966816908761e+00,-3.805128815257878827e-01,4.588295893017913055e-06,1.171564689877191987e-04,-1.707774122375665601e-02,-1.167156287139901174e-09,1.719376593186324256e-02,3.639543381600642683e-06,5.380718735833336305e-06,4.593861520949812450e-04,-1.976093855166458774e-02,-1.381691294451770841e-09,2.021899748832239538e-02,4.268105138066559485e-06
7.303880304331390461e-01,3.804981902068799160e-01,-2.121730173180131837e-02,-3.305081674575663375e-01,1.935969098513540731e-09,-1.261503441840522433e+00,-3.805128710424855454e-01,4.603757068076884741e-06,1.184826941924861231e-04,-1.713452066960245365e-02,-1.171126744249607747e-09,1.725186778923947992e-02,3.651807526879663522e-06,5.372846899793811769e-06,4.630337089780687003e-04,-1.973033915810292957e-02,-1.379843503042217412e-09,2.019204759349096587e-02,4.261860449518985354e-06
7.332635738600411512e-01,3.804982034673858871e-01,-2.121695911026988055e-02,-3.305575200462856356e-01,1.932595770460177223e-09,-1.261453749901142229e+00,-3.805128605239428419e-01,4.619195591883263469e-06,1.198194319922571779e-04,-1.719121210259389604e-02,-1.175091884994653873e-09,1.730989215194404102e-02,3.664053703018678006e-06,5.364964310080943113e-06,4.666978832021978670e-04,-1.969972378562408200e-02,-1.377993650214364104e-09,2.016509833973791424e-02,4.255607220738283977e-06
7.361391172869432564e-01,3.804982167722532616e-01,-2.121661262971885620e-02,-3.306070355270849803e-01,1.929211048123249741e-09,-1.261403891221604567e+00,-3.805128499702116751e-01,4.634611433423784908e-06,1.211667302018064622e-04,-1.724781547675478116e-02,-1.179051703425577533e-09,1.736783902182316430e-02,3.676281885387912393e-06,5.357070903703162640e-06,4.703786962295590057e-04,-1.966909241469224148e-02,-1.376141720837142945e-09,2.013814972900518710e-02,4.249345401697119938e-06
7.390146607138453616e-01,3.804982301214169804e-01,-2.121626225971250113e-02,-3.306567136466810330e-01,1.925814946815909181e-09,-1.261353866024740977e+00,-3.805128393813436705e-01,4.650004561504302535e-06,1.225246366974389338e-04,-1.730433074605293095e-02,-1.183006193549462425e-09,1.742570840072866015e-02,3.688492049213939543e-06,5.349166617845332838e-06,4.740761693936484467e-04,-1.963844502589328495e-02,-1.374287699819103777e-09,2.011120176322763950e-02,4.243074942508280785e-06
7.418902041407474668e-01,3.804982435148115405e-01,-2.121590796967733061e-02,-3.307065541516584495e-01,1.922407481868602374e-09,-1.261303674533377217e+00,-3.805128287573908419e-01,4.665374944750300938e-06,1.238931994166175788e-04,-1.736075786440050353e-02,-1.186955349330055638e-09,1.748350029051791432e-02,3.700684169580085065e-06,5.341251389870797049e-06,4.777903238970525887e-04,-1.960778159993683059e-02,-1.372431572108846668e-09,2.008425444433296209e-02,4.236795793426293173e-06
7.447657475676496830e-01,3.804982569523716607e-01,-2.121554972890191126e-02,-3.307565567884689361e-01,1.918988668629195336e-09,-1.261253316970334604e+00,-3.805128180984049258e-01,4.680722551607404035e-06,1.252724663575831147e-04,-1.741709678565437139e-02,-1.190899164687879107e-09,1.754121469305381514e-02,3.712858221426830087e-06,5.333325157323406418e-06,4.815211808092397590e-04,-1.957710211765841327e-02,-1.370573322695445840e-09,2.005730777424155620e-02,4.230507904849048319e-06
7.476412909945517882e-01,3.804982704340316157e-01,-2.121518750653670488e-02,-3.308067213034314169e-01,1.915558522463098578e-09,-1.261202793558427127e+00,-3.805128074044380471e-01,4.696047350341907856e-06,1.266624855789685964e-04,-1.747334746361647873e-02,-1.194837633500350803e-09,1.759885161020478123e-02,3.725014179552234347e-06,5.325387857929537528e-06,4.852687610643666551e-04,-1.954640656002153143e-02,-1.368712936608875253e-09,2.003036175486645754e-02,4.224211227319387645e-06
7.505168344214538934e-01,3.804982839597259026e-01,-2.121482127159389150e-02,-3.308570474427320329e-01,1.912117058753390368e-09,-1.261152104520465889e+00,-3.805127966755422197e-01,4.711349309041298931e-06,1.280633051994069357e-04,-1.752950985203423004e-02,-1.198770749601899290e-09,1.765641104384471638e-02,3.737152018612351237e-06,5.317439429600108332e-06,4.890330854590929730e-04,-1.951569490811977045e-02,-1.366850398920431087e-09,2.000341638811323208e-02,4.217905711526722310e-06
7.533923778483559985e-01,3.804982975293887959e-01,-2.121445099294720291e-02,-3.309075349524238652e-01,1.908664292900938731e-09,-1.261101250079254887e+00,-3.805127859117695688e-01,4.726628395614794692e-06,1.294749733971324568e-04,-1.758558390460084053e-02,-1.202698506784086774e-09,1.771389299585299920e-02,3.749271713121650477e-06,5.309479810432574618e-06,4.928141746504076902e-04,-1.948496714317884959e-02,-1.364985694743152780e-09,1.997647167587986855e-02,4.211591308308596829e-06
7.562679212752581037e-01,3.804983111429544040e-01,-2.121407663933173871e-02,-3.309581835784266568e-01,1.905200240324526768e-09,-1.261050230457593235e+00,-3.805127751131724412e-01,4.741884577793877958e-06,1.308975384095761364e-04,-1.764156957495572470e-02,-1.206620898795726558e-09,1.777129746811444491e-02,3.761373237453450519e-06,5.301508938712920529e-06,4.966120491534659195e-04,-1.945422324655869672e-02,-1.363118809232238890e-09,1.994952762005669164e-02,4.205267968652293352e-06
7.591434647021602089e-01,3.804983248003568908e-01,-2.121369817934381369e-02,-3.310089930665267577e-01,1.901724916460973842e-09,-1.260999045878274716e+00,-3.805127642798029064e-01,4.757117823132841568e-06,1.323310485329547452e-04,-1.769746681668490917e-02,-1.210537919343006295e-09,1.782862446251929842e-02,3.773456565840347576e-06,5.293526752917643166e-06,5.004267293394375812e-04,-1.942346319975553348e-02,-1.361249727585467511e-09,1.992258422252626143e-02,4.198935643696388517e-06
7.620190081290624251e-01,3.804983385015301423e-01,-2.121331558144077742e-02,-3.310599631623770689e-01,1.898238336765260067e-09,-1.260947696564087117e+00,-3.805127534117134225e-01,4.772328099009344889e-06,1.337755521218535388e-04,-1.775327558332139358e-02,-1.214449562089611445e-09,1.788587398096320308e-02,3.785521672374651417e-06,5.285533191715717704e-06,5.042582354333646939e-04,-1.939268698440387018e-02,-1.359378435043606554e-09,1.989564148516327971e-02,4.192594284732323841e-06
7.648945515559645303e-01,3.804983522464082113e-01,-2.121292881394084770e-02,-3.311110936114966541e-01,1.894740516710644592e-09,-1.260896182737814009e+00,-3.805127425089564475e-01,4.787515372624964386e-06,1.352310975888031477e-04,-1.780899582834559111e-02,-1.218355820656848729e-09,1.794304602534719031e-02,3.797568531008833444e-06,5.277528193970561657e-06,5.081065875120312431e-04,-1.936189458227859095e-02,-1.357504916890828372e-09,1.986869940983449975e-02,4.186243843205965114e-06
7.677700949828666355e-01,3.804983660349247621e-01,-2.121253784502295445e-02,-3.311623841592710171e-01,1.891231471788791750e-09,-1.260844504622231854e+00,-3.805127315715844394e-01,4.802679611005759435e-06,1.366977334038501789e-04,-1.786462750518568593e-02,-1.222256688623771861e-09,1.800014059757764490e-02,3.809597115555969276e-06,5.269511698741988143e-06,5.119718055018439989e-04,-1.933108597529693828e-02,-1.355629158455118592e-09,1.984175799839862572e-02,4.179884270719150774e-06
7.706456384097687407e-01,3.804983798670136808e-01,-2.121214264272655581e-02,-3.312138345509513249e-01,1.887711217509888100e-09,-1.260792662440113121e+00,-3.805127205996500783e-01,4.817820781002834760e-06,1.381755080941217189e-04,-1.792017056721809456e-02,-1.226152159527307697e-09,1.805715769956627026e-02,3.821607399690186395e-06,5.261483645288139653e-06,5.158539091767215751e-04,-1.930026114552055999e-02,-1.353751145108683919e-09,1.981481725270620164e-02,4.173515519031230115e-06
7.735211818366708458e-01,3.804983937426084650e-01,-2.121174317495149245e-02,-3.312654445316547402e-01,1.884179769402767750e-09,-1.260740656414223393e+00,-3.805127095932059333e-01,4.832938849292920647e-06,1.396644702433839555e-04,-1.797562496776784063e-02,-1.230042226862385062e-09,1.811409733323010585e-02,3.833599356947129176e-06,5.253443973067429457e-06,5.197529181559973647e-04,-1.926942007515750066e-02,-1.351870862268360138e-09,1.978787717459955589e-02,4.167137540060604043e-06
7.763967252635730620e-01,3.804984076616425570e-01,-2.121133940945783142e-02,-3.313172138463642558e-01,1.880637143015028985e-09,-1.260688486767323813e+00,-3.805126985523048511e-01,4.848033782378941302e-06,1.411646684915943205e-04,-1.803099066010900586e-02,-1.233926884082061314e-09,1.817095950049144731e-02,3.845572960724402304e-06,5.245392621740449964e-06,5.236688519023304997e-04,-1.923856274656420007e-02,-1.349988295396011646e-09,1.976093776591267628e-02,4.160750285886240421e-06
7.792722686904751672e-01,3.804984216240495654e-01,-2.121093131386567188e-02,-3.313691422399282493e-01,1.877083353913155864e-09,-1.260636153722169750e+00,-3.805126874769994560e-01,4.863105546590612858e-06,1.426761515344485913e-04,-1.808626759746517071e-02,-1.237806124597655725e-09,1.822774420327788816e-02,3.857528184282050619e-06,5.237329531171898878e-06,5.276017297196296035e-04,-1.920768914224745688e-02,-1.348103429998937388e-09,1.973399902847112336e-02,4.154353708749201261e-06
7.821478121173772724e-01,3.804984356297627102e-01,-2.121051885565502365e-02,-3.314212294570606510e-01,1.873518417682639816e-09,-1.260583657501510801e+00,-3.805126763673428170e-01,4.878154108085021900e-06,1.441989681229207559e-04,-1.814145573300980641e-02,-1.241679941778878520e-09,1.828445144352221913e-02,3.869465000743022443e-06,5.229254641432473163e-06,5.315515707509856514e-04,-1.917679924486644441e-02,-1.346216251630270183e-09,1.970706096409194363e-02,4.147947761054156382e-06
7.850233555442793776e-01,3.804984496787152670e-01,-2.121010200216561989e-02,-3.314734752423404984e-01,1.869942349928097099e-09,-1.260530998328091012e+00,-3.805126652233878359e-01,4.893179432847224314e-06,1.457331670627979171e-04,-1.819655501986675028e-02,-1.245548328953962814e-09,1.834108122316246980e-02,3.881383383093632062e-06,5.221167892800758773e-06,5.355183939766157810e-04,-1.914589303723464656e-02,-1.344326745889371076e-09,1.968012357458358633e-02,4.141532395370868248e-06
7.878988989711814828e-01,3.804984637708403450e-01,-2.120968072059678869e-02,-3.315258793402122151e-01,1.866355166273387916e-09,-1.260478176424649099e+00,-3.805126540451875816e-01,4.908181486690844140e-06,1.472787972142091523e-04,-1.825156541111064984e-02,-1.249411279409800062e-09,1.839763354414184621e-02,3.893283304184056931e-06,5.213069225765116994e-06,5.395022182118187036e-04,-1.911497050232179376e-02,-1.342434898422228044e-09,1.965318686174576807e-02,4.135107564435709015e-06
7.907744423980835879e-01,3.804984779060709421e-01,-2.120925497800725187e-02,-3.315784414949849435e-01,1.862756882361735112e-09,-1.260425192013917561e+00,-3.805126428327951227e-01,4.923160235258683438e-06,1.488359074911480581e-04,-1.830648685976739645e-02,-1.253268786392073648e-09,1.845410840840873076e-02,3.905164736728797614e-06,5.204958581025558931e-06,5.435030621049393319e-04,-1.908403162325587876e-02,-1.340540694921849319e-09,1.962625082736946247e-02,4.128673221153133514e-06
7.936499858249858042e-01,3.804984920843400564e-01,-2.120882474131503825e-02,-3.316311614508328787e-01,1.859147513855845358e-09,-1.260372045318624235e+00,-3.805126315862637498e-01,4.938115644023331302e-06,1.504045468609898468e-04,-1.836131931881460760e-02,-1.257120843105393097e-09,1.851050581791661986e-02,3.917027653307177537e-06,5.196835899495604741e-06,5.475209441353450076e-04,-1.905307638332499193e-02,-1.338644121128652368e-09,1.959931547323671280e-02,4.122229318597161558e-06
7.965255292518879093e-01,3.804985063055805194e-01,-2.120838997729726158e-02,-3.316840389517949905e-01,1.855527076438021855e-09,-1.260318736561490516e+00,-3.805126203056466427e-01,4.953047678287777114e-06,1.519847643440028857e-04,-1.841606274118206751e-02,-1.260967442713434902e-09,1.856682577462414468e-02,3.928872026363824943e-06,5.188701122304132707e-06,5.515558826114122471e-04,-1.902210476597933353e-02,-1.336745162830857221e-09,1.957238080112062850e-02,4.115775810012851787e-06
7.994010726787900145e-01,3.804985205697249961e-01,-2.120795065259001994e-02,-3.317370737417744131e-01,1.851895585810285928e-09,-1.260265265965232695e+00,-3.805126089909973142e-01,4.967956303186039888e-06,1.535766090128535156e-04,-1.847071707975221633e-02,-1.264808578339076318e-09,1.862306828049500873e-02,3.940697828209174341e-06,5.180554190797235936e-06,5.556078956685230269e-04,-1.899111675483306991e-02,-1.334843805864870070e-09,1.954544681278522905e-02,4.109312648817761942e-06
8.022766161056921197e-01,3.804985348767062625e-01,-2.120750673368820838e-02,-3.317902655645392773e-01,1.848253057694492832e-09,-1.260211633752560845e+00,-3.805125976423689993e-01,4.982841483683786606e-06,1.551801299921060160e-04,-1.852528228736060115e-02,-1.268644243064537226e-09,1.867923333749797743e-02,3.952505031019956091e-06,5.172395046540039246e-06,5.596770012670723455e-04,-1.896011233366626594e-02,-1.332940036115671226e-09,1.951851350998539888e-02,4.102839788603412550e-06
8.051521595325942249e-01,3.804985492264566505e-01,-2.120705818694539752e-02,-3.318436141637217118e-01,1.844599507832448384e-09,-1.260157840146180153e+00,-3.805125862598154329e-01,4.997703184578973417e-06,1.567953764577168798e-04,-1.857975831679638257e-02,-1.272474429931518893e-09,1.873532094760685385e-02,3.964293606839705466e-06,5.164223631318535527e-06,5.637632171904879280e-04,-1.892909148642675857e-02,-1.331033839517197266e-09,1.949158089446677983e-02,4.096357183136725173e-06
8.080277029594963301e-01,3.804985636189087694e-01,-2.120660497857445106e-02,-3.318971192828187311e-01,1.840934951985506333e-09,-1.260103885368789589e+00,-3.805125748433900723e-01,5.012541396114685401e-06,1.584223884302586561e-04,-1.863414512983149057e-02,-1.276299138221816374e-09,1.879133111261655636e-02,3.976063547903529984e-06,5.156246659874471549e-06,5.677922369346525763e-04,-1.889812708777258154e-02,-1.329175905610281875e-09,1.946464748338224554e-02,4.090028868435958455e-06
8.109032463863985463e-01,3.804985780539990592e-01,-2.120614707617290984e-02,-3.319507806666884830e-01,1.837259404893953438e-09,-1.260049769643112549e+00,-3.805125633931432660e-01,5.027360099249704177e-06,1.600597714648439591e-04,-1.868844409503921111e-02,-1.280119345796941576e-09,1.884726380567330190e-02,3.987818013232016064e-06,5.150473327993795362e-06,5.710418551376789803e-04,-1.886792741450015604e-02,-1.327858917417620245e-09,1.943769885245343401e-02,4.085449218187628294e-06
8.137787898133006514e-01,3.804985925316774487e-01,-2.120568445196786486e-02,-3.320045980647322037e-01,1.833572878063398665e-09,-1.259995493191963245e+00,-3.805125519091148711e-01,5.042162244927561668e-06,1.617065013440724169e-04,-1.874265621791029041e-02,-1.283935777944865666e-09,1.890311900732236441e-02,3.999559344489128186e-06,5.144730632439418883e-06,5.742931506895242524e-04,-1.883772645458854644e-02,-1.326550024436294344e-09,1.941075060467713567e-02,4.080893871150374258e-06
8.166543332402027566e-01,3.804986070518963093e-01,-2.120521707907522049e-02,-3.320585712272255408e-01,1.829875382316723814e-09,-1.259941056238169210e+00,-3.805125403913426352e-01,5.056947921476037921e-06,1.633625828028795364e-04,-1.879678149483355459e-02,-1.287748458000805365e-09,1.895889671866572701e-02,4.011287611743612856e-06,5.139018734257932367e-06,5.775460621573243886e-04,-1.880752426965036361e-02,-1.325249266344554667e-09,1.938380274019338087e-02,4.076362955083374333e-06
8.195298766671048618e-01,3.804986216146085121e-01,-2.120474493059750290e-02,-3.321126999044345385e-01,1.826166928409545390e-09,-1.259886459004556425e+00,-3.805125288398638617e-01,5.071717217685136322e-06,1.650280203997123076e-04,-1.885081992237482365e-02,-1.291557409413852245e-09,1.901459694080574747e-02,4.023002885430894602e-06,5.133337793888168919e-06,5.808005282225688981e-04,-1.877732092118007678e-02,-1.323956682666105419e-09,1.935685525913854663e-02,4.071856597263673658e-06
8.224054200940069670e-01,3.804986362197669281e-01,-2.120426797962439436e-02,-3.321669838466150826e-01,1.822447527029887249e-09,-1.259831701713945984e+00,-3.805125172547159651e-01,5.086470222805331083e-06,1.667028185168586117e-04,-1.890477149727659220e-02,-1.295362655746526057e-09,1.907021967484519645e-02,4.034705236351695311e-06,5.127687971156686415e-06,5.840564876814374490e-04,-1.874711647055359032e-02,-1.322672312768933433e-09,1.932990816164530112e-02,4.067374924482607503e-06
8.252809635209090722e-01,3.804986508673249279e-01,-2.120378619923320856e-02,-3.322214228040142325e-01,1.818717188797855723e-09,-1.259776784589157650e+00,-3.805125056359359714e-01,5.101207026545797791e-06,1.683869813607773603e-04,-1.895863621645765135e-02,-1.299164220674326186e-09,1.912576492188720542e-02,4.046394735670625613e-06,5.122069425273279932e-06,5.873138794451377050e-04,-1.871691097902788981e-02,-1.321396195864145571e-09,1.930296144784255860e-02,4.062918063042231027e-06
8.281565069478112884e-01,3.804986655572361043e-01,-2.120329956248944228e-02,-3.322760165268703880e-01,1.814975924265316395e-09,-1.259721707853006079e+00,-3.805124939835606290e-01,5.115927719072633793e-06,1.700805129624296109e-04,-1.901241407701278682e-02,-1.302962127985277947e-09,1.918123268303526668e-02,4.058071454914775414e-06,5.116482314826524648e-06,5.905726425402386091e-04,-1.868670450774068126e-02,-1.320128371004816457e-09,1.927601511785546548e-02,4.058486138751790538e-06
8.310320503747131715e-01,3.804986802894542164e-01,-2.120280804244723330e-02,-3.323307647654137886e-01,1.811223743915569021e-09,-1.259666471728304593e+00,-3.805124822976267418e-01,5.130632391007067566e-06,1.717834171776110920e-04,-1.906610507621241124e-02,-1.306756401579476599e-09,1.923662295939324030e-02,4.069735465972295123e-06,5.110926797779315378e-06,5.938327161090048607e-04,-1.865649711770996783e-02,-1.318868877084832085e-09,1.924906917180533097e-02,4.054079276924187978e-06
8.339075938016153877e-01,3.804986950639334120e-01,-2.120231161214988780e-02,-3.323856672698670689e-01,1.807460658163026376e-09,-1.259611076437862076e+00,-3.805124705781706140e-01,5.145321133423653692e-06,1.734956976872853505e-04,-1.911970921150222408e-02,-1.310547065468629501e-09,1.929193575206531938e-02,4.081386841090958232e-06,5.105403031464475545e-06,5.970940394097270544e-04,-1.862628886983371673e-02,-1.317617752837753470e-09,1.922212360980959586e-02,4.049697602372486910e-06
8.367831372285174929e-01,3.804987098806277834e-01,-2.120181024463039035e-02,-3.324407237904459800e-01,1.803686677352896411e-09,-1.259555522204484745e+00,-3.805124588252286055e-01,5.159994037848450044e-06,1.752173579979174160e-04,-1.917322648050287862e-02,-1.314334143775590825e-09,1.934717106215604401e-02,4.093025652876718820e-06,5.099911172580346690e-06,6.003565518170504104e-04,-1.859607982488949846e-02,-1.316375036835674942e-09,1.919517843198182208e-02,4.045341239406421899e-06
8.396586806554195981e-01,3.804987247394922001e-01,-2.120130391291187230e-02,-3.324959340773594452e-01,1.799901811760860271e-09,-1.259499809250975488e+00,-3.805124470388365765e-01,5.174651196257189036e-06,1.769484014418093334e-04,-1.922665688100958642e-02,-1.318117660733897090e-09,1.940232889077025263e-02,4.104651974292265667e-06,5.094451377186428782e-06,6.036201928223026373e-04,-1.856587004353407386e-02,-1.315140767488094003e-09,1.916823363843160252e-02,4.041010311828942615e-06
8.425342240823217033e-01,3.804987396404812539e-01,-2.120079259000815300e-02,-3.325512978808102815e-01,1.796106071592756311e-09,-1.259443937800133861e+00,-3.805124352190304426e-01,5.189292701073441263e-06,1.786888311774359949e-04,-1.928000041099185019e-02,-1.321897640687298775e-09,1.945740923901311675e-02,4.116265878655549267e-06,5.089023800699035795e-06,6.068849020338203852e-04,-1.853565958630305419e-02,-1.313914983040788228e-09,1.914128922926455409e-02,4.036704942932754550e-06
8.454097675092238084e-01,3.804987545835503138e-01,-2.120027624892420470e-02,-3.326068149509959770e-01,1.792299466984263703e-09,-1.259387908074756757e+00,-3.805124233658457866e-01,5.203918645166744400e-06,1.804386501897818932e-04,-1.933325706859304396e-02,-1.325674108089285516e-09,1.951241210799007503e-02,4.127867439638320692e-06,5.083628597886980073e-06,6.101506191772707120e-04,-1.850544851361056800e-02,-1.312697721574697118e-09,1.911434520458227607e-02,4.032425255496912253e-06
8.482853109361259136e-01,3.804987695686545268e-01,-2.119975486265666953e-02,-3.326624850381086351e-01,1.788482008000586659e-09,-1.259331720297637291e+00,-3.805124114793181356e-01,5.218529121850753287e-06,1.821978612906794196e-04,-1.938642685213009739e-02,-1.329447087502614198e-09,1.956733749880689224e-02,4.139456731264644205e-06,5.078265922867271940e-06,6.134172840959754760e-04,-1.847523688574882403e-02,-1.311489021004807273e-09,1.908740156448229808e-02,4.028171371783392233e-06
8.511608543630281298e-01,3.804987845957497616e-01,-2.119922840419436252e-02,-3.327183078923359738e-01,1.784653704636142167e-09,-1.259275374691566363e+00,-3.805123995594823505e-01,5.233124224881345108e-06,1.839664671191471349e-04,-1.943950976009312798e-02,-1.333216603598825264e-09,1.962218541256957258e-02,4.151033827909403940e-06,5.072935929100857435e-06,6.166848367512296585e-04,-1.844502476288782666e-02,-1.310288919079050791e-09,1.906045830905805927e-02,4.023943413533724313e-06
8.540363977899302350e-01,3.804987996647918314e-01,-2.119869684651872963e-02,-3.327742832638615478e-01,1.780814566814246907e-09,-1.259218871479330426e+00,-3.805123876063735699e-01,5.247704048454734753e-06,1.857444701417299113e-04,-1.949250579114513229e-02,-1.336982681157766255e-09,1.967695585038440817e-02,4.162598804296808888e-06,5.067638769388361968e-06,6.199532172226205522e-04,-1.841481220507498393e-02,-1.309097453377202843e-09,1.903351543839885279e-02,4.019741501965609420e-06
8.569119412168323402e-01,3.804988147757369932e-01,-2.119816016260440972e-02,-3.328304109028652480e-01,1.776964604386807882e-09,-1.259162210883713273e+00,-3.805123756200265994e-01,5.262268687205564751e-06,1.875318726528388833e-04,-1.954541494412155231e-02,-1.340745345067101297e-09,1.973164881335791668e-02,4.174151735498872474e-06,5.062374595865880568e-06,6.232223657083432646e-04,-1.838459927223475010e-02,-1.307914661309791036e-09,1.900657295258979806e-02,4.015565757769576355e-06
8.597874846437344454e-01,3.804988299285416709e-01,-2.119761832541966137e-02,-3.328866905595239678e-01,1.773103827134010369e-09,-1.259105393127495587e+00,-3.805123636004759113e-01,5.276818236204996908e-06,1.893286767750940018e-04,-1.959823721802999782e-02,-1.344504620321827608e-09,1.978626430259687943e-02,4.185692696933900604e-06,5.057143560000774059e-06,6.264922225255170878e-04,-1.835438602416827880e-02,-1.306740580117006018e-09,1.897963085171181299e-02,4.011416301105653793e-06
8.626630280706365506e-01,3.804988451231626212e-01,-2.119707130792690061e-02,-3.329431219840119915e-01,1.769232244764012891e-09,-1.259048418433455163e+00,-3.805123515477557561e-01,5.291352790958770059e-06,1.911348844596655035e-04,-1.965097261204984402e-02,-1.348260532023780437e-09,1.984080231920828594e-02,4.197221764364956837e-06,5.051945812587493184e-06,6.297627281104961226e-04,-1.832417252055305867e-02,-1.305575246867622416e-09,1.895268913584154807e-02,4.007293251600055848e-06
8.655385714975386557e-01,3.804988603595568786e-01,-2.119651908308317623e-02,-3.329997049265013831e-01,1.765349866912640335e-09,-1.258991287024366246e+00,-3.805123394619003285e-01,5.305872447405273918e-06,1.929504974866176571e-04,-1.970362112553192616e-02,-1.352013105381141712e-09,1.989526286429935814e-02,4.208739013898325873e-06,5.046781503743431538e-06,6.330338230191822875e-04,-1.829395882094259421e-02,-1.304418698457923713e-09,1.892574780505135862e-02,4.003196728341889651e-06
8.684141149244408719e-01,3.804988756376816994e-01,-2.119596162384066590e-02,-3.330564391371625965e-01,1.761456703143075829e-09,-1.258933999122999969e+00,-3.805123273429434350e-01,5.320377301913583111e-06,1.947755174652528621e-04,-1.975618275799810933e-02,-1.355762365707939187e-09,1.994964593897750535e-02,4.220244521981955858e-06,5.041650782904804746e-06,6.363054479273332325e-04,-1.826374498476603450e-02,-1.303270971610635597e-09,1.889880685940930130e-02,3.999126849879888351e-06
8.712896583513429771e-01,3.804988909574947287e-01,-2.119539890314715500e-02,-3.331133243661651977e-01,1.757552762945561092e-09,-1.258876554952123916e+00,-3.805123151909187151e-01,5.334867451281501378e-06,1.966099458344568586e-04,-1.980865750914099360e-02,-1.359508338423548891e-09,2.000395154435032422e-02,4.231738365403915084e-06,5.036553798822538969e-06,6.395775436308702520e-04,-1.823353107132780898e-02,-1.302132102873861171e-09,1.887186629897903006e-02,3.995083734219148338e-06
8.741652017782450823e-01,3.804989063189537779e-01,-2.119483089394654657e-02,-3.331703603636778088e-01,1.753638055737091623e-09,-1.258818954734503448e+00,-3.805123030058596423e-01,5.349342992733579518e-06,1.984537838630446151e-04,-1.986104537882352541e-02,-1.363251049052189928e-09,2.005817968152559874e-02,4.243220621290806353e-06,5.031490699558204300e-06,6.428500510461844638e-04,-1.820331713980734289e-02,-1.301002128620027748e-09,1.884492612381982735e-02,3.991067498817906283e-06
8.770407452051471875e-01,3.804989217220169362e-01,-2.119425756917934014e-02,-3.332275468798690521e-01,1.749712590861117877e-09,-1.258761198692899486e+00,-3.805122907877994121e-01,5.363804023919134174e-06,2.003070326501071104e-04,-1.991334636707864716e-02,-1.366990523222417622e-09,2.011233035161127947e-02,4.254691367106205887e-06,5.026461632479953236e-06,6.461229112104394101e-04,-1.817310324925864792e-02,-1.299881085044836743e-09,1.881798633398653470e-02,3.987078260584311947e-06
8.799162886320492927e-01,3.804989371666427367e-01,-2.119367890178310704e-02,-3.332848836649078827e-01,1.745776377587242932e-09,-1.258703287050071173e+00,-3.805122785367710536e-01,5.378250642910237832e-06,2.021696931253591186e-04,-1.996556047410892251e-02,-1.370726786666613972e-09,2.016640355571544876e-02,4.266150680649064136e-06,5.021466744258496429e-06,6.493960652818738747e-04,-1.814288945861004115e-02,-1.298769008166219152e-09,1.879104692952950767e-02,3.983116135873241639e-06
8.827918320589515089e-01,3.804989526527898236e-01,-2.119309486469299689e-02,-3.333423704689639777e-01,1.741829425110928843e-09,-1.258645220028772993e+00,-3.805122662528072075e-01,5.392682948199718966e-06,2.040417660494879429e-04,-2.001768770028620331e-02,-1.374459865220476871e-09,2.022039929494634514e-02,4.277598640052117585e-06,5.016506180863094524e-06,6.526694545401028578e-04,-1.811267582666376344e-02,-1.297665933823300334e-09,1.876410791049460194e-02,3.979181240483111679e-06
8.856673754858536141e-01,3.804989681804171187e-01,-2.119250543084221297e-02,-3.334000070422084572e-01,1.737871742553196372e-09,-1.258586997851757650e+00,-3.805122539359405143e-01,5.407101038699130014e-06,2.059232520145026367e-04,-2.006972804615123063e-02,-1.378189784822501462e-09,2.027431757041233198e-02,4.289035323780284480e-06,5.011580087557573716e-06,6.559430203864142139e-04,-1.808246241209566368e-02,-1.296571897675366246e-09,1.873716927692312476e-02,3.975273689652726589e-06
8.885429189127557192e-01,3.804989837494839877e-01,-2.119191057316249793e-02,-3.334577931348142732e-01,1.733903338960332372e-09,-1.258528620741773185e+00,-3.805122415862032259e-01,5.421505013736719579e-06,2.078141514440844453e-04,-2.012168151241330513e-02,-1.381916571513463150e-09,2.032815838322186985e-02,4.300460810629046143e-06,5.006688608896370109e-06,6.592167043440673490e-04,-1.805224927345486924e-02,-1.295486935200841040e-09,1.871023102885179673e-02,3.971393598058134059e-06
8.914184623396578244e-01,3.804989993599499631e-01,-2.119131026458461256e-02,-3.335157284969564317e-01,1.729924223303596763e-09,-1.258470088921565644e+00,-3.805122292036275389e-01,5.435894973055379219e-06,2.097144645939378433e-04,-2.017354809994988118e-02,-1.385640251435895651e-09,2.038192173448353725e-02,4.311875179722828294e-06,5.001831888720599478e-06,6.624904480585863892e-04,-1.802203646916345631e-02,-1.294411081696267780e-09,1.868329316631273107e-02,3.967541079809507866e-06
8.942940057665599296e-01,3.804990150117747438e-01,-2.119070447803883886e-02,-3.335738128788129364e-01,1.725934404478928257e-09,-1.258411402613877517e+00,-3.805122167882451500e-01,5.450271016810601252e-06,2.116241915521428188e-04,-2.022532780980624764e-02,-1.389360850833567388e-09,2.043560762530598901e-02,4.323278510513367975e-06,4.997010070154136358e-06,6.657641932980550839e-04,-1.799182405751607525e-02,-1.293344372275293689e-09,1.865635568933337110e-02,3.963716248448039263e-06
8.971695491934620348e-01,3.804990307049186393e-01,-2.119009318645543108e-02,-3.336320460305649549e-01,1.721933891306656710e-09,-1.258352562041448186e+00,-3.805122043400878118e-01,5.464633245568386586e-06,2.135433322395072664e-04,-2.027702064319512540e-02,-1.393078396050952714e-09,2.048921605679794589e-02,4.334670882778070297e-06,4.992223295599737171e-06,6.690378819534061787e-04,-1.796161209667970424e-02,-1.292286841867668023e-09,1.862941859793649027e-02,3.959919216942863099e-06
9.000450926203642510e-01,3.804990464393420146e-01,-2.118947636276511531e-02,-3.336904277023973187e-01,1.717922692531212573e-09,-1.258293567427013482e+00,-3.805121918591869434e-01,5.478981760303195743e-06,2.154718864099211420e-04,-2.032862660149633779e-02,-1.396792913532703345e-09,2.054274703006820496e-02,4.346052376618370288e-06,4.987471706735171830e-06,6.723114560387131750e-04,-1.793140064469326417e-02,-1.291238525218237465e-09,1.860248189214012277e-02,3.956150097687985624e-06
9.029206360472663562e-01,3.804990622150056234e-01,-2.118885397989956135e-02,-3.337489576444991335e-01,1.713900816820840482e-09,-1.258234418993306125e+00,-3.805121793455735202e-01,5.493316662395830434e-06,2.174098536507104544e-04,-2.038014568625637693e-02,-1.400504429823112760e-09,2.059620054622558066e-02,4.357423072458053221e-06,4.982755444509385830e-06,6.755848576914756914e-04,-1.790118975946730639e-02,-1.290199456885954946e-09,1.857554557195756351e-02,3.952409002499240259e-06
9.057961794741684614e-01,3.804990780318703303e-01,-2.118822601079188225e-02,-3.338076356070642792e-01,1.709868272767312843e-09,-1.258175116963056395e+00,-3.805121667992786283e-01,5.507638053631353241e-06,2.193572333829932905e-04,-2.043157789918810183e-02,-1.404212971565583496e-09,2.064957660637895681e-02,4.368783051041611372e-06,4.978074649138680128e-06,6.788580291729084037e-04,-1.787097949878368661e-02,-1.289169671242888484e-09,1.854860963739729529e-02,3.948696042611258604e-06
9.086717229010705665e-01,3.804990938898975550e-01,-2.118759242837706808e-02,-3.338664613402915760e-01,1.705825068885646114e-09,-1.258115661558990350e+00,-3.805121542203329099e-01,5.521946036196958180e-06,2.213140248620350812e-04,-2.048292324217033250e-02,-1.407918565502084933e-09,2.070287521163719294e-02,4.380132393432554189e-06,4.973429460102924912e-06,6.821309128682221789e-04,-1.784076992029529421e-02,-1.288149202473243661e-09,1.852167408846299573e-02,3.945011328674470246e-06
9.115472663279726717e-01,3.804991097890488283e-01,-2.118695320559250972e-02,-3.339254345943856728e-01,1.701771213613817907e-09,-1.258056053003831387e+00,-3.805121416087668962e-01,5.536240712679867518e-06,2.232802271776065505e-04,-2.053418171724749261e-02,-1.411621238472614798e-09,2.075609636310918327e-02,4.391471181011729472e-06,4.968820016141785214e-06,6.854034512869096535e-04,-1.781056108152563600e-02,-1.287138084572382378e-09,1.849473892515345747e-02,3.941354970752100030e-06
9.144228097548747769e-01,3.804991257292861251e-01,-2.118630831537843609e-02,-3.339845551195572138e-01,1.697706715312486574e-09,-1.257996291520299570e+00,-3.805121289646107852e-01,5.550522186065177766e-06,2.252558392543406083e-04,-2.058535332662922088e-02,-1.415321017414652190e-09,2.080924006190380468e-02,4.402799495475624226e-06,4.964246455250978725e-06,6.886755870630237655e-04,-1.778035303986863491e-02,-1.286136351345856917e-09,1.846780414746259855e-02,3.937727078317205135e-06
9.172983531817769931e-01,3.804991417105714202e-01,-2.118565773067842065e-02,-3.340438226660235599e-01,1.693631582264710171e-09,-1.257936377331112077e+00,-3.805121162878945529e-01,5.564790559733726851e-06,2.272408598520914917e-04,-2.063643807269001720e-02,-1.419017929362612266e-09,2.086230630912990283e-02,4.414117418834673135e-06,4.959708914678548847e-06,6.919472629554575867e-04,-1.775014585258821373e-02,-1.285144036408445241e-09,1.844086975537939654e-02,3.934127760249718930e-06
9.201738966086790983e-01,3.804991577328674657e-01,-2.118500142443982895e-02,-3.341032369840090666e-01,1.689545822675669975e-09,-1.257876310658982533e+00,-3.805121035786480088e-01,5.579045937459935877e-06,2.292352875662938532e-04,-2.068743595796885062e-02,-1.422712001447294920e-09,2.091529510589627827e-02,4.425425033411537394e-06,4.955207530921173324e-06,6.952184218482215534e-04,-1.771993957681807300e-02,-1.284161173183192085e-09,1.841393574888787119e-02,3.930557124833520240e-06
9.230494400355812035e-01,3.804991737961367915e-01,-2.118433936961431133e-02,-3.341627978237455832e-01,1.685449444672392962e-09,-1.257816091726621455e+00,-3.805120908369006849e-01,5.593288423409644956e-06,2.312391208283233392e-04,-2.073834698516879849e-02,-1.426403260895333058e-09,2.096820645331169686e-02,4.436722421839403014e-06,4.950742439720483882e-06,6.984890067507191786e-04,-1.768973426956130593e-02,-1.283187794900459765e-09,1.838700212796705313e-02,3.927015279753517012e-06
9.259249834624833086e-01,3.804991899003427047e-01,-2.118367153915825044e-02,-3.342225049354731192e-01,1.681342456303478637e-09,-1.257755720756736473e+00,-3.805120780626817245e-01,5.607518122137930401e-06,2.332523579058568431e-04,-2.078917115715666480e-02,-1.430091735028635696e-09,2.102104035248484465e-02,4.448009667060230012e-06,4.946313776059411286e-06,7.017589607980200548e-04,-1.765952998769015556e-02,-1.282223934596979198e-09,1.836006889259093541e-02,3.923502332092741839e-06
9.288005268893854138e-01,3.804992060454484570e-01,-2.118299790603326085e-02,-3.342823580694399555e-01,1.677224865538823987e-09,-1.257695197972031220e+00,-3.805120652560203820e-01,5.621735138586931243e-06,2.352749969032350897e-04,-2.083990847696260210e-02,-1.433777451263833748e-09,2.107379680452433832e-02,4.459286852323046480e-06,4.941921674158566813e-06,7.050282272511333975e-04,-1.762932678794564001e-02,-1.281269625114913529e-09,1.833313604272845260e-02,3.920018388329486447e-06
9.316760703162876300e-01,3.804992222314176886e-01,-2.118231844320662277e-02,-3.343423569759034208e-01,1.673096680269353002e-09,-1.257634523595207332e+00,-3.805120524169453011e-01,5.635939578083633392e-06,2.373070357618245420e-04,-2.089055894777973321e-02,-1.437460437111712169e-09,2.112647581053867657e-02,4.470554061182176597e-06,4.937566267472627112e-06,7.082967494972762772e-04,-1.759912472693732355e-02,-1.280324899100922390e-09,1.830620357834346346e-02,3.916563554334430254e-06
9.345516137431897352e-01,3.804992384582144838e-01,-2.118163312365179546e-02,-3.344025014051303368e-01,1.668957908306746800e-09,-1.257573697848962224e+00,-3.805120395454851812e-01,5.650131546337680902e-06,2.393484722603810423e-04,-2.094112257296378704e-02,-1.441140720176654502e-09,2.117907737163626097e-02,4.481811377495515221e-06,4.933247688686752957e-06,7.115644710501435859e-04,-1.756892386114294186e-02,-1.279389789005236069e-09,1.827927149939466075e-02,3.913137935367801961e-06
9.374271571700918404e-01,3.804992547258031488e-01,-2.118094192034883361e-02,-3.344627911073972948e-01,1.664808557383174385e-09,-1.257512720955990426e+00,-3.805120266416682218e-01,5.664311149439141500e-06,2.413993040154135896e-04,-2.099159935603268912e-02,-1.444818328156070057e-09,2.123160148892536819e-02,4.493058885422747426e-06,4.928966069713038474e-06,7.148313355501738830e-04,-1.753872424690817652e-02,-1.278464327080731763e-09,1.825233980583562329e-02,3.909741636076558935e-06
9.403027005969939456e-01,3.804992710341481565e-01,-2.118024480628490080e-02,-3.345232258329912112e-01,1.660648635151026913e-09,-1.257451593138983803e+00,-3.805120137055225671e-01,5.678478493856289055e-06,2.434595284815496339e-04,-2.104198930066620080e-02,-1.448493288839828943e-09,2.128404816351412224e-02,4.504296669423594295e-06,4.924721541686961237e-06,7.180972867648154588e-04,-1.750852594044628036e-02,-1.277548545382020575e-09,1.822540849761470488e-02,3.906374760491579291e-06
9.431782440238960508e-01,3.804992873832144795e-01,-2.117954175445468934e-02,-3.345838053322100492e-01,1.656478149182652788e-09,-1.257390314620630445e+00,-3.805120007370760282e-01,5.692633686433366558e-06,2.455291429519002359e-04,-2.109229241070555844e-02,-1.452165630109690078e-09,2.133641739651051181e-02,4.515524814256033308e-06,4.920514234963885708e-06,7.213622685887892535e-04,-1.747832899783784491e-02,-1.276642475764536789e-09,1.819847757467506211e-02,3.903037412024877699e-06
9.460537874507981559e-01,3.804993037729673122e-01,-2.117883273786093021e-02,-3.346445293553626521e-01,1.652297106970093376e-09,-1.257328885623615555e+00,-3.805119877363563607e-01,5.706776834388327094e-06,2.476081445584265000e-04,-2.114250869015303971e-02,-1.455835379938725464e-09,2.138870918902232784e-02,4.526743404974512790e-06,4.916344279115562452e-06,7.246262250443493910e-04,-1.744813347503046744e-02,-1.275746149883634173e-09,1.817154703695458492e-02,3.899729693466833889e-06
9.489293308777003721e-01,3.804993202033722932e-01,-2.117811772951481986e-02,-3.347053976527700203e-01,1.648105515924820998e-09,-1.257267306370620341e+00,-3.805119747033907096e-01,5.720908045310584114e-06,2.496965302723070106e-04,-2.119263814317162709e-02,-1.459502566390745719e-09,2.144092354215719823e-02,4.537952526928164680e-06,4.912211802926665469e-06,7.278891002815449053e-04,-1.741793942783848026e-02,-1.274859599193688696e-09,1.814461688438588974e-02,3.896451706983448267e-06
9.518048743046024773e-01,3.804993366743950611e-01,-2.117739670243649203e-02,-3.347664099747650335e-01,1.643903383377480848e-09,-1.257205577084324233e+00,-3.805119616382062198e-01,5.735027427158746475e-06,2.517942969043052951e-04,-2.124268077408461575e-02,-1.463167217619718973e-09,2.149306045702253920e-02,4.549152265758999495e-06,4.908116934391346461e-06,7.311508385784763709e-04,-1.738774691194265587e-02,-1.273982854947206417e-09,1.811768711689626041e-02,3.893203554113602605e-06
9.546804177315045825e-01,3.804993531860019207e-01,-2.117666962965548613e-02,-3.348275660716935054e-01,1.639690716577629812e-09,-1.257143697987402664e+00,-3.805119485408298141e-01,5.749135088258324672e-06,2.539014411051385882e-04,-2.129263658737519035e-02,-1.466829361869190611e-09,2.154511993472554149e-02,4.560342707400103852e-06,4.904059800709817902e-06,7.344113843415524256e-04,-1.735755598288990162e-02,-1.273115948193939223e-09,1.809075773440764826e-02,3.889985335766352932e-06
9.575559611584066877e-01,3.804993697381591766e-01,-2.117593648421121216e-02,-3.348888656939140729e-01,1.635467522693482524e-09,-1.257081669302527738e+00,-3.805119354112880825e-01,5.763231137299465871e-06,2.560179593658471115e-04,-2.134250558768611625e-02,-1.470489027471698239e-09,2.159710197637320153e-02,4.571523938073826115e-06,4.900040528284953046e-06,7.376706821057458585e-04,-1.732736669609299951e-02,-1.272258909780002851e-09,1.806382873683662349e-02,3.886797152218230034e-06
9.604315045853087929e-01,3.804993863308336888e-01,-2.117519723915338090e-02,-3.349503085917991396e-01,1.631233808811653902e-09,-1.257019491252368448e+00,-3.805119222496072817e-01,5.777315683334632195e-06,2.581438480181640028e-04,-2.139228777981925025e-02,-1.474146242848184601e-09,2.164900658307219658e-02,4.582696044289947660e-06,4.896059242718913893e-06,7.409286765348440610e-04,-1.729717910683030782e-02,-1.271411770347006281e-09,1.803690012409433704e-02,3.883639103110568758e-06
9.633070480122108981e-01,3.804994029639925390e-01,-2.117445186754248962e-02,-3.350118945157352091e-01,1.626989581936907277e-09,-1.256957164059591348e+00,-3.805119090558137240e-01,5.791388835776314579e-06,2.602791032348867098e-04,-2.144198316873527702e-02,-1.477801036507409656e-09,2.170083375592903041e-02,4.593859112843860052e-06,4.892116068809792699e-06,7.441853124217033804e-04,-1.726699327024547315e-02,-1.270574560331179887e-09,1.800997189608652405e-02,3.880511287446837323e-06
9.661825914391131143e-01,3.804994196376030868e-01,-2.117370034245027316e-02,-3.350736232161231065e-01,1.622734848991902099e-09,-1.256894687946858769e+00,-3.805118958299331666e-01,5.805450704394696655e-06,2.624237210302472452e-04,-2.149159175955318510e-02,-1.481453437045356045e-09,2.175258349604984598e-02,4.605013230814719366e-06,4.888211130548293305e-06,7.474405346884951257e-04,-1.723680924134716672e-02,-1.269747309962517443e-09,1.798304405271342749e-02,3.877413803590013208e-06
9.690581348660152194e-01,3.804994363516330247e-01,-2.117294263696015144e-02,-3.351354944433787009e-01,1.618469616816943923e-09,-1.256832063136830158e+00,-3.805118825719912001e-01,5.819501399315347432e-06,2.645776972602859652e-04,-2.154111355755001025e-02,-1.485103473144638478e-09,2.180425580454055379e-02,4.616158485563608968e-06,4.884344551114417540e-06,7.506942883869572106e-04,-1.720662707500879296e-02,-1.268930049263917508e-09,1.795611659386981557e-02,3.874346749259943797e-06
9.719336782929173246e-01,3.804994531060504892e-01,-2.117217872416767704e-02,-3.351975079479332931e-01,1.614193892169737083e-09,-1.256769289852162297e+00,-3.805118692820131931e-01,5.833541031016869089e-06,2.667410276232229632e-04,-2.159054856816034623e-02,-1.488751173573903003e-09,2.185585068250670351e-02,4.627294964731676893e-06,4.880516452874184665e-06,7.539465186986364729e-04,-1.717644682596822236e-02,-1.268122808050334745e-09,1.792918951944490191e-02,3.871310221530754460e-06
9.748092217198194298e-01,3.804994699008236725e-01,-2.117140857718101052e-02,-3.352596634802338382e-01,1.609907681725136950e-09,-1.256706368315508415e+00,-3.805118559600242922e-01,5.847569710328563396e-06,2.689137076598330949e-04,-2.163989679697600824e-02,-1.492396567187232254e-09,2.190736813105355688e-02,4.638422756238286771e-06,4.876726957376369449e-06,7.571971709351360894e-04,-1.714626854882750004e-02,-1.267325615927934328e-09,1.790226282932235943e-02,3.868304316828253243e-06
9.776847651467215350e-01,3.804994867359213773e-01,-2.117063216912136447e-02,-3.353219607907439448e-01,1.605610992074904880e-09,-1.256643298749518634e+00,-3.805118426060493109e-01,5.861587548428062565e-06,2.710957327538190530e-04,-2.168915824974561313e-02,-1.496039682923538929e-09,2.195880815128601130e-02,4.649541948279139107e-06,4.872976185349266500e-06,7.604461905383558349e-04,-1.711609229805258897e-02,-1.266538502293255460e-09,1.787533652338027870e-02,3.865329130927371982e-06
9.805603085736236402e-01,3.804995036113124618e-01,-2.116984947312344420e-02,-3.353843996299436525e-01,1.601303829727467297e-09,-1.256580081376839519e+00,-3.805118292201128405e-01,5.875594656838989742e-06,2.732870981321873136e-04,-2.173833293237422207e-02,-1.499680549805966284e-09,2.201017074430862072e-02,4.660652629324402728e-06,4.869264256697475782e-06,7.636935230807360281e-04,-1.708591812797309942e-02,-1.265761496332377368e-09,1.784841060149111244e-02,3.862384758949602332e-06
9.834358520005258564e-01,3.804995205269663394e-01,-2.116906046233590216e-02,-3.354469797483302651e-01,1.596986201107672297e-09,-1.256516716420115198e+00,-3.805118158022393060e-01,5.889591147428557674e-06,2.754877988656234873e-04,-2.178742085092289990e-02,-1.503319196941278713e-09,2.206145591122554012e-02,4.671754888116826745e-06,4.865591290498709291e-06,7.669391142654936704e-04,-1.705574609278200440e-02,-1.264994627020092948e-09,1.782148506352169287e-02,3.859471295360479238e-06
9.863113954274279616e-01,3.804995374828526455e-01,-2.116826510992180291e-02,-3.355097008964190164e-01,1.592658112556550179e-09,-1.256453204101985799e+00,-3.805118023524526882e-01,5.903577132405204633e-06,2.776978298688685372e-04,-2.183642201160837862e-02,-1.506955653519255006e-09,2.211266365314056362e-02,4.682848813669858447e-06,4.861957405000615540e-06,7.701829099268616211e-04,-1.702557624653539339e-02,-1.264237923119089236e-09,1.779455990933316578e-02,3.856588833967053381e-06
9.891869388543300667e-01,3.804995544789412376e-01,-2.116746338905903593e-02,-3.355725628247428483e-01,1.588319570331077074e-09,-1.256389544645089007e+00,-3.805117888707769125e-01,5.917552724316199015e-06,2.799171859010962985e-04,-2.188533642080260980e-02,-1.510589948812075620e-09,2.216379397115705169e-02,4.693934495265739169e-06,4.858362717617645524e-06,7.734248560303247366e-04,-1.699540864315219474e-02,-1.263491413179130775e-09,1.776763513878096973e-02,3.853737467915400907e-06
9.920624822812321719e-01,3.804995715152024727e-01,-2.116665527294080487e-02,-3.356355652838534098e-01,1.583970580603937965e-09,-1.256325738272058734e+00,-3.805117753572355710e-01,5.931518036045237992e-06,2.821458615662909429e-04,-2.193416408503241766e-02,-1.514222112173710977e-09,2.221484686637797620e-02,4.705012022453603552e-06,4.854807344927913629e-06,7.766648986728542751e-04,-1.696524333641390506e-02,-1.262755125536251873e-09,1.774071075171483602e-02,3.850917289688144159e-06
9.949380257081342771e-01,3.804995885916068743e-01,-2.116584073477604036e-02,-3.356987080243215016e-01,1.579611149463290934e-09,-1.256261785205526227e+00,-3.805117618118519229e-01,5.945473180810033478e-06,2.843838513136253115e-04,-2.198290501097904456e-02,-1.517852173039302730e-09,2.226582233990581292e-02,4.716081485047563555e-06,4.851291402670107646e-06,7.799029840831379640e-04,-1.693508037996434984e-02,-1.262029088311952996e-09,1.771378674797870895e-02,3.848128391101987659e-06
9.978135691350364933e-01,3.804996057081254102e-01,-2.116501974778985801e-02,-3.357619907967371309e-01,1.575241282912537415e-09,-1.256197685668119179e+00,-3.805117482346490054e-01,5.959418272159904006e-06,2.866311494378403850e-04,-2.203155920547782143e-02,-1.521480160924550412e-09,2.231672039284263512e-02,4.727142973124797547e-06,4.847815005740399646e-06,7.831390586218146214e-04,-1.690491982730939896e-02,-1.261313329412403781e-09,1.768686312741076308e-02,3.845370863305280345e-06
1.000689112561938598e+00,3.804996228647294920e-01,-2.116419228522401288e-02,-3.358254133517102891e-01,1.570860986870090172e-09,-1.256133439882462621e+00,-3.805117346256496336e-01,5.973353423973336126e-06,2.888877500796246467e-04,-2.208012667551772015e-02,-1.525106105425085882e-09,2.236754102629001303e-02,4.738196577023619918e-06,4.844378268189394968e-06,7.863730687816999953e-04,-1.687476173181673075e-02,-1.260607876527649767e-09,1.765993988984335822e-02,3.842644796775586284e-06
1.003564655988840704e+00,3.804996400613904206e-01,-2.116335832033731240e-02,-3.358889754398712291e-01,1.566470267169143339e-09,-1.256069048071177585e+00,-3.805117209848764004e-01,5.987278750455563582e-06,2.911536472259947453e-04,-2.212860742824099974e-02,-1.528730036215855002e-09,2.241828424134903117e-02,4.749242387341552389e-06,4.840981303219097298e-06,7.896049611880169398e-04,-1.684460614671556833e-02,-1.259912757130829060e-09,1.763301703510300467e-02,3.839950281317279944e-06
1.006440199415742809e+00,3.804996572980802738e-01,-2.116251782640608814e-02,-3.359526768118710760e-01,1.562069129557446601e-09,-1.256004510456882661e+00,-3.805117073123515659e-01,6.001194366136102446e-06,2.934288347106765922e-04,-2.217700147094274835e-02,-1.532351983050490226e-09,2.246895003912026748e-02,4.760280494933377526e-06,4.837624223179891537e-06,7.928346825986190864e-04,-1.681445312509641937e-02,-1.259227998477391055e-09,1.760609456301035630e-02,3.837287406059154173e-06
1.009315742842644914e+00,3.804996745747711850e-01,-2.116167077672460872e-02,-3.360165172183819382e-01,1.557657579697079790e-09,-1.255939827262193553e+00,-3.805116936080971124e-01,6.015100385866320135e-06,2.957133062144867296e-04,-2.222530881107054671e-02,-1.535971975760685662e-09,2.251953842070379339e-02,4.771310990909201577e-06,4.834307139567558860e-06,7.960621799042160319e-04,-1.678430271991082287e-02,-1.258553627604322406e-09,1.757917247338015854e-02,3.834656259452047656e-06
1.012191286269546797e+00,3.804996918914359538e-01,-2.116081714460555513e-02,-3.360804964100977399e-01,1.553235623164228508e-09,-1.255874998709721302e+00,-3.805116798721348559e-01,6.028996924816953603e-06,2.980070552657147829e-04,-2.227352945622401367e-02,-1.539590044255563452e-09,2.257004938719910092e-02,4.782333966632492746e-06,4.831030163020307864e-06,7.992874001285950585e-04,-1.675415498397111319e-02,-1.257889671329378159e-09,1.755225076602124831e-02,3.832056929266493560e-06
1.015066829696449124e+00,3.804997092480472132e-01,-2.115995690338041274e-02,-3.361446141377344432e-01,1.548803265448962446e-09,-1.255810025022075394e+00,-3.805116661044862791e-01,6.042884098475650405e-06,3.003100752405072141e-04,-2.232166341415445926e-02,-1.543206218521048425e-09,2.262048293970515128e-02,4.793349513718132166e-06,4.827793403315824351e-06,8.025102904288432867e-04,-1.672400996995018069e-02,-1.257236156250320541e-09,1.752532944073649859e-02,3.829489502590385949e-06
1.017942373123351230e+00,3.804997266445783177e-01,-2.115909002639994665e-02,-3.362088701520305478e-01,1.544360511955017004e-09,-1.255744906421861318e+00,-3.805116523051725319e-01,6.056762022644492820e-06,3.026223593632497194e-04,-2.236971069276444055e-02,-1.546820528619229097e-09,2.267083907932032974e-02,4.804357724030437776e-06,4.824596969368357536e-06,8.057307980955652742e-04,-1.669386773038118027e-02,-1.256593108744160021e-09,1.749840849732281836e-02,3.826954065826649604e-06
1.020817916550253335e+00,3.804997440810028997e-01,-2.115821648703462843e-02,-3.362732642037473685e-01,1.539907367999572441e-09,-1.255679643131682122e+00,-3.805116384742146529e-01,6.070630813437505033e-06,3.049439007069523386e-04,-2.241767130010737658e-02,-1.550433004687725295e-09,2.272111780714243523e-02,4.815358689681195811e-06,4.821440969225811335e-06,8.089488705531017003e-04,-1.666372831765731977e-02,-1.255960554966405677e-09,1.747148793557111099e-02,3.824450704690948793e-06
1.023693459977155440e+00,3.804997615572948133e-01,-2.115733625867504547e-02,-3.363377960436697012e-01,1.535443838813040249e-09,-1.255614235374136411e+00,-3.805116246116332923e-01,6.084490587278150151e-06,3.072746921936338584e-04,-2.246554524438715283e-02,-1.554043676939048538e-09,2.277131912426862137e-02,4.826352503027683832e-06,4.818325510066866996e-06,8.121644553597440370e-04,-1.663359178403163788e-02,-1.255338520850320528e-09,1.744456775526623954e-02,3.821979504209402827e-06
1.026569003404057545e+00,3.804997790734166996e-01,-2.115644931446817451e-02,-3.364024654223463640e-01,1.530969932499859583e-09,-1.255548683371813690e+00,-3.805116107174580375e-01,6.098328092666697477e-06,3.096150345728386878e-04,-2.251333223123961128e-02,-1.557649123993343345e-09,2.282144304035297819e-02,4.837328652461403839e-06,4.804851563128657628e-06,8.156170761389888117e-04,-1.660322269748257945e-02,-1.252041983526772513e-09,1.741765461308294322e-02,3.811291543179320014e-06
1.029444546830959650e+00,3.804997966292686939e-01,-2.115555562612655288e-02,-3.364672720889200774e-01,1.526485673389049043e-09,-1.255482987347258828e+00,-3.805115967917682696e-01,6.112123418765885846e-06,3.119653818691443098e-04,-2.256103181564542148e-02,-1.561244205029997596e-09,2.287148956931205068e-02,4.848271343923788258e-06,4.790064724218219017e-06,8.190982901386542961e-04,-1.657282594138911880e-02,-1.248406507055476692e-09,1.739074271841923452e-02,3.799562146229024706e-06
1.032320090257861755e+00,3.804998142247285053e-01,-2.115465516486533804e-02,-3.365322157920479507e-01,1.521991091536879585e-09,-1.255417147522999599e+00,-3.805115828346609108e-01,6.125876063297981286e-06,3.143257408286297887e-04,-2.260864399222651047e-02,-1.564828790498368719e-09,2.292145871263771839e-02,4.859180178993890550e-06,4.775165593878981817e-06,8.225803882176800641e-04,-1.654242875231995077e-02,-1.244742083828463341e-09,1.736383130255708326e-02,3.787743677237181619e-06
1.035195633684763861e+00,3.804998318596727325e-01,-2.115374790189195400e-02,-3.365972962803833179e-01,1.517486217243610667e-09,-1.255351164121560448e+00,-3.805115688462337165e-01,6.139585702886637310e-06,3.166961139332840768e-04,-2.265616875979797537e-02,-1.568402797035032869e-09,2.297135047170684174e-02,4.870054901162455791e-06,4.760153840446259333e-06,8.260633285016340255e-04,-1.651203117210687382e-02,-1.241048626478699854e-09,1.733692036553568031e-02,3.775835873121794363e-06
1.038071177111665966e+00,3.804998495339775855e-01,-2.115283380840687205e-02,-3.366625133025761274e-01,1.512971081049577686e-09,-1.255285037365460488e+00,-3.805115548265851078e-01,6.153252013205409211e-06,3.190765035447662738e-04,-2.270360611729513658e-02,-1.571966141026274581e-09,2.302116484789640607e-02,4.880895253166590810e-06,4.745029134763463308e-06,8.295470691729609023e-04,-1.648163324251711997e-02,-1.237326048288914956e-09,1.731000990738587944e-02,3.763838472790339843e-06
1.040946720538568071e+00,3.804998672475176646e-01,-2.115191285560394374e-02,-3.367278666072736626e-01,1.508445713735908312e-09,-1.255218767477215946e+00,-3.805115407758144497e-01,6.166874668984955531e-06,3.214669119045692326e-04,-2.275095606377332963e-02,-1.575518738609954130e-09,2.307090184258345222e-02,4.891700976995479119e-06,4.729791150189662845e-06,8.330315684709466671e-04,-1.645123500525334098e-02,-1.233574263193552713e-09,1.728309992813018350e-02,3.751751217145766094e-06
1.043822263965470176e+00,3.804998850001672372e-01,-2.115098501467073400e-02,-3.367933559431204871e-01,1.503910146325234491e-09,-1.255152354679338167e+00,-3.805115266940214402e-01,6.180453344020294597e-06,3.238673411341825149e-04,-2.279821859840769696e-02,-1.579060505677386889e-09,2.312056145714509736e-02,4.902471813896148362e-06,4.714439562607113685e-06,8.365167846916897031e-04,-1.642083650195358749e-02,-1.229793185780712678e-09,1.725619042778270273e-02,3.739573849092468953e-06
1.046697807392372503e+00,3.804999027917992382e-01,-2.115005025678889580e-02,-3.368589810587589439e-01,1.499364410082398232e-09,-1.255085799194335383e+00,-3.805115125813068877e-01,6.193987711178065285e-06,3.262777932352559432e-04,-2.284539372049303532e-02,-1.582591357875224336e-09,2.317014369295846560e-02,4.913207504379208113e-06,4.698974050428712091e-06,8.400026761880663266e-04,-1.639043777419136455e-02,-1.225982731294072474e-09,1.722928140634912703e-02,3.727306113542196295e-06
1.049573350819274609e+00,3.804999206222857144e-01,-2.114910855313449634e-02,-3.369247417028295999e-01,1.494808536515153469e-09,-1.255019101244711832e+00,-3.805114984377722664e-01,6.207477442403815739e-06,3.286982700897627730e-04,-2.289248142944358758e-02,-1.586111210607342092e-09,2.321964855140069145e-02,4.923907788224650363e-06,4.683394294605389453e-06,8.434892013697025976e-04,-1.636003886347559347e-02,-1.222142815634796092e-09,1.720237286382670858e-02,3.714947757419923061e-06
1.052448894246176714e+00,3.804999384914979910e-01,-2.114815987487835003e-02,-3.369906376239716339e-01,1.490242557374859860e-09,-1.254952261052967533e+00,-3.805114842635197725e-01,6.220922208729308183e-06,3.311287734601631367e-04,-2.293948172479285882e-02,-1.589619979036733133e-09,2.326907603384888515e-02,4.934572404487638985e-06,4.667699978633445047e-06,8.469763187029409265e-04,-1.632963981125062566e-02,-1.218273355363424001e-09,1.717546480020420291e-02,3.702498529669660627e-06
1.055324437673078819e+00,3.804999563993062828e-01,-2.114720419318638980e-02,-3.370566685708226151e-01,1.485666504657174314e-09,-1.254885278841598506e+00,-3.805114700586522680e-01,6.234321680279865240e-06,3.335693049895666193e-04,-2.298639460619345334e-02,-1.593117578087408858e-09,2.331842614168013611e-02,4.945201091504328007e-06,4.651890788561825440e-06,8.504639867108116681e-04,-1.629924065889623228e-02,-1.214374267701752506e-09,1.714855721546186193e-02,3.689958181260235687e-06
1.058199981099980924e+00,3.804999743455796946e-01,-2.114624147921998973e-02,-3.371228342920198351e-01,1.481080410602734443e-09,-1.254818154833096333e+00,-3.805114558232733923e-01,6.247675526281699304e-06,3.360198662018954851e-04,-2.303322007341685948e-02,-1.596603922446299121e-09,2.336769887627143313e-02,4.955793586897684115e-06,4.635966412999342053e-06,8.539521639730005952e-04,-1.626884144772763538e-02,-1.210445470534692418e-09,1.712165010957138536e-02,3.677326465191008155e-06
1.061075524526883029e+00,3.804999923301868314e-01,-2.114527170413631543e-02,-3.371891345361997527e-01,1.476484307697838091e-09,-1.254750889249949264e+00,-3.805114415574877840e-01,6.260983415069289351e-06,3.384804585020475794e-04,-2.307995812635327271e-02,-1.600078926565164467e-09,2.341689423899968175e-02,4.966349627583343036e-06,4.619926543121820971e-06,8.574408091258196255e-04,-1.623844221899549758e-02,-1.206486882412117805e-09,1.709474348249592768e-02,3.664603136497554749e-06
1.063951067953785135e+00,3.805000103529947997e-01,-2.114429483908865023e-02,-3.372555690519988270e-01,1.471878228675116251e-09,-1.254683482314642218e+00,-3.805114272614005810e-01,6.274245014092787400e-06,3.409510831760589585e-04,-2.312660876501142909e-02,-1.603542504662511053e-09,2.346601223124167648e-02,4.976868949775468472e-06,4.603770872679202769e-06,8.609298808621773311e-04,-1.620804301388590468e-02,-1.202498422550692407e-09,1.706783733419001831e-02,3.651787952257288634e-06
1.066826611380687240e+00,3.805000284138701505e-01,-2.114331085522676984e-02,-3.373221375880535722e-01,1.467262206514201423e-09,-1.254615934249654563e+00,-3.805114129351176988e-01,6.287459989925410561e-06,3.434317413912667369e-04,-2.317317198951839019e-02,-1.606994570725509506e-09,2.351505285437406959e-02,4.987351288992631348e-06,4.587499098002573737e-06,8.644193379315483639e-04,-1.617764387352037952e-02,-1.198480010835686743e-09,1.704093166459956857e-02,3.638880671595043064e-06
1.069702154807589345e+00,3.805000465126782694e-01,-2.114231972369725460e-02,-3.373888398930011689e-01,1.462636274442390599e-09,-1.254548245277462781e+00,-3.805113985787458297e-01,6.300628008270886463e-06,3.459224341964717178e-04,-2.321964780011937651e-02,-1.610435038511920177e-09,2.356401610977332944e-02,4.997796380063706860e-06,4.571110918011147969e-06,8.679091391399441826e-04,-1.614724483895590285e-02,-1.194431567822777438e-09,1.701402647366182658e-02,3.625881055688609280e-06
1.072577698234491450e+00,3.805000646492837646e-01,-2.114132141564383296e-02,-3.374556757154796860e-01,1.458000465935300805e-09,-1.254480415620539580e+00,-3.805113841923925544e-01,6.313748733970901209e-06,3.484231625221006438e-04,-2.326603619717757671e-02,-1.613863821552024203e-09,2.361290199881574750e-02,5.008203957133784222e-06,4.554606034219184233e-06,8.713992433498845376e-04,-1.611684595118490632e-02,-1.190353014739831451e-09,1.698712176130535989e-02,3.612788867774221478e-06
1.075453241661393555e+00,3.805000828235499677e-01,-2.114031590220773887e-02,-3.375226448041281913e-01,1.453354814717522366e-09,-1.254412445501352780e+00,-3.805113697761661196e-01,6.326821831012565974e-06,3.509339271803689356e-04,-2.331233718117395673e-02,-1.617280833150558485e-09,2.366171052287738968e-02,5.018573753670093357e-06,4.537984150742834237e-06,8.748896094803678726e-04,-1.608644725113525173e-02,-1.186244273488673759e-09,1.696021752745002428e-02,3.599603873151989249e-06
1.078328785088295660e+00,3.805001010353395441e-01,-2.113930315452803438e-02,-3.375897469075876400e-01,1.448699354763262245e-09,-1.254344335142367095e+00,-3.805113553301754936e-01,6.339846962535925951e-06,3.534547288654432142e-04,-2.335855075270708986e-02,-1.620685986388656871e-09,2.371044168333408600e-02,5.028905502467951067e-06,4.521244974306951078e-06,8.783801965068435691e-04,-1.605604877967024488e-02,-1.182105266646840773e-09,1.693331377200691171e-02,3.586325839191299109e-06
1.081204328515197988e+00,3.805001192845141600e-01,-2.113828314374195314e-02,-3.376569817745006530e-01,1.444034120296986353e-09,-1.254276084766042798e+00,-3.805113408545304776e-01,6.352823790841449818e-06,3.559855681536031719e-04,-2.340467691249296933e-02,-1.624079194125794657e-09,2.375909548156139930e-02,5.039198935656715676e-06,4.504388214251820608e-06,8.818709634611818053e-04,-1.602565057758867026e-02,-1.177935917469319281e-09,1.690641049487836070e-02,3.572954535336153775e-06
1.084079871942100093e+00,3.805001375709343714e-01,-2.113725584098525082e-02,-3.377243491535120157e-01,1.439359145794053164e-09,-1.254207694594836164e+00,-3.805113263493417053e-01,6.365751977397567481e-06,3.585264455034037692e-04,-2.345071566136477589e-02,-1.627460369001738871e-09,2.380767191893457327e-02,5.049453784705755220e-06,4.487413582539841993e-06,8.853618694316463429e-04,-1.599525268562474942e-02,-1.173736149890270495e-09,1.687950769595791475e-02,3.559489733110473739e-06
1.086955415369002198e+00,3.805001558944597351e-01,-2.113622121739251736e-02,-3.377918487932692893e-01,1.434674465981342373e-09,-1.254139164851200139e+00,-3.805113118147204210e-01,6.378631182848231541e-06,3.610773612558377567e-04,-2.349666700027277025e-02,-1.630829423438505376e-09,2.385617099682856360e-02,5.059669780430450377e-06,4.470320793762154040e-06,8.888528735628673134e-04,-1.596485514444815831e-02,-1.169505888524732807e-09,1.685260537513026680e-02,3.545931206123344643e-06
1.089830958795904303e+00,3.805001742549490307e-01,-2.113517924409755167e-02,-3.378594804424228104e-01,1.429980115837880042e-09,-1.254070495757583226e+00,-3.805112972507788682e-01,6.391461067020476213e-06,3.636383156344974920e-04,-2.354253093028406407e-02,-1.634186269642319089e-09,2.390459271661797905e-02,5.069846652998182983e-06,4.453109565145186159e-06,8.923439350558132459e-04,-1.593445799466403773e-02,-1.165245058670320401e-09,1.682570353227128002e-02,3.532278730074223983e-06
1.092706502222806408e+00,3.805001926522598721e-01,-2.113412989223365998e-02,-3.379272438496261355e-01,1.425276130595452985e-09,-1.254001687536429710e+00,-3.805112826576297902e-01,6.404241288931994884e-06,3.662093087457370284e-04,-2.358830745258240491e-02,-1.637530819605576464e-09,2.395293707967702940e-02,5.079984131934363521e-06,4.435779616557166960e-06,8.958350131677619019e-04,-1.590406127681297591e-02,-1.160953586308895191e-09,1.679880216724791847e-02,3.518532082758099971e-06
1.095582045649708514e+00,3.805002110862489295e-01,-2.113307313293402018e-02,-3.379951387635364846e-01,1.420562545739224190e-09,-1.253932740410180546e+00,-3.805112680353869847e-01,6.416971506798762562e-06,3.687903405788334438e-04,-2.363399656846805474e-02,-1.640862985108818524e-09,2.400120408737957053e-02,5.090081946128457761e-06,4.418330670514567632e-06,8.993260672122752302e-04,-1.587366503137105020e-02,-1.156631398108233180e-09,1.677190127991826443e-02,3.504691044070599984e-06
1.098457589076610619e+00,3.805002295567720960e-01,-2.113200893733200442e-02,-3.380631649328149635e-01,1.415839397008338110e-09,-1.253863654601272248e+00,-3.805112533841646938e-01,6.429651378042655787e-06,3.713814110061494709e-04,-2.367959827935755754e-02,-1.644182677722704306e-09,2.404939374109900385e-02,5.100139823840044741e-06,4.400762452188486882e-06,9.028170565591713947e-04,-1.584326929874976461e-02,-1.152278421423667447e-09,1.674500087013143165e-02,3.490755396013060063e-06
1.101333132503512724e+00,3.805002480636839324e-01,-2.113093727656152956e-02,-3.381313221061267860e-01,1.411106720396519128e-09,-1.253794430332137777e+00,-3.805112387040783251e-01,6.442280559299086086e-06,3.739825197832949899e-04,-2.372511258678359006e-02,-1.647489808809990515e-09,2.409750604220830400e-02,5.110157492704865424e-06,4.383074689410966405e-06,9.063079406344988617e-04,-1.581287411929611919e-02,-1.147894584299721825e-09,1.671810093772759312e-02,3.476724922697531295e-06
1.104208675930414829e+00,3.805002666068382222e-01,-2.112985812175736597e-02,-3.381996100321419396e-01,1.406364552152670433e-09,-1.253725067825205874e+00,-3.805112239952438968e-01,6.454858706424676640e-06,3.765936665492880314e-04,-2.377053949239474329e-02,-1.650784289527515513e-09,2.414554099207995991e-02,5.120134679740910329e-06,4.365267112681281806e-06,9.097986789205088614e-04,-1.578247953329257186e-02,-1.143479815471727422e-09,1.669120148253793595e-02,3.462599410351767145e-06
1.107084219357316934e+00,3.805002851860876945e-01,-2.112877144405550522e-02,-3.382680284595350750e-01,1.401612928781459876e-09,-1.253655567302901286e+00,-3.805112092577781491e-01,6.467385474504921996e-06,3.792148508267172992e-04,-2.381587899795532468e-02,-1.654066030828187863e-09,2.419349859208597478e-02,5.130071111354504615e-06,4.347339455172125087e-06,9.132892309556293669e-04,-1.575208558095704883e-02,-1.139034044367424248e-09,1.666430250438463365e-02,3.448378647324136250e-06
1.109959762784219039e+00,3.805003038012841898e-01,-2.112767721459347589e-02,-3.383365771369864494e-01,1.396851887043905609e-09,-1.253585928987644760e+00,-3.805111944917987654e-01,6.479860517861898613e-06,3.818460720219027404e-04,-2.386113110534524365e-02,-1.657334943462979834e-09,2.424137884359780712e-02,5.139966513346414338e-06,4.329291452735773591e-06,9.167795563344402661e-04,-1.572169230244295501e-02,-1.134557201108546921e-09,1.663740400308081138e-02,3.434062424088507676e-06
1.112835306211121367e+00,3.805003224522784389e-01,-2.112657540451066962e-02,-3.384052558131814825e-01,1.392081463957953460e-09,-1.253516153101853936e+00,-3.805111796974239846e-01,6.492283490061981330e-06,3.844873294250581754e-04,-2.390629581655975833e-02,-1.660590937982926901e-09,2.428918174798639501e-02,5.149820610917971350e-06,4.311122843910173394e-06,9.202696147076470153e-04,-1.569129973783914972e-02,-1.130049216512396310e-09,1.661050597843053908e-02,3.419650533249079011e-06
1.115710849638023472e+00,3.805003411389201728e-01,-2.112546598494870198e-02,-3.384740642368117003e-01,1.387301696799047273e-09,-1.253446239867941348e+00,-3.805111648747729891e-01,6.504654043923555602e-06,3.871386222104513807e-04,-2.395137313370930207e-02,-1.663833924741127254e-09,2.433690730662208326e-02,5.159633128677192264e-06,4.292833369924976951e-06,9.237593657820544020e-04,-1.566090792716999525e-02,-1.125510022093397117e-09,1.658360843022880365e-02,3.405142769545166759e-06
1.118586393064925577e+00,3.805003598610582349e-01,-2.112434892705171430e-02,-3.385430021565749570e-01,1.382512623100698627e-09,-1.253376189508316196e+00,-3.805111500239657940e-01,6.516971831524788177e-06,3.897999494365659060e-04,-2.399636305901930999e-02,-1.667063813894749355e-09,2.438455552087460260e-02,5.169403790644938077e-06,4.274422774707522306e-06,9.272487693205418244e-04,-1.563051691039531177e-02,-1.120939550064638705e-09,1.655671135826147777e-02,3.390538929855948026e-06
1.121461936491827682e+00,3.805003786185403025e-01,-2.112322420196673795e-02,-3.386120693211754906e-01,1.377714280655043532e-09,-1.253306002245383688e+00,-3.805111351451231916e-01,6.529236504211379147e-06,3.924713100462626746e-04,-2.404126559483003508e-02,-1.670280515407045306e-09,2.443212639211306964e-02,5.179132320261068710e-06,4.255890804888742841e-06,9.307377851420395483e-04,-1.560012672741041030e-02,-1.116337733339400009e-09,1.652981476230528518e-02,3.375838813205147159e-06
1.124337479918729787e+00,3.805003974112131648e-01,-2.112209178084398925e-02,-3.386812654793244781e-01,1.372906707513400153e-09,-1.253235678301545253e+00,-3.805111202383666402e-01,6.541447712604350411e-06,3.951527028669406618e-04,-2.408608074359637474e-02,-1.673483939049364614e-09,2.447961992170596263e-02,5.188818440390616189e-06,4.237237209809034669e-06,9.342263731215021431e-04,-1.556973741804607188e-02,-1.111704505532663272e-09,1.650291864212780069e-02,3.361042220765692306e-06
1.127213023345631893e+00,3.805004162389226674e-01,-2.112095163483724419e-02,-3.387505903797403684e-01,1.368089941986816197e-09,-1.253165217899197659e+00,-3.805111053038185975e-01,6.553605106607842616e-06,3.978441266106976827e-04,-2.413080850788764525e-02,-1.676673994403173754e-09,2.452703611102102776e-02,5.198461873329972215e-06,4.218461741524057966e-06,9.377144931898843050e-04,-1.553934902206857357e-02,-1.107039800962610627e-09,1.647602299748739813e-02,3.346148955864315652e-06
1.130088566772533998e+00,3.805004351015134345e-01,-2.111980373510412984e-02,-3.388200437711491042e-01,1.363264022646612372e-09,-1.253094621260734787e+00,-3.805110903416020762e-01,6.565708335416936659e-06,4.005455798744922630e-04,-2.417544889038742567e-02,-1.679850590862081313e-09,2.457437496142535552e-02,5.208062340813090142e-06,4.199564154810480703e-06,9.412021053341185217e-04,-1.550896157917967116e-02,-1.102343554652104747e-09,1.644912782813326077e-02,3.331158823986111731e-06
1.132964110199436103e+00,3.805004539988293133e-01,-2.111864805280649210e-02,-3.388896254022846777e-01,1.358428988324919638e-09,-1.253023888608545633e+00,-3.805110753518411437e-01,6.577757047525476035e-06,4.032570611403035591e-04,-2.422000189389336700e-02,-1.683013637633867068e-09,2.462163647428526961e-02,5.217619564017691188e-06,4.180544207171667313e-06,9.446891695970879681e-04,-1.547857512901660432e-02,-1.097615702330156468e-09,1.642223313380532929e-02,3.316071632779041941e-06
1.135839653626338208e+00,3.805004729307129296e-01,-2.111748455911068023e-02,-3.389593350218889634e-01,1.353584878115210056e-09,-1.252953020165016307e+00,-3.805110603346605336e-01,6.589750890733925609e-06,4.059785687752935006e-04,-2.426446752131700482e-02,-1.686163043742512501e-09,2.466882065096634782e-02,5.227133263571501983e-06,4.161401658843302150e-06,9.481756460776061225e-04,-1.544818971115210007e-02,-1.092856180433376084e-09,1.639533891423427744e-02,3.300887192058408577e-06
1.138715197053240313e+00,3.805004918970060768e-01,-2.111631322518792847e-02,-3.390291723787127176e-01,1.348731731372824728e-09,-1.252882016152527589e+00,-3.805110452901857565e-01,6.601689512157233779e-06,4.087101010319660051e-04,-2.430884577568359281e-02,-1.689298718030240839e-09,2.471592749283338733e-02,5.236603159558481960e-06,4.142136272798973126e-06,9.516614949303904211e-04,-1.541780536509439019e-02,-1.088064926107412636e-09,1.636844516914151906e-02,3.285605313811273376e-06
1.141590740480142419e+00,3.805005108975494377e-01,-2.111513402221465441e-02,-3.390991372215153010e-01,1.343869587715489758e-09,-1.252810876793457595e+00,-3.805110302185432114e-01,6.613572558232705642e-06,4.114516560483285788e-04,-2.435313666013186329e-02,-1.692420569159553157e-09,2.476295700125033528e-02,5.246028971525074452e-06,4.122747814755679120e-06,9.551466763660394895e-04,-1.538742213028718338e-02,-1.083241877208374387e-09,1.634155189823914556e-02,3.270225812200825665e-06
1.144466283907044746e+00,3.805005299321827517e-01,-2.111394692137278511e-02,-3.391692292990655111e-01,1.338998487023833648e-09,-1.252739602310180445e+00,-3.805110151198600188e-01,6.625399674727913437e-06,4.142032318480535374e-04,-2.439734017791391624e-02,-1.695528505615278959e-09,2.480990917758033390e-02,5.255410418486485752e-06,4.103236053179286564e-06,9.586311506510129766e-04,-1.535704004610968440e-02,-1.078386972304237722e-09,1.631465910122993981e-02,3.254748503570721715e-06
1.147341827333946851e+00,3.805005490007444813e-01,-2.111275189385010062e-02,-3.392394483601413047e-01,1.334118469441893123e-09,-1.252668192925065149e+00,-3.805109999942641874e-01,6.637170506748602752e-06,4.169648263406372209e-04,-2.444145633239497295e-02,-1.698622435706621379e-09,2.485678402318565808e-02,5.264747218932942990e-06,4.083600759289937749e-06,9.621148781076045578e-04,-1.532665915187659926e-02,-1.073500150676239291e-09,1.628776677780732762e-02,3.239173206449360557e-06
1.150217370760848956e+00,3.805005681030724229e-01,-2.111154891084056698e-02,-3.393097941535308526e-01,1.329229575377615227e-09,-1.252596648860478057e+00,-3.805109848418845586e-01,6.648884698746611434e-06,4.197364373215620279e-04,-2.448548512705321992e-02,-1.701702267569210663e-09,2.490358153942765634e-02,5.274039090835989283e-06,4.063841707067386286e-06,9.655978191139222028e-04,-1.529627948683812480e-02,-1.068581352320255330e-09,1.626087492765535686e-02,3.223499741554123812e-06
1.153092914187751061e+00,3.805005872390031518e-01,-2.111033794354463117e-02,-3.393802664280323178e-01,1.324331845503355290e-09,-1.252524970338781074e+00,-3.805109696628506399e-01,6.660541894527822379e-06,4.225180624724549799e-04,-2.452942656547960412e-02,-1.704767909167162396e-09,2.495030172766677518e-02,5.283285751654789895e-06,4.043958673256288518e-06,9.690799341038642146e-04,-1.526590109017995911e-02,-1.063630517948165066e-09,1.623398355044870442e-02,3.207727931795576546e-06
1.155968457614653166e+00,3.805006064083724104e-01,-2.110911896316958539e-02,-3.394508649324542993e-01,1.319425320756365370e-09,-1.252453157582332333e+00,-3.805109544572929936e-01,6.672141737260127342e-06,4.253096993612504062e-04,-2.457328065137768386e-02,-1.707819268295137803e-09,2.499694458926251389e-02,5.292486918342436703e-06,4.023951437371434802e-06,9.725611835670990631e-04,-1.523552400102330846e-02,-1.058647588989199432e-09,1.620709264585261725e-02,3.191857602281605029e-06
1.158844001041555272e+00,3.805006256110145535e-01,-2.110789194092987930e-02,-3.395215894156162761e-01,1.314510042339279196e-09,-1.252381210813485968e+00,-3.805109392253426259e-01,6.683683869481383955e-06,4.281113454423485080e-04,-2.461704738856340322e-02,-1.710856252580408603e-09,2.504351012557340037e-02,5.301642307352278074e-06,4.003819781702914706e-06,9.760415280490421838e-04,-1.520514825842486477e-02,-1.053632507591274896e-09,1.618020221352291232e-02,3.175888580321528654e-06
1.161719544468457377e+00,3.805006448467631586e-01,-2.110665684804743578e-02,-3.395924396263488854e-01,1.309586051720590067e-09,-1.252309130254592340e+00,-3.805109239671317645e-01,6.695167933107415117e-06,4.309229980567765798e-04,-2.466072678096493248e-02,-1.713878769484923919e-09,2.508999833795694245e-02,5.310751634644250437e-06,3.983563491321242415e-06,9.795209281508346182e-04,-1.517477390137684200e-02,-1.048585216622314056e-09,1.615331225310594199e-02,3.159820695430152991e-06
1.164595087895359482e+00,3.805006641154508040e-01,-2.110541365575200126e-02,-3.396634153134941991e-01,1.304653390635124208e-09,-1.252236916127997368e+00,-3.805109086827931919e-01,6.706593569440007516e-06,4.337446544323482782e-04,-2.470431883262245304e-02,-1.716886726307385059e-09,2.513640922776961759e-02,5.319814615691229337e-06,3.963182354082415206e-06,9.829993445293211136e-04,-1.514440096880694149e-02,-1.043505659671551342e-09,1.612642276423859392e-02,3.143653779331787688e-06
1.167470631322261587e+00,3.805006834169089025e-01,-2.110416233528143726e-02,-3.397345162259060025e-01,1.299712101084507298e-09,-1.252164568656043864e+00,-3.805108933724605236e-01,6.717960419174928803e-06,4.365763116838247888e-04,-2.474782354768801165e-02,-1.719880030185319465e-09,2.518274279636686930e-02,5.328830965485387260e-06,3.942676160632911791e-06,9.864767378970299566e-04,-1.511402949957839012e-02,-1.038393781050822596e-09,1.609953374654826339e-02,3.127387665964213551e-06
1.170346174749163692e+00,3.805007027509679784e-01,-2.110290285788208112e-02,-3.398057421124502375e-01,1.294762225337622111e-09,-1.252092088061070640e+00,-3.805108780362684295e-01,6.729268122409964239e-06,4.394179668130747461e-04,-2.479124093042531229e-02,-1.722858588097162724e-09,2.522899904510303784e-02,5.337800398544568408e-06,3.922044704414644072e-06,9.899530690221525903e-04,-1.508365953248990386e-02,-1.033249525795839750e-09,1.607264519965279775e-02,3.111022191482605149e-06
1.173221718176065798e+00,3.805007221174573351e-01,-2.110163519480903749e-02,-3.398770927220053362e-01,1.289803805931067803e-09,-1.252019474565412072e+00,-3.805108626743520794e-01,6.740516318652950799e-06,4.422696167092337737e-04,-2.483457098520952880e-02,-1.725822306864339341e-09,2.527517797533134630e-02,5.346722628918662619e-06,3.901287781669844520e-06,9.934282987285217130e-04,-1.505329110627571902e-02,-1.028072839667455799e-09,1.604575712316052769e-02,3.094557194263411500e-06
1.176097261602967903e+00,3.805007415162053874e-01,-2.110035931732654260e-02,-3.399485678034623315e-01,1.284836885669604113e-09,-1.251946728391398977e+00,-3.805108472868477532e-01,6.751704646829845166e-06,4.451312581488643498e-04,-2.487781371652712098e-02,-1.728771093153349924e-09,2.532127958840389020e-02,5.355597370196001315e-06,3.880405191445909513e-06,9.969023878955900284e-04,-1.502292425960558876e-02,-1.022863669152908874e-09,1.601886951667022552e-02,3.077992514908194400e-06
1.178972805029870230e+00,3.805007609470393848e-01,-2.109907519670823836e-02,-3.400201671057254127e-01,1.279861507626596382e-09,-1.251873849761357960e+00,-3.805108318738922302e-01,6.762832745292796797e-06,4.480028877961164321e-04,-2.492096912897565769e-02,-1.731704853477864985e-09,2.536730388567157851e-02,5.364424335509766997e-06,3.859396735600164736e-06,1.000375297458412898e-03,-1.499255903108477270e-02,-1.017621961467056817e-09,1.599198237977108097e-02,3.061327996247413388e-06
1.181848348456772335e+00,3.805007804097857438e-01,-2.109778280423753316e-02,-3.400918903777122027e-01,1.274877715144450862e-09,-1.251800838897612511e+00,-3.805108164356235112e-01,6.773900251828235399e-06,4.508845022028873774e-04,-2.496403722726364335e-02,-1.734623494200816050e-09,2.541325086848416140e-02,5.373203237544401901e-06,3.838262218804596715e-06,1.003846988407627308e-03,-1.496219545925403689e-02,-1.012347664553593334e-09,1.596509571204266995e-02,3.044563483344173443e-06
1.184723891883674440e+00,3.805007999042696598e-01,-2.109648211120790720e-02,-3.401637373683537580e-01,1.269885551835045258e-09,-1.251727696022481462e+00,-3.805108009721800966e-01,6.784906803664960934e-06,4.537760978089804519e-04,-2.500701801621027162e-02,-1.737526921536492358e-09,2.545912053819012963e-02,5.381933788542033583e-06,3.817001448550518269e-06,1.007317421789429967e-03,-1.493183358258967988e-02,-1.007040727086253825e-09,1.593820951305497183e-02,3.027698823497930335e-06
1.187599435310576546e+00,3.805008194303153291e-01,-2.109517308892324555e-02,-3.402357078265955126e-01,1.264885061580153901e-09,-1.251654421358280311e+00,-3.805107854837014303e-01,6.795852037482271754e-06,4.566776709422656726e-04,-2.504991150074532477e-02,-1.740415041552644174e-09,2.550491289613674231e-02,5.390615700308914072e-06,3.795614235153180186e-06,1.010786558705560178e-03,-1.490147343950350665e-02,-1.001701098470003006e-09,1.591132378236832789e-02,3.010733866248146410e-06
1.190474978737478651e+00,3.805008389877458930e-01,-2.109385570869814694e-02,-3.403078015013969448e-01,1.259876288531865268e-09,-1.251581015127320340e+00,-3.805107699703279001e-01,6.806735589418083409e-06,4.595892178188396731e-04,-2.509271768590892737e-02,-1.743287760172587134e-09,2.555062794366997486e-02,5.399248684221862395e-06,3.774100391756320631e-06,1.014254360313281188e-03,-1.487111506834284773e-02,-9.963287288422115713e-10,1.588443851953341354e-02,2.993668463377899384e-06
1.193350522164380756e+00,3.805008585763834383e-01,-2.109252994185824986e-02,-3.403800181417323545e-01,1.254859277112994745e-09,-1.251507477551908831e+00,-3.805107544322005042e-01,6.817557095077073712e-06,4.625107345431845934e-04,-2.513543657685140056e-02,-1.746144983177308458e-09,2.559626568213450165e-02,5.407832451234728290e-06,3.752459734336672211e-06,1.017720787825359807e-03,-1.484075850739054354e-02,-9.909235690738138372e-10,1.585755372409122094e-02,2.976502468917457236e-06
1.196226065591282861e+00,3.805008781960490527e-01,-2.109119575974056221e-02,-3.404523574965910293e-01,1.249834072017489946e-09,-1.251433808854349961e+00,-3.805107388694612403e-01,6.828316189538821885e-06,4.654422171083281621e-04,-2.517806817883301920e-02,-1.748986616207577911e-09,2.564182611287364744e-02,5.416366711884847444e-06,3.730692081708401700e-06,1.021185802510046672e-03,-1.481040379486496354e-02,-9.854855707704577256e-10,1.583066939557307290e-02,2.959235739147800178e-06
1.199101609018184744e+00,3.805008978465627689e-01,-2.108985313369377348e-02,-3.405248193149772451e-01,1.244800718210832721e-09,-1.251360009256942796e+00,-3.805107232822527719e-01,6.839012507365993436e-06,4.683836613960025864e-04,-2.522061249722389042e-02,-1.751812564766063731e-09,2.568730923722939430e-02,5.424851176299528068e-06,3.708797255527500633e-06,1.024649365691060205e-03,-1.478005096892000443e-02,-9.800146862736346953e-10,1.580378553350056739e-02,2.941868132604104922e-06
1.201977152445087071e+00,3.805009175277434541e-01,-2.108850203507857055e-02,-3.405974033459113204e-01,1.239759260930431447e-09,-1.251286078981983962e+00,-3.805107076707189284e-01,6.849645682612509788e-06,4.713350631768050141e-04,-2.526306953750374895e-02,-1.754622734219449801e-09,2.573271505654232613e-02,5.433285554202539172e-06,3.686775080296117877e-06,1.028111438747566445e-03,-1.474970006764507631e-02,-9.745108686617974689e-10,1.577690213738556710e-02,2.924399510079178553e-06
1.204852695871989177e+00,3.805009372394090872e-01,-2.108714243526795332e-02,-3.406701093384291723e-01,1.234709745686009389e-09,-1.251212018251765201e+00,-3.805106920350039834e-01,6.860215348831733165e-06,4.742964181103562064e-04,-2.530543930526175239e-02,-1.757417029800555092e-09,2.577804357215161130e-02,5.441669554920597142e-06,3.664625383366837999e-06,1.031571983114162568e-03,-1.471935112906512869e-02,-9.689740717514639051e-10,1.575001920673020292e-02,2.906829734626853858e-06
1.207728239298891282e+00,3.805009569813765369e-01,-2.108577430564758520e-02,-3.407429370415830383e-01,1.229652218259987896e-09,-1.251137827288574700e+00,-3.805106763752533205e-01,6.870721139084676031e-06,4.772677217454601327e-04,-2.534772180619630777e-02,-1.760195356610459306e-09,2.582329478539498180e-02,5.450002887389886204e-06,3.642347994946903721e-06,1.035030960280857804e-03,-1.468900419114061925e-02,-9.634042500983066033e-10,1.572313674102683231e-02,2.889158671565338497e-06
1.210603782725793387e+00,3.805009767534615617e-01,-2.108439761761607412e-02,-3.408158862044416981e-01,1.224586724707860278e-09,-1.251063506314697316e+00,-3.805106606916128231e-01,6.881162685948210532e-06,4.802489695202629685e-04,-2.538991704611488417e-02,-1.762957619620627701e-09,2.586846869760867085e-02,5.458285260162560240e-06,3.619942748102383324e-06,1.038488331793055441e-03,-1.465865929176755553e-02,-9.578013589982265828e-10,1.569625473975802543e-02,2.871386188480522242e-06
1.213479326152695492e+00,3.805009965554788098e-01,-2.108301234258529860e-02,-3.408889565760908624e-01,1.219513311358562804e-09,-1.250989055552412799e+00,-3.805106449842297622e-01,6.891539621523304204e-06,4.832401567624132325e-04,-2.543202503093382888e-02,-1.765703723675043562e-09,2.591356531012743020e-02,5.466516381413274268e-06,3.597409478762287231e-06,1.041944059251536997e-03,-1.462831646877745667e-02,-9.521653544884166247e-10,1.566937320239656165e-02,2.853512155229236783e-06
1.216354869579597597e+00,3.805010163872422080e-01,-2.108161845198074438e-02,-3.409621479056332283e-01,1.214432024814837416e-09,-1.250914475223998679e+00,-3.805106292532517420e-01,6.901851577443248042e-06,4.862412786892197003e-04,-2.547404576667819734e-02,-1.768433573492339841e-09,2.595858462428447463e-02,5.474695958945726920e-06,3.574748025722623170e-06,1.045398104312444433e-03,-1.459797575993738647e-02,-9.464961933484057931e-10,1.564249212840540873e-02,2.835536443942481655e-06
1.219230413006499703e+00,3.805010362485641284e-01,-2.108021591724179924e-02,-3.410354599421892008e-01,1.209342911953589076e-09,-1.250839765551727156e+00,-3.805106134988274769e-01,6.912098184881912538e-06,4.892523304078122458e-04,-2.551597925948154849e-02,-1.771147073667936598e-09,2.600352664141146117e-02,5.482823700199192760e-06,3.551958230650396295e-06,1.048850428687263248e-03,-1.456763720294993597e-02,-9.407938331010923779e-10,1.561561151723768644e-02,2.817458929028587055e-06
1.222105956433401808e+00,3.805010561392561663e-01,-2.107880470982208959e-02,-3.411088924348967266e-01,1.204246019926238967e-09,-1.250764926757867546e+00,-3.805105977211064583e-01,6.922279074562005401e-06,4.922733069152985088e-04,-2.555782551558573659e-02,-1.773844128676177605e-09,2.604839136283846127e-02,5.490899312255077473e-06,3.529039938087567366e-06,1.052300994142804907e-03,-1.453730083545322349e-02,-9.350582320137646349e-10,1.558873136833668557e-02,2.799279487176361843e-06
1.224981499860303913e+00,3.805010760591289176e-01,-2.107738480118976493e-02,-3.411824451329121266e-01,1.199141396159065500e-09,-1.250689959064685386e+00,-3.805105819202388995e-01,6.932393876763352151e-06,4.953042030989265789e-04,-2.559958454134078978e-02,-1.776524642872475433e-09,2.609317878989393311e-02,5.498922501843489996e-06,3.505992995454936395e-06,1.055749762501192535e-03,-1.450696669502090329e-02,-9.292893490991005374e-10,1.556185168113580902e-02,2.780997997358167426e-06
1.227857043287206018e+00,3.805010960079917570e-01,-2.107595616282785869e-02,-3.412561177854099292e-01,1.194029088353548215e-09,-1.250614862694441554e+00,-3.805105660963761238e-01,6.942442221331164012e-06,4.983450137362398745e-04,-2.564125634320467417e-02,-1.779188520495453020e-09,2.613788892390468341e-02,5.506892975349798547e-06,3.482817253055991991e-06,1.059196695639842050e-03,-1.447663481916218464e-02,-9.234871441161643217e-10,1.553497245505860297e-02,2.762614340832978507e-06
1.230732586714108123e+00,3.805011159856530600e-01,-2.107451876623456927e-02,-3.413299101415834258e-01,1.188909144486696378e-09,-1.250539637869394038e+00,-3.805105502496699543e-01,6.952423737684354074e-06,5.013957334952392304e-04,-2.568284092774312383e-02,-1.781835665669095587e-09,2.618252176619587437e-02,5.514810438821226475e-06,3.459512564080686582e-06,1.062641755491449368e-03,-1.444630524532178675e-02,-9.176515775713777011e-10,1.550809368951870312e-02,2.744128401149370573e-06
1.233608130141010450e+00,3.805011359919201475e-01,-2.107307258292357918e-02,-3.414038219506451699e-01,1.183781612811377167e-09,-1.250464284811796389e+00,-3.805105343802733242e-01,6.962338054823817893e-06,5.044563569345405412e-04,-2.572433830162943608e-02,-1.784465982404894891e-09,2.622707731809090573e-02,5.522674597973416767e-06,3.436078784609174797e-06,1.066084904043970456e-03,-1.441597801087998211e-02,-9.117826107194841510e-10,1.548121538391982431e-02,2.725540064148487900e-06
1.236483673567912556e+00,3.805011560265991744e-01,-2.107161758442437777e-02,-3.414778529618266445e-01,1.178646541856636407e-09,-1.250388803743898825e+00,-3.805105184883400549e-01,6.972184801340775919e-06,5.075268785035339219e-04,-2.576574847164434315e-02,-1.787079374604009825e-09,2.627155558091151533e-02,5.530485158197060076e-06,3.412515773615490012e-06,1.069526103340610488e-03,-1.438565315315258261e-02,-9.058802055644986162e-10,1.545433753765577262e-02,2.706849217966962000e-06
1.239359216994814661e+00,3.805011760894952966e-01,-2.107015374228258381e-02,-3.415520029243792610e-01,1.173503980428013108e-09,-1.250313194887947565e+00,-3.805105025740244673e-01,6.981963605425082036e-06,5.106072925425422186e-04,-2.580707144467574501e-02,-1.789675746059416259e-09,2.631595655597765773e-02,5.538241824564470239e-06,3.388823392971164146e-06,1.072965315479805200e-03,-1.435533070939093610e-02,-8.999443248606393295e-10,1.542746015011040896e-02,2.688055753039779681e-06
1.242234760421716766e+00,3.805011961804127818e-01,-2.106868102806023352e-02,-3.416262715875744149e-01,1.168353977607845522e-09,-1.250237458466184837e+00,-3.805104866374822148e-01,6.991674094873564302e-06,5.136975932829806026e-04,-2.584830722771860531e-02,-1.792255000458068874e-09,2.636028024460750421e-02,5.545944301836219090e-06,3.365001507448794938e-06,1.076402502615207441e-03,-1.432501071678193329e-02,-8.939749321132504287e-10,1.540058322065762479e-02,2.669159562103116368e-06
1.245110303848618871e+00,3.805012162991545099e-01,-2.106719941333611013e-02,-3.417006587007035967e-01,1.163196582755574306e-09,-1.250161594700849088e+00,-3.805104706788693392e-01,7.001315897098375844e-06,5.167977748475139970e-04,-2.588945582787468766e-02,-1.794817041383060728e-09,2.640452664811738029e-02,5.553592294467740770e-06,3.341049984725567911e-06,1.079837626955671131e-03,-1.429469321244800604e-02,-8.879719915797076153e-10,1.537370674866134039e-02,2.650160540197125804e-06
1.247985847275520976e+00,3.805012364455237495e-01,-2.106570886970586184e-02,-3.417751640130788915e-01,1.158031845166442419e-09,-1.250085603814175883e+00,-3.805104546983419933e-01,7.010893840723825832e-06,5.199078320103114577e-04,-2.593051725149872477e-02,-1.797363120098687121e-09,2.644869576644517245e-02,5.561189632615946145e-06,3.330653794114572252e-06,1.083272650531419672e-03,-1.426437598737187624e-02,-8.854814123831466373e-10,1.534682711159802287e-02,2.641913868047580779e-06
1.250861390702423082e+00,3.805012566194618251e-01,-2.106420936876217051e-02,-3.418497872740101640e-01,1.152859778354730668e-09,-1.250009486028432981e+00,-3.805104386959467511e-01,7.020511243314289219e-06,5.230277738290832956e-04,-2.597149148888730497e-02,-1.799920007321225804e-09,2.649278757346084853e-02,5.568818269758248688e-06,3.358513432646357850e-06,1.086711145096472568e-03,-1.423405502454177206e-02,-8.929033355691291674e-10,1.531993777158201404e-02,2.664012454716300928e-06
1.253736934129325187e+00,3.805012768211710195e-01,-2.106270088207714761e-02,-3.419245282327855739e-01,1.147680328279323222e-09,-1.249933241565954978e+00,-3.805104226715231852e-01,7.030209314752085376e-06,5.261576001776933215e-04,-2.601237854063668739e-02,-1.802498381049515957e-09,2.653680205946969128e-02,5.576510894364769463e-06,3.386760730595597968e-06,1.090147539470817488e-03,-1.420373657600339928e-02,-9.004257432540686713e-10,1.529304875004693781e-02,2.686418540040793254e-06
1.256612477556227292e+00,3.805012970508845904e-01,-2.106118338123613015e-02,-3.419993866387096570e-01,1.142493432739223518e-09,-1.249856870649079355e+00,-3.805104066248860550e-01,7.039989170477744195e-06,5.292973049630501177e-04,-2.605317841402968876e-02,-1.805098530412721527e-09,2.658073922538630243e-02,5.584268391223675410e-06,3.415396179663575094e-06,1.093581796173455876e-03,-1.417342067852086704e-02,-9.080487613838057910e-10,1.526616004615462263e-02,2.709132514049146573e-06
1.259488020983129397e+00,3.805013173088395706e-01,-2.105965683784213546e-02,-3.420743622411077101e-01,1.137299028701516910e-09,-1.249780373500142705e+00,-3.805103905558476218e-01,7.049851927333159912e-06,5.324468819843603332e-04,-2.609389111645477391e-02,-1.807720744898915374e-09,2.662459907212286203e-02,5.592091646234721066e-06,3.444420262818066564e-06,1.097013877776818009e-03,-1.414310736879575113e-02,-9.157725136406469169e-10,1.523927165905994245e-02,2.732154759841862415e-06
1.262363564410031502e+00,3.805013375952758792e-01,-2.105812122351616300e-02,-3.421494547893266236e-01,1.132097052300341451e-09,-1.249703750341478736e+00,-3.805103744642174823e-01,7.059798703536443542e-06,5.356063249332836161e-04,-2.613451665540583724e-02,-1.810365314348566048e-09,2.666838160058910764e-02,5.599981546389311098e-06,3.473833454284083529e-06,1.100443746906746081e-03,-1.411279668346708885e-02,-9.235971214409653645e-10,1.521238358791080110e-02,2.755485653584524804e-06
1.265239107836933607e+00,3.805013579104367105e-01,-2.105657650989751009e-02,-3.422246640327349376e-01,1.126887438835890313e-09,-1.249627001395417381e+00,-3.805103583498026243e-01,7.069830618656790568e-06,5.387756273940848360e-04,-2.617505503848205350e-02,-1.813032528948021676e-09,2.671208681169233781e-02,5.607938979750554376e-06,3.503636219534736976e-06,1.103871366242480546e-03,-1.408248865911137203e-02,-9.315227039328291236e-10,1.518549583184812708e-02,2.779125564500542454e-06
1.268114651263835935e+00,3.805013782545684786e-01,-2.105502266864407029e-02,-3.422999897207232856e-01,1.121670122773422683e-09,-1.249550126884287238e+00,-3.805103422124077039e-01,7.079948793589280015e-06,5.419547828437883651e-04,-2.621550627338768008e-02,-1.815722679222979370e-09,2.675571470633733573e-02,5.615964835433282465e-06,3.533829015282287130e-06,1.107296698516643850e-03,-1.405218333224258348e-02,-9.395493779936774112e-10,1.515860839000585970e-02,2.803074854864056561e-06
1.270990194690738040e+00,3.805013986279209282e-01,-2.105345967143265606e-02,-3.423754316027043942e-01,1.116445037742297824e-09,-1.249473127030413799e+00,-3.805103260518346020e-01,7.090154350529690466e-06,5.451437846523314937e-04,-2.625587036793188347e-02,-1.818436056031956496e-09,2.679926528542641434e-02,5.624060003584070656e-06,3.564412289469328381e-06,1.110719706515227861e-03,-1.402188073931216229e-02,-9.476772582280337243e-10,1.513172126151094560e-02,2.827333879992943890e-06
1.273865738117640145e+00,3.805014190307468014e-01,-2.105188748995930059e-02,-3.424509894281137501e-01,1.111212116535030024e-09,-1.249396002056119670e+00,-3.805103098678828122e-01,7.100448412949247471e-06,5.483426260827167602e-04,-2.629614733002854851e-02,-1.821172950559748300e-09,2.684273854985934696e-02,5.632225375361206488e-06,3.595386481260127103e-06,1.114140353077576733e-03,-1.399158091670903679e-02,-9.559064569652581829e-10,1.510483444548333179e-02,2.851902988241952420e-06
1.276741281544542250e+00,3.805014394633023378e-01,-2.105030609593954924e-02,-3.425266629464097656e-01,1.105971291106354498e-09,-1.249318752183725900e+00,-3.805102936603492192e-01,7.110832105569396360e-06,5.515513002911682930e-04,-2.633633716769612915e-02,-1.823933654310886765e-09,2.688613450053338114e-02,5.640461842914677742e-06,3.626752021032133538e-06,1.117558601096376933e-03,-1.396128390075959680e-02,-9.642370842573447484e-10,1.507794794103593621e-02,2.876782520995958536e-06
1.279616824971444355e+00,3.805014599258468300e-01,-2.104871546110879954e-02,-3.426024519070740015e-01,1.100722492572324525e-09,-1.249241377635549544e+00,-3.805102774290279322e-01,7.121306554336492057e-06,5.547698003272807802e-04,-2.637643988905741255e-02,-1.826718459103083554e-09,2.692945313834317622e-02,5.648770299366099462e-06,3.658509330367610989e-06,1.120974413517638159e-03,-1.393098972772773003e-02,-9.726692478767475996e-10,1.505106174727466328e-02,2.901972812663335610e-06
1.282492368398346461e+00,3.805014804186429012e-01,-2.104711555722256489e-02,-3.426783560596115552e-01,1.095465651209412710e-09,-1.249163878633906322e+00,-3.805102611737107288e-01,7.131872886396526156e-06,5.579981191341776541e-04,-2.641645550233942541e-02,-1.829527657060677497e-09,2.697269446418085886e-02,5.657151638788666371e-06,3.690658822045462379e-06,1.124387753340686837e-03,-1.390069843381479264e-02,-9.812030533142627233e-10,1.502417586329839010e-02,2.927474190669470384e-06
1.285367911825248566e+00,3.805015009419563943e-01,-2.104550635605682146e-02,-3.427543751535512273e-01,1.090200696453645760e-09,-1.249086255401108847e+00,-3.805102448941867777e-01,7.142532230069776917e-06,5.612362495486595193e-04,-2.645638401587313907e-02,-1.832361540608064504e-09,2.701585847893589812e-02,5.665606756187035846e-06,3.723200900033167345e-06,1.127798583618143998e-03,-1.387041005515964737e-02,-9.898386037769316315e-10,1.499729028819894727e-02,2.953286975450356442e-06
1.288243455252150671e+00,3.805015214960563719e-01,-2.104388782940830316e-02,-3.428305089384461324e-01,1.084927556899744831e-09,-1.249008508159466846e+00,-3.805102285902426384e-01,7.153285714825477053e-06,5.644841843013619033e-04,-2.649622543809342437e-02,-1.835220402463133678e-09,2.705894518349518871e-02,5.674136547477250689e-06,3.756135959478905250e-06,1.131206867455920948e-03,-1.384012462783862883e-02,-9.985760001860005003e-10,1.497040502106111032e-02,2.979411480446362584e-06
1.291118998679052776e+00,3.805015420812151161e-01,-2.104225994909477912e-02,-3.429067571638736434e-01,1.079646160300296905e-09,-1.248930637131288268e+00,-3.805102122616622062e-01,7.164134471256430696e-06,5.677419160169049853e-04,-2.653597977753873946e-02,-1.838104535630687300e-09,2.710195457874295388e-02,5.682741909466593300e-06,3.789464386703796792e-06,1.134612568013200831e-03,-1.380984218786556611e-02,-1.007415341174905985e-09,1.494352006096261350e-02,3.005848012096068122e-06
1.293994542105954881e+00,3.805015626977084064e-01,-2.104062268695538335e-02,-3.429831195794357246e-01,1.074356433564933186e-09,-1.248852642538877955e+00,-3.805101959082269891e-01,7.175079631053628663e-06,5.710094372140488541e-04,-2.657564704285104995e-02,-1.841014233395860818e-09,2.714488666556076971e-02,5.691423739833448315e-06,3.823186559194345922e-06,1.138015648502428657e-03,-1.377956277119178792e-02,-1.016356723087311907e-09,1.491663540697410993e-02,3.032596869830265039e-06
1.296870085532856987e+00,3.805015833458147978e-01,-2.103897601485092347e-02,-3.430595959347595980e-01,1.069058302759538323e-09,-1.248774524604538305e+00,-3.805101795297158307e-01,7.186122326980826456e-06,5.742867403058456209e-04,-2.661522724277558954e-02,-1.843949789317536002e-09,2.718774144482750607e-02,5.700182937107145763e-06,3.857302845594975795e-06,1.141416072189296990e-03,-1.374928641370612090e-02,-1.025400239975174893e-09,1.488975105815918548e-02,3.059658346066049086e-06
1.299745628959759314e+00,3.805016040258166199e-01,-2.103731990466417914e-02,-3.431361859794977431e-01,1.063751693105468719e-09,-1.248696283550569497e+00,-3.805101631259047990e-01,7.197263692849111256e-06,5.775738175997929434e-04,-2.665472038616071779e-02,-1.846911497221747491e-09,2.723051891741937180e-02,5.709020400647781350e-06,3.891813605700751059e-06,1.144813802392737057e-03,-1.371901315123487744e-02,-1.034545983596854470e-09,1.486286701357434833e-02,3.087032726201036670e-06
1.302621172386661419e+00,3.805016247379990890e-01,-2.103565432830018303e-02,-3.432128894633279526e-01,1.058436528978794422e-09,-1.248617919599268822e+00,-3.805101466965677415e-01,7.208504863491446882e-06,5.808706612979873309e-04,-2.669412648195771884e-02,-1.849899651195084786e-09,2.727321908420981406e-02,5.717937030626029975e-06,3.926719190450263629e-06,1.148208802484904003e-03,-1.368874301954189042e-02,-1.043794043415265357e-09,1.483598327226900646e-02,3.114720288607725725e-06
1.305496715813563524e+00,3.805016454826509187e-01,-2.103397925768655738e-02,-3.432897061359541646e-01,1.053112733909561278e-09,-1.248539432972931129e+00,-3.805101302414756193e-01,7.219846974737194197e-06,5.841772634972761504e-04,-2.673344553922063147e-02,-1.852914545578090728e-09,2.731584194606955646e-02,5.726933728002921967e-06,3.962019941918620521e-06,1.151601035891166702e-03,-1.365847605432848715e-02,-1.053144506596061591e-09,1.480909983328548667e-02,3.142721304627932403e-06
1.308372259240465629e+00,3.805016662600639310e-01,-2.103229466477380197e-02,-3.433666357471065189e-01,1.047780230581069012e-09,-1.248460823893849270e+00,-3.805101137603968953e-01,7.231291163386611181e-06,5.874936161894119078e-04,-2.677267756710605476e-02,-1.855956474958650051e-09,2.735838750386655402e-02,5.736011394509637117e-06,3.997716193310629475e-06,1.154990466090096259e-03,-1.362821229123349805e-02,-1.062597458005863056e-09,1.478221669565900689e-02,3.171036038567386581e-06
1.311247802667367734e+00,3.805016870705333343e-01,-2.103060052153558554e-02,-3.434436780465414674e-01,1.042438940829167504e-09,-1.248382092584312986e+00,-3.805100972530973680e-01,7.242838567185341992e-06,5.908197112612043620e-04,-2.681182257487297813e-02,-1.859025734165379586e-09,2.740085575846597232e-02,5.745170932627249576e-06,4.033808268954118404e-06,1.158377056613455608e-03,-1.359795176583326187e-02,-1.072152980210527085e-09,1.475533385841766056e-02,3.199664747690433668e-06
1.314123346094269840e+00,3.805017079143576120e-01,-2.102889679996905806e-02,-3.435208327840423292e-01,1.037088785641577877e-09,-1.248303239266609133e+00,-3.805100807193404489e-01,7.254490324798876381e-06,5.941555404946736139e-04,-2.685088057188261476e-02,-1.862122618261005030e-09,2.744324671073017363e-02,5.754413245566481230e-06,4.070296484293392065e-06,1.161760771046186930e-03,-1.356769451364163263e-02,-1.081811153473445093e-09,1.472845132058244258e-02,3.228607682214842296e-06
1.316998889521171945e+00,3.805017287918384117e-01,-2.102718347209516642e-02,-3.435980997094194578e-01,1.031729685157226620e-09,-1.248224264163023456e+00,-3.805100641588868293e-01,7.266247575787001483e-06,5.975010955672038467e-04,-2.688985156759821776e-02,-1.865247422535743292e-09,2.748556036151871343e-02,5.763739237247427117e-06,4.107181145882858986e-06,1.165141573026404719e-03,-1.353744057010997613e-02,-1.091572055753893174e-09,1.470156908116721298e-02,3.257865085306749224e-06
1.319874432948074050e+00,3.805017497032807117e-01,-2.102546050995892507e-02,-3.436754785725106842e-01,1.026361558665599764e-09,-1.248145167495838370e+00,-3.805100475714944808e-01,7.278111460578221426e-06,6.008563680516945714e-04,-2.692873557158485115e-02,-1.868400442500670571e-09,2.752779671168826062e-02,5.773149812279270683e-06,4.144462551380795604e-06,1.168519426245379729e-03,-1.350718997062716822e-02,-1.101435762705411659e-09,1.467468713917869857e-02,3.287437193075714783e-06
1.322749976374976155e+00,3.805017706489928764e-01,-2.102372788562973174e-02,-3.437529691231812068e-01,1.020984324606120640e-09,-1.248065949487333626e+00,-3.805100309569188766e-01,7.290083120444172699e-06,6.042213494167151264e-04,-2.696753259350931353e-02,-1.871581973881091058e-09,2.756995576209266344e-02,5.782645875939993107e-06,4.182140989543258643e-06,1.171894294447535512e-03,-1.347694275051960870e-02,-1.111402347674224577e-09,1.464780549361649475e-02,3.317324234569892676e-06
1.325625519801878260e+00,3.805017916292863789e-01,-2.102198557120167968e-02,-3.438305711113245344e-01,1.015597900567541275e-09,-1.247986610359786974e+00,-3.805100143149130476e-01,7.302163697474015802e-06,6.075960310266559231e-04,-2.700624264313981546e-02,-1.874792312609899225e-09,2.761203751358283845e-02,5.792228334156045357e-06,4.220216740218154189e-06,1.175266141430433234e-03,-1.344669894505120568e-02,-1.121471881697702961e-09,1.462092414347304983e-02,3.347526431771325972e-06
1.328501063228780366e+00,3.805018126444760229e-01,-2.102023353879382134e-02,-3.439082842868620427e-01,1.010202203287353857e-09,-1.247907150335473725e+00,-3.805099976452269717e-01,7.314354334548820127e-06,6.109804041418831618e-04,-2.704486573034597593e-02,-1.878031754820942320e-09,2.765404196700684686e-02,5.801898093482044813e-06,4.258690074339453301e-06,1.178634931044766692e-03,-1.341645858942339467e-02,-1.131644433502860208e-09,1.459404308773365466e-02,3.378043999591356621e-06
1.331376606655682471e+00,3.805018336948799984e-01,-2.101847176055051183e-02,-3.439861083997440283e-01,1.004797148651225769e-09,-1.247827569636666745e+00,-3.805099809476085726e-01,7.326656175315896316e-06,6.143744599188895360e-04,-2.708340186509846509e-02,-1.881300596842367767e-09,2.769596912320976961e-02,5.811656061080411743e-06,4.297561253921545690e-06,1.182000627194348214e-03,-1.338622171877513513e-02,-1.141920069504891483e-09,1.456716232537645823e-02,3.408877145866152687e-06
1.334252150082584798e+00,3.805018547808196594e-01,-2.101670020864166918e-02,-3.440640431999492654e-01,9.993826516924474467e-10,-1.247747868485635570e+00,-3.805099642218027767e-01,7.339070364163175209e-06,6.177781894104485139e-04,-2.712185105746896252e-02,-1.884599135189978839e-09,2.773781898303378374e-02,5.821503144701040518e-06,4.336830532053758568e-06,1.185363193836103677e-03,-1.335598836818290523e-02,-1.152298853805746212e-09,1.454028185537243473e-02,3.440026071352351216e-06
1.337127693509486903e+00,3.805018759026198016e-01,-2.101491885526310388e-02,-3.441420884374856715e-01,9.939586265914025695e-10,-1.247668047104649069e+00,-3.805099474675520677e-01,7.351598046193506323e-06,6.211915835657665606e-04,-2.716021331762987975e-02,-1.887927666560579162e-09,2.777959154731804783e-02,5.831440252660919995e-06,4.376498152895013566e-06,1.188722594980061659e-03,-1.332575857266071057e-02,-1.162780848192744626e-09,1.451340167668539217e-02,3.471490969722830269e-06
1.340003236936389008e+00,3.805018970606084405e-01,-2.101312767263678605e-02,-3.442202438623907512e-01,9.885249866750605839e-10,-1.247588105715971896e+00,-3.805099306845962648e-01,7.364240367198991061e-06,6.246146332306354689e-04,-2.719848865585424921e-02,-1.891286487825315564e-09,2.782128681689877148e-02,5.841468293823767458e-06,4.416564351668618325e-06,1.192078794689344990e-03,-1.329553236716008238e-02,-1.173366112137226556e-09,1.448652178827196033e-02,3.503272027562570746e-06
1.342878780363291114e+00,3.805019182551168111e-01,-2.101132663301116116e-02,-3.442985092247317080e-01,9.830816444164797759e-10,-1.247508044541867589e+00,-3.805099138726725783e-01,7.376998473635265944e-06,6.280473291475850142e-04,-2.723667708251550565e-02,-1.894675896023013483e-09,2.786290479260914235e-02,5.851588177579635453e-06,4.457029354657240207e-06,1.195431757080162721e-03,-1.326530978657008801e-02,-1.184054702793243665e-09,1.445964218908160973e-02,3.535369424364670243e-06
1.345754323790193219e+00,3.805019394864794791e-01,-2.100951570866145188e-02,-3.443768842746054437e-01,9.776285114343392933e-10,-1.247427863804597026e+00,-3.805098970315154983e-01,7.389873512595800241e-06,6.314896619560366950e-04,-2.727477860808734389e-02,-1.898096188353518163e-09,2.790444547527932626e-02,5.861800813824519471e-06,4.497893379197982490e-06,1.198781446321803626e-03,-1.323509086571731524e-02,-1.194846674996286000e-09,1.443276287805660314e-02,3.567783332526439506e-06
1.348629867217095324e+00,3.805019607550343963e-01,-2.100769487188993909e-02,-3.444553687621393356e-01,9.721654984924825416e-10,-1.247347563726417752e+00,-3.805098801608571835e-01,7.402866631786147017e-06,6.349416221924547620e-04,-2.731279324314347945e-02,-1.901547662171016822e-09,2.794590886573640812e-02,5.872107112939938522e-06,4.539156633677651992e-06,1.202127826636624269e-03,-1.320487563936589663e-02,-1.205742081262049702e-09,1.440588385413202679e-02,3.600513917345647954e-06
1.351505410643997429e+00,3.805019820611227344e-01,-2.100586409502626373e-02,-3.445339624374911813e-01,9.666925154994833285e-10,-1.247267144529586425e+00,-3.805098632604267950e-01,7.415978979498222132e-06,6.384032002905003916e-04,-2.735072099835752016e-02,-1.905030614977375717e-09,2.798729496480441975e-02,5.882507985772525032e-06,4.580819317528141901e-06,1.205470862300046190e-03,-1.317466414221748344e-02,-1.216740971785242350e-09,1.437900511623575739e-02,3.633561337016858992e-06
1.354380954070899534e+00,3.805020034050889954e-01,-2.100402335042772517e-02,-3.446126650508497535e-01,9.612094715082341341e-10,-1.247186606436356371e+00,-3.805098463299512734e-01,7.429211704584526483e-06,6.418743865811824987e-04,-2.738856188450277535e-02,-1.908545344415456107e-09,2.802860377330430169e-02,5.893004343613587629e-06,4.622881621221959436e-06,1.208810517640544627e-03,-1.314445640891128038e-02,-1.227843394438420566e-09,1.435212666328849508e-02,3.666925742627886028e-06
1.357256497497801639e+00,3.805020247872810124e-01,-2.100217261047957265e-02,-3.446914763524349112e-01,9.557162747155455490e-10,-1.247105949668978475e+00,-3.805098293691546729e-01,7.442565956432394511e-06,6.453551712930121267e-04,-2.742631591245205114e-02,-1.912092148262439733e-09,2.806983529205387545e-02,5.903597098178671394e-06,4.665343726267928851e-06,1.212146757039643963e-03,-1.311425247402400913e-02,-1.239049394770873525e-09,1.432524849420371837e-02,3.700607278156382737e-06
1.360132040924703745e+00,3.805020462080498378e-01,-2.100031184759530364e-02,-3.447703960924978217e-01,9.502128324617721817e-10,-1.247025174449702289e+00,-3.805098123777583830e-01,7.456042884938196966e-06,6.488455445521536941e-04,-2.746398309317751862e-02,-1.915671324423147683e-09,2.811098952186782962e-02,5.914287161587113873e-06,4.708205805207011326e-06,1.215479544931909704e-03,-1.308405237206994483e-02,-1.250359016007542039e-09,1.429837060788770320e-02,3.734606080466526083e-06
1.363007584351605850e+00,3.805020676677499103e-01,-2.099844103421695182e-02,-3.448494240213214046e-01,9.446990512304559373e-10,-1.246944281000773591e+00,-3.805097953554813506e-01,7.469643640481562303e-06,6.523454963825779749e-04,-2.750156343775050222e-02,-1.919283170923350566e-09,2.815206646355770601e-02,5.925075446341576523e-06,4.751468021608273091e-06,1.218808845804942621e-03,-1.305385613750089518e-02,-1.261772299047967627e-09,1.427149300323951077e-02,3.768922279305818345e-06
1.365883127778508177e+00,3.805020891667389438e-01,-2.099656014281537850e-02,-3.449285598892207205e-01,9.391748366479856323e-10,-1.246863269544437269e+00,-3.805097783020398028e-01,7.483369373899555736e-06,6.558550167062143213e-04,-2.753905695734125761e-02,-1.922927985903082825e-09,2.819306611793183717e-02,5.935962865307573625e-06,4.795130530065025497e-06,1.222134624199370297e-03,-1.302366380470620921e-02,-1.273289282465294721e-09,1.424461567915099106e-02,3.803555997302025517e-06
1.368758671205410282e+00,3.805021107053779827e-01,-2.099466914589058139e-02,-3.450078034465427490e-01,9.336400934832799777e-10,-1.246782140302934883e+00,-3.805097612171474686e-01,7.497221236460882842e-06,6.593740953431039692e-04,-2.757646366321891973e-02,-1.926606067609955398e-09,2.823398848579540543e-02,5.946950331693015584e-06,4.839193476191066730e-06,1.225456844708844740e-03,-1.299347540801278067e-02,-1.284910002505293359e-09,1.421773863450676023e-02,3.838507349960200835e-06
1.371634214632312387e+00,3.805021322840314024e-01,-2.099276801597197914e-02,-3.450871544436673322e-01,9.280947256474868991e-10,-1.246700893498505547e+00,-3.805097441005151904e-01,7.511200379840047438e-06,6.629027220115511765e-04,-2.761378356675117662e-02,-1.930317714392452657e-09,2.827483356795035610e-02,5.958038759027696341e-06,4.883656996617105641e-06,1.228775471980032190e-03,-1.296329098168504286e-02,-1.296634493085431085e-09,1.419086186818423016e-02,3.873776445659839590e-06
1.374509758059214493e+00,3.805021539030669087e-01,-2.099085672561869231e-02,-3.451666126310070082e-01,9.225386361937020880e-10,-1.246619529353387268e+00,-3.805097269518513681e-01,7.525307956091518768e-06,6.664408863282771794e-04,-2.765101667940416535e-02,-1.934063224693245067e-09,2.831560136519537321e-02,5.969229061142809568e-06,4.928521218987318552e-06,1.232090470712610087e-03,-1.293311055992496864e-02,-1.308462785793979389e-09,1.416398537905355984e-02,3.909363385652151688e-06
1.377385301486116598e+00,3.805021755628553159e-01,-2.098893524741985220e-02,-3.452461777590073444e-01,9.169717273167118528e-10,-1.246538048089814499e+00,-3.805097097708619036e-01,7.539545117623892765e-06,6.699885778085704633e-04,-2.768816301274231242e-02,-1.937842897042486127e-09,2.835629187832590034e-02,5.980522152150462331e-06,4.973786261956020419e-06,1.235401805659261431e-03,-1.290293417687209468e-02,-1.320394909889151574e-09,1.413710916597769353e-02,3.945268264057426523e-06
1.380260844913018481e+00,3.805021972637710470e-01,-2.098700355399488182e-02,-3.453258495781474924e-01,9.113939003527451705e-10,-1.246456449930020582e+00,-3.805096925572497013e-01,7.553913017174028744e-06,6.735457858664419114e-04,-2.772522257842809437e-02,-1.941657030051110143e-09,2.839690510813412325e-02,5.991918946423137934e-06,5.019452235184543517e-06,1.238709441625668274e-03,-1.287276186660348681e-02,-1.332430892298289644e-09,1.411023322781233998e-02,3.981491167862546942e-06
1.383136388339920586e+00,3.805022190061915777e-01,-2.098506161799378392e-02,-3.454056278389401879e-01,9.058050557792558289e-10,-1.246374735096234865e+00,-3.805096753107153340e-01,7.568412807781195417e-06,6.771124998147757265e-04,-2.776219538822191635e-02,-1.945505922404132061e-09,2.843744105540889355e-02,6.003420358573208724e-06,5.065519239338193202e-06,1.242013343470509557e-03,-1.284259366313375735e-02,-1.344570757617077442e-09,1.408335756340595331e-02,4.018032176918584513e-06
1.386011931766822691e+00,3.805022407904979920e-01,-2.098310941209745317e-02,-3.454855122919320287e-01,9.002050932147172849e-10,-1.246292903810686692e+00,-3.805096580309566545e-01,7.583045642761177097e-06,6.806887088654806767e-04,-2.779908145398186578e-02,-1.949389872853937791e-09,2.847789972093574262e-02,6.015027303432388773e-06,5.111987366083385786e-06,1.245313476105451133e-03,-1.281242960041507895e-02,-1.356814528108795571e-09,1.405648217159975732e-02,4.054891363938518470e-06
1.388887475193725018e+00,3.805022626170743161e-01,-2.098114690901793297e-02,-3.455655026877040292e-01,8.945939114184381006e-10,-1.246210956295600747e+00,-3.805096407176688511e-01,7.597812675680423096e-06,6.842744021296450277e-04,-2.783588078766360829e-02,-1.953309180213579085e-09,2.851828110549688156e-02,6.026740696031223821e-06,5.158856698084921094e-06,1.248609804495147283e-03,-1.278226971233716557e-02,-1.369162223703614773e-09,1.402960705122773856e-02,4.092068794495087634e-06
1.391763018620627124e+00,3.805022844863082954e-01,-2.097917408149874499e-02,-3.456455987768716209e-01,8.889714082903990919e-10,-1.246128892773201713e+00,-3.805096233705445585e-01,7.612715060330132757e-06,6.878695686176870307e-04,-2.787259340132014832e-02,-1.957264143350062205e-09,2.855858520987114915e-02,6.038561451578544796e-06,5.206127309003382068e-06,1.251902293657233128e-03,-1.275211403272727764e-02,-1.381613861997920951e-09,1.400273220111661852e-02,4.129564527018709255e-06
1.394638562047529229e+00,3.805023063985906728e-01,-2.097719090231512859e-02,-3.457258003100850408e-01,8.833374808711047457e-10,-1.246046713465710498e+00,-3.805096059892736915e-01,7.627753950700376898e-06,6.914741972395075775e-04,-2.790921930710169030e-02,-1.961255061177635764e-09,2.859881203483399456e-02,6.050490485440929806e-06,5.253799263492708870e-06,1.255190908662320078e-03,-1.272196259535024118e-02,-1.394169458253684858e-09,1.397585762008588320e-02,4.167378612795568105e-06
1.397514105474431334e+00,3.805023283543156887e-01,-2.097519734427438776e-02,-3.458061070380296087e-01,8.776920253414598674e-10,-1.245964418595346457e+00,-3.805095885735435557e-01,7.642930500954178607e-06,6.950882768046427480e-04,-2.794575851725540627e-02,-1.965282232651076504e-09,2.863896158115743912e-02,6.062528713122155969e-06,5.301872617197881394e-06,1.258475614633993659e-03,-1.269181543390841653e-02,-1.406829025397861560e-09,1.394898330694775701e-02,4.205511095965773332e-06
1.400389648901333439e+00,3.805023503538808027e-01,-2.097319338021612009e-02,-3.458865187114260609e-01,8.720349370226615297e-10,-1.245882008384326722e+00,-3.805095711230389588e-01,7.658245865401631304e-06,6.987117960224165742e-04,-2.798221104412533175e-02,-1.969345956758978790e-09,2.867903384961013880e-02,6.074677050242660556e-06,5.350347416752763573e-06,1.261756376748810046e-03,-1.266167258204172960e-02,-1.419592574021830439e-09,1.392210926050721845e-02,4.243962013521649154e-06
1.403265192328235544e+00,3.805023723976869165e-01,-2.097117898301255681e-02,-3.459670350810306050e-01,8.663661103761114954e-10,-1.245799483054865542e+00,-3.805095536374418219e-01,7.673701198473958354e-06,7.023447435020928288e-04,-2.801857690015214022e-02,-1.973446532517032947e-09,2.871902884095725583e-02,6.086936412518967409e-06,5.399223699778075579e-06,1.265033160236292160e-03,-1.263153407332765106e-02,-1.432460112380870760e-09,1.389523547956197404e-02,4.282731395306129725e-06
1.406140735755137650e+00,3.805023944861382068e-01,-2.096915412556881256e-02,-3.460476558976355865e-01,8.606854390033472508e-10,-1.245716842829175608e+00,-3.805095361164316792e-01,7.689297654697600638e-06,7.059871077530273549e-04,-2.805485609787294193e-02,-1.977584258961306475e-09,2.875894655596049690e-02,6.099307715743135380e-06,5.448501494879537126e-06,1.268305930378925764e-03,-1.260139994128120500e-02,-1.445431646393675492e-09,1.386836196290248784e-02,4.321819264011276828e-06
1.409016279182039755e+00,3.805024166196420699e-01,-2.096711878082319416e-02,-3.461283809120693222e-01,8.549928156459951670e-10,-1.245634087929467837e+00,-3.805095185596851781e-01,7.705036388668294801e-06,7.096388771848197467e-04,-2.809104864992113815e-02,-1.981759435141527351e-09,2.879878699537805412e-02,6.111791875762188981e-06,5.498180821646094634e-06,1.271574652512156645e-03,-1.257127021935497586e-02,-1.458507179641896569e-09,1.384148870931194500e-02,4.361225635176884817e-06
1.411891822608941860e+00,3.805024387986091217e-01,-2.096507292174748516e-02,-3.462092098751967661e-01,8.492881321857384462e-10,-1.245551218577950037e+00,-3.805095009668767458e-01,7.720918555025138799e-06,7.133000401074673057e-04,-2.812715456902625463e-02,-1.985972360114363185e-09,2.883855015996466403e-02,6.124389808457557512e-06,5.548261690648358447e-06,1.274839292024390180e-03,-1.254114494093910327e-02,-1.471686713369735641e-09,1.381461571756628995e-02,4.400950517189233779e-06
1.414767366035843965e+00,3.805024610234538085e-01,-2.096301652134721638e-02,-3.462901425379195097e-01,8.435712796443081266e-10,-1.245468234996828460e+00,-3.805094833376776453e-01,7.736945308424667610e-06,7.169705847315161786e-04,-2.816317386801374389e-02,-1.990223332936697893e-09,2.887823605047151396e-02,6.137102429724505707e-06,5.598744103437126460e-06,1.278099814356987649e-03,-1.251102413936127158e-02,-1.484970246483561299e-09,1.378774298643418821e-02,4.440993911279922324e-06
1.417642909462746070e+00,3.805024832945932967e-01,-2.096094955266196783e-02,-3.463711786511762258e-01,8.378421481834925944e-10,-1.245385137408306919e+00,-3.805094656717568080e-01,7.753117803514889976e-06,7.206504991682133624e-04,-2.819910655980477007e-02,-1.994512652658907547e-09,2.891784466764620032e-02,6.149930655451534742e-06,5.649628052542068675e-06,1.281356185004262332e-03,-1.248090784788672900e-02,-1.498357775551570131e-09,1.376087051467703506e-02,4.481355811524819807e-06
1.420518452889648175e+00,3.805025056124484717e-01,-2.095887198876564619e-02,-3.464523179659428909e-01,8.321006271051643643e-10,-1.245301926034587003e+00,-3.805094479687805564e-01,7.769437194909377669e-06,7.243397714296595773e-04,-2.823495265741609098e-02,-1.998840618318139535e-09,2.895737601223279459e-02,6.162875401499834909e-06,5.700913521470554907e-06,1.284608369513479944e-03,-1.245079609971827886e-02,-1.511849294803480052e-09,1.373399830104897121e-02,4.522036204843142214e-06
1.423393996316550503e+00,3.805025279774433278e-01,-2.095678380276678326e-02,-3.465335602332329512e-01,8.263466048513299171e-10,-1.245218601097868305e+00,-3.805094302284125485e-01,7.785904637161288682e-06,7.280383894289608375e-04,-2.827071217395983951e-02,-2.003207528931583857e-09,2.899683008497174613e-02,6.175937583682684931e-06,5.752600484706607852e-06,1.287856333484855165e-03,-1.242068892799628489e-02,-1.525444796130258985e-09,1.370712634429686709e-02,4.563035070996617833e-06
1.426269539743452608e+00,3.805025503900052453e-01,-2.095468496780879264e-02,-3.466149052040976564e-01,8.205799690041944260e-10,-1.245135162820348640e+00,-3.805094124503136666e-01,7.802521284737448022e-06,7.317463409803824084e-04,-2.830638512264337797e-02,-2.007613683489751871e-09,2.903620688659992732e-02,6.189118117744882607e-06,5.804688907710026406e-06,1.291100042571553374e-03,-1.239058636579865730e-02,-1.539144269083898007e-09,1.368025464316031774e-02,4.604352382588790996e-06
1.429145083170354713e+00,3.805025728505650462e-01,-2.095257545707027505e-02,-3.466963526296266696e-01,8.148006062862493350e-10,-1.245051611424223381e+00,-3.805093946341424060e-01,7.819288291992374293e-06,7.354636137994989683e-04,-2.834197151676906209e-02,-2.012059380949748417e-09,2.907550641785052944e-02,6.202417919342145827e-06,5.857178746915605551e-06,1.294339462479684576e-03,-1.236048844614086838e-02,-1.552947700877209105e-09,1.365338319637165315e-02,4.645988105064407977e-06
1.432020626597256818e+00,3.805025953595566057e-01,-2.095045524376531673e-02,-3.467779022609477346e-01,8.090084025603789617e-10,-1.244967947131685460e+00,-3.805093767795543203e-01,7.836206813142335075e-06,7.391901955033475897e-04,-2.837747136973410578e-02,-2.016544920228541053e-09,2.911472867945310086e-02,6.215837904020533051e-06,5.910069949732512089e-06,1.297574558968304925e-03,-1.233039520197595426e-02,-1.566855076383662013e-09,1.362651200265592444e-02,4.687942196708913856e-06
1.434896170024158923e+00,3.805026179174173517e-01,-2.094832430114371494e-02,-3.468595538492272867e-01,8.032032428299841603e-10,-1.244884170164926251e+00,-3.805093588862026310e-01,7.853278002239402303e-06,7.429260736105808283e-04,-2.841288469503041106e-02,-2.021070600196241276e-09,2.915387367213354702e-02,6.229378987195870577e-06,5.963362454543823010e-06,1.300805297849418453e-03,-1.230030666619449757e-02,-1.580866378137266338e-09,1.359964106073092809e-02,4.730214608648101849e-06
1.437771713451061029e+00,3.805026405245879872e-01,-2.094618260249134223e-02,-3.469413071456709519e-01,7.973850112391269754e-10,-1.244800280746134913e+00,-3.805093409537377847e-01,7.870503013145480547e-06,7.466712355416178608e-04,-2.844821150624434608e-02,-2.025636719669370445e-09,2.919294139661404372e-02,6.243042084133133218e-06,6.017056190706169738e-06,1.304031644987971219e-03,-1.227022287162464302e-02,-1.594981586332476024e-09,1.357277036930717648e-02,4.772805284847804984e-06
1.440647256877963134e+00,3.805026631815123239e-01,-2.094403012113034770e-02,-3.470231619015232138e-01,7.915535910726951474e-10,-1.244716279097498379e+00,-3.805093229818075629e-01,7.887882999506357309e-06,7.504256686187971408e-04,-2.848345181705659243e-02,-2.030243577404135221e-09,2.923193185361304750e-02,6.256828109925883423e-06,6.071151078549522138e-06,1.307253566301855210e-03,-1.224014385103208528e-02,-1.609200678824137443e-09,1.354589992708791005e-02,4.815714162113754650e-06
1.443522800304865239e+00,3.805026858886377816e-01,-2.094186683041950742e-02,-3.471051178680683025e-01,7.857088647565836783e-10,-1.244632165441201366e+00,-3.805093049700571939e-01,7.905419114725748239e-06,7.541893600665291629e-04,-2.851860564124196126e-02,-2.034891472089696790e-09,2.927084504384528177e-02,6.270737979475665508e-06,6.125647029377147011e-06,1.310471027761904873e-03,-1.221006963712009501e-02,-1.623523631127474920e-09,1.351902973276910593e-02,4.858941170091525537e-06
1.446398343731767344e+00,3.805027086464150554e-01,-2.093969270375444641e-02,-3.471871747966299715e-01,7.798507138579004899e-10,-1.244547939999427477e+00,-3.805092869181291859e-01,7.923112511939347431e-06,7.579622970114471663e-04,-2.855367299266922676e-02,-2.039580702341448790e-09,2.930968096802172296e-02,6.284772607471426988e-06,6.180543945465643668e-06,1.313683995391901884e-03,-1.218000026252948759e-02,-1.637950416418101281e-09,1.349215978503946409e-02,4.902486231266573756e-06
1.449273887158669449e+00,3.805027314552978934e-01,-2.093750771456796833e-02,-3.472693324385722202e-01,7.739790190851834551e-10,-1.244463602994357210e+00,-3.805092688256636047e-01,7.940964343988848929e-06,7.617444664825617426e-04,-2.858865388530091450e-02,-2.044311566694284051e-09,2.934843962684954150e-02,6.298932908368919586e-06,6.235841720065177715e-06,1.316892435268570381e-03,-1.214993575983863011e-02,-1.652481005532080718e-09,1.346529008258040734e-02,4.946349260964419796e-06
1.452149430585571555e+00,3.805027543157435965e-01,-2.093531183633031215e-02,-3.473515905452991825e-01,7.680936602886467945e-10,-1.244379154648169061e+00,-3.805092506922976847e-01,7.958975763396020737e-06,7.655358554114106723e-04,-2.862354833319315575e-02,-2.049084363595871277e-09,2.938712102103213306e-02,6.313219796370120565e-06,6.291540237399796144e-06,1.320096313521580862e-03,-1.211987616156345697e-02,-1.667115366966006959e-09,1.343842062406609868e-02,4.990530167350900939e-06
1.455024974012473882e+00,3.805027772282128518e-01,-2.093310504254942972e-02,-3.474339488682555155e-01,7.621945164604371920e-10,-1.244294595183040419e+00,-3.805092325176660517e-01,7.977147922336716155e-06,7.693364506322124480e-04,-2.865835635049547581e-02,-2.053899391399923863e-09,2.942572515126904223e-02,6.327634185402633733e-06,6.347639372667935559e-06,1.323295596333548671e-03,-1.208982150015746118e-02,-1.681853466877136439e-09,1.341155140816342739e-02,5.035028851432568519e-06
1.457900517439375987e+00,3.805028001931692883e-01,-2.093088730677127723e-02,-3.475164071589267878e-01,7.562814657349155531e-10,-1.244209924821146229e+00,-3.805092143014008332e-01,7.995481972614959656e-06,7.731462388820191465e-04,-2.869307795145066217e-02,-2.058756948359479049e-09,2.946425201825600068e-02,6.342176989099120100e-06,6.404138992043021869e-06,1.326490249940038115e-03,-1.205977180801168745e-02,-1.696695269083546091e-09,1.338468243353201081e-02,5.079845207057171580e-06
1.460776060866278092e+00,3.805028232110804209e-01,-2.092865860258007887e-02,-3.475989651688397575e-01,7.503543853889571684e-10,-1.244125143784658549e+00,-3.805091960431313258e-01,8.013979065636966687e-06,7.769652068008668080e-04,-2.872771315039451129e-02,-2.063657332620165503e-09,2.950270162268484736e-02,6.356849120776691255e-06,6.461038952674205517e-06,1.329680240629560299e-03,-1.202972711745472871e-02,-1.711640735064321318e-09,1.335781369882419432e-02,5.124979120914234550e-06
1.463651604293180197e+00,3.805028462824164293e-01,-2.092641890359863213e-02,-3.476816226495622053e-01,7.444131518422672829e-10,-1.244040252295748772e+00,-3.805091777424845501e-01,8.032640352385207524e-06,7.807933409319301517e-04,-2.876226196175574179e-02,-2.068600842213482059e-09,2.954107396524355278e-02,6.371651493416352724e-06,6.518339102687294907e-06,1.332865534743577895e-03,-1.199968746075275212e-02,-1.726689823959797949e-09,1.333094520268505653e-02,5.170430472535795854e-06
1.466527147720082302e+00,3.805028694076512119e-01,-2.092416818348855068e-02,-3.477643793527038230e-01,7.384576406577234453e-10,-1.243955250576585847e+00,-3.805091593990844734e-01,8.051466983392454181e-06,7.846306277216708947e-04,-2.879672440005570308e-02,-2.073587775050070262e-09,2.957936904661616004e-02,6.386585019642393969e-06,6.576039281185713556e-06,1.336046098676501887e-03,-1.196965287010946788e-02,-1.741842492571813901e-09,1.330407694375241451e-02,5.216199134297175327e-06
1.469402691146984408e+00,3.805028925872618872e-01,-2.092190641595057313e-02,-3.478472350299161020e-01,7.324877265417268528e-10,-1.243870138849336060e+00,-3.805091410125527873e-01,8.070460108715847648e-06,7.884770535199952862e-04,-2.883110047990831981e-02,-2.078618428912994347e-09,2.961758686748281258e-02,6.401650611701835128e-06,6.634139318251723203e-06,1.339221898875699816e-03,-1.193962337766614999e-02,-1.757098695364024547e-09,1.327720892065681856e-02,5.262284971417938135e-06
1.472278234573886513e+00,3.805029158217289043e-01,-2.091963357472482327e-02,-3.479301894328927780e-01,7.265032833445845088e-10,-1.243784917336165252e+00,-3.805091225825082968e-01,8.089620877910954968e-06,7.923326045804024269e-04,-2.886539021601981780e-02,-2.083693101451012131e-09,2.965572742851969867e-02,6.416849181443842423e-06,6.692639034947664720e-06,1.342392901841493822e-03,-1.190959901550161897e-02,-1.772458384462223869e-09,1.325034113202154529e-02,5.308687841962877338e-06
1.475153778000788618e+00,3.805029391115359316e-01,-2.091734963359110147e-02,-3.480132423133698860e-01,7.205041840609020304e-10,-1.243699586259235934e+00,-3.805091041085674752e-01,8.108950440005834783e-06,7.961972670601377916e-04,-2.889959362318859568e-02,-2.088812090171859130e-09,2.969379073039902020e-02,6.432181640299151188e-06,6.751538243317413306e-06,1.345559074127163470e-03,-1.187957981563226087e-02,-1.787921509654722891e-09,1.322347357646261844e-02,5.355407596843172625e-06
1.478029321427690723e+00,3.805029624571700797e-01,-2.091505456636913104e-02,-3.480963934231260937e-01,7.144903008299984791e-10,-1.243614145840709284e+00,-3.805090855903438540e-01,8.128449943475094403e-06,8.000710270203451263e-04,-2.893371071630498545e-02,-2.093975692435521098e-09,2.973177677378899611e-02,6.447648899259501604e-06,6.810836746387929411e-06,1.348720382338948129e-03,-1.184956581001200132e-02,-1.803488018392753135e-09,1.319660625258879498e-02,5.402444079817621906e-06
1.480904864854592828e+00,3.805029858589142888e-01,-2.091274834727894702e-02,-3.481796425143353635e-01,7.084615586525216167e-10,-1.243528596302701628e+00,-3.805090670276130016e-01,8.147875086020898839e-06,8.039534440172872850e-04,-2.896774192727809283e-02,-2.099120592732515495e-09,2.976968561041453895e-02,6.463057173388468342e-06,6.676645186241715213e-06,1.351539958744708099e-03,-1.181988637477457589e-02,-1.768908087358176012e-09,1.316977949351640954e-02,5.296000795869908992e-06
1.483780408281494934e+00,3.805030093158646709e-01,-2.091043095264900550e-02,-3.482629893412364508e-01,7.024181901742504992e-10,-1.243442937867079268e+00,-3.805090484210919000e-01,8.166842261453704922e-06,8.078438355064633146e-04,-2.900168792473214671e-02,-2.104147372506505825e-09,2.980751732097560586e-02,6.478102179419461974e-06,6.515205790878667868e-06,1.354306575136965613e-03,-1.179025915879521394e-02,-1.727266299090863399e-09,1.314295871463442601e-02,5.167944043724077533e-06
1.486655951708397039e+00,3.805030328266867379e-01,-2.090810235960198493e-02,-3.483464336588485977e-01,6.963605395903052892e-10,-1.243357170755616359e+00,-3.805090297718390913e-01,8.185343379516964670e-06,8.117421712147733243e-04,-2.903554873952235438e-02,-2.109053934725603226e-09,2.984527190804986060e-02,6.492777500017988465e-06,6.352492677879334725e-06,1.357065322267713347e-03,-1.176064007327084528e-02,-1.685294299429583078e-09,1.311613851112073716e-02,5.038876956467060739e-06
1.489531495135299366e+00,3.805030563900351770e-01,-2.090576254532652833e-02,-3.484299752222589364e-01,6.902889539566099878e-10,-1.243271295190082837e+00,-3.805090110809217219e-01,8.203374777966780933e-06,8.156484284673441590e-04,-2.906932439507258284e-02,-2.113839329950608555e-09,2.988294937328962037e-02,6.507080230228119941e-06,6.188506120711294527e-06,1.359816167834965346e-03,-1.173102914904527831e-02,-1.642992157747738396e-09,1.308931888144971092e-02,4.908799751019509670e-06
1.492407038562201471e+00,3.805030800045538508e-01,-2.090341148707660843e-02,-3.485136137866222117e-01,6.842037830589467446e-10,-1.243185311392243753e+00,-3.805089923494153759e-01,8.220932795385879402e-06,8.195625844965833198e-04,-2.910301491489519429e-02,-2.118502608952244563e-09,2.992054971834278224e-02,6.521007465749631134e-06,6.023246420847988854e-06,1.362559079654011417e-03,-1.170142641683700503e-02,-1.600359950676759088e-09,1.306249982408076542e-02,4.777712666516818854e-06
1.495282581989103576e+00,3.805031036688764079e-01,-2.090104916217178088e-02,-3.485973491071608366e-01,6.781053794123193429e-10,-1.243099219583858384e+00,-3.805089735784040750e-01,8.238013771264146194e-06,8.234846164425202713e-04,-2.913662032259070611e-02,-2.123042822732022768e-09,2.995807294485277467e-02,6.534556303001875827e-06,5.856713907761596886e-06,1.365294025657407808e-03,-1.167183190723921141e-02,-1.557397762104252733e-09,1.303568133745836889e-02,4.645615964303474893e-06
1.498158125416005682e+00,3.805031273816257831e-01,-2.089867554799748964e-02,-3.486811809391652250e-01,6.719940982602619863e-10,-1.243013019986682899e+00,-3.805089547689800566e-01,8.254614046079140031e-06,8.274145013531414598e-04,-2.917014064184743349e-02,-2.127459022543109915e-09,2.999551905445858521e-02,6.547723839187646365e-06,5.688908938915548480e-06,1.368020973894962244e-03,-1.164224565071978953e-02,-1.514105683172063987e-09,1.300886342001205884e-02,4.512509927927114518e-06
1.501033668842907787e+00,3.805031511414144751e-01,-2.089629062200530629e-02,-3.487651090379940699e-01,6.658702975740844969e-10,-1.242926712822467472e+00,-3.805089359222438294e-01,8.270729961376533266e-06,8.313522161847259825e-04,-2.920357589644111129e-02,-2.131750259911179544e-09,3.003288804879459747e-02,6.560507172356986575e-06,5.519831899756612030e-06,1.370739892533718533e-03,-1.161266767762137407e-02,-1.470483812274228753e-09,1.298204607015643157e-02,4.378394863132251468e-06
1.503909212269809892e+00,3.805031749468443247e-01,-2.089389436171319031e-02,-3.488491331590745093e-01,6.597343380520590927e-10,-1.242840298312958058e+00,-3.805089170393045617e-01,8.286357859850607111e-06,8.352977378021862439e-04,-2.923692611023454013e-02,-2.135915586655268106e-09,3.007017992949064661e-02,6.572903401471044495e-06,5.349483203706576608e-06,1.373450749857944419e-03,-1.158309801816133008e-02,-1.426532255054816070e-09,1.295522928629114744e-02,4.243271097853678100e-06
1.506784755696711997e+00,3.805031987965069029e-01,-2.089148674470576311e-02,-3.489332530579024039e-01,6.535865831185461619e-10,-1.242753776679896616e+00,-3.805088981212793597e-01,8.301494085424662177e-06,8.392510429794035158e-04,-2.927019130717726722e-02,-2.139954054908618264e-09,3.010739469817196381e-02,6.584909626465850572e-06,5.177863292153576651e-06,1.376153514269117493e-03,-1.155353670243179642e-02,-1.382251124405683143e-09,1.292841306680094990e-02,4.107138982209581557e-06
1.509660299123614102e+00,3.805032226889830671e-01,-2.088906774863456134e-02,-3.490174684900426705e-01,6.474273989230629602e-10,-1.242667148145018663e+00,-3.805088791692939898e-01,8.316134983331427308e-06,8.432121083995625229e-04,-2.930337151130515613e-02,-2.143864717139512675e-09,3.014453235645908266e-02,6.596522948316096699e-06,5.004972634443014307e-06,1.378848154285903290e-03,-1.152398376039969960e-02,-1.337640540464120982e-09,1.290159741005565686e-02,3.969998888494345676e-06
1.512535842550516207e+00,3.805032466228432386e-01,-2.088663735121830400e-02,-3.491017792111295037e-01,6.412571543392866518e-10,-1.242580412930056832e+00,-3.805088601844823226e-01,8.330276900193439617e-06,8.471809106554928576e-04,-2.933646674674007804e-02,-2.147646626172111497e-09,3.018159290596783215e-02,6.607740469098905934e-06,4.830811727867999827e-06,1.381534638544144877e-03,-1.149443922190676419e-02,-1.292700630610381131e-09,1.287478231441017799e-02,3.831851211170969203e-06
1.515411385977418313e+00,3.805032705966472917e-01,-2.088419553024314923e-02,-3.491861849768664317e-01,6.350762209640050308e-10,-1.242493571256738649e+00,-3.805088411679867222e-01,8.343916184103395732e-06,8.511574262500018299e-04,-2.936947703768951271e-02,-2.151298835207271285e-09,3.021857634830929853e-02,6.618559292057554797e-06,4.655381097659574255e-06,1.384212935796841175e-03,-1.146490311666954233e-02,-1.247431529465140978e-09,1.284796777820450611e-02,3.692696366863307387e-06
1.518286929404320418e+00,3.805032946089446644e-01,-2.088174226356294058e-02,-3.492706855430268154e-01,6.288849731160000339e-10,-1.242406623346786310e+00,-3.805088221209578792e-01,8.357049184704474229e-06,8.551416315962144738e-04,-2.940240240844626055e-02,-2.154820397843363884e-09,3.025548268508979066e-02,6.628976521665195551e-06,4.478681296976345989e-06,1.386883014914132208e-03,-1.143537547427943453e-02,-1.201833378886818524e-09,1.282115379976374661e-02,3.552534794347850684e-06
1.521162472831222745e+00,3.805033186582741922e-01,-2.087927752909948462e-02,-3.493552806654540710e-01,6.226837878348762459e-10,-1.242319569421918235e+00,-3.805088030445547553e-01,8.369672253270622503e-06,8.591335030179076977e-04,-2.943524288338798117e-02,-2.158210368097083335e-09,3.029231191791074279e-02,6.638989263688542071e-06,4.300712906893859663e-06,1.389544844883276340e-03,-1.140585632420271743e-02,-1.155906327968820143e-09,1.279434037739809668e-02,3.411366954545298049e-06
1.524038016258124850e+00,3.805033427431643855e-01,-2.087680130484280069e-02,-3.494399701000615588e-01,6.164730448798285043e-10,-1.242232409703847518e+00,-3.805087839399444727e-01,8.381781742786819912e-06,8.631330167498486644e-04,-2.946799848697689503e-02,-2.161467800424246982e-09,3.032906404836871808e-02,6.648594625251531994e-06,4.121476536393553383e-06,1.392198394808633359e-03,-1.137634569578056289e-02,-1.109650533036678538e-09,1.276752750940288172e-02,3.269193330511791835e-06
1.526913559685026955e+00,3.805033668621332632e-01,-2.087431356885137076e-02,-3.495247536028334712e-01,6.102531267283486021e-10,-1.242145144414283475e+00,-3.805087648083028684e-01,8.393374008029315516e-06,8.671401489381315442e-04,-2.950066924375944338e-02,-2.164591749740588723e-09,3.036573907805537043e-02,6.657789714898965150e-06,3.940972822351292440e-06,1.394843633911644525e-03,-1.134684361822905357e-02,-1.063066157645083370e-09,1.274071519405852934e-02,3.126014427429821935e-06
1.529789103111929061e+00,3.805033910136880748e-01,-2.087181429925238571e-02,-3.496096309298245552e-01,6.040244185748723306e-10,-1.242057773774930540e+00,-3.805087456508136623e-01,8.404445405645806521e-06,8.711548756405138342e-04,-2.953325517836588934e-02,-2.167581271442541928e-09,3.040233700855738894e-02,6.666571642660123361e-06,3.759202429525523979e-06,1.397480531530811108e-03,-1.131735012063922637e-02,-1.016153372574811798e-09,1.271390342963060922e-02,2.981830772598835573e-06
1.532664646538831166e+00,3.805034151963260225e-01,-2.086930347424202289e-02,-3.496946018371602793e-01,5.977873083293696534e-10,-1.241970298007488038e+00,-3.805087264686691229e-01,8.414992294235604866e-06,8.751771728267515940e-04,-2.956575631550994315e-02,-2.170435421428010355e-09,3.043885784145644244e-02,6.674937520112341110e-06,3.576166050545102592e-06,1.400109057121670967e-03,-1.128786523197708794e-02,-9.689123558295754691e-10,1.268709221436982622e-02,2.836642915425576042e-06
1.535540189965733271e+00,3.805034394085334282e-01,-2.086678107208568902e-02,-3.497796660810376101e-01,5.915421866158693266e-10,-1.241882717333651076e+00,-3.805087072630697342e-01,8.425011034429769925e-06,8.792070163789391258e-04,-2.959817267998845342e-02,-2.173153256117139068e-09,3.047530157832915171e-02,6.682884460444572822e-06,3.391864405896584405e-06,1.402729180256779250e-03,-1.125838898108363906e-02,-9.213432926327277261e-10,1.266028154651201859e-02,2.690451427414003019e-06
1.538415733392635376e+00,3.805034636487865107e-01,-2.086424707111824914e-02,-3.498648234177247351e-01,5.852894467709298550e-10,-1.241795031975111208e+00,-3.805086880352244738e-01,8.434497988971181927e-06,8.832443820918418247e-04,-2.963050429668102198e-02,-2.175733832473064677e-09,3.051166822074703744e-02,6.690409578520913560e-06,3.206298243911318715e-06,1.405340870625683023e-03,-1.122892139667492142e-02,-8.734463754239215856e-10,1.263347142427818058e-02,2.543256902155058708e-06
1.541291276819537481e+00,3.805034879155507199e-01,-2.086170144974432150e-02,-3.499500736035617843e-01,5.790294848420481006e-10,-1.241707242153553992e+00,-3.805086687863502570e-01,8.443449522794603499e-06,8.872892456732352088e-04,-2.966275119054962231e-02,-2.178176208022664751e-09,3.054795777027649248e-02,6.697509990944102778e-06,3.019468340752004306e-06,1.407944098034899592e-03,-1.119946250734201072e-02,-8.252218038556253456e-10,1.260666184587446934e-02,2.395059955315998191e-06
1.544166820246439586e+00,3.805035122072813469e-01,-2.085914418643848578e-02,-3.500354163949603858e-01,5.727626995860082294e-10,-1.241619348090660990e+00,-3.805086495176726036e-01,8.451862003106688716e-06,8.913415827442397205e-04,-2.969491338663831845e-02,-2.180479440877294822e-09,3.058417022847874020e-02,6.704182816118982335e-06,2.831375500398973027e-06,1.410538832407890689e-03,-1.117001234155108949e-02,-7.766697847895713948e-10,1.257985280949221185e-02,2.245861224629514371e-06
1.547042363673341692e+00,3.805035365224229693e-01,-2.085657525974555712e-02,-3.501208515484046102e-01,5.664894924671696550e-10,-1.241531350008109991e+00,-3.805086302304252488e-01,8.459731799465941308e-06,8.954013688396580224e-04,-2.972699091007277236e-02,-2.182642589753505948e-09,3.062030559690975470e-02,6.710425174315930795e-06,2.642020554635947348e-06,1.413125043785037546e-03,-1.114057092764344364e-02,-7.277905322930629549e-10,1.255304431330791365e-02,2.095661369882434745e-06
1.549917907100243797e+00,3.805035608594099505e-01,-2.085399464828080821e-02,-3.502063788204506367e-01,5.602102676556992498e-10,-1.241443248127573451e+00,-3.805086109258499771e-01,8.467055283862655939e-06,8.994685794083101234e-04,-2.975898378606001496e-02,-2.184664713993767660e-09,3.065636387712025041e-02,6.716234187734273158e-06,2.451404363035586176e-06,1.415702702323616167e-03,-1.111113829383550931e-02,-6.785842676352338800e-10,1.252623635548325357e-02,1.944461072904262735e-06
1.552793450527146124e+00,3.805035852166662180e-01,-2.085140233073025373e-02,-3.502919979677275308e-01,5.539254320257405875e-10,-1.241355042670719611e+00,-3.805085916051971773e-01,8.473828830798808663e-06,9.035431898133704579e-04,-2.979089203988803322e-02,-2.186544873587170222e-09,3.069234507065566817e-02,6.721606980565640619e-06,2.259527812944522007e-06,1.418271778297771528e-03,-1.108171446821889713e-02,-6.290512192831708339e-10,1.249942893416512366e-02,1.792261037555304622e-06
1.555668993954048229e+00,3.805036095926049855e-01,-2.084879828585086900e-02,-3.503777087469371332e-01,5.476353951535241461e-10,-1.241266733859212490e+00,-3.805085722697253425e-01,8.480048817367884692e-06,9.076251753327035541e-04,-2.982271569692539898e-02,-2.188282129190110763e-09,3.072824917905605385e-02,6.726540679057306610e-06,2.066391819468035146e-06,1.420832242098487436e-03,-1.105229947876044429e-02,-5.791916228979415823e-10,1.247262204748561532e-02,1.639061989714513984e-06
1.558544537380950334e+00,3.805036339856293637e-01,-2.084618249247083971e-02,-3.504635109148540595e-01,5.413405693154214681e-10,-1.241178321914711224e+00,-3.805085529207011819e-01,8.485711623334689233e-06,9.117145111591989448e-04,-2.985445478262091501e-02,-2.189875542146981479e-09,3.076407620385608263e-02,6.731032411575478796e-06,1.871997325454446059e-06,1.423384064233560939e-03,-1.102289335330221796e-02,-5.290057213305545260e-10,1.244581569356204183e-02,1.484864677267111676e-06
1.561420080807852440e+00,3.805036583941320272e-01,-2.084355492948980135e-02,-3.505494042283265332e-01,5.350413694859328376e-10,-1.241089807058871397e+00,-3.805085335593996754e-01,8.490813631215104107e-06,9.158111724011093295e-04,-2.988610932250329935e-02,-2.191324174510835914e-09,3.079982614658499998e-02,6.735079308668575823e-06,1.676345301478952292e-06,1.425927215327576743e-03,-1.099349611956157435e-02,-4.784937646177694443e-10,1.241900987049692796e-02,1.329669870091763870e-06
1.564295624234754545e+00,3.805036828164951035e-01,-2.084091557587909593e-02,-3.506353884442762192e-01,5.287382133356234642e-10,-1.241001189513343261e+00,-3.805085141871042409e-01,8.495351226355776609e-06,9.199151340823840750e-04,-2.991767934218076200e-02,-2.192627089064043657e-09,3.083549900876656619e-02,6.738678503130433767e-06,1.479436745827233939e-06,1.428461666121871648e-03,-1.096410780513118292e-02,-4.276560099778515253e-10,1.239220457637805334e-02,1.173478360047579459e-06
1.567171167661656650e+00,3.805037072510902840e-01,-2.083826441068200447e-02,-3.507214633196984455e-01,5.224315212289950441e-10,-1.240912469499772630e+00,-3.805084948051062343e-01,8.499320797013799902e-06,9.240263711430062943e-04,-2.994916486734070307e-02,-2.193783349338938844e-09,3.087109479191902511e-02,6.741827130063506644e-06,1.281272684478642999e-06,1.430987387474511345e-03,-1.093472843747906979e-02,-3.764927218062164153e-10,1.236539980927843334e-02,1.016290960960773529e-06
1.570046711088558755e+00,3.805037316962792682e-01,-2.083560141301398980e-02,-3.508076286116627029e-01,5.161217162222989015e-10,-1.240823647239802652e+00,-3.805084754147055048e-01,8.502718734436295143e-06,9.281448584393274309e-04,-2.998056592374929649e-02,-2.194792019638446313e-09,3.090661349755503134e-02,6.744522326941997476e-06,1.081854171088944871e-06,1.433504350360254205e-03,-1.090535804394865069e-02,-3.250041716709588938e-10,1.233859556725634861e-02,8.581085086109793041e-07
1.572922254515460860e+00,3.805037561504128751e-01,-2.083292656206293253e-02,-3.508938840773123680e-01,5.098092240612923640e-10,-1.240734722955070035e+00,-3.805084560172098951e-01,8.505541432940013952e-06,9.322705707444040122e-04,-3.001188253725120200e-02,-2.195652165056710251e-09,3.094205512718168835e-02,6.746761233674993585e-06,8.811822869728118746e-07,1.436012525870526343e-03,-1.087599665175875696e-02,-2.731906383083184763e-10,1.231179184835533812e-02,6.989318607173608286e-07
1.575797797942362966e+00,3.805037806118319876e-01,-2.083023983708937391e-02,-3.509802294738656459e-01,5.034944731789320669e-10,-1.240645696867207937e+00,-3.805084366139357410e-01,8.507785289990793485e-06,9.364034827483319091e-04,-3.004311473376913844e-02,-2.196362851499686858e-09,3.097741968230041665e-02,6.748540992669506167e-06,6.792581410857981794e-07,1.438511885213384321e-03,-1.084664428800369632e-02,-2.210524076180095142e-10,1.228498865060423904e-02,5.387618969243188642e-07
1.578673341369265071e+00,3.805038050788667747e-01,-2.082754121742676212e-02,-3.510666645586151269e-01,4.971778946930117314e-10,-1.240556569197845960e+00,-3.805084172062073722e-01,8.509446706283062340e-06,9.405435690585825471e-04,-3.007426253930358187e-02,-2.196923145705747757e-09,3.101270716440694686e-02,6.749858748893512421e-06,4.760828700060654909e-07,1.441002399713487174e-03,-1.081730097965328055e-02,-1.685897726584870855e-10,1.225818597201716251e-02,3.775995187869835439e-07
1.581548884796167176e+00,3.805038295498373024e-01,-2.082483068248167091e-02,-3.511531890889283969e-01,4.908599224037366647e-10,-1.240467340168607935e+00,-3.805083977953573893e-01,8.510522085819202459e-06,9.446908042003369487e-04,-3.010532597993233542e-02,-2.197332115266250324e-09,3.104791757499127808e-02,6.750711649938932445e-06,2.716576379156284710e-07,1.443484040812058247e-03,-1.078796675355287067e-02,-1.158030336420886524e-10,1.223138381059354213e-02,2.154456497563550854e-07
1.584424428223069281e+00,3.805038540230532562e-01,-2.082210821173404933e-02,-3.512398028222479263e-01,4.845409927912436656e-10,-1.240378010001115250e+00,-3.805083783827266641e-01,8.511007835988933053e-06,9.488451626168228122e-04,-3.013630508181028636e-02,-2.197588828646107600e-09,3.108305091553764665e-02,6.751096846084574793e-06,6.598363658130708507e-08,1.445956780066857874e-03,-1.075864163642340464e-02,-6.269249793010054965e-11,1.220458216431810974e-02,5.230123516417938212e-08
1.587299971649971608e+00,3.805038784968139964e-01,-2.081937378473746117e-02,-3.513265055160917916e-01,4.782215450130585816e-10,-1.240288578916983075e+00,-3.805083589696640622e-01,8.510900367648582728e-06,9.530066186696479038e-04,-3.016719987116893431e-02,-2.197692355204337944e-09,3.111810718752449495e-02,6.751011490359037147e-06,-1.409379146647140753e-07,1.448420589152145214e-03,-1.072932565486145115e-02,-9.258480027720351021e-12,1.217778103116094052e-02,-1.118327577924620670e-07
1.590175515076873713e+00,3.805039029694084474e-01,-2.081662738111929312e-02,-3.514132969280535090e-01,4.719020209014939984e-10,-1.240199047137823474e+00,-3.805083395575269423e-01,8.510196095200327720e-06,9.571751466391360515e-04,-3.019801037431610324e-02,-2.197641765214592754e-09,3.115308639242434646e-02,6.750452738603542605e-06,-3.491057689448008070e-07,1.450875439858642689e-03,-1.070001883533926341e-02,4.449869842110101523e-11,1.215098040907743905e-02,-2.769553400669531336e-07
1.593051058503775819e+00,3.805039274391153192e-01,-2.081386898058102536e-02,-3.515001768158023121e-01,4.655828649609938353e-10,-1.240109414885244510e+00,-3.805083201476806010e-01,8.508891436671372531e-06,9.613507207246599958e-04,-3.022873661763552169e-02,-2.197436129885685438e-09,3.118798853170387866e-02,6.749417749534762423e-06,-5.585186518559054366e-07,1.453321304093500204e-03,-1.067072120420479303e-02,9.857870863884972140e-11,1.212418029600838103e-02,-4.430655007790363628e-07
1.595926601930677924e+00,3.805039519042032192e-01,-2.081109856289843976e-02,-3.515871449370834290e-01,4.592645243654109388e-10,-1.240019682380849364e+00,-3.805083007414984397e-01,8.506982813793084836e-06,9.655333150449790097e-04,-3.025937862758655214e-02,-2.197074521382093503e-09,3.122281360682377729e-02,6.747903684807567601e-06,-7.691752614902733878e-07,1.455758153880263054e-03,-1.064143278768175938e-02,1.529812147198140304e-10,1.209738068987988371e-02,-6.101622072312399063e-07
1.598802145357580029e+00,3.805039763629300409e-01,-2.080831610792184538e-02,-3.516742010497181936e-01,4.529474489552307537e-10,-1.239929849846237220e+00,-3.805082813403623532e-01,8.504466652080038900e-06,9.697229036385719659e-04,-3.028993643070376426e-02,-2.196556012844448226e-09,3.125756161923881615e-02,6.745907709077749135e-06,-9.810742684563365191e-07,1.458185961358830296e-03,-1.061215361186968256e-02,2.077058736354966419e-10,1.207058158860347362e-02,-7.782444049254480284e-07
1.601677688784482134e+00,3.805040008135437968e-01,-2.080552159557633868e-02,-3.517613449116046009e-01,4.466320912347356971e-10,-1.239839917503003264e+00,-3.805082619456619519e-01,8.501339380909021728e-06,9.739194604639718131e-04,-3.032041005359658800e-02,-2.195879678410007790e-09,3.129223257039766282e-02,6.743426990064670503e-06,-1.194214315899983392e-06,1.460604698785418097e-03,-1.058288370274393375e-02,2.627523352401237152e-10,1.204378299007604833e-02,-9.473110175797668021e-07
1.604553232211384239e+00,3.805040252542820078e-01,-2.080271500586199432e-02,-3.518485762807170292e-01,4.403189063691089399e-10,-1.239749885572738242e+00,-3.805082425587953399e-01,8.497597433597971455e-06,9.781229594001002690e-04,-3.035079952294898742e-02,-2.195044593233116360e-09,3.132682646174297925e-02,6.740458698613892194e-06,-1.408594019526278467e-06,1.463014338532523523e-03,-1.055362308615578025e-02,3.181202422762706278e-10,1.201698489217992855e-02,-1.117360947145766736e-06
1.607428775638286345e+00,3.805040496833721475e-01,-2.079989631885412540e-02,-3.519358949151067395e-01,4.340083521814806486e-10,-1.239659754277029347e+00,-3.805082231811685589e-01,8.493237247484853057e-06,9.823333742466021888e-04,-3.038110486551907560e-02,-2.194049833505644949e-09,3.136134329471126220e-02,6.737000008759738649e-06,-1.624211967621481995e-06,1.465414853088882908e-03,-1.052437178783243929e-02,3.738092303805693153e-10,1.199018729278283728e-02,-1.288393073825935039e-06
1.610304319065188450e+00,3.805040740990310866e-01,-2.079706551470349510e-02,-3.520233005729020981e-01,4.277008891499154449e-10,-1.239569523837458886e+00,-3.805082038141959222e-01,8.488255264006478148e-06,9.865506787241793904e-04,-3.041132610813877465e-02,-2.192894476477418651e-09,3.139578307073290914e-02,6.733048097787805904e-06,-1.841066721075443449e-06,1.467806215059434555e-03,-1.049512983337710752e-02,4.298189280895087716e-10,1.196339018973796055e-02,-1.460406256091447646e-06
1.613179862492090555e+00,3.805040984994659814e-01,-2.079422257363655255e-02,-3.521107930123087981e-01,4.213969804043395852e-10,-1.239479194475605395e+00,-3.805081844592996809e-01,8.482647928777231616e-06,9.907748464749255649e-04,-3.044146327771343405e-02,-2.191577600476621526e-09,3.143014579123208641e-02,6.728600146297428571e-06,-2.059156813404425255e-06,1.470188397165276238e-03,-1.046589724826903905e-02,4.861489568453431863e-10,1.193659358088390923e-02,-1.633399330700270731e-06
1.616055405918992660e+00,3.805041228828732747e-01,-2.079136747595564452e-02,-3.521983719916098043e-01,4.150970917234138041e-10,-1.239388766413042964e+00,-3.805081651179102464e-01,8.476411691667779617e-06,9.950058510626593432e-04,-3.047151640122152186e-02,-2.190098284930190327e-09,3.146443145762673615e-02,6.723653338264094315e-06,-2.278480750774139964e-06,1.472561372243627468e-03,-1.043667405786356805e-02,5.427989310020647065e-10,1.190979746404477631e-02,-1.807371112715426554e-06
1.618930949345894987e+00,3.805041472474395836e-01,-2.078850020203925134e-02,-3.522860372691658526e-01,4.088016915313409141e-10,-1.239298239871342799e+00,-3.805081457914661902e-01,8.469543006883658984e-06,9.992436659732582306e-04,-3.050148550571420494e-02,-2.188455610384187960e-09,3.149864007132853472e-02,6.718204861101794788e-06,-2.499037012023355798e-06,1.474925113247783741e-03,-1.040746028739217462e-02,5.997684578315167142e-10,1.188300183703012471e-02,-1.982320395523733636e-06
1.621806492772797093e+00,3.805041715913411449e-01,-2.078562073234221236e-02,-3.523737886034157274e-01,4.025112508946199490e-10,-1.239207615072071000e+00,-3.805081264814141329e-01,8.462038333043839537e-06,1.003488264614993625e-03,-3.053137061831504712e-02,-2.186648658524159157e-09,3.153277163374280934e-02,6.712251905725334228e-06,-2.720824048687719021e-06,1.477279593247078594e-03,-1.037825596196252989e-02,6.570571375295664554e-10,1.185620669763501507e-02,-2.158245950854695597e-06
1.624682036199699198e+00,3.805041959127440365e-01,-2.078272904739593419e-02,-3.524616257528761509e-01,3.962262435187408537e-10,-1.239116892236789447e+00,-3.805081071892086886e-01,8.453894133259189821e-06,1.007739620318862149e-03,-3.056117176621963444e-02,-2.184676512195467949e-09,3.156682614626855204e-02,6.705791666612577904e-06,-2.943840285023959177e-06,1.479624785426838065e-03,-1.034906110655855679e-02,7.146645632223722772e-10,1.182941204364002137e-02,-2.335146528799691112e-06
1.627557579626601303e+00,3.805042202098041781e-01,-2.077982512780863003e-02,-3.525495484761420606e-01,3.899471457448201337e-10,-1.239026071587057132e+00,-3.805080879163127427e-01,8.445106875210883565e-06,1.011997706338920453e-03,-3.059088897669517970e-02,-2.182538255423619845e-09,3.160080361029833640e-02,6.698821341866643819e-06,-3.168084118034484391e-06,1.481960663088337325e-03,-1.031987574604046644e-02,7.725903209727561238e-10,1.180261787281123957e-02,-2.513020857831493782e-06
1.630433123053503408e+00,3.805042444806673863e-01,-2.077690895426553136e-02,-3.526375565318871086e-01,3.836744365461772061e-10,-1.238935153344427498e+00,-3.805080686641970078e-01,8.435673031228758693e-06,1.016262495852619796e-03,-3.062052227708027610e-02,-2.180232973434563736e-09,3.163470402721831748e-02,6.691338133278046128e-06,-3.393553917492347236e-06,1.484287199648760347e-03,-1.029069990514483099e-02,8.308339897866748808e-10,1.177582418290030498e-02,-2.691867644824084237e-06
1.633308666480405513e+00,3.805042687234693188e-01,-2.077398050752910647e-02,-3.527256496788636619e-01,3.774085975248522281e-10,-1.238844137730451544e+00,-3.805080494343403008e-01,8.425589078369534045e-06,1.020533961961137166e-03,-3.065007169478439417e-02,-2.177759752674968985e-09,3.166852739840812087e-02,6.683339246386757243e-06,-3.620248025966582454e-06,1.486604368641149167e-03,-1.026153360848462530e-02,8.893951416197802275e-10,1.174903097164441655e-02,-2.871685575072724393e-06
1.636184209907307618e+00,3.805042929363354753e-01,-2.077103976843927557e-02,-3.528138276759027470e-01,3.711501129080711919e-10,-1.238753024966675387e+00,-3.805080302282294880e-01,8.414851498495053199e-06,1.024812077689708995e-03,-3.067953725728767012e-02,-2.175117680832500455e-09,3.170227372524090509e-02,6.674821890544256385e-06,-3.848164758847750507e-06,1.488912143714363982e-03,-1.023237688054928762e-02,9.482733413840349445e-10,1.172223823676635072e-02,-3.052473312314243042e-06
1.639059753334209724e+00,3.805043171173812522e-01,-2.076808671791365024e-02,-3.529020902819148264e-01,3.648994695446432952e-10,-1.238661815274641365e+00,-3.805080110473594845e-01,8.403456778350341941e-06,1.029096815987964007e-03,-3.070891899214040974e-02,-2.172305846856049693e-09,3.173594300908316734e-02,6.665783278975462090e-06,-4.077302404374097766e-06,1.491210498633031758e-03,-1.020322974570477166e-02,1.007468146954493727e-09,1.169544597597445973e-02,-3.234229498747771223e-06
1.641935296761111829e+00,3.805043412647119982e-01,-2.076512133694772416e-02,-3.529904372558894110e-01,3.586571569013070769e-10,-1.238570508875888043e+00,-3.805079918932331995e-01,8.391401409641708093e-06,1.033388149730257808e-03,-3.073821692696288715e-02,-2.169323340975971897e-09,3.176953525129491002e-02,6.656220628840661331e-06,-4.307659223657889916e-06,1.493499407277506770e-03,-1.017409222819360727e-02,1.066979109176120599e-09,1.166865418696271493e-02,-3.416952755055634708e-06
1.644810840188013934e+00,3.805043653764230149e-01,-2.076214360661509870e-02,-3.530788683568957809e-01,3.524236670590179796e-10,-1.238479105991950213e+00,-3.805079727673614798e-01,8.378681889114660076e-06,1.037686051716002695e-03,-3.076743108944484870e-02,-2.166169254724286088e-09,3.180305045322938395e-02,6.646131161297331910e-06,-4.539233450712093496e-06,1.495778843643816823e-03,-1.014496435213495772e-02,1.126805771870705491e-09,1.164186286741070685e-02,-3.600641680424523900e-06
1.647686383614916039e+00,3.805043894505992785e-01,-2.075915350806771184e-02,-3.531673833440828747e-01,3.461994947091729416e-10,-1.238387606844358890e+00,-3.805079536712632771e-01,8.365294718631808527e-06,1.041990494670002676e-03,-3.079656150734524228e-02,-2.162842680954857899e-09,3.183648861623321336e-02,6.635512101561936052e-06,-4.772023292477588948e-06,1.498048781843618147e-03,-1.011584614152467518e-02,1.186947671843908507e-09,1.161507201498367114e-02,-3.785294852567069878e-06
1.650561927041818144e+00,3.805044134853161064e-01,-2.075615102253601518e-02,-3.532559819766794007e-01,3.399851371497838080e-10,-1.238296011654639983e+00,-3.805079346064653700e-01,8.351236405250678135e-06,1.046301451242783722e-03,-3.082560820849183231e-02,-2.159342713863568307e-09,3.186984974164625006e-02,6.624360678971629301e-06,-5.006026928850485739e-06,1.500309196104147045e-03,-1.008673762023536841e-02,1.247404338892341417e-09,1.158828162733250428e-02,-3.970910827743520395e-06
1.653437470468720472e+00,3.805044374786386019e-01,-2.075313613132923410e-02,-3.533446640139943362e-01,3.337810942815880823e-10,-1.238204320644317180e+00,-3.805079155745025310e-01,8.336503461301436466e-06,1.050618894010928346e-03,-3.085457122078086659e-02,-2.155668449008461685e-09,3.190313383080157356e-02,6.612674127045927901e-06,-5.241242512709988893e-06,1.502560060768170233e-03,-1.005763881201644436e-02,1.308175295810782330e-09,1.156149170209376346e-02,-4.157488140783836001e-06
1.656313013895622577e+00,3.805044614286216542e-01,-2.075010881583555164e-02,-3.534334292154168722e-01,3.275878686041012072e-10,-1.238112534034909729e+00,-3.805078965769176924e-01,8.321092404464524534e-06,1.054942795477406721e-03,-3.088345057217670164e-02,-2.151818983329859526e-09,3.193634088502547708e-02,6.600449683548285553e-06,-5.477668169946611969e-06,1.504801350293936491e-03,-1.002854974049418278e-02,1.369260058399485279e-09,1.153470223688972049e-02,-4.345025305110072467e-06
1.659188557322524238e+00,3.805044853333104382e-01,-2.074706905752232017e-02,-3.535222773404167462e-01,3.214059652116165776e-10,-1.238020652047932435e+00,-3.805078776152613917e-01,8.304999757848250099e-06,1.059273128071906277e-03,-3.091224629071143495e-02,-2.147793415170471271e-09,3.196947090563734967e-02,6.587684590547634593e-06,-5.715301999490522170e-06,1.507033039255122010e-03,-9.999470429171809088e-03,1.430658135471526207e-09,1.150791322932834780e-02,-4.533520812758869934e-06
1.662064100749426343e+00,3.805045091907399701e-01,-2.074401683793627299e-02,-3.536112081485444647e-01,3.152358917891388620e-10,-1.237928674904897663e+00,-3.805078586910923266e-01,8.288222050066245444e-06,1.063609864151170191e-03,-3.094095840448462392e-02,-2.143590844295471225e-09,3.200252389394973168e-02,6.574376094479834845e-06,-5.954142073340645239e-06,1.509255102340787032e-03,-9.970400901429522095e-03,1.492369028860337133e-09,1.148112467700334628e-02,-4.722973134404530745e-06
1.664939644176328448e+00,3.805045329989353298e-01,-2.074095213870375334e-02,-3.537002213994314692e-01,3.090781586082708988e-10,-1.237836602827312893e+00,-3.805078398059769662e-01,8.270755815314892960e-06,1.067952975999320476e-03,-3.096958694166280709e-02,-2.139210371912559752e-09,3.203549985126818295e-02,6.560521446209075885e-06,-6.194186436593576393e-06,1.511467514355314696e-03,-9.941341180524589441e-03,1.554392233427201652e-09,1.145433657749417473e-02,-4.913380719381960490e-06
1.667815187603230775e+00,3.805045567559117159e-01,-2.073787494153089134e-02,-3.537893168527901366e-01,3.029332785230322983e-10,-1.237744436036682050e+00,-3.805078209614897733e-01,8.252597593450616907e-06,1.072302435828196036e-03,-3.099813193047928558e-02,-2.134651100692002969e-09,3.206839877889130358e-02,6.546117901089214935e-06,-6.435433107473393337e-06,1.513670250218369191e-03,-9.912291289591396160e-03,1.616727237068972528e-09,1.142754892836605335e-02,-5.104741995710301917e-06
1.670690731030132881e+00,3.805045804596742798e-01,-2.073478522820382947e-02,-3.538784942684141677e-01,2.968017669656271213e-10,-1.237652174754505952e+00,-3.805078021592130932e-01,8.233743930067134506e-06,1.076658215777681615e-03,-3.102659339923368939e-02,-2.129912134786643069e-09,3.210122067811065766e-02,6.531162719025016492e-06,-6.677880077361405758e-06,1.515863284964832870e-03,-9.883251251641514065e-03,1.679373520725782050e-09,1.140076172716998799e-02,-5.297055370116557834e-06
1.673566274457034986e+00,3.805046041082182917e-01,-2.073168298058893425e-02,-3.539677534061788089e-01,2.906841419421501914e-10,-1.237559819202280753e+00,-3.805077834007371540e-01,8.214191376572583378e-06,1.081020287916038478e-03,-3.105497137629162352e-02,-2.124992579851895002e-09,3.213396555021077322e-02,6.515653164533357242e-06,-6.921525310826520609e-06,1.518046593744760498e-03,-9.854221089563762470e-03,1.742330558388907903e-09,1.137397497144279797e-02,-5.490319228059642611e-06
1.676441817883937091e+00,3.805046276995290855e-01,-2.072856818063298703e-02,-3.540570940260408528e-01,2.845809240282400541e-10,-1.237467369601499945e+00,-3.805077646876598441e-01,8.193936490266589680e-06,1.085388624240237474e-03,-3.108326589008435226e-02,-2.119891543065716268e-09,3.216663339646904513e-02,6.499586506804350494e-06,-7.166366745655740375e-06,1.520220151823320921e-03,-9.825200826124277573e-03,1.805597817108669845e-09,1.134718865870711947e-02,-5.684531933754611553e-06
1.679317361310839196e+00,3.805046512315822804e-01,-2.072544081036339220e-02,-3.541465158880390818e-01,2.784926363646702592e-10,-1.237374826173652353e+00,-3.805077460215872120e-01,8.172975834417227825e-06,1.089763196676287339e-03,-3.111147696910842100e-02,-2.114608133148553963e-09,3.219922421815572811e-02,6.482960019762390997e-06,-7.412402292885181422e-06,1.522383934580743073e-03,-9.796190483966578377e-03,1.869174757002473004e-09,1.132040278647144203e-02,-5.879691830197240109e-06
1.682192904737741301e+00,3.805046747023432263e-01,-2.072230085188839221e-02,-3.542360187522942128e-01,2.724198046528853772e-10,-1.237282189140224142e+00,-3.805077274041329116e-01,8.151305978337909051e-06,1.094143977079568624e-03,-3.113960464192533709e-02,-2.109141460383270319e-09,3.223173801653390902e-02,6.465770982127141316e-06,-7.659629836831395580e-06,1.524537917512264586e-03,-9.767190085611634348e-03,1.933060831262911771e-09,1.129361735223010678e-02,-6.075797239188867344e-06
1.685068448164643407e+00,3.805046981097678360e-01,-2.071914828739725850e-02,-3.543256023790093412e-01,2.663629571504805089e-10,-1.237189458722697033e+00,-3.805077088369185345e-01,8.128923497464154792e-06,1.098530937235161998e-03,-3.116764893716114648e-02,-2.103490636635040951e-09,3.226417479285944440e-02,6.448016677474441120e-06,-7.908047235122925509e-06,1.526682076228069338e-03,-9.738199653457929594e-03,1.997255486165954744e-09,1.126683235346334980e-02,-6.272846461361449477e-06
1.687943991591545512e+00,3.805047214518019194e-01,-2.071598309916048569e-02,-3.544152665284696635e-01,2.603226246666220655e-10,-1.237096635142549417e+00,-3.805076903215733886e-01,8.105824973430307375e-06,1.102924048858178055e-03,-3.119560988350615974e-02,-2.097654775371233242e-09,3.229653454838091187e-02,6.429694394297135163e-06,-8.157652318732330166e-06,1.528816386453234113e-03,-9.709219209781540932e-03,2.061758161079231846e-09,1.124004778763731775e-02,-6.470837776202942925e-06
1.690819535018447617e+00,3.805047447263816274e-01,-2.071280526953003104e-02,-3.545050109610431988e-01,2.542993405574125584e-10,-1.237003718621256576e+00,-3.805076718597346086e-01,8.082006994146130588e-06,1.107323283594091037e-03,-3.122348750971456338e-02,-2.091632991681263646e-09,3.232881728433959628e-02,6.410801426065863142e-06,-8.408442892008525374e-06,1.530940824027674386e-03,-9.680248776736193397e-03,2.126568288470418207e-09,1.121326365220406442e-02,-6.669769442082953300e-06
1.693695078445349722e+00,3.805047679314332298e-01,-2.070961478093944971e-02,-3.545948354371807332e-01,2.482936407211967110e-10,-1.236910709380289797e+00,-3.805076534530471566e-01,8.057466153873312013e-06,1.111728613019065609e-03,-3.125128184460406605e-02,-2.085424402296417346e-09,3.236102300196942033e-02,6.391335071289708101e-06,-8.660416732709448796e-06,1.533055364906082095e-03,-9.651288376353348714e-03,2.191685293915694158e-09,1.118647994460160271e-02,-6.869639696278667327e-06
1.696570621872251827e+00,3.805047910648731713e-01,-2.070641161590415849e-02,-3.546847397174159866e-01,2.423060635938127702e-10,-1.236817607641116368e+00,-3.805076351031637105e-01,8.032199053301889105e-06,1.116140008640288629e-03,-3.127899291705554807e-02,-2.079028125609663780e-09,3.239315170249695841e-02,6.371292633576854160e-06,-8.913571592035070506e-06,1.535159985157869477e-03,-9.622338030542255602e-03,2.257108596108294140e-09,1.115969666225391857e-02,-7.070446755001018538e-06
1.699446165299154154e+00,3.805048141246082372e-01,-2.070319575702159187e-02,-3.547747235623657791e-01,2.363371501437850877e-10,-1.236724413625200913e+00,-3.805076168117446089e-01,8.006202299626553315e-06,1.120557441896297655e-03,-3.130662075601271799e-02,-2.072443281695425430e-09,3.242520338714129091e-02,6.350671421695084146e-06,-9.167905194660723735e-06,1.537254660967108787e-03,-9.593397761090043455e-03,2.322837606867146196e-09,1.113291380257096924e-02,-7.272188813421133334e-06
1.702321708726056260e+00,3.805048371085353875e-01,-2.069996718697141719e-02,-3.548647867327301975e-01,2.303874438674621073e-10,-1.236631127554004284e+00,-3.805075985804581284e-01,7.979472506622910154e-06,1.124980884157311851e-03,-3.133416539048176214e-02,-2.065668992329342891e-09,3.245717805711408055e-02,6.329468749632283155e-06,-9.423415238770798145e-06,1.539339368632475268e-03,-9.564467589661777847e-03,2.388871731145597064e-09,1.110613136294872835e-02,-7.474864045697058261e-06
1.705197252152958365e+00,3.805048600145418125e-01,-2.069672588851571848e-02,-3.549549289892930393e-01,2.244574907840936580e-10,-1.236537749648983775e+00,-3.805075804109799842e-01,7.952006294723566477e-06,1.129410306725560928e-03,-3.136162684953101160e-02,-2.058704381007998163e-09,3.248907571361948909e-02,6.307681936656793888e-06,-9.680099396092821051e-06,1.541414084567185351e-03,-9.535547537800540333e-03,2.455210367040243996e-09,1.107934934076921021e-02,-7.678470605000796461e-06
1.708072795579860470e+00,3.805048828405050987e-01,-2.069347184449921162e-02,-3.550451500929215354e-01,2.185478394308554112e-10,-1.236444280131592910e+00,-3.805075623049939404e-01,7.923800291094177092e-06,1.133845680835614961e-03,-3.138900516229053278e-02,-2.051548572968619751e-09,3.252089635785409411e-02,6.285308307377733017e-06,-9.937955311931792745e-06,1.543478785298936160e-03,-9.506637626927504775e-03,2.521852905799819906e-09,1.105256773340046982e-02,-7.883006623545525373e-06
1.710948339006762575e+00,3.805049055842931738e-01,-2.069020503784941775e-02,-3.551354498045669605e-01,2.126590408578171147e-10,-1.236350719223282324e+00,-3.805075442641910333e-01,7.894851129709381268e-06,1.138286977654710298e-03,-3.141630035795182213e-02,-2.044200695208763354e-09,3.255263999100690281e-02,6.262345191805229630e-06,-1.019698060520480135e-05,1.545533447469842839e-03,-9.477737878342004998e-03,2.588798731834176148e-09,1.102578653819664273e-02,-8.088470212613072793e-06
1.713823882433664680e+00,3.805049282437641400e-01,-2.068692545157686455e-02,-3.552258278852644113e-01,2.067916486228472900e-10,-1.236257067145499100e+00,-3.805075262902704036e-01,7.865155451428608799e-06,1.142734168283084367e-03,-3.144351246576746611e-02,-2.036659876505960719e-09,3.258430661425928271e-02,6.238789925410545933e-06,-1.045717286847627801e-05,1.547578047836378930e-03,-9.448848313221623260e-03,2.656047222723400936e-09,1.099900575249796071e-02,-8.294859462581882515e-06
1.716699425860566786e+00,3.805049508167664962e-01,-2.068363306877527355e-02,-3.553162840961334723e-01,2.009462187864722007e-10,-1.236163324119686768e+00,-3.805075083849384643e-01,7.834709904071840317e-06,1.147187223754299627e-03,-3.147064151505076651e-02,-2.028925247437349462e-09,3.261589622878496159e-02,6.214639849186190332e-06,-1.071852966799318096e-05,1.549612563269314345e-03,-9.419968952622240557e-03,2.723597749226943976e-09,1.097222537363077254e-02,-8.502172442954913898e-06
1.719574969287468891e+00,3.805049733011423574e-01,-2.068032787254168656e-02,-3.554068181982990016e-01,1.951233091496716219e-10,-1.236069490367285084e+00,-3.805074905499070681e-01,7.803520542450062585e-06,1.151646358095447702e-03,-3.149768729609605383e-02,-2.020998238058638915e-09,3.264740883741181626e-02,6.189899766037568470e-06,-1.096202475981129150e-05,1.552128879341174803e-03,-9.390615964774803176e-03,2.786799634314075015e-09,1.094544876225497787e-02,-8.695316955116905988e-06
1.722450512714370996e+00,3.805049956948969303e-01,-2.067700984158758401e-02,-3.554974299485747502e-01,1.893234377586071964e-10,-1.235975566109699608e+00,-3.805074727867584494e-01,7.771699725300729113e-06,1.156114533843611214e-03,-3.152464689569454276e-02,-2.012906262715912005e-09,3.267884446175292612e-02,6.164658802395959827e-06,-1.117015256908555923e-05,1.555579560271254814e-03,-9.360344195297087139e-03,2.841373902309727412e-09,1.091867901016313480e-02,-8.860407041694629202e-06
1.725326056141273101e+00,3.805050179962876644e-01,-2.067367894793632754e-02,-3.555881190971981187e-01,1.835470611312787382e-10,-1.235881551568287051e+00,-3.805074550968748359e-01,7.739279220308283746e-06,1.160592629396550940e-03,-3.155151945064030294e-02,-2.004657036742230666e-09,3.271020310916409463e-02,6.138942157404294048e-06,-1.137911974606975854e-05,1.559028302762828760e-03,-9.330074612119643868e-03,2.896170618617836834e-09,1.089190971296890610e-02,-9.026162925141380125e-06
1.728201599568175206e+00,3.805050402035868307e-01,-2.067033516307115529e-02,-3.556788853938774309e-01,1.777946323676772837e-10,-1.235787446964395464e+00,-3.805074374816267424e-01,7.706256616663969202e-06,1.165080639126524036e-03,-3.157830496727045966e-02,-1.996249921220964558e-09,3.274148478094932035e-02,6.112747918779191020e-06,-1.158892431954153351e-05,1.562475069470600731e-03,-9.299807250244726195e-03,2.951189265509762413e-09,1.086514086784303411e-02,-9.192583041854959989e-06
1.731077142995077311e+00,3.805050623150593170e-01,-2.066697845849163606e-02,-3.557697285883394400e-01,1.720666064028796604e-10,-1.235693252519370233e+00,-3.805074199423902348e-01,7.672629509255107929e-06,1.169578557298308306e-03,-3.160500345202285621e-02,-1.987684278731570173e-09,3.277268947840446950e-02,6.086074178755495987e-06,-1.179956429898656336e-05,1.565919822986291347e-03,-9.269542144727357241e-03,3.006429320156152466e-09,1.083837247194127315e-02,-9.359665812930549134e-06
1.733952686421979639e+00,3.805050843289637941e-01,-2.066360880571399897e-02,-3.558606484303297179e-01,1.663634400027223578e-10,-1.235598968454552304e+00,-3.805074024805469302e-01,7.638395498720520081e-06,1.174086378069023320e-03,-3.163161491143618581e-02,-1.978959473364244338e-09,3.280381720281717872e-02,6.058919034130211765e-06,-1.201103767462652480e-05,1.569362525838815994e-03,-9.239279330675150004e-03,3.061890254634317575e-09,1.081160452240444332e-02,-9.527409644182865392e-06
1.736828229848881744e+00,3.805051062435512721e-01,-2.066022617627140748e-02,-3.559516446696124881e-01,1.606855917594414067e-10,-1.235504594991279070e+00,-3.805073850974838856e-01,7.603552191505922015e-06,1.178604095487947824e-03,-3.165813935215022051e-02,-1.970074870734569453e-09,3.283486795546688986e-02,6.031280586306465680e-06,-1.222334241744708808e-05,1.572803140494468061e-03,-9.209018843248178987e-03,3.117571535935625989e-09,1.078483701635842354e-02,-9.695812926168371592e-06
1.739703773275783849e+00,3.805051280570665440e-01,-2.065683054171432026e-02,-3.560427170559715138e-01,1.550335220872601979e-10,-1.235410132350884593e+00,-3.805073677945935984e-01,7.568097199919155384e-06,1.183131703496341719e-03,-3.168457678090588758e-02,-1.961029837998114464e-09,3.286584173762471112e-02,6.003156941337301169e-06,-1.243647647922636381e-05,1.576241629357099999e-03,-9.178760717658787649e-03,3.173472625973018564e-09,1.075806995091420706e-02,-9.864874034207855771e-06
1.742579316702685954e+00,3.805051497677470196e-01,-2.065342187361074791e-02,-3.561338653392098763e-01,1.494076932179427662e-10,-1.235315580754698717e+00,-3.805073505732737837e-01,7.532028142185392501e-06,1.187669195927265218e-03,-3.171092720454542907e-02,-1.951823743865035430e-09,3.289673855055343793e-02,5.974546209969477859e-06,-1.265043779256345809e-05,1.579677954768308069e-03,-9.148504989171437479e-03,3.229592981588544790e-09,1.073130332316790843e-02,-1.003459132840906389e-05
1.745454860129588059e+00,3.805051713738236141e-01,-2.065000014354660338e-02,-3.562250892691505855e-01,1.438085691963020181e-10,-1.235220940424048175e+00,-3.805073334349280412e-01,7.495342642502258711e-06,1.192216566505401249e-03,-3.173719063001258223e-02,-1.942455958614647138e-09,3.292755839550751129e-02,5.945446507687188625e-06,-1.286522427090734617e-05,1.583112079007620776e-03,-9.118251693102539732e-03,3.285932054560984848e-09,1.070453713020080161e-02,-1.020496315368961545e-05
1.748330403556490165e+00,3.805051928735203592e-01,-2.064656532312600032e-02,-3.563163885956365795e-01,1.382366158756661885e-10,-1.235126211580256150e+00,-3.805073163809650771e-01,7.458038331094837858e-06,1.196773808846876347e-03,-3.176336706435271134e-02,-1.932925854109965351e-09,3.295830127373292756e-02,5.915855954755695343e-06,-1.308083380858597486e-05,1.586543964292683401e-03,-9.088000864820271543e-03,3.342489291613536600e-09,1.067777136907933390e-02,-1.037598783980007502e-05
1.751205946983392270e+00,3.805052142650544034e-01,-2.064311738397155843e-02,-3.564077630685314468e-01,1.326923009133048412e-10,-1.235031394444641828e+00,-3.805072994127989272e-01,7.420112844270624395e-06,1.201340916459084796e-03,-3.178945651471296041e-02,-1.923232803812239541e-09,3.298896718646724541e-02,5.885772676264916358e-06,-1.329726428083555963e-05,1.589973572779449906e-03,-9.057752539744437156e-03,3.399264134421553859e-09,1.065100603685516581e-02,-1.054766370134720661e-05
1.754081490410294375e+00,3.805052355466361780e-01,-2.063965629772473304e-02,-3.564992124377194815e-01,1.271760937658108232e-10,-1.234936489238521062e+00,-3.805072825318492891e-01,7.381563824474375547e-06,1.205917882740509305e-03,-3.181545898834240577e-02,-1.913376182795452544e-09,3.301955613493954417e-02,5.855194802172934334e-06,-1.351451354383021559e-05,1.593400866562372231e-03,-9.027506753346263221e-03,3.456256019620360358e-09,1.062424113056518842e-02,-1.071998903781746366e-05
1.756957033837196480e+00,3.805052567164692312e-01,-2.063618203604611345e-02,-3.565907364531056833e-01,1.216884656844433418e-10,-1.234841496183205711e+00,-3.805072657395409674e-01,7.342388920342887233e-06,1.210504700980544928e-03,-3.184137449259217406e-02,-1.903355367760802833e-09,3.305006812037030589e-02,5.824120467349440566e-06,-1.373257943471170860e-05,1.596825807674592205e-03,-8.997263541148251345e-03,3.513464378813119954e-09,1.059747664723155805e-02,-1.089296213360059920e-05
1.759832577264098585e+00,3.805052777727503943e-01,-2.063269457061574219e-02,-3.566823348646166458e-01,1.162298897104267860e-10,-1.234746415500005412e+00,-3.805072490373042071e-01,7.302585786759666660e-06,1.215101364359324728e-03,-3.186720303491561573e-02,-1.893169737051164466e-09,3.308050314397147085e-02,5.792547811619118323e-06,-1.395145977161960294e-05,1.600248358088138213e-03,-8.967022938723983802e-03,3.570888638578782941e-09,1.057071258386171192e-02,-1.106658125801356740e-05
1.762708120691000691e+00,3.805052987136698928e-01,-2.062919387313343761e-02,-3.567740074222002233e-01,1.108008406702117578e-10,-1.234651247410225139e+00,-3.805072324265748041e-01,7.262152084909562552e-06,1.219707865947541534e-03,-3.189294462286847848e-02,-1.882818670665528415e-09,3.311086120694634732e-02,5.760474979804956719e-06,-1.417115235372143936e-05,1.603668479714117322e-03,-8.936784981697969144e-03,3.628528220480062966e-09,1.054394893744840800e-02,-1.124084466532447603e-05
1.765583664117903018e+00,3.805053195374111241e-01,-2.062567991531908881e-02,-3.568657538758265857e-01,1.054017951706882426e-10,-1.234555992135166758e+00,-3.805072159087934947e-01,7.221085482333231920e-06,1.224324198706275768e-03,-3.191859926410899051e-02,-1.872301550273402543e-09,3.314114231048958387e-02,5.727900121771466333e-06,-1.439165496124342646e-05,1.607086134402915204e-03,-8.906549705745446174e-03,3.686382541071535541e-09,1.051718570496975626e-02,-1.141575059477692166e-05
1.768459207544805123e+00,3.805053402421508246e-01,-2.062215266891299220e-02,-3.569575739754876631e-01,1.000332315943640634e-10,-1.234460649896128803e+00,-3.805071994854066220e-01,7.179383652981587330e-06,1.228950355486819156e-03,-3.194416696639802711e-02,-1.861617759229209508e-09,3.317134645578707214e-02,5.694821392467863495e-06,-1.461296535550109146e-05,1.610501283944391947e-03,-8.876317146592220889e-03,3.744451011907732417e-09,1.049042288338922213e-02,-1.159129727061428940e-05
1.771334750971707228e+00,3.805053608260590137e-01,-2.061861210567615676e-02,-3.570494674711980898e-01,9.469563009449839683e-11,-1.234365220914406258e+00,-3.805071831578658026e-01,7.137044277270134073e-06,1.233586329030502554e-03,-3.196964773759933265e-02,-1.850766682586653649e-09,3.320147364401600937e-02,5.661236951971174096e-06,-1.483508127893039339e-05,1.613913890068085014e-03,-8.846087340014473915e-03,3.802733039551363350e-09,1.046366046965568376e-02,-1.176748290210446924e-05
1.774210294398609333e+00,3.805053812872990493e-01,-2.061505819739062328e-02,-3.571414341129950931e-01,8.938947259019624273e-11,-1.234269705411291440e+00,-3.805071669276277602e-01,7.094065042133214152e-06,1.238232111968520528e-03,-3.199504158567951367e-02,-1.839747707113063473e-09,3.323152387634476651e-02,5.627144965529257776e-06,-1.505800045511886343e-05,1.617323914443408303e-03,-8.815860321838590516e-03,3.861228025581525449e-09,1.043689846070344589e-02,-1.194430568356451157e-05
1.777085837825511438e+00,3.805054016240276837e-01,-2.061149091585977658e-02,-3.572334736509389930e-01,8.411524276145604246e-11,-1.234174103608071560e+00,-3.805071507961546029e-01,7.050443641078136772e-06,1.242887696821762212e-03,-3.202034851870834420e-02,-1.828560221303701257e-09,3.326149715393288825e-02,5.592543603603744031e-06,-1.528172058883726526e-05,1.620731318679858798e-03,-8.785636127940969764e-03,3.919935366602075492e-09,1.041013685345226411e-02,-1.212176379438578569e-05
1.779961381252413544e+00,3.805054218343951189e-01,-2.060791023290866816e-02,-3.573255858351137570e-01,7.887342604418525637e-11,-1.234078415726032496e+00,-3.805071347649137681e-01,7.006177774239269859e-06,1.247553076000635025e-03,-3.204556854485877265e-02,-1.817203615396069344e-09,3.329139347793103054e-02,5.557431041912940355e-06,-1.550623936607116744e-05,1.624136064327216279e-03,-8.755414794247852808e-03,3.978854454249956730e-09,1.038337564480739002e-02,-1.229985539905897749e-05
1.782836924679315649e+00,3.805054419165446178e-01,-2.060431612038433891e-02,-3.574177704156265012e-01,7.366450962516753850e-11,-1.233982641986455908e+00,-3.805071188353777445e-01,6.961265148432005384e-06,1.252228241804897264e-03,-3.207070167240717168e-02,-1.805677281384175494e-09,3.332121284948093981e-02,5.521805461474641288e-06,-1.573155445405298829e-05,1.627538112875754304e-03,-8.725196356735116440e-03,4.037984675203665091e-09,1.035661483165958158e-02,-1.247857864719955460e-05
1.785712468106217754e+00,3.805054618686133927e-01,-2.060070855015612434e-02,-3.575100271426086551e-01,6.848898243699129225e-11,-1.233886782610619903e+00,-3.805071030090244055e-01,6.915703477206624721e-06,1.256913186423484633e-03,-3.209574790973341446e-02,-1.793980613032777966e-09,3.335095526971540436e-02,5.485665048648846828e-06,-1.595766350129418997e-05,1.630937425756445996e-03,-8.694980851428110030e-03,4.097325411191752588e-09,1.032985441088514825e-02,-1.265793167357326553e-05
1.788588011533119859e+00,3.805054816887317171e-01,-2.059708749411598427e-02,-3.576023557662157959e-01,6.334733515293695746e-11,-1.233790837819800146e+00,-3.805070872873367871e-01,6.869490480902091174e-06,1.261607901934341542e-03,-3.212070726532104820e-02,-1.782113005891605996e-09,3.338062073975818500e-02,5.449007995180438492e-06,-1.618456413761773673e-05,1.634333964341172637e-03,-8.664768314401457769e-03,4.156876039001388646e-09,1.030309437934596485e-02,-1.283791259812190297e-05
1.791463554960021964e+00,3.805055013750233139e-01,-2.059345292417880807e-02,-3.576947560366279810e-01,5.824006018182622140e-11,-1.233694807835268525e+00,-3.805070716718031432e-01,6.822623886699756944e-06,1.266312380304250021e-03,-3.214557974775739124e-02,-1.770073857309562073e-09,3.341020926072402891e-02,5.411832498241781687e-06,-1.641225397419068880e-05,1.637727689942935962e-03,-8.634558781778867848e-03,4.216635930486971044e-09,1.027633473388952536e-02,-1.301851952598915528e-05
1.794339098386924070e+00,3.805055209256055782e-01,-2.058980481228276510e-02,-3.577872277040501925e-01,5.316765166282568307e-11,-1.233598692878293823e+00,-3.805070561639167237e-01,6.775101428676947286e-06,1.271026613388661882e-03,-3.217036536573374822e-02,-1.757862566448890096e-09,3.343972083371857251e-02,5.374136760475219655e-06,-1.664073060355717227e-05,1.641118563816068706e-03,-8.604352289732938169e-03,4.276604452578834479e-09,1.024957547134893940e-02,-1.319975054754676452e-05
1.797214641813826397e+00,3.805055403385892987e-01,-2.058614313038958921e-02,-3.578797705187125588e-01,4.813060546021241549e-11,-1.233502493170141712e+00,-3.805070407651762188e-01,6.726920847860467573e-06,1.275750592931531105e-03,-3.219506412804552103e-02,-1.745478534299320370e-09,3.346915545983835533e-02,5.335918990035525072e-06,-1.686999159967156241e-05,1.644506547156452314e-03,-8.574148874484977673e-03,4.336780967292006271e-09,1.022281658854299127e-02,-1.338160373842082516e-05
1.800090185240728502e+00,3.805055596120786587e-01,-2.058246785048491873e-02,-3.579723842308704662e-01,4.312941915809935808e-11,-1.233406208932074311e+00,-3.805070254770852589e-01,6.678079892280002801e-06,1.280484310565142966e-03,-3.221967604359229215e-02,-1.732921163692194124e-09,3.349851314017071591e-02,5.297177400632253392e-06,-1.710003451793171795e-05,1.647891601101725972e-03,-8.543948572304805103e-03,4.397164831734990192e-09,1.019605808227615727e-02,-1.356407715951818947e-05
1.802965728667630607e+00,3.805055787441715687e-01,-2.057877894457861914e-02,-3.580650685908053354e-01,3.816459205511976354e-11,-1.233309840385351741e+00,-3.805070103011526372e-01,6.628576317021447623e-06,1.285227757809950105e-03,-3.224420112137801886e-02,-1.720189859314560951e-09,3.352779387579380571e-02,5.257910211572050445e-06,-1.733085689521268613e-05,1.651273686731508225e-03,-8.513751419510549520e-03,4.457755398118652869e-09,1.016929994933864385e-02,-1.374716885705315245e-05
1.805841272094532712e+00,3.805055977329594996e-01,-2.057507638470509187e-02,-3.581578233488245666e-01,3.323662515906897392e-11,-1.233213387751229906e+00,-3.805069952388924204e-01,6.578407884280100875e-06,1.289980926074404694e-03,-3.226863937051117903e-02,-1.707284027723242734e-09,3.355699766777650583e-02,5.218115647800834680e-06,-1.756245624990055018e-05,1.654652765067614459e-03,-8.483557452468462948e-03,4.518552013765170570e-09,1.014254218650640325e-02,-1.393087686257432987e-05
1.808716815521434818e+00,3.805056165765272613e-01,-2.057136014292361426e-02,-3.582506482552615390e-01,2.834602118150979095e-11,-1.233116851250962043e+00,-3.805069802918236155e-01,6.527572363413799941e-06,1.294743806654792551e-03,-3.229299080020489598e-02,-1.694203077358885583e-09,3.358612451717842007e-02,5.177791939945956533e-06,-1.779483008192641225e-05,1.658028797074275699e-03,-8.453366707592724349e-03,4.579554021117002458e-09,1.011578479054117859e-02,-1.411519919299161089e-05
1.811592358948336923e+00,3.805056352729535574e-01,-2.056763019131864836e-02,-3.583435430604768324e-01,2.349328453233460365e-11,-1.233020231105798503e+00,-3.805069654614702257e-01,6.476067530995934014e-06,1.299516390735067257e-03,-3.231725541977704952e-02,-1.680946418559978898e-09,3.361517442504983327e-02,5.136937324358245994e-06,-1.802797587280072539e-05,1.661401743658360219e-03,-8.423179221345226259e-03,4.640760757745950701e-09,1.008902775819053507e-02,-1.430013385060339183e-05
1.814467902375239028e+00,3.805056538203104299e-01,-2.056388650200016363e-02,-3.584365075148575053e-01,1.867892131428672879e-11,-1.232923527536986308e+00,-3.805069507493614167e-01,6.423891170868355700e-06,1.304298669386686664e-03,-3.234143323865044939e-02,-1.667513463576839677e-09,3.364414739243162117e-02,5.095550043153975463e-06,-1.826189108564784910e-05,1.664771565669596453e-03,-8.392995030235394366e-03,4.702171556362284274e-09,1.006227108618788432e-02,-1.448567882312397938e-05
1.817343445802141133e+00,3.805056722166638705e-01,-2.056012904710397687e-02,-3.585295413688182609e-01,1.390343931744363320e-11,-1.232826740765769813e+00,-3.805069361570315722e-01,6.371041074194199446e-06,1.309090633568449173e-03,-3.236552426635295326e-02,-1.653903626585585876e-09,3.367304342035527115e-02,5.053628344256765860e-06,-1.849657316524078778e-05,1.668138223900797208e-03,-8.362814170819977619e-03,4.763785744823919837e-09,1.003551477125251556e-02,-1.467183208371113275e-05
1.820218989229043238e+00,3.805056904600731538e-01,-2.055635779879206107e-02,-3.586226443728009472e-01,9.167348013660129870e-12,-1.232729871013390710e+00,-3.805069216860198500e-01,6.317515039510627139e-06,1.313892274126328939e-03,-3.238952851251761939e-02,-1.640116323702077503e-09,3.370186250984281984e-02,5.011170481439422426e-06,-1.873201953803613602e-05,1.671501679088086261e-03,-8.332636679702836585e-03,4.825602646145634043e-09,1.000875881008963034e-02,-1.485859159099382261e-05
1.823094532655945343e+00,3.805057085485915591e-01,-2.055257272925286455e-02,-3.587158162772755010e-01,4.471158550968912916e-12,-1.232632918501086472e+00,-3.805069073378705147e-01,6.263310872781412749e-06,1.318703581793313675e-03,-3.241344598688281065e-02,-1.626150972995822972e-09,3.373060466190680451e-02,4.968174714365640934e-06,-1.896822761220930156e-05,1.674861891911122794e-03,-8.302462593534761306e-03,4.887621578508380077e-09,9.982003199390391060e-03,-1.504595528910012220e-05
1.825970076082847449e+00,3.805057264802659267e-01,-2.054877381070166487e-02,-3.588090568327399477e-01,-1.846162520555053824e-13,-1.232535883450093239e+00,-3.805068931141328270e-01,6.208426387449493952e-06,1.323524547189242452e-03,-3.243727669929236113e-02,-1.612006994503874080e-09,3.375926987755020758e-02,4.924639308631695264e-06,-1.920519477768992819e-05,1.678218822993333189e-03,-8.272291949013247520e-03,4.949841855268629006e-09,9.955247935831915834e-03,-1.523392110768535084e-05
1.828845619509749554e+00,3.805057442531367129e-01,-2.054496101538086372e-02,-3.589023657897209563e-01,-4.799461911976996198e-12,-1.232438766081643378e+00,-3.805068790163610437e-01,6.152859404489347565e-06,1.328355160820646110e-03,-3.246102065969570100e-02,-1.597683810244677154e-09,3.378785815776647050e-02,4.880562535807984364e-06,-1.944291840619766432e-05,1.681572432902138717e-03,-8.242124782882293693e-03,5.012262784967817832e-09,9.928493016077340888e-03,-1.542248696196040552e-05
1.831721162936651881e+00,3.805057618652384344e-01,-2.054113431556032002e-02,-3.589957428987735621e-01,-9.372862286211810606e-12,-1.232341566616966810e+00,-3.805068650461143620e-01,6.096607752459350580e-06,1.333195413080584405e-03,-3.248467787814796753e-02,-1.583180844231914253e-09,3.381636950353938964e-02,4.835942673480565670e-06,-1.968139585127785690e-05,1.684922682149189287e-03,-8.211961131932198066e-03,5.074883671341773566e-09,9.901738436775846600e-03,-1.561165075272010595e-05
1.834596706363553986e+00,3.805057793145991130e-01,-2.053729368353769680e-02,-3.590891879104823325e-01,-1.390429957879028999e-11,-1.232244285277290130e+00,-3.805068512049568641e-01,6.039669267553924361e-06,1.338045294248486417e-03,-3.250824836481016472e-02,-1.568497522488294348e-09,3.384480391584312325e-02,4.790778005292509790e-06,-1.992062444833786204e-05,1.688269531190595037e-03,-8.181801032999345274e-03,5.137703813330308520e-09,9.874984194562688722e-03,-1.580141036637198356e-05
1.837472249790456091e+00,3.805057965992405533e-01,-2.053343909163875269e-02,-3.591827005754608670e-01,-1.839325434614854074e-11,-1.232146922283837931e+00,-3.805068374944577392e-01,5.982041793655717800e-06,1.342904794489991824e-03,-3.253173212994929508e-02,-1.553633273059350066e-09,3.387316139564212208e-02,4.745066820985301782e-06,-2.016060151468319637e-05,1.691612940427159647e-03,-8.151644522966006862e-03,5.200722505086745293e-09,9.848230286059229607e-03,-1.599176367496493663e-05
1.840347793217358197e+00,3.805058137171785648e-01,-2.052957051221770274e-02,-3.592762806443525192e-01,-2.283920550296931244e-11,-1.232049477857831032e+00,-3.805068239161908950e-01,5.923723182387538911e-06,1.347773903856791739e-03,-3.255512918393848459e-02,-1.538587526027169926e-09,3.390144194389112242e-02,4.698807416440028133e-06,-2.040132434955427458e-05,1.694952870204619521e-03,-8.121491638760114026e-03,5.263939035987640276e-09,9.821476707872974637e-03,-1.618270853621840715e-05
1.843223336644260302e+00,3.805058306664225731e-01,-2.052568791765753409e-02,-3.593699278678306186e-01,-2.724163032805511839e-11,-1.231951952220488256e+00,-3.805068104717352906e-01,5.864711293164297428e-06,1.352652612286471502e-03,-3.257843953725710062e-02,-1.523359713524131812e-09,3.392964556153507671e-02,4.651998093718582370e-06,-2.064279023416304526e-05,1.698289280813878623e-03,-8.091342417355047723e-03,5.327352690642443474e-09,9.794723456597598243e-03,-1.637424279355142732e-05
1.846098880071162407e+00,3.805058474449759531e-01,-2.052179128037032521e-02,-3.594636419965989149e-01,-3.160000447024647374e-11,-1.231854345593025757e+00,-3.805067971626746037e-01,5.805003993244742427e-06,1.357540909602351952e-03,-3.260166320049089766e-02,-1.507949269746585572e-09,3.395777224950908418e-02,4.604637161104697027e-06,-2.088499643173011806e-05,1.701622132491247864e-03,-8.061196895769433962e-03,5.390962748903308859e-09,9.767970528812987274e-03,-1.656636427611206914e-05
1.848974423498064512e+00,3.805058640508360845e-01,-2.051788057279759284e-02,-3.595574227813916890e-01,-3.591380195437203831e-11,-1.231756658196656806e+00,-3.805067839905973970e-01,5.744599157783215191e-06,1.362438785513332001e-03,-3.262480018433213530e-02,-1.492355630968536242e-09,3.398582200873845327e-02,4.556722933145006959e-06,-2.112794018752182646e-05,1.704951385418682986e-03,-8.031055111066926974e-03,5.454768485874870001e-09,9.741217921085280895e-03,-1.675907079880681956e-05
1.851849966924966617e+00,3.805058804819940743e-01,-2.051395576741059379e-02,-3.596512699729739193e-01,-4.018249518724813495e-11,-1.231658890252592231e+00,-3.805067709570971735e-01,5.683494669881142034e-06,1.367346229613737932e-03,-3.264785049957974472e-02,-1.476578235555260887e-09,3.401379484013855592e-02,4.508253730689881413e-06,-2.137161872888792075e-05,1.708276999724032182e-03,-8.000917100355978487e-03,5.518769171924201793e-09,9.714465629966879262e-03,-1.695236016233052137e-05
1.854725510351868722e+00,3.805058967364349232e-01,-2.051001683671069276e-02,-3.597451833221420592e-01,-4.440555496370731290e-11,-1.231561041982039306e+00,-3.805067580637721547e-01,5.621688420638574567e-06,1.372263231383161197e-03,-3.267081415713941200e-02,-1.460616523976934743e-09,3.404169074461484840e-02,4.459227880934310303e-06,-2.161602926529899668e-05,1.711598935481273330e-03,-7.970782900789627826e-03,5.582964072690701132e-09,9.687713651996493827e-03,-1.714623015319603292e-05
1.857601053778770828e+00,3.805059128121377476e-01,-2.050606375322965719e-02,-3.598391625797240923e-01,-4.858245047267367279e-11,-1.231463113606204196e+00,-3.805067453122255028e-01,5.559178309205486012e-06,1.377189780186308804e-03,-3.269369116802370301e-02,-1.444469938822198017e-09,3.406950972306280884e-02,4.409643717458597371e-06,-2.186116898838454424e-05,1.714917152710761184e-03,-7.940652549565300686e-03,5.647352449096133850e-09,9.660961983699195912e-03,-1.734067854376441974e-05
1.860476597205672933e+00,3.805059287070755580e-01,-2.050209648953000077e-02,-3.599332074965794215e-01,-5.271264930327197023e-11,-1.231365105346289512e+00,-3.805067327040648761e-01,5.495962242833064971e-06,1.382125865272846319e-03,-3.271648154335222991e-02,-1.428137924811718134e-09,3.409725177636788868e-02,4.359499580269044874e-06,-2.210703507197096245e-05,1.718231611379472407e-03,-7.910526083924559332e-03,5.711933557354665110e-09,9.634210621586428852e-03,-1.753570309227509203e-05
1.863352140632575260e+00,3.805059444192153140e-01,-2.049811501820532691e-02,-3.600273178236000349e-01,-5.679561745097928049e-11,-1.231267017423495203e+00,-3.805067202409031513e-01,5.432038136924822861e-06,1.387071475777247381e-03,-3.273918529435176222e-02,-1.411619928811704416e-09,3.412491690540551265e-02,4.308793815838491732e-06,-2.235362467211995371e-05,1.721542271401252334e-03,-7.880403541152894431e-03,5.776706648983009734e-09,9.607459562156049626e-03,-1.773130154287630455e-05
1.866227684059477365e+00,3.805059599465180353e-01,-2.049411931188064098e-02,-3.601214933117102279e-01,-6.083081932381373122e-11,-1.231168850059019659e+00,-3.805067079243573680e-01,5.367403915087634419e-06,1.392026600718640397e-03,-3.276180243235633088e-02,-1.394915399847402299e-09,3.415250511104100939e-02,4.257524777146796621e-06,-2.260093492716709087e-05,1.724849092637066508e-03,-7.850284958579492600e-03,5.841670970810603221e-09,9.580708801892361820e-03,-1.792747162565567695e-05
1.869103227486379470e+00,3.805059752869388023e-01,-2.049010934321269725e-02,-3.602157337118669367e-01,-6.481771774855981849e-11,-1.231070603474058167e+00,-3.805066957560497287e-01,5.302057509182687585e-06,1.396991229000654582e-03,-3.278433296880739478e-02,-1.378023789116569340e-09,3.418001639412958370e-02,4.205690823721258384e-06,-2.284896295776038433e-05,1.728152034895247009e-03,-7.820170373577042117e-03,5.906825764989793435e-09,9.553958337266164197e-03,-1.812421105667085975e-05
1.871978770913281576e+00,3.805059904384266445e-01,-2.048608508489031116e-02,-3.603100387750601263e-01,-6.875577397703979936e-11,-1.230972277889803124e+00,-3.805066837376072097e-01,5.235996859376210606e-06,1.401965349411272294e-03,-3.280677691525392403e-02,-1.360944550002885888e-09,3.420745075551624020e-02,4.153290321676847560e-06,-2.309770586689957763e-05,1.731451057931745943e-03,-7.790059823561469241e-03,5.972170269006208491e-09,9.527208164734768045e-03,-1.832151753798064755e-05
1.874854314340183681e+00,3.805060053989248736e-01,-2.048204650963472012e-02,-3.604044082523132353e-01,-7.264444769241468855e-11,-1.230873873527445372e+00,-3.805066718706610063e-01,5.169219914190223715e-06,1.406948950622677460e-03,-3.282913428335252487e-02,-1.343677138089377947e-09,3.423480819603580416e-02,4.100321643756470934e-06,-2.334716073997509400e-05,1.734746121450388059e-03,-7.759953345991728313e-03,6.037703715689052670e-09,9.500458280742045750e-03,-1.851938875767590589e-05
1.877729857767085786e+00,3.805060201663708064e-01,-2.047799359019989232e-02,-3.604988418946835638e-01,-7.648319701552886295e-11,-1.230775390608173536e+00,-3.805066601568474760e-01,5.101724630553116312e-06,1.411942021191105743e-03,-3.285140508486762007e-02,-1.326221011171788552e-09,3.426208871651287291e-02,4.046783169371078554e-06,-2.359732464480758263e-05,1.738037185103126405e-03,-7.729850978369571905e-03,6.103425333221529719e-09,9.473708681718458549e-03,-1.871782238991093181e-05
1.880605401193987891e+00,3.805060347386958197e-01,-2.047392629937287364e-02,-3.605933394532619407e-01,-8.027147851129226413e-11,-1.230676829353172463e+00,-3.805066485978073065e-01,5.033508973850094554e-06,1.416944549556695999e-03,-3.287358933167152525e-02,-1.308575629271920605e-09,3.428929231776172565e-02,3.992673284639690272e-06,-2.384819463168746497e-05,1.741324208490295598e-03,-7.699752758239333111e-03,6.169334345151304212e-09,9.446959364081099902e-03,-1.891681609493480761e-05
1.883480944620889996e+00,3.805060491138256840e-01,-2.046984460997411728e-02,-3.606879006791738340e-01,-8.400874719510066402e-11,-1.230578189983625892e+00,-3.805066371951858484e-01,4.964570917973537460e-06,1.421956524043341318e-03,-3.289568703574453218e-02,-1.290740454650950142e-09,3.431641900058632344e-02,3.937990382429332496e-06,-2.409976773341480962e-05,1.744607151160869210e-03,-7.669658723187674013e-03,6.235429970401015832e-09,9.420210324233726715e-03,-1.911636751912304600e-05
1.886356488047792102e+00,3.805060632896800077e-01,-2.046574849485782374e-02,-3.607825253235791285e-01,-8.769445653929444630e-11,-1.230479472720715339e+00,-3.805066259506333370e-01,4.894908445373231899e-06,1.426977932858543513e-03,-3.291769820917513079e-02,-1.272714951822711679e-09,3.434346876578030228e-02,3.882732862394888553e-06,-2.435204096533944443e-05,1.747885972612720634e-03,-7.639568910843367970e-03,6.301711423278876393e-09,9.393461558566795766e-03,-1.931647429500941485e-05
1.889232031474694207e+00,3.805060772641729594e-01,-2.046163792691225655e-02,-3.608772131376729031e-01,-9.132805847965427473e-11,-1.230380677785618992e+00,-3.805066148658042269e-01,4.824519547106509314e-06,1.432008764093266112e-03,-3.293962286416005081e-02,-1.254498587566955437e-09,3.437044161412684817e-02,3.826899131018864344e-06,-2.460501132540113977e-05,1.751160632292881117e-03,-7.609483358877055029e-03,6.368177913489279250e-09,9.366713063457496671e-03,-1.951713404131777543e-05
1.892107574901596312e+00,3.805060910352127679e-01,-2.045751287906011004e-02,-3.609719638726850977e-01,-9.490900342193743562e-11,-1.230281805399513706e+00,-3.805066039423578017e-01,4.753402222888221514e-06,1.437049005721787115e-03,-3.296146101300439363e-02,-1.236090830942562376e-09,3.439733754639876656e-02,3.770487601651035415e-06,-2.485867579417017122e-05,1.754431089597800839e-03,-7.579402105001025076e-03,6.434828646143509637e-09,9.339964835269809126e-03,-1.971834436299430015e-05
1.894983118328498417e+00,3.805061046007018888e-01,-2.045337332425881810e-02,-3.610667772798814568e-01,-9.843674024844919327e-11,-1.230182855783574558e+00,-3.805065931819578973e-01,4.681554481140651242e-06,1.442098645601554369e-03,-3.298321266812177799e-02,-1.217491153300744350e-09,3.442415656335831575e-02,3.713496694548030077e-06,-2.511303133488790600e-05,1.757697303873610208e-03,-7.549325186968971514e-03,6.501662821770462449e-09,9.313216870354509846e-03,-1.992010285123964970e-05
1.897858661755400744e+00,3.805061179585371711e-01,-2.044921923550089074e-02,-3.611616531105635297e-01,-1.019107163246534364e-10,-1.230083829158972630e+00,-3.805065825862726792e-01,4.608974339043296540e-06,1.447157671473043314e-03,-3.300487784203445796e-02,-1.198699028298204958e-09,3.445089866575731796e-02,3.655924836912821893e-06,-2.536807489350782985e-05,1.760959234416388302e-03,-7.519252642575748394e-03,6.568679636327474164e-09,9.286469165049228078e-03,-2.012240708354150244e-05
1.900734205182302849e+00,3.805061311066096907e-01,-2.044505058581427490e-02,-3.612565911160688370e-01,-1.053303775058220085e-10,-1.229984725746879004e+00,-3.805065721569750314e-01,4.535659822582491628e-06,1.452226070959610187e-03,-3.302645654737339925e-02,-1.179713931910265041e-09,3.447756385433701359e-02,3.597770462934092148e-06,-2.562380339873659090e-05,1.764216840472423303e-03,-7.489184509657142302e-03,6.635878281211153129e-09,9.259721715678483761e-03,-2.032525462370712795e-05
1.903609748609204955e+00,3.805061440428049724e-01,-2.044086734826266669e-02,-3.613515910477716475e-01,-1.086951681437204335e-10,-1.229885545768461208e+00,-3.805065618957420570e-01,4.461608966600949866e-06,1.457303831567351724e-03,-3.304794879687843190e-02,-1.160535342443962743e-09,3.450415212982802654e-02,3.539032013825523283e-06,-2.588021376207536194e-05,1.767470081238480938e-03,-7.459120826089626899e-03,6.703257943268310744e-09,9.232974518553713553e-03,-2.052864302189619087e-05
1.906485292036107060e+00,3.805061567650027676e-01,-2.043666949594586529e-02,-3.614466526570829230e-01,-1.120045310933320932e-10,-1.229786289444884995e+00,-3.805065518042557993e-01,4.386819814847181347e-06,1.462390940684963128e-03,-3.306935460339836819e-02,-1.141162740551119238e-09,3.453066349295040582e-02,3.479707937865002119e-06,-2.613730287786140264e-05,1.770718915862074883e-03,-7.429061629790134798e-03,6.770817804806931533e-09,9.206227569973326336e-03,-2.073256981465371410e-05
1.909360835463009165e+00,3.805061692710772214e-01,-2.043245700200008869e-02,-3.615417756954506512e-01,-1.152579077196177921e-10,-1.229686956997314784e+00,-3.805065418842023539e-01,4.311290420024816473e-06,1.467487385583594525e-03,-3.309067397989110676e-02,-1.121595609241385444e-09,3.455709794441350763e-02,3.419796690433737958e-06,-2.639506762330968954e-05,1.773963303441731523e-03,-7.399006958715795626e-03,6.838557043607168033e-09,9.179480866222720567e-03,-2.093703252494311641e-05
1.912236378889911270e+00,3.805061815588969831e-01,-2.042822983959833791e-02,-3.616369599143602898e-01,-1.184547379043163449e-10,-1.229587548646911666e+00,-3.805065321372723686e-01,4.235018843841742339e-06,1.472593153416712616e-03,-3.311190693942376445e-02,-1.101833433895233092e-09,3.458345548491599530e-02,3.359296734055247276e-06,-2.665350485855500341e-05,1.777203203027264474e-03,-7.368956850863712243e-03,6.906474832932447341e-09,9.152734403574338054e-03,-2.114202866217956863e-05
1.915111922316813375e+00,3.805061936263251510e-01,-2.042398798195072668e-02,-3.617322050653350440e-01,-1.215944600527801780e-10,-1.229488064614835841e+00,-3.805065225651608207e-01,4.158003157059167958e-06,1.477708231219959732e-03,-3.313305349517273179e-02,-1.081875702276930095e-09,3.460973611514578385e-02,3.298206538434263872e-06,-2.691261142669402342e-05,1.780438573620043248e-03,-7.338911344270700535e-03,6.974570341540587601e-09,9.125988178287691710e-03,-2.134755572226340741e-05
1.917987465743715481e+00,3.805062054712192166e-01,-2.041973140230480752e-02,-3.618275108999362555e-01,-1.246765111008487084e-10,-1.229388505122245068e+00,-3.805065131695672398e-01,4.080241439540559902e-06,1.482832605911017223e-03,-3.315411366042390201e-02,-1.061721904547483233e-09,3.463593983578003299e-02,3.236524580495559237e-06,-2.717238415382774652e-05,1.783669374173271673e-03,-7.308870477013063895e-03,7.042842733695005469e-09,9.099242186609419331e-03,-2.155361118761378613e-05
1.920863009170617586e+00,3.805062170914311204e-01,-2.041546007394592563e-02,-3.619228771697633462e-01,-1.277003265217580556e-10,-1.229288870390295552e+00,-3.805065039521954851e-01,4.001731780300459347e-06,1.487966264289463433e-03,-3.317508744857263631e-02,-1.041371533277544033e-09,3.466206664748507082e-02,3.174249344422664664e-06,-2.743281984910397802e-05,1.786895563592255480e-03,-7.278834287206326081e-03,7.111291169175921106e-09,9.072496424773307880e-03,-2.176019252720233599e-05
1.923738552597519691e+00,3.805062284848074738e-01,-2.041117397019755891e-02,-3.620183036264547072e-01,-1.306653403330889318e-10,-1.229189160640141054e+00,-3.805064949147536901e-01,3.922472277553183082e-06,1.493109193036640768e-03,-3.319597487312404144e-02,-1.020824083460291277e-09,3.468811655091641466e-02,3.111379321696503153e-06,-2.769391530476020160e-05,1.790117100734687008e-03,-7.248802813004990957e-03,7.179914803291695510e-09,9.045750889000328185e-03,-2.196729719658723368e-05
1.926614096024421796e+00,3.805062396491893373e-01,-2.040687306442165450e-02,-3.621137900216876426e-01,-1.335709851037524149e-10,-1.229089376092933339e+00,-3.805064860589543185e-01,3.842461038761332236e-06,1.498261378715515192e-03,-3.321677594769292113e-02,-1.000079052524255202e-09,3.471408954671864611e-02,3.047913011133862914e-06,-2.795566729616654088e-05,1.793333944410914092e-03,-7.218776092602301360e-03,7.248712786890160414e-09,9.019005575498692182e-03,-2.217492263794723856e-05
1.929489639451324123e+00,3.805062505824123309e-01,-2.040255733001895486e-02,-3.622093361071787587e-01,-1.364166919610096874e-10,-1.228989516969823281e+00,-3.805064773865142747e-01,3.761696180684298047e-06,1.503422807770543298e-03,-3.323749068600398426e-02,-9.791359403461483066e-10,3.473998563552544577e-02,2.983848918925875535e-06,-2.821807258186889364e-05,1.796546053384223901e-03,-7.188754164229986705e-03,7.317684266370012699e-09,8.992260480463885874e-03,-2.238306628011592632e-05
1.932365182878226229e+00,3.805062612823066348e-01,-2.039822674042936559e-02,-3.623049416346841300e-01,-1.392018905975310927e-10,-1.228889583491959314e+00,-3.805064688991544597e-01,3.680175829426538502e-06,1.508593466527536134e-03,-3.325811910189196280e-02,-9.579942492636306126e-10,3.476580481795956551e-02,2.919185558676313308e-06,-2.848112790363247615e-05,1.799753386371122236e-03,-7.158737066157992365e-03,7.386828383692308888e-09,8.965515600078693623e-03,-2.259172553861618358e-05
1.935240726305128334e+00,3.805062717466971556e-01,-2.039388126913228849e-02,-3.624006063559999102e-01,-1.419260092784905525e-10,-1.228789575880488094e+00,-3.805064605986003823e-01,3.597898120485797807e-06,1.513773341193526065e-03,-3.327866120930164651e-02,-9.366534840880600318e-10,3.479154709463271739e-02,2.853921451439828102e-06,-2.874482998648522175e-05,1.802955902041613895e-03,-7.128724836694257626e-03,7.456144276391926573e-09,8.938770930513260590e-03,-2.280089781569471938e-05
1.938116269732030439e+00,3.805062819734035262e-01,-2.038952088964693724e-02,-3.624963300229626650e-01,-1.445884748486976479e-10,-1.228689494356554501e+00,-3.805064524865815478e-01,3.514861198801144164e-06,1.518962417856630810e-03,-3.329911702228805642e-02,-9.151131521171979648e-10,3.481721246614560145e-02,2.788055125760064465e-06,-2.900917553876172488e-05,1.806153559019484144e-03,-7.098717514184438998e-03,7.525631077589169747e-09,8.912026467925117032e-03,-2.301058050035683080e-05
1.940991813158932544e+00,3.805062919602397176e-01,-2.038514557553272599e-02,-3.625921123874492058e-01,-1.471887127397658884e-10,-1.228589339141302084e+00,-3.805064445648318472e-01,3.431063218800906756e-06,1.524160682485925728e-03,-3.331948655501652118e-02,-8.933727631478844988e-10,3.484280093308785714e-02,2.721585117707679539e-06,-2.927416125214725971e-05,1.809346315882586886e-03,-7.068715137011673429e-03,7.595287916001387391e-09,8.885282208459228601e-03,-2.322077096840138882e-05
1.943867356585834649e+00,3.805063017050148155e-01,-2.038075530038956779e-02,-3.626879532013775331e-01,-1.497261469773153617e-10,-1.228489110455872169e+00,-3.805064368350892234e-01,3.346502344450537343e-06,1.529368120931305468e-03,-3.333976982176280884e-02,-8.714318294886975806e-10,3.486831249603800781e-02,2.654509970918307926e-06,-2.953978380172183604e-05,1.812534131163123525e-03,-7.038717743596305948e-03,7.665113915954604457e-09,8.858538148248029306e-03,-2.343146658245572251e-05
1.946742900012736754e+00,3.805063112055324104e-01,-2.037635003785824572e-02,-3.627838522167066149e-01,-1.522002001882159666e-10,-1.228388808521405196e+00,-3.805064292990958386e-01,3.261176749300225795e-06,1.534584718923361242e-03,-3.335996683691322406e-02,-8.492898659725439453e-10,3.489374715556343987e-02,2.586828236630332158e-06,-2.980603984600484129e-05,1.815716963347936783e-03,-7.008725372395637268e-03,7.735108197395311674e-09,8.831794283411452742e-03,-2.364266469201108264e-05
1.949618443439638860e+00,3.805063204595908188e-01,-2.037192976162074953e-02,-3.628798091854371077e-01,-1.546102936078618715e-10,-1.228288433559038495e+00,-3.805064219585981289e-01,3.175084616532530027e-06,1.539810462073243130e-03,-3.338007761496468440e-02,-8.269463899692543896e-10,3.491910491222037505e-02,2.518538473722662059e-06,-3.007292602699934372e-05,1.818894770878792160e-03,-6.978738061903671380e-03,7.805269875902173463e-09,8.805050610056999738e-03,-2.385436263345776977e-05
1.952493986866540965e+00,3.805063294649833061e-01,-2.036749444540060516e-02,-3.629758238596114683e-01,-1.569558470874869709e-10,-1.228187985789909398e+00,-3.805064148153465831e-01,3.088224139009712855e-06,1.545045335872535829e-03,-3.340010217052485908e-02,-8.044009213981044941e-10,3.494438576655380796e-02,2.449639248752285836e-06,-3.034043897023723930e-05,1.822067512152670448e-03,-6.948755850650862285e-03,7.875598062697922793e-09,8.778307124279760912e-03,-2.406655773012091637e-05
1.955369530293443070e+00,3.805063382194979194e-01,-2.036304406296323907e-02,-3.630718959913143418e-01,-1.592362791015114900e-10,-1.228087465435153458e+00,-3.805064078710955755e-01,3.000593519321158482e-06,1.550289325693129201e-03,-3.342004051831232170e-02,-7.816529827403510623e-10,3.496958971909751995e-02,2.380129135991872409e-06,-3.060857528482400553e-05,1.825235145522059385e-03,-6.918778777203820826e-03,7.946091864661209717e-09,8.751563822162447895e-03,-2.427924729229603167e-05
1.958245073720345175e+00,3.805063467209173766e-01,-2.035857858811631130e-02,-3.631680253326727281e-01,-1.614510067549292759e-10,-1.227986872715904232e+00,-3.805064011276040326e-01,2.912190969830426867e-06,1.555542416787088385e-03,-3.343989267315648078e-02,-7.587020990516799485e-10,3.499471677037395423e-02,2.310006717467111591e-06,-3.087733156348398722e-05,1.828397629295238800e-03,-6.888806880165096978e-03,8.016750384338527662e-09,8.724820699775459251e-03,-2.449242861728486508e-05
1.961120617147247280e+00,3.805063549670195111e-01,-2.035409799471006587e-02,-3.632642116358567597e-01,-1.635994457907270137e-10,-1.227886207853293277e+00,-3.805063945866345998e-01,2.823014712722369938e-06,1.560804594286530848e-03,-3.345965864999792677e-02,-7.355477979746630872e-10,3.501976692089429216e-02,2.239270582994072050e-06,-3.114670438260585503e-05,1.831554921736583321e-03,-6.858840198172884081e-03,8.087572719956245598e-09,8.698077753176904764e-03,-2.470609898943154731e-05
1.963996160574149608e+00,3.805063629555768823e-01,-2.034960225663766734e-02,-3.633604546530790902e-01,-1.656810105973412075e-10,-1.227785471068452150e+00,-3.805063882499540306e-01,2.733062980050018249e-06,1.566075843203496932e-03,-3.347933846388830709e-02,-7.121896097511597921e-10,3.504474017115832146e-02,2.167919330216397917e-06,-3.141669030228808101e-05,1.834706981066846869e-03,-6.828878769900780313e-03,8.158557965432587267e-09,8.671334978412650538e-03,-2.492025568015856905e-05
1.966871704001051713e+00,3.805063706843570537e-01,-2.034509134783555120e-02,-3.634567541365965049e-01,-1.676951142161509118e-10,-1.227684662582509523e+00,-3.805063821193331863e-01,2.642334013781333389e-06,1.571356148429827989e-03,-3.349893212999058983e-02,-6.886270672346808311e-10,3.506963652165447781e-02,2.095951564642397391e-06,-3.168728586638489518e-05,1.837853765463465586e-03,-6.798922634057497257e-03,8.229705210389794048e-09,8.644592371516371040e-03,-2.513489594800330832e-05
1.969747247427953818e+00,3.805063781511252019e-01,-2.034056524229337082e-02,-3.635531098387185245e-01,-1.696411690295435226e-10,-1.227583782616594510e+00,-3.805063761965447600e-01,2.550844964771880635e-06,1.576645425164561109e-03,-3.351843973178498387e-02,-6.648646399116811071e-10,3.509445596683156282e-02,2.023380890608270350e-06,-3.186713630534180838e-05,1.840658942190279146e-03,-6.769301514680532705e-03,8.277164136342499141e-09,8.617820790318822533e-03,-2.527755574874043218e-05
1.972622790854855923e+00,3.805063853549416342e-01,-2.033602391883124541e-02,-3.636495215164913808e-01,-1.715189255417629883e-10,-1.227482831392249452e+00,-3.805063704823341553e-01,2.459733233396586853e-06,1.581939464556663408e-03,-3.353786539578868658e-02,-6.411992647663729193e-10,3.511919814380582566e-02,1.951109512039666588e-06,-3.150261667986662035e-05,1.841452555968754474e-03,-6.741652562729089776e-03,8.182505279897594389e-09,8.590875539854650120e-03,-2.498841262509352923e-05
1.975498334281758028e+00,3.805063922982722113e-01,-2.033146736886875042e-02,-3.637459889393141466e-01,-1.733290233311164659e-10,-1.227381809132102486e+00,-3.805063649747452703e-01,2.369672649440175643e-06,1.587235764210610800e-03,-3.355721157557572942e-02,-6.178068528053586338e-10,3.514386283754957624e-02,1.879671921357746777e-06,-3.113604250530579504e-05,1.842230999939008804e-03,-6.714018596800603277e-03,8.087312848046660486e-09,8.563929598830876885e-03,-2.469763979827562222e-05
1.978373877708660133e+00,3.805063989841480643e-01,-2.032689558596913193e-02,-3.638425118786885459e-01,-1.750722495189510365e-10,-1.227280716058963161e+00,-3.805063596713739726e-01,2.280669112228886310e-06,1.592534280494945029e-03,-3.357647831424556001e-02,-5.946889361096331710e-10,3.516845004607570963e-02,1.809072798008112429e-06,-3.076741978286921033e-05,1.842994267160970139e-03,-6.686399621377338461e-03,7.991588399258110822e-09,8.536982966269951456e-03,-2.440524202854794066e-05
1.981249421135562239e+00,3.805064054156171993e-01,-2.032230856382113288e-02,-3.639390901062400929e-01,-1.767493956257213722e-10,-1.227179552395646578e+00,-3.805063545698023630e-01,2.192728503775313758e-06,1.597834969758482951e-03,-3.359566565491027557e-02,-5.718470422639685135e-10,3.519295976739427595e-02,1.739316807702886890e-06,-3.039675455334391472e-05,1.843742350857383288e-03,-6.658795640774738296e-03,7.895333502278544425e-09,8.510035641200083475e-03,-2.411122410756500820e-05
1.984124964562464344e+00,3.805064115957446091e-01,-2.031770629623903118e-02,-3.640357233937184800e-01,-1.783612575580190789e-10,-1.227078318364972720e+00,-3.805063496675993306e-01,2.105856688664694747e-06,1.603137788330788590e-03,-3.361477364069413026e-02,-5.492826943273848062e-10,3.521739199951252897e-02,1.670408602330520089e-06,-3.002405289699269683e-05,1.844475244413566577e-03,-6.631206659141666328e-03,7.798549736106405228e-09,8.483087622655207174e-03,-2.381559085829416096e-05
1.987000507989366449e+00,3.805064175276119953e-01,-2.031308877716272651e-02,-3.641324115129972450e-01,-1.799086355955157794e-10,-1.226977014189769344e+00,-3.805063449623203309e-01,2.020059513941573608e-06,1.608442692522638702e-03,-3.363380231473307724e-02,-5.269974108037150304e-10,3.524174674043497463e-02,1.602352819865886160e-06,-2.964932093345260406e-05,1.845192941377170066e-03,-6.603632680460669487e-03,7.701238689965614854e-09,8.456138909674988310e-03,-2.351834713493506919e-05
1.989876051416268554e+00,3.805064232143179903e-01,-2.030845600065776801e-02,-3.642291542360740486e-01,-1.813923343778215657e-10,-1.226875640092867314e+00,-3.805063404515075520e-01,1.935342808996770359e-06,1.613749638626486372e-03,-3.365275172017428984e-02,-5.049927056122525001e-10,3.526602398816335027e-02,1.535154084280628603e-06,-2.927256482163304456e-05,1.845895435457928788e-03,-6.576073708548267789e-03,7.603401963279127655e-09,8.429189501304829371e-03,-2.321949782283890326e-05
1.992751594843170659e+00,3.805064286589777689e-01,-2.030380796091540291e-02,-3.643259513350707302e-01,-1.828131628912617934e-10,-1.226774196297105268e+00,-3.805063361326899152e-01,1.851712385454477141e-06,1.619058582916935033e-03,-3.367162190017566892e-02,-4.832700880584283432e-10,3.529022374069670093e-02,1.468817005453599677e-06,-2.889379075961285233e-05,1.846582720527421839e-03,-6.548529747055168576e-03,7.505041165642186307e-09,8.402239396595848758e-03,-2.291904783842667291e-05
1.995627138270072987e+00,3.805064338647234923e-01,-2.029914465225265280e-02,-3.644228025822330852e-01,-1.841719344555654191e-10,-1.226672683025326505e+00,-3.805063320033830743e-01,1.769174037059908403e-06,1.624369481651192527e-03,-3.369041289790537796e-02,-4.618310628046357036e-10,3.531434599603127528e-02,1.403346179081743642e-06,-2.851300498453789459e-05,1.847254790618819325e-03,-6.521000799466597844e-03,7.406157916795736225e-09,8.375288594604879053e-03,-2.261700212910805434e-05
1.998502681696975092e+00,3.805064388347036419e-01,-2.029446606911233797e-02,-3.645197077499311433e-01,-1.854694667104732821e-10,-1.226571100500380762e+00,-3.805063280610894716e-01,1.687733539567029013e-06,1.629682291069542953e-03,-3.370912475654135043e-02,-4.406771298410712633e-10,3.533839075216067827e-02,1.338746186591041620e-06,-2.813021377251750328e-05,1.847911639926638847e-03,-6.493486869102527495e-03,7.306753846599527306e-09,8.348337094394484362e-03,-2.231336567319918064e-05
2.001378225123877197e+00,3.805064435720834637e-01,-2.028977220606314677e-02,-3.646166666106591125e-01,-1.867065816022608252e-10,-1.226469448945123331e+00,-3.805063243032984488e-01,1.607396650626676669e-06,1.634996967395809398e-03,-3.372775751927087340e-02,-4.198097844566821255e-10,3.536235800707582255e-02,1.275021595047767742e-06,-2.774542343852086940e-05,1.848553262806499611e-03,-6.465987959117946819e-03,7.206830595005209876e-09,8.321384895032911747e-03,-2.200814347984047956e-05
2.004253768550779302e+00,3.805064480800447457e-01,-2.028506305779965296e-02,-3.647136789370353793e-01,-1.878841053701778123e-10,-1.226367728582414829e+00,-3.805063207274860804e-01,1.528169109674972712e-06,1.640313466837813863e-03,-3.374631122929003246e-02,-3.992305172101848701e-10,3.538624775876492851e-02,1.212176957069975263e-06,-2.735864033627285121e-05,1.849179653774866115e-03,-6.438504072503152195e-03,7.106389812029270999e-09,8.294431995594134591e-03,-2.170134058891403359e-05
2.007129311977681407e+00,3.805064523617855410e-01,-2.028033861914240246e-02,-3.648107445018025086e-01,-1.890028685328044498e-10,-1.226265939635122093e+00,-3.805063173311156177e-01,1.450056637822042755e-06,1.645631745587841296e-03,-3.376478592980324683e-02,-3.789408139011672748e-10,3.541006000521354502e-02,1.150216810739227260e-06,-2.696987085814959604e-05,1.849790807508802041e-03,-6.411035212084002961e-03,7.005433157725936036e-09,8.267478395157819640e-03,-2.139296207096079777e-05
2.010004855404583513e+00,3.805064564205206668e-01,-2.027559888503790986e-02,-3.649078630778274102e-01,-1.900637058743254102e-10,-1.226164082326118177e+00,-3.805063141116372116e-01,1.373064937740993955e-06,1.650951759823102768e-03,-3.378318166402290851e-02,-3.589421555412548160e-10,3.543379474440463972e-02,1.089145679512531038e-06,-2.657912143507351157e-05,1.850386718845720884e-03,-6.383581380522199838e-03,6.903962302159884095e-09,8.240524092809325268e-03,-2.108301302709725836e-05
2.012880398831485618e+00,3.805064602594810386e-01,-2.027084385055875210e-02,-3.650050344381012279e-01,-1.910674564307197925e-10,-1.226062156878281018e+00,-3.805063110664878012e-01,1.297199693557265193e-06,1.656273465706190832e-03,-3.380149847516873002e-02,-3.392360183253759642e-10,3.545745197431849488e-02,1.028968072134570906e-06,-2.618639853640808131e-05,1.850967382783127481e-03,-6.356142580315561619e-03,6.801978925378934526e-09,8.213569087639710151e-03,-2.077149858893201709e-05
2.015755942258387723e+00,3.805064638819139478e-01,-2.026607351090354767e-02,-3.651022583557393952e-01,-1.920149634758698656e-10,-1.225960163514494994e+00,-3.805063081930916691e-01,1.222466570738200237e-06,1.661596819385546819e-03,-3.381973640646746687e-02,-3.198238736030834713e-10,3.548103169293284620e-02,9.696884825501133252e-07,-2.579170866985204644e-05,1.851532794478373198e-03,-6.328718813798277568e-03,6.699484717386578735e-09,8.186613378745700303e-03,-2.045842391848185694e-05
2.018631485685289828e+00,3.805064672910830059e-01,-2.026128786139706761e-02,-3.651995346039816348e-01,-1.929070745075867298e-10,-1.225858102457650034e+00,-3.805063054888599972e-01,1.148871215982980680e-06,1.666921776995914034e-03,-3.383789550115228612e-02,-3.007071878499703684e-10,3.550453389822278566e-02,9.113113898167007852e-07,-2.539505838133320484e-05,1.852082949248392467e-03,-6.301310083141221409e-03,6.596481378114377169e-09,8.159656965229718575e-03,-2.014379420808748951e-05
2.021507029112191933e+00,3.805064704902680339e-01,-2.025648689749021472e-02,-3.652968629561918479e-01,-1.937446412335537529e-10,-1.225755973930641840e+00,-3.805063029511913664e-01,1.076419257112858092e-06,1.672248294658799190e-03,-3.385597580246237776e-02,-2.818874226391631508e-10,3.552795858816087948e-02,8.538412580175827482e-07,-2.499645425490210508e-05,1.852617842569454073e-03,-6.273916390352202860e-03,6.492970617394368701e-09,8.132699846199863830e-03,-1.982761468032924129e-05
2.024382572539093594e+00,3.805064734827649509e-01,-2.025167061476009639e-02,-3.653942431858586692e-01,-1.945285195571885284e-10,-1.225653778156372775e+00,-3.805063005774712570e-01,1.005116302961688567e-06,1.677576328482929726e-03,-3.387397735364249679e-02,-2.633660346128940617e-10,3.555130576071710569e-02,7.972825361748854541e-07,-2.459590291262509320e-05,1.853137470076903978e-03,-6.246537737276236513e-03,6.388954154931292257e-09,8.105742020769891865e-03,-1.950989058794222168e-05
2.027258115965996144e+00,3.805064762718858296e-01,-2.024683900891004196e-02,-3.654916750665948011e-01,-1.952595695634235111e-10,-1.225551515357749421e+00,-3.805062983650723818e-01,9.349679432667244446e-07,1.682905834564710039e-03,-3.389190019794242198e-02,-2.451444754541387236e-10,3.557457541385891653e-02,7.416396581629851194e-07,-2.419341101447667862e-05,1.853641827564903814e-03,-6.219174125595854953e-03,6.284433720274626453e-09,8.078783488059246634e-03,-1.919062721373091833e-05
2.030133659392898249e+00,3.805064788609588966e-01,-2.024199207576965129e-02,-3.655891583721372906e-01,-1.959386555044041423e-10,-1.225449185757685910e+00,-3.805062963113550190e-01,8.659797485598277539e-07,1.688236768988680752e-03,-3.390974437861658808e-02,-2.272241918583652061e-10,3.559776754555123157e-02,6.869170426222168798e-07,-2.378898525823232684e-05,1.854130910986181080e-03,-6.191825556831346417e-03,6.179411052790763239e-09,8.051824247193015149e-03,-1.886982987048419906e-05
2.033009202819800354e+00,3.805064812533279772e-01,-2.023712981129482252e-02,-3.656866928763477520e-01,-1.965666457851067895e-10,-1.225346789579100815e+00,-3.805062944136665126e-01,7.981572700588996452e-07,1.693569087827968443e-03,-3.392750993892353073e-02,-2.096066255053379460e-10,3.562088215375648625e-02,6.331190928727573734e-07,-2.338263237936010695e-05,1.854604716451761131e-03,-6.164492032341071376e-03,6.073887901634853157e-09,8.024864297301950028e-03,-1.854750390088932450e-05
2.035884746246702459e+00,3.805064834523532724e-01,-2.023225221156776596e-02,-3.657842783532120334e-01,-1.971444129488757260e-10,-1.225244327044919812e+00,-3.805062926693416614e-01,7.315060395596215342e-07,1.698902747144746209e-03,-3.394519692212546319e-02,-1.922932130310028610e-10,3.564391923643456944e-02,5.802501968287473529e-07,-2.297435915091205463e-05,1.855063240230712821e-03,-6.137173553321729688e-03,5.967866025722601785e-09,7.997903637522459086e-03,-1.822365467744580818e-05
2.038760289673604564e+00,3.805064854614106928e-01,-2.022735927279708038e-02,-3.658819145768405501e-01,-1.976728336628785559e-10,-1.225141798378073466e+00,-3.805062910757026073e-01,6.660315693275833380e-07,1.704237702990686436e-03,-3.396280537148784612e-02,-1.752853859994733011e-10,3.566687879154296220e-02,5.283147269127299228e-07,-2.256417238341563671e-05,1.855506478749888079e-03,-6.109870120808632947e-03,5.861347193702081080e-09,7.970942266996587991e-03,-1.789828760237930722e-05
2.041635833100506670e+00,3.805064872838919143e-01,-2.022245099131773222e-02,-3.659796013214680066e-01,-1.981527887034823329e-10,-1.225039203801498777e+00,-3.805062896300588360e-01,6.017393519906427399e-07,1.709573911407412470e-03,-3.398033533027883940e-02,-1.585845708750750920e-10,3.568976081703665454e-02,4.773170399702658064e-07,-2.215207892476414849e-05,1.855934428593656715e-03,-6.082581735676009793e-03,5.754333183925266918e-09,7.943980184872034139e-03,-1.757140810755468280e-05
2.044511376527408775e+00,3.805064889232044334e-01,-2.021752736359111458e-02,-3.660773383614535081e-01,-1.985851629415481501e-10,-1.224936543538138523e+00,-3.805062883297077314e-01,5.386348604316746190e-07,1.714911328426949868e-03,-3.399778684176890664e-02,-1.421921889944946663e-10,3.571256531086818009e-02,4.272614771848620688e-07,-2.173808566010737196e-05,1.856347086503644037e-03,-6.055308398637273930e-03,5.646825784419642814e-09,7.917017390302125840e-03,-1.724302165438927761e-05
2.047386919954310880e+00,3.805064903827714562e-01,-2.021258838620506454e-02,-3.661751254712807824e-01,-1.989708453276470182e-10,-1.224833817810941028e+00,-3.805062871719338546e-01,4.767235476815481193e-07,1.720249910072183929e-03,-3.401515994923032943e-02,-1.261096565389841661e-10,3.573529227098766470e-02,3.781523639930783980e-07,-2.132219951174126499e-05,1.856744449378472384e-03,-6.028050110245318158e-03,5.538826792859546380e-09,7.890053882445829253e-03,-1.691313373376540034e-05
2.050262463381212985e+00,3.805064916660318430e-01,-2.020763405587389441e-02,-3.662729624255576799e-01,-1.993107288771950427e-10,-1.224731026842861059e+00,-3.805062861540093322e-01,4.160108468125086015e-07,1.725589612357303999e-03,-3.403245469593673550e-02,-1.103383845066732651e-10,3.575794169534282640e-02,3.299940099999556300e-07,-2.090442743899764379e-05,1.857126514273488554e-03,-6.000806870892805810e-03,5.430338016537534820e-09,7.863089660467737982e-03,-1.658174986594284755e-05
2.053138006808115090e+00,3.805064927764399973e-01,-2.020266436943839519e-02,-3.663708489990167294e-01,-1.996057106555095529e-10,-1.224628170856859155e+00,-3.805062852731941891e-01,3.565021708318096273e-07,1.730930391288260138e-03,-3.404967112516268241e-02,-9.487977868494554984e-11,3.578051358187897546e-02,2.827907088946438028e-07,-2.048477643813333000e-05,1.857493278400504898e-03,-5.973578680812432692e-03,5.321361272335581670e-09,7.836124723538062664e-03,-1.624887560047094437e-05
2.056013550235017195e+00,3.805064937174660322e-01,-2.019767932386589554e-02,-3.664687849665149710e-01,-1.998566917627856404e-10,-1.224525250075900962e+00,-3.805062845267358496e-01,2.982029125757176917e-07,1.736272202863207645e-03,-3.406680928018314403e-02,-7.973523962291107332e-11,3.580300792853905595e-02,2.365467383663257716e-07,-2.006325354221902331e-05,1.857844739127530436e-03,-5.946365540077255818e-03,5.211898386696222257e-09,7.809159070832634442e-03,-1.591451651610040563e-05
2.058889093661919301e+00,3.805064944925952708e-01,-2.019267891625026179e-02,-3.665667701030336234e-01,-2.000645773189937545e-10,-1.224422264722959675e+00,-3.805062839118697471e-01,2.411184446037980643e-07,1.741615003072956996e-03,-3.408386920427306649e-02,-6.490616260395264384e-11,3.582542473326363192e-02,1.912663600203608150e-07,-1.963986582102761856e-05,1.858180893978501110e-03,-5.919167448600957948e-03,5.101951195593558538e-09,7.782192701532903226e-03,-1.557867822069475315e-05
2.061764637088821406e+00,3.805064951053286904e-01,-2.018766314381190488e-02,-3.666648041836784722e-01,-2.002302764486987408e-10,-1.224319215021012708e+00,-3.805062834258187143e-01,1.852541190935602490e-07,1.746958747901424447e-03,-3.410085094070695877e-02,-5.039393761836535302e-11,3.584776399399095675e-02,1.469538192947158616e-07,-1.921462038092252607e-05,1.858501740633019140e-03,-5.891984406138126885e-03,4.991521544504239952e-09,7.755225614825913411e-03,-1.524136635114172969e-05
2.064640180515723511e+00,3.805064955591824782e-01,-2.018263200389783588e-02,-3.667628869836797034e-01,-2.003547022657997800e-10,-1.224216101193044581e+00,-3.805062830657937600e-01,1.306152677353552508e-07,1.752303393326076113e-03,-3.411775453275834452e-02,-3.619994933606124400e-11,3.587002570865693157e-02,1.036133453765981642e-07,-1.878752436474485026e-05,1.858807276926073516e-03,-5.864816412284583336e-03,4.880611288378176256e-09,7.728257809904329895e-03,-1.490258657326378951e-05
2.067515723942625616e+00,3.805064958576880874e-01,-2.017758549398164167e-02,-3.668610182783920703e-01,-2.004387718581926505e-10,-1.224112923462044922e+00,-3.805062828289936805e-01,7.720720162768240901e-08,1.757648895318376188e-03,-3.413458002369940819e-02,-2.232557707938043732e-11,3.589220987519513295e-02,6.124915111940950348e-08,-1.835858495170101550e-05,1.859097500847777841e-03,-5.837663466477649790e-03,4.769222291609354601e-09,7.701289285966397315e-03,-1.456234458172899566e-05
2.070391267369527721e+00,3.805064960043925693e-01,-2.017252361166354049e-02,-3.669591978432946155e-01,-2.004834062723531494e-10,-1.224009682051010239e+00,-3.805062827126048375e-01,2.503521117279206096e-08,1.762995209844229506e-03,-3.415132745680043297e-02,-8.772194795979568957e-12,3.591431649153684763e-02,1.986543295993621039e-08,-1.792780935724980914e-05,1.859372410543096241e-03,-5.810525567996441092e-03,4.657356428006493641e-09,7.674320042215968668e-03,-1.422064609996138016e-05
2.073266810796429827e+00,3.805064960028576304e-01,-2.016744635467037153e-02,-3.670574254539907266e-01,-2.004895304978432761e-10,-1.223906377182941929e+00,-3.805062827138019910e-01,-2.589543402745380753e-08,1.768342292864433663e-03,-3.416799687532943997e-02,4.458828968213881451e-12,3.593634555561108640e-02,-2.053362916425498598e-08,-1.749520483298836756e-05,1.859632004311571451e-03,-5.783402715962175818e-03,4.545015580763447839e-09,7.647350077862475823e-03,-1.387749688005054184e-05
2.076142354223331932e+00,3.805064958566605204e-01,-2.016235372085562610e-02,-3.671557008862085247e-01,-2.004580734517396088e-10,-1.223803009080848492e+00,-3.805062828297476885e-01,-7.557948527526272258e-08,1.773690100335114641e-03,-3.418458832255170249e-02,1.736613109592713055e-11,3.595829706534461878e-02,-5.994387189705988361e-08,-1.706077866653904975e-05,1.859876280607054844e-03,-5.756294909338450366e-03,4.432201642429818568e-09,7.620379392120932988e-03,-1.353290270266187781e-05
2.079017897650234037e+00,3.805064955693933659e-01,-2.015724570819943384e-02,-3.672540239158001985e-01,-2.003899679629842361e-10,-1.223699577967743313e+00,-3.805062830575925981e-01,-1.240117148804142581e-07,1.779038588208176975e-03,-3.420110184172926032e-02,2.994835392542155471e-11,3.598017101866191753e-02,-9.836114854593503263e-08,-1.662453818143445097e-05,1.860105238037428228e-03,-5.729202146931559013e-03,4.318916514881098678e-09,7.593407984211932374e-03,-1.318686937694540713e-05
2.081893441077136142e+00,3.805064951446632815e-01,-2.015212231480861815e-02,-3.673523943187424479e-01,-2.002861507566587102e-10,-1.223596084066646439e+00,-3.805062833944755085e-01,-1.711869162632712297e-07,1.784387712431738295e-03,-3.421753747612051033e-02,4.220414527724561094e-11,3.600196741348522800e-02,-1.357813291636102030e-07,-1.618649073700366311e-05,1.860318875364331929e-03,-5.702124427390783609e-03,4.205162109289136361e-09,7.566435853361646799e-03,-1.283940274044553979e-05
2.084768984504038247e+00,3.805064945860924253e-01,-2.014698353891665461e-02,-3.674508118711363736e-01,-2.001475624381808896e-10,-1.223492527600583468e+00,-3.805062838375232181e-01,-2.170999040576358285e-07,1.789737428950582314e-03,-3.423389526897974849e-02,5.413215848094495773e-11,3.602368624773464451e-02,-1.722003006296725369e-07,-1.574664372825657004e-05,1.860517191502892003e-03,-5.675061749208672006e-03,4.090940346092077062e-09,7.539462998801801062e-03,-1.249050865900928375e-05
2.087644527930940352e+00,3.805064938973176658e-01,-2.014182937888372646e-02,-3.675492763492075321e-01,-1.999751474774255794e-10,-1.223388908792586438e+00,-3.805062843838508124e-01,-2.617455142131203756e-07,1.795087693706589249e-03,-3.425017526355668418e-02,6.573105240165004647e-11,3.604532751932797152e-02,-2.076139667317731287e-07,-1.530500458576904070e-05,1.860700185521438343e-03,-5.648014110721367650e-03,3.976253154964555195e-09,7.512489419769693630e-03,-1.214019302669519228e-05
2.090520071357842458e+00,3.805064930819909153e-01,-2.013665983319669339e-02,-3.676477875293057695e-01,-1.997698541927684238e-10,-1.223285227865693159e+00,-3.805062850305616085e-01,-3.051186040972942676e-07,1.800438462639180996e-03,-3.426637750309605157e-02,7.699949146660200071e-11,3.606689122618089022e-02,-2.420182482466464552e-07,-1.486158077556689583e-05,1.860867856641231031e-03,-5.620981510108898418e-03,3.861102474787564093e-09,7.485515115508176685e-03,-1.178846176568131686e-05
2.093395614784745007e+00,3.805064921437787961e-01,-2.013147490046912971e-02,-3.677463451879051659e-01,-1.995326347350536982e-10,-1.223181485042946770e+00,-3.805062857747473215e-01,-3.472140525974314272e-07,1.805789691685760236e-03,-3.428250203083708231e-02,8.793614569157755998e-11,3.608837736620686132e-02,-2.754090830208219340e-07,-1.441637979901009138e-05,1.861020204236181474e-03,-5.593963945395471517e-03,3.745490253618372275e-09,7.458540085265652660e-03,-1.143532082617335839e-05
2.096271158211647112e+00,3.805064910863623084e-01,-2.012627457944131740e-02,-3.678449491016044237e-01,-1.992644450714867248e-10,-1.223077680547397961e+00,-3.805062866134878430e-01,-3.880267602219501217e-07,1.811141336782148012e-03,-3.429854889001315854e-02,9.853969070723246231e-11,3.610978593731725000e-02,-3.077824260510873426e-07,-1.396940919267627356e-05,1.861157227832574423e-03,-5.566961414449787468e-03,3.629418448660282550e-09,7.431564328296078568e-03,-1.108077618631226936e-05
2.099146701638549217e+00,3.805064899134375511e-01,-2.012105886898022875e-02,-3.679435990471261464e-01,-1.989662449694497217e-10,-1.222973814602102083e+00,-3.805062875438516845e-01,-4.275516492015306712e-07,1.816493353863023056e-03,-3.431451812385125782e-02,1.088088077853624448e-10,3.613111693742124264e-02,-3.391342495646959560e-07,-1.352067652824382561e-05,1.861278927108786941e-03,-5.539973914985324606e-03,3.512889026232269936e-09,7.404587843858937389e-03,-1.072483385208151398e-05
2.102022245065451322e+00,3.805064886287148895e-01,-2.011582776807957496e-02,-3.680422948013175044e-01,-1.986389979802431288e-10,-1.222869887430120928e+00,-3.805062885628954228e-01,-4.657836635898612827e-07,1.821845698862355895e-03,-3.433040977557160617e-02,1.187421838650652214e-10,3.615237036442590923e-02,-3.694605430992796584e-07,-1.307018941237497381e-05,1.861385301895008898e-03,-5.513001444560667805e-03,3.395903961738608836e-09,7.377610631219258010e-03,-1.036749985721432142e-05
2.104897788492353428e+00,3.805064872359192885e-01,-2.011058127585976796e-02,-3.681410361411499577e-01,-1.982836714227516857e-10,-1.222765899254522060e+00,-3.805062896676645323e-01,-5.027177693640815990e-07,1.827198327713847959e-03,-3.434622388838713680e-02,1.283385115788285706e-10,3.617354621623623812e-02,-3.987573135825251503e-07,-1.261795548659802626e-05,1.861476352172958693e-03,-5.486044000579806852e-03,3.278465239638305397e-09,7.350632689647606556e-03,-1.000878026310030382e-05
2.107773331919255533e+00,3.805064857387902011e-01,-2.010531939156793083e-02,-3.682398228437191445e-01,-1.979012363670351588e-10,-1.222661850298379926e+00,-3.805062908551927747e-01,-5.383489545248596418e-07,1.832551196351365477e-03,-3.436196050550316405e-02,1.375964892785168087e-10,3.619464449075510126e-02,-4.270205854115517885e-07,-1.216398242718986224e-05,1.861552078075606785e-03,-5.459101580292416607e-03,3.160574853414566280e-09,7.323654018420054299e-03,-9.648681158692213209e-06
2.110648875346157638e+00,3.805064841410813470e-01,-2.010004211457790471e-02,-3.683386546862447708e-01,-1.974926676178447769e-10,-1.222557740784774305e+00,-3.805062921225025319e-01,-5.726722291961522814e-07,1.837904260709372940e-03,-3.437761967011679354e-02,1.465148210612814472e-10,3.621566518588332367e-02,-4.542464005320466977e-07,-1.170827794505736968e-05,1.861612479886885991e-03,-5.432174180794202209e-03,3.042234805544027125e-09,7.296674616818214082e-03,-9.287208660411922566e-06
2.113524418773059743e+00,3.805064824465608786e-01,-2.009474944439024538e-02,-3.684375314460710538e-01,-1.970589436980653766e-10,-1.222453570936790967e+00,-3.805062934666050833e-01,-6.056826257246138703e-07,1.843257476723368952e-03,-3.439320142541662378e-02,1.550922167953767238e-10,3.623660829951962092e-02,-4.804308185171196203e-07,-1.125084978561901125e-05,1.861657558041409592e-03,-5.405261799027189645e-03,2.923447107465971919e-09,7.269694484129199559e-03,-8.924368912056459342e-06
2.116399962199961848e+00,3.805064806590111592e-01,-2.008944138063221627e-02,-3.685364529006661671e-01,-1.966010468320831258e-10,-1.222349340977521459e+00,-3.805062948844999959e-01,-6.373751987786670702e-07,1.848610800330318825e-03,-3.440870581458219807e-02,1.633273921458868590e-10,3.625747382956073100e-02,-5.055699166458814752e-07,-1.079170572868587558e-05,1.861687313124188795e-03,-5.378364431780028460e-03,2.804213779551465514e-09,7.242713619645645140e-03,-8.560168084703673110e-06
2.119275505626863954e+00,3.805064787822285965e-01,-2.008411792305777113e-02,-3.686354188276225186e-01,-1.961199629290800175e-10,-1.222245051130064653e+00,-3.805062963731759007e-01,-6.677450254472189299e-07,1.853964187469085223e-03,-3.442413288078360889e-02,1.712190686003660434e-10,3.627826177390131718e-02,-5.296597899817537708e-07,-1.033085358834242518e-05,1.861701745870343464e-03,-5.351482075688318747e-03,2.684536851072366609e-09,7.215732022665684309e-03,-8.194612376617640615e-06
2.122151049053766059e+00,3.805064768200240310e-01,-2.007877907154757141e-02,-3.687344290046566386e-01,-1.956166815662540451e-10,-1.222140701617523639e+00,-3.805062979296099934e-01,-6.967872053380511737e-07,1.859317594080860548e-03,-3.443948266718108858e-02,1.787659734943865317e-10,3.629897213043407900e-02,-5.526965514505069684e-07,-9.868301212826949563e-06,1.861700857164819796e-03,-5.324614727234892181e-03,2.564418360170291110e-09,7.188749692492941816e-03,-7.827708013153816721e-06
2.125026592480668164e+00,3.805064747762221256e-01,-2.007342482610896886e-02,-3.688334832096091254e-01,-1.950921959719663542e-10,-1.222036292663009505e+00,-3.805062995507686452e-01,-7.244968606758516657e-07,1.864670976109595625e-03,-3.445475521692450971e-02,1.859668400370000377e-10,3.631960489704966905e-02,-5.746763319180285886e-07,-9.404056484411501735e-06,1.861684648042097583e-03,-5.297762382750159822e-03,2.443860353825427421e-09,7.161766628436546690e-03,-7.459461246663824519e-06
2.127902135907570269e+00,3.805064726546615317e-01,-2.006805518687598822e-02,-3.689325812204446442e-01,-1.945475030088153697e-10,-1.221931824489638219e+00,-3.805063012336066808e-01,-7.508691363999243186e-07,1.870024289502432088e-03,-3.446995057315296873e-02,1.928204073361117316e-10,3.634016007163679701e-02,-5.955952802678191030e-07,-8.938127319281358638e-06,1.861653119685905289e-03,-5.270925038412410495e-03,2.322864887825237167e-09,7.134782829811119227e-03,-7.089878356399826154e-06
2.130777679334472374e+00,3.805064704591950564e-01,-2.006267015410933066e-02,-3.690317228152518725e-01,-1.939836031566377683e-10,-1.221827297320531525e+00,-3.805063029750682668e-01,-7.758992002615191089e-07,1.875377490210130421e-03,-3.448506877899436274e-02,1.993254204237580531e-10,3.636063765208218806e-02,-6.154495634782065042e-07,-8.470521667414589992e-06,1.861606273428930130e-03,-5.244102690248103951e-03,2.201434026733176604e-09,7.107798295936743234e-03,-6.718965648419009697e-06
2.133653222761374479e+00,3.805064681936889959e-01,-2.005726972819634607e-02,-3.691309077722436105e-01,-1.934015004954378494e-10,-1.221722711378818493e+00,-3.805063047720864122e-01,-7.995822429208242313e-07,1.880730534187494748e-03,-3.450010987756496617e-02,2.054806302812935589e-10,3.638103763627065917e-02,-6.342353666992710857e-07,-8.001247512461229051e-06,1.861544110752529676e-03,-5.217295334132218687e-03,2.079569843857314626e-09,7.080813026139001591e-03,-6.346729455487718563e-06
2.136528766188276585e+00,3.805064658620238016e-01,-2.005185390965105729e-02,-3.692301358697565039e-01,-1.928022026882428725e-10,-1.221618066887632859e+00,-3.805063066215831902e-01,-8.219134780436424158e-07,1.886083377393804345e-03,-3.451507391196891733e-02,2.112847938645010507e-10,3.640136002208503585e-02,-6.519488933295401459e-07,-7.530312871621218544e-06,1.861466633286437168e-03,-5.190502965788545107e-03,1.957274421218643472e-09,7.053827019748937222e-03,-5.973176136984660218e-06
2.139404309615178690e+00,3.805064634680935254e-01,-2.004642269911409425e-02,-3.693294068862510438e-01,-1.921867209638883170e-10,-1.221513364070115903e+00,-3.805063085204697382e-01,-8.428881423976616225e-07,1.891435975793236048e-03,-3.452996092529789923e-02,2.167366741285892833e-10,3.642160480740628398e-02,-6.685863650923449375e-07,-7.057725795523498412e-06,1.861373842808473986e-03,-5.163725580790009921e-03,1.834549849519668824e-09,7.026840276103066101e-03,-5.598312078805000864e-06
2.142279853042080795e+00,3.805064610158057636e-01,-2.004097609735271818e-02,-3.694287206003117330e-01,-1.915560700997298336e-10,-1.221408603149414018e+00,-3.805063104656464246e-01,-8.625014959484234503e-07,1.896788285355291859e-03,-3.454477096063061220e-02,2.218350400531189664e-10,3.644177199011341267e-02,-6.841440221119488129e-07,-6.583494368103399484e-06,1.861265741244254313e-03,-5.136963174558997064e-03,1.711398228112580512e-09,6.999852794543362511e-03,-5.222143693263081171e-06
2.145155396468982900e+00,3.805064585090818241e-01,-2.003551410526078699e-02,-3.695280767906470865e-01,-1.909112684042842383e-10,-1.221303784348679589e+00,-3.805063124540027930e-01,-8.807488219549286989e-07,1.902140262055226341e-03,-3.455950406103242001e-02,2.265786666668297121e-10,3.646186156808361306e-02,-6.986181229893777425e-07,-6.107626706480234515e-06,1.861142330666894999e-03,-5.110215742367644337e-03,1.587821664967452176e-09,6.972864574417248634e-03,-4.844677418995358156e-06
2.148030939895885005e+00,3.805064559518566147e-01,-2.003003672385876566e-02,-3.696274752360891869e-01,-1.902533376997998093e-10,-1.221198907891071661e+00,-3.805063144824177290e-01,-8.976254270648532957e-07,1.907491861874462081e-03,-3.457416026955482252e-02,2.309663350723686770e-10,3.648187353919216114e-02,-7.120049448779536310e-07,-5.630130960835090807e-06,1.861003613296718495e-03,-5.083483279338192953e-03,1.463822276640508968e-09,6.945875615077610164e-03,-4.465919720863424994e-06
2.150906483322787111e+00,3.805064533480783662e-01,-2.002454395429365680e-02,-3.697269157155939623e-01,-1.895833033047543079e-10,-1.221093973999755722e+00,-3.805063165477593490e-01,-9.131266414094700892e-07,1.912843040801020123e-03,-3.458873962923508794e-02,2.349968324709416813e-10,3.650180790131247327e-02,-7.243007835585860171e-07,-5.151015314287073619e-06,1.860849591500957079e-03,-5.056765780443290247e-03,1.339402188241989096e-09,6.918885915882773754e-03,-4.085877089855897496e-06
2.153782026749689216e+00,3.805064507017087982e-01,-2.001903579783903195e-02,-3.698263980082410751e-01,-1.889021940162835689e-10,-1.220988982897901698e+00,-3.805063186468851666e-01,-9.272478186981751859e-07,1.918193754829941502e-03,-3.460324218309587113e-02,2.386689521868612158e-10,3.652166465231618253e-02,-7.355019535147487832e-07,-4.670287982770362719e-06,1.860680267793464460e-03,-5.030063240506303657e-03,1.214563533404215282e-09,6.891895476196493141e-03,-3.704556042990832106e-06
2.156657570176591321e+00,3.805064480167228980e-01,-2.001351225589498642e-02,-3.699259218932338666e-01,-1.882110420925385652e-10,-1.220883934808687954e+00,-3.805063207766421485e-01,-9.399843363126750485e-07,1.923543959963701843e-03,-3.461766797414465857e-02,2.419814936920067150e-10,3.654144379007304155e-02,-7.456047880071926965e-07,-4.187957214910159328e-06,1.860495644834408730e-03,-5.003375654201659868e-03,1.089308454249378757e-09,6.864904295387971693e-03,-3.321963123217381558e-06
2.159533113603493870e+00,3.805064452971088640e-01,-2.000797332998811850e-02,-3.700254871498994680e-01,-1.875108832349733771e-10,-1.220778829955297295e+00,-3.805063229338668251e-01,-9.513315954008004776e-07,1.928893612212639625e-03,-3.463201704537342829e-02,2.449332626301897569e-10,3.656114531245104743e-02,-7.546056391483636059e-07,-3.704031291898877008e-06,1.860295725429982451e-03,-4.976703016055153590e-03,9.636391013573853074e-10,6.837912372831834659e-03,-2.938104899317564896e-06
2.162408657030395975e+00,3.805064425468682177e-01,-2.000241902177151213e-02,-3.701250935576884116e-01,-1.868027565705618687e-10,-1.220673668560918967e+00,-3.805063251153850135e-01,-9.612850209699972376e-07,1.934242667595371425e-03,-3.464628943975821967e-02,2.475230708414305727e-10,3.658076921731633763e-02,-7.625008779765543535e-07,-3.218518527371437660e-06,1.860080512532102763e-03,-4.950045320444281492e-03,8.375576337334660877e-10,6.810919707908129166e-03,-2.552987965807325971e-06
2.165284200457298081e+00,3.805064397700155809e-01,-1.999684933302469866e-02,-3.702247408961748532e-01,-1.860877046339460450e-10,-1.220568450848749098e+00,-3.805063273180124273e-01,-9.698400619804164602e-07,1.939591082139209988e-03,-3.466048520025868246e-02,2.497497363861367437e-10,3.660031550253334265e-02,-7.692868945297512245e-07,-2.731427267280742857e-06,1.859850009238111493e-03,-4.923402561598557922e-03,7.110662187758464374e-10,6.783926300002324217e-03,-2.166618942837789311e-06
2.168159743884200186e+00,3.805064369705785099e-01,-1.999126426565365697e-02,-3.703244289450565718e-01,-1.853667733495140723e-10,-1.220463177041988923e+00,-3.805063295385541777e-01,-9.769921914376810573e-07,1.944938811880585552e-03,-3.467460436981764649e-02,2.516120835691929748e-10,3.661978416596470970e-02,-7.749600979192151695e-07,-2.242765889772359556e-06,1.859604218790477000e-03,-4.896774733599831494e-03,5.841670322432022184e-10,6.756932148505285542e-03,-1.779004476095860167e-06
2.171035287311102291e+00,3.805064341525976612e-01,-1.998566382169076130e-02,-3.704241574841546369e-01,-1.846410120134097199e-10,-1.220357847363846782e+00,-3.805063317738051620e-01,-9.827369064852649344e-07,1.950285812865459358e-03,-3.468864699136075397e-02,2.531089429639528997e-10,3.663917520547134432e-02,-7.795169164027602135e-07,-1.752542805059399568e-06,1.859343144576493636e-03,-4.870161830382635504e-03,4.568622582221538915e-10,6.729937252813301615e-03,-1.390151236704963050e-06
2.173910830738004396e+00,3.805064313201265702e-01,-1.998004800329477096e-02,-3.705239262934135747e-01,-1.839114732754723973e-10,-1.220252462037536345e+00,-3.805063340205501743e-01,-9.870697284965359313e-07,1.955632041149739549e-03,-3.470261310779592517e-02,2.542391514361408267e-10,3.665848861891239652e-02,-7.829537974577601784e-07,-1.260766455296500744e-06,1.859066790127975348e-03,-4.843563845734501910e-03,3.291540890945528676e-10,6.702941612328058504e-03,-1.000065921125050976e-06
2.176786374164906501e+00,3.805064284772314842e-01,-1.997441681275078165e-02,-3.706237351529013679e-01,-1.831792131211092832e-10,-1.220147021286277722e+00,-3.805063362755635725e-01,-9.899862031664132578e-07,1.960977452799700978e-03,-3.471650276201309476e-02,2.550015521676580484e-10,3.667772440414535789e-02,-7.852672078538583087e-07,-7.674453144538998648e-07,1.858775159120964896e-03,-4.816980773296268385e-03,2.010447255047666174e-10,6.675945226456622521e-03,-6.087552510527681256e-07
2.179661917591808606e+00,3.805064256279917512e-01,-1.996877025247022555e-02,-3.707235838428091790e-01,-1.824452908530983872e-10,-1.220041525333297905e+00,-3.805063385356098338e-01,-9.914819006026827273e-07,1.966322003892392867e-03,-3.473031599688360810e-02,2.553949946802940253e-10,3.669688255902596452e-02,-7.864536337253916588e-07,-2.725878881909340868e-07,1.858468255375418567e-03,-4.790412606562446940e-03,7.253637632684460332e-11,6.648948094611462772e-03,-2.162259733211111711e-07
2.182537461018710712e+00,3.805064227764990425e-01,-1.996310832499079840e-02,-3.708234721434515713e-01,-1.817107690733241942e-10,-1.219935974401828771e+00,-3.805063407974431100e-01,-9.915524154169263790e-07,1.971665650516056870e-03,-3.474405285525995757e-02,2.554183348593455982e-10,3.671596308140832182e-02,-7.865095806435323602e-07,2.237972862706295486e-07,1.858146082854909755e-03,-4.763859338881524033e-03,-5.636874136839715634e-11,6.621950216210432082e-03,1.775151402011071846e-07
2.185413004445612817e+00,3.805064199268579639e-01,-1.995743103297646995e-02,-3.709233998352660655e-01,-1.809767136644455844e-10,-1.219830368715109525e+00,-3.805063430578078387e-01,-9.901933668151130753e-07,1.977008348770537341e-03,-3.475771337997526911e-02,2.550704349771375067e-10,3.673496596914482826e-02,-7.854315736881257559e-07,7.217016402734105131e-07,1.857808645666324514e-03,-4.737320963456295372e-03,-1.856684023462951426e-10,6.594951590676750505e-03,5.724612927097763474e-07
2.188288547872514922e+00,3.805064170831854442e-01,-1.995173837921741453e-02,-3.710233666988135282e-01,-1.802441937714953046e-10,-1.219724708496384924e+00,-3.805063453134381324e-01,-9.874003986877945932e-07,1.982350054767695064e-03,-3.477129761384292056e-02,2.543501637164515044e-10,3.675389122008624471e-02,-7.832161575192531441e-07,1.221116573852219464e-06,1.857455948059552565e-03,-4.710797473344210257e-03,-3.153603732415371646e-10,6.567952217439022682e-03,9.686056625669326275e-07
2.191164091299417027e+00,3.805064142496110691e-01,-1.994603036663000761e-02,-3.711233725147778939e-01,-1.795142817834129016e-10,-1.219618993968905718e+00,-3.805063475610583890e-01,-9.831691796999624792e-07,1.987690724631817514e-03,-3.478480559965613922e-02,2.532563961938592634e-10,3.677273883208172223e-02,-7.798598964484999650e-07,1.722033455861577676e-06,1.857087994427186750e-03,-4.684288861457676888e-03,-4.454424125912740123e-10,6.540952095931206606e-03,1.365941403401857492e-06
2.194039634726319132e+00,3.805064114302768030e-01,-1.994030699825674949e-02,-3.712234170639659991e-01,-1.787880533145114310e-10,-1.219513225355929320e+00,-3.805063497973833475e-01,-9.774954033805207753e-07,1.993030314500024783e-03,-3.479823738018755080e-02,2.517880139829587557e-10,3.679150880297876042e-02,-7.753593745099241391e-07,2.224443624103402072e-06,1.856704789304210786e-03,-4.657795120564428397e-03,-5.759122708682903614e-10,6.513951225592628375e-03,1.764461644212391811e-06
2.196915178153221238e+00,3.805064086293369341e-01,-1.993456827726627217e-02,-3.713235001273077485e-01,-1.780665871858759747e-10,-1.219407402880719138e+00,-3.805063520191174775e-01,-9.703747882113843552e-07,1.998368780522683744e-03,-3.481159299818872843e-02,2.499439051375152522e-10,3.681020113062324906e-02,-7.697111955307424492e-07,2.728338385455718128e-06,1.856306337367693952e-03,-4.631316243287829024e-03,-7.067676905144019905e-10,6.486949605867970044e-03,2.164159489467013174e-06
2.199790721580123343e+00,3.805064058509579628e-01,-1.992881420695327005e-02,-3.714236214858558927e-01,-1.773509654066962937e-10,-1.219301526766545241e+00,-3.805063542229560336e-01,-9.618030777162299783e-07,2.003706078863816149e-03,-3.482487249638991506e-02,2.477229642145076078e-10,3.682881581285952360e-02,-7.629119832017126250e-07,3.233709016001365146e-06,1.855892643436486645e-03,-4.604852222107215856e-03,-8.380064059739248271e-10,6.459947236207253148e-03,2.565028019206949314e-06
2.202666265007025448e+00,3.805064030993188795e-01,-1.992304479073847903e-02,-3.715237809207861397e-01,-1.766422731555346515e-10,-1.219195597236683248e+00,-3.805063564055840564e-01,-9.517760405488637427e-07,2.009042165701501511e-03,-3.483807591749945448e-02,2.451240922970776125e-10,3.684735284753032358e-02,-7.549583811472389782e-07,3.740546761156428903e-06,1.855463712470905094e-03,-4.578403049358241439e-03,-9.696261437269868032e-10,6.432944116065853445e-03,2.967060289148019203e-06
2.205541808433927553e+00,3.805064003786103322e-01,-1.991726003216860025e-02,-3.716239782133968217e-01,-1.759415987615251874e-10,-1.219089614514414777e+00,-3.805063585636775381e-01,-9.402894705812067388e-07,2.014376997228286073e-03,-3.485120330420345136e-02,2.421461970173814240e-10,3.686581223247683420e-02,-7.458470529951634703e-07,4.248842835800122080e-06,1.855019549572425614e-03,-4.551968717233204238e-03,-1.101624622323279719e-09,6.405940244904480101e-03,3.370249330783692616e-06
2.208417351860829658e+00,3.805063976930354586e-01,-1.991145993491632432e-02,-3.717242131451090614e-01,-1.752500336855106059e-10,-1.218983578823028546e+00,-3.805063606939023679e-01,-9.273391869909342658e-07,2.019710529651589596e-03,-3.486425469916539649e-02,2.387881925793479954e-10,3.688419396553869328e-02,-7.355746824462800128e-07,4.758588424403828037e-06,1.854560159983373443e-03,-4.525549217781386045e-03,-1.233999552415566470e-09,6.378935622189171352e-03,3.774588151487433304e-06
2.211292895287731763e+00,3.805063950468091094e-01,-1.990564450278020647e-02,-3.718244854974665503e-01,-1.745686725011108299e-10,-1.218877490385819051e+00,-3.805063627929153869e-01,-9.129210343487088963e-07,2.025042719194107381e-03,-3.487723014502565333e-02,2.350489997813346207e-10,3.690249804455397742e-02,-7.241379733435291178e-07,5.269774681161569720e-06,1.854085549086610055e-03,-4.499144542909391982e-03,-1.366748636793566705e-09,6.351930247391298842e-03,4.180069734616179745e-06
2.214168438714633869e+00,3.805063924441581813e-01,-1.989981373968469081e-02,-3.719247950521357149e-01,-1.738986128757293826e-10,-1.218771349426086781e+00,-3.805063648573636104e-01,-8.970308827050864805e-07,2.030373522094215764e-03,-3.489012968440117352e-02,2.309275460386953438e-10,3.692072446735934765e-02,-7.115336497409311332e-07,5.782392730119519309e-06,1.853595722405226333e-03,-4.472754684381467088e-03,-1.499869570417579653e-09,6.324924119987538999e-03,4.586687039613078799e-06
2.217043982141535974e+00,3.805063898893213947e-01,-1.989396764968002357e-02,-3.720251415909054393e-01,-1.732409555514921482e-10,-1.218665156167138441e+00,-3.805063668838848945e-01,-8.796646276769827511e-07,2.035702894606373700e-03,-3.490295335988494868e-02,2.264227654062383170e-10,3.693887323178987603e-02,-6.977584559721850064e-07,6.296433665307217171e-06,1.853090685602220558e-03,-4.446379633819873625e-03,-1.633360040452576988e-09,6.297917239459899057e-03,4.994433002111613591e-06
2.219919525568438079e+00,3.805063873865492940e-01,-1.988810623694223234e-02,-3.721255248956868433e-01,-1.725968043261242482e-10,-1.218558910832287623e+00,-3.805063688691076584e-01,-8.608181905338337273e-07,2.041030793001525224e-03,-3.491570121404573984e-02,2.215335986005979864e-10,3.695694433567917048e-02,-6.828091567189935609e-07,6.811888550867824351e-06,1.852570444480194402e-03,-4.420019382705211129e-03,-1.767217726302016118e-09,6.270909605295689297e-03,5.403300534038827178e-06
2.222795068995340628e+00,3.805063849401039144e-01,-1.988222950577304624e-02,-3.722259447485138373e-01,-1.719672660337613899e-10,-1.218452613644853688e+00,-3.805063708096512176e-01,-8.404875182833297419e-07,2.046357173567500166e-03,-3.492837328942757780e-02,2.162589930225051983e-10,3.697493777685942340e-02,-6.666825370790802429e-07,7.328748421189438091e-06,1.852035004981035689e-03,-4.393673922376736471e-03,-1.901440299641942975e-09,6.243901216987512645e-03,5.813282523719607977e-06
2.225670612422242733e+00,3.805063825542591149e-01,-1.987633746059988202e-02,-3.723264009315421785e-01,-1.713534505256970570e-10,-1.218346264828161996e+00,-3.805063727021253395e-01,-8.186685837567832340e-07,2.051681992609416614e-03,-3.494096962854937455e-02,2.105979027789537265e-10,3.699285355316130064e-02,-6.493754026339098282e-07,7.847004281036801219e-06,1.851484373185599422e-03,-4.367343244032742891e-03,-2.036025424455209996e-09,6.216892074033280279e-03,6.224371835981039988e-06
2.228546155849144839e+00,3.805063802333001344e-01,-1.987043010597577125e-02,-3.724268932270501375e-01,-1.707564706510670663e-10,-1.218239864605544343e+00,-3.805063745431309097e-01,-7.953573856941363401e-07,2.057005206450074255e-03,-3.495349027390456248e-02,2.045492887052775936e-10,3.701069166241410802e-02,-6.308845795161018689e-07,8.366647105682592254e-06,1.850918555313396836e-03,-4.341027338730887863e-03,-2.170970757065555761e-09,6.189882175936195149e-03,6.636561312256626808e-06
2.231421699276046944e+00,3.805063779815238689e-01,-1.986450744657931866e-02,-3.725274214174381648e-01,-1.701774422374704327e-10,-1.218133413200339188e+00,-3.805063763292597656e-01,-7.705499488285764148e-07,2.062326771430357270e-03,-3.496593526796062945e-02,1.981121183871265975e-10,3.702845210244565255e-02,-6.112069144765646192e-07,8.887667841039512571e-06,1.850337557722279026e-03,-4.314726197388519223e-03,-2.306273946171917888e-09,6.162871522204733769e-03,7.049843770691047588e-06
2.234297242702949049e+00,3.805063758030555188e-01,-1.985856948673992914e-02,-3.726279852847612095e-01,-1.696174366075791505e-10,-1.218026910835837695e+00,-3.805063780572394694e-01,-7.445624849481939887e-07,2.067647474755116878e-03,-3.497830383529436371e-02,1.913684382399937082e-10,3.704613496303437586e-02,-5.905932318800690494e-07,9.036438364484476838e-06,1.850710960695999734e-03,-4.287485385571426083e-03,-2.344989830472811943e-09,6.135967417799263919e-03,7.167851267603848043e-06
2.237172786129851154e+00,3.805063736992501111e-01,-1.985261622369414655e-02,-3.727285846040909734e-01,-1.690768062993610101e-10,-1.217920357734539882e+00,-3.805063797259953806e-01,-7.187277539386499163e-07,2.072970741610604024e-03,-3.499059260370872976e-02,1.846640580672032956e-10,3.706374062590805929e-02,-5.701006986847060118e-07,8.932085171743537477e-06,1.851729603639756328e-03,-4.259609230731333483e-03,-2.318028118400296396e-09,6.109135645836253313e-03,7.085076889665848851e-06
2.240048329556753259e+00,3.805063716693016240e-01,-1.984664764916652113e-02,-3.728292191450716664e-01,-1.685553431148200530e-10,-1.217813754118326708e+00,-3.805063813361667102e-01,-6.931936709273397180e-07,2.078296922359399238e-03,-3.500280122778126612e-02,1.780373564199409971e-10,3.708126913249155943e-02,-5.498466435887652055e-07,8.827331789754474452e-06,1.852737630146371632e-03,-4.231743339368678608e-03,-2.290962893683804570e-09,6.082303619624710757e-03,7.001985075873764681e-06
2.242923872983655365e+00,3.805063697123438060e-01,-1.984066375482194250e-02,-3.729298886772872135e-01,-1.680528232587368338e-10,-1.217707100209065807e+00,-3.805063828884405752e-01,-6.679613837924298099e-07,2.083625986441696529e-03,-3.501492973705225276e-02,1.714886302081263627e-10,3.709872048204849310e-02,-5.298319771056813877e-07,8.722180225172910609e-06,1.853735018118962945e-03,-4.203887730394820048e-03,-2.263794674922573762e-09,6.055471335484148912e-03,6.918577417934564330e-06
2.245799416410557470e+00,3.805063678275072969e-01,-1.983466453241328545e-02,-3.730305929704065271e-01,-1.675690220842611283e-10,-1.217600396228626147e+00,-3.805063843835067017e-01,-6.430320346315969741e-07,2.088957903234211176e-03,-3.502697816111630114e-02,1.650181748477707230e-10,3.711609467383188837e-02,-5.100576051637246363e-07,8.616632491785596829e-06,1.854721745504422014e-03,-4.176042422674058549e-03,-2.236523982559525524e-09,6.028638789729035864e-03,6.834855513211731418e-06
2.248674959837459575e+00,3.805063660139192949e-01,-1.982864997378154873e-02,-3.731313317941836738e-01,-1.671037140972153403e-10,-1.217493642398880249e+00,-3.805063858220574247e-01,-6.184067597415705021e-07,2.094292642050307653e-03,-3.503894652962216694e-02,1.586262842556877825e-10,3.713339170708414294e-02,-4.905244290897735281e-07,8.510690610479502096e-06,1.855697790293520414e-03,-4.148207435023580636e-03,-2.209151338873269722e-09,6.001805978668852369e-03,6.750820964700732614e-06
2.251550503264361680e+00,3.805063642707037230e-01,-1.982262007085608749e-02,-3.732321049184582629e-01,-1.666566729604130825e-10,-1.217386838941700855e+00,-3.805063872047873552e-01,-5.940866895977598873e-07,2.099630172140123669e-03,-3.505083487227265288e-02,1.523132508442268314e-10,3.715061158103705879e-02,-4.712333455931553909e-07,8.404356609210837504e-06,1.856663130521018189e-03,-4.120382786213377946e-03,-2.181677267970103632e-09,5.974972898608132618e-03,6.666475381004469782e-06
2.254426046691263785e+00,3.805063625969815067e-01,-1.981657481565475901e-02,-3.733329121131550021e-01,-1.662276714979929568e-10,-1.217279986078964926e+00,-3.805063885323941575e-01,-5.700729488339664801e-07,2.104970462690700268e-03,-3.506264321882448382e-02,1.460793655160268700e-10,3.716775429491177979e-02,-4.521852467495527837e-07,8.297632522974009113e-06,1.857617744265769883e-03,-4.092568494966165697e-03,-2.154102295775982499e-09,5.948139545846492862e-03,6.581820376308627928e-06
2.257301590118165890e+00,3.805063609918700185e-01,-1.981051420028411697e-02,-3.734337531482847528e-01,-1.658164816997673785e-10,-1.217173084032549868e+00,-3.805063898055777716e-01,-5.463666562222092810e-07,2.110313482826103697e-03,-3.507437159908811941e-02,1.399249176588015444e-10,3.718481984791882633e-02,-4.333810199850020387e-07,8.190520393770582658e-06,1.858561609650832532e-03,-4.064764579957328913e-03,-2.126426950028498778e-09,5.921305916678691258e-03,6.496857570357076516e-06
2.260177133545067996e+00,3.805063594544836891e-01,-1.980443821693957801e-02,-3.735346277939438075e-01,-1.654228747255860060e-10,-1.217066133024336860e+00,-3.805063910250406911e-01,-5.229689246525877908e-07,2.115659201607560710e-03,-3.508602004292771248e-02,1.338501951401320711e-10,3.720180823925805375e-02,-4.148215480599193839e-07,8.083022270577968745e-06,1.859494704843575597e-03,-4.036971059814814002e-03,-2.098651760268789826e-09,5.894472007394639147e-03,6.411588588427020068e-06
2.263052676971970101e+00,3.805063579839335075e-01,-1.979834685790564028e-02,-3.736355358203144461e-01,-1.650466209097146021e-10,-1.216959133276208638e+00,-3.805063921914879632e-01,-4.998808611132961624e-07,2.121007588033577834e-03,-3.509758858026085920e-02,1.278554843023005371e-10,3.721871946811861759e-02,-3.965077090532480869e-07,7.975140209318294388e-06,1.860417008055784398e-03,-4.009187953119099264e-03,-2.070777257833489023e-09,5.867637814279483451e-03,6.326015061304313078e-06
2.265928220398872206e+00,3.805063565793275204e-01,-1.979224011555601875e-02,-3.737364769976651013e-01,-1.646874897652286557e-10,-1.216852085010050377e+00,-3.805063933056271885e-01,-4.771035666706882803e-07,2.126358611040071907e-03,-3.510907724105852973e-02,1.219410699571358156e-10,3.723555353367901527e-02,-3.784403763466458845e-07,7.866876272827071260e-06,1.861328497543773310e-03,-3.981415278403089945e-03,-2.042803975846627673e-09,5.840803333613622285e-03,6.240138625258600442e-06
2.268803763825774311e+00,3.805063552397704996e-01,-1.978611798235384647e-02,-3.738374510963506370e-01,-1.643452499884211431e-10,-1.216744988447749920e+00,-3.805063943681685212e-01,-4.546381364494368611e-07,2.131712239500501045e-03,-3.512048605534492940e-02,1.161072353808837790e-10,3.725231043510701667e-02,-3.606204186087470051e-07,7.758232530821775855e-06,1.862229151608490486e-03,-3.953653054152046244e-03,-2.014732449211514985e-09,5.813968561672743125e-03,6.153960922018401989e-06
2.271679307252676416e+00,3.805063539643641080e-01,-1.977998045085186188e-02,-3.739384578868120146e-01,-1.640196694632261084e-10,-1.216637843811197106e+00,-3.805063953798245024e-01,-4.324856596128010266e-07,2.137068442225991283e-03,-3.513181505319736692e-02,1.103542623091056757e-10,3.726899017155971966e-02,-3.430486997795097408e-07,7.649211059870482160e-06,1.863118948595630410e-03,-3.925901298803519124e-03,-1.986563214602625913e-09,5.787133494727883520e-03,6.067483598746224103e-06
2.274554850679578522e+00,3.805063527522069555e-01,-1.977382751369256494e-02,-3.740394971395770707e-01,-1.637105152656559193e-10,-1.216530651322284440e+00,-3.805063963413102268e-01,-4.106472193429654516e-07,2.142427187965463206e-03,-3.514306426474604617e-02,1.046824309315949891e-10,3.728559274218341824e-02,-3.257260790546217235e-07,7.539813943360292741e-06,1.863997866895737319e-03,-3.898160030747277894e-03,-1.958296810457447636e-09,5.760298129045461450e-03,5.980708308013526521e-06
2.277430394106480627e+00,3.805063516023942660e-01,-1.976765916360841840e-02,-3.741405686252600171e-01,-1.634175536682534118e-10,-1.216423411202906424e+00,-3.805063972533430650e-01,-3.891238928214722089e-07,2.147788445405764655e-03,-3.515423372017402459e-02,9.909201988731815477e-11,3.730211814611374826e-02,-3.086534108699775704e-07,7.430043271465777448e-06,1.864865884944319485e-03,-3.870429268325219566e-03,-1.929933776968316528e-09,5.733462460887323899e-03,5.893636707775678102e-06
2.280305937533382732e+00,3.805063505140185431e-01,-1.976147539342201082e-02,-3.742416721145622738e-01,-1.631405501445589748e-10,-1.216316123674961336e+00,-3.805063981166431075e-01,-3.679167512097625163e-07,2.153152183171796498e-03,-3.516532344971701890e-02,9.358330625938395901e-11,3.731856638247549318e-02,-2.918315448862449900e-07,7.319901141117389247e-06,1.865722981221955247e-03,-3.842709029831315945e-03,-1.901474656074254711e-09,5.706626486510782414e-03,5.806270461346915151e-06
2.283181480960284837e+00,3.805063494861689599e-01,-1.975527619604624044e-02,-3.743428073782720800e-01,-1.628792693735912595e-10,-1.216208788960348786e+00,-3.805063989319328321e-01,-3.470268596297799474e-07,2.158518369826649668e-03,-3.517633348366330792e-02,8.815656557002843260e-11,3.733493745038276440e-02,-2.752613259734783234e-07,7.209389655969703029e-06,1.866569134254407285e-03,-3.814999333511506947e-03,-1.872919991452762770e-09,5.679790202168649542e-03,5.718611237375139643e-06
2.286057024387186942e+00,3.805063485179318583e-01,-1.974906156448449565e-02,-3.744439741872649385e-01,-1.626334752443430858e-10,-1.216101407280970825e+00,-3.805063996999369369e-01,-3.264552771446978902e-07,2.163886973871724431e-03,-3.518726385235353138e-02,8.281207177563204432e-11,3.735123134893885560e-02,-2.589435941958318754e-07,7.098510926369733188e-06,1.867404322612727140e-03,-3.787300197563658530e-03,-1.844270328511627147e-09,5.652953604109304739e-03,5.630660709816789451e-06
2.288932567814089492e+00,3.805063476083902496e-01,-1.974283149183083189e-02,-3.745451723125035604e-01,-1.624029308602909215e-10,-1.215993978858732838e+00,-3.805064004213827844e-01,-3.062030567397026996e-07,2.169257963746868290e-03,-3.519811458618058581e-02,7.755009726175151196e-11,3.736744807723621498e-02,-2.428791847963162338e-07,6.987267069324999634e-06,1.868228524913365584e-03,-3.759611640137475522e-03,-1.815526214380668605e-09,5.626116688576716929e-03,5.542420557911510369e-06
2.291808111240991597e+00,3.805063467566243141e-01,-1.973658597127013817e-02,-3.746464015250381974e-01,-1.621873985439192759e-10,-1.215886503915543093e+00,-3.805064010969998467e-01,-2.862712453029022096e-07,2.174631307830505230e-03,-3.520888571558954822e-02,7.237091283818371836e-11,3.738358763435659093e-02,-2.270689281816555694e-07,6.875660208471762359e-06,1.869041719818288847e-03,-3.731933679334411419e-03,-1.786688197903528941e-09,5.599279451810487002e-03,5.453892466156956880e-06
2.294683654667893702e+00,3.805063459617113453e-01,-1.973032499607832099e-02,-3.747476615960067536e-01,-1.619866398412587673e-10,-1.215778982673311637e+00,-3.805064017275203159e-01,-2.666608836062945970e-07,2.180006974439767983e-03,-3.521957727107741243e-02,6.727478773404508535e-11,3.739965001937078926e-02,-2.115136499071904394e-07,6.763692474042923129e-06,1.869843886035080747e-03,-3.704266333207615041e-03,-1.757756829629377260e-09,5.572441890045898988e-03,5.365078124283337967e-06
2.297559198094795807e+00,3.805063452227253062e-01,-1.972404855962248474e-02,-3.748489522966349519e-01,-1.618004155264384602e-10,-1.215671415353951401e+00,-3.805064023136784379e-01,-2.473730062868587417e-07,2.185384931830625099e-03,-3.523018928319304049e-02,6.226198959288306555e-11,3.741563523133889513e-02,-1.962141706618800886e-07,6.651366002836143159e-06,1.870635002317060439e-03,-3.676609619761843362e-03,-1.728732661804664229e-09,5.545603999513968631e-03,5.275979227228112009e-06
2.300434741521697912e+00,3.805063445387375509e-01,-1.971775665536110514e-02,-3.749502733982362224e-01,-1.616284856062524708e-10,-1.215563802179378206e+00,-3.805064028562109568e-01,-2.284086418277282578e-07,2.190765148198015391e-03,-3.524072178253698229e-02,5.733278446780832671e-11,3.743154326931006498e-02,-1.811713062533679095e-07,6.538682938181762590e-06,1.871415047463388659e-03,-3.648963556953386048e-03,-1.699616248364834342e-09,5.518765776441465071e-03,5.186597475110557997e-06
2.303310284948600017e+00,3.805063439088162691e-01,-1.971144927684419235e-02,-3.750516246722123137e-01,-1.614706093247399110e-10,-1.215456143371510978e+00,-3.805064033558570591e-01,-2.097688125394327573e-07,2.196147591675980202e-03,-3.525117479976138529e-02,5.248743681664501107e-11,3.744737413232263057e-02,-1.663858675931027787e-07,6.425645429910553945e-06,1.872184000319182225e-03,-3.621328162689996938e-03,-1.670408144925988565e-09,5.491927217050976764e-03,5.096934573206191760e-06
2.306185828375502123e+00,3.805063433320268751e-01,-1.970512641771348869e-02,-3.751530058900529596e-01,-1.613265451677795149e-10,-1.215348439152270865e+00,-3.805064038133580406e-01,-1.914545345412627021e-07,2.201532230337797848e-03,-3.526154836556981420e-02,4.772620949711266687e-11,3.746312781940409203e-02,-1.518586606815567703e-07,6.312255634321600943e-06,1.872941839775623969e-03,-3.593703454830794296e-03,-1.641108908776580473e-09,5.465088317560931434e-03,5.006992231921272808e-06
2.309061371802404228e+00,3.805063428074316190e-01,-1.969878807170261439e-02,-3.752544168233364896e-01,-1.611960508676975773e-10,-1.215240689743581459e+00,-3.805064042294576954e-01,-1.734668177427195944e-07,2.206919032196108955e-03,-3.527184251071708437e-02,4.304936376203018403e-11,3.747880432957102770e-02,-1.375904865935115319e-07,6.198515714150025698e-06,1.873688544770071374e-03,-3.566089451186219179e-03,-1.611719098869077856e-09,5.438249074185666325e-03,4.916772166767230714e-06
2.311936915229306333e+00,3.805063423340901974e-01,-1.969243423263727227e-02,-3.753558572437294960e-01,-1.610788834078896191e-10,-1.215132895367370791e+00,-3.805064046049019266e-01,-1.558066658250486993e-07,2.212307965203058700e-03,-3.528205726600917858e-02,3.845715925454135289e-11,3.749440366182910100e-02,-1.235821414634099881e-07,6.084427838534658321e-06,1.874424094286173889e-03,-3.538486169517937423e-03,-1.582239275811601373e-09,5.411409483135449887e-03,4.826276098334997477e-06
2.314812458656208438e+00,3.805063419110590872e-01,-1.968606489443540386e-02,-3.754573269229874444e-01,-1.609747990274562431e-10,-1.215025056245568003e+00,-3.805064049404391358e-01,-1.384750762228770384e-07,2.217698997250423451e-03,-3.529219266230311514e-02,3.394985400336711246e-11,3.750992581517315072e-02,-1.098344164707904971e-07,5.969994182985681104e-06,1.875148467353983080e-03,-3.510893627538758978e-03,-1.552670001859564651e-09,5.384569540616528614e-03,4.735505752269353433e-06
2.317688002083110543e+00,3.805063415373921010e-01,-1.967968005110736288e-02,-3.755588256329544516e-01,-1.608835532258519925e-10,-1.214917172600106010e+00,-3.805064052368197780e-01,-1.214730401059316391e-07,2.223092096169745208e-03,-3.530224873050671203e-02,2.952770441807921490e-11,3.752537078858701053e-02,-9.634809782578630836e-08,5.855216929352118551e-06,1.875861643050059750e-03,-3.483311842912575028e-03,-1.523011840907268884e-09,5.357729242831178219e-03,4.644462859243138492e-06
2.320563545510012649e+00,3.805063412121402200e-01,-1.967327969675608870e-02,-3.756603531455637301e-01,-1.608049007675481423e-10,-1.214809244652920617e+00,-3.805064054947967511e-01,-1.048015423608668933e-07,2.228487229732469075e-03,-3.531222550157855217e-02,2.519096528440149709e-11,3.754073858104366862e-02,-8.312396675471084874e-08,5.740098265789413804e-06,1.876563600497594070e-03,-3.455740833254276022e-03,-1.493265358479523503e-09,5.330888585977747000e-03,4.553149154931534522e-06
2.323439088936914754e+00,3.805063409343515390e-01,-1.966686382557729026e-02,-3.757619092328374766e-01,-1.607385956867089581e-10,-1.214701272625950512e+00,-3.805064057151250068e-01,-8.846156157317095352e-08,2.233884365650074238e-03,-3.532212300652779607e-02,2.093988975953184151e-11,3.755602919150512198e-02,-7.016279948570443135e-08,5.624640386726807708e-06,1.877254318866513998e-03,-3.428180616129671877e-03,-1.463431121723212231e-09,5.304047566250687934e-03,4.461566379986184256e-06
2.326314632363816859e+00,3.805063407030713774e-01,-1.966043243185959868e-02,-3.758634936668870941e-01,-1.606843912918811379e-10,-1.214593256741137273e+00,-3.805064058985618280e-01,-7.245407000917733460e-08,2.239283471574207100e-03,-3.533194127641403615e-02,1.677472936749156000e-11,3.757124261892241107e-02,-5.746536723446741505e-08,5.508845492834755150e-06,1.877933777373596083e-03,-3.400631209055421725e-03,-1.433509699398872187e-09,5.277206179840616788e-03,4.369716280009350014e-06
2.329190175790718964e+00,3.805063405173422231e-01,-1.965398550998476157e-02,-3.759651062199135252e-01,-1.606420401706969286e-10,-1.214485197220426027e+00,-3.805064060458668851e-01,-5.678003359815484494e-08,2.244684515096824397e-03,-3.534168034234717176e-02,1.269573399449437627e-11,3.758637886223568231e-02,-4.503243619005188846e-08,5.392715790992177918e-06,1.878601955282585383e-03,-3.373092629498936762e-03,-1.403501661872229343e-09,5.250364422934337277e-03,4.277600605527941977e-06
2.332065719217621069e+00,3.805063403762039553e-01,-1.964752305442779221e-02,-3.760667466642070300e-01,-1.606112941945900634e-10,-1.214377094285763459e+00,-3.805064061578016243e-01,-4.144041191451712210e-08,2.250087463750315500e-03,-3.535134023548724275e-02,8.703151884347174042e-12,3.760143792037404925e-02,-3.286476750075164295e-08,5.276253494253824285e-06,1.879258831904300842e-03,-3.345564894878329514e-03,-1.373407581105760454e-09,5.223522291714909581e-03,4.185221111967614226e-06
2.334941262644523174e+00,3.805063402786934001e-01,-1.964104505975715689e-02,-3.761684147721477967e-01,-1.605919045235254776e-10,-1.214268948159102024e+00,-3.805064062351299348e-01,-2.643615816009821023e-08,2.255492285007648992e-03,-3.536092098704432529e-02,4.797229633866945545e-12,3.761641979225566895e-02,-2.096311726004136614e-08,5.159460821817377026e-06,1.879904386596753692e-03,-3.318048022562327531e-03,-1.343228030650191088e-09,5.196679782361676367e-03,4.092579559626691373e-06
2.337816806071425280e+00,3.805063402238449966e-01,-1.963455152063494150e-02,-3.762701103162056637e-01,-1.605836216107416120e-10,-1.214160759062394401e+00,-3.805064062786179813e-01,-1.176821914653882264e-08,2.260898946282505814e-03,-3.537042262827836542e-02,9.782121883270596249e-13,3.763132447678770726e-02,-9.328236492606348829e-09,5.042339998990621574e-06,1.880538598765260638e-03,-3.290542029870174075e-03,-1.312963585636011447e-09,5.169836891050304424e-03,3.999677713650113829e-06
2.340692349498327385e+00,3.805063402106900750e-01,-1.962804243181701797e-02,-3.763718330689403979e-01,-1.605861952075061589e-10,-1.214052527217598598e+00,-3.805064062890338716e-01,2.562464722229688290e-09,2.266307414929410666e-03,-3.537984519049904714e-02,-2.753657163071540383e-12,3.764615197286633186e-02,2.039128859551725243e-09,4.924893257158581144e-06,1.881161447862554669e-03,-3.263046934071586053e-03,-1.282614822764978113e-09,5.142993613952842775e-03,3.906517344003372902e-06
2.343567892925229490e+00,3.805063402382577453e-01,-1.962151778815321435e-02,-3.764735828030020270e-01,-1.605993743678845518e-10,-1.213944252846674399e+00,-3.805064062671479341e-01,1.655495946742610096e-08,2.271717658243872957e-03,-3.538918870506560510e-02,-6.398136791709729944e-12,3.766090227937665680e-02,1.313823795094953270e-08,4.807122833750431620e-06,1.881772913388901928e-03,-3.235562752386648630e-03,-1.252182320301563279e-09,5.116149947237755638e-03,3.813100225446266760e-06
2.346443436352131595e+00,3.805063403055740645e-01,-1.961497758458749519e-02,-3.765753592911306735e-01,-1.606229074535216116e-10,-1.213835936171585583e+00,-3.805064062137325509e-01,3.020833755273784125e-08,2.277129643462523414e-03,-3.539845320338674828e-02,-9.954986734027950080e-12,3.767557539519283960e-02,2.396835504635911636e-08,4.689030972206596874e-06,1.882372974892214910e-03,-3.208089501985751484e-03,-1.221666658064450711e-09,5.089305887069978801e-03,3.719428137506801219e-06
2.349318979779033700e+00,3.805063404116625914e-01,-1.960842181615810725e-02,-3.766771623061569430e-01,-1.606565421384358341e-10,-1.213727577414299263e+00,-3.805064061295623246e-01,4.352167790156846591e-08,2.282543337763250687e-03,-3.540763871692048648e-02,-1.342396869598526179e-11,3.769017131917795638e-02,3.452874953448838466e-08,4.570619921945579797e-06,1.882961611968167817e-03,-3.180627199989505098e-03,-1.191068417417960367e-09,5.062461429610947382e-03,3.625502864454877093e-06
2.352194523205935806e+00,3.805063405555442202e-01,-1.960185047799778077e-02,-3.767789916210019241e-01,-1.607000254138264467e-10,-1.213619176796784993e+00,-3.805064060154139116e-01,5.649406591417794419e-08,2.287958708265339265e-03,-3.541674527717402626e-02,-1.680484605749143914e-11,3.770469005018407815e-02,4.481869594157804806e-08,4.451891938330833995e-06,1.883538804260310832e-03,-3.153175863468654465e-03,-1.160388181263486664e-09,5.035616571018647000e-03,3.531326195276014386e-06
2.355070066632838355e+00,3.805063407362371808e-01,-1.959526356533386471e-02,-3.768808470086774109e-01,-1.607531035928935449e-10,-1.213510734541016323e+00,-3.805064058720661335e-01,6.912459348472916034e-08,2.293375722029603915e-03,-3.542577291570351422e-02,-2.009738387681391979e-11,3.771913158705217373e-02,5.483747394492185020e-08,4.332849282637561792e-06,1.884104531460181579e-03,-3.125735509444016631e-03,-1.129626534030913584e-09,5.008771307447662351e-03,3.436899923645015070e-06
2.357945610059740460e+00,3.805063409527572049e-01,-1.958866107348851762e-02,-3.769827282422860137e-01,-1.608155223156702746e-10,-1.213402250868970356e+00,-3.805064057002994771e-01,8.141235901824141698e-08,2.298794346058534530e-03,-3.543472166411400226e-02,-2.330134889496155851e-11,3.773349592861217211e-02,6.458436838631547744e-08,4.213494222019447011e-06,1.884658773307426767e-03,-3.098306154886396567e-03,-1.098784061670020681e-09,4.981925635049224907e-03,3.342225847899578855e-06
2.360821153486642565e+00,3.805063412041173043e-01,-1.958204299787886724e-02,-3.770846350950211590e-01,-1.608870265538681200e-10,-1.213293726002627304e+00,-3.805064055008970381e-01,9.335646744744121596e-08,2.304214547296427103e-03,-3.544359155405929496e-02,-2.641650954004095932e-11,3.774778307368296254e-02,7.405866928542218290e-08,4.093829029475393684e-06,1.885201509589911478e-03,-3.070887816716493055e-03,-1.067861351641879988e-09,4.955079549971239811e-03,3.247305771013911342e-06
2.363696696913544670e+00,3.805063414893281037e-01,-1.957540933401717351e-02,-3.771865673401675889e-01,-1.609673606157343671e-10,-1.213185160163970266e+00,-3.805064052746436332e-01,1.049560302495274028e-07,2.309636292629529443e-03,-3.545238261724176915e-02,-2.944263593159172426e-11,3.776199302107231121e-02,8.325967185307127650e-08,3.973855983816105521e-06,1.885732720143838866e-03,-3.043480511804843615e-03,-1.036858992910220460e-09,4.928233048358347454e-03,3.152141500572221203e-06
2.366572240340446776e+00,3.805063418073975079e-01,-1.956876007751101598e-02,-3.772885247511010287e-01,-1.610562681509221287e-10,-1.213076553574986560e+00,-3.805064050223260774e-01,1.162101654628355670e-07,2.315059548886174746e-03,-3.546109488541222127e-02,-3.237949988489450047e-11,3.777612576957691676e-02,9.218667650447686824e-08,3.853577369630645046e-06,1.886252384853861173e-03,-3.016084256971729091e-03,-1.005777575932784556e-09,4.901386126351966847e-03,3.056734848742196195e-06
2.369447783767348881e+00,3.805063421573309235e-01,-1.956209522406341175e-02,-3.773905071012889079e-01,-1.611534921553726756e-10,-1.212967906457666611e+00,-3.805064047447332953e-01,1.271179977034083495e-07,2.320484282836926017e-03,-3.546972839036974245e-02,-3.522687491525582747e-11,3.779018131798234786e-02,1.008389888723810997e-07,3.732995477252935989e-06,1.886760483653197483e-03,-2.988699068987104267e-03,-9.746176926526682792e-10,4.874538780090332049e-03,2.961087632248424110e-06
2.372323327194250986e+00,3.805063425381313147e-01,-1.955541476947304444e-02,-3.774925141642898052e-01,-1.612587749762099669e-10,-1.212859219034004399e+00,-3.805064044426562098e-01,1.376786581814519291e-07,2.325910461194708335e-03,-3.547828316396160059e-02,-3.798453624226255970e-11,3.780415966506307790e-02,1.092159198201079675e-07,3.612112602728399080e-06,1.887256996523753189e-03,-2.961324964570511559e-03,-9.433799364896955420e-10,4.847691005708543339e-03,2.865201672345934010e-06
2.375198870621153091e+00,3.805063429487992588e-01,-1.954871870963438216e-02,-3.775945457137541150e-01,-1.613718583166477183e-10,-1.212750491525997454e+00,-3.805064041168876865e-01,1.478912847177307822e-07,2.331338050614960213e-03,-3.548675923808305988e-02,-4.065226079402099914e-11,3.781806080958250577e-02,1.173167854545679655e-07,3.490931047780142304e-06,1.887741903496232979e-03,-2.933961960390994717e-03,-9.120649023316831418e-10,4.820842799338604517e-03,2.769078794793380011e-06
2.378074414048055196e+00,3.805063433883325574e-01,-1.954200704053786833e-02,-3.776966015234240470e-01,-1.614924832409080766e-10,-1.212641724155647083e+00,-3.805064037682224787e-01,1.577550217598333891e-07,2.336767017695764136e-03,-3.549515664467724207e-02,-4.322982721136263049e-11,3.783188475029284487e-02,1.251409071391603421e-07,3.369453119775447200e-06,1.888215184650254667e-03,-2.906610073067037239e-03,-8.806731865257744910e-10,4.793994157109477544e-03,2.672720829826450374e-06
2.380949957474957301e+00,3.805063438557268474e-01,-1.953527975827007088e-02,-3.777986813671337374e-01,-1.616203901791529603e-10,-1.212532917144957700e+00,-3.805064033974573379e-01,1.672690203983597078e-07,2.342197328977991405e-03,-3.550347541573495996e-02,-4.571701585202921565e-11,3.784563148593518556e-02,1.326876115066126773e-07,3.247681131692017131e-06,1.888676820114469114e-03,-2.879269319166479976e-03,-8.492053868697161715e-10,4.767145075147131116e-03,2.576129612131099149e-06
2.383825500901859407e+00,3.805063443499751563e-01,-1.952853685901385569e-02,-3.779007850188093043e-01,-1.617553189324269030e-10,-1.212424070715937718e+00,-3.805064030053910140e-01,1.764324383830033396e-07,2.347628950945445693e-03,-3.551171558329464795e-02,-4.811360879483099835e-11,3.785930101523949515e-02,1.399562304717386415e-07,3.125617402084256066e-06,1.889126790066679266e-03,-2.851939715206412707e-03,-8.176621026031421384e-10,4.740295549574559744e-03,2.479306980816799841e-06
2.386701044328761512e+00,3.805063448700682915e-01,-1.952177833904854970e-02,-3.780029122524690144e-01,-1.618970086776119430e-10,-1.212315185090599101e+00,-3.805064025928240889e-01,1.852444401385381105e-07,2.353061850024997480e-03,-3.551987717944210532e-02,-5.041938984378008042e-11,3.787289333692457627e-02,1.469461012441168477e-07,3.003264255049467720e-06,1.889565074733949449e-03,-2.824621277653136843e-03,-7.860439343988369358e-10,4.713445576511863556e-03,2.382254779389729612e-06
2.389576587755663617e+00,3.805063454149944513e-01,-1.951500419475009351e-02,-3.781050628422236715e-01,-1.620451979723946879e-10,-1.212206260490958032e+00,-3.805064021605590319e-01,1.937041967807111624e-07,2.358495992586734109e-03,-3.552796023631043382e-02,-5.263414453219987448e-11,3.788640844969805993e-02,1.536565663406997576e-07,2.880624020193963233e-06,1.889991654392729394e-03,-2.797314022922055277e-03,-7.543514843539735789e-10,4.686595152076272579e-03,2.284974855725892083e-06
2.392452131182565722e+00,3.805063459837395023e-01,-1.950821442259122185e-02,-3.782072365622763388e-01,-1.621996247602446491e-10,-1.212097297139033358e+00,-3.805064017094003104e-01,2.018108861320323093e-07,2.363931344944095961e-03,-3.553596478607988496e-02,-5.475766012680735008e-11,3.789984635225641940e-02,1.600869735983359518e-07,2.757699032599209490e-06,1.890406509368969170e-03,-2.770017967377602988e-03,-7.225853559813658087e-10,4.659744272382196177e-03,2.187469062044258767e-06
2.395327674609467383e+00,3.805063465752872021e-01,-1.950140901914161964e-02,-3.783094331869228388e-01,-1.623600263754046742e-10,-1.211988295256848813e+00,-3.805064012401540574e-01,2.095636927374710925e-07,2.369367873354021308e-03,-3.554389086097763106e-02,-5.678972563177178930e-11,3.791320704328492858e-02,1.662366761862229703e-07,2.634491632787816522e-06,1.890809620038235188e-03,-2.742733127333173322e-03,-6.907461542006730947e-10,4.632892933541275966e-03,2.089739254879791487e-06
2.398203218036369488e+00,3.805063471886185322e-01,-1.949458798106808166e-02,-3.784116524905515866e-01,-1.625261395478928569e-10,-1.211879255066431016e+00,-3.805064007536284043e-01,2.169618078800540193e-07,2.374805544017091156e-03,-3.555173849327777219e-02,-5.873013179274729868e-11,3.792649052145773830e-02,1.721050326182785991e-07,2.511004166689571901e-06,1.891200966825832067e-03,-2.715459519051002628e-03,-6.588344853296240412e-10,4.606041131662404892e-03,1.991787295056504196e-06
2.401078761463271594e+00,3.805063478227126428e-01,-1.948775130513466861e-02,-3.785138942476439783e-01,-1.626977004085159746e-10,-1.211770176789810805e+00,-3.805064002506333698e-01,2.240044295963639952e-07,2.380244323077668027e-03,-3.555950771530103083e-02,-6.057867110088051865e-11,3.793969678543775842e-02,1.776914067654339123e-07,2.387238985607332845e-06,1.891580530206914308e-03,-2.688197158742143371e-03,-6.268509570752002970e-10,4.579188862851811363e-03,1.893615047660405137e-06
2.403954304890174143e+00,3.805063484765459636e-01,-1.948089898820287713e-02,-3.786161582327744468e-01,-1.628744444938944044e-10,-1.211661060649023014e+00,-3.805063997319805824e-01,2.306907626919424002e-07,2.385684176624042543e-03,-3.556719855941468944e-02,-6.233513779679310400e-11,3.795282583387669245e-02,1.829951678678533368e-07,2.263198446182916200e-06,1.891948290706609677e-03,-2.660946062566344871e-03,-5.947961785248162242e-10,4.552336123213081807e-03,1.795224382012439861e-06
2.406829848317076248e+00,3.805063491490929262e-01,-1.947403102723180637e-02,-3.787184442206104062e-01,-1.630561067514987480e-10,-1.211551906866106254e+00,-3.805063991984837801e-01,2.370200187565916395e-07,2.391125070688575674e-03,-3.557481105803242394e-02,-6.399932787453784441e-11,3.796587766541503761e-02,1.880156905470695380e-07,2.138884910362963011e-06,1.892304228900132390e-03,-2.633706246631988251e-03,-5.626707601374987757e-10,4.525482908847207504e-03,1.696617171641414127e-06
2.409705391743978353e+00,3.805063498393256860e-01,-1.946714741927830020e-02,-3.788207519859126959e-01,-1.632424215446972104e-10,-1.211442715663103131e+00,-3.805063986509580887e-01,2.429914161795790668e-07,2.396566971247843583e-03,-3.558234524361413714e-02,-6.557103908553042191e-11,3.797885227868209868e-02,1.927523548180462272e-07,2.014300745364722627e-06,1.892648325412906720e-03,-2.606477726995997963e-03,-5.304753137350416252e-10,4.498629215852639231e-03,1.597795294256856656e-06
2.412580935170880458e+00,3.805063505462139561e-01,-1.946024816149712067e-02,-3.789230813035354695e-01,-1.634331226578149207e-10,-1.211333487262060249e+00,-3.805063980902209098e-01,2.486041801647464905e-07,2.402009844222785084e-03,-3.558980114866588940e-02,-6.705007094245559039e-11,3.799174967229596023e-02,1.972045461011612695e-07,1.889448323641734104e-06,1.892980560920683869e-03,-2.579260519663756357e-03,-4.982104524931349992e-10,4.471775040325314150e-03,1.498760631721794859e-06
2.415456478597782564e+00,3.805063512687253957e-01,-1.945333325114112152e-02,-3.790254319484264722e-01,-1.636279433012039548e-10,-1.211224221885027541e+00,-3.805063975170908663e-01,2.538575427455153094e-07,2.407453655478840847e-03,-3.559717880573962795e-02,-6.843622472314736350e-11,3.800456984486343809e-02,2.013716552341104874e-07,1.764330022849550803e-06,1.893300916149655809e-03,-2.552054640589041662e-03,-4.658767909325064696e-10,4.444920378358728670e-03,1.399515070025566774e-06
2.418332022024684669e+00,3.805063520058254989e-01,-1.944640268556136614e-02,-3.791278036956270414e-01,-1.638266161163245769e-10,-1.211114919754059827e+00,-3.805063969323888573e-01,2.587507427997984221e-07,2.412898370826102156e-03,-3.560447824743311063e-02,-6.972930347444396069e-11,3.801731279498012789e-02,2.052530784837342528e-07,1.638948225811357629e-06,1.893609371876580618e-03,-2.524860105673932577e-03,-4.334749449100308299e-10,4.418065226043966197e-03,1.300060499256545759e-06
2.421207565451586774e+00,3.805063527564774839e-01,-1.943945646220733570e-02,-3.792301963202725501e-01,-1.640288731808378023e-10,-1.211005581091215255e+00,-3.805063963369370583e-01,2.632830260648065744e-07,2.418343956019456623e-03,-3.561169950638978093e-02,-7.092911201601699427e-11,3.802997852123041894e-02,2.088482175577640603e-07,1.513305320483600127e-06,1.893905908928898924e-03,-2.497676930768715463e-03,-4.010055316098510868e-10,4.391209579469742240e-03,1.200398813574887413e-06
2.424083108878488879e+00,3.805063535196423485e-01,-1.943249457862704366e-02,-3.793326095975919632e-01,-1.642344460137086370e-10,-1.210896206118557306e+00,-3.805063957315595879e-01,2.674536451517647096e-07,2.423790376758733472e-03,-3.561884261529858070e-02,-7.203545694417616417e-11,3.804256702218741099e-02,2.121564796164936089e-07,1.387403699921428718e-06,1.894190508184854030e-03,-2.470505131671832302e-03,-3.684691695344397913e-10,4.364353434722460789e-03,1.100531911185105623e-06
2.426958652305390984e+00,3.805063542942792587e-01,-1.942551703246722314e-02,-3.794350433029084479e-01,-1.644430655803201731e-10,-1.210786795058151899e+00,-3.805063951170822301e-01,2.712618595605185756e-07,2.429237598688847952e-03,-3.562590760689378355e-02,-7.304814663564563472e-11,3.805507829641296275e-02,2.151772772843667157e-07,1.261245762244292852e-06,1.894463150573606845e-03,-2.443344724129775311e-03,-3.358664784957120690e-10,4.337496787886255083e-03,1.000461694308784965e-06
2.429834195732293090e+00,3.805063550793448823e-01,-1.941852382147348649e-02,-3.795374972116395962e-01,-1.646544622975988777e-10,-1.210677348132070730e+00,-3.805063944943324339e-01,2.747069356940523932e-07,2.434685587399951397e-03,-3.563289451395486307e-02,-7.396699125131873669e-11,3.806751234245762949e-02,2.179100286614930729e-07,1.134833910601259879e-06,1.894723817075362297e-03,-2.416195723837014087e-03,-3.031980796060559834e-10,4.310639635043033574e-03,9.001900691570878202e-07
2.432709739159195195e+00,3.805063558737939444e-01,-1.941151494349044673e-02,-3.796399710992970356e-01,-1.648683660391503763e-10,-1.210567865562387935e+00,-3.805063938641393695e-01,2.777881468728991622e-07,2.440134308427575199e-03,-3.563980336930636789e-02,-7.479180273998268407e-11,3.807986915886076712e-02,2.203541573350769193e-07,1.008170553136501638e-06,1.894972488721482964e-03,-2.389058146435914937e-03,-2.704645952694142882e-10,4.283781972272529374e-03,7.997189459033440697e-07
2.435585282586097300e+00,3.805063566765791161e-01,-1.940449039646191878e-02,-3.797424647414868182e-01,-1.650845061404058345e-10,-1.210458347571183646e+00,-3.805063932273337612e-01,2.805047733494558368e-07,2.445583727252781305e-03,-3.564663420581774822e-02,-7.552239484202095688e-11,3.809214874415039337e-02,2.225090923907728669e-07,8.812581029545828266e-07,1.895209146594614182e-03,-2.361932007516643305e-03,-2.376666491723118444e-10,4.256923795652333212e-03,6.990502386555577805e-07
2.438460826012999405e+00,3.805063574866510701e-01,-1.939745017843105476e-02,-3.798449779139098648e-01,-1.653026114037790156e-10,-1.210348794380540882e+00,-3.805063925847479434e-01,2.828561023221958495e-07,2.451033809302305324e-03,-3.565338705640322403e-02,-7.615858309308784431e-11,3.810435109684329191e-02,2.243742684239607563e-07,7.540989780857972456e-07,1.895433771828799411e-03,-2.334817322617110426e-03,-2.048048662748933504e-10,4.230065101257964554e-03,5.981858654288726008e-07
2.441336369439901510e+00,3.805063583029583141e-01,-1.939039428754048972e-02,-3.799475103923614094e-01,-1.655224101038340914e-10,-1.210239206212547991e+00,-3.805063919372160819e-01,2.848414279497840158e-07,2.456484519948708319e-03,-3.566006195402156992e-02,-7.670018482775786216e-11,3.811647621544492215e-02,2.259491255509402562e-07,6.266956014514027016e-07,1.895646345609602532e-03,-2.307714107222869244e-03,-1.718798728019407301e-10,4.203205885162901098e-03,4.971277481180300596e-07
2.444211912866803615e+00,3.805063591244474130e-01,-1.938332272203252202e-02,-3.800500619527320545e-01,-1.657436299924636635e-10,-1.210129583289296429e+00,-3.805063912855737307e-01,2.864600513650924408e-07,2.461935824510523823e-03,-3.566665893167608736e-02,-7.714701918315001883e-11,3.812852409844946777e-02,2.272331094200480116e-07,4.990504008287546980e-07,1.895846849174230358e-03,-2.280622376767028545e-03,-1.388922962338561394e-10,4.176346143438615204e-03,3.958778124696809067e-07
2.447087456293705721e+00,3.805063599500628224e-01,-1.937623548024925216e-02,-3.801526323710068267e-01,-1.659659983040773575e-10,-1.210019925832882981e+00,-3.805063906306581090e-01,2.877112806891110769e-07,2.467387688252407028e-03,-3.567317802241431329e-02,-7.749890710252490071e-11,3.814049474433980208e-02,2.282256712226944837e-07,3.711658088164696640e-07,1.896035263811646915e-03,-2.253542146630193969e-03,-1.058427652976638318e-10,4.149485872154650215e-03,2.944379880547837505e-07
2.449962999720607826e+00,3.805063607787471658e-01,-1.936913256063273886e-02,-3.802552214232661210e-01,-1.661892417608001356e-10,-1.209910234065408874e+00,-3.805063899733079902e-01,2.885944310447633603e-07,2.472840076385282235e-03,-3.567961925932797845e-02,-7.775567133885614078e-11,3.815238815158749491e-02,2.289262677043194203e-07,2.430442627997281555e-07,1.896211570862701588e-03,-2.226473432140363504e-03,-7.273190995803420132e-11,4.122625067378643017e-03,1.928102082410568988e-07
2.452838543147509931e+00,3.805063616094409573e-01,-1.936201396172515174e-02,-3.803578288856855893e-01,-1.664130865776819063e-10,-1.209800508208979331e+00,-3.805063893143636466e-01,2.891088245706200454e-07,2.478292954066493338e-03,-3.568598267555280618e-02,-7.791713645837709768e-11,3.816420431865284041e-02,2.293343611752723124e-07,1.146882049150587719e-07,1.896375751720244919e-03,-2.199416248572851149e-03,-3.956036140818566834e-11,4.095763725176379544e-03,9.099641016505958462e-08
2.455714086574412036e+00,3.805063624410829903e-01,-1.935487968216893784e-02,-3.804604545345361410e-01,-1.666372584679164395e-10,-1.209690748485703349e+00,-3.805063886546669605e-01,2.892537904345110240e-07,2.483746286399953884e-03,-3.569226830426833197e-02,-7.798312884410000512e-11,3.817594324398473904e-02,2.294494195216068759e-07,-1.389991798454847036e-08,1.896527787829250036e-03,-2.172370611150214060e-03,-6.328752060865738746e-12,4.068901841611842485e-03,-1.100146529548971976e-08
2.458589630001314141e+00,3.805063632726098932e-01,-1.934772972070696040e-02,-3.805630981461841644e-01,-1.668614826480704662e-10,-1.209580955117695922e+00,-3.805063879950614236e-01,2.890286648470371417e-07,2.489200038436297988e-03,-3.569847617869786188e-02,-7.795347669931018960e-11,3.818760492602087109e-02,2.292709162158021856e-07,-1.427176543645318356e-07,1.896667660686937769e-03,-2.145336535042144561e-03,2.696228446066685775e-11,4.042039412747248581e-03,-1.131814735493745529e-07
2.461465173428216247e+00,3.805063641029565735e-01,-1.934056407618265847e-02,-3.806657594970915270e-01,-1.670854838433232215e-10,-1.209471128327075373e+00,-3.805063873363919713e-01,2.884327910749820123e-07,2.494654175173027788e-03,-3.570460633210818802e-02,-7.782801005103346940e-11,3.819918936318750929e-02,2.287983303273984713e-07,-2.717625480440721015e-07,1.896795351842892443e-03,-2.118314035365417673e-03,6.031211333177174708e-11,4.015176434643110207e-03,-2.155416663199118155e-07
2.464340716855118352e+00,3.805063649310559404e-01,-1.933338274754019259e-02,-3.807684383638162418e-01,-1.673089862927155000e-10,-1.209361268335965134e+00,-3.805063866795047600e-01,2.874655194546232990e-07,2.500108661554664800e-03,-3.571065879780949137e-02,-7.760656075347820813e-11,3.821069655389960906e-02,2.280311465335566273e-07,-4.010321382310574176e-07,1.896910842899183960e-03,-2.091303127183793097e-03,9.372009853546255362e-11,3.988312903358275270e-03,-3.180800916726699571e-07
2.467216260282020901e+00,3.805063657558391266e-01,-1.932618573382461485e-02,-3.808711345230115231e-01,-1.675317137544086378e-10,-1.209251375366493075e+00,-3.805063860252478336e-01,2.861262074049397048e-07,2.505563462472905605e-03,-3.571663360915525165e-02,-7.728896249145053676e-11,3.822212649656084316e-02,2.269688551295343688e-07,-5.305239595572277480e-07,1.897014115510497903e-03,-2.064303825507919805e-03,1.271856028714932821e-10,3.961448814949964509e-03,-4.207947940433537643e-07
2.470091803708923006e+00,3.805063665762354330e-01,-1.931897303418200415e-02,-3.809738477514271193e-01,-1.677533895109536526e-10,-1.209141449640791288e+00,-3.805063853744705127e-01,2.844142194407209786e-07,2.511018542766766705e-03,-3.572253079954196969e-02,-7.687505078374367442e-11,3.823347918956349761e-02,2.256109520390860233e-07,-6.602355421135582295e-07,1.897105151384243741e-03,-2.037316145295278366e-03,1.607079879655035782e-10,3.934584165473840878e-03,-5.236838142658666019e-07
2.472967347135825111e+00,3.805063673911721622e-01,-1.931174464785961886e-02,-3.810765778259086467e-01,-1.679737363745693800e-10,-1.209031491380997192e+00,-3.805063847280235056e-01,2.823289271855754819e-07,2.516473867222741943e-03,-3.572835040240913973e-02,-7.636466298650174888e-11,3.824475463128852726e-02,2.239569388247774593e-07,-7.901644114852717823e-07,1.897183932280689699e-03,-2.010340101450079024e-03,1.942866142780684264e-10,3.907718950984035572e-03,-6.267451896000877862e-07
2.475842890562727217e+00,3.805063681995751734e-01,-1.930450057420604604e-02,-3.811793245233978666e-01,-1.681924766924310272e-10,-1.208921500809252203e+00,-3.805063840867590197e-01,2.798697093848318244e-07,2.521929400574948223e-03,-3.573409245123897182e-02,-7.575763829655590642e-11,3.825595282010551407e-02,2.220063226982234061e-07,-9.203080887873569478e-07,1.897250440013071833e-03,-1.983375708823186673e-03,2.279208411138797004e-10,3.880853167533206138e-03,-7.299769537600455627e-07
2.478718433989629322e+00,3.805063690003682164e-01,-1.929724081267137140e-02,-3.812820876209330190e-01,-1.684093323519677470e-10,-1.208811478147703289e+00,-3.805063834515306498e-01,2.770359519183480136e-07,2.527385107505285972e-03,-3.573975697955635022e-02,-7.505381775473583891e-11,3.826707375437272962e-02,2.197586165302460522e-07,-1.050664090699768566e-06,1.897304656447729122e-03,-1.956422982212034124e-03,2.616100266308439602e-10,3.853986811172584615e-03,-8.333771369418326652e-07
2.481593977416531427e+00,3.805063697924734312e-01,-1.928996536280729729e-02,-3.813848668956488219e-01,-1.686240247861698295e-10,-1.208701423618501192e+00,-3.805063828231933232e-01,2.738270478132071556e-07,2.532840952643587457e-03,-3.574534402092861829e-02,-7.425304424915356165e-11,3.827811743243704490e-02,2.172133388609456581e-07,-1.181229929502893047e-06,1.897346563504217739e-03,-1.929481936360528428e-03,2.953535278492505605e-10,3.827119877952009624e-03,-9.369437658517442735e-07
2.484469520843433532e+00,3.805063705748111813e-01,-1.928267422426732311e-02,-3.814876621247763611e-01,-1.688362749789052759e-10,-1.208591337443801983e+00,-3.805063822026035214e-01,2.702423972563263341e-07,2.538296900567768143e-03,-3.575085360896547437e-02,-7.335516251846258246e-11,3.828908385263403436e-02,2.143700139097016335e-07,-1.312003113112841371e-06,1.897376143155436387e-03,-1.902552585958990593e-03,3.291507006608941603e-10,3.800252363919998360e-03,-1.040674863734268535e-06
2.487345064270335637e+00,3.805063713463001651e-01,-1.927536739680686673e-02,-3.815904730856436999e-01,-1.690458034702462210e-10,-1.208481219845766397e+00,-3.805063815906189473e-01,2.662814076069455294e-07,2.543752915803983682e-03,-3.575628577731868735e-02,-7.236001915508773187e-11,3.829997301328781634e-02,2.112281715850791166e-07,-1.442981145117150049e-06,1.897393377427745781e-03,-1.875634945644055621e-03,3.630008998383033182e-10,3.773384265123779120e-03,-1.144568450400411030e-06
2.490220607697237742e+00,3.805063721058573600e-01,-1.926804488028344489e-02,-3.816932995556756025e-01,-1.692523303618033954e-10,-1.208371071046560274e+00,-3.805063809880985248e-01,2.619434934090311978e-07,2.549208962826784736e-03,-3.576164055968215905e-02,-7.126746260843303407e-11,3.831078491271123349e-02,2.077873474946693798e-07,-1.574161524810039291e-06,1.897398248401098528e-03,-1.848729029998576884e-03,3.969034790438526628e-10,3.746515577609330766e-03,-1.248622542255655113e-06
2.493096151124139848e+00,3.805063728523981337e-01,-1.926070667465678773e-02,-3.817961413123936998e-01,-1.694555753220712892e-10,-1.208260891268353898e+00,-3.805063803959028434e-01,2.572280764035662437e-07,2.554665006059267038e-03,-3.576691798979156345e-02,-7.007734318805855874e-11,3.832151954920570008e-02,2.040470829548357638e-07,-1.705541747228174737e-06,1.897390738209152978e-03,-1.821834853551573645e-03,4.308577908390075145e-10,3.719646297421449945e-03,-1.352835152328327995e-06
2.495971694551041953e+00,3.805063735848359663e-01,-1.925335277998900183e-02,-3.818989981334168782e-01,-1.696552575917809925e-10,-1.208150680733322435e+00,-3.805063798148934917e-01,2.521345855407443819e-07,2.560121009873228375e-03,-3.577211810142429116e-02,-6.878951306683464162e-11,3.833217692106127145e-02,2.000069250003887002e-07,-1.837119303186083598e-06,1.897370829039403753e-03,-1.794952430778118521e-03,4.648631866934789658e-10,3.692776420603788821e-03,-1.457204290297705078e-06
2.498847237977944058e+00,3.805063743020831168e-01,-1.924598319644473671e-02,-3.820018697964610577e-01,-1.698510959892631694e-10,-1.208040439663646382e+00,-3.805063792459335015e-01,2.466624569920599980e-07,2.565576938589323851e-03,-3.577724092839931064e-02,-6.740382628406712801e-11,3.834275702655660922e-02,1.956664263941722183e-07,-1.968891679311888013e-06,1.897338503133299929e-03,-1.768081776099269609e-03,4.989190169944592492e-10,3.665905943198898009e-03,-1.561727962522339822e-06
2.501722781404846163e+00,3.805063750030497904e-01,-1.923859792429128898e-02,-3.821047560793395803e-01,-1.700428089158194587e-10,-1.207930168281510896e+00,-3.805063786898871814e-01,2.408111341622883177e-07,2.571032756477221147e-03,-3.578228650457692533e-02,-6.592013874859579744e-11,3.835325986395900916e-02,1.910251456365727370e-07,-2.100856358083054072e-06,1.897293742786371022e-03,-1.741222903881981150e-03,5.330246310558651704e-10,3.639034861248286856e-03,-1.666404172068431937e-06
2.504598324831748268e+00,3.805063756866448599e-01,-1.923119696389878966e-02,-3.822076567599630992e-01,-1.702301143611026375e-10,-1.207819866809106468e+00,-3.805063781476200613e-01,2.345800677013828047e-07,2.576488427755756639e-03,-3.578725486385873900e-02,-6.433830824187086812e-11,3.836368543152440108e-02,1.860826469749488709e-07,-2.233010817861885043e-06,1.897236530348352318e-03,-1.714375828439003782e-03,5.671793771275071986e-10,3.612163170792450761e-03,-1.771230918737966875e-06
2.507473868258650374e+00,3.805063763517756437e-01,-1.922378031574031865e-02,-3.823105716163398560e-01,-1.704127299085059097e-10,-1.207709535468628026e+00,-3.805063776199988923e-01,2.279687155162452135e-07,2.581943916593087626e-03,-3.579214604018739893e-02,-6.265819442099591001e-11,3.837403372749730035e-02,1.808385004129739922e-07,-2.365352532931465629e-06,1.897166848223302621e-03,-1.687540564028829028e-03,6.013826024043855808e-10,3.585290867870943171e-03,-1.876206199097247290e-06
2.510349411685552479e+00,3.805063769973477394e-01,-1.921634798039207476e-02,-3.824135004265758475e-01,-1.705903727405609057e-10,-1.207599174482276272e+00,-3.805063771078916468e-01,2.209765427824054057e-07,2.587399187106854959e-03,-3.579696006754645027e-02,-6.087965882174848876e-11,3.838430475011082171e-02,1.752922817198960208e-07,-2.497878973531483639e-06,1.897084678869732834e-03,-1.660717124855590416e-03,6.356336530359465442e-10,3.558417948522412874e-03,-1.981328006505286640e-06
2.513224955112454584e+00,3.805063776224016925e-01,-1.920889995922442361e-02,-3.825164429695495083e-01,-1.707627944572531229e-10,-1.207488784072306531e+00,-3.805063766120594937e-01,2.137705047735917394e-07,2.592853354798329169e-03,-3.580169780874073449e-02,-5.904532112135102694e-11,3.839449843648883726e-02,1.695764208164312325e-07,-2.493440824161693074e-06,1.896295138913463730e-03,-1.634584189168101012e-03,6.349200233822618069e-10,3.531494377509158088e-03,-1.977808680518737882e-06
2.516100498539356689e+00,3.805063782268389705e-01,-1.920143625807967450e-02,-3.826193990285040036e-01,-1.709299663836642473e-10,-1.207378364461293208e+00,-3.805063761325807037e-01,2.066418624045527368e-07,2.598304905350366789e-03,-3.580636074169995381e-02,-5.722953468900521090e-11,3.840461467839963866e-02,1.639219476040713104e-07,-2.464666397540603386e-06,1.895368864749153066e-03,-1.608584422841552930e-03,6.279942989589785635e-10,3.504561238709221014e-03,-1.954985674924015790e-06
2.518976041966258794e+00,3.805063788108964395e-01,-1.919395688461311700e-02,-3.827223683884498073e-01,-1.710919455935059982e-10,-1.207267915871939490e+00,-3.805063756692671495e-01,1.995960581895479291e-07,2.603753772556125726e-03,-3.581094892999982238e-02,-5.543368706946957319e-11,3.841465347186963364e-02,1.583331791132025188e-07,-2.435825269964946404e-06,1.894428815758879151e-03,-1.582597730535436871e-03,6.210521896844177502e-10,3.477627382649915722e-03,-1.932109763320779895e-06
2.521851585393160899e+00,3.805063793748127421e-01,-1.918646184659777987e-02,-3.828253508345096923e-01,-1.712487894892473168e-10,-1.207157438526955007e+00,-3.805063752219297046e-01,1.926332830898361781e-07,2.609199916803371048e-03,-3.581546241123309549e-02,-5.365782517521837671e-11,3.842461481483223223e-02,1.528102668109011574e-07,-2.406918026007404916e-06,1.893474990479359580e-03,-1.556624110746212706e-03,6.140938367059700765e-10,3.450692806508624203e-03,-1.909181409375546962e-06
2.524727128820063005e+00,3.805063799188269646e-01,-1.917895115192061115e-02,-3.829283461519142340e-01,-1.714005556076718626e-10,-1.207046932649054716e+00,-3.805063747903787985e-01,1.857537263842141405e-07,2.614643298475777342e-03,-3.581990122298812917e-02,-5.190199551248638970e-11,3.843449870521274681e-02,1.473533608297621224e-07,-2.377945251282070508e-06,1.892507387527238467e-03,-1.530663561891284618e-03,6.071193814241336967e-10,3.423757507463858190e-03,-1.886201077580853722e-06
2.527602672246965110e+00,3.805063804431785268e-01,-1.917142480858247122e-02,-3.830313541260020882e-01,-1.715473016187091303e-10,-1.206936398460960236e+00,-3.805063743744243054e-01,1.789575756660337064e-07,2.620083877953155536e-03,-3.582426540284857491e-02,-5.016624418054392653e-11,3.844430514092839896e-02,1.419626099655330649e-07,-2.348907532435937234e-06,1.891526005598983878e-03,-1.504716082309120150e-03,6.001289654904582522e-10,3.396821482695273030e-03,-1.863169233248509194e-06
2.530478215673867215e+00,3.805063809481076254e-01,-1.916388282469817447e-02,-3.831343745422200464e-01,-1.716890853242631355e-10,-1.206825836185398515e+00,-3.805063739738758777e-01,1.722450168402407720e-07,2.625521615611683176e-03,-3.582855498839322694e-02,-4.845061687097704547e-11,3.845403411988827097e-02,1.366381616747658323e-07,-2.319805457140371150e-06,1.890530843470784612e-03,-1.478781670259416521e-03,5.931227308054825037e-10,3.369884729383724499e-03,-1.840086342502830707e-06
2.533353759100769764e+00,3.805063814338548456e-01,-1.915632520849646150e-02,-3.832374071861228693e-01,-1.718259646570389303e-10,-1.206715246045102941e+00,-3.805063735885427234e-01,1.656162341204460939e-07,2.630956471824130380e-03,-3.583277001719572391e-02,-4.675515886697566287e-11,3.846368563999336826e-02,1.313801620724930314e-07,-2.290639614082617958e-06,1.889521899998454144e-03,-1.452860323923213385e-03,5.861008195166815790e-10,3.342947244711288318e-03,-1.816952872273906384e-06
2.536229302527671869e+00,3.805063819006614390e-01,-1.914875196832003038e-02,-3.833404518433736197e-01,-1.719579976793674119e-10,-1.206604628262812895e+00,-3.805063732182333847e-01,1.590714100260110191e-07,2.636388406960098359e-03,-3.583691052682441008e-02,-4.507991504262504062e-11,3.847325969913657079e-02,1.261887559299164485e-07,-2.261410592957244165e-06,1.888499174117323938e-03,-1.426952041403025751e-03,5.790633740163972636e-10,3.316009025861278801e-03,-1.793769290290805965e-06
2.539104845954573975e+00,3.805063823487689900e-01,-1.914116311262555048e-02,-3.834435082997429967e-01,-1.720852425820277796e-10,-1.206493983061273978e+00,-3.805063728627562369e-01,1.526107253791712259e-07,2.641817381386231921e-03,-3.584097655484201617e-02,-4.342492986220666991e-11,3.848275629520268165e-02,1.210640866721256983e-07,-2.232118984457637104e-06,1.887462664842143919e-03,-1.401056820722998376e-03,5.720105369397844218e-10,3.289070070018309134e-03,-1.770536065074840540e-06
2.541980389381476080e+00,3.805063827784198049e-01,-1.913355864998366254e-02,-3.835465763411099460e-01,-1.722077576830681302e-10,-1.206383310663237118e+00,-3.805063725219192117e-01,1.462343593021682205e-07,2.647243355466464502e-03,-3.584496813880549970e-02,-4.179024737950089981e-11,3.849217542606837850e-02,1.160062963758232132e-07,-2.202765380267421530e-06,1.886412371266982723e-03,-1.375174659829025677e-03,5.649424511627351864e-10,3.262130374368301788e-03,-1.747253665932754308e-06
2.544855932808378185e+00,3.805063831898565230e-01,-1.912593858907897168e-02,-3.836496557534613827e-01,-1.723256014266241149e-10,-1.206272611291460350e+00,-3.805063721955296852e-01,1.399424892144190556e-07,2.652666289562234572e-03,-3.584888531626580221e-02,-4.017591123709880056e-11,3.850151708960229680e-02,1.110155257670789700e-07,-2.173350373051927030e-06,1.885348292565123618e-03,-1.349305556588894627e-03,5.578592597998156606e-10,3.235189936098531015e-03,-1.723922562949954462e-06
2.547731476235280290e+00,3.805063835833223385e-01,-1.911830293871009598e-02,-3.837527463228921354e-01,-1.724388323817355540e-10,-1.206161885168707038e+00,-3.805063718833949227e-01,1.337352908297069868e-07,2.658086144032715484e-03,-3.585272812476759940e-02,-3.858196466571923547e-11,3.851078128366492576e-02,1.060919142191024231e-07,-2.143874556449627908e-06,1.884270427988962802e-03,-1.323449508792422669e-03,5.507611062021980696e-10,3.208248752397651476e-03,-1.700543226983723904e-06
2.550607019662182395e+00,3.805063839590611119e-01,-1.911065170778961791e-02,-3.838558478356050019e-01,-1.725475092411610869e-10,-1.206051132517747648e+00,-3.805063715853213568e-01,1.276129381533895200e-07,2.663502879235049668e-03,-3.585649660184912768e-02,-3.700845048352987493e-11,3.851996800610874017e-02,1.012355997500279237e-07,-2.114338525063550462e-06,1.883178776869910091e-03,-1.297606514151575241e-03,5.436481339555825725e-10,3.181306820455722523e-03,-1.677116129656404965e-06
2.553482563089084501e+00,3.805063843173169813e-01,-1.910298490534412252e-02,-3.839589600779107492e-01,-1.726516908201908582e-10,-1.205940353561357981e+00,-3.805063713011155313e-01,1.215756034796425894e-07,2.668916455524566762e-03,-3.586019078504192048e-02,-3.545541109547727056e-11,3.852907725477808937e-02,9.644671902072889775e-08,-2.084742874452712020e-06,1.882073338618285054e-03,-1.271776570300632526e-03,5.365204868781278638e-10,3.154364137464257204e-03,-1.653641743348608955e-06
2.556358106515986606e+00,3.805063846583345843e-01,-1.909530254051421128e-02,-3.840620828362279471e-01,-1.727514360554573675e-10,-1.205829548522320271e+00,-3.805063710305831570e-01,1.156234573887220336e-07,2.674326833255013473e-03,-3.586381071187057928e-02,-3.392288849262081324e-11,3.853810902750922501e-02,9.172540733264571016e-08,-2.055088201123525250e-06,1.880954112723212061e-03,-1.245959674796311102e-03,5.293783090183727781e-10,3.127420700616247422e-03,-1.630120541192398179e-06
2.559233649942888711e+00,3.805063849823592803e-01,-1.908760462255448126e-02,-3.841652158970832454e-01,-1.728468040037443813e-10,-1.205718717623423197e+00,-3.805063707735298340e-01,1.097566687442528790e-07,2.679733972778784289e-03,-3.586735641985262096e-02,-3.241092425147361885e-11,3.854706332213042597e-02,8.707179862563553725e-08,-2.025375102521214751e-06,1.879821098752526608e-03,-1.220155825117882117e-03,5.222217446531629622e-10,3.100476507106183013e-03,-1.606552997064479181e-06
2.562109193369790816e+00,3.805063852896367060e-01,-1.907989116083353906e-02,-3.842683590471110411e-01,-1.729378538407939577e-10,-1.205607861087461652e+00,-3.805063705297607179e-01,1.039754046905372701e-07,2.685137834447143095e-03,-3.587082794649815165e-02,-3.091955953334776306e-11,3.855594013646183177e-02,8.248602547583714252e-08,-1.995604177021178590e-06,1.878674296352663645e-03,-1.194365018667342378e-03,5.150509382855605898e-10,3.073531554130108125e-03,-1.582939585579348555e-06
2.564984736796692921e+00,3.805063855804129980e-01,-1.907216216483401464e-02,-3.843715120730535340e-01,-1.730246448601114543e-10,-1.205496979137236302e+00,-3.805063702990804098e-01,9.827983064990197285e-08,2.690538378610444342e-03,-3.587422532930969327e-02,-2.944883508370929373e-11,3.856473946831550509e-02,7.796821909356689970e-08,-1.965776023920431572e-06,1.877513705248559997e-03,-1.168587252769528627e-03,5.078660346427767197e-10,3.046585838885632926e-03,-1.559280782082507999e-06
2.567860280223595026e+00,3.805063858549348477e-01,-1.906441764415254050e-02,-3.844746747617608373e-01,-1.731072364717690638e-10,-1.205386071995555142e+00,-3.805063700812933991e-01,9.267011032004837889e-08,2.695935565618371582e-03,-3.587754860578199617e-02,-2.799879123153359875e-11,3.857346131549550111e-02,7.351850932121705252e-08,-1.935891243428921882e-06,1.876339325243551797e-03,-1.142822524672261952e-03,5.006671786740722221e-10,3.019639358571978276e-03,-1.535577062643576030e-06
2.570735823650497132e+00,3.805063861134493353e-01,-1.905665760849977255e-02,-3.845778469001909228e-01,-1.731856882012070220e-10,-1.205275139885231273e+00,-3.805063698762036761e-01,8.714640567144883238e-08,2.701329355820150831e-03,-3.588079781340176855e-02,-2.656946788867210551e-11,3.858210567579780509e-02,6.913702463119033080e-08,-1.905950436660947681e-06,1.875151156219270407e-03,-1.117070831546485270e-03,4.934545155486832094e-10,2.992692110390008254e-03,-1.511828904049480383e-06
2.573611367077399237e+00,3.805063863562040405e-01,-1.904888206770038311e-02,-3.846810282754093424e-01,-1.732600596880333431e-10,-1.205164183029085345e+00,-3.805063696836148424e-01,8.170887694475555609e-08,2.706719709564783891e-03,-3.588397298964749599e-02,-2.516090454922209859e-11,3.859067254701036009e-02,6.482389212384495585e-08,-1.875954205626512069e-06,1.873949198135543316e-03,-1.091332170486385405e-03,4.862281906537297169e-10,2.965744091542242729e-03,-1.488036783797598946e-06
2.576486910504301342e+00,3.805063865834468761e-01,-1.904109103169306094e-02,-3.847842186745896731e-01,-1.733304106848217192e-10,-1.205053201649943562e+00,-3.805063695033302218e-01,7.635768264823531950e-08,2.712106587201266929e-03,-3.588707417198915700e-02,-2.377314028890255701e-11,3.859916192691304621e-02,6.057923752545965704e-08,-1.845903153222656038e-06,1.872733451030284858e-03,-1.065606538509559402e-03,4.789883495921223153e-10,2.938795299232921116e-03,-1.464201180088889266e-06
2.579362453931203447e+00,3.805063867954265322e-01,-1.903328451053052164e-02,-3.848874178850130723e-01,-1.733968010559073784e-10,-1.204942195970638563e+00,-3.805063693351526388e-01,7.109297955523726030e-08,2.717489949078815119e-03,-3.589010139788807729e-02,-2.240621376443824397e-11,3.860757381327773602e-02,5.640318518622548902e-08,-1.815797883224851769e-06,1.871503915019400149e-03,-1.039893932557132495e-03,4.717351381804799938e-10,2.911845730668016687e-03,-1.440322571821058713e-06
2.582237997358105552e+00,3.805063869923918651e-01,-1.902546251437948338e-02,-3.849906256940683336e-01,-1.734592907761815723e-10,-1.204831166214009430e+00,-3.805063691788846958e-01,6.591492270167106875e-08,2.722869755547094664e-03,-3.589305470479666610e-02,-2.106016321294605839e-11,3.861590820386826689e-02,5.229585807824532525e-08,-1.785639000278292165e-06,1.870260590296679917e-03,-1.014194349493886468e-03,4.644687024470256576e-10,2.884895383055260856e-03,-1.416401438581655651e-06
2.585113540785007658e+00,3.805063871745922865e-01,-1.901762505352068769e-02,-3.850938418892522197e-01,-1.735179399298840989e-10,-1.204720112602902349e+00,-3.805063690343286620e-01,6.082366538352432089e-08,2.728245966956436598e-03,-3.589593413015820106e-02,-1.973502645133104118e-11,3.862416509644041318e-02,4.825737779356489673e-08,-1.755427109889255142e-06,1.869003477133694691e-03,-9.885077861084255475e-04,4.571891886294977035e-10,2.857944253604196953e-03,-1.392438260641223298e-06
2.587989084211909763e+00,3.805063873422774301e-01,-1.900977213834889254e-02,-3.851970662581686300e-01,-1.735728087093938094e-10,-1.204609035360169056e+00,-3.805063689012863071e-01,5.581935915439929350e-08,2.733618543658066207e-03,-3.589873971140664782e-02,-1.843084087568707321e-11,3.863234448874200422e-02,4.428786454221883267e-08,-1.725162818416439119e-06,1.867732575879696997e-03,-9.628342391132908851e-04,4.498967431730557022e-10,2.830992339526201482e-03,-1.368433518946420969e-06
2.590864627638811868e+00,3.805063874956977066e-01,-1.900190377937286193e-02,-3.853002985885298215e-01,-1.736239574140180818e-10,-1.204497934708668838e+00,-3.805063687795590677e-01,5.090215382306997548e-08,2.738987446004322469e-03,-3.590147148596634780e-02,-1.714764346070227138e-11,3.864044637851275082e-02,4.038743715029310565e-08,-1.694846733062247465e-06,1.866447886961511643e-03,-9.371737051451088825e-04,4.425915127281734656e-10,2.804039638034514902e-03,-1.344387695113117795e-06
2.593740171065713973e+00,3.805063876351037488e-01,-1.899401998721536589e-02,-3.854035386681549658e-01,-1.736714464487799662e-10,-1.204386810871266311e+00,-3.805063686689482139e-01,4.607219745107053198e-08,2.744352634348886169e-03,-3.590412949125190711e-02,-1.588547075907222675e-11,3.864847076348442573e-02,3.655621305801222609e-08,-1.664479461864116586e-06,1.865149410883437490e-03,-9.115261807647299670e-04,4.352736441485428680e-10,2.777086146344279801e-03,-1.320301271419511214e-06
2.596615714492616078e+00,3.805063877607466338e-01,-1.898612077261317699e-02,-3.855067862849711480e-01,-1.737153363232039622e-10,-1.204275664070832974e+00,-3.805063685692546827e-01,4.132963635030911993e-08,2.749714069046998045e-03,-3.590671376466794684e-02,-1.464435890091923655e-11,3.865641764138078723e-02,3.279430831784641481e-08,-1.634061613685839544e-06,1.863837148227145534e-03,-8.858916624573500223e-04,4.279432844889760124e-10,2.750131861672562138e-03,-1.296174730799243770e-06
2.599491257919518628e+00,3.805063878728779936e-01,-1.897820614641707385e-02,-3.856100412270129785e-01,-1.737556876500999852e-10,-1.204164494530247431e+00,-3.805063684802787449e-01,3.667461508070112580e-08,2.755071710455681694e-03,-3.590922434360883236e-02,-1.342434359321627623e-11,3.866428700991757228e-02,2.910183759263465079e-08,-1.603593798208835273e-06,1.862511099651568752e-03,-8.602701466326756214e-04,4.206005810032949896e-10,2.723176781238402424e-03,-1.272008556834480947e-06
2.602366801346420733e+00,3.805063879717495712e-01,-1.897027611959180987e-02,-3.857133032824225927e-01,-1.737925611443459122e-10,-1.204053302472394504e+00,-3.805063684018207826e-01,3.210727644782938264e-08,2.760425518933967357e-03,-3.591166126545851378e-02,-1.222546011921740487e-11,3.867207886680253115e-02,2.547891415372850104e-08,-1.573076625923435148e-06,1.861171265892803874e-03,-8.346616296250474083e-04,4.132456811422251526e-10,2.696220902262837400e-03,-1.247803233748998325e-06
2.605242344773322838e+00,3.805063880576138313e-01,-1.896233070321614103e-02,-3.858165722394495400e-01,-1.738260176216682134e-10,-1.203942088120165455e+00,-3.805063683336805669e-01,2.762776150063572739e-08,2.765775454843114392e-03,-3.591402456759031775e-02,-1.104774333789594471e-11,3.867979320973544827e-02,2.192564987916134820e-08,-1.542510708120200686e-06,1.859817647764008168e-03,-8.090661076935680342e-04,4.058787325512967658e-10,2.669264221968925196e-03,-1.223559246401295408e-06
2.608117888200224943e+00,3.805063881307236273e-01,-1.895436990848279116e-02,-3.859198478864506732e-01,-1.738561179974212412e-10,-1.203830851696458648e+00,-3.805063682756575916e-01,2.323620952912737793e-08,2.771121478546828987e-03,-3.591631428736664911e-02,-9.891227683386001803e-12,3.868743003640810058e-02,1.844215525182889765e-08,-1.511896656881160565e-06,1.858450246155291669e-03,-7.834835770222652214e-04,3.984998830687258721e-10,2.642306737581795635e-03,-1.199277080277645090e-06
2.610993431627127048e+00,3.805063881913318125e-01,-1.894639374669846582e-02,-3.860231300118907027e-01,-1.738829232853645536e-10,-1.203719593424178447e+00,-3.805063682275511283e-01,1.893275806211522275e-08,2.776463550411487936e-03,-3.591853046213888678e-02,-8.755947164431891674e-12,3.869498934450428529e-02,1.502853935769562488e-08,-1.481235085071094658e-06,1.857069062033615912e-03,-7.579140337202147117e-04,3.911092807233078774e-10,2.615348446328671916e-03,-1.174957221485180378e-06
2.613868975054029153e+00,3.805063882396921282e-01,-1.893840222928383499e-02,-3.861264184043413650e-01,-1.739064945964392810e-10,-1.203608313526236318e+00,-3.805063681891600602e-01,1.471754286497884183e-08,2.781801630806357648e-03,-3.592067312924707850e-02,-7.641935363843938475e-12,3.870247113169985459e-02,1.168490988402157658e-08,-1.450526606328817637e-06,1.855674096442691372e-03,-7.323574738216788275e-04,3.837070737323098941e-10,2.588389345438904445e-03,-1.150600156744979853e-06
2.616744518480931259e+00,3.805063882760584271e-01,-1.893039536777351220e-02,-3.862297128524817547e-01,-1.739268931375421160e-10,-1.203497012225550167e+00,-3.805063681602829928e-01,1.059069793744714296e-08,2.787135680103817927e-03,-3.592274232601978118e-02,-6.549225437958045756e-12,3.870987539566266011e-02,8.411373117602423117e-09,-1.419771835058389951e-06,1.854265350502870991e-03,-7.068138932862569595e-04,3.762934104993470068e-10,2.561429432144008561e-03,-1.126206373385098920e-06
2.619620061907833364e+00,3.805063883006849501e-01,-1.892237317381606845e-02,-3.863330131450984917e-01,-1.739441802102985264e-10,-1.203385689745045450e+00,-3.805063681407183096e-01,6.552355511415638100e-09,2.792465658679579247e-03,-3.592473808977381111e-02,-5.477850116104158602e-12,3.871720213405265010e-02,5.208033943037872530e-09,-1.388971386420405667e-06,1.852842825411048482e-03,-6.812832879990026597e-04,3.688684396122748747e-10,2.534468703677685356e-03,-1.101776359333656956e-06
2.622495605334735469e+00,3.805063883138264935e-01,-1.891433565917400791e-02,-3.864363190710853879e-01,-1.739584172098341082e-10,-1.203274346307652509e+00,-3.805063681302637835e-01,2.602646048779491579e-09,2.797791526912906529e-03,-3.592666045781405665e-02,-4.427841700078451311e-12,3.872445134452175836e-02,2.074995841013044837e-09,-1.358125876323201959e-06,1.851406522440551426e-03,-6.557656537705871397e-04,3.614323098410656351e-10,2.507507157275870244e-03,-1.077310603111865385e-06
2.625371148761637574e+00,3.805063883157381310e-01,-1.890628283572374710e-02,-3.865396304194434474e-01,-1.739696656235443088e-10,-1.203162982136311010e+00,-3.805063681287172983e-01,-1.258301760699887101e-09,2.803113245186829913e-03,-3.592850946743324225e-02,-3.399232063623864838e-12,3.873162302471401530e-02,-9.876391133935854726e-10,-1.327235921414126417e-06,1.849956442941038922e-03,-6.302609863374304591e-04,3.539851701356968347e-10,2.480544790176760720e-03,-1.052809593827102972e-06
2.628246692188539679e+00,3.805063883066750474e-01,-1.889821471545565304e-02,-3.866429469792809215e-01,-1.739779870298626008e-10,-1.203051597453964838e+00,-3.805063681358761829e-01,-5.030361001508752928e-09,2.808430773888376340e-03,-3.593028515591175504e-02,-2.392052651915073373e-12,3.873871717226552713e-02,-3.979770252387169915e-09,-1.296302139070760084e-06,1.848492588338400541e-03,-6.047692813618233895e-04,3.465271696240288332e-10,2.453581599620836742e-03,-1.028273821165952362e-06
2.631122235615441785e+00,3.805063882868933156e-01,-1.889013131047395308e-02,-3.867462685398133648e-01,-1.739834430970280340e-10,-1.202940192483566761e+00,-3.805063681515375995e-01,-8.713406534472036231e-09,2.813744073408779890e-03,-3.593198756051735332e-02,-1.406334481049007519e-12,3.874573378480440644e-02,-6.901298317114840866e-09,-1.265325147392099426e-06,1.847014960134644220e-03,-5.792905344320972011e-04,3.390584576096741404e-10,2.426617582850913203e-03,-1.003703775387206133e-06
2.633997779042343890e+00,3.805063882566490086e-01,-1.888203263299679385e-02,-3.868495948903633019e-01,-1.739860955818500222e-10,-1.202828767448074876e+00,-3.805063681754984328e-01,-1.230731499880747368e-08,2.819053104143700791e-03,-3.593361671850503480e-02,-4.421081375446879040e-13,3.875267285995089017e-02,-9.752125459295016659e-09,-1.234305565189847134e-06,1.845523559907799116e-03,-5.538247410627396717e-04,3.315791835698913115e-10,2.399652737112160754e-03,-9.790999473149596646e-07
2.636873322469245995e+00,3.805063882161984212e-01,-1.887391869535618924e-02,-3.869529258203605604e-01,-1.739860063284725874e-10,-1.202717322570455050e+00,-3.805063682075550680e-01,-1.581196481417144183e-08,2.824357826493451365e-03,-3.593517266711680064e-02,5.005962221556601479e-13,3.875953439531729106e-02,-1.253215524284022572e-08,-1.203244011979536493e-06,1.844018389311807404e-03,-5.283718966945473092e-04,3.240894971534397574e-10,2.372687059652143961e-03,-9.544628283315705970e-07
2.639748865896148100e+00,3.805063881657986813e-01,-1.886578950999800997e-02,-3.870562611193418268e-01,-1.739832372671371815e-10,-1.202605858073679590e+00,-3.805063682475040010e-01,-1.922723618266206596e-08,2.829658200863202459e-03,-3.593665544358139868e-02,1.421748872174316325e-12,3.876631838850798373e-02,-1.524129264544565813e-08,-1.172141107971810752e-06,1.842499450076419540e-03,-5.029319966947619607e-04,3.165895481784714160e-10,2.345720547720853404e-03,-9.297929103707418584e-07
2.642624409323050205e+00,3.805063881057068054e-01,-1.885764508948199053e-02,-3.871596005769509241e-01,-1.739778504129434667e-10,-1.202494374180727910e+00,-3.805063682951410065e-01,-2.255301109081099492e-08,2.834954187663214168e-03,-3.593806508511419862e-02,2.321320517683757066e-12,3.877302483711948800e-02,-1.787944406016939907e-08,-1.140997474063574384e-06,1.840966744007094735e-03,-4.775050363571959298e-04,3.090794866303913538e-10,2.318753198570727356e-03,-9.050906859105032537e-07
2.645499952749952310e+00,3.805063880361802542e-01,-1.884948544648169105e-02,-3.872629439829387010e-01,-1.739699078646093972e-10,-1.202382871114586527e+00,-3.805063683502620808e-01,-2.578917331154051702e-08,2.840245747309043996e-03,-3.593940162891690049e-02,3.199282295383495096e-12,3.877965373874040639e-02,-2.044651729698440492e-08,-1.109813731829211048e-06,1.839420272984889715e-03,-4.520910109023998109e-04,3.015594626597352197e-10,2.291785009456708162e-03,-8.803566479662453599e-07
2.648375496176854416e+00,3.805063879574769881e-01,-1.884131059378449727e-02,-3.873662911271629761e-01,-1.739594718032295958e-10,-1.202271349098248399e+00,-3.805063684126625545e-01,-2.893560840610190234e-08,2.845532840221765003e-03,-3.594066511217734045e-02,4.055605773972698131e-12,3.878620509095137558e-02,-2.294242158431618570e-08,-1.078590503511742046e-06,1.837860038966355070e-03,-4.266899154777878227e-04,2.940296265800320692e-10,2.264815977636258290e-03,-8.555912900837088462e-07
2.651251039603756521e+00,3.805063878698551338e-01,-1.883312054429158236e-02,-3.874696417995883713e-01,-1.739466044910325404e-10,-1.202159808354713588e+00,-3.805063684821376468e-01,-3.199220372598352309e-08,2.850815426828189145e-03,-3.594185557206935194e-02,4.890262954615193130e-12,3.879267889132528846e-02,-2.536706757055607247e-08,-1.047328412014034547e-06,1.836286043983435942e-03,-4.013017451577640098e-04,2.864901288656781997e-10,2.237846100369390249e-03,-8.307951063320070406e-07
2.654126583030658626e+00,3.805063877735732625e-01,-1.882491531101792778e-02,-3.875729957902865341e-01,-1.739313682701360710e-10,-1.202048249106989486e+00,-3.805063685584823552e-01,-3.495884841479554822e-08,2.856093467561076314e-03,-3.594297304575243962e-02,5.703226271399124460e-12,3.879907513742705816e-02,-2.772036732555631646e-08,-1.016028080889966397e-06,1.834698290143361218e-03,-3.759264949438889929e-04,2.789411201498017324e-10,2.210875374918716031e-03,-8.059685912966213900e-07
2.657002126457560731e+00,3.805063876688901114e-01,-1.881669490709226775e-02,-3.876763528894357491e-01,-1.739138255613021469e-10,-1.201936671578090143e+00,-3.805063686414913993e-01,-3.783543341013113294e-08,2.861366922859355944e-03,-3.594401757037166828e-02,6.494468591790730317e-12,3.880539382681375687e-02,-3.000223434210628557e-08,-9.846901343355771636e-07,1.833096779628539666e-03,-3.505641597650068202e-04,2.713827512221238333e-10,2.183903798549467496e-03,-7.811122400723820992e-07
2.659877669884462836e+00,3.805063875560648068e-01,-1.880845934575708228e-02,-3.877797128873212706e-01,-1.738940388626898200e-10,-1.201825075991036940e+00,-3.805063687309592213e-01,-4.062185144539753185e-08,2.866635753168339084e-03,-3.594498918305741308e-02,7.263963217080805785e-12,3.881163495703463667e-02,-3.221258353738479496e-08,-9.533151971802647149e-07,1.831481514696458451e-03,-3.252147344773817939e-04,2.638151730268302740e-10,2.156931368529536267e-03,-7.562265482564844492e-07
2.662753213311364942e+00,3.805063874353568076e-01,-1.880020864036860070e-02,-3.878830755743349901e-01,-1.738720707486071744e-10,-1.201713462568858137e+00,-3.805063688266800970e-01,-4.331799705162664511e-08,2.871899918939936538e-03,-3.594588792092510282e-02,8.011683882826442332e-12,3.881779852563101152e-02,-3.435133125439621835e-08,-9.219038948779145579e-07,1.829852497679571683e-03,-2.998782138648513427e-04,2.562385366604262422e-10,2.129958082129503657e-03,-7.313120119414538715e-07
2.665628756738267491e+00,3.805063873070259062e-01,-1.879194280439675305e-02,-3.879864407409755467e-01,-1.738479838682619737e-10,-1.201601831534589104e+00,-3.805063689284480244e-01,-4.592376655925812207e-08,2.877159380632877440e-03,-3.594671382107515745e-02,8.737604759285862271e-12,3.882388453013645158e-02,-3.641839526338486760e-08,-8.904568534980584040e-07,1.828209730985204569e-03,-2.745545926389424650e-04,2.486529933696003546e-10,2.102983936622664519e-03,-7.063691277081326212e-07
2.668504300165169596e+00,3.805063871713320056e-01,-1.878366185142516659e-02,-3.880898081778483277e-01,-1.738218409445109120e-10,-1.201490183111272092e+00,-3.805063690360567241e-01,-4.843905809989528704e-08,2.882414098712915256e-03,-3.594746692059259952e-02,9.441700451846804617e-12,3.882989296807661667e-02,-3.841369476322768361e-08,-8.589746997170308274e-07,1.826553217095438055e-03,-2.492438654390439004e-04,2.410586945490860850e-10,2.076008929285082759e-03,-6.813983926186660261e-07
2.671379843592071701e+00,3.805063870285354533e-01,-1.877536579515113463e-02,-3.881931776756653019e-01,-1.737937047726080381e-10,-1.201378517521956457e+00,-3.805063691492996947e-01,-5.086377160803902231e-08,2.887664033653051122e-03,-3.594814725654697091e-02,1.012394600144965948e-11,3.883582383696935342e-02,-4.033715038280952005e-08,-8.274580608090956414e-07,1.824882958567008648e-03,-2.239460268325323307e-04,2.334557917395165227e-10,2.049033057395610417e-03,-6.564003042094622671e-07
2.674255387018973806e+00,3.805063868788969295e-01,-1.876705464938560608e-02,-3.882965490252446861e-01,-1.737636382189513697e-10,-1.201266834989699772e+00,-3.805063692679702125e-01,-5.319780882279336832e-08,2.892909145933746356e-03,-3.594875486599210385e-02,1.078431688500358674e-11,3.884167713432472302e-02,-4.218868418237611969e-08,-7.959075646375940875e-07,1.823198958031206499e-03,-1.986610713148957621e-04,2.258444366252848443e-10,2.022056318235911955e-03,-6.313753604841752389e-07
2.677130930445875912e+00,3.805063867226772811e-01,-1.875872842805316812e-02,-3.883999220175117784e-01,-1.737317042198288882e-10,-1.201155135737565605e+00,-3.805063693918614431e-01,-5.544107328954623549e-08,2.898149396043132354e-03,-3.594928978596587110e-02,1.142278901579673305e-11,3.884745285764492490e-02,-4.396821965486703319e-08,-7.643238396460790463e-07,1.821501218193762213e-03,-1.733889933099074313e-04,2.182247810324008560e-10,1.995078709090519764e-03,-6.063240599066681423e-07
2.680006473872778017e+00,3.805063865601375772e-01,-1.875038714519198721e-02,-3.885032964434979585e-01,-1.736979657801631108e-10,-1.201043419988624850e+00,-3.805063695207661634e-01,-5.759347036162766315e-08,2.903384744477231338e-03,-3.594975205349000558e-02,1.203933874390101393e-11,3.885315100442438691e-02,-4.567568172723080988e-08,-7.327075148494079576e-07,1.819789741834746451e-03,-1.481297871697444170e-04,2.105969769263379717e-10,1.968100227246851949e-03,-5.812469013939519813e-07
2.682882017299680122e+00,3.805063863915393862e-01,-1.874203081495385073e-02,-3.886066720943411879e-01,-1.736624859722543961e-10,-1.200931687965955730e+00,-3.805063696544770946e-01,-5.965490720193657939e-08,2.908615151740164950e-03,-3.595014170556990601e-02,1.263394285656933333e-11,3.885877157214973066e-02,-4.731099676171589574e-08,-7.010592198249033957e-07,1.818064531808463247e-03,-1.228834471751359594e-04,2.029611764098961401e-10,1.941120869995249408e-03,-5.561443843091717078e-07
2.685757560726582227e+00,3.805063862171443878e-01,-1.873365945160407331e-02,-3.887100487612857869e-01,-1.736253279345233717e-10,-1.200819939892644017e+00,-3.805063697927866251e-01,-6.162529278454716596e-08,2.913840578344368062e-03,-3.595045877919442884e-02,1.320657857862763172e-11,3.886431455829976456e-02,-4.887409255714401516e-08,-6.693795847034525534e-07,1.816325591043344402e-03,-9.764996753550679066e-05,1.953175317210505032e-10,1.914140634629013559e-03,-5.310170084545485304e-07
2.688633104153484332e+00,3.805063860372143725e-01,-1.872527306952152804e-02,-3.888134262356823800e-01,-1.735865548702520682e-10,-1.200708175991783033e+00,-3.805063699354869766e-01,-6.350453789628764830e-08,2.919060984810806052e-03,-3.595070331133568692e-02,1.375722357286064301e-11,3.886977996034558791e-02,-5.036489835016292600e-08,-6.376692401606147723e-07,1.814572922541846057e-03,-7.242934238910095184e-05,1.876661952308012954e-10,1.887159518444424776e-03,-5.058652740643265657e-07
2.691508647580386437e+00,3.805063858520116860e-01,-1.871687168319858402e-02,-3.889168043089880067e-01,-1.735462300463240200e-10,-1.200596396486471873e+00,-3.805063700823701489e-01,-6.529255513829368113e-08,2.924276331669180794e-03,-3.595087533894880671e-02,1.428585594039111817e-11,3.887516777575046600e-02,-5.178334481647825036e-08,-6.059288174077286499e-07,1.812806529380337666e-03,-4.722156580315201198e-05,1.800073194410242851e-10,1.860177518740797464e-03,-4.806896817977171597e-07
2.694384191007288543e+00,3.805063856617987295e-01,-1.870845530724110639e-02,-3.890201827727657324e-01,-1.735044167919632025e-10,-1.200484601599818735e+00,-3.805063702332280307e-01,-6.698925892753615106e-08,2.929486579458147073e-03,-3.595097489897177562e-02,1.479245422105325519e-11,3.888047800196991338e-02,-5.312936407206560522e-08,-5.741589481830135349e-07,1.811026414709000732e-03,-2.202663177400883583e-05,1.723410569823199505e-10,1.833194632820502826e-03,-4.554907327318435796e-07
2.697259734434190648e+00,3.805063854668382373e-01,-1.870002395636841466e-02,-3.891235614186849823e-01,-1.734611784974721164e-10,-1.200372791554938035e+00,-3.805063703878522885e-01,-6.859456549832370717e-08,2.934691688725527253e-03,-3.595100202832519909e-02,1.527699739375966196e-11,3.888571063645171466e-02,-5.440288967436214613e-08,-5.423602647426645638e-07,1.809232581751723211e-03,3.155465772736480365e-06,1.646675606118599919e-10,1.806210857988990335e-03,-4.302689283546764946e-07
2.700135277861092753e+00,3.805063852673931102e-01,-1.869157764541326538e-02,-3.892269400385214295e-01,-1.734165786129684502e-10,-1.200260966574951960e+00,-3.805063705460342560e-01,-7.010839290377939089e-08,2.939891620028516842e-03,-3.595095676391212025e-02,1.573946487686232692e-11,3.889086567663588290e-02,-5.560385662343775577e-08,-5.105333998519390161e-07,1.807425033805989132e-03,2.832473298207817229e-05,1.569869832112333799e-10,1.779226191554845408e-03,-4.050247705579634209e-07
2.703010821287994858e+00,3.805063850637265266e-01,-1.868311638932181398e-02,-3.893303184241565518e-01,-1.733706806471212258e-10,-1.200149126882989581e+00,-3.805063707075652668e-01,-7.153066101729061083e-08,2.945086333933899601e-03,-3.595083914261781172e-02,1.617983652850689790e-11,3.889594311995470816e-02,-5.673220136314540727e-08,-4.786789867762639499e-07,1.805603774242777338e-03,5.348117606947429270e-05,1.492994777842957626e-10,1.752240630829805888e-03,-3.797587616301763787e-07
2.705886364714896963e+00,3.805063848561018869e-01,-1.867464020315359741e-02,-3.894336963675779639e-01,-1.733235481658853932e-10,-1.200037272702188629e+00,-3.805063708722363769e-01,-7.286129153393608886e-08,2.950275791018260041e-03,-3.595064920130959518e-02,1.659809264698164897e-11,3.890094296383279221e-02,-5.778786178225255540e-08,-4.467976592722997931e-07,1.803768806506455668e-03,7.862480132070359673e-05,1.416051974550104473e-10,1.725254173128801510e-03,-3.544714042494232852e-07
2.708761908141799069e+00,3.805063846447828690e-01,-1.866614910208150638e-02,-3.895370736608794737e-01,-1.732752447912358823e-10,-1.199925404255692607e+00,-3.805063710398385313e-01,-7.410020797188499978e-08,2.955459951868187694e-03,-3.595038697683653611e-02,1.699421397105964883e-11,3.890586520568692364e-02,-5.877077721555149754e-08,-4.148900515790096514e-07,1.801920134114668630e-03,1.037556150917128862e-04,1.339042954652879333e-10,1.698266815769987077e-03,-3.291632014763657001e-07
2.711637451568701174e+00,3.805063844300331510e-01,-1.865764310139174723e-02,-3.896404500962604711e-01,-1.732258341999002585e-10,-1.199813521766653235e+00,-3.805063712101623974e-01,-7.524733567377066018e-08,2.960638777080500019e-03,-3.595005250602945762e-02,1.736818168033459619e-11,3.891070984292629986e-02,-5.968088844494829404e-08,-3.829567984087617034e-07,1.800057760658240911e-03,1.288736238084990486e-04,1.261969251728362514e-10,1.671278556074766962e-03,-3.038346567471588062e-07
2.714512994995603279e+00,3.805063842121169104e-01,-1.864912221648382107e-02,-3.897438254660265944e-01,-1.731753801220909912e-10,-1.199701625458230447e+00,-3.805063713829986982e-01,-7.630260180803933581e-08,2.965812227262439298e-03,-3.594964582570046863e-02,1.771997739555081955e-11,3.891547687295235369e-02,-6.051813770053321938e-08,-3.509985349383768568e-07,1.798181689801063533e-03,1.539788339669371023e-04,1.184832400489959210e-10,1.644289391367845200e-03,-2.784862738663538026e-07
2.717388538422505384e+00,3.805063839912983248e-01,-1.864058646287047871e-02,-3.898471995625890085e-01,-1.731239463402360157e-10,-1.199589715553589953e+00,-3.805063715581376571e-01,-7.726593537027300259e-08,2.970980263031888606e-03,-3.594916697264297079e-02,1.804958317892706352e-11,3.892016629315881576e-02,-6.128246866162940876e-08,-3.190158968001991151e-07,1.796291925279988469e-03,1.790712521326511767e-04,1.107633936765820693e-10,1.617299318977253675e-03,-2.531185569998123154e-07
2.720264081849407489e+00,3.805063837678420158e-01,-1.863203585617772065e-02,-3.899505721784647938e-01,-1.730715966877091663e-10,-1.199477792275906562e+00,-3.805063717353695529e-01,-7.813726718448645852e-08,2.976142845017585616e-03,-3.594861598363138788e-02,1.835698153447373194e-11,3.892477810093179780e-02,-6.197382645782220835e-08,-2.870095200731505392e-07,1.794388470904729549e-03,2.041508849408906964e-04,1.030375397477214440e-10,1.590308336234367518e-03,-2.277320106676142436e-07
2.723139625276309594e+00,3.805063835420123830e-01,-1.862347041214471380e-02,-3.900539431062767792e-01,-1.730183950475591612e-10,-1.199365855848361528e+00,-3.805063719144844980e-01,-7.891652990439799214e-08,2.981299933859322959e-03,-3.594799289542092990e-02,1.864215540830415015e-11,3.892931229364969548e-02,-6.259215766996660842e-08,-2.549800412738125197e-07,1.792471330557745147e-03,2.292177390963545235e-04,9.530583206169640616e-11,1.563316440473967554e-03,-2.023271397369800314e-07
2.726015168703211700e+00,3.805063833140744367e-01,-1.861489014662382618e-02,-3.901573121387533760e-01,-1.729644053512378385e-10,-1.199253906494144317e+00,-3.805063720952724382e-01,-7.960365801467583130e-08,2.986451490208163768e-03,-3.594729774474744038e-02,1.890508818893981079e-11,3.893376886868325781e-02,-6.313741033117628667e-08,-2.229280973474406634e-07,1.790540508194141687e-03,2.542718213730725627e-04,8.756842452277338688e-11,1.536323629034255702e-03,-1.769044494151484445e-07
2.728890712130113805e+00,3.805063830842932426e-01,-1.860629507558053675e-02,-3.902606790687286886e-01,-1.729096915773276679e-10,-1.199141944436452167e+00,-3.805063722775230972e-01,-8.019858783215759258e-08,2.991597474726649837e-03,-3.594653056832720905e-02,1.914576370760876625e-11,3.893814782339558023e-02,-6.360953392779039047e-08,-1.908543256590439478e-07,1.788596007841560887e-03,2.793131386142552741e-04,7.982547113804556175e-11,1.509329899256892484e-03,-1.514644452422976244e-07
2.731766255557016354e+00,3.805063828529338665e-01,-1.859768521509342493e-02,-3.903640436891422372e-01,-1.728543177502682804e-10,-1.199029969898488757e+00,-3.805063724610262543e-01,-8.070125750704389638e-08,2.996737848089005458e-03,-3.594569140285670816e-02,1.936416623853845066e-11,3.894244915514213923e-02,-6.400847940032090350e-08,-1.587593639844288834e-07,1.786637833600077194e-03,3.043416977321505585e-04,7.207712601526832590e-11,1.482335248487035842e-03,-1.260076330844407058e-07
2.734641798983918459e+00,3.805063826202618182e-01,-1.858906058135414985e-02,-3.904674057930391795e-01,-1.727983479390821707e-10,-1.198917983103466423e+00,-3.805063726455712447e-01,-8.111160702406813260e-08,3.001872570981352958e-03,-3.594478028501247452e-02,1.956028049924202975e-11,3.894667286127075773e-02,-6.433419914437977627e-08,-1.266438505012161997e-07,1.784665989642089147e-03,3.293575057079140868e-04,6.432354336068768636e-11,1.455339674073357834e-03,-1.005345191263049429e-07
2.737517342410820564e+00,3.805063823865425521e-01,-1.858042119066738787e-02,-3.905707651735700336e-01,-1.727418462560995205e-10,-1.198805984274604608e+00,-3.805063728309475701e-01,-8.142957820363736110e-08,3.007001604101913490e-03,-3.594379725145083193e-02,1.973409165079841117e-11,3.895081893912166054e-02,-6.458664701158460282e-08,-9.450842377990529582e-08,1.782680480212213339e-03,3.543605695914468865e-04,5.656487747688008637e-11,1.428343173368102530e-03,-7.504560986423925052e-08
2.740392885837722670e+00,3.805063821520417999e-01,-1.857176705945081871e-02,-3.906741216239906223e-01,-1.726848768556825056e-10,-1.198693973635130972e+00,-3.805063730169443992e-01,-8.165511470295059373e-08,3.012124908161217373e-03,-3.594274233880775243e-02,1.988558529812613501e-11,3.895488738602742584e-02,-6.476577831044470987e-08,-6.235372277489338891e-08,1.780681309627177951e-03,3.793508965012602503e-04,4.880128276058079135e-11,1.401345743727107265e-03,-4.954141209909422471e-08
2.743268429264624775e+00,3.805063819170255712e-01,-1.856309820423508034e-02,-3.907774749376623502e-01,-1.726275039329485420e-10,-1.198581951408280277e+00,-3.805063732033508450e-01,-8.178816201708866099e-08,3.017242443882313992e-03,-3.594161558369867587e-02,2.001474749025107658e-11,3.895887819931311696e-02,-6.487154980722674505e-08,-3.018038681551470592e-08,1.778668482275717368e-03,4.043284936243486671e-04,4.103291370051903443e-11,1.374347382509826052e-03,-2.402243292911372246e-08
2.746143972691526880e+00,3.805063816817597089e-01,-1.855441464166374121e-02,-3.908808249080515940e-01,-1.725697917224926800e-10,-1.198469917817295505e+00,-3.805063733899559097e-01,-8.182866748008033538e-08,3.022354172000973893e-03,-3.594041702271819766e-02,2.012156472056783546e-11,3.896279137629609507e-02,-6.490391972679940702e-08,2.010944402943396315e-09,1.776642002618463324e-03,4.292933682160228557e-04,3.325992487524465755e-11,1.347348087079384450e-03,1.510820257192500074e-09
2.749019516118428985e+00,3.805063814465104444e-01,-1.854571638849324133e-02,-3.909841713287300347e-01,-1.725118044971097649e-10,-1.198357873085426517e+00,-3.805063735765485955e-01,-8.177658026594103204e-08,3.027460053265898249e-03,-3.593914669244000631e-02,2.020602392709485612e-11,3.896662691428622732e-02,-6.486284775345774083e-08,3.421963082820519076e-08,1.774601875187839300e-03,4.542455275997816112e-04,2.548247095096177710e-11,1.320347854802599290e-03,2.705783978815588706e-08
2.751895059545331090e+00,3.805063812115442867e-01,-1.853700346159289220e-02,-3.910875139933745470e-01,-1.724536065665152804e-10,-1.198245817435932281e+00,-3.805063737629173493e-01,-8.163185138968730268e-08,3.032560048438926164e-03,-3.593780462941665449e-02,2.026811249272341573e-11,3.897038481058581055e-02,-6.474829503172744866e-08,6.644503205998537184e-08,1.772548104587956443e-03,4.791849791671684740e-04,1.770070667935853997e-11,1.293346683050016844e-03,5.261811771607404617e-08
2.754770602972233196e+00,3.805063809771274674e-01,-1.852827587794479355e-02,-3.911908526957669774e-01,-1.723952622760658286e-10,-1.198133751092078203e+00,-3.805063739488511732e-01,-8.139443370832362906e-08,3.037654118295234160e-03,-3.593639087017925365e-02,2.030781824546025306e-11,3.897406506248950880e-02,-6.456022416714807768e-08,9.868650735899274679e-08,1.770480695494497988e-03,5.041117303776169057e-04,9.914786895429833811e-12,1.266344569195948597e-03,7.819114582435178562e-08
2.757646146399135301e+00,3.805063807435267176e-01,-1.851953365464384382e-02,-3.912941872297943102e-01,-1.723368360054789135e-10,-1.198021674277138127e+00,-3.805063741341382921e-01,-8.106428192180503617e-08,3.042742223623552591e-03,-3.593490545123748103e-02,2.032512945866409687e-11,3.897766766728454763e-02,-6.429859922703636874e-08,1.309434156558806728e-07,1.768399652654627750e-03,5.290257887583370983e-04,2.124866515313560360e-12,1.239341510618490556e-03,1.037764156345990550e-07
2.760521689826036962e+00,3.805063805110086572e-01,-1.851077680889766028e-02,-3.913975173894484461e-01,-1.722783921675518446e-10,-1.197909587214393223e+00,-3.805063743185674863e-01,-8.064135257397294451e-08,3.047824325226361659e-03,-3.593334840907919103e-02,2.032003485127579016e-11,3.898119262225056142e-02,-6.396338574122850875e-08,1.632151155602768413e-07,1.766304980886866964e-03,5.539271619041329607e-04,-5.668899465891208574e-12,1.212337504699584822e-03,1.293734184137924402e-07
2.763397233252939067e+00,3.805063802798402395e-01,-1.850200535802654783e-02,-3.915008429688259795e-01,-1.722199952068803055e-10,-1.197797490127133768e+00,-3.805063745019267585e-01,-8.012560405346573056e-08,3.052900383920099589e-03,-3.593171978017033891e-02,2.029252358804225577e-11,3.898463992465966282e-02,-6.355455070280221301e-08,1.955009653697327966e-07,1.764196685080998001e-03,5.788158574772956505e-04,-1.346635597628900799e-11,1.185332548825020248e-03,1.549816451813767668e-07
2.766272776679841172e+00,3.805063800502883620e-01,-1.849321931946348169e-02,-3.916041637621286986e-01,-1.721617095985757837e-10,-1.197685383238656032e+00,-3.805063746840046113e-01,-7.951699659460243359e-08,3.057970360535370354e-03,-3.593001960095471709e-02,2.024258527973410629e-11,3.898800957177644966e-02,-6.307206256877776405e-08,2.278003230787724978e-07,1.762074770197952483e-03,6.036918832074329201e-04,-2.126734786937459288e-11,1.158326640384495752e-03,1.806005867164394695e-07
2.769148320106743277e+00,3.805063798226201444e-01,-1.848441871075404142e-02,-3.917074795636628637e-01,-1.721035998469830794e-10,-1.197573266772265610e+00,-3.805063748645890476e-01,-7.881549227824204409e-08,3.063034215917143175e-03,-3.592824790785382333e-02,2.017020998335727950e-11,3.899130156085803267e-02,-6.251589126080013793e-08,2.601125463878254587e-07,1.759939241269707633e-03,6.285552468913386875e-04,-2.907171992619280696e-11,1.131319776771641137e-03,2.062297335647977033e-07
2.772023863533645383e+00,3.805063795971026508e-01,-1.847560354955637626e-02,-3.918107901678395955e-01,-1.720457304843967278e-10,-1.197461140951275649e+00,-3.805063750434682368e-01,-7.802105503261595188e-08,3.068091910924960683e-03,-3.592640473726663869e-02,2.007538820235803375e-11,3.899451588915404943e-02,-6.188600816579818110e-08,2.924369927122833833e-07,1.757790103399179587e-03,6.534059563928637992e-04,-3.687931685752758048e-11,1.104311955384038773e-03,2.318685760461795419e-07
2.774899406960547488e+00,3.805063793740033340e-01,-1.846677385364117047e-02,-3.919140953691744866e-01,-1.719881660697766977e-10,-1.197349005999006621e+00,-3.805063752204301819e-01,-7.713365063413387151e-08,3.073143406433138849e-03,-3.592449012556943322e-02,1.995811088682188171e-11,3.899765255390661572e-02,-6.118238613662500702e-08,3.247730191914808060e-07,1.755627361760109121e-03,6.782440196427397391e-04,-4.468998330607347960e-11,1.077303173623283010e-03,2.575166042613501714e-07
2.777774950387450037e+00,3.805063791535895357e-01,-1.845792964089158425e-02,-3.920173949622878795e-01,-1.719309711874641161e-10,-1.197236862138787883e+00,-3.805063753952627748e-01,-7.615324670816640804e-08,3.078188663330973414e-03,-3.592250410911554392e-02,1.981836943366641386e-11,3.900071155235040887e-02,-6.040499949267781253e-08,3.571199826976882787e-07,1.753451021596965373e-03,7.030694446384612092e-04,-5.250356384860928997e-11,1.050293428894999263e-03,2.831733080992431938e-07
2.780650493814352142e+00,3.805063789361286530e-01,-1.844907092930322609e-02,-3.921206887419044773e-01,-1.718742104458959588e-10,-1.197124709593956116e+00,-3.805063755677538517e-01,-7.507981272979836049e-08,3.083227642522944154e-03,-3.592044672423527762e-02,1.965615568682754665e-11,3.900369288171266768e-02,-5.955382402049597577e-08,3.894772398451469829e-07,1.751261088224831137e-03,7.278822394441449668e-04,-6.031990299818223870e-11,1.023282718608868949e-03,3.088381772441278219e-07
2.783526037241254247e+00,3.805063787218881388e-01,-1.844019773698411455e-02,-3.922239765028535663e-01,-1.718179484763194307e-10,-1.197012548587855552e+00,-3.805063757376911937e-01,-7.391332002455850694e-08,3.088260304928915241e-03,-3.591831800723559870e-02,1.947146193743964108e-11,3.900659653921315084e-02,-5.862883697433965245e-08,4.218441469990735371e-07,1.749057567029299641e-03,7.526824121903670853e-04,-6.813884520628493350e-11,9.962710401786843434e-04,3.345107011827484675e-07
2.786401580668156353e+00,3.805063785111358898e-01,-1.843131008215460193e-02,-3.923272580400685716e-01,-1.717622499315056227e-10,-1.196900379343839971e+00,-3.805063759048626371e-01,-7.265374176912278739e-08,3.093286611484335601e-03,-3.591611799440001807e-02,1.926428092400959512e-11,3.900942252206421323e-02,-5.763001707674744778e-08,4.542200602846554866e-07,1.746840463466362882e-03,7.774699710740331756e-04,-7.596023486502985892e-11,9.692583910223689665e-04,3.601903692114634824e-07
2.789277124095058458e+00,3.805063783041394143e-01,-1.842240798314736389e-02,-3.924305331485875015e-01,-1.717071794844630386e-10,-1.196788202085269370e+00,-3.805063760690556851e-01,-7.130105299199138756e-08,3.098306523140448819e-03,-3.591384672198839195e-02,1.903460583258412805e-11,3.901217082747077819e-02,-5.655734451907377951e-08,4.866043355960952860e-07,1.744609783062311438e-03,8.022449243582329944e-04,-8.378391630933528512e-11,9.422447685620135779e-04,3.858766704434165621e-07
2.792152667521960563e+00,3.805063781011666091e-01,-1.841349145840733004e-02,-3.925338016235522809e-01,-1.716528018271503215e-10,-1.196676017035513295e+00,-3.805063762300580077e-01,-6.985523057413978953e-08,3.103320000864486557e-03,-3.591150422623667210e-02,1.878243029691136832e-11,3.901484145263035830e-02,-5.541080096200514445e-08,5.189963286056031953e-07,1.742365531413619549e-03,8.270072803720929927e-04,-9.160973381910036515e-11,9.152301702239155337e-04,4.115690938156690287e-07
2.795028210948862668e+00,3.805063779024852599e-01,-1.840456052649165619e-02,-3.926370632602094179e-01,-1.715991816691886693e-10,-1.196563824417948396e+00,-3.805063763876572192e-01,-6.831625324964490120e-08,3.108327005639877592e-03,-3.590909054335685024e-02,1.850774839859589490e-11,3.901743439473309705e-02,-5.419036953605617542e-08,5.513953947724411564e-07,1.740107714186846233e-03,8.517570475106492475e-04,-9.943753162139006790e-11,8.882145934385954822e-04,4.372671280963755229e-07
2.797903754375764773e+00,3.805063777083632637e-01,-1.839561520606966885e-02,-3.927403178539091155e-01,-1.715463837365738114e-10,-1.196451624455959539e+00,-3.805063765416407118e-01,-6.668410160628327325e-08,3.113327498466443403e-03,-3.590660570953661812e-02,1.821055466724743920e-11,3.901994965096173412e-02,-5.289603484204567374e-08,5.838008893519237355e-07,1.737836337118520147e-03,8.764942342346791933e-04,-1.072671538926118651e-10,8.611980356408559115e-04,4.629702618919200451e-07
2.800779297802666878e+00,3.805063775190685171e-01,-1.838665551592280623e-02,-3.928435652001057710e-01,-1.714944727703874422e-10,-1.196339417372940250e+00,-3.805063766917960444e-01,-6.495875808610497724e-08,3.118321440360601569e-03,-3.590404976093924255e-02,1.789084408062336370e-11,3.902238721849161235e-02,-5.152778295154997040e-08,6.162121674044689355e-07,1.735551406015036586e-03,9.012188490705691328e-04,-1.150984447607036113e-10,8.341804942698027251e-04,4.886779836540986889e-07
2.803654841229568984e+00,3.805063773348690837e-01,-1.837768147494458701e-02,-3.929468050943576429e-01,-1.714435135255085250e-10,-1.196227203392291827e+00,-3.805063768379106648e-01,-6.314020698598282703e-08,3.123308792355569598e-03,-3.590142273370343362e-02,1.754861206476517258e-11,3.902474709449080259e-02,-5.008560140733961125e-08,6.486285838045930499e-07,1.733252926752551232e-03,9.259309006101878190e-04,-1.229312483073080978e-10,8.071619667688675762e-04,5.143897816872505467e-07
2.806530384656471089e+00,3.805063771560330821e-01,-1.836869310214056528e-02,-3.930500373323270735e-01,-1.713935707693239250e-10,-1.196114982737423338e+00,-3.805063769797717987e-01,-6.122843445813059094e-08,3.128289515501556615e-03,-3.589872466394302547e-02,1.718385449412816260e-11,3.902702927611993722e-02,-4.856947922379046573e-08,6.810494932499703160e-07,1.730940905276867397e-03,9.506303975107109226e-04,-1.307654085699626392e-10,7.801424505858652221e-04,5.401051441554451018e-07
2.809405928083373194e+00,3.805063769828139209e-01,-1.835969041628462972e-02,-3.931532617094400939e-01,-1.713447064474921895e-10,-1.196002755631745407e+00,-3.805063771171785514e-01,-5.924722109432224923e-08,3.133264132950610344e-03,-3.589595503153444889e-02,1.680120157663906731e-11,3.902923377227549701e-02,-4.699827577699391707e-08,6.875286587071566447e-07,1.729228295677392481e-03,9.759238930369478447e-04,-1.335475610633209355e-10,7.531347489654275761e-04,5.452472101081774689e-07
2.812281471510275299e+00,3.805063768152770476e-01,-1.835067343181845043e-02,-3.932564780168285590e-01,-1.712969458776588504e-10,-1.195890522298584280e+00,-3.805063772500788533e-01,-5.728207568123089039e-08,3.138234626117603673e-03,-3.589311187331793024e-02,1.641730589780387314e-11,3.903136062231252895e-02,-4.543980445831859472e-08,6.792693801897811146e-07,1.727850417959716275e-03,1.001549475099725419e-03,-1.334596496581124900e-10,7.261333295079389549e-04,5.387008418674627530e-07
2.815157014937177404e+00,3.805063766533569591e-01,-1.834164216019828347e-02,-3.933596860426632480e-01,-1.712502888515453094e-10,-1.195778282961208472e+00,-3.805063773785248848e-01,-5.534069123070625446e-08,3.143201138043027511e-03,-3.589019504529445542e-02,1.603366459479814304e-11,3.903340982717079521e-02,-4.390016626650585005e-08,6.710024450504821992e-07,1.726459257553737518e-03,1.027162767635521855e-03,-1.333706377781493525e-10,6.991309187790458552e-04,5.321484024535591282e-07
2.818032558364079510e+00,3.805063764969850992e-01,-1.833259661292729187e-02,-3.934628855751542975e-01,-1.712047346331361836e-10,-1.195666037842894935e+00,-3.805063775025706030e-01,-5.342308951941964818e-08,3.148163630513251682e-03,-3.588720458281762643e-02,1.565028082887455146e-11,3.903538138399564178e-02,-4.237937846903045884e-08,6.627280204190246811e-07,1.725054801475024539e-03,1.052763760554282710e-03,-1.332805276572428742e-10,6.721275138430846292e-04,5.255900243359081912e-07
2.820908101790981615e+00,3.805063763460933002e-01,-1.832353680161858192e-02,-3.935660764026134850e-01,-1.711602824773348619e-10,-1.195553787166927284e+00,-3.805063776222704086e-01,-5.152929184335283510e-08,3.153122065277401496e-03,-3.588414052126995268e-02,1.526715775485367779e-11,3.903727528992397000e-02,-4.087745795236568916e-08,6.544462734943997577e-07,1.723637036803514098e-03,1.078352443825852025e-03,-1.331893215351462259e-10,6.451231117688457483e-04,5.190258400388344029e-07
2.823783645217883720e+00,3.805063762006128947e-01,-1.831446273799530733e-02,-3.936692583134543955e-01,-1.711169316299823493e-10,-1.195441531156598680e+00,-3.805063777376785361e-01,-4.965931901760395253e-08,3.158076404047539462e-03,-3.588100289606269144e-02,1.488429852110732061e-11,3.903909154208424354e-02,-3.939442122182962443e-08,6.461573715424828891e-07,1.722205950683671199e-03,1.103928807480102428e-03,-1.330970216575214136e-10,6.181177096296009083e-04,5.124559821396877575e-07
2.826659188644785825e+00,3.805063760604753820e-01,-1.830537443389075938e-02,-3.937724310961925323e-01,-1.710746813278755163e-10,-1.195329270035210500e+00,-3.805063778488492754e-01,-4.781319137619677030e-08,3.163026608498857844e-03,-3.587779174263573678e-02,1.450170626954116723e-11,3.904083013759653692e-02,-3.793028440143373644e-08,6.378614818936774580e-07,1.720761530324654322e-03,1.129492841607076734e-03,-1.330036302759067085e-10,5.911113045031308934e-04,5.058805832669758628e-07
2.829534732071687930e+00,3.805063759256122058e-01,-1.829627190124850922e-02,-3.938755945394451508e-01,-1.710335307987859951e-10,-1.195217004026070562e+00,-3.805063779558370274e-01,-4.599092877189956467e-08,3.167972640269860370e-03,-3.587450709645734204e-02,1.411938413557816614e-11,3.904249107357253556e-02,-3.648506323373947868e-08,6.295587719405675358e-07,1.719303763000473283e-03,1.155044536357080530e-03,-1.329091496476831980e-10,5.641038934717896528e-04,4.992997760985036442e-07
2.832410275498590035e+00,3.805063757959546433e-01,-1.828715515212247372e-02,-3.939787484319317579e-01,-1.709934792614786360e-10,-1.195104733352497783e+00,-3.805063780586961930e-01,-4.419255057604892886e-08,3.172914460962550018e-03,-3.587114899302400184e-02,1.373733524814160687e-11,3.904407434711550107e-02,-3.505877307971842666e-08,6.212494091355644017e-07,1.717832636050154686e-03,1.180583881940823997e-03,-1.328135820360421636e-10,5.370954736225263095e-04,4.927136933595086013e-07
2.835285818925492141e+00,3.805063756714340828e-01,-1.827802419867704045e-02,-3.940818925624740010e-01,-1.709545259257302998e-10,-1.194992458237817523e+00,-3.805063781574811732e-01,-4.241807567838229878e-08,3.177852032142614632e-03,-3.586771746786029252e-02,1.335556272963871543e-11,3.904557995532037529e-02,-3.365142891861962460e-08,6.129335609885610022e-07,1.716348136877898908e-03,1.206110868629538561e-03,-1.327169297099521491e-10,5.100860420469309139e-04,4.861224678208010419e-07
2.838161362352394246e+00,3.805063755519816904e-01,-1.826887905318717170e-02,-3.941850267199954461e-01,-1.709166699923486244e-10,-1.194880178905363799e+00,-3.805063782522466465e-01,-4.066752248687456167e-08,3.182785315339618174e-03,-3.586421255651864315e-02,1.297406969594377295e-11,3.904700789527368321e-02,-3.226304534783999602e-08,6.046113950645744470e-07,1.714850252953245341e-03,1.231625486755097681e-03,-1.326191949441258986e-10,4.830755958412759690e-04,4.795262322968953148e-07
2.841036905779296351e+00,3.805063754375286877e-01,-1.825971972803850860e-02,-3.942881506935222435e-01,-1.708799106531908434e-10,-1.194767895578479511e+00,-3.805063783430469582e-01,-3.894090892758433285e-08,3.187714272047187207e-03,-3.586063429457925222e-02,1.259285925638195338e-11,3.904835816405368559e-02,-3.089363658280248347e-08,5.962830789814017392e-07,1.713338971811235881e-03,1.257127726710156922e-03,-1.325203800189877868e-10,4.560641321065419087e-04,4.729251196441525318e-07
2.843912449206198900e+00,3.805063753280061301e-01,-1.825054623572746129e-02,-3.943912642721826289e-01,-1.708442470911826302e-10,-1.194655608480515552e+00,-3.805063784299367868e-01,-3.723825244450426253e-08,3.192638863723199112e-03,-3.585698271764981016e-02,1.221193451371264580e-11,3.904963075873024714e-02,-2.954321645683732829e-08,5.879487804072600474e-07,1.711814281052572578e-03,1.282617578948247634e-03,-1.324204872206404732e-10,4.290516479484792227e-04,4.663192627589094186e-07
2.846787992633101005e+00,3.805063752233452945e-01,-1.824135858886133041e-02,-3.944943672452074779e-01,-1.708096784803369681e-10,-1.194543317834831475e+00,-3.805063785129708109e-01,-3.555956999942120257e-08,3.197559051789966838e-03,-3.585325786136540210e-02,1.183129856411358932e-11,3.905082567636494750e-02,-2.821179842107123830e-08,5.796086670584445540e-07,1.710276168343780046e-03,1.308095033983915512e-03,-1.323195188408320214e-10,4.020381404776367544e-04,4.597087945756220953e-07
2.849663536060003111e+00,3.805063751234770142e-01,-1.823215680015838336e-02,-3.945974594019300286e-01,-1.707762039857731494e-10,-1.194431023864795494e+00,-3.805063785922035424e-01,-3.390487807177837830e-08,3.202474797634440994e-03,-3.584945976138827206e-02,1.145095449716399669e-11,3.905194291401104661e-02,-2.689939554431808418e-08,5.712629066969617390e-07,1.708724621417369608e-03,1.333560082392854602e-03,-1.322174771769231224e-10,3.750236068093892395e-04,4.530938480649905336e-07
2.852539079486905216e+00,3.805063750283323443e-01,-1.822294088244799312e-02,-3.947005405317862703e-01,-1.707438227637357749e-10,-1.194318726793783370e+00,-3.805063786676898263e-01,-3.227419265855109312e-08,3.207386062608382892e-03,-3.584558845340770489e-02,1.107090539582934192e-11,3.905298246871354712e-02,-2.560602051298039218e-08,5.629116671281959101e-07,1.707159628072000635e-03,1.359012714812006832e-03,-1.321143645318541881e-10,3.480080440640011654e-04,4.464745562321084781e-07
2.855414622913807321e+00,3.805063749378422844e-01,-1.821371084867070070e-02,-3.948036104243146105e-01,-1.707125339616137532e-10,-1.194206426845180635e+00,-3.805063787394842856e-01,-3.066752927412202269e-08,3.212292808028570108e-03,-3.584164397313979733e-02,1.069115433644457754e-11,3.905394433750915273e-02,-2.433168563095039344e-08,5.545551161985389929e-07,1.705581176172639478e-03,1.384452921939699488e-03,-1.320101832141121090e-10,3.209914493666498106e-04,4.398510521145850975e-07
2.858290166340709426e+00,3.805063748519376676e-01,-1.820446671187834001e-02,-3.949066688691564297e-01,-1.706823367179594034e-10,-1.194094124242380817e+00,-3.805063788076417652e-01,-2.908490295016891033e-08,3.217194995176977327e-03,-3.583762635632731230e-02,1.031170438869875261e-11,3.905482851742629602e-02,-2.307640281952103596e-08,5.461934217930495435e-07,1.703989253650724277e-03,1.409880694535763177e-03,-1.319049355376975033e-10,2.939738198474693177e-04,4.332234687806897711e-07
2.861165709767611531e+00,3.805063747705494381e-01,-1.819520848523412462e-02,-3.950097156560558598e-01,-1.706532301625075835e-10,-1.193981819208785433e+00,-3.805063788722169438e-01,-2.752632823555562063e-08,3.222092585300971503e-03,-3.583353563873948461e-02,9.932558615618945735e-12,3.905563500548519390e-02,-2.184018361729955737e-08,5.378267518330942913e-07,1.702383848504326717e-03,1.435296023421653473e-03,-1.317986238220917584e-10,2.669551526415941695e-04,4.265919393274818398e-07
2.864041253194513637e+00,3.805063746936083180e-01,-1.818593618201276227e-02,-3.951127505748598945e-01,-1.706252134161948709e-10,-1.193869511967805552e+00,-3.805063789332648327e-01,-2.599181919623169999e-08,3.226985539613506145e-03,-3.582937185617190295e-02,9.553720073554679444e-12,3.905636379869782682e-02,-2.062303918012786726e-08,5.294552742739989986e-07,1.700764948798314880e-03,1.460698899480590346e-03,-1.316912503922243319e-10,2.399354448891830689e-04,4.199565968789494630e-07
2.866916796621415742e+00,3.805063746210451403e-01,-1.817664981560053808e-02,-3.952157734155184454e-01,-1.705982855911788974e-10,-1.193757202742860013e+00,-3.805063789908401106e-01,-2.448138941513746579e-08,3.231873819293309101e-03,-3.582513504444622549e-02,9.175191812162160173e-12,3.905701489406794569e-02,-1.942498028100728685e-08,5.210791571026890507e-07,1.699132542664509365e-03,1.486089313657650967e-03,-1.315828175784390696e-10,2.129146937354821204e-04,4.133175745841394758e-07
2.869792340048317847e+00,3.805063745527906272e-01,-1.816734939949541522e-02,-3.953187839680846194e-01,-1.705724457908573749e-10,-1.193644891757376758e+00,-3.805063790449978445e-01,-2.299505199211739076e-08,3.236757385485074245e-03,-3.582082523941006180e-02,8.796976874388956024e-12,3.905758828859109966e-02,-1.824601731002983355e-08,5.126985683353441276e-07,1.697486618301851996e-03,1.511467256959910226e-03,-1.314733277164619454e-10,1.858928963308528574e-04,4.066750056152975693e-07
2.872667883475219952e+00,3.805063744887755006e-01,-1.815803494730714243e-02,-3.954217820227144964e-01,-1.705476931098876627e-10,-1.193532579234792390e+00,-3.805063790957928793e-01,-2.153281954383836093e-08,3.241636199299665309e-03,-3.581644247693683419e-02,8.419078296458317495e-12,3.905808397925467079e-02,-1.708616027431340302e-08,5.043136760150376286e-07,1.695827163976565410e-03,1.536832720456574953e-03,-1.313627831473678967e-10,1.588700498307997803e-04,4.000290231659988888e-07
2.875543426902122057e+00,3.805063744289303718e-01,-1.814870647275733731e-02,-3.955247673696674626e-01,-1.705240266342059225e-10,-1.193420265398551949e+00,-3.805063791432802267e-01,-2.009470420371688376e-08,3.246510221814294991e-03,-3.581198679292552783e-02,8.041499107854149286e-12,3.905850196303786021e-02,-1.594541879794406840e-08,4.959246482093909211e-07,1.694154168022314394e-03,1.562185695279081493e-03,-1.312511862175478665e-10,1.318461513960338366e-04,3.933797604492866262e-07
2.878418970329024607e+00,3.805063743731860182e-01,-1.813936398967959385e-02,-3.956277397993059886e-01,-1.705014454410467635e-10,-1.193307950472109580e+00,-3.805063791875146761e-01,-1.868071762185059756e-08,3.251379414072728350e-03,-3.580745822330053119e-02,7.664242331305429581e-12,3.905884223691167417e-02,-1.482380212192171299e-08,4.875316530082103296e-07,1.692467618840364386e-03,1.587526172621231239e-03,-1.311385392786754574e-10,1.048211981924960839e-04,3.867273506958011355e-07
2.881294513755926268e+00,3.805063743214728289e-01,-1.813000751201957958e-02,-3.957306991020961284e-01,-1.704799485989623455e-10,-1.193195634678927419e+00,-3.805063792285514057e-01,-1.729087096495918766e-08,3.256243737085477534e-03,-3.580285680401150417e-02,7.287310982771419342e-12,3.905910479783906986e-02,-1.372131910411322348e-08,4.791348585211455140e-07,1.690767504899754305e-03,1.612854143739319863e-03,-1.310248446876749301e-10,7.779518739140187122e-05,3.800719271519224962e-07
2.884170057182828817e+00,3.805063742737215815e-01,-1.812063705383510845e-02,-3.958336450686071872e-01,-1.704595351678421535e-10,-1.193083318242477153e+00,-3.805063792664455380e-01,-1.592517491632907783e-08,3.261103151829990426e-03,-3.579818257103310059e-02,6.910708071426169641e-12,3.905928964277475407e-02,-1.263797821920854176e-08,4.707344328753213236e-07,1.689053814737442698e-03,1.638169599952245519e-03,-1.309101048066868498e-10,5.076811616927942247e-05,3.734136230778940697e-07
2.887045600609730478e+00,3.805063742298626095e-01,-1.811125262929626570e-02,-3.959365774895120538e-01,-1.704402041989324361e-10,-1.192971001386238683e+00,-3.805063793012519180e-01,-1.458363967576856226e-08,3.265957619250852741e-03,-3.579343556036489182e-02,6.534436599644118698e-12,3.905939676866541921e-02,-1.157378755868514419e-08,4.623305442130010453e-07,1.687326536958485114e-03,1.663472532641641771e-03,-1.307943220030365755e-10,2.373998170801460100e-05,3.667525717459704097e-07
2.889921144036633027e+00,3.805063741898265239e-01,-1.810185425268549808e-02,-3.960394961555869786e-01,-1.704219547348558000e-10,-1.192858684333701014e+00,-3.805063793330257238e-01,-1.326627495956621005e-08,3.270807100259981014e-03,-3.578861580803113784e-02,6.158499562984831854e-12,3.905942617244963222e-02,-1.052875483077497918e-08,4.539233606892216994e-07,1.685585660236184162e-03,1.688762933252010079e-03,-1.306774986492003717e-10,-3.289218805130279723e-06,3.600889064385426188e-07
2.892796687463534688e+00,3.805063741535439914e-01,-1.809244193839767978e-02,-3.961424008577120182e-01,-1.704047858096307517e-10,-1.192746367308361810e+00,-3.805063793618220780e-01,-1.197309000045792518e-08,3.275651555736819927e-03,-3.578372335008059291e-02,5.782899950178344965e-12,3.905937785105786930e-02,-9.502887360438346453e-09,4.455130504694435759e-07,1.683831173312259726e-03,1.714040793290801546e-03,-1.305596371227727088e-10,-3.031948817742833755e-05,3.534227604462756175e-07
2.895672230890437238e+00,3.805063741209451234e-01,-1.808301570094022689e-02,-3.962452913868709792e-01,-1.703886964486913950e-10,-1.192634050533727841e+00,-3.805063793876960476e-01,-1.070409354759980341e-08,3.280490946528540498e-03,-3.577875822258635291e-02,5.407640743110337348e-12,3.905925180141255754e-02,-8.496192089342362261e-09,4.370997817271944242e-07,1.682063064997004875e-03,1.739306104328610563e-03,-1.304407398064333565e-10,-5.735082921072469993e-05,3.467542670662409130e-07
2.898547774317338899e+00,3.805063740919605308e-01,-1.807357555493320500e-02,-3.963481675341511967e-01,-1.703736856689072569e-10,-1.192521734233314090e+00,-3.805063794107028108e-01,-9.459293866550169211e-09,3.285325233450232633e-03,-3.577372046164566805e-02,5.032724916808099604e-12,3.905904802042806101e-02,-7.508675575846668990e-09,4.286837226417270896e-07,1.680281324169451748e-03,1.764558857999214700e-03,-1.303208090879143232e-10,-8.438324470130885262e-05,3.400835596000596381e-07
2.901423317744241448e+00,3.805063740665206584e-01,-1.806412151510938119e-02,-3.964510290907440337e-01,-1.703597524786028566e-10,-1.192409418630645090e+00,-3.805063794308975456e-01,-8.238698739254100911e-09,3.290154377285107231e-03,-3.576861010337972768e-02,4.658155439425342248e-12,3.905876650501071551e-02,-6.540343994991120930e-09,4.202650413956514733e-07,1.678485939777530711e-03,1.789799045999767484e-03,-1.301998473599669748e-10,-1.114167374399509876e-04,3.334107713520262146e-07
2.904298861171143109e+00,3.805063740445558951e-01,-1.805465359631435590e-02,-3.965538758479446035e-01,-1.703468958775775311e-10,-1.192297103949253811e+00,-3.805063794483353190e-01,-7.042315464038804236e-09,3.294978338784698268e-03,-3.576342718393355630e-02,4.283935272228308123e-12,3.905840725205885627e-02,-5.591203138492107454e-09,4.118439061725932283e-07,1.676676900838236462e-03,1.815026660090880792e-03,-1.300778570203292580e-10,-1.384513102118141285e-04,3.267360356272518687e-07
2.907174404598045658e+00,3.805063740259965743e-01,-1.804517181350662539e-02,-3.966567075971522138e-01,-1.703351148571252877e-10,-1.192184790412682771e+00,-3.805063794630714202e-01,-5.870150855612662719e-09,3.299797078669051455e-03,-3.575817173947568733e-02,3.910067369581018858e-12,3.905797025846277637e-02,-4.661258414741761411e-09,4.034204851548288954e-07,1.674854196437779814e-03,1.840241692096757130e-03,-1.299548404716919669e-10,-1.654869657964353738e-04,3.200594857297908884e-07
2.910049948024947764e+00,3.805063740107729187e-01,-1.803567618175767537e-02,-3.967595241298700337e-01,-1.703244084000547861e-10,-1.192072478244482703e+00,-3.805063794751609718e-01,-4.722211245074893383e-09,3.304610557626931101e-03,-3.575284380619819097e-02,3.536554678931888117e-12,3.905745552110482383e-02,-3.750514848815584072e-09,3.949949465209541281e-07,1.673017815731765506e-03,1.865444133905317997e-03,-1.298308001216672067e-10,-1.925237069676766200e-04,3.133812549607918150e-07
2.912925491451849869e+00,3.805063739988154836e-01,-1.802616671625209208e-02,-3.968623252377053157e-01,-1.703147754807089316e-10,-1.191960167668213666e+00,-3.805063794846593739e-01,-3.598502479926310425e-09,3.309418736316020911e-03,-3.574744342031629246e-02,3.163400140798537899e-12,3.905686303685938776e-02,-2.858977082480924560e-09,3.865674584435051180e-07,1.671167747945340306e-03,1.890633977468336160e-03,-1.297057383827540655e-10,-2.195615364937067535e-04,3.067014766166127423e-07
2.915801034878751974e+00,3.805063739900544362e-01,-1.801664343228763857e-02,-3.969651107123695621e-01,-1.703062150649852448e-10,-1.191847858907445046e+00,-3.805063794916216380e-01,-2.499029924093656321e-09,3.314221575363112630e-03,-3.574197061806826808e-02,2.790606688754966343e-12,3.905619280259283593e-02,-1.986649374216208492e-09,3.781381890866326951e-07,1.669303982373358678e-03,1.915811214801511333e-03,-1.295796576723063286e-10,-2.466004571369130984e-04,3.000202839869773254e-07
2.918676578305654079e+00,3.805063739844200543e-01,-1.800710634527532411e-02,-3.970678803456785810e-01,-1.702987261103554295e-10,-1.191735552185754665e+00,-3.805063794961031087e-01,-1.423798457953399396e-09,3.319019035364328095e-03,-3.573642543571532021e-02,2.418177249416420169e-12,3.905544481516371597e-02,-1.133535599229845467e-09,3.697073066037251300e-07,1.667426508380549528e-03,1.940975837984676607e-03,-1.294525604124996758e-10,-2.736404716539374933e-04,2.933378103530906620e-07
2.921552121732556184e+00,3.805063739818427826e-01,-1.799755547073951870e-02,-3.971706339295522636e-01,-1.702923075658857936e-10,-1.191623247726729451e+00,-3.805063794981591307e-01,-3.728124783689091362e-10,3.323811076885296607e-03,-3.573080790954127200e-02,2.046114742426507955e-12,3.905461907142251943e-02,-2.996392494895744822e-10,3.612749791350742404e-07,1.665535315401669731e-03,1.966127839161822301e-03,-1.293244490302980508e-10,-3.006815827955497920e-04,2.866541889857896900e-07
2.924427665159458289e+00,3.805063739822527324e-01,-1.798799082431803628e-02,-3.972733712560151953e-01,-1.702869583722568691e-10,-1.191510945753966100e+00,-3.805063794978448266e-01,6.539241012697829513e-10,3.328597660461372204e-03,-3.572511807585246335e-02,1.674422080443048798e-12,3.905371556821194551e-02,5.150365662460137063e-10,3.528413748055177280e-07,1.663630392941673267e-03,1.991267210541304566e-03,-1.291953259574216602e-10,-3.277237933066830190e-04,2.799695531436739979e-07
2.927303208586360395e+00,3.805063739855802929e-01,-1.797841242176221460e-02,-3.973760921171959337e-01,-1.702826774617840911e-10,-1.191398646491069524e+00,-3.805063794952155409e-01,1.656407850997337670e-09,3.333378746597832724e-03,-3.571935597097757042e-02,1.303102169124762710e-12,3.905273430236678306e-02,1.310489122388961197e-09,3.444066617220928969e-07,1.661711730575869727e-03,2.016393944395914774e-03,-1.290651936303134724e-10,-3.547671059263464433e-04,2.732840360712465340e-07
2.930178752013262944e+00,3.805063739917556309e-01,-1.796882027893698455e-02,-3.974787963053280637e-01,-1.702794637584373663e-10,-1.191286350161654406e+00,-3.805063794903264518e-01,2.634635824220234027e-09,3.338154295770074959e-03,-3.571352163126734203e-02,9.321579071170835361e-13,3.905167527071387590e-02,2.086716076480074680e-09,3.359710079716709968e-07,1.659779317950082610e-03,2.041508033063021109e-03,-1.289340544901059235e-10,-3.818115233876061710e-04,2.665977709970383816e-07
2.933054295440164605e+00,3.805063740007090800e-01,-1.795921441182100897e-02,-3.975814836127493646e-01,-1.702773161778615973e-10,-1.191174056989343866e+00,-3.805063794832330704e-01,3.588605557652532713e-09,3.342924268423827592e-03,-3.570761509309455795e-02,5.615921860398093098e-13,3.905053847007236567e-02,2.843715469138007556e-09,3.275345816186337587e-07,1.657833144780821279e-03,2.066609468944690005e-03,-1.288019109825893039e-10,-4.088570484175368990e-04,2.599108911317670447e-07
2.935929838867067154e+00,3.805063740123707516e-01,-1.794959483650670345e-02,-3.976841538319022540e-01,-1.702762336273969224e-10,-1.191061767197770793e+00,-3.805063794739904637e-01,4.518315071251522122e-09,3.347688624975352859e-03,-3.570163639285366813e-02,1.914078904723529746e-13,3.904932389725342817e-02,3.581485724008365633e-09,3.190975507024883615e-07,1.655873200855430358e-03,2.091698244507820149e-03,-1.286687655581773523e-10,-4.359036837372027781e-04,2.532235296664462941e-07
2.938805382293968815e+00,3.805063740266710348e-01,-1.793996156920036819e-02,-3.977868067553340659e-01,-1.702762150060987493e-10,-1.190949481010577404e+00,-3.805063794626540874e-01,5.423762868139458691e-09,3.352447325811641274e-03,-3.569558556696070251e-02,-1.783921020582178065e-13,3.904803154906046070e-02,4.300025647701624433e-09,3.106600832355483090e-07,1.653899476032258007e-03,2.116774352284222713e-03,-1.285346206718750476e-10,-4.629514320615700268e-04,2.465358197705477879e-07
2.941680925720871365e+00,3.805063740435399855e-01,-1.793031462622223654e-02,-3.978894421756967170e-01,-1.702772592047582532e-10,-1.190837198651414131e+00,-3.805063794492791196e-01,6.304947934524018181e-09,3.357200331290631067e-03,-3.568946265185311828e-02,-5.478049210911362695e-13,3.904666142228910286e-02,4.999334429730192738e-09,3.022223472005664494e-07,1.651911960240819632e-03,2.141837784870820414e-03,-1.283994787832460643e-10,-4.900002960995424386e-04,2.398478945901249467e-07
2.944556469147773026e+00,3.805063740629081037e-01,-1.792065402400659993e-02,-3.979920598857468739e-01,-1.702793651059226690e-10,-1.190724920343941395e+00,-3.805063794339209049e-01,7.161869739608663212e-09,3.361947601741395973e-03,-3.568326768398953630e-02,-9.168277032444601770e-13,3.904521351372718801e-02,5.679411642437337927e-09,2.937845105483967406e-07,1.649910643481954011e-03,2.166888534929677871e-03,-1.282633423563791429e-10,-5.170502785538350727e-04,2.331598872459598044e-07
2.947432012574674687e+00,3.805063740847053344e-01,-1.791097977910184602e-02,-3.980946596783462299e-01,-1.702825315839155828e-10,-1.190612646311829392e+00,-3.805063794166346769e-01,7.994528235498627984e-09,3.366689097464365538e-03,-3.567700069984959532e-02,-1.285457592228535238e-12,3.904368782015476408e-02,6.340257240922717794e-09,2.853467411956349457e-07,1.647895515827987444e-03,2.191926595188199798e-03,-1.281262138598555967e-10,-5.441013821210056957e-04,2.264719308316929709e-07
2.950307556001577236e+00,3.805063741088620111e-01,-1.790129190817056973e-02,-3.981972413464612837e-01,-1.702867575048574306e-10,-1.190500376778756308e+00,-3.805063793974759467e-01,8.802923857098793731e-09,3.371424778731525480e-03,-3.567066173593372996e-02,-1.653691738858736232e-12,3.904208433834415598e-02,6.981871562961506279e-09,2.769092070222738345e-07,1.645866567422894864e-03,2.216951958439223810e-03,-1.279880957667162505e-10,-5.711536094913878319e-04,2.197841584119646336e-07
2.953183099428478897e+00,3.805063741353085227e-01,-1.789159042798963914e-02,-3.982998046831635608e-01,-1.702920417266859969e-10,-1.190388111968410101e+00,-3.805063793764998370e-01,9.587057522003977274e-09,3.376154605786616317e-03,-3.566425082876301111e-02,-2.021527301067771250e-12,3.904040306505995872e-02,7.604255328917425349e-09,2.684720758693648428e-07,1.643823788482462901e-03,2.241964617541115402e-03,-1.278489905544288191e-10,-5.982069633490227304e-04,2.130967030205619633e-07
2.956058642855381446e+00,3.805063741639747588e-01,-1.788187535545029613e-02,-3.984023494816297251e-01,-1.702983830991767321e-10,-1.190275852104488941e+00,-3.805063793537616923e-01,1.034693063038534589e-08,3.380878538845356711e-03,-3.565776801487897940e-02,-2.388961443919178404e-12,3.903864399705906513e-02,8.207409641652784144e-09,2.600355155366542153e-07,1.641767169294450560e-03,2.266964565417965271e-03,-1.277089007048548454e-10,-6.252614463716922154e-04,2.064096976585449747e-07
2.958934186282283552e+00,3.805063741947912748e-01,-1.787214670755821883e-02,-3.985048755351413563e-01,-1.703057804639634065e-10,-1.190163597410698992e+00,-3.805063793293167462e-01,1.108254506486666613e-08,3.385596538095632987e-03,-3.565121333084340233e-02,-2.755991339619140014e-12,3.903680713109065198e-02,8.791335986430403484e-09,2.515996937802516532e-07,1.639696700218747950e-03,2.291951795059617505e-03,-1.275678287042166652e-10,-6.523170612307912933e-04,1.997232752923986448e-07
2.961809729709185657e+00,3.805063742276882932e-01,-1.786240450143359790e-02,-3.986073826370853945e-01,-1.703142326545586086e-10,-1.190051348110756413e+00,-3.805063793032203989e-01,1.179390319039634889e-08,3.390308563697719008e-03,-3.564458681323812161e-02,-3.122614167529429921e-12,3.903489246389626327e-02,9.356036230812204345e-09,2.431647783102758276e-07,1.637612371687543252e-03,2.316926299521875586e-03,-1.274257770430650953e-10,-6.793738105913636055e-04,1.930375688521667138e-07
2.964685273136087762e+00,3.805063742625958700e-01,-1.785264875431124068e-02,-3.987098705809538068e-01,-1.703237384963744506e-10,-1.189939104428386907e+00,-3.805063792755278285e-01,1.248100785411164954e-08,3.395014575784480008e-03,-3.563788849866485892e-02,-3.488827114179733352e-12,3.903289999220976164e-02,9.901512624551721537e-09,2.347309367885085479e-07,1.635514174205478189e-03,2.341888071926570471e-03,-1.272827482162459068e-10,-7.064316971120157768e-04,1.863527112295927124e-07
2.967560816562989867e+00,3.805063742994443388e-01,-1.784287948354060932e-02,-3.988123391603440870e-01,-1.703342968067429375e-10,-1.189826866587325283e+00,-3.805063792462943240e-01,1.314386238519613808e-08,3.399714534461579889e-03,-3.563111842374499377e-02,-3.854627373279808248e-12,3.903082971275737695e-02,1.042776779948100660e-08,2.262983368260538011e-07,1.633402098349813264e-03,2.366837105461705882e-03,-1.271387447228674620e-10,-7.334907234448958396e-04,1.796688352762639806e-07
2.970436359989891972e+00,3.805063743381640329e-01,-1.783309670658595261e-02,-3.989147881689587560e-01,-1.703459063949370091e-10,-1.189714634811315674e+00,-3.805063792155751745e-01,1.378247059473087444e-08,3.404408399807689820e-03,-3.562427662511939708e-02,-4.220012145731903073e-12,3.902868162225770626e-02,1.093480476939281249e-08,2.178671459809879500e-07,1.631276134770586915e-03,2.391773393381572358e-03,-1.269937690662675232e-10,-7.605508922356469387e-04,1.729860738017496508e-07
2.973311903416794078e+00,3.805063743786853414e-01,-1.782330044102633376e-02,-3.990172174006060279e-01,-1.703585660621908826e-10,-1.189602409324112209e+00,-3.805063791834256692e-01,1.439683677553835923e-08,3.409096131874705081e-03,-3.561736313944829924e-02,-4.584978639642768300e-12,3.902645571742180408e-02,1.142262692991689694e-08,2.094375317560189313e-07,1.629136274190779452e-03,2.416696929006891675e-03,-1.268478237539808640e-10,-7.876122061233883573e-04,1.663045595717447456e-07
2.976187446843696183e+00,3.805063744209382648e-01,-1.781349070455572753e-02,-3.991196266491993105e-01,-1.703722746017209913e-10,-1.189490190349477894e+00,-3.805063791499010972e-01,1.498696570201965853e-08,3.413777690687941953e-03,-3.561037800341095710e-02,-4.949524070335445754e-12,3.902415199495305048e-02,1.189123805839100552e-08,2.010096615961463799e-07,1.626982507406470047e-03,2.441607705724885800e-03,-1.267009112977059748e-10,-8.146746677406262876e-04,1.596244253062160228e-07
2.979062990270598732e+00,3.805063744648534141e-01,-1.780366751498309655e-02,-3.992220157087577048e-01,-1.703870307987467415e-10,-1.189377978111185730e+00,-3.805063791150566366e-01,1.555286262998616036e-08,3.418453036246367569e-03,-3.560332125370561929e-02,-5.313645660361877463e-12,3.902177045154738705e-02,1.234064231372747049e-08,1.925837028863056598e-07,1.624814825287004567e-03,2.466505716989482889e-03,-1.265530342132727773e-10,-8.417382797132914526e-04,1.529458036775344004e-07
2.981938533697500393e+00,3.805063745103609563e-01,-1.779383089023248155e-02,-3.993243843734057275e-01,-1.704028334305111659e-10,-1.189265772833017820e+00,-3.805063790789474099e-01,1.609453329648175732e-08,3.423122128522783358e-03,-3.559619292704922777e-02,-5.677340639513663042e-12,3.901931108389311564e-02,1.277084423627239327e-08,1.841598229490472583e-07,1.622633218775147582e-03,2.491390956321342873e-03,-1.264041950206091751e-10,-8.688030446606129047e-04,1.462688273086355445e-07
2.984814077124402942e+00,3.805063745573912248e-01,-1.778398084834303602e-02,-3.994267324373735883e-01,-1.704196812663019655e-10,-1.189153574738765373e+00,-3.805063790416287062e-01,1.661198391960208605e-08,3.427784927464065309e-03,-3.558899306017725139e-02,-6.040606244835085368e-12,3.901677388867103718e-02,1.318184874766234369e-08,1.757381890421680852e-07,1.620437678887251282e-03,2.516263417308061724e-03,-1.262543962437086645e-10,-8.958689651951516359e-04,1.395936287711427918e-07
2.987689620551304603e+00,3.805063746058747198e-01,-1.777411740746914423e-02,-3.995290596949970796e-01,-1.704375730674721884e-10,-1.189041384052230921e+00,-3.805063790031558701e-01,1.710522119830313593e-08,3.432441392991356956e-03,-3.558172168984356787e-02,-6.403439720633487493e-12,3.901415886255452103e-02,1.357366115067270629e-08,1.673189683563993107e-07,1.618228196713415289e-03,2.541123093604247350e-03,-1.261036404105978419e-10,-9.229360439227157938e-04,1.329203405835337468e-07
2.990565163978207153e+00,3.805063746557416637e-01,-1.776424058588045932e-02,-3.996313659407179641e-01,-1.704565075874613754e-10,-1.188929200997224100e+00,-3.805063789635838023e-01,1.757425231220654392e-08,3.437091485000285350e-03,-3.557437885282006829e-02,-6.765838318492001858e-12,3.901146600220930377e-02,1.394628712906349885e-08,1.589023280130371881e-07,1.616004763417639963e-03,2.565969978931650561e-03,-1.259519300533025151e-10,-9.500042834423400809e-04,1.262490952092633095e-07
2.993440707405108814e+00,3.805063747069225011e-01,-1.775435040196201089e-02,-3.997336509690832540e-01,-1.704764835718162132e-10,-1.188817025797566318e+00,-3.805063789229679028e-01,1.801908492139515858e-08,3.441735163361178771e-03,-3.556696458589674037e-02,-7.127799297279745451e-12,3.900869530429382226e-02,1.429973274741710770e-08,1.504884350616358681e-07,1.613767370238001391e-03,2.590804067079295614e-03,-1.257992677078166582e-10,-9.770736863462380507e-04,1.195800250549341637e-07
2.996316250832011363e+00,3.805063747593477319e-01,-1.774444687421423972e-02,-3.998359145747462651e-01,-1.704974997582116791e-10,-1.188704858677086973e+00,-3.805063788813631831e-01,1.843972716620487507e-08,3.446372387919279662e-03,-3.555947892588127990e-02,-7.489319923164598299e-12,3.900584676545896384e-02,1.463400445097359437e-08,1.420774564776330599e-07,1.611516008486799057e-03,2.615625351903608144e-03,-1.256456559140679803e-10,-1.004144255219783675e-03,1.129132624684155039e-07
2.999191794258913024e+00,3.805063748129478562e-01,-1.773453002125310526e-02,-3.999381565524660065e-01,-1.705195548764719796e-10,-1.188592699859626789e+00,-3.805063788388248769e-01,1.883618766700660359e-08,3.451003118494945857e-03,-3.555192190959892418e-02,-7.850397469623031889e-12,3.900292038234821901e-02,1.494910906545780162e-08,1.336695591600466308e-07,1.609250669550723028e-03,2.640433827328496699e-03,-1.254910972158861566e-10,-1.031215992641423525e-03,1.062489397370167920e-07
3.002067337685815573e+00,3.805063748676532076e-01,-1.772459986181013428e-02,-4.000403766971072916e-01,-1.705426476485916943e-10,-1.188480549569034261e+00,-3.805063787954079402e-01,1.920847552398464454e-08,3.455627314883886071e-03,-3.554429357389234795e-02,-8.211029217452581502e-12,3.899991615159770914e-02,1.524505379690371653e-08,1.252649099291075194e-07,1.606971344891013976e-03,2.665229487345549195e-03,-1.253355941609698187e-10,-1.058288901182712982e-03,9.958718908561191062e-08
3.004942881112717235e+00,3.805063749233942860e-01,-1.771465641473250752e-02,-4.001425748036412378e-01,-1.705667767887566373e-10,-1.188368408029169210e+00,-3.805063787511675510e-01,1.955660031690547498e-08,3.460244936857355055e-03,-3.553659395562134421e-02,-8.571212454781888700e-12,3.899683406983612405e-02,1.552184623147126653e-08,1.168636755239467010e-07,1.604678026043624729e-03,2.690012326014065442e-03,-1.251791493008538808e-10,-1.085362983408190256e-03,9.292814267480572053e-08
3.007818424539619784e+00,3.805063749801017026e-01,-1.770469969898308751e-02,-4.002447506671444888e-01,-1.705919410033651565e-10,-1.188256275463899891e+00,-3.805063787061588321e-01,1.988057210488223378e-08,3.464855944162379114e-03,-3.552882309166271319e-02,-8.930944477082432108e-12,3.899367413368477753e-02,1.577949433525963798e-08,1.084660226002422619e-07,1.602370704619376831e-03,2.714782337461254906e-03,-1.250217651908765561e-10,-1.112438241875410207e-03,8.627193259906910572e-08
3.010693967966521445e+00,3.805063750377060128e-01,-1.769472973364056775e-02,-4.003469040828001035e-01,-1.706181389910491752e-10,-1.188144152097105222e+00,-3.805063786604366838e-01,2.018040142613043533e-08,3.469460296521969037e-03,-3.552098101891008192e-02,-9.290222587178707227e-12,3.899043633975772527e-02,1.601800645411377877e-08,1.000721177279022352e-07,1.600049372304130106e-03,2.739539515882316936e-03,-1.248634443901475101e-10,-1.139514679134860002e-03,7.961869088490232810e-08
3.013569511393423994e+00,3.805063750961378277e-01,-1.768474653789945186e-02,-4.004490348458972782e-01,-1.706453694426953110e-10,-1.188032038152673220e+00,-3.805063786140562287e-01,2.045609929771909071e-08,3.474057953635334341e-03,-3.551306777427358508e-02,-9.649044095260128462e-12,3.898712068466155672e-02,1.623739131342710249e-08,9.168212738870300669e-08,1.597714020858927077e-03,2.764283855540569136e-03,-1.247041894615135072e-10,-1.166592297729939377e-03,7.296854948896297883e-08
3.016445054820325655e+00,3.805063751553277585e-01,-1.767475013107020279e-02,-4.005511427518311240e-01,-1.706736310414661758e-10,-1.187919933854502119e+00,-3.805063785670723675e-01,2.070767721531266051e-08,3.478648875178103148e-03,-3.550508339467985108e-02,-1.000740631889010226e-11,3.898372716499572121e-02,1.643765801793692671e-08,8.329621797399658175e-08,1.595364642120175331e-03,2.789015350767577901e-03,-1.245440029715279854e-10,-1.193671100196911630e-03,6.632164029624917206e-08
3.019320598247228205e+00,3.805063752152064160e-01,-1.766474053257923241e-02,-4.006532275961031675e-01,-1.707029224628214429e-10,-1.187807839426499923e+00,-3.805063785195401116e-01,2.093514715290873590e-08,3.483233020802536852e-03,-3.549702791707168986e-02,-1.036530658301818442e-11,3.898025577735228508e-02,1.661881605151673810e-08,7.491455578234045509e-08,1.593001227999789977e-03,2.813733995963287222e-03,-1.243828874904165220e-10,-1.220751089064884979e-03,5.967809511822069345e-08
3.022196141674130310e+00,3.805063752757045226e-01,-1.765471776196903680e-02,-4.007552891743210721e-01,-1.707332423745393280e-10,-1.187695755092583960e+00,-3.805063784715144171e-01,2.113852156256735876e-08,3.487810350137746530e-03,-3.548890137840781528e-02,-1.072274221998994644e-11,3.897670651831602884e-02,1.678087527696157549e-08,6.653730701718171667e-08,1.590623770485359101e-03,2.838439785596096748e-03,-1.242208455920447024e-10,-1.247832266855727120e-03,5.303804569096324822e-08
3.025071685101032415e+00,3.805063753367528001e-01,-1.764468183889822753e-02,-4.008573272821989164e-01,-1.707645894367376048e-10,-1.187583681076682218e+00,-3.805063784230501289e-01,2.131781337413419074e-08,3.492380822789917152e-03,-3.548070381566290066e-02,-1.107971056955714085e-11,3.897307938446459979e-02,1.692384593576869131e-08,5.816463778453413003e-08,1.588232261640310297e-03,2.863132714203061278e-03,-1.240578798538862738e-10,-1.274914636084098626e-03,4.640162367334764676e-08
3.027947228527934520e+00,3.805063753982819708e-01,-1.763463278314158361e-02,-4.009593417155569162e-01,-1.707969623018951114e-10,-1.187471617602731344e+00,-3.805063783742021477e-01,2.147303599495710796e-08,3.496944398342513582e-03,-3.547243526582712081e-02,-1.143620897888847712e-11,3.896937437236831780e-02,1.704773864791289602e-08,4.979671409063644352e-08,1.585826693604062239e-03,2.887812776389921988e-03,-1.238939928569893346e-10,-1.301998199257329561e-03,3.976896064517306214e-08
3.030822771954836625e+00,3.805063754602229786e-01,-1.762457061459016261e-02,-4.010613322703219241e-01,-1.708303596148730246e-10,-1.187359564894679087e+00,-3.805063783250253739e-01,2.160420330959594002e-08,3.501501036356513465e-03,-3.546409576590611734e-02,-1.179223480257971104e-11,3.896559147859036953e-02,1.715256441161661507e-08,4.143370183962821133e-08,1.583407058592190778e-03,2.912479966831304622e-03,-1.237291871859445387e-10,-1.329082958875453090e-03,3.314018810532598405e-08
3.033698315381738730e+00,3.805063755225066013e-01,-1.761449535325132140e-02,-4.011632987425270969e-01,-1.708647800129362373e-10,-1.187247523176482078e+00,-3.805063782755745416e-01,2.171132967952538315e-08,3.506050696370614089e-03,-3.545568535292071416e-02,-1.214778540266362260e-11,3.896173069968672520e-02,1.723833460311439724e-08,3.307576683122579313e-08,1.580973348896584640e-03,2.937134280270791917e-03,-1.235634654288520870e-10,-1.356168917431119399e-03,2.651543746993688332e-08
3.036573858808640836e+00,3.805063755850636720e-01,-1.760440701924880641e-02,-4.012652409283119503e-01,-1.709002221257748136e-10,-1.187135492672107828e+00,-3.805063782259044403e-01,2.179442994283160687e-08,3.510593337901461806e-03,-3.544720406390675788e-02,-1.250285814862032014e-11,3.895779203220621489e-02,1.730506097641243003e-08,2.472307475839030365e-08,1.578525556885609134e-03,2.961775711521067583e-03,-1.233968301772893886e-10,-1.383256077409577038e-03,1.989484007053273371e-08
3.039449402235542941e+00,3.805063756478252457e-01,-1.759430563282280910e-02,-4.013671586239229150e-01,-1.709366845755251850e-10,-1.187023473605532953e+00,-3.805063781760698594e-01,2.185351941390173701e-08,3.515128920443865400e-03,-3.543865193591493740e-02,-1.285745041738689839e-11,3.895377547269052165e-02,1.735275566304252627e-08,1.637579120500861184e-08,1.576063675004265967e-03,2.986404255464027765e-03,-1.232292840262785176e-10,-1.410344441288624790e-03,1.327852715219878335e-08
3.042324945662445490e+00,3.805063757107222111e-01,-1.758419121433000762e-02,-4.014690516257125030e-01,-1.709741659767919935e-10,-1.186911466200744725e+00,-3.805063781261255329e-01,2.188861388310697276e-08,3.519657403471022905e-03,-3.543002900601053412e-02,-1.321155959336773620e-11,3.894968101767425778e-02,1.738143117181099538e-08,8.034081643558947788e-09,1.573587695774350233e-03,3.011019907050923282e-03,-1.230608295742533574e-10,-1.437434011538594320e-03,6.666629871727378323e-09
3.045200489089347151e+00,3.805063757736855679e-01,-1.757406378424366047e-02,-4.015709197301401412e-01,-1.710126649366692620e-10,-1.186799470681739743e+00,-3.805063780761259729e-01,2.189972961647880172e-08,3.524178746434731939e-03,-3.542133531127323459e-02,-1.356518306844375709e-11,3.894550866368486769e-02,1.739110038854204198e-08,-3.018885672012972817e-10,1.571097611794611314e-03,3.035622661302430757e-03,-1.228914694230270313e-10,-1.464524790622260837e-03,5.927929578703008108e-11
3.048076032516249700e+00,3.805063758366464266e-01,-1.756392336315366898e-02,-4.016727627337718376e-01,-1.710521800547620561e-10,-1.186687487272524821e+00,-3.805063780261260242e-01,2.188688335537882242e-08,3.528692908765628661e-03,-3.541257088879699172e-02,-1.391831824198247175e-11,3.894125840724279447e-02,1.738177657581595336e-08,-8.631954184565189705e-09,1.568593415740916373e-03,3.060212513308854278e-03,-1.227212061777602368e-10,-1.491616780994879741e-03,-6.543393600926046887e-09
3.050951575943151362e+00,3.805063758995360090e-01,-1.755376997176659806e-02,-4.017745804332801263e-01,-1.710927099232078876e-10,-1.186575516197116986e+00,-3.805063779761800880e-01,2.185009231616150287e-08,3.533199849873387699e-03,-3.540373577568971947e-02,-1.427096252084710929e-11,3.893693024486138965e-02,1.735347337270202266e-08,-1.695595008418896411e-08,1.566075100366404096e-03,3.084789458230152714e-03,-1.225500424469275375e-10,-1.518709985104063024e-03,-1.314125793751940166e-08
3.053827119370053911e+00,3.805063759622853148e-01,-1.754360363090577343e-02,-4.018763726254445667e-01,-1.711342531266985572e-10,-1.186463557679543479e+00,-3.805063779263428425e-01,2.178937418983051013e-08,3.537699529146966313e-03,-3.539483000907320959e-02,-1.462311331940691507e-11,3.893252417304699647e-02,1.730620479448614508e-08,-2.527371126242914968e-08,1.563542658501647972e-03,3.109353491296143121e-03,-1.223779808422855173e-10,-1.545804405389812229e-03,-1.973418292875792359e-08
3.056702662796955572e+00,3.805063760248256766e-01,-1.753342436151133360e-02,-4.019781391071511334e-01,-1.711768082425014023e-10,-1.186351611943840867e+00,-3.805063778766687999e-01,2.170474714168851511e-08,3.542191905954813428e-03,-3.538585362608282631e-02,-1.497476805954560823e-11,3.892804018829896379e-02,1.723998523239320287e-08,-3.358507283864097074e-08,1.560996083054817622e-03,3.133904607806570555e-03,-1.222050239788405460e-10,-1.572900044284433665e-03,-2.632203788688462743e-08
3.059578206223858121e+00,3.805063760870883161e-01,-1.752323218464026458e-02,-4.020798796753929927e-01,-1.712203738404812437e-10,-1.186239679214056153e+00,-3.805063778272123054e-01,2.159622981097974804e-08,3.546676939645095148e-03,-3.537680666386731898e-02,-1.532592417067150661e-11,3.892347828710958357e-02,1.715482945330381544e-08,-4.188987005751503082e-08,1.558435367011827988e-03,3.158442803131242087e-03,-1.220311744748151747e-10,-1.599996904212518459e-03,-3.290469222347395674e-08
3.062453749650759782e+00,3.805063761490045660e-01,-1.751302712146651785e-02,-4.021815941272697259e-01,-1.712649484831216594e-10,-1.186127759714246777e+00,-3.805063777780280376e-01,2.146384131052687603e-08,3.551154589545920705e-03,-3.536768915958874576e-02,-1.567657908972566122e-11,3.891883846596430607e-02,1.705075259946656992e-08,-5.018793829136897680e-08,1.555860503436517790e-03,3.182968072710158636e-03,-1.218564349516176600e-10,-1.627094987590895284e-03,-3.948201545124695978e-08
3.065329293077662332e+00,3.805063762105058145e-01,-1.750280919328097567e-02,-4.022832822599881619e-01,-1.713105307255471633e-10,-1.186015853668480169e+00,-3.805063777291700644e-01,2.130760122635994644e-08,3.555624814965571874e-03,-3.535850115042209890e-02,-1.602673026119247066e-11,3.891412072134155936e-02,1.692777018820398820e-08,-5.847911304249814108e-08,1.553271485470788084e-03,3.207480412053633802e-03,-1.216808080338072994e-10,-1.654194296828613228e-03,-4.605387718593529970e-08
3.068204836504563993e+00,3.805063762715236164e-01,-1.749257842149159678e-02,-4.023849438708618220e-01,-1.713571191155444276e-10,-1.185903961300833087e+00,-3.805063776806930087e-01,2.112752961733995683e-08,3.560087575192712010e-03,-3.534924267355520761e-02,-1.637637513710718388e-11,3.890932504971287426e-02,1.678589811161412650e-08,-6.676322994545449366e-08,1.550668306334775310e-03,3.231979816742383202e-03,-1.215042963490637227e-10,-1.681294834326852675e-03,-5.262014714808661919e-08
3.071080379931466542e+00,3.805063763319893044e-01,-1.748233482762342680e-02,-4.024865787573113085e-01,-1.714047121935842549e-10,-1.185792082835393835e+00,-3.805063776326510494e-01,2.092364701477478173e-08,3.564542829496631510e-03,-3.533991376618849517e-02,-1.672551117706592332e-11,3.890445144754289125e-02,1.662515263626625229e-08,-7.504012476938473761e-08,1.548050959327003937e-03,3.256466282427710954e-03,-1.213269025281536234e-10,-1.708396602478962599e-03,-5.918069516491939707e-08
3.073955923358368203e+00,3.805063763918345443e-01,-1.747207843331865379e-02,-4.025881867168641381e-01,-1.714533084928433692e-10,-1.185680218496259597e+00,-3.805063775850983654e-01,2.069597442202907433e-08,3.568990537127455977e-03,-3.533051446553480551e-02,-1.707413584823381774e-11,3.889949991128938828e-02,1.644555040289162765e-08,-8.330963342032697274e-08,1.545419437824549968e-03,3.280939804831547839e-03,-1.211486292048987317e-10,-1.735499603670334363e-03,-6.573539117214154128e-08
3.076831466785270752e+00,3.805063764509908908e-01,-1.746180926033667410e-02,-4.026897675471549087e-01,-1.715029065392259741e-10,-1.185568368507538883e+00,-3.805063775380893021e-01,2.044453331412715023e-08,3.573430657316384318e-03,-3.532104480881916725e-02,-1.742224662535424340e-11,3.889447043740327375e-02,1.624710842606875051e-08,-9.157159194353184380e-08,1.542773735283194461e-03,3.305400379746646893e-03,-1.209694790161431662e-10,-1.762603840278439884e-03,-7.228410521579122306e-08
3.079707010212172413e+00,3.805063765093900097e-01,-1.745152733055414795e-02,-4.027913210459251880e-01,-1.715535048513858284e-10,-1.185456533093349307e+00,-3.805063774916778718e-01,2.016934563734938623e-08,3.577863149275907310e-03,-3.531150483327860634e-02,-1.776984099075708294e-11,3.888936302232865599e-02,1.602984409390365593e-08,-9.982583652576263861e-08,1.540113845237587676e-03,3.329848003036654531e-03,-1.207894546017214847e-10,-1.789709314672741428e-03,-7.882670745405995655e-08
3.082582553639074963e+00,3.805063765669638443e-01,-1.744123266596504102e-02,-4.028928470110236804e-01,-1.716051019407478304e-10,-1.185344712477819362e+00,-3.805063774459183090e-01,1.987043380882204127e-08,3.582287972200040062e-03,-3.530189457616194487e-02,-1.811691643436753677e-11,3.888417766250282931e-02,1.579377516770462572e-08,-1.080722034976109438e-07,1.537439761301403899e-03,3.354282670636251490e-03,-1.206085586044260100e-10,-1.816816029214675778e-03,-8.536306815912706706e-08
3.085458097065976624e+00,3.805063766236438938e-01,-1.743092528868070076e-02,-4.029943452404062820e-01,-1.716576963115300671e-10,-1.185232906885088200e+00,-3.805063774008645150e-01,1.954782071610043022e-08,3.586705085264545352e-03,-3.529221407472961369e-02,-1.846347045371428505e-11,3.887891435435631565e-02,1.553891978165201099e-08,-1.163105293357939834e-07,1.534751477167504725e-03,3.378704378551268192e-03,-1.204267936699748545e-10,-1.843923986257607617e-03,-9.189305771898195664e-08
3.088333640492879173e+00,3.805063766793622682e-01,-1.742060522092986688e-02,-4.030958155321360259e-01,-1.717112864607654764e-10,-1.185121116539303854e+00,-3.805063773565706131e-01,1.920152971674497394e-08,3.591114447627168256e-03,-3.528246336625339569e-02,-1.880950055393847356e-11,3.887357309431285768e-02,1.526529644246209572e-08,-1.245406506654755950e-07,1.532048986608090845e-03,3.403113122858818750e-03,-1.202441624469791948e-10,-1.871033188146806322e-03,-9.841654663926314503e-08
3.091209183919781278e+00,3.805063767340509107e-01,-1.741027248505876840e-02,-4.031972576843830813e-01,-1.717658708783240515e-10,-1.185009341664626570e+00,-3.805063773130905047e-01,1.883158463789169406e-08,3.595516018427850815e-03,-3.527264248801622454e-02,-1.915500424780110987e-11,3.886815387878947425e-02,1.497292402904682447e-08,-1.327624042625506644e-07,1.529332283474865110e-03,3.427508899707378594e-03,-1.200606675869111151e-10,-1.898143637219365304e-03,-1.049334055450680614e-07
3.094084727346683383e+00,3.805063767876417646e-01,-1.739992710353114799e-02,-4.032986714954248098e-01,-1.718214480469344767e-10,-1.184897582485224810e+00,-3.805063772704779801e-01,1.843800977581494541e-08,3.599909756788980970e-03,-3.526275147731210147e-02,-1.949997905569197170e-11,3.886265670419652984e-02,1.466182179216718058e-08,-1.409756270559624095e-07,1.526601361699193860e-03,3.451891705316980502e-03,-1.198763117440721224e-10,-1.925255335804234528e-03,-1.114435051827914632e-07
3.096960270773585489e+00,3.805063768400668844e-01,-1.738956909892831748e-02,-4.034000567636459311e-01,-1.718780164422062032e-10,-1.184785839225279247e+00,-3.805063772287869961e-01,1.802082989548415641e-08,3.604295621815602462e-03,-3.525279037144570665e-02,-1.984442250563738108e-11,3.885708156693762350e-02,1.433200935408187929e-08,-1.491801561299978785e-07,1.523856215292258929e-03,3.476261535979244515e-03,-1.196910975755597494e-10,-1.952368286222095619e-03,-1.179467164219437248e-07
3.099835814200487594e+00,3.805063768912584909e-01,-1.737919849394922028e-02,-4.035014132875385240e-01,-1.719355745326513431e-10,-1.184674112108979660e+00,-3.805063771880712320e-01,1.758007023011419028e-08,3.608673572595654661e-03,-3.524275920773230208e-02,-2.018833213330803353e-11,3.885142846340973455e-02,1.398350670819105139e-08,-1.573758287265834632e-07,1.521096838345217242e-03,3.500618388057571799e-03,-1.195050277412360699e-10,-1.979482490785398723e-03,-1.244429102569701977e-07
3.102711357627389699e+00,3.805063769411488050e-01,-1.736881531141044530e-02,-4.036027408657016369e-01,-1.719941207797069003e-10,-1.184562401360527151e+00,-3.805063771483845336e-01,1.711575648070789422e-08,3.613043568200204145e-03,-3.523265802349754422e-02,-2.053170548202744434e-11,3.884569739000320876e-02,1.361633421867367342e-08,-1.655624822475952333e-07,1.518323225029363874e-03,3.524962257987225307e-03,-1.193181049036953093e-10,-2.006597951798277067e-03,-1.309319578090835951e-07
3.105586901054292248e+00,3.805063769896701587e-01,-1.735841957424632057e-02,-4.037040392968420655e-01,-1.720536536377564059e-10,-1.184450707204132147e+00,-3.805063771097804692e-01,1.662791481559380480e-08,3.617405567683668922e-03,-3.522248685607717866e-02,-2.087454010277919285e-11,3.883988834310175831e-02,1.323051262012113329e-08,-1.737399542571438350e-07,1.515535369596283195e-03,3.549293142275459015e-03,-1.191303317282316363e-10,-2.033714671556526802e-03,-1.374137303280733194e-07
3.108462444481193909e+00,3.805063770367548837e-01,-1.734801130550892023e-02,-4.038053083797738529e-01,-1.721141715541523303e-10,-1.184339029864016180e+00,-3.805063770723126071e-01,1.611657186995553838e-08,3.621759530084053477e-03,-3.521224574281690833e-02,-2.121683355421498424e-11,3.883400131908250341e-02,1.282606301716442328e-08,-1.819080824838764349e-07,1.512733266378010841e-03,3.573611037501636754e-03,-1.189417108828071356e-10,-2.060832652347559940e-03,-1.438880991941317851e-07
3.111337987908096459e+00,3.805063770823354230e-01,-1.733759052836815126e-02,-4.039065479134182346e-01,-1.721756729692378737e-10,-1.184227369564410770e+00,-3.805063770360344599e-01,1.558175474535591082e-08,3.626105414423182530e-03,-3.520193472107220611e-02,-2.155858340266216847e-11,3.882803631431604868e-02,1.240300688409676534e-08,-1.900667048232694798e-07,1.509916909787192450e-03,3.597915940317369249e-03,-1.187522450380196772e-10,-2.087951896450387229e-03,-1.503549359196703382e-07
3.114213531334998120e+00,3.805063771263511585e-01,-1.732715726658685257e-02,-4.040077576972678775e-01,-1.722381515220347348e-10,-1.184115726529572088e+00,-3.805063770009943225e-01,1.503262215116944562e-08,3.630442535626917603e-03,-3.519155445677128041e-02,-2.189328759510544240e-11,3.882199330738403398e-02,1.196858739714943668e-08,-1.899635302082372088e-07,1.506504216914177465e-03,3.621639793046887122e-03,-1.126879988624301342e-10,-2.115088476645586493e-03,-1.502879437756712227e-07
3.117089074761900669e+00,3.805063771687962615e-01,-1.731671154792088080e-02,-4.041089375347042822e-01,-1.723015617395781582e-10,-1.184004100983872210e+00,-3.805063769671966356e-01,1.449007654112917594e-08,3.634769380274056969e-03,-3.518110642422753176e-02,-2.220608511710613904e-11,3.881587225399238394e-02,1.153933523383219919e-08,-1.873883459381657425e-07,1.502903585844786840e-03,3.645181157025001884e-03,-1.048703116354445028e-10,-2.142231119628371528e-03,-1.482659561517947477e-07
3.119964618188802330e+00,3.805063772096919372e-01,-1.730625340213018046e-02,-4.042100872310575022e-01,-1.723658391083452576e-10,-1.183892493151746939e+00,-3.805063769346249680e-01,1.395493450045114813e-08,3.639085851750229611e-03,-3.517059071507409179e-02,-2.249641259050026056e-11,3.880967314895731463e-02,1.111589623139041410e-08,-1.848142026912751237e-07,1.499289463300264476e-03,3.668710278409060936e-03,-9.705964025340159563e-11,-2.169375011224509466e-03,-1.462447765142769589e-07
3.122840161615704879e+00,3.805063772490593910e-01,-1.729578285909902369e-02,-4.043112065917709441e-01,-1.724309190439524357e-10,-1.183780903257641848e+00,-3.805063769032625554e-01,1.342719296415843152e-08,3.643391911273941020e-03,-3.516000736449865355e-02,-2.276429040960573095e-11,3.880339598868576961e-02,1.069826801031489622e-08,-1.822411501689462125e-07,1.495661858908653961e-03,3.692227168673435644e-03,-8.925613767112013968e-11,-2.196520153267819860e-03,-1.442244438826844586e-07
3.125715705042606540e+00,3.805063772869199945e-01,-1.728529994882315596e-02,-4.044122954223895450e-01,-1.724967370212930982e-10,-1.183669331526014057e+00,-3.805063768730927443e-01,1.290684872441826161e-08,3.647687520091479584e-03,-3.514935640765573521e-02,-2.300973940834555578e-11,3.879704076957941894e-02,1.028644807894310751e-08,-1.796692380286986761e-07,1.492020782363726907e-03,3.715731839350018204e-03,-8.145995668777290042e-11,-2.223666547583924395e-03,-1.422049972421995529e-07
3.128591248469509090e+00,3.805063773232949531e-01,-1.727480470140971280e-02,-4.045133535285588278e-01,-1.725632285758008368e-10,-1.183557778181329567e+00,-3.805063768440987149e-01,1.239389843066956488e-08,3.651972639477095266e-03,-3.513863787966665236e-02,-2.323278085979692479e-11,3.879060748803465908e-02,9.880433833559141735e-09,-1.770985158835007637e-07,1.488366243424925697e-03,3.739224302028154416e-03,-7.367124994474193143e-11,-2.250814195990242118e-03,-1.401864755430786794e-07
3.131466791896410751e+00,3.805063773582054720e-01,-1.726429714707716778e-02,-4.046143807160256234e-01,-1.726303293047117843e-10,-1.183446243448065704e+00,-3.805063768162639248e-01,1.188833858975199227e-08,3.656247230733203433e-03,-3.512785181561929593e-02,-2.343343647573451452e-11,3.878409614044270315e-02,9.480222558494860496e-09,-1.745290333010791593e-07,1.484698251917319044e-03,3.762704568354556089e-03,-6.589016992346917151e-11,-2.277963100295941293e-03,-1.381689177001104913e-07
3.134342335323313300e+00,3.805063773916728120e-01,-1.725377731615521798e-02,-4.047153767906373489e-01,-1.726979748683255736e-10,-1.183334727550710230e+00,-3.805063767895716653e-01,1.139016556603690829e-08,3.660511255190560496e-03,-3.511699825056801422e-02,-2.361172840616746742e-11,3.877750672318958786e-02,9.085811426232602632e-09,-1.719608398032272474e-07,1.481016817731540397e-03,3.786172650033229475e-03,-5.811686894330744881e-11,-2.305113262301931171e-03,-1.361523625920729366e-07
3.137217878750214961e+00,3.805063774237183449e-01,-1.724324523908470769e-02,-4.048163415583423408e-01,-1.727661009912645394e-10,-1.183223230713760898e+00,-3.805063767640050609e-01,1.089937558156017328e-08,3.664764674208459937e-03,-3.510607721953333538e-02,-2.376767923887030942e-11,3.877083923265611104e-02,8.697197497509279914e-09,-1.693939848651140132e-07,1.477321950823740678e-03,3.809628558825345606e-03,-5.035149915937065133e-11,-2.332264683800780881e-03,-1.341368490611906529e-07
3.140093422177117510e+00,3.805063774543631649e-01,-1.723270094641756595e-02,-4.049172748251896325e-01,-1.728346434637320152e-10,-1.183111753161726565e+00,-3.805063767395477359e-01,1.041596471615783086e-08,3.669007449174923989e-03,-3.509508875750202289e-02,-2.390131199890745356e-11,3.876409366521802596e-02,8.314377721422745859e-09,-1.668285179145983693e-07,1.473613661215537321e-03,3.833072306549231614e-03,-4.259421256039868980e-11,-2.359417366576759337e-03,-1.321224159125968378e-07
3.142968965604019171e+00,3.805063774836285329e-01,-1.722214446881670941e-02,-4.050181763973286220e-01,-1.729035381427690269e-10,-1.183000295119124745e+00,-3.805063767161828703e-01,9.939928907602933492e-09,3.673239541506877117e-03,-3.508403289942665926e-02,-2.401265014815167740e-11,3.875727001724590948e-02,7.937348935539090984e-09,-1.642644883315381629e-07,1.469891958993957025e-03,3.856503905080195527e-03,-3.484516096661253428e-11,-2.386571312405722477e-03,-1.301091019137907502e-07
3.145844509030921721e+00,3.805063775115356539e-01,-1.721157583705594518e-02,-4.051190460810093485e-01,-1.729727209535097470e-10,-1.182888856810485612e+00,-3.805063766938938108e-01,9.471263951743681681e-09,3.677460912650351577e-03,-3.507290968022560435e-02,-2.410171758479671018e-11,3.875036828510522446e-02,7.566107866000915782e-09,-1.617019454470979106e-07,1.466156854311381329e-03,3.879923366350511091e-03,-2.710449602755839734e-11,-2.413726523055146223e-03,-1.280969457940941535e-07
3.148720052457823382e+00,3.805063775381057334e-01,-1.720099508201992922e-02,-4.052198836825821049e-01,-1.730421278904352669e-10,-1.182777438460348440e+00,-3.805063766726639041e-01,9.009965502646322701e-09,3.681671524080662190e-03,-3.506171913478291213e-02,-2.416853864286301495e-11,3.874338846515644474e-02,7.200651127639407907e-09,-1.591409385430711992e-07,1.462408357385506282e-03,3.903330702349302409e-03,-1.937236921999974180e-11,-2.440883000284056227e-03,-1.260859862441196703e-07
3.151595595884725931e+00,3.805063775633598100e-01,-1.719040223470401710e-02,-4.053206890084974368e-01,-1.731116950186263625e-10,-1.182666040293263388e+00,-3.805063766524766633e-01,8.556029072736141896e-09,3.685871337302601067e-03,-3.505046129794799070e-02,-2.421313809169816180e-11,3.873633055375490936e-02,6.840975224084853501e-09,-1.565815168511821746e-07,1.458646478499275216e-03,3.926725925122457640e-03,-1.164893184574715789e-11,-2.468040745843008352e-03,-1.240762619152222222e-07
3.154471139311628036e+00,3.805063775873192000e-01,-1.717979732621426406e-02,-4.054214618653060875e-01,-1.731813584750143462e-10,-1.182554662533791268e+00,-3.805063766333153796e-01,8.109450032943680078e-09,3.690060313850621054e-03,-3.503913620453555366e-02,-2.423554113547053841e-11,3.872919454725098909e-02,6.487076547881302629e-09,-1.540237295524059564e-07,1.454871228000835601e-03,3.950109046772549634e-03,-3.934335029543255922e-12,-2.495199761474049642e-03,-1.220678114189657437e-07
3.157346682738530141e+00,3.805063776100049977e-01,-1.716918038776724109e-02,-4.055222020596589427e-01,-1.732510544696308077e-10,-1.182443305406503331e+00,-3.805063766151633997e-01,7.670223612850975756e-09,3.694238415289029156e-03,-3.502774388932545363e-02,-2.423577341265715723e-11,3.872198044199004485e-02,6.138951380601225607e-09,-1.514676257762787033e-07,1.451082616303483314e-03,3.973480079458764809e-03,3.771270283083162197e-12,-2.522360048910709217e-03,-1.200606733265813983e-07
3.160222226165432247e+00,3.805063776314383528e-01,-1.715855145069004190e-02,-4.056229093983066969e-01,-1.733207192868557259e-10,-1.182331969135980598e+00,-3.805063765980042367e-01,7.238344900840923348e-09,3.698405603212166076e-03,-3.501628438706246016e-02,-2.421386099552521679e-11,3.871468823431244155e-02,5.796595892962626891e-09,-1.489132546002143753e-07,1.447280653885610812e-03,3.996839035396776083e-03,1.146773332794157336e-11,-2.549521609877912400e-03,-1.180548861684312483e-07
3.163097769592334352e+00,3.805063776516404150e-01,-1.714791054642011633e-02,-4.057235836880999647e-01,-1.733902892866640818e-10,-1.182220653946815414e+00,-3.805063765818211818e-01,6.813808844247689356e-09,3.702561839244600944e-03,-3.500475773245618344e-02,-2.416983038960760777e-11,3.870731792055362441e-02,5.460006144946990275e-09,-1.463606650488171543e-07,1.443465351290654447e-03,4.020185926858725091e-03,1.915490352431871893e-11,-2.576684446092029294e-03,-1.160504884334687074e-07
3.165973313019236457e+00,3.805063776706321677e-01,-1.713725770650526350e-02,-4.058242247359891142e-01,-1.734597009058708690e-10,-1.182109360063611003e+00,-3.805063765665977482e-01,6.396610249510320634e-09,3.706707085041309555e-03,-3.499316396018081754e-02,-2.410370853317231549e-11,3.869986949704414675e-02,5.129178085919718045e-09,-1.438099060932012770e-07,1.439636719127046754e-03,4.043520766173060860e-03,2.683263047709388495e-11,-2.603848559260752912e-03,-1.140475185687044076e-07
3.168848856446138562e+00,3.805063776884348159e-01,-1.712659296260345826e-02,-4.059248323490242671e-01,-1.735288906593749146e-10,-1.181998087710979917e+00,-3.805063765523173380e-01,5.986743782326327841e-09,3.710841302287869962e-03,-3.498150310487503634e-02,-2.401552279668549238e-11,3.869234296010955892e-02,4.804107554750569306e-09,-1.412610266502996440e-07,1.435794768068152918e-03,4.066843565724517252e-03,3.450076397888805541e-11,-2.631013951083140817e-03,-1.120460149786635422e-07
3.171724399873040667e+00,3.805063777050695095e-01,-1.711591634648283733e-02,-4.060254063343550213e-01,-1.735977951414006842e-10,-1.181886837113546695e+00,-3.805063765389633534e-01,5.584203967809863877e-09,3.714964452700645053e-03,-3.496977520114186860e-02,-2.390530098226885982e-11,3.868473830607066510e-02,4.484790279937691571e-09,-1.387140755821895290e-07,1.431939508852235867e-03,4.090154337953998478e-03,4.215915401216444300e-11,-2.658180623249536186e-03,-1.100460160248565491e-07
3.174599943299943217e+00,3.805063777205571762e-01,-1.710522789002157443e-02,-4.061259464992302837e-01,-1.736663510267387943e-10,-1.181775608495945207e+00,-3.805063765265193632e-01,5.188985190649367143e-09,3.719076498026965133e-03,-3.495798028354839965e-02,-2.377307132315044087e-11,3.867705553124331508e-02,4.171221879731227197e-09,-1.361691016954019818e-07,1.428070952282385359e-03,4.113453095358494092e-03,4.980765075137149428e-11,-2.685348577441557406e-03,-1.080475600252369441e-07
3.177475486726844878e+00,3.805063777349187992e-01,-1.709452762520776575e-02,-4.062264526509986040e-01,-1.737344950719849736e-10,-1.181664402082820420e+00,-3.805063765149687693e-01,4.801081695268551560e-09,3.723177400045323514e-03,-3.494611838662576436e-02,-2.361886248310954464e-11,3.866929463193860550e-02,3.863397862259568435e-09,-1.336261537402422699e-07,1.424189109226479391e-03,4.136739850491000930e-03,5.744610456506052381e-11,-2.712517815332055136e-03,-1.060506852536679017e-07
3.180351030153747427e+00,3.805063777481755838e-01,-1.708381558413941612e-02,-4.063269245971075083e-01,-1.738021641167771896e-10,-1.181553218098828184e+00,-3.805063765042950852e-01,4.420487585989394245e-09,3.727267120565557791e-03,-3.493418954486890438e-02,-2.344270355591568261e-11,3.866145560446282436e-02,3.561313625657164284e-09,-1.310852804101099757e-07,1.420293990617128247e-03,4.160014615960455457e-03,6.507436601799903778e-11,-2.739688338585101468e-03,-1.040554299393885052e-07
3.183226573580649088e+00,3.805063777603484021e-01,-1.707309179902427240e-02,-4.064273621451038876e-01,-1.738692950850314559e-10,-1.181442056768635451e+00,-3.805063764944818794e-01,4.047196827196636913e-09,3.731345621429027221e-03,-3.492219379273640151e-02,-2.324462406476125197e-11,3.865353844511742326e-02,3.264964458193513104e-09,-1.285465303408166851e-07,1.416385607451620728e-03,4.183277404431596722e-03,7.269228587329108876e-11,-2.766860148855906226e-03,-1.020618322664782629e-07
3.186102117007551637e+00,3.805063777714583484e-01,-1.706235630217976459e-02,-4.065277651026333317e-01,-1.739358249861756240e-10,-1.181330918316917833e+00,-3.805063764855125541e-01,3.681203243503798547e-09,3.735412864508820454e-03,-3.491013116465038063e-02,-2.302465396168791171e-11,3.864554315019920472e-02,2.974345538403355877e-09,-1.260099521099028022e-07,1.412463970791872324e-03,4.206528228624965490e-03,8.029971509450555968e-11,-2.794033247790870741e-03,-1.000699303733204868e-07
3.188977660434453298e+00,3.805063777815263504e-01,-1.705160912603292944e-02,-4.066281332774408508e-01,-1.740016909163818052e-10,-1.181219802968363597e+00,-3.805063764773706225e-01,3.322500519922605977e-09,3.739468811709918596e-03,-3.489800169499629456e-02,-2.278282362700756586e-11,3.863746971600019037e-02,2.689451935219537549e-09,-1.234755942359627290e-07,1.408529091764380110e-03,4.229767101316728173e-03,8.789650484777218784e-11,-2.821207637027453412e-03,-9.807976235207300226e-08
3.191853203861355848e+00,3.805063777905733358e-01,-1.704085030312027516e-02,-4.067284664773698766e-01,-1.740668300597972663e-10,-1.181108710947671003e+00,-3.805063764700398199e-01,2.971082202032812402e-09,3.743513424969391237e-03,-3.488580541812273672e-02,-2.251916386871640301e-11,3.862931813880771115e-02,2.410278608106185586e-09,-1.209435051779611775e-07,1.404580981560157047e-03,4.252994035338662944e-03,9.548250650390797486e-11,-2.848383318194225213e-03,-9.609136624813110296e-08
3.194728747288257509e+00,3.805063777986202322e-01,-1.703007986608775018e-02,-4.068287645103625949e-01,-1.741311796897730004e-10,-1.180997642479548970e+00,-3.805063764635034929e-01,2.626941696154961923e-09,3.747546666256585095e-03,-3.487354236834139254e-02,-2.223370592190362048e-11,3.862108841490445588e-02,2.136820407194189751e-09,-1.184137333345574885e-07,1.400619651434697934e-03,4.276209043578042650e-03,1.030575716405213919e-10,-2.875560292910784264e-03,-9.410478005959721561e-08
3.197604290715160058e+00,3.805063778056880786e-01,-1.701929784769057319e-02,-4.069290271844600571e-01,-1.741946771700913142e-10,-1.180886597788716630e+00,-3.805063764577453211e-01,2.290072269524463495e-09,3.751568497573300100e-03,-3.486121257992673417e-02,-2.192648144815337271e-11,3.861278054056840187e-02,1.869072073417720409e-09,-1.158863270434242206e-07,1.396645112707908722e-03,4.299412138977552408e-03,1.106215520441275323e-10,-2.902738562787745419e-03,-9.212004173674611773e-08
3.200479834142061719e+00,3.805063778117976359e-01,-1.700850428079322268e-02,-4.070292543078015690e-01,-1.742572599561911926e-10,-1.180775577099905105e+00,-3.805063764527487624e-01,1.960467050468549679e-09,3.755578880953982807e-03,-3.484881608711600659e-02,-2.159752253494163386e-11,3.860439451207299533e-02,1.607028238653006062e-09,-1.133613345805753070e-07,1.392657376764073768e-03,4.322603334535216751e-03,1.181742997122420546e-10,-2.929918129426698631e-03,-9.013718918149740816e-08
3.203355377568964268e+00,3.805063778169698319e-01,-1.699769919836926699e-02,-4.071294456886249691e-01,-1.743188655963922936e-10,-1.180664580637854844e+00,-3.805063764484976074e-01,1.638119028583556336e-09,3.759577778465910281e-03,-3.483635292410894313e-02,-2.124686169502546057e-11,3.859593032568705423e-02,1.350683425857356150e-09,-1.108388041596810046e-07,1.388656455051787966e-03,4.345782643304316357e-03,1.257156668555083421e-10,-2.957098994420200716e-03,-8.815626024687787938e-08
3.206230920995865930e+00,3.805063778212255388e-01,-1.698688263350132954e-02,-4.072296011352662948e-01,-1.743794317331166165e-10,-1.180553608627317619e+00,-3.805063764449754249e-01,1.323021054916428591e-09,3.763565152209364002e-03,-3.482382312506768218e-02,-2.087453186582839685e-11,3.858738797767476830e-02,1.100032049211514904e-09,-1.083187839314016497e-07,1.384642359083914677e-03,4.368950078393274428e-03,1.332455058997708441e-10,-2.984281159351689049e-03,-8.617729273649827615e-08
3.209106464422768479e+00,3.805063778245855732e-01,-1.697605461938095708e-02,-4.073297204561598384e-01,-1.744388961041091877e-10,-1.180442661293056306e+00,-3.805063764421657835e-01,1.015165842145543966e-09,3.767540964317837599e-03,-3.481122672411662844e-02,-2.048056640881720308e-11,3.857876746429591414e-02,8.550684142614739137e-10,-1.058013219827022098e-07,1.380615100437532824e-03,4.392105652965636736e-03,1.407636694882085426e-10,-3.011464625795531869e-03,-8.420032440401546929e-08
3.211982007849670140e+00,3.805063778270707520e-01,-1.696521518930853636e-02,-4.074298034598379803e-01,-1.744971965436561876e-10,-1.180331738859844215e+00,-3.805063764400524740e-01,7.145459647661535537e-10,3.771505176958192974e-03,-3.479856375534221696e-02,-2.006499910887538313e-11,3.857006878180564702e-02,6.157867180639053691e-10,-1.032864663361870448e-07,1.376574690753884847e-03,4.415249380239905964e-03,1.482700104834010815e-10,-3.038649395316904683e-03,-8.222539295261014075e-08
3.214857551276572689e+00,3.805063778287019471e-01,-1.695436437669318661e-02,-4.075298499549309117e-01,-1.745542709838017334e-10,-1.180220841552464872e+00,-3.805063764386189540e-01,4.211538592751470767e-10,3.775457752330868902e-03,-3.478583425279275360e-02,-1.962786417366764783e-11,3.856129192645467441e-02,3.821810493310617180e-10,-1.007742649494157430e-07,1.372521141738318592e-03,4.438381273489527823e-03,1.557643819694581361e-10,-3.065835469471837969e-03,-8.025253603444965882e-08
3.217733094703474350e+00,3.805063778294998089e-01,-1.694350221505269705e-02,-4.076298597501667453e-01,-1.746100574555627228e-10,-1.180109969595713570e+00,-3.805063764378490698e-01,1.349818243602144367e-10,3.779398652670052771e-03,-3.477303825047838720e-02,-1.916919623300151899e-11,3.855243689448925593e-02,1.542453885791461218e-10,-9.826476571423933841e-08,1.368454465160250447e-03,4.461501346042772223e-03,1.632466372540847544e-10,-3.093022849807130440e-03,-7.828179125016717941e-08
3.220608638130376900e+00,3.805063778294850985e-01,-1.693262873801338816e-02,-4.077298326543715712e-01,-1.746644940901416621e-10,-1.179999123214395818e+00,-3.805063764377263902e-01,-1.439779789110749885e-10,3.783327840243863593e-03,-3.476017578237079048e-02,-1.868903033818010905e-11,3.854350368215117562e-02,-6.802639172339878542e-11,-9.575801645611998413e-08,1.364374672853098771e-03,4.484609611282655214e-03,1.707166298706949580e-10,-3.120211537860345143e-03,-7.631319614832730050e-08
3.223484181557279005e+00,3.805063778286786880e-01,-1.692174397931003535e-02,-4.078297684764688458e-01,-1.747175191201378651e-10,-1.179888302633328223e+00,-3.805063764382348168e-01,-4.157335268989913168e-10,3.787245277354546295e-03,-3.474724688240310444e-02,-1.818740196135066137e-11,3.853449228567785295e-02,-2.846405270051040268e-10,-9.325406493346252458e-08,1.360281776714244214e-03,4.507706082646856585e-03,1.781742135804931873e-10,-3.147401535159765652e-03,-7.434678822490172237e-08
3.226359724984181110e+00,3.805063778271011166e-01,-1.691084797278575441e-02,-4.079296670254795032e-01,-1.747690708807566879e-10,-1.179777508077337833e+00,-3.805063764393579739e-01,-6.802929331981244301e-10,3.791150926338646490e-03,-3.473425158446973721e-02,-1.766434699484612097e-11,3.852540270130228039e-02,-4.956033604396646943e-10,-9.075295883694038948e-08,1.356175788704968785e-03,4.530790773627655678e-03,1.856192423745687230e-10,-3.174592843224383933e-03,-7.238260492273967992e-08
3.229235268411083215e+00,3.805063778247731454e-01,-1.689994075239193913e-02,-4.080295281105219551e-01,-1.748190878110166180e-10,-1.179666739771263018e+00,-3.805063764410797078e-01,-9.376644484409705323e-10,3.795044749567191757e-03,-3.472118992242623214e-02,-1.711990175052241422e-11,3.851623492525315523e-02,-7.009213427919050371e-10,-8.825474578883129506e-08,1.352056720850415951e-03,4.553863697771798683e-03,1.930515704759638958e-10,-3.201785463563822706e-03,-7.042068363104681888e-08
3.232110811837985320e+00,3.805063778217153692e-01,-1.688902235218811554e-02,-4.081293515408122574e-01,-1.748675084549551227e-10,-1.179555997939952583e+00,-3.805063764433836426e-01,-1.187856460101531064e-09,3.798926709445890702e-03,-3.470806193008910134e-02,-1.655410295908585080e-11,3.850698895375480324e-02,-9.006010322637609089e-10,-8.575947334233510458e-08,1.347924585239526022e-03,4.576924868680490831e-03,2.004710523417934008e-10,-3.228979397678378820e-03,-6.846106168484951363e-08
3.234986355264887425e+00,3.805063778179485490e-01,-1.687809280634187600e-02,-4.082291371256629997e-01,-1.749142714628315509e-10,-1.179445282808266660e+00,-3.805063764462536802e-01,-1.430877492294323063e-09,3.802796768415296017e-03,-3.469486764123567296e-02,-1.596698776942018970e-11,3.849766478302727585e-02,-1.094649094336587232e-09,-8.326718898091815868e-08,1.343779394024999935e-03,4.599974300009232464e-03,2.078775426652857536e-10,-3.256174647058901386e-03,-6.650377636448013591e-08
3.237861898691789975e+00,3.805063778134932240e-01,-1.686715214912875432e-02,-4.083288846744843603e-01,-1.749593155923290259e-10,-1.179334594601075592e+00,-3.805063764496737222e-01,-1.666736205574062234e-09,3.806654888951003114e-03,-3.468160708960391081e-02,-1.535859374790184349e-11,3.848826240928629461e-02,-1.283072301614096043e-09,-8.077794011763253882e-08,1.339621159423232902e-03,4.623012005467799085e-03,2.152708963778983906e-10,-3.283371213186839915e-03,-6.454886489504282846e-08
3.240737442118691636e+00,3.805063778083698778e-01,-1.685620041493215288e-02,-4.084285939967832735e-01,-1.750025797097538063e-10,-1.179223933543261049e+00,-3.805063764536273929e-01,-1.895441396731407652e-09,3.810501033563826190e-03,-3.466828030889228252e-02,-1.472895887771396791e-11,3.847878182874342468e-02,-1.465877533662116618e-09,-7.829177409445669181e-08,1.335449893714276033e-03,4.646037998820122528e-03,2.226509686513700858e-10,-3.310569097534163657e-03,-6.259636444589580908e-08
3.243612985545594185e+00,3.805063778025991605e-01,-1.684523763824321424e-02,-4.085282649021635959e-01,-1.750440027912329398e-10,-1.179113299859715802e+00,-3.805063764580987051e-01,-2.117001998588080290e-09,3.814335164799982116e-03,-3.465488733275959993e-02,-1.407812155815133773e-11,3.846922303760592216e-02,-1.643071776847912328e-09,-7.580873818162316361e-08,1.331265609241778433e-03,4.669052293884224172e-03,2.300176148998108735e-10,-3.337768301563347716e-03,-6.064631213012361615e-08
3.246488528972495846e+00,3.805063777962016669e-01,-1.683426385366073100e-02,-4.086278972003257182e-01,-1.750835239239096942e-10,-1.179002693775342836e+00,-3.805063764630714496e-01,-2.331427079789391030e-09,3.818157245241275179e-03,-3.464142819482488728e-02,-1.340612060392098976e-11,3.845958603207693532e-02,-1.814662124177444643e-09,-7.332887957695428727e-08,1.327068318412941020e-03,4.692054904532125606e-03,2.373706907817689666e-10,-3.364968826727336628e-03,-5.869874500401572679e-08
3.249364072399398395e+00,3.805063777891977694e-01,-1.682327909589104165e-02,-4.087274907010670089e-01,-1.751210823071372307e-10,-1.178892115515057126e+00,-3.805063764685295835e-01,-2.538725844595311790e-09,3.821967237505278798e-03,-3.462790292866715913e-02,-1.271299524443547134e-11,3.844987080835536586e-02,-1.980655775131511337e-09,-7.085224540519318570e-08,1.322858033698456458e-03,4.715045844689779234e-03,2.447100522023100555e-10,-3.392170674469530915e-03,-5.675370006654123760e-08
3.252239615826300057e+00,3.805063777816079518e-01,-1.681228339974794039e-02,-4.088270452142809264e-01,-1.751566172536697962e-10,-1.178781565303783863e+00,-3.805063764744570642e-01,-2.738907632668773337e-09,3.825765104245511597e-03,-3.461431156782533713e-02,-1.199878512310318562e-11,3.844007736263603536e-02,-2.141060035499666616e-09,-6.837888271734618297e-08,1.318634767632474464e-03,4.738025128336949450e-03,2.520355553150643994e-10,-3.419373846223707717e-03,-5.481121425883279660e-08
3.255115159253202606e+00,3.805063777734528641e-01,-1.680127680015252797e-02,-4.089265605499576295e-01,-1.751900681908526219e-10,-1.178671043366458226e+00,-3.805063764808376825e-01,-2.931981918863691564e-09,3.829550808151637765e-03,-3.460065414579805571e-02,-1.126353029660698666e-11,3.843020569110965068e-02,-2.295882317213999585e-09,-6.590883849000570728e-08,1.314398532812532418e-03,4.760992769507197894e-03,2.593470565243310187e-10,-3.446578343414067637e-03,-5.287132446365501726e-08
3.257990702680104267e+00,3.805063777647527123e-01,-1.679025933213317695e-02,-4.090260365181833113e-01,-1.752213746618087210e-10,-1.178560549928028722e+00,-3.805063764876555066e-01,-3.117958313008860766e-09,3.833324311949624918e-03,-3.458693069604354409e-02,-1.050727123418473102e-11,3.842025578996281776e-02,-2.445130138179578975e-09,-6.344215962470135795e-08,1.310149341899521968e-03,4.783948782287720386e-03,2.666444124870971527e-10,-3.473784167455111569e-03,-5.093406750489512055e-08
3.260866246107006816e+00,3.805063777555280358e-01,-1.677923103082537906e-02,-4.091254729291405323e-01,-1.752504763266246524e-10,-1.178450085213452958e+00,-3.805063764948945493e-01,-3.296846559692096724e-09,3.837085578401946626e-03,-3.457314125197939736e-02,-9.730048816896092004e-12,3.841022765537808331e-02,-2.588811122105170422e-09,-6.097889294722483328e-08,1.305887207617625716e-03,4.806893180819327843e-03,2.739274801151375930e-10,-3.500991319751687540e-03,-4.899948014703287759e-08
3.263741789533908477e+00,3.805063777457990959e-01,-1.676819193147164461e-02,-4.092248695931077762e-01,-1.752773129635333624e-10,-1.178339649447699866e+00,-3.805063765025386568e-01,-3.468656538041028467e-09,3.840834570307755449e-03,-3.455928584698253481e-02,-8.931904336888827848e-12,3.840012128353403192e-02,-2.726932998331291675e-09,-5.851908520697408230e-08,1.301612142754274499e-03,4.829825979296335260e-03,2.811961165770544069e-10,-3.528199801698913944e-03,-4.706759909462587829e-08
3.266617332960811027e+00,3.805063777355862653e-01,-1.675714206942139836e-02,-4.093242263204594500e-01,-1.753018244700953478e-10,-1.178229242855749925e+00,-3.805063765105720086e-01,-3.633398261502613689e-09,3.844571250503060322e-03,-3.454536451438887379e-02,-8.112879496656576126e-12,3.838993667060512649e-02,-2.859503601657253679e-09,-5.606278307628919116e-08,1.297324160160086889e-03,4.852747191966475838e-03,2.884501793003403395e-10,-3.555409614682161767e-03,-4.513846099178824220e-08
3.269492876387712688e+00,3.805063777249098611e-01,-1.674608148013090325e-02,-4.094235429216657174e-01,-1.753239508643775167e-10,-1.178118865662594050e+00,-3.805063765189786174e-01,-3.791081877620388943e-09,3.848295581860917795e-03,-3.453137728749341301e-02,-7.273016408292749774e-12,3.837967381276199963e-02,-2.986530872166430664e-09,-5.361003314979619074e-08,1.293023272748836669e-03,4.875656833130839404e-03,2.956895259734244833e-10,-3.582620760077023792e-03,-4.321210242167538416e-08
3.272368419814615237e+00,3.805063777137901448e-01,-1.673501019916309729e-02,-4.095228192072925544e-01,-1.753436322861300086e-10,-1.178008518093234480e+00,-3.805063765277425514e-01,-3.941717667810535299e-09,3.852007527291611156e-03,-3.451732419954989944e-02,-6.412357592734605482e-12,3.836933270617124553e-02,-3.108022855050646393e-09,-5.116088194373880715e-08,1.288709493497383011e-03,4.898554917143787407e-03,3.029140145477465886e-10,-3.609833239249293346e-03,-4.128855990595944953e-08
3.275243963241516898e+00,3.805063777022474336e-01,-1.672392826218754847e-02,-4.096220549880013051e-01,-1.753608089979605322e-10,-1.177898200372684556e+00,-3.805063765368477680e-01,-4.085316047134956235e-09,3.855707049742823894e-03,-3.450320528377068263e-02,-5.530945979007111762e-12,3.835891334699557953e-02,-3.223987700432120228e-09,-4.871537589532865516e-08,1.284382835445633825e-03,4.921441458412834959e-03,3.101235032397787963e-10,-3.637047053554894049e-03,-3.936786990431940027e-08
3.278119506668419447e+00,3.805063776903018780e-01,-1.671283570498028823e-02,-4.097212500745490149e-01,-1.753754213865070229e-10,-1.177787912725968500e+00,-3.805063765462786685e-01,-4.221887564073585007e-09,3.859394112199835292e-03,-3.448902057332667304e-02,-4.628824903454968288e-12,3.834841573139383814e-02,-3.334433663184914400e-09,-4.627356136207866958e-08,1.280043311696486353e-03,4.944316471398638689e-03,3.173178505331003100e-10,-3.664262204339921447e-03,-3.745006881391746925e-08
3.280995050095321108e+00,3.805063776779737394e-01,-1.670173256342375595e-02,-4.098204042777878198e-01,-1.753874099636076128e-10,-1.177677655378121191e+00,-3.805063765560190991e-01,-4.351442900293779102e-09,3.863068677685683062e-03,-3.447477010134709918e-02,-3.706038108974657557e-12,3.833783985552099288e-02,-3.439369102753999008e-09,-4.383548462115363611e-08,1.275690935415785526e-03,4.967179970614838888e-03,3.244969151804157173e-10,-3.691478692940522877e-03,-3.553519296888954414e-08
3.283870593522223658e+00,3.805063776652831131e-01,-1.669061887350664283e-02,-4.099195174086651128e-01,-1.753967153674687124e-10,-1.177567428554189277e+00,-3.805063765660534614e-01,-4.473992870418781629e-09,3.866730709261361528e-03,-3.446045390091934113e-02,-2.762629744234573920e-12,3.832718571552816422e-02,-3.538802482973662299e-09,-4.140119186870567417e-08,1.271325719832266292e-03,4.990031970628033484e-03,3.316605562056224755e-10,-3.718696520682942576e-03,-3.362327863982344809e-08
3.286746136949125763e+00,3.805063776522501495e-01,-1.667949467132382249e-02,-4.100185892782234887e-01,-1.754032783638304571e-10,-1.177457232479230287e+00,-3.805063765763658234e-01,-4.589548421793473700e-09,3.870380170025994240e-03,-3.444607200508889577e-02,-1.798644362894853930e-12,3.831645330756276030e-02,-3.632742371883737189e-09,-3.897072921922468169e-08,1.266947678237510680e-03,5.012872486057676560e-03,3.388086329058320758e-10,-3.745915688883442746e-03,-3.171436203324909867e-08
3.289621680376027868e+00,3.805063776388948882e-01,-1.666835999307622260e-02,-4.101176196976004107e-01,-1.754070398471304205e-10,-1.177347067378312406e+00,-3.805063765869404757e-01,-4.698120634248894300e-09,3.874017023117012209e-03,-3.443162444685906459e-02,-8.141269228162686561e-13,3.830564262776828266e-02,-3.721197441544914583e-09,-3.654414270487694144e-08,1.262556823985887516e-03,5.035701531575990757e-03,3.459410048534238813e-10,-3.773136198848297922e-03,-2.980847929111912447e-08
3.292497223802929973e+00,3.805063776252374796e-01,-1.665721487507069651e-02,-4.102166084780282107e-01,-1.754079408416646403e-10,-1.177236933476515368e+00,-3.805063765977614865e-01,-4.799720719864332400e-09,3.877641231710342133e-03,-3.441711125919092590e-02,1.908772147319881989e-13,3.829475367228460381e-02,-3.804176467852088414e-09,-3.412147827485635987e-08,1.258153170494515343e-03,5.058519121907895273e-03,3.530575318980671183e-10,-3.800358051873745091e-03,-2.790566649029984795e-08
3.295372767229832078e+00,3.805063776112979634e-01,-1.664605935371995388e-02,-4.103155554308338671e-01,-1.754059225027464982e-10,-1.177126830998930229e+00,-3.805063766088133126e-01,-4.894360022727914407e-09,3.881252759020578993e-03,-3.440253247500314054e-02,1.216322285873298958e-12,3.828378643724782843e-02,-3.881688330346557108e-09,-3.170278179472899601e-08,1.253736731243202578e-03,5.081325271830937351e-03,3.601580741687563607e-10,-3.827581249245981532e-03,-2.600595964205655739e-08
3.298248310656734184e+00,3.805063775970962126e-01,-1.663489346554242534e-02,-4.104144603674390601e-01,-1.754009261178632994e-10,-1.177016760170658261e+00,-3.805063766200802444e-01,-4.982050018695155115e-09,3.884851568301168206e-03,-3.438788812717178539e-02,2.262162124930117517e-12,3.827274091879039747e-02,-3.953742012026648436e-09,-2.928809904577963179e-08,1.249307519774403488e-03,5.104119996175169975e-03,3.672424920758452572e-10,-3.854805792241085445e-03,-2.410939469154061854e-08
3.301123854083636289e+00,3.805063775826524330e-01,-1.662371724716211682e-02,-4.105133230993598947e-01,-1.753928931078303963e-10,-1.176906721216812279e+00,-3.805063766315464058e-01,-5.062802315145798033e-09,3.888437622844595140e-03,-3.437317824853021453e-02,3.328350165237021237e-12,3.826161711304108815e-02,-4.020346599156941893e-09,-2.687747572435737951e-08,1.244865549693163764e-03,5.126903309823132790e-03,3.743106463130814988e-10,-3.882031682125054988e-03,-2.221600751727580535e-08
3.303999397510538394e+00,3.805063775679862759e-01,-1.661253073530859214e-02,-4.106121434382068447e-01,-1.753817650279433216e-10,-1.176796714362517093e+00,-3.805063766431963646e-01,-5.136628650738336305e-09,3.892010885982546010e-03,-3.435840287186894132e-02,4.414839439954553330e-12,3.825041501612506251e-02,-4.081511281075707665e-09,-2.447095744123362761e-08,1.240410834667076941e-03,5.149675227709706385e-03,3.813623978596036331e-10,-3.909258920153697685e-03,-2.032583393065423600e-08
3.306874940937440943e+00,3.805063775531178916e-01,-1.660133396681674409e-02,-4.107109211956845862e-01,-1.753674835691270014e-10,-1.176686739832907502e+00,-3.805063766550143556e-01,-5.203540895163384673e-09,3.895571321086108672e-03,-3.434356202993541635e-02,5.521582582898588390e-12,3.823913462416386744e-02,-4.137245350001460516e-09,-2.206858972093876085e-08,1.235943388426226927e-03,5.172435764822083670e-03,3.883976079820036905e-10,-3.936487507572670325e-03,-1.843890967541577517e-08
3.309750484364342604e+00,3.805063775380668201e-01,-1.659012697862676314e-02,-4.108096561835919425e-01,-1.753499905590831831e-10,-1.176576797853129852e+00,-3.805063766669847802e-01,-5.263551048894440861e-09,3.899118891565936124e-03,-3.432865575543394415e-02,6.648531829364817207e-12,3.822777593327549711e-02,-4.187558200837416774e-09,-1.967041800112411299e-08,1.231463224763146378e-03,5.195184936199659723e-03,3.954161382363125212e-10,-3.963717445617399165e-03,-1.655527042714699420e-08
3.312626027791245154e+00,3.805063775228533229e-01,-1.657890980778399873e-02,-4.109083482138217169e-01,-1.753292279634349954e-10,-1.176466888648341813e+00,-3.805063766790921509e-01,-5.316671242937261432e-09,3.902653560872433418e-03,-3.431368408102550976e-02,7.795639016966128191e-12,3.821633893957440686e-02,-4.232459330974901624e-09,-1.727648763190817638e-08,1.226970357532762698e-03,5.217922756933962396e-03,4.024178504700320233e-10,-3.990948735513075163e-03,-1.467495179276821326e-08
3.315501571218146815e+00,3.805063775074968291e-01,-1.656768249143883431e-02,-4.110069970983604160e-01,-1.753051378868694137e-10,-1.176357012443712158e+00,-3.805063766913209244e-01,-5.362913738577227587e-09,3.906175292495935036e-03,-3.429864703932762604e-02,8.962855586473589945e-12,3.820482363917155483e-02,-4.271958340095165732e-09,-1.488684387522948373e-08,1.222464800652348169e-03,5.240649242168566452e-03,4.094026068241487062e-10,-4.018181378474610169e-03,-1.279798931002527988e-08
3.318377114645048476e+00,3.805063774920172670e-01,-1.655644506684659026e-02,-4.111056026492885263e-01,-1.752776625742770894e-10,-1.176247169464420983e+00,-3.805063767036553912e-01,-5.402290927124829969e-09,3.909684049966886607e-03,-3.428354466291416019e-02,1.015013258266323057e-11,3.819323002817438112e-02,-4.306064929969727833e-09,-1.250153190419960231e-08,1.217946568101473765e-03,5.263364407099024173e-03,4.163702697351455501e-10,-4.045415375706619583e-03,-1.092441844698174298e-08
3.321252658071951025e+00,3.805063774764343987e-01,-1.654519757136737462e-02,-4.112041646787800153e-01,-1.752467444118899558e-10,-1.176137359935658599e+00,-3.805063767160802857e-01,-5.434815329659322082e-09,3.913179796856022276e-03,-3.426837698431523666e-02,1.135742065516830268e-11,3.818155810268691885e-02,-4.334788904259260653e-09,-1.012059680245806707e-08,1.213415673921957325e-03,5.286068266972776021e-03,4.233207019370086936e-10,-4.072650728403384192e-03,-9.054274601512553744e-09
3.324128201498852686e+00,3.805063774607677640e-01,-1.653394004246602766e-02,-4.113026829991023314e-01,-1.752123259284161196e-10,-1.176027584082627753e+00,-3.805063767285800091e-01,-5.460499596770502624e-09,3.916662496774542951e-03,-3.425314403601705665e-02,1.258467005933819659e-11,3.816980785880975946e-02,-4.358140168311059047e-09,-7.744083563526079602e-09,1.208872132217813245e-03,5.308760837089070844e-03,4.302537664632362423e-10,-4.099887437748815470e-03,-7.187593100796591213e-09
3.327003744925755235e+00,3.805063774450371250e-01,-1.652267251771194143e-02,-4.114011574226161816e-01,-1.751743497961724267e-10,-1.175917842130542512e+00,-3.805063767411391851e-01,-5.479356508298656521e-09,3.920132113374292376e-03,-3.423784585046175249e-02,1.383183065710124298e-11,3.815797929264012206e-02,-4.376128728954971232e-09,-5.372037090164938629e-09,1.204315957155210632e-03,5.331442132798891280e-03,4.371693266488361682e-10,-4.127125504916426962e-03,-5.324409200813113552e-09
3.329879288352656896e+00,3.805063774292620216e-01,-1.651139503477897646e-02,-4.114995877617756426e-01,-1.751327588322145715e-10,-1.175808134304626940e+00,-3.805063767537424368e-01,-5.491398973072631499e-09,3.923588610347942748e-03,-3.422248246004720718e-02,1.509885191783674548e-11,3.814607240027181878e-02,-4.388764694298004051e-09,-3.004502193728682617e-09,1.199747162962412151e-03,5.354112169504862684e-03,4.440672461323364105e-10,-4.154364931069308257e-03,-3.464758085833544099e-09
3.332754831779559446e+00,3.805063774134621046e-01,-1.650010763144534390e-02,-4.115979738291279388e-01,-1.750874959994645187e-10,-1.175698460830117531e+00,-3.805063767663742214e-01,-5.496640028646093194e-09,3.927031951429171656e-03,-3.420705389712701966e-02,1.638568291924865135e-11,3.813408717779542129e-02,-4.396058273517331779e-09,-6.415235935252233687e-10,1.195165763929737597e-03,5.376770962661203690e-03,4.509473888577757959e-10,-4.181605717360103308e-03,-1.608674867920011305e-09
3.335630375206461551e+00,3.805063773976569141e-01,-1.648881034559348049e-02,-4.116963154373129985e-01,-1.750385044078357268e-10,-1.175588821932261441e+00,-3.805063767790193840e-01,-5.495092841031900091e-09,3.930462100392829485e-03,-3.419156019401017876e-02,1.769227234824732448e-11,3.812202362129810812e-02,-4.398019776651985571e-09,1.716854083825747865e-09,1.190571774409505132e-03,5.399418527773588300e-03,4.578096190766966130e-10,-4.208847864930943643e-03,2.438054135787480996e-10
3.338505918633363656e+00,3.805063773818658235e-01,-1.647750321520992378e-02,-4.117946123990638418e-01,-1.749857273153553740e-10,-1.175479217836316925e+00,-3.805063767916625483e-01,-5.486770704434666103e-09,3.933879021055138037e-03,-3.417600138296108397e-02,1.901856850183867079e-11,3.810988172686386594e-02,-4.394659614393016771e-09,4.070586305037184336e-09,1.185965208815988135e-03,5.422054880399152822e-03,4.646538013501529555e-10,-4.236091374913482192e-03,2.092647792533273801e-09
3.341381462060265761e+00,3.805063773661084836e-01,-1.646618627838519755e-02,-4.118928645272061373e-01,-1.749291081292843870e-10,-1.175369648767553787e+00,-3.805063768042883932e-01,-5.471687040981434701e-09,3.937282677273845795e-03,-3.416037749619928177e-02,2.036451928801358681e-11,3.809766149057337153e-02,-4.385988297872214302e-09,6.419628630788280776e-09,1.181346081625363805e-03,5.444680036146318930e-03,4.714798005506782747e-10,-4.263336248428784003e-03,3.937817376530674920e-09
3.344257005487167866e+00,3.805063773504042124e-01,-1.645485957331370430e-02,-4.119910716346580903e-01,-1.748685904072347284e-10,-1.175260114951253154e+00,-3.805063768168816529e-01,-5.449855400450598593e-09,3.940673032948426545e-03,-3.414468856589938234e-02,2.173007222665034265e-11,3.808536290850413758e-02,-4.372016438449424947e-09,8.763936716369980025e-09,1.176714407375663730e-03,5.467294010674795396e-03,4.782874818642943424e-10,-4.290582486587369605e-03,5.779279347381387430e-09
3.347132548914069972e+00,3.805063773347723277e-01,-1.644352313829359341e-02,-4.120892335344303326e-01,-1.748041178582843598e-10,-1.175150616612707477e+00,-3.805063768294271176e-01,-5.421289459998903649e-09,3.944050052020241573e-03,-3.412893462419092083e-02,2.311517445041395673e-11,3.807298597673051260e-02,-4.352754747498422765e-09,1.110346631231438996e-08,1.172070200666732679e-03,5.489896819695457529e-03,4.850767107924703249e-10,-4.317830090489131745e-03,7.616998961613387640e-09
3.350008092340972521e+00,3.805063773192322585e-01,-1.643217701172663275e-02,-4.121873500396259771e-01,-1.747356343440888680e-10,-1.175041153977220310e+00,-3.805063768419096326e-01,-5.386003023886605739e-09,3.947413698472723546e-03,-3.411311570315808672e-02,2.451977270567213678e-11,3.806053069132363242e-02,-4.328214036191280467e-09,1.343817326504200723e-08,1.167413476160164857e-03,5.512488478970268245e-03,4.918473531541320049e-10,-4.345079061223333650e-03,9.450941550980119810e-09
3.352883635767874182e+00,3.805063773038033781e-01,-1.642082123211811504e-02,-4.122854209634401190e-01,-1.746630838799915939e-10,-1.174931727270106974e+00,-3.805063768543140434e-01,-5.344010023200955004e-09,3.950763936331559527e-03,-3.409723183483980014e-02,2.594381335340533679e-11,3.804799704835160751e-02,-4.298405215281395814e-09,1.576801351748844969e-08,1.162744248579275714e-03,5.535069004312219952e-03,4.985992750876148581e-10,-4.372329399868566530e-03,1.128107252295239771e-08
3.355759179194776731e+00,3.805063772885048934e-01,-1.640945583807668431e-02,-4.123834461191602241e-01,-1.745864106361299347e-10,-1.174822336716692561e+00,-3.805063768666250845e-01,-5.295324515577565031e-09,3.954100729664858371e-03,-3.408128305122932328e-02,2.738724237013298933e-11,3.803538504387937030e-02,-4.263339294884986064e-09,1.809294310974737922e-08,1.158062532709030167e-03,5.557638411585246949e-03,5.053323430526610740e-10,-4.399581107492735697e-03,1.310735736122336863e-08
3.358634722621678392e+00,3.805063772733559557e-01,-1.639808086831429437e-02,-4.124814253201652403e-01,-1.745055589385401207e-10,-1.174712982542315931e+00,-3.805063768788278789e-01,-5.239960684920363413e-09,3.957424042583326806e-03,-3.406526938427430901e-02,2.885000534883504608e-11,3.802269467396884872e-02,-4.223027384261296982e-09,2.041291817969597765e-08,1.153368343396016368e-03,5.580196716704122206e-03,5.120464238323660156e-10,-4.426834185152992047e-03,1.492976162619933666e-08
3.361510266048580942e+00,3.805063772583757165e-01,-1.638669636164599014e-02,-4.125793583799263198e-01,-1.744204732702581158e-10,-1.174603664972325268e+00,-3.805063768909070498e-01,-5.177932841119190632e-09,3.960733839240468054e-03,-3.404919086587651633e-02,3.033204749989182307e-11,3.800992593467895225e-02,-4.177480691591113656e-09,2.272789496363956197e-08,1.148661695548381517e-03,5.602743935634440023e-03,5.187413845351834081e-10,-4.454088633895771955e-03,1.674825095550580208e-08
3.364385809475482603e+00,3.805063772435835490e-01,-1.637530235698987299e-02,-4.126772451120061524e-01,-1.743310982724190693e-10,-1.174494384232080968e+00,-3.805063769028478315e-01,-5.109255419766206150e-09,3.964030083832726682e-03,-3.403304752789178267e-02,3.183331365201381632e-11,3.799707882206559278e-02,-4.126710523754239810e-09,2.503782979693042633e-08,1.143942604135795215e-03,5.625280084392459030e-03,5.254170925968493614e-10,-4.481344454756676712e-03,1.856279106447318175e-08
3.367261352902385152e+00,3.805063772289983826e-01,-1.636389889336690648e-02,-4.127750853300589107e-01,-1.742373787453529686e-10,-1.174385140546954309e+00,-3.805063769146351804e-01,-5.033942981869810475e-09,3.967312740599688962e-03,-3.401683940212972546e-02,3.335374825319446522e-11,3.798415333218165685e-02,-4.070728286105072120e-09,2.734267911461266235e-08,1.139211084189386365e-03,5.647805179045089184e-03,5.320734157823864217e-10,-4.508601648760527172e-03,2.037334774664321243e-08
3.370136896329286813e+00,3.805063772146392576e-01,-1.635248600990084691e-02,-4.128728788478300826e-01,-1.741392596496784302e-10,-1.174275934142328781e+00,-3.805063769262539974e-01,-4.952010213567414139e-09,3.970581773824251141e-03,-3.400056652035380461e-02,3.489329537165193005e-11,3.797114946107721378e-02,-4.009545482247272915e-09,2.964239945204064211e-08,1.134467150801716064e-03,5.670319235709780741e-03,5.387102221880319364e-10,-4.535860216921276146e-03,2.217988687425427750e-08
3.373012439756189362e+00,3.805063772005252698e-01,-1.634106374581806645e-02,-4.129706254791568054e-01,-1.740366861073931051e-10,-1.174166765243598309e+00,-3.805063769376894611e-01,-4.863471925835753256e-09,3.973837147832798115e-03,-3.398422891428094783e-02,3.645189869679110292e-11,3.795806720479932145e-02,-3.943173713806467553e-09,3.193694744551864712e-08,1.129710819126706917e-03,5.692822270554452266e-03,5.453273802432208062e-10,-4.563120160242008401e-03,2.398237439874345592e-08
3.375887983183091023e+00,3.805063771866752931e-01,-1.632963214044749409e-02,-4.130683250379669214e-01,-1.739296034029618344e-10,-1.174057634076168588e+00,-3.805063769489265835e-01,-4.768343054200033794e-09,3.977078826995374301e-03,-3.396782661558159222e-02,3.802950154015823249e-11,3.794490655939224133e-02,-3.871624680202103879e-09,3.422627983291937772e-08,1.124942104379614630e-03,5.715314299797412574e-03,5.519247587125151937e-10,-4.590381479714893825e-03,2.578077635123237839e-08
3.378763526609993573e+00,3.805063771731084232e-01,-1.631819123322041099e-02,-4.131659773382794776e-01,-1.738179569844014971e-10,-1.173948540865456636e+00,-3.805063769599504875e-01,-4.666638658440638972e-09,3.980306775725873589e-03,-3.395135965587945531e-02,3.962604683641355255e-11,3.793166752089738997e-02,-3.794910178417311550e-09,3.651035345432122630e-08,1.120161021836966857e-03,5.737795339707302614e-03,5.585022266975833464e-10,-4.617644176321183958e-03,2.757505884302706281e-08
3.381639070036895234e+00,3.805063771598433675e-01,-1.630674106367039494e-02,-4.132635821942043930e-01,-1.737016924643637116e-10,-1.173839485836890795e+00,-3.805063769707465182e-01,-4.558373922298643866e-09,3.983520958482191995e-03,-3.393482806675137547e-02,4.124147714429782323e-11,3.791835008535331814e-02,-3.713042102767876278e-09,3.878912525262592970e-08,1.115367586836522439e-03,5.760265406602966230e-03,5.650596536391198966e-10,-4.644908251031132189e-03,2.936518806610310859e-08
3.384514613463797783e+00,3.805063771468991107e-01,-1.629528167143314346e-02,-4.133611394199422362e-01,-1.735807556212141517e-10,-1.173730469215911398e+00,-3.805063769812996322e-01,-4.443564153178940280e-09,3.986721339766435834e-03,-3.391823187972722170e-02,4.287573464761462737e-11,3.790495424879590514e-02,-3.626032444669369884e-09,4.106255227419102825e-08,1.110561814777220012e-03,5.782724516853452769e-03,5.715969093188161021e-10,-4.672173704804042337e-03,3.115113029360194887e-08
3.387390156890699444e+00,3.805063771342943046e-01,-1.628381309624638007e-02,-4.134586488297843365e-01,-1.734550924001094580e-10,-1.173621491227968994e+00,-3.805063769915952299e-01,-4.322224781852038143e-09,3.989907884125062226e-03,-3.390157112628969238e-02,4.452876115621143901e-11,3.789148000725817145e-02,-3.533893292403110701e-09,4.333059166945082691e-08,1.105743721119130298e-03,5.805172686877847071e-03,5.781138638612873839e-10,-4.699440538588144610e-03,3.293285188031840722e-08
3.390265700317601993e+00,3.805063771220478230e-01,-1.627233537794969820e-02,-4.135561102381122289e-01,-1.733246489140709440e-10,-1.173512552098526562e+00,-3.805063770016184899e-01,-4.194371362153918884e-09,3.993080556149083797e-03,-3.388484583787422511e-02,4.620049810696761311e-11,3.787792735677052158e-02,-3.436636830880778170e-09,4.559320069353873952e-08,1.100913321383413176e-03,5.827609933145273813e-03,5.846103877360121340e-10,-4.726708753320653725e-03,3.471031926318933976e-08
3.393141243744503655e+00,3.805063771101783177e-01,-1.626084855648446403e-02,-4.136535234593980426e-01,-1.731893714450558728e-10,-1.173403652053058188e+00,-3.805063770113547572e-01,-4.060019570683969751e-09,3.996239320474229140e-03,-3.386805604586884400e-02,4.789088656479076983e-11,3.786429629336066083e-02,-3.334275341407351975e-09,4.785033670691251159e-08,1.096070631152268673e-03,5.850036272174772602e-03,5.910863517592753832e-10,-4.753978349927676962e-03,3.648349896178422271e-08
3.396016787171406204e+00,3.805063770987044958e-01,-1.624935267189364305e-02,-4.137508883082039457e-01,-1.730492064450254766e-10,-1.173294791317048835e+00,-3.805063770207893215e-01,-3.919185206501130597e-09,3.999384141781119756e-03,-3.385120178161391685e-02,4.959986722361726944e-11,3.785058681305356748e-02,-3.226821201442773593e-09,5.010195717597590279e-08,1.091215666068878635e-03,5.872451720535228591e-03,5.975416270960993372e-10,-4.781249329324218506e-03,3.825235757879339082e-08
3.398892330598308309e+00,3.805063770876445650e-01,-1.623784776434944108e-02,-4.138482045992091796e-01,-1.729041057542920451e-10,-1.173185970115996790e+00,-3.805063770299078052e-01,-3.772779028394175556e-09,4.002514921266628507e-03,-3.383428313825896649e-02,5.131541257545992133e-11,3.783679891043870841e-02,-3.114966936271577340e-09,5.097970187317123708e-08,1.086251298375537268e-03,5.894761708157095562e-03,5.856757836819230853e-10,-4.808523883667752997e-03,3.897697796238441674e-08
3.401767874025210414e+00,3.805063770770055198e-01,-1.622633387492066273e-02,-4.139454721479572386e-01,-1.727541712045556991e-10,-1.173077188675428761e+00,-3.805063770387046573e-01,-3.627282544159863231e-09,4.005631164687252499e-03,-3.381730059398221216e-02,5.295099146862346497e-11,3.782293257118196639e-02,-3.003638690052218192e-09,5.021631810643866962e-08,1.081158573287826098e-03,5.916947780455469874e-03,5.519149399813824316e-10,-4.835802441767494270e-03,3.845425436036670285e-08
3.404643417452112519e+00,3.805063770667816425e-01,-1.621481104567002937e-02,-4.140426907709502946e-01,-1.725996729594339406e-10,-1.172968447220902766e+00,-3.805063770471834861e-01,-3.483979451771702201e-09,4.008732746871060751e-03,-3.380025426760034646e-02,5.448959111038288463e-11,3.780898778927079679e-02,-2.893812417717397152e-09,4.945415467922887477e-08,1.076054107869129760e-03,5.939123486492441963e-03,5.182248089633356059e-10,-4.863082374344468960e-03,3.793232555987507952e-08
3.407518960879014625e+00,3.805063770569667714e-01,-1.620327931880506667e-02,-4.141398602848232469e-01,-1.724408895937727494e-10,-1.172859745977990364e+00,-3.805063770553486213e-01,-3.342866222646476866e-09,4.011819634086734310e-03,-3.378314418889238890e-02,5.593141572485606082e-11,3.779496456075170929e-02,-2.785485820532057930e-09,4.869322510999824650e-08,1.070937921955004415e-03,5.961288846880507912e-03,4.846060071137547272e-10,-4.890363682179881162e-03,3.741120077218953378e-08
3.410394504305916730e+00,3.805063770475544671e-01,-1.619173873663021929e-02,-4.142369805062961485e-01,-1.722780990926161753e-10,-1.172751085172273333e+00,-3.805063770632044484e-01,-3.203939289372446548e-09,4.014891792660051778e-03,-3.376597038757799679e-02,5.727667130671981100e-11,3.778086288166895845e-02,-2.678656573303585818e-09,4.793354288639186562e-08,1.065810035431836653e-03,5.983443882271927139e-03,4.510591494066189679e-10,-4.917646366043857027e-03,3.689088918785626103e-08
3.413270047732818835e+00,3.805063770385385125e-01,-1.618018934154669131e-02,-4.143340512521745955e-01,-1.721115788461211168e-10,-1.172642465029345882e+00,-3.805063770707552417e-01,-3.067195045798029598e-09,4.017949188974061919e-03,-3.374873289331738885e-02,5.852556561685139097e-11,3.776668274806461306e-02,-2.573322324441471395e-09,4.717512146505267254e-08,1.060670468236733343e-03,6.005588613358651268e-03,4.175848492950148653e-10,-4.944930426695491599e-03,3.637139997655816833e-08
3.416145591159720940e+00,3.805063770299126902e-01,-1.616863117605225886e-02,-4.144310723393492824e-01,-1.719416056444850487e-10,-1.172533885774812878e+00,-3.805063770780053312e-01,-2.932629847121411043e-09,4.020991789469212895e-03,-3.373143173571129666e-02,5.967830817794075405e-11,3.775242415597861861e-02,-2.469480696017631846e-09,4.641797427143297597e-08,1.055519240357426659e-03,6.027723060872167138e-03,3.841837187023427204e-10,-4.972215864882771619e-03,3.585274228698691280e-08
3.419021134586623489e+00,3.805063770216705610e-01,-1.615706428274114176e-02,-4.145280435847959466e-01,-1.717684556728860039e-10,-1.172425347634290738e+00,-3.805063770849589355e-01,-2.800240009980265624e-09,4.024019560643491041e-03,-3.371406694430069406e-02,6.073511027008104512e-11,3.773808710144872097e-02,-2.367129283826774058e-09,4.566211469960364551e-08,1.050356371832155029e-03,6.049847245583362364e-03,3.508563680134335563e-10,-4.999502681342572058e-03,3.533492524671329900e-08
3.421896678013525150e+00,3.805063770138061852e-01,-1.614548870430377453e-02,-4.146249648055752024e-01,-1.715924045064353754e-10,-1.172316850833407198e+00,-3.805063770916203292e-01,-2.670021812542347726e-09,4.027032469052590873e-03,-3.369663854856680407e-02,6.169618492633117086e-11,3.772367158051060515e-02,-2.266265657447373129e-09,4.490755611206585857e-08,1.045181882749574888e-03,6.071961188302397831e-03,3.176034060657594456e-10,-5.026790876800611881e-03,3.481795796205952917e-08
3.424772221440427700e+00,3.805063770063129569e-01,-1.613390448352670578e-02,-4.147218358188325404e-01,-1.714137271051437730e-10,-1.172208395597801767e+00,-3.805063770979938420e-01,-2.541971494596653708e-09,4.030030481310037382e-03,-3.367914657793095318e-02,6.256174692825274025e-11,3.770917758919786755e-02,-2.166887360303042969e-09,4.415431183956305242e-08,1.039995793248646395e-03,6.094064909878594942e-03,2.844254401406676190e-10,-5.054080451971459248e-03,3.430184951797151959e-08
3.427647764867329361e+00,3.805063769991849920e-01,-1.612231166329240739e-02,-4.148186564417976618e-01,-1.712326978088996745e-10,-1.172099982153125053e+00,-3.805063771040836929e-01,-2.416085257644951094e-09,4.033013564087336092e-03,-3.366159106175445337e-02,6.333201280142320429e-11,3.769460512354204373e-02,-2.068991909724142230e-09,4.340239518089217488e-08,1.034798123518536946e-03,6.116158431200256068e-03,2.513230759545874318e-10,-5.081371407558443049e-03,3.378660897789079349e-08
3.430523308294231910e+00,3.805063769924158512e-01,-1.611071028657908369e-02,-4.149154264917847001e-01,-1.710495903324606410e-10,-1.171991610725039212e+00,-3.805063771098942116e-01,-2.292359264993805312e-09,4.035981684114125709e-03,-3.364397202933851888e-02,6.400720081092412864e-11,3.767995417957272636e-02,-1.972576797009711107e-09,4.265181940271543116e-08,1.029588893798516220e-03,6.138241773194611645e-03,2.182969176502394763e-10,-5.108663744253709275e-03,3.327224538362661215e-08
3.433398851721133571e+00,3.805063769859993172e-01,-1.609910039646055002e-02,-4.150121457861920549e-01,-1.708646777604578692e-10,-1.171883281539217281e+00,-3.805063771154295615e-01,-2.170789641847453466e-09,4.038934808178311700e-03,-3.362628950992410659e-02,6.458753095680189779e-11,3.766522475331749581e-02,-1.877639487490012397e-09,4.190259773937356609e-08,1.024368124377853396e-03,6.160314956827602460e-03,1.853475677879421720e-10,-5.135957462738103066e-03,3.275876775522929717e-08
3.436274395148036120e+00,3.805063769799293394e-01,-1.608748203610602459e-02,-4.151088141425021694e-01,-1.706782325424139796e-10,-1.171774994821344729e+00,-3.805063771206940171e-01,-2.051372475400780259e-09,4.041872903126214611e-03,-3.360854353269181888e-02,6.507322496950622757e-11,3.765041684080196877e-02,-1.784177420589100062e-09,4.115474339269732648e-08,1.019135835595709168e-03,6.182378003103821545e-03,1.524756273368158630e-10,-5.163252563681220743e-03,3.224618509086213657e-08
3.439149938574937782e+00,3.805063769741996449e-01,-1.607585524877998620e-02,-4.152054313782811423e-01,-1.704905264877736511e-10,-1.171666750797117906e+00,-3.805063771256919081e-01,-1.934103814933360993e-09,4.044795935862714915e-03,-3.359073412676185505e-02,6.546450630530091546e-11,3.763553043804990922e-02,-1.692188009888169061e-09,4.040826953182237780e-08,1.013892047841046190e-03,6.204430933066340699e-03,1.196816956661488617e-10,-5.190549047741325681e-03,3.173450636667583865e-08
3.442025482001840331e+00,3.805063769688041275e-01,-1.606422007784198344e-02,-4.153019973111787277e-01,-1.703018307609473101e-10,-1.171558549692244489e+00,-3.805063771304274534e-01,-1.818979671903400324e-09,4.047703873351386587e-03,-3.357286132119376154e-02,6.576160014165194674e-11,3.762056554108313133e-02,-1.601668643188759602e-09,3.966318929300040923e-08,1.008636781552510030e-03,6.226473767796597732e-03,8.696637053660126205e-11,-5.217846915565351774e-03,3.122374053668019321e-08
3.444901025428741992e+00,3.805063769637365145e-01,-1.605257656674648203e-02,-4.153985117589283904e-01,-1.701124158763689329e-10,-1.171450391732443697e+00,-3.805063771349047053e-01,-1.705996020042854320e-09,4.050596682614659300e-03,-3.355492514498648743e-02,6.596473337258863978e-11,3.760552214592166598e-02,-1.512616682576841100e-09,3.891951577941496354e-08,1.003370057218343301e-03,6.248506528414261157e-03,5.433024809160352787e-11,-5.245146167788860073e-03,3.071389653261911443e-08
3.447776568855644541e+00,3.805063769589907552e-01,-1.604092475904270870e-02,-4.154949745393465288e-01,-1.699225516935663339e-10,-1.171342277143446076e+00,-3.805063771391279936e-01,-1.595148795452668930e-09,4.053474330733939854e-03,-3.353692562707819708e-02,6.607413460404106156e-11,3.759040024858371909e-02,-1.425029464486926940e-09,3.817726206099464646e-08,9.980918953762718190e-04,6.270529236077126978e-03,2.177392284865778698e-11,-5.272446805036036174e-03,3.020498326384380419e-08
3.450652112282546202e+00,3.805063769545606323e-01,-1.602926469837443954e-02,-4.155913854703330301e-01,-1.697325074122453603e-10,-1.171234206150993939e+00,-3.805063771431015374e-01,-1.486433896698662005e-09,4.056336784849760499e-03,-3.351886279634606197e-02,6.609003414915194280e-11,3.757519984508567168e-02,-1.338904299766636968e-09,3.743644117422752724e-08,9.928023166134098462e-04,6.292541911980921790e-03,-1.070201230931774135e-11,-5.299748827919609565e-03,2.969700961718674278e-08
3.453527655709448752e+00,3.805063769504400395e-01,-1.601759642847986817e-02,-4.156877443698704377e-01,-1.695425515673874250e-10,-1.171126178980840926e+00,-3.805063771468295553e-01,-1.379847184907950223e-09,4.059184012161935057e-03,-3.350073668160641338e-02,6.601266402356439801e-11,3.755992093144226718e-02,-1.254238473741635707e-09,3.669706612197615455e-08,9.875013415661560053e-04,6.314544577359282838e-03,-4.309696614262331970e-11,-5.327052237040916932e-03,2.918998445683610298e-08
3.456403199136350413e+00,3.805063769466229262e-01,-1.600591999319141839e-02,-4.157840510560242842e-01,-1.693529520243607663e-10,-1.171018195858751998e+00,-3.805063771503162107e-01,-1.275384483865951321e-09,4.062015979929678618e-03,-3.348254731161430520e-02,6.584225794068379618e-11,3.754456350366641021e-02,-1.171029246280959163e-09,3.595914987329265849e-08,9.821889909200904982e-04,6.336537253483508214e-03,-7.541034906338191543e-11,-5.354357032989760790e-03,2.868391662421025686e-08
3.459278742563252962e+00,3.805063769431031862e-01,-1.599423543643557419e-02,-4.158803053469425914e-01,-1.691639759740453035e-10,-1.170910257010504107e+00,-3.805063771535656114e-01,-1.173041580113814181e-09,4.064832655471763666e-03,-3.346429471506368047e-02,6.557905130691592754e-11,3.752912755776940945e-02,-1.089273851862625751e-09,3.522270536323415694e-08,9.768652854098766602e-04,6.358519961662525630e-03,-1.076415731441607006e-10,-5.381663216344490137e-03,2.817881493783240825e-08
3.462154285990154623e+00,3.805063769398746576e-01,-1.598254280223271664e-02,-4.159765070608558157e-01,-1.689758899279712190e-10,-1.170802362661884644e+00,-3.805063771565820874e-01,-1.072814223046527414e-09,4.067634006166656255e-03,-3.344597892058711469e-02,6.522328121688000599e-11,3.751361308976091519e-02,-1.008969499639723684e-09,3.448774549267915458e-08,9.715302458191606714e-04,6.380492723242708539e-03,-1.397900521265274016e-10,-5.408970787671897248e-03,2.767468819320598300e-08
3.465029829417057172e+00,3.805063769369313453e-01,-1.597084213469692621e-02,-4.160726560160766807e-01,-1.687889597134711371e-10,-1.170694513038693430e+00,-3.805063771593696909e-01,-9.746981250112366041e-10,4.070419999452654786e-03,-3.342759995675571860e-02,6.477518644859610643e-11,3.749802009564890543e-02,-9.301133735066022772e-10,3.375428312814200291e-08,9.661838929804625938e-04,6.402455559607772920e-03,-1.718552014296930866e-10,-5.436279747527234148e-03,2.717154516268864270e-08
3.467905372843959277e+00,3.805063769342670876e-01,-1.595913347803585430e-02,-4.161687520309999000e-01,-1.686034504688468558e-10,-1.170586708366740947e+00,-3.805063771619326407e-01,-8.786889614067210428e-10,4.073190602828033989e-03,-3.340915785207911048e-02,6.423500745865060425e-11,3.748234857143985244e-02,-8.527026321659239333e-10,3.302233110159257496e-08,9.608262477750921298e-04,6.424408492178635896e-03,-2.038364381589365664e-10,-5.463590096454154499e-03,2.666939459536990831e-08
3.470780916270861383e+00,3.805063769318759448e-01,-1.594741687655050824e-02,-4.162647949241022882e-01,-1.684196266385490296e-10,-1.170478948871850333e+00,-3.805063771642750448e-01,-7.847823707826113598e-10,4.075945783851187172e-03,-3.339065263500524267e-02,6.360298637733373633e-11,3.746659851313865336e-02,-7.767344091954487375e-10,3.229190221027026870e-08,9.554573311330307687e-04,6.446351542413318592e-03,-2.357331811142635932e-10,-5.490901834984730952e-03,2.616824521694482980e-08
3.473656459697763488e+00,3.805063769297516996e-01,-1.593569237463511937e-02,-4.163607845139420949e-01,-1.682377519683717412e-10,-1.170371234779855385e+00,-3.805063771664010663e-01,-6.929739549397601334e-10,4.078685510140755456e-03,-3.337208433392029744e-02,6.287936700375525455e-11,3.745076991674867878e-02,-7.022058131156749830e-10,3.156300921650306626e-08,9.500771640328446168e-04,6.468284731806760515e-03,-2.675448507988463510e-10,-5.518214963639359733e-03,2.566810572959118955e-08
3.476532003124665593e+00,3.805063769278885233e-01,-1.592396001677690714e-02,-4.164567206191593374e-01,-1.680580895006604373e-10,-1.170263566316601000e+00,-3.805063771683148688e-01,-6.032592790306780578e-10,4.081409749375783033e-03,-3.335345297714861768e-02,6.206439480093328652e-11,3.743486277827185599e-02,-6.291139274574698706e-10,3.083566484752365502e-08,9.446857675015739178e-04,6.490208081890774458e-03,-2.992708694275999494e-10,-5.545529482926825696e-03,2.516898481184464440e-08
3.479407546551567698e+00,3.805063769262803097e-01,-1.591221984755598548e-02,-4.165526030584752459e-01,-1.678809015695348571e-10,-1.170155943707944735e+00,-3.805063771700206154e-01,-5.156338716610228001e-10,4.084118469295835996e-03,-3.333475859295254029e-02,6.115831689086241334e-11,3.741887709370863430e-02,-5.574558108304802406e-10,3.010988179528973746e-08,9.392831626146439308e-04,6.512121614233829653e-03,-3.309106609355586863e-10,-5.572845393344176557e-03,2.467089111847674961e-08
3.482283089978470247e+00,3.805063769249211192e-01,-1.590047191164511292e-02,-4.166484316506923191e-01,-1.677064497961251185e-10,-1.170048367179754800e+00,-3.805063771715222476e-01,-4.300932249909215427e-10,4.086811637701168870e-03,-3.331600120953234073e-02,6.016138204955177498e-11,3.740281285905802666e-02,-4.872284969913414729e-10,2.938567271629950376e-08,9.338693704957543420e-04,6.534025350441006671e-03,-3.624636509864772276e-10,-5.600162695376775801e-03,2.417383328036969058e-08
3.485158633405371909e+00,3.805063769238047899e-01,-1.588871625380958510e-02,-4.167442062146940462e-01,-1.675349950838232619e-10,-1.169940836957910735e+00,-3.805063771728239841e-01,-3.466327948375501164e-10,4.089489222452834770e-03,-3.329718085502619135e-02,5.907384070204559811e-11,3.738667007031774847e-02,-4.184289949128388329e-10,2.866305023141333794e-08,9.284444123167938292e-04,6.555919312153820483e-03,-3.939292669811544221e-10,-5.627481389498231561e-03,2.367781990439521674e-08
3.488034176832274458e+00,3.805063769229256043e-01,-1.587695291890699884e-02,-4.168399265694446298e-01,-1.673667976135481319e-10,-1.169833353268304732e+00,-3.805063771739299883e-01,-2.652480007776047549e-10,4.092151191472840656e-03,-3.327829755750984914e-02,5.789594491741296957e-11,3.737044872348408570e-02,-3.510542888529067429e-10,2.794202692567052458e-08,9.230083092977234022e-04,6.577803521050111166e-03,-4.253069380659619986e-10,-5.654801476170387940e-03,2.318285957329021703e-08
3.490909720259176119e+00,3.805063769222774006e-01,-1.586518195188712371e-02,-4.169355925339890412e-01,-1.672021168390254336e-10,-1.169725916336839422e+00,-3.805063771748443124e-01,-1.859342262507356024e-10,4.094797512744282643e-03,-3.325935134499677370e-02,5.662794840371855241e-11,3.735414881455206143e-02,-2.851013384243458900e-10,2.722261534811039584e-08,9.175610827064942200e-04,6.599677998843914671e-03,-4.565960951412019858e-10,-5.682122955843285986e-03,2.268896084553532289e-08
3.493785263686078668e+00,3.805063769218542391e-01,-1.585340339779169050e-02,-4.170312039274527427e-01,-1.670412114820817466e-10,-1.169618526389428981e+00,-3.805063771755710089e-01,-1.086868186632143383e-10,4.097428154311481309e-03,-3.324034224543791216e-02,5.527010650296527473e-11,3.733777033951541507e-02,-2.205670786646554167e-10,2.650482801159106970e-08,9.121027538589368934e-04,6.621542767285361342e-03,-4.877961708695452984e-10,-5.709445828955168889e-03,2.219613225523181381e-08
3.496660807112980329e+00,3.805063769216503466e-01,-1.584161730175425234e-02,-4.171267605690414104e-01,-1.668843395279535064e-10,-1.169511183652000241e+00,-3.805063771761141855e-01,-3.350108949230279955e-11,4.100043084280121340e-03,-3.322127028672160198e-02,5.382267618601560223e-11,3.732131329436658845e-02,-1.574484201063746276e-10,2.578867739261037198e-08,9.066333441186680275e-04,6.643397848160495500e-03,-5.189065996843855892e-10,-5.736770095932389180e-03,2.170438231198004169e-08
3.499536350539882879e+00,3.805063769216596725e-01,-1.582982370899996272e-02,-4.172222622780406565e-01,-1.667317582206105388e-10,-1.169403888350489584e+00,-3.805063771764778946e-01,3.962768560895387938e-11,4.102642270817389442e-03,-3.320213549667351549e-02,5.228591604748756244e-11,3.730477767509694786e-02,-9.574224884768930453e-11,2.507417593112635800e-08,9.011528748969949197e-04,6.665243263291230347e-03,-5.499268177982155900e-10,-5.764095757189482451e-03,2.121371950075763672e-08
3.502411893966784540e+00,3.805063769218762215e-01,-1.581802266484545402e-02,-4.173177088738163620e-01,-1.665837240580941990e-10,-1.169296640710846935e+00,-3.805063771766661329e-01,1.107042667063578399e-10,4.105225682152102706e-03,-3.318293790305649332e-02,5.066008630062758205e-11,3.728816347769654121e-02,-3.544542662344898145e-11,2.436133603037853569e-08,8.956613676528116935e-04,6.687079034535137190e-03,-5.808562632109482388e-10,-5.791422813129027715e-03,2.072415228179808060e-08
3.505287437393687089e+00,3.805063769222943315e-01,-1.580621421469859469e-02,-4.174131001758139559e-01,-1.664404927878700387e-10,-1.169189440959032877e+00,-3.805063771766830083e-01,1.797334494788854913e-10,4.107793286574863874e-03,-3.316367753357046810e-02,4.894544877215481224e-11,3.727147069815433394e-02,2.344520912365579265e-11,2.365017005670764278e-08,8.901588438924991180e-04,6.708905183785397741e-03,-6.116943757183277105e-10,-5.818751264141721995e-03,2.023568909046835992e-08
3.508162980820588750e+00,3.805063769229079518e-01,-1.579439840405838166e-02,-4.175084360035584141e-01,-1.663023194021962403e-10,-1.169082289321018875e+00,-3.805063771765326286e-01,2.467200651120308938e-10,4.110345052438179290e-03,-3.314435441585241587e-02,4.714226689709244546e-11,3.725469933245822290e-02,8.093284517115438933e-11,2.294069033938046320e-08,8.846453251698414497e-04,6.730721732970626307e-03,-6.424405969201035123e-10,-5.846081110606282313e-03,1.974833833715010690e-08
3.511038524247491299e+00,3.805063769237112536e-01,-1.578257527851468361e-02,-4.176037161766540939e-01,-1.661694581335057524e-10,-1.168975186022789270e+00,-3.805063771762189351e-01,3.116689801912747381e-10,4.112880948156601157e-03,-3.312496857747611323e-02,4.525080571355954069e-11,3.723784937659494615e-02,1.370206924450692536e-10,2.223290917040835025e-08,8.791208330859065197e-04,6.752528704054771777e-03,-6.730943702284752740e-10,-5.873412352889463041e-03,1.926210840711627337e-08
3.513914067674392960e+00,3.805063769246984640e-01,-1.577074488374815772e-02,-4.176989405147846224e-01,-1.660421624498044513e-10,-1.168868131290339063e+00,-3.805063771757460356e-01,3.745850965943667601e-10,4.115400942206867176e-03,-3.310552004595225528e-02,4.327133185755697447e-11,3.722092082655029804e-02,1.917119859472464003e-10,2.152683880437353852e-08,8.735853892889742850e-04,6.774326119036990987e-03,-7.036551408762138006e-10,-5.900744991345997781e-03,1.877700766041332705e-08
3.516789611101295510e+00,3.805063769258635875e-01,-1.575890726552996515e-02,-4.177941088377127854e-01,-1.659206850500834421e-10,-1.168761125349674801e+00,-3.805063771751177049e-01,4.354733513837931655e-10,4.117905003128035854e-03,-3.308600884872808789e-02,4.120411355770931224e-11,3.720391367830899743e-02,2.450099846829551130e-10,2.082249145824795496e-08,8.680390154744125784e-04,6.796113999951530760e-03,-7.341223559250861134e-10,-5.928079026318616718e-03,1.829304443173819021e-08
3.519665154528197171e+00,3.805063769272009622e-01,-1.574706246972168086e-02,-4.178892209652796952e-01,-1.658052778597475933e-10,-1.168654168426814577e+00,-3.805063771743382173e-01,4.943387166980301936e-10,4.120393099521609676e-03,-3.306643501318754647e-02,3.904942063000507701e-11,3.718682792785481250e-02,2.969179715875175338e-10,2.011987931122054329e-08,8.624817333846050097e-04,6.817892368867576117e-03,-7.644954642739231494e-10,-5.955414458137954677e-03,1.781022703032100836e-08
3.522540697955099720e+00,3.805063769287047037e-01,-1.573521054227506807e-02,-4.179842767174057894e-01,-1.656961920260580304e-10,-1.168547260747789363e+00,-3.805063771734114586e-01,5.511861996429034046e-10,4.122865200051692956e-03,-3.304679856665104082e-02,3.680752447249328087e-11,3.716966357117062331e-02,3.474392534531358916e-10,1.941901450451792786e-08,8.569135648088369072e-04,6.839661247889189562e-03,-7.947739166669772842e-10,-5.982751287122614441e-03,1.732856373980343882e-08
3.525416241382001381e+00,3.805063769303689281e-01,-1.572335152923190135e-02,-4.180792759140893322e-01,-1.655936779135908106e-10,-1.168440402538639233e+00,-3.805063771723413701e-01,6.060208421819963297e-10,4.125321273445103736e-03,-3.302709953637533724e-02,3.447869805997174284e-11,3.715242060423837311e-02,3.965771608549826740e-10,1.871990914123057677e-08,8.513345315832107499e-04,6.861420659155105517e-03,-8.249571657020249793e-10,-6.010089513579041851e-03,1.684806281812059889e-08
3.528291784808903930e+00,3.805063769321880285e-01,-1.571148547672379658e-02,-4.181742183754073583e-01,-1.654979850997103839e-10,-1.168333594025418032e+00,-3.805063771711320042e-01,6.588477210269104352e-10,4.127761288491520360e-03,-3.300733794955348216e-02,3.206321593863806082e-11,3.713509902303911009e-02,4.443350480772664481e-10,1.802257528613505725e-08,8.457446555905352541e-04,6.883170624838685220e-03,-8.550446658386512032e-10,-6.037429137801585653e-03,1.636873249738038017e-08
3.531167328235806036e+00,3.805063769341561208e-01,-1.569961243097203404e-02,-4.182691039215147288e-01,-1.654093623700589772e-10,-1.168226835434190258e+00,-3.805063771697873576e-01,7.096719475266433131e-10,4.130185214043615057e-03,-3.298751383331478132e-02,2.956135422073275764e-11,3.711769882355314687e-02,4.907162930386163957e-10,1.732702496552155525e-08,8.401439587602502375e-04,6.904911167147749322e-03,-8.850358734063051362e-10,-6.064770160072418571e-03,1.589058098374643889e-08
3.534042871662708141e+00,3.805063769362675430e-01,-1.568773243828734676e-02,-4.183639323726444093e-01,-1.653280577140608160e-10,-1.168120126991031071e+00,-3.805063771683112051e-01,7.584986675568308505e-10,4.132593019017182304e-03,-3.296762721472454305e-02,2.697339057914337512e-11,3.710022000175988016e-02,5.357242972174554222e-10,1.663327016701689526e-08,8.345324630683090923e-04,6.926642308324469470e-03,-9.149302466125349604e-10,-6.092112580661530365e-03,1.541361645731792054e-08
3.536918415089610246e+00,3.805063769385163552e-01,-1.567584554506978173e-02,-4.184587035491069695e-01,-1.652543183204422950e-10,-1.168013468922029174e+00,-3.805063771667076544e-01,8.053330614082157799e-10,4.134984672391281944e-03,-3.294767812078413377e-02,2.429960424199723316e-11,3.708266255363804054e-02,5.793624855767848305e-10,1.594132283941166939e-08,8.289101905371005054e-04,6.948364070645248608e-03,-9.447272455510622796e-10,-6.119456399826697472e-03,1.493784707201221532e-08
3.539793958516512351e+00,3.805063769408971175e-01,-1.566395179780849523e-02,-4.185534172712904732e-01,-1.651883905727676845e-10,-1.167906861453283263e+00,-3.805063771649805915e-01,8.501803436747894926e-10,4.137360143208361485e-03,-3.292766657843079758e-02,2.154027598722224229e-11,3.706502647516561610e-02,6.216343064887919266e-10,1.525119489248533840e-08,8.232771632353414479e-04,6.970076476420611691e-03,-9.744263322099289184e-10,-6.146801617813479543e-03,1.446328095544615841e-08
3.542669501943414456e+00,3.805063769434039456e-01,-1.565205124308155157e-02,-4.186480733596606441e-01,-1.651305200449903461e-10,-1.167800304810904244e+00,-3.805063771631338465e-01,8.930457631413166713e-10,4.139719400574394005e-03,-3.290759261453753137e-02,1.869568813709058762e-11,3.704731176231985945e-02,6.625432316590072764e-10,1.456289819683330289e-08,8.176334032779877282e-04,6.991779547995042622e-03,-1.004026970479558624e-09,-6.174148234855143975e-03,1.398992620881862827e-08
3.545545045370316561e+00,3.805063769460312328e-01,-1.564014392755578783e-02,-4.187426716347600886e-01,-1.650809514970199237e-10,-1.167693799221014128e+00,-3.805063771611715273e-01,9.339346026704292730e-10,4.142062413659018671e-03,-3.288745625591312643e-02,1.576612455273651832e-11,3.702951841107746805e-02,7.020927560501867185e-10,1.387644458369379264e-08,8.119789328261408593e-04,7.013473307746940881e-03,-1.033528626160842755e-09,-6.201496251172710153e-03,1.351779090679305223e-08
3.548420588797218667e+00,3.805063769487732062e-01,-1.562822989798659176e-02,-4.188372119172084629e-01,-1.650399288703050695e-10,-1.167587344909747360e+00,-3.805063771590973531e-01,9.728521790891965953e-10,4.144389151695657830e-03,-3.286725752930189093e-02,1.275187062865103247e-11,3.701164641741441080e-02,7.402863978058277638e-10,1.319184584477498423e-08,8.063137740869483119e-04,7.035157778088410759e-03,-1.062930766973180585e-09,-6.228845666974847095e-03,1.304688309738002627e-08
3.551296132224121216e+00,3.805063769516243144e-01,-1.561630920121772140e-02,-4.189316940277024170e-01,-1.650076952834320940e-10,-1.167480942103249042e+00,-3.805063771569153763e-01,1.009803843075252905e-09,4.146699583981660990e-03,-3.284699646138364293e-02,9.653213287149694767e-12,3.699369577730612924e-02,7.771276981734151955e-10,1.250911373208198124e-08,8.006379493135086468e-04,7.056832981465210181e-03,-1.092232862562559405e-09,-6.256196482457915958e-03,1.257721080181983383e-08
3.554171675651022877e+00,3.805063769545787289e-01,-1.560438188418114894e-02,-4.190261177870149290e-01,-1.649844930277399001e-10,-1.167374591027676489e+00,-3.805063771546293161e-01,1.044794979042299720e-09,4.148993679878435793e-03,-3.282667307877366880e-02,6.470440972828879296e-12,3.697566648672754447e-02,8.126202214271771864e-10,1.182825995774656571e-08,7.949514808047845622e-04,7.078498940356601522e-03,-1.121434384509492976e-09,-6.283548697805904117e-03,1.210878201446690362e-08
3.557047219077925426e+00,3.805063769576311206e-01,-1.559244799389683002e-02,-4.191204830159957484e-01,-1.649705635629501949e-10,-1.167268291909198341e+00,-3.805063771522431693e-01,1.077831005025283002e-09,4.151271408811572049e-03,-3.280628740802249421e-02,3.203843646983160724e-12,3.695755854165299475e-02,8.467675547907031727e-10,1.114929619385387556e-08,7.892543909055005445e-04,7.100155677275237984e-03,-1.150534806337094610e-09,-6.310902313190412151e-03,1.164160470267211003e-08
3.559922762504827087e+00,3.805063769607756052e-01,-1.558050757747257362e-02,-4.192147895355706200e-01,-1.649661475128146328e-10,-1.167162044973994117e+00,-3.805063771497607661e-01,1.108917372564923506e-09,4.153532740270983979e-03,-3.278583947561591189e-02,-1.462872179847894079e-13,3.693937193805640201e-02,8.795733083590443264e-10,1.047223407227299975e-08,7.835467020060550482e-04,7.121803214767042159e-03,-1.179533603518985837e-09,-6.338257328770626961e-03,1.117568680666778186e-08
3.562798305931729637e+00,3.805063769640067428e-01,-1.556856068210381479e-02,-4.193090371667415606e-01,-1.649714846607772611e-10,-1.167055850448256438e+00,-3.805063771471859924e-01,1.138059566591872820e-09,4.155777643811029917e-03,-3.276532930797481508e-02,-3.579658644189232442e-12,3.692110667191123713e-02,9.110411150206237769e-10,9.797085184485220775e-09,7.778284365424248696e-04,7.143441575411106290e-03,-1.208430253487299174e-09,-6.365613744693311357e-03,1.071103623945109459e-08
3.565673849358631298e+00,3.805063769673188712e-01,-1.555660735507344121e-02,-4.194032257305862488e-01,-1.649868139456538199e-10,-1.166949708558188359e+00,-3.805063771445226228e-01,1.165263105310326985e-09,4.158006089050653685e-03,-3.274475693145510735e-02,-7.095976153904585337e-12,3.690276273919051303e-02,9.411746303787408925e-10,9.123861081413835528e-09,7.720996169960687603e-04,7.165070781819526599e-03,-1.237224235640610377e-09,-6.392971561092735538e-03,1.024766088666852986e-08
3.568549392785533847e+00,3.805063769707063837e-01,-1.554464764375161970e-02,-4.194973550482580804e-01,-1.650123734573268613e-10,-1.166843619530005371e+00,-3.805063771417744323e-01,1.190533540081133053e-09,4.160218045673512964e-03,-3.272412237234767485e-02,-1.069494377522751892e-11,3.688434013586698590e-02,9.699775326727365226e-10,8.452573273255067989e-09,7.663602658938409090e-04,7.186690856637360791e-03,-1.265915031351831803e-09,-6.420330778090730869e-03,9.785568606501105791e-09
3.571424936212435508e+00,3.805063769741638402e-01,-1.553268159559558804e-02,-4.195914249409863350e-01,-1.650484004324573608e-10,-1.166737583589932514e+00,-3.805063771389454730e-01,1.213876455304461792e-09,4.162413483428099858e-03,-3.270342565687817810e-02,-1.437626404777119404e-11,3.686583885791298171e-02,9.974535226988879576e-10,7.783233229307645206e-09,7.606104058078930370e-04,7.208301822542426823e-03,-1.294502123976147976e-09,-6.447691395796570184e-03,9.324767229548629578e-09
3.574300479639338057e+00,3.805063769776856342e-01,-1.552070925814948502e-02,-4.196854352300750657e-01,-1.650951312502129758e-10,-1.166631600964209703e+00,-3.805063771360392977e-01,1.235297468301938993e-09,4.164592372127885744e-03,-3.268266681120704509e-02,-1.813963802837188394e-11,3.684725890130052806e-02,1.023606323730891126e-09,7.115852377804670351e-09,7.548500593555801819e-04,7.229903702245250863e-03,-1.322984998858859736e-09,-6.475053414307016357e-03,8.865264558715621046e-09
3.577176023066239718e+00,3.805063769812663255e-01,-1.550873067904416994e-02,-4.197793857369038761e-01,-1.651528014280119945e-10,-1.166525671879085291e+00,-3.805063771330598477e-01,1.254802229198313980e-09,4.166754681651440965e-03,-3.266184586142938800e-02,-2.198476529682226526e-11,3.682860026200149989e-02,1.048439681440066203e-09,6.450442105745194687e-09,7.490792491993788398e-04,7.251496518488916368e-03,-1.351363143343244112e-09,-6.502416833706265928e-03,8.407068369096931750e-09
3.580051566493142268e+00,3.805063769849003075e-01,-1.549674590599700585e-02,-4.198732762829269771e-01,-1.652216456172847846e-10,-1.166419796560820954e+00,-3.805063771300108977e-01,1.272396420802681432e-09,4.168900381942565805e-03,-3.264096283357478812e-02,-2.591134396163508331e-11,3.680986293598741133e-02,1.071957363815262539e-09,5.787013758724806844e-09,7.432979980467778946e-04,7.273080294048953065e-03,-1.379636046778435075e-09,-6.529781654065927414e-03,7.950186407862720557e-09
3.582927109920043929e+00,3.805063769885821956e-01,-1.548475498681169647e-02,-4.199671066896736860e-01,-1.653018975992511920e-10,-1.166313975235689915e+00,-3.805063771268961670e-01,1.288085758489148178e-09,4.171029443010426663e-03,-3.262001775360737210e-02,-2.991907066581486294e-11,3.679104691922968629e-02,1.094163161082352688e-09,5.125578640769315748e-09,7.375063286502033747e-04,7.294655051733227660e-03,-1.407803200527199246e-09,-6.557147875444997026e-03,7.494626394145584846e-09
3.585802653346946478e+00,3.805063769923064387e-01,-1.547275796937809707e-02,-4.200608767787476494e-01,-1.653937902807146370e-10,-1.166208208129976054e+00,-3.805063771237195414e-01,1.301875990077068810e-09,4.173141834929676615e-03,-3.259901064742560389e-02,-3.400764059266264525e-11,3.677215220769954745e-02,1.115060885623462764e-09,4.466148014166835436e-09,7.317042638069157787e-04,7.316220814381832818e-03,-1.435864097973752130e-09,-6.584515497889849127e-03,7.040396018926525388e-09
3.588678196773848139e+00,3.805063769960675413e-01,-1.546075490167201846e-02,-4.201545863718268992e-01,-1.654975556898731685e-10,-1.166102495469976130e+00,-3.805063771204846290e-01,1.313772895710789141e-09,4.175237527840584655e-03,-3.257794154086219446e-02,-3.817674747159802730e-11,3.675317879736812038e-02,1.134654371895851883e-09,3.808733099301247961e-09,7.258918263589242068e-04,7.337777604866934505e-03,-1.463818234531526170e-09,-6.611884521434172046e-03,6.587502944921897231e-09
3.591553740200750688e+00,3.805063769998602297e-01,-1.544874583175502580e-02,-4.202482352906636853e-01,-1.656134249721472683e-10,-1.165996837481996895e+00,-3.805063771171952047e-01,1.323782287738910914e-09,4.177316491949177070e-03,-3.255681045968410875e-02,-4.242608358401185585e-11,3.673412668420646815e-02,1.152947476350503930e-09,3.153345074484881706e-09,7.200690391928912760e-04,7.359325446092727756e-03,-1.491665107650974370e-09,-6.639254946099011449e-03,6.135954806469837800e-09
3.594429283627652794e+00,3.805063770036789528e-01,-1.543673080777428763e-02,-4.203418233570843654e-01,-1.657416283860240444e-10,-1.165891234392358422e+00,-3.805063771138551543e-01,1.331910010593064767e-09,4.179378697527344130e-03,-3.253561742959232977e-02,-4.675533976912290522e-11,3.671499586418556366e-02,1.169944077350304310e-09,2.499995075794270955e-09,7.142359252400466013e-04,7.380864360995231972e-03,-1.519404216827225435e-09,-6.666626771892662784e-03,5.685759209418733996e-09
3.597304827054554899e+00,3.805063770075183815e-01,-1.542470987796233477e-02,-4.204353503929890712e-01,-1.658823952989191300e-10,-1.165785686427390555e+00,-3.805063771104680859e-01,1.338161940666234858e-09,4.181424114912985802e-03,-3.251436247622187248e-02,-5.116420542988185310e-11,3.669578633327640754e-02,1.185648075088014025e-09,1.848694196902684077e-09,7.083925074760896506e-04,7.402394372542253631e-03,-1.547035063607893187e-09,-6.693999998810718985e-03,5.236923731013541112e-09
3.600180370481457004e+00,3.805063770113730759e-01,-1.541268309063692325e-02,-4.205288162203514313e-01,-1.660359541830547398e-10,-1.165680193813436460e+00,-3.805063771070376077e-01,1.342543986190577048e-09,4.183452714510134916e-03,-3.249304562514167966e-02,-5.565236853887462296e-11,3.667649808745005596e-02,1.200063391503821483e-09,1.199453488916443302e-09,7.025388089211084298e-04,7.423915503733228421e-03,-1.574557151600711439e-09,-6.721374626836007157e-03,4.789455919784656085e-09
3.603055913908359109e+00,3.805063770152376512e-01,-1.540065049420080885e-02,-4.206222206612184600e-01,-1.662025326113552771e-10,-1.165574756776849519e+00,-3.805063771035676057e-01,1.345062087114783177e-09,4.185464466789078596e-03,-3.247166690185448318e-02,-6.021951564425931139e-11,3.665713112267757895e-02,1.213193970202616370e-09,5.522839602099559554e-10,6.966748526394804953e-04,7.445427777599118030e-03,-1.601969986481220780e-09,-6.748750655938571229e-03,4.343363295435958591e-09
3.605931457335261214e+00,3.805063770191068340e-01,-1.538861213714155275e-02,-4.207155635377107239e-01,-1.663823572533601049e-10,-1.165469375543995767e+00,-3.805063771000616879e-01,1.345722214980971976e-09,4.187459342286494433e-03,-3.245022633179675542e-02,-6.486533187573052216e-11,3.663768543493016450e-02,1.225043776370960777e-09,-9.280342373952926925e-11,6.908006617397860006e-04,7.466931217202293913e-03,-1.629273076000475207e-09,-6.776128086075649398e-03,3.898653348732557684e-09
3.608807000762163320e+00,3.805063770229752396e-01,-1.537656806803135850e-02,-4.208088446720215647e-01,-1.665756538711529647e-10,-1.165364050341251678e+00,-3.805063770965234626e-01,1.344530372801094222e-09,4.189437311605571056e-03,-3.242872394033859129e-02,-6.958950095048940661e-11,3.661816102017918795e-02,1.235616796693687678e-09,-7.357977405143313363e-10,6.849162593747194425e-04,7.488425845636440155e-03,-1.656465929992618482e-09,-6.803506917191668932e-03,3.455333541390589406e-09
3.611682544189065425e+00,3.805063770268375389e-01,-1.536451833552687253e-02,-4.209020638864172104e-01,-1.667826473153087395e-10,-1.165258781395006826e+00,-3.805063770929567601e-01,1.341492594932880049e-09,4.191398345416135623e-03,-3.240715975278368743e-02,-7.439170517924337911e-11,3.659855787439614261e-02,1.244917039270211763e-09,-1.376688110919639539e-09,6.790216687410020576e-04,7.509911686026405145e-03,-1.683548060382494399e-09,-6.830887149218172437e-03,3.013411305966342750e-09
3.614558087615967974e+00,3.805063770306885140e-01,-1.535246298836896381e-02,-4.209952210032366082e-01,-1.670035615208584410e-10,-1.165153568931660777e+00,-3.805063770893651331e-01,1.336614946955316005e-09,4.193342414454787406e-03,-3.238553379436914098e-02,-7.927162547224281654e-11,3.657887599355278546e-02,1.252948533530542478e-09,-2.015463699148169330e-09,6.731169130792840271e-04,7.531388761528137396e-03,-1.710518981193323848e-09,-6.858268782073869037e-03,2.572894045744447994e-09
3.617433631042869635e+00,3.805063770345227803e-01,-1.534040207538256428e-02,-4.210883158448913144e-01,-1.672386195032700940e-10,-1.165048413177625752e+00,-3.805063770857521344e-01,1.329903525543648757e-09,4.195269489525010539e-03,-3.236384609026541487e-02,-8.422894134531212264e-11,3.655911537362107472e-02,1.259715330150931044e-09,-2.652113712940808684e-09,6.672020156740626198e-04,7.552857095328511204e-03,-1.737378208554192658e-09,-6.885651815664529420e-03,2.133789134628868775e-09
3.620309174469772184e+00,3.805063770383351196e-01,-1.532833564547647458e-02,-4.211813482338648829e-01,-1.674880433544479226e-10,-1.164943314359325299e+00,-3.805063770821215940e-01,1.321364458343933635e-09,4.197179541497313669e-03,-3.234209666557631702e-02,-8.926333092591844190e-11,3.653927601057330860e-02,1.265221500969233748e-09,-3.286627403748872131e-09,6.612769998535957807e-04,7.574316710645279810e-03,-1.764125260707628370e-09,-6.913036249883023135e-03,1.696103917032692681e-09
3.623184717896673845e+00,3.805063770421203140e-01,-1.531626374764315061e-02,-4.212743179927130877e-01,-1.677520542387488290e-10,-1.164838272703194288e+00,-3.805063770784769539e-01,1.311003903847096802e-09,4.199072541309346179e-03,-3.232028554533879217e-02,-9.437447095926436186e-11,3.651935790038210450e-02,1.269471138899955326e-09,-3.918994066896267447e-09,6.553418889898054208e-04,7.595767630726913203e-03,-1.790759658017149495e-09,-6.940422084609267420e-03,1.259845707768067217e-09
3.626060261323576395e+00,3.805063770458730898e-01,-1.530418643095851627e-02,-4.213672249440637008e-01,-1.680308723890167345e-10,-1.164733288435679137e+00,-3.805063770748219332e-01,1.298828051262553428e-09,4.200948459966027428e-03,-3.229841275452288718e-02,-9.956203681439858055e-11,3.649936103902037821e-02,1.272468357848969949e-09,-4.549203041740686067e-09,6.493967064981916561e-04,7.617209878852507048e-03,-1.817280922974780867e-09,-6.967809319710202912e-03,8.250217919367795278e-10
3.628935804750478056e+00,3.805063770495882292e-01,-1.529210374458179686e-02,-4.214600689106160480e-01,-1.683247171026334644e-10,-1.164628361783238697e+00,-3.805063770711601401e-01,1.284843120391366158e-09,4.202807268539674249e-03,-3.227647831803170941e-02,-1.048257024903369914e-10,3.647928542246156591e-02,1.274217292627933672e-09,-5.177243711832876298e-09,6.434414758377538781e-04,7.638643478331669061e-03,-1.843688580208494339e-09,-6.995197955039781507e-03,3.916394248220734779e-10
3.631811348177380605e+00,3.805063770532606804e-01,-1.528001573775527450e-02,-4.215528497151411758e-01,-1.686338067375889164e-10,-1.164523492972341812e+00,-3.805063770674950163e-01,1.269055361498912656e-09,4.204648938170122384e-03,-3.225448226070125324e-02,-1.101651406222306845e-10,3.645913104667942300e-02,1.274722098868375528e-09,-5.803105505078771134e-09,6.374762205108851524e-04,7.660068452504418396e-03,-1.869982156489748533e-09,-7.022587990438946409e-03,-4.029416822133181783e-11
3.634686891604282266e+00,3.805063770568850035e-01,-1.526792245980414936e-02,-4.216455671804811289e-01,-1.689583587085672549e-10,-1.164418682229470425e+00,-3.805063770638302256e-01,1.251471055187133552e-09,4.206473440064846178e-03,-3.223242460730034453e-02,-1.155800224875255347e-10,3.643889790764823222e-02,1.273986952935490205e-09,-6.426777893897354017e-09,6.315009640633030465e-04,7.681484824741036457e-03,-1.896161180740863984e-09,-7.049979425735571417e-03,-4.707717918744933531e-10
3.637562435031184815e+00,3.805063770604562579e-01,-1.525582396013630028e-02,-4.217382211295494510e-01,-1.692985894830521836e-10,-1.164313929781117363e+00,-3.805063770601693762e-01,1.232096512266284088e-09,4.208280745499100826e-03,-3.221030538253062681e-02,-1.210700180121698164e-10,3.641858600134283142e-02,1.272016051841608549e-09,-7.048250395381330404e-09,6.255157300839507507e-04,7.702892618442026135e-03,-1.922225184042510983e-09,-7.077372260744509494e-03,-8.997862809632866942e-10
3.640437978458086477e+00,3.805063770639691700e-01,-1.524372028824211821e-02,-4.218308113853301844e-01,-1.696547145774492256e-10,-1.164209235853787439e+00,-3.805063770565159653e-01,1.210938073626274030e-09,4.210070825816022988e-03,-3.218812461102635997e-02,-1.266347957768196228e-10,3.639819532373854416e-02,1.268813613159365518e-09,-7.667512571454594003e-09,6.195205422049161964e-04,7.724291857037915779e-03,-1.948173699641049776e-09,-7.104766495267481746e-03,-1.327330500565303668e-09
3.643313521884989026e+00,3.805063770674187440e-01,-1.523161149369429458e-02,-4.219233377708786481e-01,-1.700269485532267712e-10,-1.164104600673996126e+00,-3.805063770528734901e-01,1.188002110107484183e-09,4.211843652426770432e-03,-3.216588231735437869e-02,-1.322740230230895852e-10,3.637772587081129078e-02,1.264383874934540779e-09,-8.284554029031959482e-09,6.135154241013374057e-04,7.745682563989221038e-03,-1.974006262955976424e-09,-7.132162129093128598e-03,-1.753397346118324020e-09
3.646189065311890687e+00,3.805063770707998172e-01,-1.521949762614763224e-02,-4.220158001093202160e-01,-1.704155050130741852e-10,-1.164000024468271777e+00,-3.805063770492455588e-01,1.163295022371194134e-09,4.213599196810647804e-03,-3.214357852601405080e-02,-1.379873656598045745e-10,3.635717763853767159e-02,1.258731095598619518e-09,-8.899364420176129095e-09,6.075003994913267050e-04,7.767064762786297406e-03,-1.999722411587248319e-09,-7.159559161996946475e-03,-2.177979743526837611e-09
3.649064608738793236e+00,3.805063770741072271e-01,-1.520737873533885287e-02,-4.221081982238508168e-01,-1.708205965970781653e-10,-1.163895507463152734e+00,-3.805063770456356131e-01,1.136823240769537878e-09,4.215337430515212445e-03,-3.212121326143711070e-02,-1.437744882692787910e-10,3.633655062289489757e-02,1.251859553881022989e-09,-9.511933442254939712e-09,6.014754921358757495e-04,7.788438476949237008e-03,-2.025321685322610522e-09,-7.186957593741273922e-03,-2.601070649268827133e-09
3.651940152165694897e+00,3.805063770773360332e-01,-1.519525487108639578e-02,-4.222005319377366006e-01,-1.712424349789176847e-10,-1.163791049885190887e+00,-3.805063770420471503e-01,1.108593225214985057e-09,4.217058325156414905e-03,-3.209878654798767328e-02,-1.496350541136207673e-10,3.631584481986089435e-02,1.243773548721042734e-09,-1.012225083809865204e-08,5.954407258387764846e-04,7.809803730027769716e-03,-2.050803626144932024e-09,-7.214357424075263855e-03,-3.022663050502535097e-09
3.654815695592597447e+00,3.805063770804811840e-01,-1.518312608329020798e-02,-4.222928010743136062e-01,-1.716812308620771859e-10,-1.163686651960947227e+00,-3.805063770384836674e-01,1.078611465049369522e-09,4.218761852418719503e-03,-3.207629840996203963e-02,-1.555687251410619723e-10,3.629506022541434396e-02,1.234477399179451576e-09,-1.073030639615698921e-08,5.893961244465251940e-04,7.831160545601151268e-03,-2.076167778239526301e-09,-7.241758652734889626e-03,-3.442749965173114505e-09
3.657691239019499108e+00,3.805063770835375725e-01,-1.517099242193157942e-02,-4.223850054569878165e-01,-1.721371939760766267e-10,-1.163582313916996958e+00,-3.805063770349487173e-01,1.046884478912517962e-09,4.220447984055217087e-03,-3.205374887158866926e-02,-1.615751619922888784e-10,3.627419683553466390e-02,1.223975444349840611e-09,-1.133608995065391882e-08,5.833417118482477981e-04,7.852508947278031420e-03,-2.101413688001366393e-09,-7.269161279442860890e-03,-3.861324442117628679e-09
3.660566782446401657e+00,3.805063770865002026e-01,-1.515885393707291223e-02,-4.224771449092342701e-01,-1.726105330727211988e-10,-1.163478035979924385e+00,-3.805063770314456861e-01,1.013418814610408060e-09,4.222116691887761210e-03,-3.203113795702815236e-02,-1.676540240068114515e-10,3.625325464620217375e-02,1.212272043269639181e-09,-1.193959138174361780e-08,5.772775119756116003e-04,7.873848958696401043e-03,-2.126540904042365745e-09,-7.296565303908686059e-03,-4.278379561171010197e-09
3.663442325873303762e+00,3.805063770893641895e-01,-1.514671067885755250e-02,-4.225692192545979498e-01,-1.731014559223689338e-10,-1.163373818376327806e+00,-3.805063770279779600e-01,9.782210489828342842e-10,4.223767947807071342e-03,-3.200846569037298778e-02,-1.738049692293509751e-10,3.623223365339796331e-02,1.199371574830804808e-09,-1.254080061566561353e-08,5.712035488027362735e-04,7.895180603523413443e-03,-2.151548977198602810e-09,-7.323970725828558674e-03,-4.693908433271360162e-09
3.666317869300205867e+00,3.805063770921244259e-01,-1.513456269750955083e-02,-4.226612283166927830e-01,-1.736101693102172311e-10,-1.163269661332814620e+00,-3.805063770245491472e-01,9.412977877706451876e-10,4.225401723772880327e-03,-3.198573209564759684e-02,-1.800276544162513468e-10,3.621113385310403138e-02,1.185278437690241391e-09,-1.313970762490003892e-08,5.651198463461096179e-04,7.916503905455337525e-03,-2.176437460537558459e-09,-7.351377544885406845e-03,-5.107904200565347556e-09
3.669193412727107972e+00,3.805063770947766932e-01,-1.512241004242904224e-02,-4.227531719183061365e-01,-1.741367624438415525e-10,-1.163165565075997110e+00,-3.805063770211623009e-01,9.034313501336386462e-10,4.227019148646640398e-03,-3.196293605142318944e-02,-1.861726169734839697e-10,3.618995525233536376e-02,1.170248235890696154e-09,-1.307505855642836391e-08,5.600125877594613584e-04,7.938795288697102909e-03,-2.074088002885367694e-09,-7.378776356355202376e-03,-5.306233056250603873e-09
3.672068956154010078e+00,3.805063770973206583e-01,-1.511025275674363587e-02,-4.228450498760041865e-01,-1.746805046439336805e-10,-1.163061529832437158e+00,-3.805063770178193083e-01,8.661411778824572880e-10,4.228622450638757670e-03,-3.194007534780095997e-02,-1.919486936491050493e-10,3.616869786859100433e-02,1.154775282176832780e-09,-1.286112702882008851e-08,5.551148102197430746e-04,7.961295379858729718e-03,-1.943366331133451337e-09,-7.406174474177533787e-03,-5.455425830600662458e-09
3.674944499580912183e+00,3.805063770997584860e-01,-1.509809088096231156e-02,-4.229368620037498028e-01,-1.752403163585406178e-10,-1.162957555828683986e+00,-3.805063770145214463e-01,8.294653230282355009e-10,4.230211648686588166e-03,-3.191714996229345208e-02,-1.973495086375877103e-10,3.614736169830187057e-02,1.138874189215987740e-09,-1.264778863197118144e-08,5.502030032054912962e-04,7.983782880063294840e-03,-1.813086076499883366e-09,-7.433574029708025187e-03,-5.604012353098476187e-09
3.677820043007814288e+00,3.805063771020916752e-01,-1.508592445569956197e-02,-4.230286081155995026e-01,-1.758151203342423281e-10,-1.162853643291296368e+00,-3.805063770112699362e-01,7.934020752909039221e-10,4.231786702454395400e-03,-3.189415993110015363e-02,-2.023763342498733689e-10,3.612594673733407480e-02,1.122546703888663532e-09,-1.243504663726596408e-08,5.452771713463851503e-04,8.006257793760428176e-03,-1.683249321786412776e-09,-7.460975022762700477e-03,-5.751990137885038460e-09
3.680695586434716393e+00,3.805063771043219467e-01,-1.507375352168586861e-02,-4.231202880257136090e-01,-1.764038429848015464e-10,-1.162749792446847286e+00,-3.805063770080660546e-01,7.579497150032026632e-10,4.233347571619939902e-03,-3.187110529040754897e-02,-2.070304487725552414e-10,3.610445298155419425e-02,1.105794580206260480e-09,-1.222290430232544683e-08,5.403373194046840172e-04,8.028720125518029604e-03,-1.553858140379754106e-09,-7.488377453143276428e-03,-5.899356711150450873e-09
3.683571129861618054e+00,3.805063771064512435e-01,-1.506157811976761851e-02,-4.232119015483568614e-01,-1.770054144083094756e-10,-1.162646003521920379e+00,-3.805063770049108562e-01,7.231065131502477371e-10,4.234894215874879068e-03,-3.184798607638889001e-02,-2.113131364407717901e-10,3.608288042682948615e-02,1.088619579276339491e-09,-1.201136487095998297e-08,5.353834522754404674e-04,8.051169880022513575e-03,-1.424914596220197790e-09,-7.515781320637215587e-03,-6.046109611172933051e-09
3.686446673288520604e+00,3.805063771084812307e-01,-1.504939829090710425e-02,-4.233034484978978051e-01,-1.776187684042507547e-10,-1.162542276743111280e+00,-3.805063770018057290e-01,6.888707314093816214e-10,4.236426594925121920e-03,-3.182480232520370350e-02,-2.152256874109877774e-10,3.606122906902774899e-02,1.071023469267837044e-09,-1.180043157312272150e-08,5.304155749867099472e-04,8.073607062078937482e-03,-1.296420743770848555e-09,-7.543186625017636940e-03,-6.192246388356952374e-09
3.689322216715422265e+00,3.805063771104136294e-01,-1.503721407618245458e-02,-4.233949286888090691e-01,-1.782428424904923530e-10,-1.162438612337027388e+00,-3.805063769987517275e-01,6.552406221900189619e-10,4.237944668491239360e-03,-3.180155407299755516e-02,-2.187693977337075929e-10,3.603949890401750983e-02,1.053008025376109985e-09,-1.159010762486262998e-08,5.254336926997676179e-04,8.096031676611211564e-03,-1.168378627986465320e-09,-7.570593366043310707e-03,-6.337764605271965799e-09
3.692197760142324814e+00,3.805063771122501048e-01,-1.502502551678759971e-02,-4.234863419356670877e-01,-1.788765779201920466e-10,-1.162335010530288315e+00,-3.805063769957501840e-01,6.222144286737489095e-10,4.239448396308831933e-03,-3.177824135590168186e-02,-2.219455693260817460e-10,3.601768992766799654e-02,1.034575029787922830e-09,-1.138039622827823190e-08,5.204378107093125122e-04,8.118443728662305334e-03,-1.040790284282845585e-09,-7.598001543458662681e-03,-6.482661836690394901e-09
3.695073303569226475e+00,3.805063771139925999e-01,-1.501283265403225049e-02,-4.235776880531521016e-01,-1.795189196986279247e-10,-1.162231471549525663e+00,-3.805063769928021533e-01,5.897903848545468508e-10,4.240937738128912338e-03,-3.175486421003266557e-02,-2.247555099444316227e-10,3.599580213584920030e-02,1.015726271646324645e-09,-1.117130057147143513e-08,5.154279344436883854e-04,8.140843223394384626e-03,-9.136577385062438419e-10,-7.625411156993684020e-03,-6.626935669625621585e-09
3.697948846996129024e+00,3.805063771156426689e-01,-1.500063552934179784e-02,-4.236689668560484345e-01,-1.801688165999524421e-10,-1.162127995621382803e+00,-3.805063769899090231e-01,5.579667155789499505e-10,4.242412653718305275e-03,-3.173142267149205165e-02,-2.272005331566999501e-10,3.597383552443188248e-02,9.964635470153125106e-10,-1.096282382850045875e-08,5.104040694650785470e-04,8.163230166089071801e-03,-7.869830069022175743e-10,-7.652822206363998035e-03,-6.770583703370631483e-09
3.700824390423030685e+00,3.805063771172020326e-01,-1.498843418425733695e-02,-4.237601781592439387e-01,-1.808252211838606253e-10,-1.162024582972513986e+00,-3.805063769870717927e-01,5.267416365866851609e-10,4.243873102860012611e-03,-3.170791677636603662e-02,-2.292819583147843461e-10,3.595179008928769265e-02,9.767886588445719123e-10,-1.075496915933488569e-08,5.053662214697318081e-04,8.185604562147532487e-03,-6.607680960858322114e-10,-7.680234691270736158e-03,-6.913603549535040211e-09
3.703699933849933235e+00,3.805063771186725230e-01,-1.497622866043555462e-02,-4.238513217777303832e-01,-1.814870898121853577e-10,-1.161921233829587008e+00,-3.805063769842917942e-01,4.961133545510922977e-10,4.245319045353616698e-03,-3.168434656072507960e-02,-2.310011105268125249e-10,3.592966582628908528e-02,9.567034169339108708e-10,-1.054773970980874505e-08,5.003143962881528677e-04,8.207966417090751393e-03,-5.350150030106352375e-10,-7.707648611400596921e-03,-7.055992832083572986e-09
3.706575477276834896e+00,3.805063771200558609e-01,-1.496401899964874653e-02,-4.239423975266031208e-01,-1.821533826654066898e-10,-1.161817948419280544e+00,-3.805063769815701380e-01,4.660800671199853148e-10,4.246750441015654208e-03,-3.166071206062367333e-02,-2.323593206293076956e-10,3.590746273130956262e-02,9.362096378977730667e-10,-1.034113861157577321e-08,4.952485998853285850e-04,8.230315736559658951e-03,-4.097257149389657336e-10,-7.735063966425769627e-03,-7.197749187372992451e-09
3.709451020703737445e+00,3.805063771213535451e-01,-1.495180524378469586e-02,-4.240334052210612548e-01,-1.828230637590872201e-10,-1.161714726968285261e+00,-3.805063769789079897e-01,4.366399629563364073e-10,4.248167249680006446e-03,-3.163701331209982370e-02,-2.333579251592854338e-10,3.588518080022341794e-02,9.153091451294463548e-10,-1.013516898206271451e-08,4.901688383609156558e-04,8.252652526315332540e-03,-2.849022094111121202e-10,-7.762480756003930019e-03,-7.338870264190287118e-09
3.712326564130639550e+00,3.805063771225675184e-01,-1.493958743484668020e-02,-4.241243446764074165e-01,-1.834951009602214487e-10,-1.161611569703303593e+00,-3.805063769763064596e-01,4.077912217793708610e-10,4.249569431198295735e-03,-3.161325035117483473e-02,-2.339982663262489133e-10,3.586282002890608250e-02,8.940037687653439689e-10,-9.929833924424721357e-09,4.850751179494626562e-04,8.274976792239166490e-03,-1.605464542157117068e-10,-7.789898979778209914e-03,-7.479353723789523097e-09
3.715202107557541655e+00,3.805063771236993908e-01,-1.492736561495340043e-02,-4.242152157080478769e-01,-1.841684660035076097e-10,-1.161508476851049965e+00,-3.805063769737668800e-01,3.795320144056339851e-10,4.250956945440260114e-03,-3.158942321385296848e-02,-2.342816919841064599e-10,3.584038041323402146e-02,8.722953456490784126e-10,-9.725136527499827814e-09,4.799674450206066088e-04,8.297288540333088921e-03,-3.666040735961940954e-11,-7.817318637377194609e-03,-7.619197239929196258e-09
3.718077650984443761e+00,3.805063771247508275e-01,-1.491513982633891656e-02,-4.243060181314923796e-01,-1.848421345075383872e-10,-1.161405448638250792e+00,-3.805063769712902499e-01,3.518605027902037321e-10,4.252329752294147121e-03,-3.156553193612096631e-02,-2.342095556030000809e-10,3.581786194908469223e-02,8.501857192954336084e-10,-9.521079865763631722e-09,4.748458260792794150e-04,8.319587776719677974e-03,8.675398296206913176e-11,-7.844739728414847416e-03,-7.758398498909448747e-09
3.720953194411345866e+00,3.805063771257234939e-01,-1.490291011135261648e-02,-4.243967517623540298e-01,-1.855150859909092235e-10,-1.161302485291644704e+00,-3.805063769688777908e-01,3.247748400680874164e-10,4.253687811667113648e-03,-3.154157655394787541e-02,-2.337832162410493110e-10,3.579526463233682204e-02,8.276767398542728356e-10,-9.317666999284630236e-09,4.697102677659133110e-04,8.341874507642428951e-03,2.096947783956556158e-10,-7.872162252490559967e-03,-7.896955199608904161e-09
3.723828737838247971e+00,3.805063771266191663e-01,-1.489067651245913788e-02,-4.244874164163494612e-01,-1.861863038882469601e-10,-1.161199587037980763e+00,-3.805063769665305573e-01,2.982731705956912769e-10,4.255031083485594570e-03,-3.151755710328454918e-02,-2.330040385160081275e-10,3.577258845887019978e-02,8.047702640742969497e-10,-9.114900973679159992e-09,4.645607768566433968e-04,8.364148739465834120e-03,3.321600504586069063e-10,-7.899586209189044667e-03,-8.034865053521568906e-09
3.726704281265150520e+00,3.805063771274394546e-01,-1.487843907223833188e-02,-4.245780119092986138e-01,-1.868547755661551656e-10,-1.161096754104021356e+00,-3.805063769642498261e-01,2.723536299924567172e-10,4.256359527695713005e-03,-3.149347362006341827e-02,-2.318733925768379574e-10,3.574983342456588414e-02,7.814681552667272240e-10,-8.912784820066929534e-09,4.593973602635082138e-04,8.386410478675649857e-03,4.541478805690618437e-10,-7.927011598080390201e-03,-8.172125784793519306e-09
3.729579824692052181e+00,3.805063771281860796e-01,-1.486619783338519532e-02,-4.246685380571246782e-01,-1.875194923390786585e-10,-1.160993986716540194e+00,-3.805063769620367076e-01,2.470143451826086274e-10,4.257673104263661086e-03,-3.146932614019806729e-02,-2.303926540751958222e-10,3.572699952530618284e-02,7.577722832688704218e-10,-8.711321555026493832e-09,4.542200250346559599e-04,8.408659731879016344e-03,5.756563600752869531e-10,-7.954438418719976533e-03,-8.308735130259433217e-09
3.732455368118954731e+00,3.805063771288606511e-01,-1.485395283870980486e-02,-4.247589946758542623e-01,-1.881794494850864493e-10,-1.160891285102322756e+00,-3.805063769598921453e-01,2.222534344370050622e-10,4.258971773176092879e-03,-3.144511469958285316e-02,-2.285632041368353948e-10,3.570408675697465950e-02,7.336845244075530711e-10,-8.510514180550687447e-09,4.490287783545368269e-04,8.430896505804662266e-03,6.966835902851683283e-10,-7.981866670648492257e-03,-8.444690839479201030e-09
3.735330911545856392e+00,3.805063771294648345e-01,-1.484170413113728923e-02,-4.248493815816170027e-01,-1.888336462615693022e-10,-1.160788649488166069e+00,-3.805063769578175270e-01,1.980690074152154022e-10,4.260255494440520763e-03,-3.142083933409273167e-02,-2.263864293329314398e-10,3.568109511545631413e-02,7.092067614625482935e-10,-8.310365684003106561e-09,4.438236275441184318e-04,8.453120807303076550e-03,8.172276824951018967e-10,-8.009296353391879078e-03,-8.579990674773861714e-09
3.738206454972758941e+00,3.805063771300002951e-01,-1.482945175370773382e-02,-4.249396985906455093e-01,-1.894810859208595673e-10,-1.160686080100879813e+00,-3.805063769558138520e-01,1.744591652075654784e-10,4.261524228085704011e-03,-3.139650007958268846e-02,-2.238637216513085070e-10,3.565802459663747898e-02,6.843408836297454844e-10,-8.110879038073360158e-09,4.386045800610688297e-04,8.475332643346685305e-03,9.372867580195453775e-10,-8.036727466461349167e-03,-8.714632411262195628e-09
3.741081998399660602e+00,3.805063771304686981e-01,-1.481719574957612515e-02,-4.250299455192759202e-01,-1.901207757257642886e-10,-1.160583577167284774e+00,-3.805063769538822860e-01,1.514220003774336698e-10,4.262777934162040837e-03,-3.137209697188749619e-02,-2.209964784675942743e-10,3.563487519640584633e-02,6.590887864843324006e-10,-7.912057200733548741e-09,4.333716434999641386e-04,8.497532021030002741e-03,1.056858948219866671e-09,-8.064160009353293218e-03,-8.848613836896584455e-09
3.743957541826563151e+00,3.805063771308717091e-01,-1.480493616201230406e-02,-4.251201221839469579e-01,-1.907517269650163950e-10,-1.160481140914213727e+00,-3.805063769520237726e-01,1.289555970036416604e-10,4.264016572741970851e-03,-3.134763004682137449e-02,-2.177861025162894745e-10,3.561164691065069748e-02,6.334523719438500688e-10,-7.713903115194673574e-09,4.281248255924860815e-04,8.519718947569867099e-03,1.175942394533234588e-09,-8.091593981549360243e-03,-8.981932752498905878e-09
3.746833085253464812e+00,3.805063771312109377e-01,-1.479267303440088589e-02,-4.252102284012005406e-01,-1.913729549686430439e-10,-1.160378771568511658e+00,-3.805063769502395332e-01,1.070580307229520975e-10,4.265240103920360168e-03,-3.132309934017758063e-02,-2.142340018617505800e-10,3.558833973526273620e-02,6.074335482311204113e-10,-7.516419709862989664e-09,4.228641342076183349e-04,8.541893430305534315e-03,1.294535248501486317e-09,-8.119029382516317062e-03,-9.114586971796325686e-09
3.749708628680367362e+00,3.805063771314879384e-01,-1.478040641024121887e-02,-4.253002639876813373e-01,-1.919834791232491786e-10,-1.160276469357034435e+00,-3.805063769485306779e-01,8.572736877272294764e-11,4.266448487814898660e-03,-3.129850488772815270e-02,-2.103415898690966722e-10,3.556495366613427606e-02,5.810342298371123513e-10,-7.319609898296876567e-09,4.175895773518446125e-04,8.564055476698924363e-03,1.412635671799718096e-09,-8.146466211706119426e-03,-9.246574321456833454e-09
3.752584172107269023e+00,3.805063771317044874e-01,-1.476813633314728348e-02,-4.253902287601370458e-01,-1.925823228872197127e-10,-1.160174234506650803e+00,-3.805063769468983725e-01,6.496167003362433190e-11,4.267641684566502412e-03,-3.127384672522345865e-02,-2.061102851750217008e-10,3.554148869915922659e-02,5.542563374836258334e-10,-7.123476579163264995e-09,4.123011631693410031e-04,8.586205094334746143e-03,1.530241836265116382e-09,-8.173904468555844363e-03,-9.377892641125006517e-09
3.755459715534171572e+00,3.805063771318620836e-01,-1.475586284684764216e-02,-4.254801225354179484e-01,-1.931685138058352214e-10,-1.160072067244240612e+00,-3.805063769453434497e-01,4.475898507254573461e-11,4.268819654339696228e-03,-3.124912488839182156e-02,-2.015415116585359172e-10,3.551794483023303778e-02,5.271017980859571309e-10,-6.928022636194816156e-09,4.069988999421711266e-04,8.608342290920683107e-03,1.647351923925300992e-09,-8.201344152487667627e-03,-9.508539783457185010e-09
3.758335258961073233e+00,3.805063771319623922e-01,-1.474358599518538898e-02,-4.255699451304770231e-01,-1.937410835263034160e-10,-1.159969967796696144e+00,-3.805063769438672416e-01,2.511735618563130584e-11,4.269982357323027361e-03,-3.122433941293934617e-02,-1.966366984116297582e-10,3.549432205525299838e-02,4.995725447154729550e-10,-6.733250938147407151e-09,4.016827960904899644e-04,8.630467074287580601e-03,1.763964127026542920e-09,-8.228785262908851553e-03,-9.638513614156584021e-09
3.761210802387975782e+00,3.805063771320070232e-01,-1.473130582211804214e-02,-4.256596963623701102e-01,-1.942990678127090117e-10,-1.159867936390920562e+00,-3.805063769424708031e-01,6.034817441339434809e-12,4.271129753729452361e-03,-3.119949033454932560e-02,-1.913972797098321106e-10,3.547062037011802088e-02,4.716705165619472676e-10,-6.539164338756724675e-09,3.963528601727214513e-04,8.652579452389598524e-03,1.880076648062426766e-09,-8.256227799211736385e-03,-9.767812012008779642e-09
3.764086345814877443e+00,3.805063771319976973e-01,-1.471902237171750921e-02,-4.257493760482553014e-01,-1.948415065608748028e-10,-1.159765973253829685e+00,-3.805063769411550223e-01,-1.249060527623253781e-11,4.272261803796729984e-03,-3.117457768888208872e-02,-1.858246949827221490e-10,3.544683977072880104e-02,4.433976588959981302e-10,-6.345765676696501491e-09,3.910091008857681603e-04,8.674679433304372661e-03,1.995687699801564596e-09,-8.283671760773665682e-03,-9.896432868916177588e-09
3.766961889241779993e+00,3.805063771319358024e-01,-1.470673568816999004e-02,-4.258389840053935504e-01,-1.953674438131415194e-10,-1.159664078612350657e+00,-3.805063769399211204e-01,-3.046089422403999782e-11,4.273378467787838399e-03,-3.114960151157450743e-02,-1.799203887843246711e-10,3.542298025298787345e-02,4.147559230312225814e-10,-6.153057775535499732e-09,3.856515270651878109e-04,8.696767025233229781e-03,2.110795505316051986e-09,-8.311117146957043567e-03,-1.002437408993332222e-08
3.769837432668681654e+00,3.805063771318230037e-01,-1.469444581577592814e-02,-4.259285200511478964e-01,-1.958759277730590196e-10,-1.159562252693422391e+00,-3.805063769387700412e-01,-4.787803975653004939e-11,4.274479705991352484e-03,-3.112456183823972267e-02,-1.736858107634619285e-10,3.539904181279961842e-02,3.857472662864291726e-10,-5.961043443696002151e-09,3.802801476853988338e-04,8.718842236501286522e-03,2.225398298008977572e-09,-8.338563957109223698e-03,-1.015163359330106244e-08
3.772712976095584203e+00,3.805063771316609111e-01,-1.468215279894989449e-02,-4.260179840029840737e-01,-1.963660108199961871e-10,-1.159460495723996010e+00,-3.805063769377029503e-01,-6.474404028210789940e-11,4.275565478721855828e-03,-3.109945870446671409e-02,-1.671224156339787174e-10,3.537502444607028285e-02,3.563736519475386491e-10,-5.769725474410928594e-09,3.748949718598573125e-04,8.740905075557685311e-03,2.339494321642778593e-09,-8.366012190562566522e-03,-1.027820931048170516e-08
3.775588519522486308e+00,3.805063771314511900e-01,-1.466985668222056845e-02,-4.261073756784699018e-01,-1.968367495236598372e-10,-1.159358807931033741e+00,-3.805063769367209026e-01,-8.106090221930538709e-11,4.276635746320344919e-03,-3.107429214582007118e-02,-1.602316631449485478e-10,3.535092814870811895e-02,3.266370492296736943e-10,-5.579106645683031183e-09,3.694960088412616809e-04,8.762955550975722735e-03,2.453081830366335603e-09,-8.393461846634354268e-03,-1.040409918619276433e-08
3.778464062949388413e+00,3.805063771311952281e-01,-1.465755751023060417e-02,-4.261966948952756185e-01,-1.972872046585336976e-10,-1.159257189541510247e+00,-3.805063769358247860e-01,-9.683063995301672067e-11,4.277690469154611652e-03,-3.104906219783943461e-02,-1.530150180507302229e-10,3.532675291662327327e-02,2.965394332388328600e-10,-5.389189720242151409e-09,3.640832680217240269e-04,8.784993671453019543e-03,2.566159088743177266e-09,-8.420912924626816967e-03,-1.052930117844182324e-08
3.781339606376290519e+00,3.805063771308948017e-01,-1.464525532773661154e-02,-4.262859414711733241e-01,-1.977164412182257784e-10,-1.159155640782411512e+00,-3.805063769350158220e-01,-1.120552757904418556e-10,4.278729607619664865e-03,-3.102376889603935053e-02,-1.454739500810158610e-10,3.530249874572801566e-02,2.660827849337735151e-10,-5.199977445504686631e-09,3.586567589329769587e-04,8.807019445811697586e-03,2.678724371778426589e-09,-8.448365423827070009e-03,-1.065381325856013466e-08
3.784215149803192624e+00,3.805063771305513542e-01,-1.463295017960902257e-02,-4.263751152240374820e-01,-1.981235284297333604e-10,-1.159054161880735068e+00,-3.805063769342948987e-01,-1.267368399170455248e-10,4.279753122138120654e-03,-3.099841227590879530e-02,-1.376099339107410640e-10,3.527816563193662824e-02,2.352690910875458275e-10,-5.011472553531575919e-09,3.532164912465475103e-04,8.829032882998551560e-03,2.790775964946550349e-09,-8.475819343507134951e-03,-1.077763341123699673e-08
3.787090693230094729e+00,3.805063771301664399e-01,-1.462064211083204286e-02,-4.264642159718445291e-01,-1.985075397676199661e-10,-1.158952753063491103e+00,-3.805063769336631263e-01,-1.408773703523333454e-10,4.280760973160603958e-03,-3.097299237291079380e-02,-1.294244491299447300e-10,3.525375357116549563e-02,2.041003442490514839e-10,-4.823677760987250384e-09,3.477624747739477447e-04,8.851033992085177368e-03,2.902312164218546043e-09,-8.503274682923859726e-03,-1.090075963455348545e-08
3.789966236656996834e+00,3.805063771297416686e-01,-1.460833116650356658e-02,-4.265532435326727656e-01,-1.988675529681045716e-10,-1.158851414557700465e+00,-3.805063769331214485e-01,-1.544789129054949303e-10,4.281753121166162294e-03,-3.094750922248218350e-02,-1.209189802135607023e-10,3.522926255933324369e-02,1.725785427045384837e-10,-4.636595769098988835e-09,3.422947194668660067e-04,8.873022782268195907e-03,3.013331276088924514e-09,-8.530731441318974151e-03,-1.102318994001603986e-08
3.792841780083898939e+00,3.805063771292785946e-01,-1.459601739183509148e-02,-4.266421977247022990e-01,-1.992026500430654388e-10,-1.158750146590396435e+00,-3.805063769326709200e-01,-1.675435211309746739e-10,4.282729526662653469e-03,-3.092196286003310451e-02,-1.120950164911071572e-10,3.520469259236062853e-02,1.407056904389064319e-10,-4.450229263615787877e-09,3.368132354173442988e-04,8.894999262869346737e-03,3.123831617602855954e-09,-8.558189617918985845e-03,-1.114492235259007532e-08
3.795717323510801489e+00,3.805063771287786056e-01,-1.458370083215162517e-02,-4.267310783662152107e-01,-1.995119172939562917e-10,-1.158648949388623839e+00,-3.805063769323125400e-01,-1.800732562839172832e-10,4.283690150187162773e-03,-3.089635332094674974e-02,-1.029540521162999174e-10,3.518004366617064754e-02,1.084837970969248731e-10,-4.264580914767573635e-09,3.313180328579649805e-04,8.916963443335715334e-03,3.233811516383229049e-09,-8.585649211935220126e-03,-1.126595491073361833e-08
3.798592866937703150e+00,3.805063771282434226e-01,-1.457138153289162623e-02,-4.268198852755951123e-01,-1.997944453256340102e-10,-1.158547823179439273e+00,-3.805063769320473077e-01,-1.920701872754491021e-10,4.284634952306401109e-03,-3.087068064057897979e-02,-9.349758603662118824e-11,3.515531577668865731e-02,7.591487794447087212e-11,-4.079653377225204263e-09,3.258091221620389860e-04,8.938915333239854516e-03,3.343269310657145989e-09,-8.613110222563771443e-03,-1.138628566643021679e-08
3.801468410364605699e+00,3.805063771276745443e-01,-1.455905953960688441e-02,-4.269086182713272559e-01,-2.000493290600999355e-10,-1.158446768189910658e+00,-3.805063769318762779e-01,-2.035363906279113288e-10,4.285563893617104839e-03,-3.084494485425787885e-02,-8.372712196276536696e-11,3.513050891984224877e-02,4.300095382950909464e-11,-3.895449290059685803e-09,3.202865138437799471e-04,8.960854942279947513e-03,3.452203349282884829e-09,-8.640572648985482551e-03,-1.150591268522236134e-08
3.804343953791507360e+00,3.805063771270734141e-01,-1.454673489796246347e-02,-4.269972771719985905e-01,-2.002756677501526670e-10,-1.158345784647118126e+00,-3.805063769318003941e-01,-2.144739504299271260e-10,4.286476934746456455e-03,-3.081914599728355006e-02,-7.364416833804269174e-11,3.510562309156147615e-02,9.744051143097408134e-12,-3.711971276702328547e-09,3.147502185584976145e-04,8.982782280279991843e-03,3.560611991776344459e-09,-8.668036490365925439e-03,-1.162483404624437907e-08
3.807219497218409909e+00,3.805063771264415862e-01,-1.453440765373659703e-02,-4.270858617962974280e-01,-2.004725649929525579e-10,-1.158244872778153356e+00,-3.805063769318206002e-01,-2.248849582913763183e-10,4.287374036352477498e-03,-3.079328410492762624e-02,-6.325023830769170687e-11,3.508065828777878065e-02,-2.385379821975511409e-11,-3.529221944904693303e-09,3.092002471027654759e-04,9.004697357189953705e-03,3.668493608337511072e-09,-8.695501745855399589e-03,-1.174304784225524279e-08
3.810095040645311570e+00,3.805063771257806149e-01,-1.452207785282059842e-02,-4.271743719630133329e-01,-2.006391287434983741e-10,-1.158144032810119572e+00,-3.805063769319378952e-01,-2.347715132982535619e-10,4.288255159124434480e-03,-3.076735921243290914e-02,-5.254684968811562091e-11,3.505561450442903210e-02,-5.779055689932448738e-11,-3.347203886698773812e-09,3.036366104146130934e-04,9.026600183085885937e-03,3.775846579876852256e-09,-8.722968414588859118e-03,-1.186055217967135881e-08
3.812970584072214120e+00,3.805063771250918880e-01,-1.450974554121879125e-02,-4.272628074910375107e-01,-2.007744713280148766e-10,-1.158043264970131769e+00,-3.805063769321532785e-01,-2.441357219673972921e-10,4.289120263783258689e-03,-3.074137135501312304e-02,-4.153552493605753750e-11,3.503049173744970241e-02,-9.206418211045223847e-11,-3.165919678357609716e-09,2.980593195737000090e-04,9.048490768170163942e-03,3.882669298041424470e-09,-8.750436495685970026e-03,-1.197734517859900403e-08
3.815846127499115781e+00,3.805063771243770154e-01,-1.449741076504838105e-02,-4.273511681993620304e-01,-2.008777094572521538e-10,-1.157942569485316486e+00,-3.805063769324676937e-01,-2.529796982011328516e-10,4.289969311081938234e-03,-3.071532056785241174e-02,-3.021779111767273444e-11,3.500528998278072679e-02,-1.266726256820134107e-10,-2.985371880355539702e-09,2.924683858014963736e-04,9.070369122771556811e-03,3.988960165241134374e-09,-8.777905988251000907e-03,-1.209342497286687877e-08
3.818721670926018330e+00,3.805063771236374959e-01,-1.448507357053939980e-02,-4.274394539070803245e-01,-2.009479642396954371e-10,-1.157841946582812920e+00,-3.805063769328820844e-01,-2.613055632417769877e-10,4.290802261805934381e-03,-3.068920688610506098e-02,-1.859517987755411993e-11,3.498000923636468418e-02,-1.616138340963837842e-10,-2.805563037329178430e-09,2.868638204614562016e-04,9.092235257345459773e-03,4.094717594674624204e-09,-8.805376891372878462e-03,-1.220878971005827253e-08
3.821597214352919991e+00,3.805063771228747727e-01,-1.447273400403459483e-02,-4.275276644333867448e-01,-2.009843611946860471e-10,-1.157741396489770258e+00,-3.805063769333975054e-01,-2.691154456260376599e-10,4.291619076773594416e-03,-3.066303034489514454e-02,-6.669227407673560229e-12,3.495464949414682498e-02,-1.968857485290317417e-10,-2.626495678038377332e-09,2.812456350592062396e-04,9.114089182474005221e-03,4.199940010355129439e-09,-8.832849204125116371e-03,-1.232343755154320329e-08
3.824472757779822540e+00,3.805063771220902891e-01,-1.446039211198931786e-02,-4.276157995975765069e-01,-2.009860302654527449e-10,-1.157640919433350346e+00,-3.805063769340147339e-01,-2.764114811393151551e-10,4.292419716836548028e-03,-3.063679097931602119e-02,5.558525583772025037e-12,3.492921075207497394e-02,-2.324863048882659901e-10,-2.448172315327016248e-09,2.756138412427044763e-04,9.135930908866218836e-03,4.304625847136384444e-09,-8.860322925565817034e-03,-1.243736667251047733e-08
3.827348301206724202e+00,3.805063771212855439e-01,-1.444804794097145732e-02,-4.277038592190460786e-01,-2.009521058320537484e-10,-1.157540515640726575e+00,-3.805063769347348246e-01,-2.831958127698694049e-10,4.293204142880126251e-03,-3.061048882443017163e-02,1.808653390354828000e-11,3.490369300609980074e-02,-2.684134338549546150e-10,-2.270595446084643341e-09,2.699684508024344318e-04,9.157760447358199996e-03,4.408773550738098804e-09,-8.887798054737643810e-03,-1.255057526199942321e-08
3.830223844633626751e+00,3.805063771204620360e-01,-1.443570153766133256e-02,-4.277918431172923475e-01,-2.008817267242283530e-10,-1.157440185339084104e+00,-3.805063769355587211e-01,-2.894705906628853542e-10,4.293972315823772583e-03,-3.058412391526870236e-02,3.091324790467239166e-11,3.487809625217470899e-02,-3.046650609224159953e-10,-2.093767551207824670e-09,2.643094756715664868e-04,9.179577808913270964e-03,4.512381577771506454e-09,-8.915274590667815816e-03,-1.266306152293157116e-08
3.833099388060528412e+00,3.805063771196213196e-01,-1.442335294885158277e-02,-4.278797511119130093e-01,-2.007740362341589586e-10,-1.157339928755618974e+00,-3.805063769364872561e-01,-2.952379720744373616e-10,4.294724196621444584e-03,-3.055769628683099523e-02,4.403711351777162806e-11,3.485242048625589867e-02,-3.412391064363940118e-10,-1.917691095561745633e-09,2.586369279261398115e-04,9.201383004622096587e-03,4.615448395764799826e-09,-8.942752532368045473e-03,-1.277482367214221328e-08
3.835974931487430961e+00,3.805063771187646160e-01,-1.441100222144708030e-02,-4.279675830226062350e-01,-2.006281821291428043e-10,-1.157239746117540102e+00,-3.805063769375214844e-01,-3.005001213253287987e-10,4.295459746262038012e-03,-3.053120597408440218e-02,5.745657228250847423e-11,3.482666570430251185e-02,-3.781334856351019647e-10,-1.742368527942096561e-09,2.529508197852315017e-04,9.223176045702895925e-03,4.717972483188393602e-09,-8.970231878834597494e-03,-1.288585994041180829e-08
3.838850474914332622e+00,3.805063771178935350e-01,-1.439864940246482483e-02,-4.280553386691710038e-01,-2.004433166641727913e-10,-1.157139637652067288e+00,-3.805063769386622941e-01,-3.052592097548344042e-10,4.296178925769779736e-03,-3.050465301196375947e-02,7.117006137908759595e-11,3.480083190227646617e-02,-4.153461086893835618e-10,-1.567802281036978149e-09,2.472511636111276653e-04,9.244956943501516852e-03,4.819952329480098297e-09,-8.997712629048150099e-03,-1.299616857249716795e-08
3.841726018341235172e+00,3.805063771170095199e-01,-1.438629453903382538e-02,-4.281430178715063817e-01,-2.002185965944281166e-10,-1.157039603586431431e+00,-3.805063769399104623e-01,-3.095174156743270397e-10,4.296881696204664890e-03,-3.047803743537114488e-02,8.517601365983523036e-11,3.477491907614273237e-02,-4.528748807429635791e-10,-1.393994771389047399e-09,2.415379719094979793e-04,9.266725709491671972e-03,4.921386435070240912e-09,-9.025194781973906039e-03,-1.310574782716271777e-08
3.844601561768137277e+00,3.805063771161139585e-01,-1.437393767839505176e-02,-4.282306204496118540e-01,-1.999531831876741500e-10,-1.156939644147875645e+00,-3.805063769412670438e-01,-3.132769243207857963e-10,4.297568018662845449e-03,-3.045135927917547863e-02,9.947285768080089098e-11,3.474892722186929961e-02,-4.907177019526566450e-10,-1.220948399358396442e-09,2.358112573295715469e-04,9.288482355275028829e-03,5.022273311406245431e-09,-9.052678336561476372e-03,-1.321459597721100849e-08
3.847477105195039382e+00,3.805063771152082941e-01,-1.436157886790124724e-02,-4.283181462235872150e-01,-1.996462422365701062e-10,-1.156839759563655257e+00,-3.805063769427329268e-01,-3.165399278102251578e-10,4.298237854277054369e-03,-3.042461857821208981e-02,1.140590177335398376e-10,3.472285633542714078e-02,-5.288724675289542532e-10,-1.048665549084305568e-09,2.300710326642917223e-04,9.310226892581381641e-03,5.122611480977902361e-09,-9.080163291744906481e-03,-1.332271130951401985e-08
3.850352648621941487e+00,3.805063771142939699e-01,-1.434921815501689381e-02,-4.284055950136324009e-01,-1.992969440708867090e-10,-1.156739950061036026e+00,-3.805063769443089994e-01,-3.193086250909873162e-10,4.298891164217021922e-03,-3.039781536728239364e-02,1.289329138768615800e-10,3.469670641279028883e-02,-5.673370677764206443e-10,-8.771485884484591250e-10,2.243173108504976053e-04,9.331959333268793552e-03,5.222399477341777179e-09,-9.107649646442625771e-03,-1.343009212504350655e-08
3.853228192048843592e+00,3.805063771133724293e-01,-1.433685558731806475e-02,-4.284929666400470460e-01,-1.989044635696320906e-10,-1.156640215867295707e+00,-3.805063769459959833e-01,-3.215852218969416894e-10,4.299527909689890293e-03,-3.037094968115359658e-02,1.440929619686825356e-10,3.467047744993601022e-02,-6.061093881342685485e-10,-7.063998690379309423e-10,2.185501049690914428e-04,9.353679689323780508e-03,5.321635845145737889e-09,-9.135137399557478888e-03,-1.353673673890150134e-08
3.856103735475745697e+00,3.805063771124450045e-01,-1.432449121249234139e-02,-4.285802609232310378e-01,-1.984679801730850465e-10,-1.156540557209723596e+00,-3.805063769477949887e-01,-3.233719307005747841e-10,4.300148051940607362e-03,-3.034402155455813085e-02,1.595375736979735150e-10,3.464416944284467309e-02,-6.451873092170825798e-10,-5.364217261080498167e-10,2.127694282452003913e-04,9.375387972861365035e-03,5.420319140153471832e-09,-9.162626549976633783e-03,-1.364264348035065607e-08
3.858979278902648247e+00,3.805063771115131388e-01,-1.431212507833868122e-02,-4.286674776836841283e-01,-1.979866778947374037e-10,-1.156440974315620762e+00,-3.805063769497068482e-01,-3.246709706659780580e-10,4.300751552252373398e-03,-3.031703102219349827e-02,1.752651566167583513e-10,3.461778238749986525e-02,-6.845687068555812486e-10,-3.672164785457297681e-10,2.069752940483454359e-04,9.397084196125352062e-03,5.518447929268849459e-09,-9.190117096571635488e-03,-1.374781069284454951e-08
3.861854822329549908e+00,3.805063771105782755e-01,-1.429975723276732426e-02,-4.287546167420055454e-01,-1.974597453331441844e-10,-1.156341467412299817e+00,-3.805063769517323391e-01,-3.254845676017247331e-10,4.301338371947036575e-03,-3.028997811872180881e-02,1.912741141721661793e-10,3.459131627988850516e-02,-7.242514521374231256e-10,-1.987864288330965296e-10,2.011677158926113932e-04,9.418768371488379226e-03,5.616020790559972130e-09,-9.217609038198329788e-03,-1.385223673405754366e-08
3.864730365756452457e+00,3.805063771096416914e-01,-1.428738772379965945e-02,-4.288416779188943262e-01,-1.968863756836801689e-10,-1.156242036727084255e+00,-3.805063769538723495e-01,-3.258149539136448134e-10,4.301908472385511904e-03,-3.026286287876931227e-02,2.075628457385981116e-10,3.456477111600073093e-02,-7.642334114482172161e-10,-3.113386301084544985e-11,1.953467074367997835e-04,9.440440511452079936e-03,5.713036313283404369e-09,-9.245102373696878831e-03,-1.395591997591481535e-08
3.867605909183354118e+00,3.805063771087049407e-01,-1.427501659956816396e-02,-4.289286610351488171e-01,-1.962657667502069424e-10,-1.156142682487310003e+00,-3.805063769561278231e-01,-3.256643685574955161e-10,4.302461814968201910e-03,-3.023568533692627333e-02,2.241297466498837294e-10,3.453814689183014319e-02,-8.045124465124179418e-10,1.357389493573691878e-10,1.895122824846131454e-04,9.462100628647268988e-03,5.809493097907855215e-09,-9.272597101891724702e-03,-1.405885880462186507e-08
3.870481452610256667e+00,3.805063771077692447e-01,-1.426264390831621064e-02,-4.290155659116671738e-01,-1.955971209566424112e-10,-1.156043404920324091e+00,-3.805063769584994815e-01,-3.250350569915289783e-10,4.302998361135404286e-03,-3.020844552774630196e-02,2.409732082316274121e-10,3.451144360337364547e-02,-8.450864144346040388e-10,3.018297552216565131e-10,1.836644549847931632e-04,9.483748735834036242e-03,5.905389756138358368e-09,-9.300093221591575546e-03,-1.416105162069438318e-08
3.873356996037158329e+00,3.805063771068360468e-01,-1.425026969839802461e-02,-4.291023923694463615e-01,-1.948796453584434401e-10,-1.155944204253485097e+00,-3.805063769609882685e-01,-3.239292711289559442e-10,4.303518072367745577e-03,-3.018114348574625280e-02,2.580916178334811765e-10,3.448466124663167320e-02,-8.859531677404975133e-10,4.671363180809131105e-10,1.778032390313058486e-04,9.505384845901921828e-03,6.000724910939601994e-09,-9.327590731589386480e-03,-1.426249683898737821e-08
3.876232539464060878e+00,3.805063771059067346e-01,-1.423789401827852026e-02,-4.291891402295828217e-01,-1.941125516539896410e-10,-1.155845080714162920e+00,-3.805063769635949611e-01,-3.223492692903052285e-10,4.304020910186579299e-03,-3.015377924540564233e-02,2.754833588616063199e-10,3.445779981760809657e-02,-9.271105544183587579e-10,6.316564180189392887e-10,1.719286488634868236e-04,9.527008971870047985e-03,6.095497196559743248e-09,-9.355089630662340519e-03,-1.436319288872460967e-08
3.879108082890962539e+00,3.805063771049826404e-01,-1.422551691653320752e-02,-4.292758093132720831e-01,-1.932950561958774125e-10,-1.155746034529738564e+00,-3.805063769663204476e-01,-3.202973161556837632e-10,4.304506836154418752e-03,-3.012635284116637474e-02,2.931468108111395875e-10,3.443085931231033847e-02,-9.685564179603142533e-10,7.953878517396882324e-10,1.660406988662098057e-04,9.548621126887243959e-03,6.189705258553795984e-09,-9.382589917571824284e-03,-1.446313821352769478e-08
3.881983626317865088e+00,3.805063771040651521e-01,-1.421313844184806004e-02,-4.293623994418087064e-01,-1.924263800021196041e-10,-1.155647065927606132e+00,-3.805063769691654496e-01,-3.177756827169345383e-10,4.304975811875358556e-03,-3.009886430743244010e-02,3.110803492987309932e-10,3.440383972674945084e-02,-1.010288597403778671e-09,9.583284326024115102e-10,1.601394035700444678e-04,9.570221324232247237e-03,6.283347753806912578e-09,-9.410091591063441882e-03,-1.456233127144501357e-08
3.884859169744766749e+00,3.805063771031555464e-01,-1.420075864301940938e-02,-4.294489104365858956e-01,-1.915057487672518885e-10,-1.155548175135169275e+00,-3.805063769721309108e-01,-3.147866462296936793e-10,4.305427798995468437e-03,-3.007131367856935231e-02,3.292823460951508149e-10,3.437674105694004528e-02,-1.052304927372966001e-09,1.120475990656610558e-09,1.542247776514171168e-04,9.591809577313739968e-03,6.376423350557495355e-09,-9.437594649866912558e-03,-1.466077053498036401e-08
3.887734713171669299e+00,3.805063771022552110e-01,-1.418837756895380102e-02,-4.295353421190959420e-01,-1.905323928733425621e-10,-1.155449362379844302e+00,-3.805063769752176639e-01,-3.113324901653410762e-10,4.305862759203245987e-03,-3.004370098890392707e-02,3.477511691580133759e-10,3.434956329890045262e-02,-1.094603238120597137e-09,1.281828372677275606e-09,1.482968359327618314e-04,9.613385899670603973e-03,6.468930728420550380e-09,-9.465099092696176511e-03,-1.475845449112197454e-08
3.890610256598570960e+00,3.805063771013654783e-01,-1.417599526866789375e-02,-4.296216943109295028e-01,-1.895055474009134483e-10,-1.155350627889058179e+00,-3.805063769784264305e-01,-3.074155041628643137e-10,4.306280654230019121e-03,-3.001602627272388635e-02,3.664851826644657236e-10,3.432230644865272295e-02,-1.137181355569459603e-09,1.442383442198995508e-09,1.423555933826887304e-04,9.634950304971974522e-03,6.560868578410288514e-09,-9.492604918249257853e-03,-1.485538164137058855e-08
3.893485800025473509e+00,3.805063771004877360e-01,-1.416361179128832956e-02,-4.297079668337759895e-01,-1.884244521397610228e-10,-1.155251971890249862e+00,-3.805063769817579322e-01,-3.030379839806093297e-10,4.306681445850359807e-03,-2.998828956427739695e-02,3.854827470440401934e-10,3.429497050222266030e-02,-1.180037101354272814e-09,1.602139079550798584e-09,1.364010651161292557e-04,9.656502807017410331e-03,6.652235602963160737e-09,-9.520112125208318385e-03,-1.495155050176801035e-08
3.896361343452375170e+00,3.805063770996230943e-01,-1.415122718605160354e-02,-4.297941595094230127e-01,-1.872883515996882291e-10,-1.155153394610869633e+00,-3.805063769852131128e-01,-2.982022314479456151e-10,4.307065095882522086e-03,-2.996049089777279642e-02,4.047422190115004579e-10,3.426755545563985733e-02,-1.223168292863469385e-09,1.761093181890113972e-09,1.304332663944994530e-04,9.678043419737025407e-03,6.743030515960388070e-09,-9.547620712239600349e-03,-1.504695960292513832e-08
3.899236886879277719e+00,3.805063770987731631e-01,-1.413884150230393898e-02,-4.298802721597567711e-01,-1.860964950211354551e-10,-1.155054896278379539e+00,-3.805063769887928049e-01,-2.929105544168119385e-10,4.307431566188861874e-03,-2.993263030737822183e-02,4.242619515998319718e-10,3.424006130493785494e-02,-1.266572743281237622e-09,1.919243663237241897e-09,1.244522126258504596e-04,9.699572157191665989e-03,6.833252042750775212e-09,-9.575130677993473269e-03,-1.514160749005024128e-08
3.902112430306179380e+00,3.805063770979390525e-01,-1.412645478950116419e-02,-4.299663046067613847e-01,-1.848481363857241393e-10,-1.154956477120251845e+00,-3.805063769924976191e-01,-2.871652667131951205e-10,4.307780818676234212e-03,-2.990470782722107548e-02,4.440402941931912639e-10,3.421248804615398265e-02,-1.310248261629407257e-09,2.076588454508773009e-09,1.184579193650233276e-04,9.721089033572941768e-03,6.922898920172804540e-09,-9.602642021104295170e-03,-1.523549272297639106e-08
3.904987973733081930e+00,3.805063770971220394e-01,-1.411406709720857550e-02,-4.300522566725191731e-01,-1.835425344266984009e-10,-1.154858137363971249e+00,-3.805063769963283882e-01,-2.809686880884833345e-10,4.308112815296448635e-03,-2.987672349138784100e-02,4.640755925600274375e-10,3.418483567532958761e-02,-1.354192652809652821e-09,2.233125503551651265e-09,1.124504023137988615e-04,9.742594063203482632e-03,7.011969896577244604e-09,-9.630154740190534010e-03,-1.532861387618955196e-08
3.907863517159984035e+00,3.805063770963235670e-01,-1.410167847510082964e-02,-4.301381281792104883e-01,-1.821789526392774896e-10,-1.154759877237033772e+00,-3.805063770002859447e-01,-2.743231441707444456e-10,4.308427518046678562e-03,-2.984867733392366704e-02,4.843661888861720837e-10,3.415710418851002766e-02,-1.398403717645570259e-09,2.388852775176315752e-09,1.064296773210606818e-04,9.764087260536997645e-03,7.100463731849087786e-09,-9.657668833854642781e-03,-1.542096953885584788e-08
3.910739060586886140e+00,3.805063770955448010e-01,-1.408928897296177728e-02,-4.302239189491133819e-01,-1.807566592909070347e-10,-1.154661696966946094e+00,-3.805063770043709548e-01,-2.672309664158820291e-10,4.308724888969870694e-03,-2.982056938883183642e-02,5.049104218080858931e-10,3.412929358174462968e-02,-1.442879252925031263e-09,2.543768251190343565e-09,1.003957603829261965e-04,9.785568640158422496e-03,7.188379197429781609e-09,-9.685184300683104611e-03,-1.551255831484905451e-08
3.913614604013788245e+00,3.805063770947871293e-01,-1.407689864068436408e-02,-4.303096288046037721e-01,-1.792749274314200285e-10,-1.154563596781227774e+00,-3.805063770085842512e-01,-2.596944920587327109e-10,4.309004890155193439e-03,-2.979239969007360656e-02,5.257066264460811760e-10,3.410140385108688388e-02,-1.487617051442429041e-09,2.697869930431271095e-09,9.434866764291855584e-05,9.807038216784068688e-03,7.275715076339029076e-09,-9.712701139246380719e-03,-1.560337882277779374e-08
3.916490147440690350e+00,3.805063770940517731e-01,-1.406450752827046943e-02,-4.303952575681549986e-01,-1.777330349030972813e-10,-1.154465576907407254e+00,-3.805063770129266110e-01,-2.517160640640268171e-10,4.309267483738439368e-03,-2.976416827156764394e-02,5.467531344376838660e-10,3.407343499259433278e-02,-1.532614902041166860e-09,2.851155828799739983e-09,8.828841539209719008e-05,9.828496005261732824e-03,7.362470163196676702e-09,-9.740219348098906951e-03,-1.569342969601258906e-08
3.919365690867592456e+00,3.805063770933398981e-01,-1.405211568583080058e-02,-4.304808050623379345e-01,-1.761302643506383339e-10,-1.154367637573026739e+00,-3.805063770173987003e-01,-2.432980310773005291e-10,4.309512631902468437e-03,-2.973587516718984719e-02,5.680482739709704497e-10,3.404538700232882104e-02,-1.577870589656037408e-09,3.003623979291861391e-09,8.221502006922412620e-05,9.849942020570852733e-03,7.448643264244211280e-09,-9.767738925779083370e-03,-1.578270958271268275e-08
3.922241234294494561e+00,3.805063770926528921e-01,-1.403972316358472437e-02,-4.305662711098209861e-01,-1.744659032310268531e-10,-1.154269779005637986e+00,-3.805063770220013519e-01,-2.344427473756583200e-10,4.309740296877614778e-03,-2.970752041077268438e-02,5.895903698180860488e-10,3.401725987635626641e-02,-1.623381895355930954e-09,3.155272432032194449e-09,7.612849826089040581e-05,9.871376277822602879e-03,7.534233197366519697e-09,-9.795259870809241293e-03,-1.587121714585291929e-08
3.925116777721396666e+00,3.805063770919918098e-01,-1.402733001325299177e-02,-4.306516555347407182e-01,-1.727399302605217370e-10,-1.154172001432826278e+00,-3.805063770267336776e-01,-2.254128733107064326e-10,4.309948918444228734e-03,-2.967910553494181730e-02,6.106273987951880576e-10,3.398905358827670337e-02,-1.667523260197671860e-09,3.116485832039697619e-09,6.891981756356412546e-05,9.891706978921799634e-03,7.072657411266284993e-09,-9.822798549967981518e-03,-1.477644722846062438e-08
3.927992321148299215e+00,3.805063770913564292e-01,-1.401493629304563678e-02,-4.307369581676125381e-01,-1.709554737367819863e-10,-1.154074305082280816e+00,-3.805063770315882943e-01,-2.165199971923900199e-10,4.310136650283671531e-03,-2.965063235397907143e-02,6.302663101396264728e-10,3.396076810747121477e-02,-1.708364021981835207e-09,3.068724060510543752e-09,6.165036513026077823e-05,9.911979014694372037e-03,6.586998177856664459e-09,-9.850339297157405943e-03,-1.363006561684403071e-08
3.930867864575200876e+00,3.805063770907464171e-01,-1.400254206307177327e-02,-4.308221788408120312e-01,-1.691165493736705423e-10,-1.153976690181729214e+00,-3.805063770365554876e-01,-2.077641996134206914e-10,4.310303468167143645e-03,-2.962210088839725003e-02,6.485120205675920732e-10,3.393240343021643873e-02,-1.745916233540505140e-09,3.021144962065143192e-09,5.437373333953116582e-05,9.932245143377142760e-03,6.103658308580067253e-09,-9.877881320142086266e-03,-1.248919477594830202e-08
3.933743408002103426e+00,3.805063770901614406e-01,-1.399014738350003173e-02,-4.309073173867635220e-01,-1.672271537836765783e-10,-1.153879156958909746e+00,-3.805063770416260427e-01,-1.991449544912521487e-10,4.310449351495273043e-03,-2.959351115513982056e-02,6.653712079849752705e-10,3.390395955284630780e-02,-1.780195761363716270e-09,2.973749091143905042e-09,4.708995361592921945e-05,9.952505394633387112e-03,5.622643688650018939e-09,-9.905424617169721058e-03,-1.135384861689808727e-08
3.936618951429005087e+00,3.805063770896010555e-01,-1.397775231455813776e-02,-4.309923736379399628e-01,-1.652912643524173383e-10,-1.153781705641570898e+00,-3.805063770467904671e-01,-1.906617341550445594e-10,4.310574279759076324e-03,-2.956486317106492290e-02,6.808505671487427946e-10,3.387543647169979910e-02,-1.811218511772486192e-09,2.926536997992894616e-09,3.979905740692435065e-05,9.972759798135060957e-03,5.143960153104286555e-09,-9.932969186473690482e-03,-1.022404093179340904e-08
3.939494494855907636e+00,3.805063770890648178e-01,-1.396535691653266915e-02,-4.310773474268628780e-01,-1.633128391903913022e-10,-1.153684336457471815e+00,-3.805063770520393795e-01,-1.823140093577445732e-10,4.310678232540028978e-03,-2.953615695294533119e-02,6.949568095225079271e-10,3.384683418312094821e-02,-1.839000430576209476e-09,2.879509228655902434e-09,3.250107618281276346e-05,9.993008383562708777e-03,4.667613486712770401e-09,-9.960515026273058029e-03,-9.099785393491385441e-09
3.942370038282809297e+00,3.805063770885523389e-01,-1.395296124976878709e-02,-4.311622385861017537e-01,-1.612958170851452001e-10,-1.153587049634382522e+00,-3.805063770573636206e-01,-1.741012492881791681e-10,4.310761189510139979e-03,-2.950739251746849895e-02,7.076966631318552673e-10,3.381815268345899489e-02,-1.863557502729466224e-09,2.832666324966525208e-09,2.519604143663418776e-05,1.001325118060537520e-02,4.193609423885519067e-09,-9.988062134772580924e-03,-7.981095555388178723e-09
3.945245581709711846e+00,3.805063770880633967e-01,-1.394056537466997411e-02,-4.312470469482739266e-01,-1.592441174538562978e-10,-1.153489845400082592e+00,-3.805063770627538089e-01,-1.660229215831679268e-10,4.310823130432009896e-03,-2.947856988123650004e-02,7.190768724194056611e-10,3.378939196906834835e-02,-1.884905751988212714e-09,2.786008824540264199e-09,1.788398468408015571e-05,1.003348821896053386e-02,3.721953648581065006e-09,-1.001561051016271013e-02,-6.867984851201739566e-09
3.948121125136613507e+00,3.805063770875974360e-01,-1.392816935169778267e-02,-4.313317723460442510e-01,-1.571616402963359487e-10,-1.153392723982362922e+00,-3.805063770682008406e-01,-1.580784923396742162e-10,4.310864035158885540e-03,-2.944968906076595588e-02,7.291041980995923402e-10,3.376055203630860119e-02,-1.903061240565294801e-09,2.739537260766747653e-09,1.056493746341246980e-05,1.005371952833391397e-02,3.252651794216297826e-09,-1.004316015061949320e-02,-5.760466594758241466e-09
3.950996668563516057e+00,3.805063770871541795e-01,-1.391577324137155923e-02,-4.314164146121252097e-01,-1.550522661484445400e-10,-1.153295685609024845e+00,-3.805063770736954454e-01,-1.502674261269537568e-10,4.310883883634749301e-03,-2.942075007248808396e-02,7.377854170132197193e-10,3.373163288154463341e-02,-1.918040068785432331e-09,2.693252162801908564e-09,3.238931335371912981e-06,1.007394513843947771e-02,2.785709443575491793e-09,-1.007071105430467316e-02,-4.658553979776417375e-09
3.953872211990417718e+00,3.805063770867330719e-01,-1.390337710426819799e-02,-4.315009735792761925e-01,-1.529198560359326947e-10,-1.153198730507879688e+00,-3.805063770792285749e-01,-1.425891859987543217e-10,4.310882655894367720e-03,-2.939175293274867012e-02,7.451273219817175846e-10,3.370263450114668186e-02,-1.929858374739504376e-09,2.647154055560339048e-09,-4.094002116898512803e-06,1.009416507899928324e-02,2.321132128721619664e-09,-1.009826321936559829e-02,-3.562260079657375592e-09
3.956747755417320267e+00,3.805063770863340022e-01,-1.389098100102186158e-02,-4.315854490803035515e-01,-1.507682514286943578e-10,-1.153101858906749211e+00,-3.805063770847912363e-01,-1.350432335055082752e-10,4.310860332063348732e-03,-2.936269765780795404e-02,7.511367216611766993e-10,3.367355689149022224e-02,-1.938532333938284820e-09,2.601243459707532625e-09,-1.143383128795008065e-05,1.011437937974338751e-02,1.858925330906521906e-09,-1.012581664393523775e-02,-2.471597847271720693e-09
3.959623298844221928e+00,3.805063770859563044e-01,-1.387858499232375725e-02,-4.316698409480603238e-01,-1.486012741954496808e-10,-1.153005071033466056e+00,-3.805063770903742704e-01,-1.276290287065844622e-10,4.310816892358229277e-03,-2.933358426384079232e-02,7.558204403960963435e-10,3.364440004895626751e-02,-1.944078158965536036e-09,2.555520891652429257e-09,-1.878052455009208976e-05,1.013458807040978037e-02,1.399094480483950988e-09,-1.015337132613216599e-02,-1.386580114753401928e-09
3.962498842271124477e+00,3.805063770855997562e-01,-1.386618913892181948e-02,-4.317541490154458428e-01,-1.464227265588341812e-10,-1.152908367115872856e+00,-3.805063770959687397e-01,-1.203460301825076043e-10,4.310752317086508252e-03,-2.930441276693636007e-02,7.591853180729167879e-10,3.361516396993109723e-02,-1.946512099130543406e-09,2.509986863539637369e-09,-2.613405025350223725e-05,1.015479118074423537e-02,9.416449568198981755e-10,-1.018092726406054707e-02,-3.072195932872403976e-10
3.965374385698026138e+00,3.805063770852641358e-01,-1.385379350162049307e-02,-4.318383731154055716e-01,-1.442363910509248074e-10,-1.152811747381822904e+00,-3.805063771015658181e-01,-1.131936950472551928e-10,4.310666586646743660e-03,-2.927518318309840425e-02,7.612382099732640107e-10,3.358584865080659065e-02,-1.945850440120012070e-09,2.464641883242100063e-09,-3.349437672628516501e-05,1.017498874050026987e-02,4.865820882069245083e-10,-1.020848445581011739e-02,7.664711270941733512e-10
3.968249929124928688e+00,3.805063770849486660e-01,-1.384139814128046084e-02,-4.319225130809309365e-01,-1.420460304691820254e-10,-1.152715212059179484e+00,-3.805063771071565681e-01,-1.061714789605515895e-10,4.310559681528583834e-03,-2.924589552824504238e-02,7.619859866269610476e-10,3.355645408798006019e-02,-1.942109503649396240e-09,2.419486454353611615e-09,-4.086147227456765271e-05,1.019518077943901667e-02,3.391115177768278499e-11,-1.023604289945619604e-02,1.834479577715397301e-09
3.971125472551830793e+00,3.805063770846534021e-01,-1.382900311881836604e-02,-4.320065687450590497e-01,-1.398553878328086995e-10,-1.152618761375816758e+00,-3.805063771127321637e-01,-9.927883614016485531e-11,4.310431582312858508e-03,-2.921654981820884234e-02,7.614355336647991479e-10,3.352698027785443180e-02,-1.935305647113634180e-09,2.374521076181326119e-09,-4.823530518257494563e-05,1.021536732732914073e-02,-4.163626265822348567e-10,-1.026360259305963800e-02,2.896793411464720530e-09
3.974001015978732898e+00,3.805063770843776227e-01,-1.381660849520657298e-02,-4.320905399408723202e-01,-1.376681863395447436e-10,-1.152522395559618884e+00,-3.805063771182837229e-01,-9.251521937426392367e-11,4.310282269671623055e-03,-2.918714606873675996e-02,7.595937516710463021e-10,3.349742721683821034e-02,-1.925455263237307053e-09,2.329746243738515513e-09,-5.561584371271423820e-05,1.023554841394676805e-02,-8.642340723182705062e-10,-1.029116353466686361e-02,3.953400402993206958e-09
3.976876559405635003e+00,3.805063770841212167e-01,-1.380421433147288948e-02,-4.321744265014983988e-01,-1.354881293228782048e-10,-1.152426114838480453e+00,-3.805063771238027526e-01,-8.588008003376889820e-11,4.310111724368223540e-03,-2.915768429549008695e-02,7.564675560357235371e-10,3.346779490134552115e-02,-1.912574779724209233e-09,2.285162447737224223e-09,-6.300305610565100183e-05,1.025572406907532610e-02,-1.309698062292076923e-09,-1.031872572230978745e-02,5.004288448916518939e-09
3.979752102832537108e+00,3.805063770838836290e-01,-1.379182068870030142e-02,-4.322582282601097892e-01,-1.333189002096795543e-10,-1.152329919440306272e+00,-3.805063771292802599e-01,-7.937286808472003957e-11,4.309919927257371310e-03,-2.912816451404446477e-02,7.520638768066295431e-10,3.343808332779617254e-02,-1.896680658906331317e-09,2.240770174580973836e-09,-7.039691058039854003e-05,1.027589432250553859e-02,-1.752749524866274699e-09,-1.034628915400587733e-02,6.049445568015873655e-09
3.982627646259439214e+00,3.805063770836645820e-01,-1.377942762802671951e-02,-4.323419450499237371e-01,-1.311641624782709716e-10,-1.152233809593010916e+00,-3.805063771347078072e-01,-7.299303210069196286e-11,4.309706859285188964e-03,-2.909858673988988467e-02,7.463896585411324482e-10,3.340829249261573208e-02,-1.877789397392305468e-09,2.196569906357653903e-09,-7.779737533438499213e-05,1.029605920403527976e-02,-2.193383439986925324e-09,-1.037385382775809356e-02,7.088859901433443444e-09
3.985503189686341319e+00,3.805063770834637427e-01,-1.376703521064472080e-02,-4.324255767042018417e-01,-1.290275596169160432e-10,-1.152137785524520508e+00,-3.805063771400766792e-01,-6.674001927521255248e-11,4.309472501489280613e-03,-2.906895098843062172e-02,7.394518601577225380e-10,3.337842239223546420e-02,-1.855917525715276698e-09,2.152562120832379228e-09,-8.520441854353746729e-05,1.031621874346948763e-02,-2.631594839266447610e-09,-1.040141974155487682e-02,8.122519712868928654e-09
3.988378733113243424e+00,3.805063770832806114e-01,-1.375464349780126938e-02,-4.325091230562497779e-01,-1.269127150827336497e-10,-1.152041847462770274e+00,-3.805063771453784383e-01,-6.061327543419127329e-11,4.309216834998793461e-03,-2.903925727498523832e-02,7.312574547873145466e-10,3.334847302309249667e-02,-1.831081607980161413e-09,2.108747291440326904e-09,-9.261800836236075765e-05,1.033637297062008770e-02,-3.067378806066697957e-09,-1.042898689337016203e-02,9.150413388776446482e-09
3.991254276540145973e+00,3.805063770831149661e-01,-1.374225255079746313e-02,-4.325925839394174077e-01,-1.248232322610471311e-10,-1.151945995635706543e+00,-3.805063771506046466e-01,-5.461224504839153562e-11,4.308939841034486323e-03,-2.900950561478659456e-02,7.218134296243317783e-10,3.331844438162980676e-02,-1.803298241510422063e-09,2.065125887279777652e-09,-1.000381129240160514e-04,1.035652191530592701e-02,-3.500730475579815884e-09,-1.045655528116337316e-02,1.017252943855614240e-08
3.994129819967047634e+00,3.805063770829664183e-01,-1.372986243098827178e-02,-4.326759591870980581e-01,-1.227626944251577960e-10,-1.151850230271284969e+00,-3.805063771557466445e-01,-4.873637124590882465e-11,4.308641500908766929e-03,-2.897969602298171299e-02,7.111267857775470387e-10,3.328833646429619347e-02,-1.772584056494241459e-09,2.021698373105111255e-09,-1.074647003403916227e-04,1.037666560735260417e-02,-3.931645034909348112e-09,-1.048412490287934339e-02,1.118885649474647407e-08
3.997005363393950184e+00,3.805063770828345793e-01,-1.371747319978226104e-02,-4.327592486327285215e-01,-1.207346646965468836e-10,-1.151754551597472309e+00,-3.805063771607961609e-01,-4.298509582466832025e-11,4.308321796025782989e-03,-2.894982851463194506e-02,6.992045381206884389e-10,3.325814926754645101e-02,-1.738955715630145776e-09,1.978465209319871479e-09,-1.148977387021867490e-04,1.039680407659249878e-02,-4.360117723150945825e-09,-1.051169575644840537e-02,1.219938331321545967e-08
3.999880906820851845e+00,3.805063770827190606e-01,-1.370508491864135675e-02,-4.328424521097889444e-01,-1.187426860055113571e-10,-1.151658959842244645e+00,-3.805063771657447580e-01,-3.735785926495231475e-11,4.307980707881466434e-03,-2.891990310471278733e-02,6.860537151428305472e-10,3.322788278784134797e-02,-1.702429913772128980e-09,1.935426851969933559e-09,-1.223371960789793652e-04,1.041693735286457548e-02,-4.786143831471557286e-09,-1.053926783978629406e-02,1.320409877334838662e-08
4.002756450247754394e+00,3.805063770826195846e-01,-1.369269764908054125e-02,-4.329255694518021613e-01,-1.167902810522249450e-10,-1.151563455233588718e+00,-3.805063771705841646e-01,-3.185410074193313653e-11,4.307618218063589792e-03,-2.888991980811391261e-02,6.716813587985315961e-10,3.319753702164759956e-02,-1.663023377574150862e-09,1.892583752736624951e-09,-1.297830405193110652e-04,1.043706546601437003e-02,-5.209718703189140750e-09,-1.056684115079418139e-02,1.420299187823671489e-08
4.005631993674656499e+00,3.805063770825357627e-01,-1.368031145266762096e-02,-4.330086004923338616e-01,-1.148809522682361922e-10,-1.151468037999501259e+00,-3.805063771753061652e-01,-2.647325813824094780e-11,4.307234308251842517e-03,-2.885987863963921859e-02,6.560945243577755774e-10,3.316711196543807583e-02,-1.620752865134207630e-09,1.849936358930037578e-09,-1.372352400507497686e-04,1.045718844589386617e-02,-5.630837733850570405e-09,-1.059441568735865202e-02,1.519605175486277479e-08
4.008507537101558604e+00,3.805063770824672065e-01,-1.366792639102294878e-02,-4.330915450649920340e-01,-1.130181817783924575e-10,-1.151372708367989439e+00,-3.805063771799024885e-01,-2.121476805653533891e-11,4.306828960217874355e-03,-2.882977961400668906e-02,6.393002802556538801e-10,3.313660761569163504e-02,-1.575635165637750275e-09,1.807485113482240813e-09,-1.446937626799747224e-04,1.047730632236142968e-02,-6.049496371310068809e-09,-1.062199144735168424e-02,1.618326765428559315e-08
4.011383080528460710e+00,3.805063770824136382e-01,-1.365554252581916567e-02,-4.331744030034271331e-01,-1.112054313632023816e-10,-1.151277466567070196e+00,-3.805063771843650855e-01,-1.607806583211193249e-11,4.306402155825371676e-03,-2.879962274584849102e-02,6.213057079418651538e-10,3.310602396889338050e-02,-1.527687099000695335e-09,1.765230454940703324e-09,-1.521585763928402519e-04,1.049741912528170951e-02,-6.465690115805855926e-09,-1.064956842863065689e-02,1.716462895182264138e-08
4.014258623955362815e+00,3.805063770823746694e-01,-1.364315991878091959e-02,-4.332571741413312472e-01,-1.094461424216252705e-10,-1.151182312824771126e+00,-3.805063771886856849e-01,-1.106258554551138183e-11,4.305953877030099103e-03,-2.876940804971085328e-02,6.021179017299424110e-10,3.307536102153450785e-02,-1.476925515511778882e-09,1.723172817461612765e-09,-1.596296491544579432e-04,1.051752688452556664e-02,-6.879414520037395389e-09,-1.067714662903832511e-02,1.814012514723281119e-08
4.017134167382264920e+00,3.805063770823499669e-01,-1.363077863168462266e-02,-4.333398583124384307e-01,-1.077437359343005263e-10,-1.151087247369128708e+00,-3.805063771928563487e-01,-6.167760035163730532e-12,4.305484105879975841e-03,-2.873913554005414275e-02,5.817439686463172764e-10,3.304461877011248550e-02,-1.423367295474527734e-09,1.681312630803399365e-09,-1.671069489092606112e-04,1.053762962996998218e-02,-7.290665189240771333e-09,-1.070472604640280295e-02,1.910974586489517656e-08
4.020009710809167025e+00,3.805063770823390867e-01,-1.361839872635817877e-02,-4.334224553505240940e-01,-1.061016124272073800e-10,-1.150992270428190745e+00,-3.805063771968689168e-01,-1.393020910041458244e-12,4.304992824515131190e-03,-2.870880523125282635e-02,5.601910282791333954e-10,3.301379721113107540e-02,-1.367029348848639430e-09,1.639650320320229944e-09,-1.745904435810753750e-04,1.055772739149800701e-02,-7.699437781264179379e-09,-1.073230667853759292e-02,2.007348085398783019e-08
4.022885254236069130e+00,3.805063770823418068e-01,-1.360602026468071823e-02,-4.335049650894046702e-01,-1.045231519357613363e-10,-1.150897382230014365e+00,-3.805063772007155620e-01,3.262201437665718442e-12,4.304480015167944443e-03,-2.867841713759535990e-02,5.374662126268539768e-10,3.298289634110029150e-02,-1.307928614890869011e-09,1.598186306955568933e-09,-1.820801010731956486e-04,1.057782019899859358e-02,-8.105728006642474632e-09,-1.075988852324149744e-02,2.103131998866465201e-08
4.025760797662971235e+00,3.805063770823577385e-01,-1.359364330858231495e-02,-4.335873873629379482e-01,-1.030117139693429762e-10,-1.150802583002667134e+00,-3.805063772043882908e-01,7.798477819865610031e-12,4.303945660163138558e-03,-2.864797127328430615e-02,5.135766659466192174e-10,3.295191615653651762e-02,-1.246082061795315467e-09,1.556921007235748496e-09,-1.895758892684563848e-04,1.059790808236663918e-02,-8.509531628671957082e-09,-1.078747157829869872e-02,2.198325326823247803e-08
4.028636341089873341e+00,3.805063770823865488e-01,-1.358126792004374708e-02,-4.336697220050221846e-01,-1.015706374762690809e-10,-1.150707872974226165e+00,-3.805063772078792206e-01,1.221638023984408347e-11,4.303389741917811387e-03,-2.861746765243623411e-02,4.885295446024623817e-10,3.292085665396254912e-02,-1.181506686333394266e-09,1.515854833263712143e-09,-1.970777760292950070e-04,1.061799107150280738e-02,-8.910844463482926922e-09,-1.081505584147868584e-02,2.292927081732310757e-08
4.031511884516775446e+00,3.805063770824278491e-01,-1.356889416109622118e-02,-4.337519688495960479e-01,-1.002032408091965524e-10,-1.150613252372779449e+00,-3.805063772111806908e-01,1.651648187953801360e-11,4.302812242941500727e-03,-2.858690628908171216e-02,4.623320169132752979e-10,3.288971782990757903e-02,-1.114219513493200678e-09,1.474988192712733125e-09,-2.045857291978247020e-04,1.063806919631347936e-02,-9.309662380112588111e-09,-1.084264131053625825e-02,2.386936288606608475e-08
4.034387427943677551e+00,3.805063770824814173e-01,-1.355652209382110333e-02,-4.338341277306385635e-01,-9.891282169096305944e-11,-1.150518721426423641e+00,-3.805063772142847078e-01,2.069935708679315104e-11,4.302213145836245901e-03,-2.855628719716529762e-02,4.349912630005393482e-10,3.285849968090731599e-02,-1.044237596118314318e-09,1.434321488820158466e-09,-2.120997165959031573e-04,1.065814248671068283e-02,-9.705981300577638439e-09,-1.087022798321152922e-02,2.480351985026076200e-08
4.037262971370579656e+00,3.805063770825468095e-01,-1.354415178034964855e-02,-4.339161984821687801e-01,-9.770265718086855807e-11,-1.150424280363266050e+00,-3.805063772171835557e-01,2.476558136259573359e-11,4.301592433296655416e-03,-2.852561039054558878e-02,4.065144746359003802e-10,3.282720220350397733e-02,-9.715780145462474044e-10,1.393855120381288033e-09,-2.196197060252004334e-04,1.067821097261203653e-02,-1.009979719994537232e-08,-1.089781585722991893e-02,2.573173221154478021e-08
4.040138514797481761e+00,3.805063770826237479e-01,-1.353178328286275441e-02,-4.339981809382452149e-01,-9.657600364139485558e-11,-1.150329929411424423e+00,-3.805063772198697403e-01,2.871573134828845833e-11,4.300950088109936446e-03,-2.849487588299505839e-02,3.769088550885335661e-10,3.279582539424630988e-02,-8.962578762463898632e-10,1.353589481743282765e-09,-2.271456652672631474e-04,1.069827468394059580e-02,-1.049110610640423928e-08,-1.092540493030209892e-02,2.665399059756136101e-08
4.043014058224383867e+00,3.805063770827118441e-01,-1.351941666359066617e-02,-4.340800749329661867e-01,-9.553609670536142216e-11,-1.150235668799025834e+00,-3.805063772223354901e-01,3.255038481277786850e-11,4.300286093155985048e-03,-2.846408368820018547e-02,3.461816189722390152e-10,3.276436924968970793e-02,-8.182943154573015950e-10,1.313524962799061111e-09,-2.346775620835858146e-04,1.071833365062487171e-02,-1.087990410133483428e-08,-1.095299520012404590e-02,2.757028576212749247e-08
4.045889601651285972e+00,3.805063770828108205e-01,-1.350705198481274953e-02,-4.341618803004689831e-01,-9.458615124352609630e-11,-1.150141498754206681e+00,-3.805063772245733111e-01,3.627012063970855296e-11,4.299600431407425184e-03,-2.843323381976139291e-02,3.143399920924556497e-10,3.273283376639622710e-02,-7.377044928238379541e-10,1.273661948981391519e-09,-2.422153642156689608e-04,1.073838790259868878e-02,-1.126618731937844284e-08,-1.098058666437699143e-02,2.848060858539645355e-08
4.048765145078187189e+00,3.805063770829202885e-01,-1.349468930885716622e-02,-4.342435968749300268e-01,-9.372936133262068042e-11,-1.150047419505114910e+00,-3.805063772265756539e-01,3.987551881463908728e-11,4.298893085929665972e-03,-2.840232629119295721e-02,2.813912112929223923e-10,3.270121894093454273e-02,-6.545055950334118609e-10,1.234000821256849461e-09,-2.497590393850978360e-04,1.075843746980113119e-02,-1.164995194850694114e-08,-1.100817932072741846e-02,2.938495007402343550e-08
4.051640688505090182e+00,3.805063770830400260e-01,-1.348232869810066237e-02,-4.343252244905645432e-01,-9.296890022383223175e-11,-1.149953431279906013e+00,-3.805063772283349688e-01,4.336716041218366299e-11,4.298164039880965868e-03,-2.837136111592306748e-02,2.473425243022892052e-10,3.266952476988008169e-02,-5.687148344521616141e-10,1.194541956120021384e-09,-2.573085552935974914e-04,1.077848238217646651e-02,-1.203119423009030219e-08,-1.103577316682706130e-02,3.028330136132558145e-08
4.054516231931992287e+00,3.805063770831696446e-01,-1.346997021496827880e-02,-4.344067629816259490e-01,-9.230792031172387044e-11,-1.149859534306747699e+00,-3.805063772298438729e-01,4.674562758314446597e-11,4.297413276512487314e-03,-2.834033830729384973e-02,2.122011895804728667e-10,3.263775124981508485e-02,-4.803494487604971813e-10,1.155285725587683629e-09,-2.648638796230915436e-04,1.079852266967407451e-02,-1.240991045896416824e-08,-1.106336820031287617e-02,3.117565370744207564e-08
4.057391775358894392e+00,3.805063770833087555e-01,-1.345761392193307870e-02,-4.344882121824062415e-01,-9.174955310359688860e-11,-1.149765728813816112e+00,-3.805063772310950387e-01,5.001150354163032235e-11,4.296640779168357446e-03,-2.830925787856129403e-02,1.759744761647879616e-10,3.260589837732862095e-02,-3.894267005881169380e-10,1.116232497193000799e-09,-2.724249800357772013e-04,1.081855836224839863e-02,-1.278609698349711213e-08,-1.109096441880707759e-02,3.206199849949366027e-08
4.060267318785796498e+00,3.805063770834571368e-01,-1.344525988151589260e-02,-4.345695719272352209e-01,-9.129690918929671921e-11,-1.149672015029296945e+00,-3.805063772320810278e-01,5.316537255215433529e-11,4.295846531285711471e-03,-2.827811984289519548e-02,1.386696635159255927e-10,3.257396614901652415e-02,-2.959638771486712527e-10,1.077382633979823166e-09,-2.799918241741838117e-04,1.083858948985879506e-02,-1.315975020565664798e-08,-1.111856181991703954e-02,3.294232725173899242e-08
4.063142862212698603e+00,3.805063770836143999e-01,-1.343290815628503734e-02,-4.346508420504804904e-01,-9.095307821146178271e-11,-1.149578393181387215e+00,-3.805063772327946792e-01,5.620781991671669721e-11,4.295030516394763784e-03,-2.824692421337924100e-02,1.002940413637338657e-10,3.254195456148162302e-02,-1.999782898739414475e-10,1.038736494497047379e-09,-2.875643796612355283e-04,1.085861608246957259e-02,-1.353086658107496721e-08,-1.114616040123540819e-02,3.381663160573050812e-08
4.066018405639600708e+00,3.805063770837802672e-01,-1.342055880885606456e-02,-4.347320223865471789e-01,-9.072112883621605143e-11,-1.149484863498291709e+00,-3.805063772332287764e-01,5.913943196187104233e-11,4.294192718118861746e-03,-2.821567100301095032e-02,6.085490955281013993e-11,3.250986361133367114e-02,-1.014872740475900463e-10,1.000294432793015407e-09,-2.951426141003068212e-04,1.087863817004982615e-02,-1.389944261911381765e-08,-1.117376016033998221e-02,3.468490333046815215e-08
4.068893949066502813e+00,3.805063770839544057e-01,-1.340821190189146403e-02,-4.348131127698774967e-01,-9.060410872430571942e-11,-1.149391426208226319e+00,-3.805063772333759919e-01,6.196079602577686640e-11,4.293333120174527319e-03,-2.818436022470158231e-02,2.035957788787515747e-11,3.247769329518934017e-02,-5.081884383782947453e-13,9.620567984099467926e-10,-3.027264950752992390e-04,1.089865578257340900e-02,-1.426547488292894251e-08,-1.120136109479376481e-02,3.554713432255214178e-08
4.071769492493404918e+00,3.805063770841365378e-01,-1.339586749810044337e-02,-4.348941130349509021e-01,-9.060504450268129626e-11,-1.149298081539416483e+00,-3.805063772332292760e-01,6.467250044522749946e-11,4.292451706371535995e-03,-2.815299189127630844e-02,-2.118463402090141405e-11,3.244544360967243496e-02,1.029415850667115858e-10,9.240239363785586670e-10,-3.103159901506767539e-04,1.091866895001886682e-02,-1.462895998953291310e-08,-1.122896320214492732e-02,3.640331660633185266e-08
4.074645035920307024e+00,3.805063770843262749e-01,-1.338352566023861059e-02,-4.349750230162834908e-01,-9.072694173652400011e-11,-1.149204829720096965e+00,-3.805063772327816340e-01,6.727513454267856960e-11,4.291548460612959297e-03,-2.812156601547403240e-02,-6.377039691300560204e-11,3.241311455141377557e-02,2.088446418304075055e-10,8.861961872125078204e-10,-3.179110668715522808e-04,1.093867770236937355e-02,-1.498989460985930142e-08,-1.125656647992684389e-02,3.725344233405794726e-08
4.077520579347209129e+00,3.805063770845232840e-01,-1.337118645110773295e-02,-4.350558425484277736e-01,-9.097278490171894475e-11,-1.149111670978512301e+00,-3.805063772320258497e-01,6.976928861324479484e-11,4.290623366895212482e-03,-2.809008260994740741e-02,-1.073903720326195557e-10,3.238070611705125279e-02,3.171835548328865110e-10,8.485738869031104978e-10,-3.255116927637293107e-04,1.095868206961261686e-02,-1.534827546882396273e-08,-1.128417092565798911e-02,3.809750378602758147e-08
4.080396122774111234e+00,3.805063770847273985e-01,-1.335884993355546980e-02,-4.351365714659727879e-01,-9.134553735777422854e-11,-1.149018605542916571e+00,-3.805063772309551506e-01,7.215555391168977627e-11,4.289676409308127401e-03,-2.805854168726288483e-02,-1.520372112839595479e-10,3.234821830323001551e-02,4.279408750402417087e-10,8.111573669140273503e-10,-3.331178353337660956e-04,1.097868208174078951e-02,-1.570409934538697314e-08,-1.131177653684205774e-02,3.893549337073126556e-08
4.083271666201013339e+00,3.805063770849381743e-01,-1.334651617047508294e-02,-4.352172096035433202e-01,-9.184814132118695951e-11,-1.148925633641574073e+00,-3.805063772295624869e-01,7.443452263939985503e-11,4.288707572035003676e-03,-2.802694325990068985e-02,-1.977035573867941567e-10,3.231565110660235274e-02,5.410991317733802881e-10,7.739469541759861258e-10,-3.407294620690294248e-04,1.099867776875049566e-02,-1.605736307261368879e-08,-1.133938331096784498e-02,3.976740362499751486e-08
4.086147209627915444e+00,3.805063770851553895e-01,-1.333418522480519890e-02,-4.352977567957999061e-01,-9.248351783925646196e-11,-1.148832755502757985e+00,-3.805063772278409751e-01,7.660678793133977130e-11,4.287716839352649460e-03,-2.799528734025473128e-02,-2.443820440320610594e-10,3.228300452382779073e-02,6.566408330771404111e-10,7.369429710816280241e-10,-3.483465404377605445e-04,1.101866916064268842e-02,-1.640806353773450300e-08,-1.136699124550929335e-02,4.059322721413454258e-08
4.089022753054817549e+00,3.805063770853785998e-01,-1.332185715952949670e-02,-4.353782128774388860e-01,-9.325456676434683611e-11,-1.148739971354751699e+00,-3.805063772257838428e-01,7.867294384300116305e-11,4.286704195631454301e-03,-2.796357394063267096e-02,-2.920652960378214680e-10,3.225027855157315548e-02,7.745484660902196684e-10,7.001457354802953211e-10,-3.559690378891237298e-04,1.103865628742259179e-02,-1.675619768220548200e-08,-1.139460033792546838e-02,4.141295693207392443e-08
4.091898296481719655e+00,3.805063770856076943e-01,-1.330953203767649626e-02,-4.354585776831916832e-01,-9.416416672859424350e-11,-1.148647281425847932e+00,-3.805063772233842623e-01,8.063358533732203588e-11,4.285669625335433372e-03,-2.793180307325588557e-02,-3.407459295050911209e-10,3.221747318651260739e-02,8.948044974147964452e-10,6.635555606730854496e-10,-3.635969218532635310e-04,1.105863917909966423e-02,-1.710176250176570497e-08,-1.142221058566056033e-02,4.222658570150650119e-08
4.094773839908621760e+00,3.805063770858422845e-01,-1.329720992231923048e-02,-4.355388510478245268e-01,-9.521517511906810791e-11,-1.148554685944348286e+00,-3.805063772206354611e-01,8.248930827160959331e-11,4.284613113022287326e-03,-2.789997475025944237e-02,-3.904165519741981761e-10,3.218458842532766900e-02,1.017391373487426799e-09,6.271727554077038675e-10,-3.712301597413620192e-04,1.107861786568750846e-02,-1.744475504649700314e-08,-1.144982198614385646e-02,4.303410657402399857e-08
4.097649383335523865e+00,3.805063770860820371e-01,-1.328489087657501455e-02,-4.356190328061388395e-01,-9.641042805337745566e-11,-1.148462185138565239e+00,-3.805063772175308889e-01,8.424070938443452930e-11,4.283534643343450861e-03,-2.786808898369208878e-02,-4.410697625810271332e-10,3.215162426470726670e-02,1.142291520949641953e-09,5.909976238735787296e-10,-3.788687189456945142e-04,1.109859237720382807e-02,-1.778517242088059843e-08,-1.147743453678976532e-02,4.383551273025325550e-08
4.100524926762425970e+00,3.805063770863266748e-01,-1.327257496360516320e-02,-4.356991227929702393e-01,-9.775274035572906458e-11,-1.148369779236819932e+00,-3.805063772140638290e-01,8.588838628251772113e-11,4.282434201044152573e-03,-2.783614578551625932e-02,-4.926981522135560961e-10,3.211858070134777920e-02,1.269487347019257051e-09,5.550304656969432985e-10,-3.865125668396790243e-04,1.111856274367034603e-02,-1.812301178385424509e-08,-1.150504823499776119e-02,4.463079747999168324e-08
4.103400470189328075e+00,3.805063770865759198e-01,-1.326026224661471312e-02,-4.357791208431888164e-01,-9.924490553343643939e-11,-1.148277468467442830e+00,-3.805063772102277309e-01,8.743293742760297640e-11,4.281311770963474803e-03,-2.780414516760807211e-02,-5.452943036685665013e-10,3.208545773195312784e-02,1.398961239862089386e-09,5.192715759359717090e-10,-3.941616707779345766e-04,1.113852899511278208e-02,-1.845827034886870633e-08,-1.153266307815243967e-02,4.541995426234104360e-08
4.106276013616230181e+00,3.805063770868294393e-01,-1.324795278885219051e-02,-4.358590267916985783e-01,-1.008896957538737584e-10,-1.148185253058774391e+00,-3.805063772060161553e-01,8.887496212330916528e-11,4.280167338034383123e-03,-2.777208714175727691e-02,-5.988507918083028030e-10,3.205225535323474179e-02,1.530695568963544980e-09,4.837212450761056046e-10,-4.018159980963235001e-04,1.115849116156072442e-02,-1.879094538394194123e-08,-1.156027906362343087e-02,4.620297664583593329e-08
4.109151557043132286e+00,3.805063770870869000e-01,-1.323564665360926762e-02,-4.359388404734373945e-01,-1.026898618218958721e-10,-1.148093133239164176e+00,-3.805063772014224410e-01,9.021506050198444646e-11,4.279000887283813080e-03,-2.773997171966724809e-02,-6.533601837178174242e-10,3.201897356191160671e-02,1.664672685501850136e-09,4.483797590251087348e-10,-4.094755161120251525e-04,1.117844927304764181e-02,-1.912103421171639856e-08,-1.158789618876547231e-02,4.697985832857958711e-08
4.112027100470034391e+00,3.805063770873481355e-01,-1.322334390422058061e-02,-4.360185617233764410e-01,-1.046481331576870138e-10,-1.148001109236971073e+00,-3.805063771964403152e-01,9.145383351152422646e-11,4.277812403832704884e-03,-2.770779891295509223e-02,-7.088150388616841574e-10,3.198561235471045205e-02,1.800874922719762620e-09,4.132473991086785550e-10,-4.171401921235565191e-04,1.119840335961079514e-02,-1.944853420951026894e-08,-1.161551445091834125e-02,4.775059313836536098e-08
4.114902643896936496e+00,3.805063770876127571e-01,-1.321104460406338256e-02,-4.360981903765205892e-01,-1.067672177750875946e-10,-1.147909181280564406e+00,-3.805063771910633941e-01,9.259188290219901919e-11,4.276601872896047644e-03,-2.767556873315136362e-02,-7.652079092417111072e-10,3.195217172836548741e-02,1.939284596298674641e-09,3.783244420655820429e-10,-4.248099934108574317e-04,1.121835345129114717e-02,-1.977344280937339892e-08,-1.164313384740687206e-02,4.851517503280918017e-08
4.117778187323838601e+00,3.805063770878805429e-01,-1.319874881655732669e-02,-4.361777262679072953e-01,-1.090498022603492328e-10,-1.147817349598321490e+00,-3.805063771852852939e-01,9.362981121345043331e-11,4.275369279782960039e-03,-2.764328119170036610e-02,-8.225313395540648897e-10,3.191865167961880495e-02,2.079884004731299903e-09,3.436111600433223056e-10,-4.324848872353079157e-04,1.123829957813335216e-02,-2.009575749813818903e-08,-1.167075437554093882e-02,4.927359809947022156e-08
4.120653730750740706e+00,3.805063770881511043e-01,-1.318645660516417142e-02,-4.362571692326071005e-01,-1.114985517513600355e-10,-1.147725614418629192e+00,-3.805063771790996863e-01,9.456822176068650032e-11,4.274114609896726737e-03,-2.761093629995999693e-02,-8.807778673470582286e-10,3.188505220522023370e-02,2.222655429695948638e-09,3.091078205935366125e-10,-4.401648408397993133e-04,1.125824177018571078e-02,-2.041547581747263928e-08,-1.169837603261549182e-02,5.002585655597671131e-08
4.123529274177642812e+00,3.805063770884243302e-01,-1.317416803338751149e-02,-4.363365191057229087e-01,-1.141161099173176684e-10,-1.147633975969884812e+00,-3.805063771725004651e-01,9.540771862205839118e-11,4.272837848734843506e-03,-2.757853406920166353e-02,-9.399400231788971241e-10,3.185137330192729793e-02,2.367581136430701510e-09,2.748146866675780095e-10,-4.478498214487757010e-04,1.127818005750002434e-02,-2.073259536393158133e-08,-1.172599881591044821e-02,5.077194475014716308e-08
4.126404817604544917e+00,3.805063770886997765e-01,-1.316188316477249695e-02,-4.364157757223901535e-01,-1.169050989388546619e-10,-1.147542434480493867e+00,-3.805063771654814686e-01,9.614890662522640533e-11,4.271538981889088336e-03,-2.754607451061039797e-02,-1.000010330775553960e-09,3.181761496650543919e-02,2.514643374107872634e-09,2.407320166121701399e-10,-4.555397962682848460e-04,1.129811447013165382e-02,-2.104711378900730205e-08,-1.175362272269080480e-02,5.151185716011058388e-08
4.129280361031447022e+00,3.805063770889772212e-01,-1.314960206290559722e-02,-4.364949389177759098e-01,-1.198681194886157706e-10,-1.147450990178871644e+00,-3.805063771580365350e-01,9.679239133411171682e-11,4.270217995045568274e-03,-2.751355763528484655e-02,-1.060981307188744833e-09,3.178377719572800936e-02,2.663824376208737272e-09,2.068600641651391728e-10,-4.632347324860146363e-04,1.131804503813939149e-02,-2.135902879917911800e-08,-1.178124775020654609e-02,5.224558839442378153e-08
4.132155904458349127e+00,3.805063770892563313e-01,-1.313732479141428190e-02,-4.365740085270793935e-01,-1.230077507123016176e-10,-1.147359643293442089e+00,-3.805063771501596137e-01,9.733877903563862068e-11,4.268874873984758456e-03,-2.748098345423710676e-02,-1.122845462954288736e-09,3.174985998637622903e-02,2.815106360899153731e-09,1.731990784510708983e-10,-4.709345972713605173e-04,1.133797179158541925e-02,-2.166833815596338687e-08,-1.180887389569268593e-02,5.297313319219003533e-08
4.135031447885251232e+00,3.805063770895368847e-01,-1.312505141396679356e-02,-4.366529843855313509e-01,-1.263265502101499428e-10,-1.147268394052639806e+00,-3.805063771418446539e-01,9.778867672646177377e-11,4.267509604581581906e-03,-2.744835197839294583e-02,-1.185595302250244635e-09,3.171586333523934015e-02,2.968471531404654195e-09,1.397493039772377160e-10,-4.786393577754489113e-04,1.135789476053528438e-02,-2.197503967596132174e-08,-1.183650115636922240e-02,5.369448642317234034e-08
4.137906991312154226e+00,3.805063770898186037e-01,-1.311278199427184932e-02,-4.367318663283934477e-01,-1.298270540188869096e-10,-1.147177242684906950e+00,-3.805063771330856603e-01,9.814269209968341896e-11,4.266122172805430351e-03,-2.741566321859158217e-02,-1.249223323055489437e-09,3.168178723911455746e-02,3.123902076386599321e-09,1.065109806294067035e-10,-4.863489811311996671e-04,1.137781397505780757e-02,-2.227913123090717939e-08,-1.186412952944115341e-02,5.440964308790764438e-08
4.140782534739055443e+00,3.805063770901012665e-01,-1.310051659607836851e-02,-4.368106541909588802e-01,-1.335117765941300785e-10,-1.147086189418696334e+00,-3.805063771238768044e-01,9.840143353155866691e-11,4.264712564720245756e-03,-2.738291718558582069e-02,-1.313722017308347040e-09,3.164763169480719340e-02,3.281380170318425066e-09,7.348434366777432086e-11,-4.940634344533594534e-04,1.139772946522506214e-02,-2.258061074771574703e-08,-1.189175901209847501e-02,5.511859831781940411e-08
4.143658078165958436e+00,3.805063770903844844e-01,-1.308825528317521594e-02,-4.368893478085513205e-01,-1.373832107932443904e-10,-1.146995234482468318e+00,-3.805063771142122020e-01,9.856551006818784027e-11,4.263280766484545473e-03,-2.735011389004192786e-02,-1.379083871065269075e-09,3.161339669913062339e-02,3.440887973862049152e-09,4.066962372298387838e-11,-5.017826848385572702e-04,1.141764126111230980e-02,-2.287947620852829715e-08,-1.191938960151616399e-02,5.582134737532648174e-08
4.146533621592859653e+00,3.805063770906679799e-01,-1.307599811939092090e-02,-4.369679470165251378e-01,-1.414438278586557887e-10,-1.146904378104693922e+00,-3.805063771040860798e-01,9.863553141219907254e-11,4.261826764351502039e-03,-2.731725334253975665e-02,-1.445301364659706523e-09,3.157908224890640381e-02,3.602407634244682029e-09,8.067046792191297699e-12,-5.095066993653328546e-04,1.143754939279795040e-02,-2.317572565075853250e-08,-1.194702129485415362e-02,5.651788565395209463e-08
4.149409165019762646e+00,3.805063770909516419e-01,-1.306374516859340994e-02,-4.370464516502648999e-01,-1.456960774016237707e-10,-1.146813620513852827e+00,-3.805063770934924983e-01,9.861210790941808575e-11,4.260350544668975274e-03,-2.728433555357264242e-02,-1.512366972861114513e-09,3.154468834096429281e-02,3.765921285636007174e-09,-2.432316576482115081e-11,-5.172354450941930599e-04,1.145745389036349586e-02,-2.346935716713755153e-08,-1.197465408925739265e-02,5.720820867843029657e-08
4.152284708446663863e+00,3.805063770912350818e-01,-1.305149649468972245e-02,-4.371248615451852615e-01,-1.501423873864756096e-10,-1.146722961938433372e+00,-3.805063770824260172e-01,9.849585053552870108e-11,4.258852093879563448e-03,-2.725136053354735438e-02,-1.580273165034163696e-09,3.151021497214219480e-02,3.931411049525813024e-09,-5.650079722950376836e-11,-5.249688890676491512e-04,1.147735478389345573e-02,-2.376036890575842360e-08,-1.200228798185572904e-02,5.789231210481171797e-08
4.155160251873566857e+00,3.805063770915179666e-01,-1.303925216162574868e-02,-4.372031765367307421e-01,-1.547851641152877965e-10,-1.146632402606933443e+00,-3.805063770708808080e-01,9.828737088272037308e-11,4.257331398520671807e-03,-2.721832829278421698e-02,-1.649012405297912755e-09,3.147566213928638251e-02,4.098859035101542201e-09,-8.846563552825405675e-11,-5.327069983102558377e-04,1.149725210347538572e-02,-2.404875907011970191e-08,-1.202992296976402448e-02,5.857019172056659946e-08
4.158035795300468074e+00,3.805063770918001853e-01,-1.302701223338595567e-02,-4.372813964603753378e-01,-1.596267922130315571e-10,-1.146541942747859588e+00,-3.805063770588512084e-01,9.798728114632696097e-11,4.255788445224549001e-03,-2.718523884151701972e-02,-1.718577152685189771e-09,3.144102983925141370e-02,4.268247339626339522e-09,-1.202174732361120185e-10,-5.404497398286535557e-04,1.151714587919976281e-02,-2.433452591916808290e-08,-1.205755905008206418e-02,5.924184344468600571e-08
4.160911338727371067e+00,3.805063770920814603e-01,-1.301477677399312180e-02,-4.373595211516222991e-01,-1.646696346131765227e-10,-1.146451582589728346e+00,-3.805063770463318895e-01,9.759619411145357041e-11,4.254223220718339124e-03,-2.715209218989299289e-02,-1.788959861302103249e-09,3.140631806890018668e-02,4.439558048817405645e-09,-1.517561075804082950e-10,-5.481970806116092353e-04,1.153703614115996964e-02,-2.461766776734064539e-08,-1.208519621989457768e-02,5.990726332778193414e-08
4.163786882154272284e+00,3.805063770923614030e-01,-1.300254584750804715e-02,-4.374375504460041864e-01,-1.699160325437570793e-10,-1.146361322361063584e+00,-3.805063770333171336e-01,9.711472313959363715e-11,4.252635711824142434e-03,-2.711888834797286305e-02,-1.860152980487726856e-09,3.137152682510403051e-02,4.612773237224766388e-09,-1.830813404443543947e-10,-5.559489876300529460e-04,1.155692291945224770e-02,-2.489818298460679194e-08,-1.211283447627123193e-02,6.056644755218656996e-08
4.166662425581175278e+00,3.805063770926398470e-01,-1.299031951802910589e-02,-4.375154841790818705e-01,-1.753683047619735135e-10,-1.146271162290400047e+00,-3.805063770198015560e-01,9.654351039352402307e-11,4.251025908297895520e-03,-2.708562732292000078e-02,-1.932136785463744291e-09,3.133665610475248886e-02,4.787845316734502288e-09,-2.138883068603529223e-10,-5.636747988489385075e-04,1.157683657063295068e-02,-2.504476943803032304e-08,-1.214047371095754169e-02,6.089946929591646801e-08
4.169537969008076495e+00,3.805063770929165146e-01,-1.297809784890431584e-02,-4.375933221856647681e-01,-1.810253708780757401e-10,-1.146181102606277147e+00,-3.805063770057880990e-01,9.589076893623262314e-11,4.249394561046897396e-03,-2.705230836827206622e-02,-2.001629045487608940e-09,3.130170590736023467e-02,4.956777372164294073e-09,-2.400765664224636356e-10,-5.709622780473515812e-04,1.159718525651886288e-02,-2.329039026600119180e-08,-1.216811250375412178e-02,5.660081789169952537e-08
4.172413512434979488e+00,3.805063770931912948e-01,-1.296588090092915153e-02,-4.376710642980266575e-01,-1.868750270767418982e-10,-1.146091143537235402e+00,-3.805063769913065719e-01,9.516298369689244824e-11,4.247742247288317091e-03,-2.701893090954886681e-02,-2.066092509316651683e-09,3.126667623185299533e-02,5.113387684211230952e-09,-2.660827856457938877e-10,-5.782574339990636733e-04,1.161752737103384329e-02,-2.154713932062847567e-08,-1.219575238526910028e-02,5.232944595665554548e-08
4.175289055861880705e+00,3.805063770934637435e-01,-1.295366873442541263e-02,-4.377487103479635322e-01,-1.929028588589617022e-10,-1.146001285311821993e+00,-3.805063769763922799e-01,9.436067835961607481e-11,4.246068944990891506e-03,-2.698549496560735325e-02,-2.125559191819720171e-09,3.123156707510438279e-02,5.257754733337590788e-09,-2.919068127250593480e-10,-5.855602363840917146e-04,1.163786294153254519e-02,-1.981502711191500679e-08,-1.222339335252139829e-02,4.808537923879126867e-08
4.178164599288783698e+00,3.805063770937338608e-01,-1.294146140977812422e-02,-4.378262601673258425e-01,-1.990945438289798334e-10,-1.145911528158592985e+00,-3.805063769610804170e-01,9.348437703932673494e-11,4.244374632210665306e-03,-2.695200055522569554e-02,-2.180061137734541860e-09,3.119637843399661326e-02,5.389957073179653162e-09,-3.175484998286036193e-10,-5.928706547945160332e-04,1.165819199544185225e-02,-1.809406390428607467e-08,-1.225103540251461058e-02,4.386864288414515219e-08
4.181040142715684915e+00,3.805063770940013690e-01,-1.292925898743528881e-02,-4.379037135880174958e-01,-2.054358517791777507e-10,-1.145821872306113764e+00,-3.805063769454057887e-01,9.253460427032721025e-11,4.242659287091254602e-03,-2.691844769710314070e-02,-2.229630420961388694e-09,3.116111030542055918e-02,5.510073328816311911e-09,-3.430077031011536540e-10,-6.001886587344684287e-04,1.167851456026091500e-02,-1.638425971641749838e-08,-1.227867853223700220e-02,3.967926143636588532e-08
4.183915686142587909e+00,3.805063770942659351e-01,-1.291706152790762611e-02,-4.379810704419963563e-01,-2.119126447729134506e-10,-1.145732317982958381e+00,-3.805063769294029785e-01,9.151188499486165590e-11,4.240922887864087207e-03,-2.688483640985966580e-02,-2.274299143856142917e-09,3.112576268627572501e-02,5.618182195036206199e-09,-3.682842826664751589e-10,-6.075142176201224140e-04,1.169883066356109877e-02,-1.468562432106979332e-08,-1.230632273866148763e-02,3.551725883630603187e-08
4.186791229569490014e+00,3.805063770945275592e-01,-1.290486909176834403e-02,-4.380583305612735234e-01,-2.185108772253173934e-10,-1.145642865417709988e+00,-3.805063769131065698e-01,9.041674455167234524e-11,4.239165412848672383e-03,-2.685116671203600924e-02,-2.314099436522854156e-09,3.109033557347045187e-02,5.714362434603625694e-09,-3.933781026299429038e-10,-6.148473007796684958e-04,1.171914033298606522e-02,-1.299816724492839638e-08,-1.233396801874563770e-02,3.138265842163025766e-08
4.189666772996392119e+00,3.805063770947859081e-01,-1.289268173965283683e-02,-4.381354937779135539e-01,-2.252165959820957515e-10,-1.145553514838960174e+00,-3.805063768965505910e-01,8.924970866454146056e-11,4.237386840452832433e-03,-2.681743862209315030e-02,-2.349063456106081035e-09,3.105482896392169206e-02,5.798692876523851612e-09,-4.182890310812098269e-10,-6.221878774533254504e-04,1.173944359625171338e-02,-1.132189776843620321e-08,-1.236161436943166748e-02,2.727548292640496285e-08
4.192542316423294224e+00,3.805063770950408153e-01,-1.288049953225849781e-02,-4.382125599240336289e-01,-2.320159403962282758e-10,-1.145464266475310300e+00,-3.805063768797690149e-01,8.801130343083740749e-11,4.235587149172975914e-03,-2.678365215841238892e-02,-2.379223386082368792e-09,3.101924285455536640e-02,5.871252414306426501e-09,-4.430169400965670324e-10,-6.295359167933002077e-04,1.175974048114622125e-02,-9.656824925647380574e-09,-1.238926178764643803e-02,2.319575448073994734e-08
4.195417859850196329e+00,3.805063770952920033e-01,-1.286832253034437407e-02,-4.382895288318041649e-01,-2.388951424027178158e-10,-1.145375120555369053e+00,-3.805063768627957033e-01,8.670205531003895062e-11,4.233766317594342236e-03,-2.674980733929495022e-02,-2.404611435551759572e-09,3.098357724230615950e-02,5.932120004228454631e-09,-4.675617057415782057e-10,-6.368913878638047654e-04,1.178003101553006665e-02,-8.002957504062148609e-09,-1.241691027030146846e-02,1.914349461038339335e-08
4.198293403277098435e+00,3.805063770955394165e-01,-1.285615079473102426e-02,-4.383664003334474257e-01,-2.458405265911929188e-10,-1.145286077307755779e+00,-3.805063768456640183e-01,8.532249111227077456e-11,4.231924324391244524e-03,-2.671590418296186306e-02,-2.425259838528350222e-09,3.094783212411766904e-02,5.981374663595620193e-09,-4.919232080732615610e-10,-6.442542596410143381e-04,1.180031522733595954e-02,-6.360304044491328359e-09,-1.244455981429284583e-02,1.511872423638989796e-08
4.201168946704000540e+00,3.805063770957826663e-01,-1.284398438630015432e-02,-4.384431742612385774e-01,-2.528385102765851137e-10,-1.145197136961096929e+00,-3.805063768284073777e-01,8.387313798681243303e-11,4.230061148327344568e-03,-2.668194270755369635e-02,-2.441200853230925771e-09,3.091200749694246117e-02,6.019095469003334537e-09,-5.161013311426394185e-10,-6.516245010130857895e-04,1.182059314456895480e-02,-4.728872840896836523e-09,-1.247221041650136558e-02,1.112146367472950792e-08
4.204044490130902645e+00,3.805063770960215863e-01,-1.283182336599444397e-02,-4.385198504475044112e-01,-2.598756035676625310e-10,-1.145108299744028724e+00,-3.805063768110586442e-01,8.235452341061931794e-11,4.228176768255891352e-03,-2.664792293113048965e-02,-2.452466761372791790e-09,3.087610335774213302e-02,6.045361554595977586e-09,-5.400959629968600778e-10,-6.590020807801190341e-04,1.184086479530637760e-02,-3.108671940259799788e-09,-1.249986207379239454e-02,7.151732635964401942e-09
4.206920033557804750e+00,3.805063770962561764e-01,-1.281966779481721191e-02,-4.385964287246238436e-01,-2.669384094336170892e-10,-1.145019565885195822e+00,-3.805063767936508468e-01,8.076717517681801174e-11,4.226271163119969983e-03,-2.661384487167128832e-02,-2.459089867451459918e-09,3.084011970348721904e-02,6.060252110325724003e-09,-5.639069956816027424e-10,-6.663869676541754692e-04,1.186113020769785295e-02,-1.499709142429710576e-09,-1.252751478301593682e-02,3.209550224879264734e-09
4.209795576984706855e+00,3.805063770964861036e-01,-1.280751773383223893e-02,-4.386729089250271385e-01,-2.740136237685076545e-10,-1.144930935613251766e+00,-3.805063767762164595e-01,7.911162138321660646e-11,4.224344311952769708e-03,-2.657970854707421282e-02,-2.461102498037745691e-09,3.080405653115740952e-02,6.063846380209975567e-09,-5.875343252430859139e-10,-6.737791302592365580e-04,1.188138940996532125e-02,9.800799999982695286e-11,-1.255516854100659045e-02,-7.050650598234267624e-10
4.212671120411608960e+00,3.805063770967111458e-01,-1.279537324416343824e-02,-4.387492908811959635e-01,-2.810880354537502791e-10,-1.144842409156857865e+00,-3.805063767587879009e-01,7.738839042078899257e-11,4.222396193877831980e-03,-2.654551397515608757e-02,-2.458537001064627301e-09,3.076791383774153330e-02,6.056223660588175634e-09,-6.109778517303292140e-10,-6.811785371312200927e-04,1.190164243040305048e-02,1.684472181832954759e-09,-1.258282334458361157e-02,-4.592095325870979880e-09
4.215546663838511066e+00,3.805063770969310810e-01,-1.278323438699463868e-02,-4.388255744256632229e-01,-2.881485264185045059e-10,-1.144753986744685204e+00,-3.805063767413972564e-01,7.559801096216566176e-11,4.220426788109286377e-03,-2.651126117365222232e-02,-2.451425745115626253e-09,3.073169162023748138e-02,6.037463298377466381e-09,-6.342374791971609522e-10,-6.885851567179550412e-04,1.192188929737759105e-02,3.259676345396654001e-09,-1.261047919055079472e-02,-8.451523287727164686e-09
4.218422207265413171e+00,3.805063770971457981e-01,-1.277110122356930541e-02,-4.389017593910125581e-01,-2.951820716980325113e-10,-1.144665668605413522e+00,-3.805063767240765560e-01,7.374101195011497139e-11,4.218436073952138571e-03,-2.647695016021635317e-02,-2.439801118712891475e-09,3.069538987565250537e-02,6.007644689327618126e-09,-6.573131157042484401e-10,-6.959989573791748249e-04,1.194213003932786087e-02,4.823613680666997405e-09,-1.263813607569659776e-02,-1.228333226690168458e-08
4.221297750692315276e+00,3.805063770973551307e-01,-1.275897381519027277e-02,-4.389778456098783477e-01,-3.021757394900203857e-10,-1.144577454967729668e+00,-3.805063767068573299e-01,7.181792258601532276e-11,4.216424030802488898e-03,-2.644258095242023668e-02,-2.423695529604859913e-09,3.065900860100299538e-02,5.966847276274919713e-09,-6.802046733210891189e-10,-7.034199073865129818e-04,1.196236468476508281e-02,6.376277625394013316e-09,-1.266579399679403778e-02,-1.608750619225617626e-08
4.224173294119217381e+00,3.805063770975587456e-01,-1.274685222321950313e-02,-4.390538329149452634e-01,-3.091166912088231906e-10,-1.144489346060330925e+00,-3.805063766897711086e-01,6.982927231832912310e-11,4.214390638147806449e-03,-2.640815356775358391e-02,-2.403141404053635058e-09,3.062254779331468474e-02,5.915150547395371577e-09,-7.029120681278709920e-10,-7.108479749234882048e-04,1.198259326227281950e-02,7.917661865217202398e-09,-1.269345295060073965e-02,-1.986402960028742333e-08
4.227048837546119486e+00,3.805063770977566429e-01,-1.273473650907781460e-02,-4.391297211389483812e-01,-3.159921815376853873e-10,-1.144401342111922126e+00,-3.805063766728491448e-01,6.777559083106528333e-11,4.212335875567177132e-03,-2.637366802362383841e-02,-2.378171186121997372e-09,3.058600744962268470e-02,5.852634034456985465e-09,-7.254352202173527028e-10,-7.182831280854952340e-04,1.200281580050697842e-02,9.447760333782981984e-09,-1.272111293385891871e-02,-2.361288763541520355e-08
4.229924380973021592e+00,3.805063770979484894e-01,-1.272262673424459471e-02,-4.392055101146725149e-01,-3.227895584789116164e-10,-1.144313443351216319e+00,-3.805063766561224137e-01,6.565740803223491735e-11,4.210259722731552606e-03,-2.633912433735586048e-02,-2.348817336960032151e-09,3.054938756697140809e-02,5.779377311071138678e-09,-7.477740536966941894e-10,-7.257253348798050740e-04,1.202303232819580681e-02,1.096656721285916538e-08,-1.274877394329536687e-02,-2.733406605026284540e-08
4.232799924399923697e+00,3.805063770981341742e-01,-1.271052296025758019e-02,-4.392811996749521608e-01,-3.294962634019508095e-10,-1.144225650006935879e+00,-3.805063766396216129e-01,6.347525404231334871e-11,4.208162159404017430e-03,-2.630452252619188899e-02,-2.315112334091607251e-09,3.051268814241482955e-02,5.695459990943567668e-09,-7.699284966891176625e-10,-7.331745632255413578e-04,1.204324287413990717e-02,1.247407693243800461e-08,-1.277643597562147168e-02,-3.102755120590981589e-08
4.235675467826825802e+00,3.805063770983134752e-01,-1.269842524871254812e-02,-4.393567896526713867e-01,-3.360998310894811617e-10,-1.144137962307811174e+00,-3.805063766233774403e-01,6.122965918268018394e-11,4.206043165440016308e-03,-2.626986260729114245e-02,-2.277088670700297426e-09,3.047590917301625998e-02,5.600961726124006718e-09,-7.918984813356835627e-10,-7.406307809536903219e-04,1.206344746721222695e-02,1.397028417084766371e-08,-1.280409902753319729e-02,-3.469333007216506075e-08
4.238551011253727907e+00,3.805063770984862259e-01,-1.268633366126308004e-02,-4.394322798807634434e-01,-3.425878897813943231e-10,-1.144050380482581009e+00,-3.805063766074201492e-01,5.892115396406989376e-11,4.203902720787640324e-03,-2.623514459772979118e-02,-2.234778854915249946e-09,3.043905065584863456e-02,5.495962205255657035e-09,-8.136839437968668565e-10,-7.480939558070765199e-04,1.208364613635807758e-02,1.545518385484993360e-08,-1.283176309571107052e-02,-3.833139022780635415e-08
4.241426554680630012e+00,3.805063770986522598e-01,-1.267424825962028441e-02,-4.395076701922105977e-01,-3.489481612167503097e-10,-1.143962904759992627e+00,-3.805063765917796603e-01,5.655026907500991546e-11,4.201740805487860254e-03,-2.620036851450067636e-02,-2.188215409096626688e-09,3.040211258799448840e-02,5.380541151823668208e-09,-8.352848242541461535e-10,-7.555640554403634732e-04,1.210383891059515528e-02,1.692877115973963937e-08,-1.285942817682022947e-02,-4.194171986082403236e-08
4.244302098107532117e+00,3.805063770988114658e-01,-1.266216910555251207e-02,-4.395829604200438001e-01,-3.551684606736818334e-10,-1.143875535368801488e+00,-3.805063765764860606e-01,5.411753537025145277e-11,4.199557399674774642e-03,-2.616553437451297690e-02,-2.137430869120708331e-09,3.036509496654579351e-02,5.254778322402738705e-09,-8.567010669115591163e-10,-7.630410474200515023e-04,1.212402581901347171e-02,1.839104150944200931e-08,-1.288709426751031770e-02,-4.552430776865962219e-08
4.247177641534434223e+00,3.805063770989634553e-01,-1.265009626088514118e-02,-4.396581503973425176e-01,-3.612366970072071577e-10,-1.143788272537772155e+00,-3.805063765615688265e-01,5.162348385921088056e-11,4.197352483575883877e-03,-2.613064219459226845e-02,-2.082457783665045697e-09,3.032799778860437862e-02,5.118753504904856166e-09,-8.779326199970835418e-10,-7.705248992244549591e-04,1.214420689077546321e-02,1.984199057659797214e-08,-1.291476136441560910e-02,-4.907914335841506469e-08
4.250053184961336328e+00,3.805063770991082284e-01,-1.263802978750022850e-02,-4.397332399572344563e-01,-3.671408726850434513e-10,-1.143701116495676073e+00,-3.805063765470574344e-01,4.906864569438382015e-11,4.195126037512329591e-03,-2.609569199148007931e-02,-2.023328713492852569e-09,3.029082105128166544e-02,4.972546516825193919e-09,-8.989794357641531695e-10,-7.780155782437124176e-04,1.216438215511591280e-02,2.128161428265959053e-08,-1.294242946415491077e-02,-5.260621664708640363e-08
4.252928728388238433e+00,3.805063770992456185e-01,-1.262596974733630820e-02,-4.398082289328955619e-01,-3.728690838213108304e-10,-1.143614067471294682e+00,-3.805063765329809722e-01,4.645355215977577127e-11,4.192878041899147055e-03,-2.606068378183373779e-02,-1.960076230737590413e-09,3.025356475169881099e-02,4.816237203488444234e-09,-9.198414704929392952e-10,-7.855130517797732307e-04,1.218455164134197785e-02,2.270990879796965896e-08,-1.297009856333159426e-02,-5.610551826175900013e-08
4.255804271815140538e+00,3.805063770993754035e-01,-1.261391620238810039e-02,-4.398831171575490750e-01,-3.784095202081976598e-10,-1.143527125693416302e+00,-3.805063765193684167e-01,4.377873465932249459e-11,4.190608477245526264e-03,-2.602561758222629584e-02,-1.892732918187202790e-09,3.021622888698682896e-02,4.649905436294310345e-09,-9.405186844916435498e-10,-7.930172870463825675e-04,1.220471537883321099e-02,2.412687054184209252e-08,-1.299776865853358339e-02,-5.957703943980468616e-08
4.258679815242042643e+00,3.805063770994973060e-01,-1.260186921470621280e-02,-4.399579044644663650e-01,-3.837504653455884568e-10,-1.143440291390838137e+00,-3.805063765062484671e-01,4.104472470529571843e-11,4.188317324155066933e-03,-2.599049340914613357e-02,-1.821331368567817687e-09,3.017881345428652037e-02,4.473631110961714684e-09,-9.610110420978148754e-10,-8.005282511690961587e-04,1.222487339704155657e-02,2.553249618264457543e-08,-1.302543974633339242e-02,-6.302077202908411943e-08
4.261555358668944749e+00,3.805063770996113814e-01,-1.258982884639692212e-02,-4.400325906869656523e-01,-3.888802964685823286e-10,-1.143353564792365606e+00,-3.805063764936496562e-01,3.825205390672910479e-11,4.186004563326015289e-03,-2.595531127899686555e-02,-1.745904183827855779e-09,3.014131845074854640e-02,4.287494145773942654e-09,-9.813185116794122444e-10,-8.080459111852514569e-04,1.224502572549131425e-02,2.692678263786456017e-08,-1.305311182328802895e-02,-6.643670848810869238e-08
4.264430902095846854e+00,3.805063770997172967e-01,-1.257779515962184798e-02,-4.401071756584123418e-01,-3.937874845730089609e-10,-1.143266946126812345e+00,-3.805063764816000726e-01,3.540125395781370669e-11,4.183670175551542497e-03,-2.592007120809710144e-02,-1.666483974421212258e-09,3.010374387353354636e-02,4.091574479821593548e-09,-1.001441065636049671e-09,-8.155702340439806471e-04,1.226517239377920843e-02,2.830972707418692314e-08,-1.308078488593911355e-02,-6.982484188623088962e-08
4.267306445522748959e+00,3.805063770998148853e-01,-1.256576821659772386e-02,-4.401816592122186345e-01,-3.984605944388365889e-10,-1.143180435622999536e+00,-3.805063764701279716e-01,3.249285662631378194e-11,4.181314141719982315e-03,-2.588477321268028986e-02,-1.583103358590878510e-09,3.006608971981212727e-02,3.885952071246548905e-09,-1.021378680399976522e-09,-8.231011866061906969e-04,1.228531343157435000e-02,2.968132690755515293e-08,-1.310845893081278093e-02,-7.318516590379417968e-08
4.270181988949651952e+00,3.805063770999040917e-01,-1.255374807959606411e-02,-4.402560411818435826e-01,-4.028882846515619571e-10,-1.143094033509757246e+00,-3.805063764592608866e-01,2.952739374195467658e-11,4.178936442815080893e-03,-2.584941730889431591e-02,-1.495794961651674574e-09,3.002835598676478757e-02,3.670706895483778191e-09,-1.041131336437196694e-09,-8.306387356445787528e-04,1.230544886861822951e-02,3.104157980324155805e-08,-1.313613395441972156e-02,-7.651767483230518106e-08
4.273057532376553169e+00,3.805063770999846939e-01,-1.254173481094298520e-02,-4.403303214007917576e-01,-4.070593076214789228e-10,-1.143007740015923313e+00,-3.805063764490265177e-01,2.650539718484692332e-11,4.176537059916268259e-03,-2.581400351280163305e-02,-1.404591415273926859e-09,2.999054267158227441e-02,3.445918943505485413e-09,-1.060699018248258157e-09,-8.381828478435965780e-04,1.232557873472476043e-02,3.239048367589556440e-08,-1.316380995325517299e-02,-7.982236357455210124e-08
4.275933075803456163e+00,3.805063771000564699e-01,-1.252972847301882069e-02,-4.404044997026147490e-01,-4.109625096009634292e-10,-1.142921555370343567e+00,-3.805063764394521764e-01,2.342739887385441814e-11,4.174115974198894241e-03,-2.577853184037869061e-02,-1.309525356765435465e-09,2.995264977146525412e-02,3.211668220061023870e-09,-1.080081714369345657e-09,-8.457334897994811269e-04,1.234570305978023932e-02,3.372803668961308588e-08,-1.319148692379891463e-02,-8.309922764477443450e-08
4.278808619230357380e+00,3.805063771001193640e-01,-1.251772912825793380e-02,-4.404785759209093321e-01,-4.145868306996212506e-10,-1.142835479801871834e+00,-3.805063764305649521e-01,2.029393075501264764e-11,4.171673166934495615e-03,-2.574300230751602747e-02,-1.210629428354833435e-09,2.991467728362468340e-02,2.968034741920254874e-09,-1.099279417372966868e-09,-8.532906280202209350e-04,1.236582187374337879e-02,3.505423725797819451e-08,-1.321916486251526607e-02,-8.634826316876569105e-08
4.281684162657260373e+00,3.805063771001730988e-01,-1.250573683914838440e-02,-4.405525498893180236e-01,-4.179213048974260498e-10,-1.142749513539370598e+00,-3.805063764223917122e-01,1.710552478990483693e-11,4.169208619491036362e-03,-2.570741493001782799e-02,-1.107936276473596881e-09,2.987662520528159421e-02,2.715098536113581199e-09,-1.118292123868836641e-09,-8.608542289255734659e-04,1.238593520664529012e-02,3.636908404411925285e-08,-1.324684376585309048e-02,-8.956946688401037822e-08
4.284559706084161590e+00,3.805063771002176742e-01,-1.249375166823166357e-02,-4.406264214415287483e-01,-4.209550600557660138e-10,-1.142663656811709227e+00,-3.805063764149589911e-01,1.386271294405757496e-11,4.166722313333171349e-03,-2.567176972360183523e-02,-1.001478551038595044e-09,2.983849353366728810e-02,2.452939638173309404e-09,-1.137119834504571016e-09,-8.684242588470516677e-04,1.240604308858948499e-02,3.767257596075161641e-08,-1.327452363024578079e-02,-9.276283613978911189e-08
4.287435249511064583e+00,3.805063771002527573e-01,-1.248177367810243341e-02,-4.407001904112745061e-01,-4.236773179264321529e-10,-1.142577909847765527e+00,-3.805063764082933786e-01,1.056602717533069811e-11,4.164214230022503065e-03,-2.563606670389919490e-02,-8.912889047343857010e-10,2.980028226602339861e-02,2.181638090374394660e-09,-1.155762553966347513e-09,-8.760006840279215869e-04,1.242614554975192756e-02,3.896471217021888017e-08,-1.330220445211130649e-02,-9.592836889727938699e-08
4.290310792937965800e+00,3.805063771002784034e-01,-1.246980293140825292e-02,-4.407738566323328722e-01,-4.260773941585444399e-10,-1.142492272876426185e+00,-3.805063764024209649e-01,7.215999422305389301e-12,4.161684351217823617e-03,-2.560030588645410485e-02,-7.773999922954276273e-10,2.976199139960182538e-02,1.901273939974963896e-09,-1.174220290979496776e-09,-8.835834706231952135e-04,1.244624262038091823e-02,4.024549208452990978e-08,-1.332988622785210089e-02,-9.906606372964663352e-08
4.293186336364868794e+00,3.805063771002942241e-01,-1.245783949084924846e-02,-4.408474199385262748e-01,-4.281446983034226622e-10,-1.142406746126583661e+00,-3.805063763973675628e-01,3.813161592656866070e-12,4.159132658675376674e-03,-2.556448728672369719e-02,-6.598444697876997804e-10,2.972362093166483824e-02,1.611927237455418050e-09,-1.192493058309136398e-09,-8.911725846996432741e-04,1.246633433079724282e-02,4.151491536539849996e-08,-1.335756895385520164e-02,-1.021759198221411886e-07
4.296061879791770011e+00,3.805063771003002748e-01,-1.244588341917789859e-02,-4.409208801637213293e-01,-4.298687338173719532e-10,-1.142321329827140186e+00,-3.805063763931591514e-01,3.580455515521290725e-13,4.156559134249112469e-03,-2.552861092007785090e-02,-5.386549938911374186e-10,2.968517085948517778e-02,1.313678034759494125e-09,-1.210580872760576865e-09,-8.987679922357702956e-04,1.248642071139406499e-02,4.277298192426832222e-08,-1.338525262649214835e-02,-1.052579369721596136e-07
4.298937423218673004e+00,3.805063771002962780e-01,-1.243393477919868886e-02,-4.409942371418288376e-01,-4.312390980624249279e-10,-1.142236024207005096e+00,-3.805063763898209883e-01,-3.148816889983817520e-12,4.153963759890930661e-03,-2.549267680179885184e-02,-4.138642211809461014e-10,2.964664118034592011e-02,1.006606383532604782e-09,-1.228483755179842257e-09,-9.063696591218386740e-04,1.250650179263696968e-02,4.401969192234592608e-08,-1.341293724211901559e-02,-1.083121155893255067e-07
4.301812966645574221e+00,3.805063771002820672e-01,-1.242199363376789330e-02,-4.410674907068032335e-01,-4.322454823049999447e-10,-1.142150829495095499e+00,-3.805063763873783866e-01,-6.706893986670672464e-12,4.151346517650946616e-03,-2.545668494708135457e-02,-2.855048074099669827e-10,2.960803189154074394e-02,6.907923333627549097e-10,-1.246201730453963081e-09,-9.139775511598398350e-04,1.252657760506394741e-02,4.525504577061848703e-08,-1.344062279707640070e-02,-1.113384566955330584e-07
4.304688510072477214e+00,3.805063771002575868e-01,-1.241006004579323259e-02,-4.411406406926426937e-01,-4.328776717125098714e-10,-1.142065745920336273e+00,-3.805063763858564929e-01,-1.031565407061085598e-11,4.148707389677744675e-03,-2.542063537103209786e-02,-1.536094067897647838e-10,2.956934299037385777e-02,3.663159300183156377e-10,-1.263734827511395020e-09,-9.215916340635146170e-04,1.254664817928544465e-02,4.647904412988024327e-08,-1.346830928768947590e-02,-1.143369619250116516e-07
4.307564053499378431e+00,3.805063771002227813e-01,-1.239813407823365035e-02,-4.412136869333885825e-01,-4.331255453478932842e-10,-1.141980773711660291e+00,-3.805063763852799541e-01,-1.397456556289117702e-11,4.146046358218620151e-03,-2.538452808866966878e-02,-1.821067127300860945e-11,2.953057447416005191e-02,3.325721368896767319e-11,-1.281083079322165560e-09,-9.292118734583328880e-04,1.256671354598427187e-02,4.769168791074152848e-08,-1.349599671026787719e-02,-1.173076335243483339e-07
4.310439596926281425e+00,3.805063771001772066e-01,-1.238621579409895403e-02,-4.412866292631254517e-01,-4.329790761620881060e-10,-1.141895913098007309e+00,-3.805063763856733616e-01,-1.768309698523311186e-11,4.143363405619843870e-03,-2.534836311492427025e-02,1.206587501659560465e-10,2.949172634022470194e-02,-3.083037827777709787e-10,-1.298246522898238565e-09,-9.368382348815202168e-04,1.258677373591569545e-02,4.889297827365174762e-08,-1.352368506110584491e-02,-1.202504743525438811e-07
4.313315140353182642e+00,3.805063771001209738e-01,-1.237430525644961192e-02,-4.413594675159804859e-01,-4.324283309844338818e-10,-1.141811164308326187e+00,-3.805063763870610849e-01,-2.144071697158304312e-11,4.140658514326914577e-03,-2.531214046463768630e-02,2.629662122483187750e-10,2.945279858590395261e-02,-6.582870356346144491e-10,-1.315225199293490291e-09,-9.444706837820186253e-04,1.260682877990739609e-02,5.008291662889731226e-08,-1.355137433648208843e-02,-1.231654878810078866e-07
4.316190683780085635e+00,3.805063771000538608e-01,-1.236240252839640799e-02,-4.414322015261236132e-01,-4.314634705110122027e-10,-1.141726527571572003e+00,-3.805063763894672157e-01,-2.524689427975981183e-11,4.137931666884806133e-03,-2.527586015256283805e-02,4.086790741101616388e-10,2.941379120854458601e-02,-1.016612531997804307e-09,-1.332019153603916591e-09,-9.521091855205234510e-04,1.262687870885946181e-02,5.126150463661520634e-08,-1.357906453265988328e-02,-1.260526781935918621e-07
4.319066227206987740e+00,3.805063770999757566e-01,-1.235050767310017818e-02,-4.415048311277668391e-01,-4.300747492909178340e-10,-1.141642003116708715e+00,-3.805063763929156240e-01,-2.910109780306736222e-11,4.135182845938232925e-03,-2.523952219336374550e-02,5.577647000205096271e-10,2.937470420550421929e-02,-1.383200271607238714e-09,-1.348628434967617825e-09,-9.597537053694576515e-04,1.264692355374440538e-02,5.242874420679172890e-08,-1.360675564588702084e-02,-1.289120499865861539e-07
4.321941770633889845e+00,3.805063770998864947e-01,-1.233862075377152243e-02,-4.415773561551645243e-01,-4.282525157104665449e-10,-1.141557591172706498e+00,-3.805063763974299573e-01,-3.300279658192062470e-11,4.132412034231889263e-03,-2.520312660161522916e-02,7.101904600998899037e-10,2.933553757415121102e-02,-1.757970268587805663e-09,-1.365053096564773005e-09,-9.674042085129880677e-04,1.266696334560716078e-02,5.358463749926097201e-08,-1.363444767239583091e-02,-1.317436085687164752e-07
4.324817314060791951e+00,3.805063770997859085e-01,-1.232674183367051153e-02,-4.416497764426124961e-01,-4.259872119753354002e-10,-1.141473291968544190e+00,-3.805063764030336415e-01,-3.695145981546725159e-11,4.129619214610719125e-03,-2.516667339180277824e-02,8.659237310387166624e-10,2.929629131186485547e-02,-2.140842553210327050e-09,-1.381293195617556046e-09,-9.750606600470129552e-04,1.268699811556507975e-02,5.472918692369940112e-08,-1.366214060840316609e-02,-1.345473598611303273e-07
4.327692857487694056e+00,3.805063770996738870e-01,-1.231487097610640610e-02,-4.417220918244482153e-01,-4.232693740906386159e-10,-1.141389105733207510e+00,-3.805063764097498247e-01,-4.094655687321093937e-11,4.126804370020151214e-03,-2.513016257832223835e-02,1.024931896815733161e-09,2.925696541603526810e-02,-2.531737173652630849e-09,-1.397348793389977979e-09,-9.827230249791745614e-04,1.270702789480793182e-02,5.586239513961630608e-08,-1.368983445011041737e-02,-1.373233103973737855e-07
4.330568400914596161e+00,3.805063770995503747e-01,-1.230300824443737381e-02,-4.417943021350503874e-01,-4.200896318389392375e-10,-1.141305032695690169e+00,-3.805063764176014884e-01,-4.498755730662969091e-11,4.123967483506373911e-03,-2.509359417547972829e-02,1.187182349416248461e-09,2.921755988406358681e-02,-2.930574197760098959e-09,-1.413219955187675817e-09,-9.903912682288451390e-04,1.272705271459789733e-02,5.698426505634028170e-08,-1.371752919370348989e-02,-1.400714673233581999e-07
4.333443944341498266e+00,3.805063770994151495e-01,-1.229115370207015459e-02,-4.418664072088389072e-01,-4.164387087561794767e-10,-1.141221073084992543e+00,-3.805063764266113369e-01,-4.907393086081444056e-11,4.121108538216573802e-03,-2.505696819749131041e-02,1.352642489551156623e-09,2.917807471336188174e-02,-3.337273714808175266e-09,-1.428906750357711959e-09,-9.980653546271523163e-04,1.274707260626960215e-02,5.809479983300727662e-08,-1.374522483535286534e-02,-1.427918383973310526e-07
4.336319487768400371e+00,3.805063770992681005e-01,-1.227930741245984898e-02,-4.419384068802741372e-01,-4.123074221055835763e-10,-1.141137227130124110e+00,-3.805063764368019075e-01,-5.320514748605865585e-11,4.118227517399189810e-03,-2.502028465848288655e-02,1.521279727373994770e-09,2.913850990135328708e-02,-3.751755837260016701e-09,-1.444409252288112008e-09,-1.005745248916947981e-03,1.276708760123004306e-02,5.919400287853101999e-08,-1.377292137121348577e-02,-1.454844319898033244e-07
4.339195031195302477e+00,3.805063770991091165e-01,-1.226746943910954693e-02,-4.420103009838570740e-01,-4.076866828494444894e-10,-1.141053495060099454e+00,-3.805063764481954047e-01,-5.738067734950913767e-11,4.115324404404176011e-03,-2.498354357248990659e-02,1.693061483200417335e-09,2.909886544547199416e-02,-4.173940702530102280e-09,-1.459727538407620541e-09,-1.013430915752843190e-03,1.278709773095867627e-02,6.028187785158843660e-08,-1.380061879742489755e-02,-1.481492570835138664e-07
4.342070574622204582e+00,3.805063770989380312e-01,-1.225563984557007796e-02,-4.420820893541290708e-01,-4.025674956188837070e-10,-1.140969877103942265e+00,-3.805063764608138666e-01,-6.159999084676905719e-11,4.112399182683256632e-03,-2.494674495345722276e-02,1.867955188225729129e-09,2.905914134316336592e-02,-4.603748474743089158e-09,-1.474861690185187638e-09,-1.021122319701186923e-03,1.280710302700734625e-02,6.135842866058716844e-08,-1.382831711011114559e-02,-1.507863232733498585e-07
4.344946118049106687e+00,3.805063770987547334e-01,-1.224381869543971976e-02,-4.421537718256711713e-01,-3.969409586815358446e-10,-1.140886373490682670e+00,-3.805063764746792199e-01,-6.586255861351383346e-11,4.109451835790158512e-03,-2.490988881523880510e-02,2.045928285242906444e-09,2.901933759188383283e-02,-5.041099346493825912e-09,-1.489811793129447761e-09,-1.028819425240081256e-03,1.282710352100031523e-02,6.242365946363340735e-08,-1.385601630538081143e-02,-1.533956407662676381e-07
4.347821661476008792e+00,3.805063770985592231e-01,-1.223200605236388766e-02,-4.422253482331043317e-01,-3.907982639071610899e-10,-1.140802984449358348e+00,-3.805063764898128920e-01,-7.016785153711204525e-11,4.106482347380891254e-03,-2.487297517159765131e-02,2.226948229360786071e-09,2.897945418910114618e-02,-5.485913540607824084e-09,-1.504577936788194698e-09,-1.036522196759371607e-03,1.284709924463425280e-02,6.347757466849886070e-08,-1.388371637932700811e-02,-1.559772203812120202e-07
4.350697204902910897e+00,3.805063770983511673e-01,-1.222020198003485707e-02,-4.422968184110888101e-01,-3.841306967312032955e-10,-1.140719710209014748e+00,-3.805063765062362546e-01,-7.451534076823564761e-11,4.103490701213990954e-03,-2.483600403620549527e-02,2.410982488721779730e-09,2.893949113229428785e-02,-5.938111311900507557e-09,-1.519160214747730366e-09,-1.044230598560665383e-03,1.286709022967827062e-02,6.452017893258019967e-08,-1.391141732802742004e-02,-1.585310735490169303e-07
4.353572748329813002e+00,3.805063770981306215e-01,-1.220840654219143735e-02,-4.423681821943243331e-01,-3.769296361162658516e-10,-1.140636550998703536e+00,-3.805063765239704576e-01,-7.890449773247977865e-11,4.100476881150761331e-03,-2.479897542264253643e-02,2.597998545219958445e-09,2.889944841895346339e-02,-6.397612948937460350e-09,-1.533558724632205549e-09,-1.051944594857324609e-03,1.288707650797382177e-02,6.555147716285820321e-08,-1.393911914754421624e-02,-1.610572123123050832e-07
4.356448291756715108e+00,3.805063770978973636e-01,-1.219661980261871510e-02,-4.424394394175490408e-01,-3.691865545115581221e-10,-1.140553507047484816e+00,-3.805063765430364287e-01,-8.333479414195974119e-11,4.097440871155553013e-03,-2.476188934439740516e-02,2.787963895218117640e-09,2.885932604658031364e-02,-6.864338775792072916e-09,-1.547773568102835522e-09,-1.059664149774474599e-03,1.290705811143483782e-02,6.657147451584832564e-08,-1.396682183392415968e-02,-1.635556493253668844e-07
4.359323835183617213e+00,3.805063770976513382e-01,-1.218484182514774361e-02,-4.425105899155403755e-01,-3.608930178102448752e-10,-1.140470578584424466e+00,-3.805063765634547068e-01,-8.780570200692729402e-11,4.094382655295997729e-03,-2.472474581486682962e-02,2.980846050265639626e-09,2.881912401268787310e-02,-7.338209153805187747e-09,-1.561804850857121675e-09,-1.067389227348998319e-03,1.292703507204760564e-02,6.758017639755253499e-08,-1.399452538319852224e-02,-1.660263978540423481e-07
4.362199378610519318e+00,3.805063770973923787e-01,-1.217307267365521153e-02,-4.425816335231135268e-01,-3.520406853047307604e-10,-1.140387765838596135e+00,-3.805063765852458313e-01,-9.231669364738223851e-11,4.091302217743259841e-03,-2.468754484735538601e-02,3.176612537816074021e-09,2.877884231480048668e-02,-7.819144483344124590e-09,-1.575652682627996211e-09,-1.075119791529560677e-03,1.294700742187082990e-02,6.857758846340608216e-08,-1.402222979138312807e-02,-1.684694717755906805e-07
4.365074922037421423e+00,3.805063770971203740e-01,-1.216131241206322086e-02,-4.426525700751222092e-01,-3.426213096399468347e-10,-1.140305069039081465e+00,-3.805063766084300081e-01,-9.686724170464974187e-11,4.088199542772313032e-03,-2.465028645507550201e-02,3.375230901943240006e-09,2.873848095045416010e-02,-8.307065205557901455e-09,-1.589317177182826008e-09,-1.082855806176583795e-03,1.296697519303561912e-02,6.956371661821452939e-08,-1.404993505447835016e-02,-1.708848855785360142e-07
4.367950465464323528e+00,3.805063770968352688e-01,-1.214956110433891394e-02,-4.427233994064578848e-01,-3.326267367644686339e-10,-1.140222488414967428e+00,-3.805063766330271102e-01,-1.014568191530101734e-10,4.085074614762164089e-03,-2.461297065114697105e-02,3.576668704059492062e-09,2.869803991719628924e-02,-8.801891804137997738e-09,-1.602798452322506035e-09,-1.090597235062279978e-03,1.298693841774546665e-02,7.053856701609829608e-08,-1.407764116846910857e-02,-1.732726543625311947e-07
4.370826008891225634e+00,3.805063770965368963e-01,-1.213781881449419418e-02,-4.427941213520497077e-01,-3.220489058796439451e-10,-1.140140024195349877e+00,-3.805063766590570107e-01,-1.060848993112867935e-10,4.081927418196132189e-03,-2.457559744859695583e-02,3.780893523632149785e-09,2.865751921258588922e-02,-9.303544807074376772e-09,-1.616096629880393730e-09,-1.098344041870642383e-03,1.300689712827626798e-02,7.150214606042547841e-08,-1.410534812932487392e-02,-1.756327938381935351e-07
4.373701552318127739e+00,3.805063770962250902e-01,-1.212608560658545026e-02,-4.428647357468639134e-01,-3.108798493866763050e-10,-1.140057676609329995e+00,-3.805063766865390829e-01,-1.107509558544254160e-10,4.078757937662082222e-03,-2.453816686035966213e-02,3.987872958899497153e-09,2.861691883419354918e-02,-9.811944788410656380e-09,-1.629211835721136893e-09,-1.106096190197451094e-03,1.302685135697630170e-02,7.245446040373899137e-08,-1.413305593299966044e-02,-1.779653203269258013e-07
4.376577095745029844e+00,3.805063770958999059e-01,-1.211436154471323863e-02,-4.429352424259040411e-01,-2.991116928315825407e-10,-1.139975445886016958e+00,-3.805063767154927556e-01,-1.154544628251020530e-10,4.075566157852696277e-03,-2.450067889927620701e-02,4.197574627587931573e-09,2.857623877960156072e-02,-1.032701237000194378e-08,-1.642144199739571461e-09,-1.113853643550278757e-03,1.304680113626623290e-02,7.339551694768756195e-08,-1.416076457543203465e-02,-1.802702507607473081e-07
4.379452639171931949e+00,3.805063770955610658e-01,-1.210264669302196783e-02,-4.430056412242103225e-01,-2.867366548481324035e-10,-1.139893332254526603e+00,-3.805063767459369584e-01,-1.201948946453047359e-10,4.072352063565714761e-03,-2.446313357809437247e-02,4.409966167627946189e-09,2.853547904640391097e-02,-1.084866822326991926e-08,-1.654893855859462958e-09,-1.121616365348502946e-03,1.306674649863914274e-02,7.432532284294755075e-08,-1.418847405254516046e-02,-1.825476026821022520e-07
4.382328182598834054e+00,3.805063770952085700e-01,-1.209094111569962264e-02,-4.430759319768595161e-01,-2.737470470987332792e-10,-1.139811335943981430e+00,-3.805063767778906203e-01,-1.249717261279132296e-10,4.069115639704192280e-03,-2.442553090946835218e-02,4.625015237869926493e-09,2.849463963220628254e-02,-1.137683307095739220e-08,-1.667460942032194167e-09,-1.129384318923303552e-03,1.308668747666042777e-02,7.524388548914094849e-08,-1.421618436024669682e-02,-1.847973942436587518e-07
4.385203726025736159e+00,3.805063770948422519e-01,-1.207924487697744666e-02,-4.431461145189646844e-01,-2.601352742132404330e-10,-1.139729457183511485e+00,-3.805063768113722822e-01,-1.297844324882807244e-10,4.065856871276756108e-03,-2.438787090595867166e-02,4.842689518799980016e-09,2.845372053462622702e-02,-1.191142768888298268e-08,-1.679845600235431720e-09,-1.137157467517672764e-03,1.310662410296792660e-02,7.615121253475194336e-08,-1.424389549442891915e-02,-1.870196442081042645e-07
4.388079269452638265e+00,3.805063770944621671e-01,-1.206755804112963348e-02,-4.432161886856747501e-01,-2.458938337256951668e-10,-1.139647696202252813e+00,-3.805063768464003737e-01,-1.346324893558157344e-10,4.062575743397858589e-03,-2.435015358003185526e-02,5.062956713255689921e-09,2.841272175129307132e-02,-1.245237290769560966e-08,-1.692047976471712239e-09,-1.144935774286425477e-03,1.312655641027181581e-02,7.704731187703918687e-08,-1.427160745096863782e-02,-1.892143719479305709e-07
4.390954812879540370e+00,3.805063770940679824e-01,-1.205588067247303531e-02,-4.432861543121743853e-01,-2.310153160090577873e-10,-1.139566053229349230e+00,-3.805063768829929360e-01,-1.395153727855420117e-10,4.059272241288021735e-03,-2.431237894406024572e-02,5.285784547140832142e-09,2.837164327984803558e-02,-1.299958961462639997e-08,-1.704068220766929212e-09,-1.152719202296201024e-03,1.314648443135464466e-02,7.793219166194105857e-08,-1.429932022572724497e-02,-1.913815974452015825e-07
4.393830356306442475e+00,3.805063770936597534e-01,-1.204421283536684720e-02,-4.433560112336838444e-01,-2.154924042078173048e-10,-1.139484528493949878e+00,-3.805063769211680103e-01,-1.444325592696775232e-10,4.055946350274102635e-03,-2.427454701032185844e-02,5.511140770140864281e-09,2.833048511794426447e-02,-1.355299875524252457e-08,-1.715906487168834147e-09,-1.160507714525472068e-03,1.316640819907133504e-02,7.880586028398228058e-08,-1.432703381455068849e-02,-1.935213412913244578e-07
4.396705899733344580e+00,3.805063770932373135e-01,-1.203255459421229481e-02,-4.434257592854584651e-01,-1.993178741685890154e-10,-1.139403122225212117e+00,-3.805063769609433044e-01,-1.493835257491929820e-10,4.052598055789546731e-03,-2.423665779100011436e-02,5.738993156437392932e-09,2.828924726324687916e-02,-1.411252133519857488e-08,-1.727562933745416740e-09,-1.168301273864557829e-03,1.318632774634918327e-02,7.966832638617284284e-08,-1.435474821326952755e-02,-1.956336246868018713e-07
4.399581443160246685e+00,3.805063770928006073e-01,-1.202090601345235515e-02,-4.434953983027883351e-01,-1.824845943686780457e-10,-1.139321834652299081e+00,-3.805063770023361935e-01,-1.543677496253608138e-10,4.049227343374622000e-03,-2.419871129818360056e-02,5.969309505422172827e-09,2.824792971343297390e-02,-1.467807842198666846e-08,-1.739037722583202543e-09,-1.176099843115619749e-03,1.320624310618779412e-02,8.051959885990189891e-08,-1.438246341769884237e-02,-1.977184694409717891e-07
4.402456986587149679e+00,3.805063770923495792e-01,-1.200926715759901772e-02,-4.435649281210253814e-01,-1.649875974726244993e-10,-1.139240666004378566e+00,-3.805063770453587790e-01,-1.593052196947650779e-10,4.045834150710595802e-03,-2.416070759057910647e-02,6.198458083055151314e-09,2.820653247032383834e-02,-1.524075094073883935e-08,-1.658294447952624835e-09,-1.183958922637520349e-03,1.322610022475775512e-02,7.719193049838120751e-08,-1.441017463927905112e-02,-1.895402494382549711e-07
4.405332530014050896e+00,3.805063770918848398e-01,-1.199763809161705046e-02,-4.436343485759563499e-01,-1.468528989248871813e-10,-1.139159616510589945e+00,-3.805063770899472786e-01,-1.638704921446035513e-10,4.042418267484339245e-03,-2.412264687103131758e-02,6.411693063820878975e-09,2.816505554851131410e-02,-1.576432457065597852e-08,-1.517143690038889579e-09,-1.191859279694759514e-03,1.324591782914725895e-02,7.112582369997132941e-08,-1.443788352740241546e-02,-1.746367137486081905e-07
4.408208073440953889e+00,3.805063770914074994e-01,-1.198601888082430345e-02,-4.437036595037065489e-01,-1.281300439636848589e-10,-1.139078686400050833e+00,-3.805063771359799007e-01,-1.680315752630465867e-10,4.038979660567870202e-03,-2.408452916983739797e-02,6.607557223532358487e-09,2.812349894734469946e-02,-1.624522064452163168e-08,-1.377172294932602047e-09,-1.199763713568749836e-03,1.326573214505815182e-02,6.511016036949075687e-08,-1.446559327931284250e-02,-1.598571146983592792e-07
4.411083616867855106e+00,3.805063770909188348e-01,-1.197440959058055157e-02,-4.437728607404363146e-01,-1.088687746236533118e-10,-1.138997875901886836e+00,-3.805063771833344100e-01,-1.717918594569494362e-10,4.035518318291397670e-03,-2.404635449640639411e-02,6.786195576317483888e-09,2.808186266434634787e-02,-1.668379545352882613e-08,-1.238379630790079105e-09,-1.207672187197907261e-03,1.328554320530345167e-02,5.914491371154839278e-08,-1.449330389072168469e-02,-1.452013864485617042e-07
4.413959160294758099e+00,3.805063770904199005e-01,-1.196281028627895794e-02,-4.438419521223330166e-01,-8.911841605733892086e-11,-1.138917185245230224e+00,-3.805063772318896254e-01,-1.751547332782713348e-10,4.032034229091797060e-03,-2.400812286005284471e-02,6.947753057627220940e-09,2.804014669705088073e-02,-1.708040509555377832e-08,-1.100765039337599293e-09,-1.215584663450915322e-03,1.330535104275061380e-02,5.323005580015056220e-08,-1.452101535732330806e-02,-1.306694603824471991e-07
4.416834703721659316e+00,3.805063770899118625e-01,-1.195122103334577725e-02,-4.439109334856103373e-01,-6.892787676610600651e-11,-1.138836614659219704e+00,-3.805063772815254208e-01,-1.781235833480954459e-10,4.028527381512823566e-03,-2.396983426999673913e-02,7.092374520985407709e-09,2.799835104300540251e-02,-1.743540546717038155e-08,-9.643278358854146353e-10,-1.223501105126718197e-03,1.332515569032153430e-02,4.736555757930042723e-08,-1.454872767479510783e-02,-1.162612651068988862e-07
4.419710247148561422e+00,3.805063770893958308e-01,-1.193964189724006260e-02,-4.439798046665088260e-01,-4.834564884042215993e-11,-1.138756164373001756e+00,-3.805063773321226139e-01,-1.807017942806838064e-10,4.024997764205296043e-03,-2.393148873536327451e-02,7.220204734740003533e-09,2.795647569976937932e-02,-1.774915225566821416e-08,-8.290673093423853361e-10,-1.231421474954522231e-03,1.334495718099256226e-02,4.155138886362442074e-08,-1.457644083879747893e-02,-1.019767264539900845e-07
4.422585790575463527e+00,3.805063770888730268e-01,-1.192807294345335674e-02,-4.440485655012947896e-01,-2.741980820944164291e-11,-1.138675834615729743e+00,-3.805063773835630769e-01,-1.828927486075837128e-10,4.021445365927316454e-03,-2.389308626518281062e-02,7.331388378816592891e-09,2.791452066491487485e-02,-1.802200093107608651e-08,-6.949827222307960262e-10,-1.239345735593795064e-03,1.336475554779452055e-02,3.578751833900627706e-08,-1.460415484497388366e-02,-8.781576748254220163e-08
4.425461334002365632e+00,3.805063770883443941e-01,-1.191651423750935031e-02,-4.441172158262604031e-01,-6.198014899907091384e-12,-1.138595625616563467e+00,-3.805063774357298478e-01,-1.846998267017759046e-10,4.017870175544460687e-03,-2.385462686839060972e-02,7.426070041473681769e-09,2.787248593602647748e-02,-1.825430673819000843e-08,-5.620733107015044402e-10,-1.247273849634266286e-03,1.338455082381267633e-02,3.007391356323527683e-08,-1.463186968895078925e-02,-7.377830847971736730e-08
4.428336877429267737e+00,3.805063770878112095e-01,-1.190496584496362684e-02,-4.441857554777233763e-01,1.527248669553745773e-11,-1.138515537604670280e+00,-3.805063774885066863e-01,-1.861264067018594290e-10,4.014272182029974580e-03,-2.381611055382671163e-02,7.504394216059488739e-09,2.783037151070135232e-02,-1.844642468860483922e-08,-4.303382845500546881e-10,-1.255205779595928734e-03,1.340434304218675148e-02,2.441054096669581788e-08,-1.465958536633771465e-02,-5.986426696271279074e-08
4.431212420856169842e+00,3.805063770872743056e-01,-1.189342783140328978e-02,-4.442541842920270656e-01,3.694486754085720265e-11,-1.138435570809224195e+00,-3.805063775417786287e-01,-1.871758644362960881e-10,4.010651374464979484e-03,-2.377753733023578106e-02,7.566505297771423553e-09,2.778817738654929329e-02,-1.859870955275248571e-08,-2.997768272323267885e-10,-1.263141487929038929e-03,1.342413223611095378e-02,1.879736585303710396e-08,-1.468730187272721324e-02,-4.607355768040596316e-08
4.434087964283071948e+00,3.805063770867350148e-01,-1.188190026244671273e-02,-4.443225021055393076e-01,5.877271366962416410e-11,-1.138355725459406109e+00,-3.805063775954316552e-01,-1.878515733476866034e-10,4.007007742038683901e-03,-2.373890720626700007e-02,7.612547580416748601e-09,2.774590356119288961e-02,-1.871151585194307481e-08,-1.703880958818194702e-10,-1.271080937014114690e-03,1.344391843883397872e-02,1.323435239991286257e-08,-1.471501920369493177e-02,-3.240609261517219200e-08
4.436963507709974053e+00,3.805063770861942807e-01,-1.187038320374317682e-02,-4.443907087546531409e-01,8.071002588891093668e-11,-1.138276001784403579e+00,-3.805063776493526895e-01,-1.881569044171079395e-10,4.003341274048556088e-03,-2.370022019047376971e-02,7.642665253176013906e-09,2.770355003226732810e-02,-1.878519785041292542e-08,-4.217122132611610704e-11,-1.279024089161938816e-03,1.346370168365894869e-02,7.721463659685851381e-09,-1.474273735479950803e-02,-1.886178098461557890e-08
4.439839051136876158e+00,3.805063770856532690e-01,-1.185887672097261231e-02,-4.444588040757855296e-01,1.027112194736844859e-10,-1.138196400013411047e+00,-3.805063777034297656e-01,-1.880952260884931509e-10,3.999651959900553042e-03,-2.366147629131375857e-02,7.657002397368198599e-09,2.766111679742074350e-02,-1.882010954737664313e-08,8.487469189504041649e-11,-1.286970906613549119e-03,1.348348200394352929e-02,2.258661560201453278e-09,-1.477045632158270269e-02,-5.440529243469505221e-09
4.442714594563778263e+00,3.805063770851129790e-01,-1.184738087984522903e-02,-4.445267879053781401e-01,1.247311238520940784e-10,-1.138116920375629837e+00,-3.805063777575519723e-01,-1.876699041930657961e-10,3.995939789109313051e-03,-2.362267551714858013e-02,7.655702983218284292e-09,2.761860385431404163e-02,-1.881660466908530953e-08,2.107505655123716260e-10,-1.294921351540255332e-03,1.350325943309984081e-02,-3.154093094468692429e-09,-1.479817609956932123e-02,7.857758914576150783e-09
4.445590137990681256e+00,3.805063770845743543e-01,-1.183589574610125102e-02,-4.445946600798962867e-01,1.467249822812876062e-10,-1.138037563100267713e+00,-3.805063778116092865e-01,-1.868843018738243707e-10,3.992204751298338711e-03,-2.358381787624368175e-02,7.638910866626868293e-09,2.757601120062100689e-02,-1.877503666088956837e-08,3.354573475081964499e-10,-1.302875386043624798e-03,1.352303400459450682e-02,-8.516840623219444432e-09,-1.482589668426725210e-02,2.103318255489162678e-08
4.448465681417582474e+00,3.805063770840385051e-01,-1.182442138551056086e-02,-4.446624204358289312e-01,1.686484515141130406e-10,-1.137958328416539544e+00,-3.805063778654927398e-01,-1.857417795100799902e-10,3.988446836200224173e-03,-2.354490337676820935e-02,7.606769785942177288e-09,2.753333883402838550e-02,-1.869575867930868740e-08,4.589960120981110297e-10,-1.310832972155492448e-03,1.354280575194864722e-02,-1.382962246712798228e-08,-1.485361807116746327e-02,3.408584349998084220e-08
4.451341224844485467e+00,3.805063770835063752e-01,-1.181295786387243259e-02,-4.447300688096884613e-01,1.904576014563513163e-10,-1.137879216553666195e+00,-3.805063779190943629e-01,-1.842456946420521818e-10,3.984666033656832085e-03,-2.350593202679482005e-02,7.559423358734410370e-09,2.749058675223590292e-02,-1.857912358410530117e-08,5.813675597111437915e-10,-1.318794071837952990e-03,1.356257470873788520e-02,-1.909248118860459216e-08,-1.488134025574402650e-02,4.701584632739463824e-08
4.454216768271386684e+00,3.805063770829791858e-01,-1.180150524701517947e-02,-4.447976050380103019e-01,2.121089148148529959e-10,-1.137800227740875858e+00,-3.805063779723073525e-01,-1.823994018955169965e-10,3.980862333619519106e-03,-2.346690383429961627e-02,7.497015078572466000e-09,2.744775495295636442e-02,-1.842548393036604343e-08,7.025730169704685796e-10,-1.326758646983363082e-03,1.358234090859236978e-02,-2.430546047056736315e-08,-1.490906323345408957e-02,5.982329836770335657e-08
4.457092311698289677e+00,3.805063770824577696e-01,-1.179006360079585224e-02,-4.448650289573526373e-01,2.335592867363125287e-10,-1.137721362207402276e+00,-3.805063780250257932e-01,-1.802062529065130739e-10,3.977035726149304173e-03,-2.342781880716179876e-02,7.419688311803090952e-09,2.740484343391557873e-02,-1.823519196058809876e-08,8.226134366731194218e-10,-1.334726659414348267e-03,1.360210438519674110e-02,-2.946860511557408599e-08,-1.493678699973792316e-02,7.250830970236382175e-08
4.459967855125190894e+00,3.805063770819431257e-01,-1.177863299109994412e-02,-4.449323404042961339e-01,2.547660244367806977e-10,-1.137642620182487185e+00,-3.805063780771447690e-01,-1.776695962461118925e-10,3.973186201417106163e-03,-2.338867695316374992e-02,7.327586294332729181e-09,2.736185219285260095e-02,-1.800859959677239823e-08,9.414898977692493894e-10,-1.342698070883788231e-03,1.362186517229017554e-02,-3.458196104493450464e-08,-1.496451155001889827e-02,8.507099316153796669e-08
4.462843398552093888e+00,3.805063770814363644e-01,-1.176721348384101792e-02,-4.449995392154438290e-01,2.756868468220301806e-10,-1.137564001895377430e+00,-3.805063781285603075e-01,-1.747927773452337469e-10,3.969313749703915623e-03,-2.334947827999070760e-02,7.220852128411455174e-09,2.731878122751960764e-02,-1.774605843252196333e-08,1.059203505341522219e-09,-1.350672843074837183e-03,1.364162330366640134e-02,-3.964557529782857320e-08,-1.499223687970353477e-02,9.751146432192709515e-08
4.465718941978995105e+00,3.805063770809382628e-01,-1.175580514496045101e-02,-4.450666252274206869e-01,2.962798840985152410e-10,-1.137485507575326515e+00,-3.805063781791697686e-01,-1.715791384195430828e-10,3.965418361400999472e-03,-2.331022279523059515e-02,7.099628779420147385e-09,2.727563053568197310e-02,-1.744791972514813458e-08,1.175755390583135676e-09,-1.358650937600905211e-03,1.366137881317361705e-02,-4.465949603036582248e-08,-1.501996298418142167e-02,1.098298415044602031e-07
4.468594485405898098e+00,3.805063770804498202e-01,-1.174440804042708487e-02,-4.451335982768732102e-01,3.165036773752350937e-10,-1.137407137451595274e+00,-3.805063782288710672e-01,-1.680320183943919116e-10,3.961500027010119579e-03,-2.327091050637400405e-02,6.964059072659837137e-09,2.723240011511841169e-02,-1.711453438778228282e-08,1.291146710776207736e-09,-1.366632316005672587e-03,1.368113173471462857e-02,-4.962377251466059528e-08,-1.504768985882534715e-02,1.220262457720220642e-07
4.471470028832799315e+00,3.805063770799722023e-01,-1.173302223623693373e-02,-4.452004582004694400e-01,3.363171782562559989e-10,-1.137328891753450311e+00,-3.805063782775634507e-01,-1.641547528298424796e-10,3.957558737143718371e-03,-2.323154142081398921e-02,6.814285690144362952e-09,2.718908996362101593e-02,-1.674625298149546457e-08,1.405378649269044837e-09,-1.374616939763071994e-03,1.370088210224675897e-02,-5.453845513785901724e-08,-1.507541749899120494e-02,1.341008009270626119e-07
4.474345572259702308e+00,3.805063770795061306e-01,-1.172164779841279765e-02,-4.452672048348985667e-01,3.556797484242041610e-10,-1.137250770710164005e+00,-3.805063783251470544e-01,-1.599506738457190952e-10,3.953594482525108790e-03,-2.319211554584572552e-02,6.650451167394426115e-09,2.714570007899508308e-02,-1.634342570742165425e-08,1.518452415454073527e-09,-1.382604770277319093e-03,1.372062994978187796e-02,-5.940359540119480001e-08,-1.510314590001805152e-02,1.460536335092772733e-07
4.477221115686603525e+00,3.805063770790526601e-01,-1.171028479300404573e-02,-4.453338380168704869e-01,3.745511592142342649e-10,-1.137172774551016063e+00,-3.805063783715231795e-01,-1.554231100467882727e-10,3.949607253988703277e-03,-2.315263288866666741e-02,6.472697890236859138e-09,2.710223045905949674e-02,-1.590640239889377449e-08,1.630369244743519285e-09,-1.390595768882873715e-03,1.374037531138642271e-02,-6.421924591894825755e-08,-1.513087505722808014e-02,1.578848727930490489e-07
4.480096659113506519e+00,3.805063770786125676e-01,-1.169893328608620497e-02,-4.454003575831158024e-01,3.928915911791264469e-10,-1.137094903505291743e+00,-3.805063784165937379e-01,-1.505753864479391597e-10,3.945597042480195916e-03,-2.311309345637617071e-02,6.281168091604234188e-09,2.705868110164659154e-02,-1.543553251358046758e-08,1.741130398546560829e-09,-1.398589896844476283e-03,1.376011822118141693e-02,-6.898546041746883677e-08,-1.515860496592671101e-02,1.695946507850470284e-07
4.482972202540407736e+00,3.805063770781869081e-01,-1.168759334376071220e-02,-4.454667633703851548e-01,4.106616336449397596e-10,-1.137017157802282741e+00,-3.805063784602621402e-01,-1.454108243994856644e-10,3.941563839056757591e-03,-2.307349725597537815e-02,6.076003848339404826e-09,2.701505200460215320e-02,-1.493116512563507613e-08,1.850737164244562878e-09,-1.406587115357117897e-03,1.377985871334241018e-02,-7.370229373411494327e-08,-1.518633562140245599e-02,1.811831022216215794e-07
4.485847745967310729e+00,3.805063770777766252e-01,-1.167626503215452721e-02,-4.455330552154494472e-01,4.278222842576545882e-10,-1.136939537671286748e+00,-3.805063785024324630e-01,-1.399327415124970683e-10,3.937507634887253694e-03,-2.303384429436710484e-02,5.857347078001477938e-09,2.697134316578560231e-02,-1.439364891784812931e-08,1.959190855166946882e-09,-1.414587385546066996e-03,1.379959682209958884e-02,-7.836980181622164642e-08,-1.521406701892709205e-02,1.926503645662685160e-07
4.488723289394211946e+00,3.805063770773824960e-01,-1.166494841741986914e-02,-4.455992329550991227e-01,4.443349485204829200e-10,-1.136862043341608119e+00,-3.805063785430098378e-01,-1.341444515842414719e-10,3.933428421252437544e-03,-2.299413457835567526e-02,5.625339535676432769e-09,2.692755458306999097e-02,-1.382333217381119623e-08,2.066492810565627625e-09,-1.422590668466844430e-03,1.381933258173768594e-02,-8.298804172000637237e-08,-1.524179915375553467e-02,2.039965780069397687e-07
4.491598832821114939e+00,3.805063770770054088e-01,-1.165364356573384344e-02,-4.456652964261441641e-01,4.601614393221627578e-10,-1.136784675042556758e+00,-3.805063785819004507e-01,-1.280492645236557614e-10,3.929326189545136877e-03,-2.295436811464667687e-02,5.380122810789034490e-09,2.688368625434196454e-02,-1.322056277008396858e-08,2.172644395589973638e-09,-1.430596925105249257e-03,1.383906602659604364e-02,-8.755707160949775144e-08,-1.526953202112593319e-02,2.152218854534117864e-07
4.494474376248017045e+00,3.805063770766463627e-01,-1.164235054329816957e-02,-4.457312454654135392e-01,4.752639764559362053e-10,-1.136707433003448786e+00,-3.805063786190116537e-01,-1.216504862769417468e-10,3.925200931270481954e-03,-2.291454490984698444e-02,5.121838323920010296e-09,2.683973817750198720e-02,-1.258568816837425065e-08,2.277647001260322329e-09,-1.438606116377331642e-03,1.385879719106860794e-02,-9.207695075540179835e-08,-1.529726561625962926e-02,2.263264325345005702e-07
4.497349919674919150e+00,3.805063770763060793e-01,-1.163106941633880974e-02,-4.457970799097551451e-01,4.896051861295287577e-10,-1.136630317453606320e+00,-3.805063786542514093e-01,-1.149514187531826043e-10,3.921052638046076434e-03,-2.287466497046435759e-02,4.850627323624224731e-09,2.679571035046417193e-02,-1.191905540772041433e-08,2.381502044442010436e-09,-1.446618203129421479e-03,1.387852610960393397e-02,-9.654773953399079032e-08,-1.532499993436120186e-02,2.373103675953305226e-07
4.500225463101821255e+00,3.805063770759855024e-01,-1.161980025110569310e-02,-4.458627995960355306e-01,5.031481004658444211e-10,-1.136553328622357695e+00,-3.805063786875290677e-01,-1.079553597500931802e-10,3.916881301602225494e-03,-2.283472830290755873e-02,4.566630883254434348e-09,2.675160277115657542e-02,-1.122101109668757038e-08,2.484210967818014203e-09,-1.454633146138098031e-03,1.389825281670518942e-02,-1.009694994259325087e-07,-1.535273497061844829e-02,2.481738416944589025e-07
4.503101006528723360e+00,3.805063770756855202e-01,-1.160854311387233585e-02,-4.459284043611394521e-01,5.158561569946724795e-10,-1.136476466739036795e+00,-3.805063787187547009e-01,-1.006656028797835293e-10,3.912686913782111899e-03,-2.279473491348593672e-02,4.269989897785790141e-09,2.670741543752098296e-02,-1.049190140556550335e-08,2.585775239862136320e-09,-1.462650906110221811e-03,1.391797734693017360e-02,-1.053422930151424431e-07,-1.538047072020241358e-02,2.589170086010555232e-07
4.505976549955625465e+00,3.805063770754069097e-01,-1.159729807093557406e-02,-4.459938940419697073e-01,5.276931981351292201e-10,-1.136399732032983501e+00,-3.805063787478394355e-01,-9.308543749467115205e-11,3.908469466542014575e-03,-2.275468480840944774e-02,3.960845080646519848e-09,2.666314834751317212e-02,-9.732072058581947270e-09,2.686196354810680366e-09,-1.470671443682908556e-03,1.393769973489130364e-02,-1.096661839875719917e-07,-1.540820717826738712e-02,2.695400247919252463e-07
4.508852093382527570e+00,3.805063770751504482e-01,-1.158606518861519941e-02,-4.460592684754466908e-01,5.386234706690914017e-10,-1.136323124733543688e+00,-3.805063787746955639e-01,-8.521814861342249333e-11,3.904228951951506377e-03,-2.271457799378848522e-02,3.639336960549974678e-09,2.661880149910291968e-02,-8.941868326119044406e-09,2.785475832634471419e-09,-1.478694719423542673e-03,1.395742001525568030e-02,-1.139412371300107434e-07,-1.543594433995094418e-02,2.800430494485652570e-07
4.511727636809429676e+00,3.805063770749170238e-01,-1.157484453325365210e-02,-4.461245274985082832e-01,5.486116252054834843e-10,-1.136246645070069450e+00,-3.805063787992361002e-01,-7.706701684699756734e-11,3.899965362193637090e-03,-2.267441447563358151e-02,3.305605878331072510e-09,2.657437489027389757e-02,-8.121635016940719480e-09,2.883615219010028404e-09,-1.486720693829772033e-03,1.397713822274499265e-02,-1.181675183288531451e-07,-1.546368220037388184e-02,2.904262444541355180e-07
4.514603180236331781e+00,3.805063770747075247e-01,-1.156363617121566878e-02,-4.461896709481097401e-01,5.576227156354986496e-10,-1.136170293271917542e+00,-3.805063788213752796e-01,-6.863531832475793926e-11,3.895678689565159822e-03,-2.263419425985539746e-02,2.959791983785473272e-09,2.652986851902387755e-02,-7.271716470426661396e-09,2.980616085290630967e-09,-1.494749327329519470e-03,1.399685439213563427e-02,-1.223450945688601523e-07,-1.549142075464031952e-02,3.006897743904149574e-07
4.517478723663233886e+00,3.805063770745225615e-01,-1.155244016888798755e-02,-4.462546986612227484e-01,5.656221985786845412e-10,-1.136094069568451603e+00,-3.805063788410282810e-01,-5.992632462070368257e-11,3.891368926476715742e-03,-2.259391735226451772e-02,2.602035232514156630e-09,2.648528238336477630e-02,-6.392456548819736728e-09,3.076480028476290338e-09,-1.502780580280963472e-03,1.401656855825864599e-02,-1.264740339318741350e-07,-1.551915999783765564e-02,3.108338065346454761e-07
4.520354267090135991e+00,3.805063770743630780e-01,-1.154125659267901671e-02,-4.463196104748358151e-01,5.725759328200089107e-10,-1.136017974189040602e+00,-3.805063788581111162e-01,-5.094330267975749856e-11,3.887036065453034015e-03,-2.255358375857127728e-02,2.232475382770162755e-09,2.644061648132261730e-02,-5.484198629478544971e-09,3.171208671183780575e-09,-1.510814412972553370e-03,1.403628075599974885e-02,-1.305544055955362977e-07,-1.554689992503659191e-02,3.208585108563798208e-07
4.523229810517038096e+00,3.805063770742298512e-01,-1.153008550901846521e-02,-4.463844062259537671e-01,5.784501787378652586e-10,-1.135942007363058615e+00,-3.805063788725409069e-01,-4.168951474412296541e-11,3.882680099133138663e-03,-2.251319348438560186e-02,1.851251992308461290e-09,2.639587081093758975e-02,-4.547285597137779887e-09,3.264803661616350109e-09,-1.518850785623006728e-03,1.405599102029933371e-02,-1.345862798319908774e-07,-1.557464053129112118e-02,3.307640600142982229e-07
4.526105353943940202e+00,3.805063770741236029e-01,-1.151892698435707206e-02,-4.464490857515972522e-01,5.832115977229807282e-10,-1.135866169319886154e+00,-3.805063788842358297e-01,-3.216821827979165397e-11,3.878301020270555430e-03,-2.247274653521693505e-02,1.458504415242121349e-09,2.635104537026424984e-02,-3.582059836184034729e-09,3.357266673532285156e-09,-1.526889658381306962e-03,1.407569938615251849e-02,-1.385697280065393015e-07,-1.560238181163861072e-02,3.405506293529015280e-07
4.528980897370842307e+00,3.805063770740450546e-01,-1.150778108516624029e-02,-4.465136488888026833e-01,5.868272515883348221e-10,-1.135790460288908621e+00,-3.805063788931148938e-01,-2.238266590307939838e-11,3.873898821733486562e-03,-2.243224291647390178e-02,1.054371798899825285e-09,2.630614015737129524e-02,-2.588863222934856629e-09,3.448599406213644357e-09,-1.534930991326700737e-03,1.409540588860906142e-02,-1.425048225763025634e-07,-1.563012376109969986e-02,3.502183968992249737e-07
4.531856440797744412e+00,3.805063770739951501e-01,-1.149664787793770911e-02,-4.465780954746219611e-01,5.892646019700256596e-10,-1.135714880499517410e+00,-3.805063788990981077e-01,-1.233610530728369541e-11,3.869473496505041951e-03,-2.239168263346435345e-02,6.389930806885216215e-10,2.626115517034187385e-02,-1.568037117930504419e-09,3.538803584434282873e-09,-1.542974744468708376e-03,1.411511056277350330e-02,-1.463916370888527354e-07,-1.565786637467842662e-02,3.597675433594763681e-07
4.534731984224646517e+00,3.805063770739743889e-01,-1.148552742918322947e-02,-4.466424253461220295e-01,5.904915097191241026e-10,-1.135639430181109244e+00,-3.805063789021066456e-01,-2.031779189418263736e-12,3.865025037683423887e-03,-2.235106569139509378e-02,2.125069849593639860e-10,2.621609040727349710e-02,-5.199223582337935824e-10,3.627880958427500108e-09,-1.551020877747112149e-03,1.413481344380505302e-02,-1.502302461808285193e-07,-1.568560964736216354e-02,3.691982521156329237e-07
4.537607527651548622e+00,3.805063770739836593e-01,-1.147441980543425014e-02,-4.467066383403846541e-01,5.904762342845204007e-10,-1.135564109563086177e+00,-3.805063789020624032e-01,8.527074822922428348e-12,3.860553438482122214e-03,-2.231039209537170193e-02,-2.249479801207630765e-10,2.617094586627807806e-02,5.551407502564294425e-10,3.715833303852880938e-09,-1.559069351031964513e-03,1.415451456691766384e-02,-1.540207255765159637e-07,-1.571335357412165581e-02,3.785107092219566163e-07
4.540483071078450727e+00,3.805063770740236828e-01,-1.146332507324155682e-02,-4.467707342945060889e-01,5.891874330867853805e-10,-1.135488918874856035e+00,-3.805063788988884421e-01,1.933722424465394130e-11,3.856058692230135074e-03,-2.226966185039850471e-02,-6.732335256958084570e-10,2.612572154548208764e-02,1.656812440487088511e-09,3.802662421763217991e-09,-1.567120124123582044e-03,1.417421396738002999e-02,-1.577631520864333629e-07,-1.574109814991101614e-02,3.877051034015152093e-07
4.543358614505352833e+00,3.805063770740951257e-01,-1.145224329917493740e-02,-4.468347130455970206e-01,5.865941608830383207e-10,-1.135413858345831750e+00,-3.805063788925087676e-01,3.039544180618134483e-11,3.851540792372142377e-03,-2.222887496137822966e-02,-1.132211585342340370e-09,2.608041744302643655e-02,2.784753491920834524e-09,3.888370138570708507e-09,-1.575173156752556706e-03,1.419391168051559009e-02,-1.614576036058844189e-07,-1.576884336966778363e-02,3.967816260426285268e-07
4.546234157932254938e+00,3.805063770741987095e-01,-1.144117454982289395e-02,-4.468985744307818475e-01,5.826658691228600791e-10,-1.135338928205431586e+00,-3.805063788828482729e-01,4.169850552623254237e-11,3.846999732468735656e-03,-2.218803143311205706e-02,-1.601744318185131102e-09,2.603503355706672170e-02,3.938625238190915848e-09,3.972958306012382316e-09,-1.583228408579738511e-03,1.421360774170253929e-02,-1.651041591134784747e-07,-1.579658922831286491e-02,4.057404711952327763e-07
4.549109701359157043e+00,3.805063770743352114e-01,-1.143011889179225762e-02,-4.469623182871986788e-01,5.773724052952291401e-10,-1.135264128683078910e+00,-3.805063788698328509e-01,5.324319878467300894e-11,3.842435506196588933e-03,-2.214713127029926260e-02,-2.081694112011899273e-09,2.598956988577305963e-02,5.118089574753830970e-09,4.056428801115644395e-09,-1.591285839196255030e-03,1.423330218637384320e-02,-1.687028986696565181e-07,-1.582433572075061037e-02,4.145818355672590069e-07
4.551985244786059148e+00,3.805063770745051865e-01,-1.141907639170787296e-02,-4.470259444519992797e-01,5.706840122665276260e-10,-1.135189460008202644e+00,-3.805063788533894487e-01,6.502631039516173987e-11,3.837848107348682501e-03,-2.210617447753720696e-02,-2.571923586381225868e-09,2.594402642733031547e-02,6.322808966525493772e-09,4.138783526162953839e-09,-1.599345408123495349e-03,1.425299505001723609e-02,-1.722539034151792547e-07,-1.585208284186878300e-02,4.233059185209175987e-07
4.554860788212961253e+00,3.805063770747094121e-01,-1.140804711621227520e-02,-4.470894527623480719e-01,5.625713276096103455e-10,-1.135114922410236593e+00,-3.805063788334459574e-01,7.704463467771701096e-11,3.833237529834499380e-03,-2.206516105932114155e-02,-3.072295595726732091e-09,2.589840317993808566e-02,7.552446455507662599e-09,4.220024408656065671e-09,-1.607407074813123728e-03,1.427268636817527470e-02,-1.757572555695968365e-07,-1.587983058653862078e-02,4.319129220689399249e-07
4.557736331639863359e+00,3.805063770749484986e-01,-1.139703113196534855e-02,-4.471528430554225220e-01,5.530053829239588007e-10,-1.135040516118620557e+00,-3.805063788099311561e-01,8.929497153117965553e-11,3.828603767680208332e-03,-2.202409102004397601e-02,-3.582673232456743492e-09,2.585270014181068055e-02,8.806665668403993569e-09,4.300153401279821011e-09,-1.615470798647065508e-03,1.429237617644525150e-02,-1.792130384296994538e-07,-1.590757894961476390e-02,4.404030508707702505e-07
4.560611875066765464e+00,3.805063770752231123e-01,-1.138602850564397577e-02,-4.472161151684124758e-01,5.419576031469055718e-10,-1.134966241362798112e+00,-3.805063787827747679e-01,1.017741265056010357e-10,3.823946815028888072e-03,-2.198296436399622619e-02,-4.102919830050783927e-09,2.580691731117728052e-02,1.008513082422767279e-08,4.379172481865731277e-09,-1.623536538937522073e-03,1.431206451047932655e-02,-1.826213363679589531e-07,-1.593532792593537264e-02,4.487765122287373554e-07
4.563487418493667569e+00,3.805063770755339747e-01,-1.137503930394172073e-02,-4.472792689385199916e-01,5.293998058559978395e-10,-1.134892098372219049e+00,-3.805063787519077367e-01,1.144789108744728604e-10,3.819266666140716786e-03,-2.194178109536581642e-02,-4.632898966149295329e-09,2.576105468628193604e-02,1.138750674189280437e-08,4.457083653354645867e-09,-1.631604254926957839e-03,1.433175140598444593e-02,-1.859822348309307244e-07,-1.596307751032205458e-02,4.570335160841289594e-07
4.566362961920569674e+00,3.805063770758818076e-01,-1.136406359356847799e-02,-4.473423042029590624e-01,5.153042005624459696e-10,-1.134818087376337159e+00,-3.805063787172616729e-01,1.274061417068944551e-10,3.814563315393162089e-03,-2.190054121823784700e-02,-5.172474465640714625e-09,2.571511226538353984e-02,1.271345884779914133e-08,4.533888943759271784e-09,-1.639673905788114347e-03,1.435143689872239552e-02,-1.892958203376507175e-07,-1.599082769757994085e-02,4.651742750132513261e-07
4.569238505347471779e+00,3.805063770762669439e-01,-1.135310144125015706e-02,-4.474052207989551722e-01,4.996433879957580729e-10,-1.134744208604612448e+00,-3.805063786787692415e-01,1.405526419395830208e-10,3.809836757281205664e-03,-2.185924473659460118e-02,-5.721510403741774815e-09,2.566909004675605246e-02,1.406265318340021910e-08,4.609590406125958712e-09,-1.647745450623991619e-03,1.437112102450979235e-02,-1.925621804779988423e-07,-1.601857848249763072e-02,4.731990042234104610e-07
4.572114048774373884e+00,3.805063770766902720e-01,-1.134215291372830600e-02,-4.474680185637451846e-01,4.823903593794116507e-10,-1.134670462286509141e+00,-3.805063786363641620e-01,1.539152404488618195e-10,3.805086986417527146e-03,-2.181789165431523292e-02,-6.279871109076882080e-09,2.562298802868838085e-02,1.543475641276907529e-08,4.684190118496508919e-09,-1.655818848467872223e-03,1.439080381921813319e-02,-1.957814039110658098e-07,-1.604632985984729907e-02,4.811079215488980761e-07
4.574989592201275990e+00,3.805063770771523468e-01,-1.133121807775980434e-02,-4.475306973345770656e-01,4.635184956978210253e-10,-1.134596848651496126e+00,-3.805063785899809314e-01,1.674907721224233393e-10,3.800313997532698846e-03,-2.177648197517565581e-02,-6.847421166747883130e-09,2.557680620948446157e-02,1.682943583014068934e-08,4.757690183868790223e-09,-1.663894058283299157e-03,1.441048531877373202e-02,-1.989535803634668217e-07,-1.607408182438459579e-02,4.889012474468486985e-07
4.577865135628178983e+00,3.805063770776537790e-01,-1.132029700011651617e-02,-4.475932569487093837e-01,4.430015669543788712e-10,-1.134523367929047621e+00,-3.805063785395552678e-01,1.812760779310622677e-10,3.795517785475405192e-03,-2.173501570284841131e-02,-7.424025421402511532e-09,2.553054458746337879e-02,1.824635936745077921e-08,4.830092730157444914e-09,-1.671971038964094065e-03,1.443016555915781901e-02,-2.020788006276603954e-07,-1.610183437084877767e-02,4.965792049931093787e-07
4.580740679055080200e+00,3.805063770781950128e-01,-1.130938974758495183e-02,-4.476556972434110326e-01,4.208137314207453481e-10,-1.134450020348642507e+00,-3.805063784850235553e-01,1.952680050002480444e-10,3.790698345212637019e-03,-2.169349284090255417e-02,-8.009548980296010636e-09,2.548420316095940941e-02,1.968519560185819844e-08,4.901399910153813679e-09,-1.680049749334338368e-03,1.444984457640648146e-02,-2.051571565602332017e-07,-1.612958749396262853e-02,5.041420198780260200e-07
4.583616222481983193e+00,3.805063770787768807e-01,-1.129849638696591926e-02,-4.477180180559611200e-01,3.969295348772729599e-10,-1.134376806139764549e+00,-3.805063784263233440e-01,2.094634066816259906e-10,3.785855671829874147e-03,-2.165191339280334720e-02,-8.603857216349671112e-09,2.543778192832193627e-02,2.114561376325937238e-08,4.971613901485589043e-09,-1.688130148148393002e-03,1.446952240661072281e-02,-2.081887410801735469e-07,-1.615734118843252520e-02,5.115899204022005369e-07
4.586491765908884410e+00,3.805063770793998823e-01,-1.128761698507417185e-02,-4.477802192236486345e-01,3.713239098446763273e-10,-1.134303725531901508e+00,-3.805063783633930163e-01,2.238591426243791121e-10,3.780989760531312197e-03,-2.161027736191223000e-02,-9.206815771203343305e-09,2.539128088791562862e-02,2.262728374178828856e-08,5.040736906575946026e-09,-1.696212194090889521e-03,1.448919908591643491e-02,-2.111736481671225147e-07,-1.618509544894843055e-02,5.189231374721944923e-07
4.589367309335787404e+00,3.805063770800645173e-01,-1.127675160873812393e-02,-4.478423005837719462e-01,3.439721748070475829e-10,-1.134230778754546920e+00,-3.805063782961718433e-01,2.384520788464061628e-10,3.776100606640045605e-03,-2.156858475148663856e-02,-9.818290558260241919e-09,2.534470003812046637e-02,2.412987609529741888e-08,5.108771152601762079e-09,-1.704295845776723165e-03,1.450887465052444480e-02,-2.141119728595857467e-07,-1.621285027018391778e-02,5.261419045961361732e-07
4.592242852762688621e+00,3.805063770807713963e-01,-1.126590032479942403e-02,-4.479042619736388064e-01,3.148500334258267536e-10,-1.134157966037198539e+00,-3.805063782246002058e-01,2.532390878055451275e-10,3.771188205598278824e-03,-2.152683556467983178e-02,-1.043814776573354651e-08,2.529803937733176439e-02,2.565306205684288693e-08,5.175718891452314304e-09,-1.712381061751068901e-03,1.452854913669051132e-02,-2.170038112531661089e-07,-1.624060564679618776e-02,5.332464578793768997e-07
4.595118396189591614e+00,3.805063770815211299e-01,-1.125506320011266347e-02,-4.479661032305657375e-01,2.839335737453181500e-10,-1.134085287609358561e+00,-3.805063781486193730e-01,2.682170484705126699e-10,3.766252552967511939e-03,-2.148502980454065903e-02,-1.106625385968089372e-08,2.525129890396014126e-02,2.719651354214010821e-08,5.241582399686533236e-09,-1.720467800489374702e-03,1.454822258072532154e-02,-2.198492604987341001e-07,-1.626836157342606906e-02,5.402370360199977269e-07
4.597993939616492831e+00,3.805063770823141622e-01,-1.124424030154506406e-02,-4.480278241918778104e-01,2.511992673894957169e-10,-1.134012743700533399e+00,-3.805063780681715579e-01,2.833828463917238478e-10,3.761293644428763145e-03,-2.144316747401361564e-02,-1.170247558703384520e-08,2.520447861643181769e-02,2.875990315700710207e-08,5.306363978489917492e-09,-1.728556020397344420e-03,1.456789501899452555e-02,-2.226484188005846818e-07,-1.629611804469803873e-02,5.471138803042789835e-07
4.600869483043395824e+00,3.805063770831510483e-01,-1.123343169597604795e-02,-4.480894246949085891e-01,2.166239687497091903e-10,-1.133940334540235240e+00,-3.805063779831998616e-01,2.987333737721800431e-10,3.756311475782752630e-03,-2.140124857593846130e-02,-1.234667997863005544e-08,2.515757851318837016e-02,3.034290420481421932e-08,5.370065953631852075e-09,-1.736645679810975076e-03,1.458756648791877455e-02,-2.254013854146098045e-07,-1.632387505522027091e-02,5.538772346022115261e-07
4.603745026470297041e+00,3.805063770840323989e-01,-1.122263745029696176e-02,-4.481509045769996313e-01,1.801849141641618748e-10,-1.133868060357978935e+00,-3.805063778936484398e-01,3.142655295379966047e-10,3.751306042950099898e-03,-2.135927311305012288e-02,-1.299873435223025594e-08,2.511059859268690783e-02,3.194519069389666316e-08,5.432690675421266533e-09,-1.744736736996520222e-03,1.460723702397363072e-02,-2.281082606464016896e-07,-1.635163259958457432e-02,5.605273453628365764e-07
4.606620569897200035e+00,3.805063770849586580e-01,-1.121185763141070019e-02,-4.482122636755001555e-01,1.418597210884168210e-10,-1.133795921383285110e+00,-3.805063777994621144e-01,3.299762194089497220e-10,3.746277341971542343e-03,-2.131724108797862158e-02,-1.365850631553589769e-08,2.506353885340015242e-02,3.356643734496880020e-08,5.494240518662584279e-09,-1.752829150150518123e-03,1.462690666368972152e-02,-2.307691458493671747e-07,-1.637939067236650684e-02,5.670644616096122387e-07
4.609496113324101252e+00,3.805063770859302696e-01,-1.120109230623138677e-02,-4.482735018277668182e-01,1.016263872574372220e-10,-1.133723917845678386e+00,-3.805063777005870951e-01,3.458623559688042514e-10,3.741225369008124770e-03,-2.127515250324885782e-02,-1.432586376919750125e-08,2.501639929381646935e-02,3.520631959851537660e-08,5.554717882610707425e-09,-1.760922877399768126e-03,1.464657544365264435e-02,-2.333841434228012964e-07,-1.640714926812530602e-02,5.734888349356809152e-07
4.612371656751004245e+00,3.805063770869477890e-01,-1.119034154168398187e-02,-4.483346188711633817e-01,5.946328983869532796e-11,-1.133652049974687159e+00,-3.805063775969700357e-01,3.619208587356308926e-10,3.736150120341386743e-03,-2.123300736128035451e-02,-1.500067490982251208e-08,2.496917991243978452e-02,3.686451362218172496e-08,5.614125190926038835e-09,-1.769017876801354944e-03,1.466624340050301685e-02,-2.359533568099630429e-07,-1.643490838140395857e-02,5.798007194991414856e-07
4.615247200177905462e+00,3.805063770880118268e-01,-1.117960540470399645e-02,-4.483956146430603251e-01,1.534918457704677689e-11,-1.133580317999844933e+00,-3.805063774885587558e-01,3.781486542318316284e-10,3.731051592373595474e-03,-2.119080566438730565e-02,-1.568280823297075477e-08,2.492188070778986880e-02,3.854069631813328294e-08,5.672464891628387486e-09,-1.777114106342624804e-03,1.468591057093648553e-02,-2.384768904961020587e-07,-1.646266800672917946e-02,5.860003720182002557e-07
4.618122743604808456e+00,3.805063770891227715e-01,-1.116888396223709654e-02,-4.484564889808347887e-01,-3.073679506939769397e-11,-1.133508722150689874e+00,-3.805063773753021850e-01,3.945426760541856379e-10,3.725929781627918859e-03,-2.114854741477826400e-02,-1.637213253615060205e-08,2.487450167840220272e-02,4.023454533041714994e-08,5.729739457050965644e-09,-1.785211523941206049e-03,1.470557699170376917e-02,-2.409548500064902985e-07,-1.649042813861148482e-02,5.920880517663360926e-07
4.620998287031709673e+00,3.805063770902810671e-01,-1.115817728123878576e-02,-4.485172417218699081e-01,-7.881513880173148679e-11,-1.133437262656762146e+00,-3.805063772571498082e-01,4.110998649436587385e-10,3.720784684748629310e-03,-2.110623261455601279e-02,-1.706851692180516787e-08,2.482704282282804584e-02,4.194573905229887478e-08,5.785951383793454639e-09,-1.793310087444993303e-03,1.472524269961060159e-02,-2.433873419044137123e-07,-1.651818877154511214e-02,5.980640205673659292e-07
4.623873830458612666e+00,3.805063770914872134e-01,-1.114748542867400466e-02,-4.485778727035550362e-01,-1.289059603615795850e-10,-1.133365939747608353e+00,-3.805063771340522760e-01,4.278171688551795866e-10,3.715616298501318426e-03,-2.106386126571740264e-02,-1.777183080029702162e-08,2.477950413963452350e-02,4.367395663359576249e-08,5.841103192675112819e-09,-1.801409754632168079e-03,1.474490773151783049e-02,-2.457744737891648040e-07,-1.654594990000815211e-02,6.039285427905116436e-07
4.626749373885514771e+00,3.805063770927416544e-01,-1.113680847151685832e-02,-4.486383817632846882e-01,-1.810289725191572110e-10,-1.133294753652778208e+00,-3.805063770059611272e-01,4.446846820636718764e-10,3.710424619958545365e-03,-2.102143336996295173e-02,-1.848165568000061981e-08,2.473188562696879839e-02,4.541816976864989580e-08,5.844305825425894170e-09,-1.809509107588876987e-03,1.476457353628246073e-02,-2.459785181671405716e-07,-1.657371475214225801e-02,6.044286264707282492e-07
4.629624917312416876e+00,3.805063770940438350e-01,-1.112614647672386173e-02,-4.486987687384319523e-01,-2.351626062635764597e-10,-1.133223704601887594e+00,-3.805063768729294305e-01,4.607897063082599099e-10,3.705209670717640822e-03,-2.097894890383944499e-02,-1.915964889082603737e-08,2.468418722562942813e-02,4.708415988114587010e-08,5.357946293655652243e-09,-1.817596275013509460e-03,1.478425229212108373e-02,-2.256163880942423727e-07,-1.660151112871983275e-02,5.543919062009253293e-07
4.632500460739318981e+00,3.805063770953903135e-01,-1.111549951118086070e-02,-4.487590334662935887e-01,-2.911619566313830041e-10,-1.133152792824741795e+00,-3.805063767353132342e-01,4.755037193071678796e-10,3.699971464816670646e-03,-2.093640785167140417e-02,-1.977940532982523093e-08,2.463640889448738547e-02,4.860704232244341346e-08,4.876826898637796326e-09,-1.825684589128000017e-03,1.480393030829215209e-02,-2.054735620612518146e-07,-1.662930758433214459e-02,5.048940925571597281e-07
4.635376004166221087e+00,3.805063770967772041e-01,-1.110486764176805280e-02,-4.488191757841570873e-01,-3.488604673167504262e-10,-1.133082018551183623e+00,-3.805063765935218223e-01,4.888417737134141181e-10,3.694709999019879856e-03,-2.089381021553186890e-02,-2.034155496303727041e-08,2.458855063332208643e-02,4.998836513913718340e-08,4.400936779246617992e-09,-1.833774007067303594e-03,1.482360762225087142e-02,-1.855495855975595036e-07,-1.665710411424902240e-02,4.559340687449386037e-07
4.638251547593123192e+00,3.805063770982004545e-01,-1.109425093537480360e-02,-4.488791955293153779e-01,-4.080933916226717179e-10,-1.133011382011054780e+00,-3.805063764479600374e-01,5.008188907803312235e-10,3.689425270214901752e-03,-2.085115599738624620e-02,-2.084672644261847941e-08,2.454061244192679361e-02,5.122967314914879179e-08,3.930264957549821750e-09,-1.841864485892828491e-03,1.484328427151149037e-02,-1.658439993441950763e-07,-1.668490071373315148e-02,4.075107059573567558e-07
4.641127091020025297e+00,3.805063770996561234e-01,-1.108364945889922515e-02,-4.489390925390673859e-01,-4.686977886629361830e-10,-1.132940883434199186e+00,-3.805063762990282261e-01,5.114500600261133530e-10,3.684117275412924011e-03,-2.080844519909181775e-02,-2.129554709280372104e-08,2.449259432010817902e-02,5.233250790722871463e-08,3.464800339058400181e-09,-1.849955982592476483e-03,1.486296029364730237e-02,-1.463563390642842446e-07,-1.671269737804002148e-02,3.596228634007935406e-07
4.644002634446927402e+00,3.805063771011405471e-01,-1.107306327924785158e-02,-4.489988666507168102e-01,-5.305125195233738969e-10,-1.132870523050459433e+00,-3.805063761471224604e-01,5.207502388989959486e-10,3.678786011748943260e-03,-2.076567782239786136e-02,-2.168864289589414362e-08,2.444449626768674041e-02,5.329840767052344316e-08,3.004531712982545005e-09,-1.858048454080625262e-03,1.488263572629065952e-02,-1.270861356537592100e-07,-1.674049410241795766e-02,3.122693883212320371e-07
4.646878177873829507e+00,3.805063771026497843e-01,-1.106249246333526615e-02,-4.490585177015724572e-01,-5.933782433829884727e-10,-1.132800301089680772e+00,-3.805063759926342049e-01,5.287343524431977090e-10,3.673431476481948520e-03,-2.072285386894530748e-02,-2.202663847827684568e-08,2.439631828449656190e-02,5.412890736422076725e-08,2.549447752488762118e-09,-1.866141857198158355e-03,1.490231060713300554e-02,-1.080329151521192638e-07,-1.676829088210812432e-02,2.654491160307016165e-07
4.649753721300731613e+00,3.805063771041800602e-01,-1.105193707808378722e-02,-4.491180455289475737e-01,-6.571374135947219139e-10,-1.132730217781707571e+00,-3.805063758359507053e-01,5.354172929655831398e-10,3.668053666995135451e-03,-2.067997334026661430e-02,-2.231015709647469656e-08,2.434806037038544924e-02,5.482553854726932628e-08,2.099537014961072890e-09,-1.874236148712451686e-03,1.492198497392481157e-02,-8.919619875336195957e-08,-1.679608771234446934e-02,2.191608699341401090e-07
4.652629264727633718e+00,3.805063771057277666e-01,-1.104139719042303812e-02,-4.491774499701598478e-01,-7.216342737267283659e-10,-1.132660273356384195e+00,-3.805063756774546557e-01,5.408139197031494923e-10,3.662652580796126218e-03,-2.063703623778557344e-02,-2.253982062323065387e-08,2.429972252521486742e-02,5.538982937818298914e-08,1.654787942260686015e-09,-1.882331285317409130e-03,1.494165886447565948e-02,-7.057550281685141919e-08,-1.682388458835379699e-02,1.734034615560999327e-07
4.655504808154535823e+00,3.805063771072891843e-01,-1.103087286728965388e-02,-4.492367308625306865e-01,-7.867148535628218507e-10,-1.132590468043556786e+00,-3.805063755175244200e-01,5.449390584911672783e-10,3.657228215517188945e-03,-2.059404256281728227e-02,-2.271624953361940754e-08,2.425130474886014881e-02,5.582330458091226884e-08,1.215188860994095638e-09,-1.890427223633440838e-03,1.496133231665420713e-02,-5.217033887853783994e-08,-1.685168150535571591e-02,1.281756905683192006e-07
4.658380351581437928e+00,3.805063771088605384e-01,-1.102036417562689621e-02,-4.492958880433852165e-01,-8.522269650638340315e-10,-1.132520802073070598e+00,-3.805063753565339213e-01,5.478075014321727812e-10,3.651780568915412480e-03,-2.055099231656770317e-02,-2.284006289119472846e-08,2.420280704121022253e-02,5.612748541080339849e-08,7.807279827781664776e-10,-1.898523920207500961e-03,1.498100536838819184e-02,-3.398021366205195864e-08,-1.687947845856265991e-02,8.347634481698472111e-08
4.661255895008340033e+00,3.805063771104384429e-01,-1.100987118238430651e-02,-4.493549213500517836e-01,-9.180201982885619288e-10,-1.132451275674772218e+00,-3.805063751948528084e-01,5.494340065656852805e-10,3.646309638872964436e-03,-2.050788550013378508e-02,-2.291187833416712157e-08,2.415422940216791631e-02,5.630388962063222408e-08,3.513934045119944405e-10,-1.906621331513072472e-03,1.500067805766445300e-02,-1.600462909008273901e-08,-1.690727544317985678e-02,3.930420035069063553e-08
4.664131438435242138e+00,3.805063771120192340e-01,-1.099939395451730167e-02,-4.494138306198619537e-01,-9.839459172757409550e-10,-1.132381889078507342e+00,-3.805063750328464001e-01,5.498332975387359471e-10,3.640815423397273775e-03,-2.046472211450307832e-02,-2.293231206161545299e-08,2.410557183164980383e-02,5.635403142672117268e-08,-7.282689135351046330e-11,-1.914719413950199478e-03,1.502035042252894415e-02,1.756917704340331507e-09,-1.693507245440538725e-02,-4.341978551837438510e-09
4.667006981862144244e+00,3.805063771135993589e-01,-1.098893255898688963e-02,-4.494726156901497904e-01,-1.049857255885370500e-09,-1.132312642514123224e+00,-3.805063748708754634e-01,5.490200632771446141e-10,3.635297920621242008e-03,-2.042150216055366868e-02,-2.290197881972988424e-08,2.405683432958626022e-02,5.627942147513333374e-08,-4.919450365367357815e-10,-1.922818123845472689e-03,1.504002250108669482e-02,1.930493436617537914e-08,-1.696286948743009476e-02,-4.746343935305928431e-08
4.669882525289046349e+00,3.805063771151755425e-01,-1.097848706275924950e-02,-4.495312763982516335e-01,-1.115609113601608083e-09,-1.132243536211466228e+00,-3.805063747092966575e-01,5.470089576576340668e-10,3.629757128803469575e-03,-2.037822563905400397e-02,-2.282149188808980287e-08,2.400801689592155577e-02,5.608156680795267296e-08,-9.059732766508969254e-10,-1.930917417452057390e-03,1.505969433150188518e-02,3.663993330688145062e-08,-1.699066653743768265e-02,-9.006144122839475786e-08
4.672758068715948454e+00,3.805063771167441766e-01,-1.096805753280537081e-02,-4.495898125815061541e-01,-1.181058151295680701e-09,-1.132174570400382940e+00,-3.805063745484622006e-01,5.438145991807116469e-10,3.624193046328456642e-03,-2.033489255066268583e-02,-2.269146306597395682e-08,2.395911953061378996e-02,5.576197082964313949e-08,-1.314923970923351886e-09,-1.939017250949694963e-03,1.507936595199780606e-02,5.376243169267118860e-08,-1.701846359960464822e-02,-1.321372550373554359e-07
4.675633612142850559e+00,3.805063771183019306e-01,-1.095764403610072213e-02,-4.496482240772536332e-01,-1.246062786949413691e-09,-1.132105745310720613e+00,-3.805063743887199812e-01,5.394515706443783474e-10,3.618605671706809530e-03,-2.029150289592827894e-02,-2.251250265870518816e-08,2.391014223363489843e-02,5.532213327349287333e-08,-1.718809591911987264e-09,-1.947117580444715675e-03,1.509903740085685384e-02,7.067295143264155415e-08,-1.704626066910027923e-02,-1.736921632943782012e-07
4.678509155569752664e+00,3.805063771198455291e-01,-1.094724663962488333e-02,-4.497065107228356839e-01,-1.310483191339769912e-09,-1.132037061172326053e+00,-3.805063742304136132e-01,5.339344188186557821e-10,3.612995003575470571e-03,-2.024805667528928321e-02,-2.228521946402933591e-08,2.386108500497082299e-02,5.476355016814248746e-08,-2.117642725220501722e-09,-1.955218361970036296e-03,1.511870871642059452e-02,8.737201916685802536e-08,-1.707405774108668520e-02,-2.147274601395437964e-07
4.681384698996654770e+00,3.805063771213715307e-01,-1.093686541036116219e-02,-4.497646723555950299e-01,-1.374181283684296383e-09,-1.131968518215046515e+00,-3.805063740738824363e-01,5.272776541209204835e-10,3.607361040697902848e-03,-2.020455388907375915e-02,-2.201022075852797398e-08,2.381194784462132077e-02,5.408771380419639884e-08,-2.511436069211293039e-09,-1.963319551485189808e-03,1.513837993708971354e-02,1.038601662543382637e-07,-1.710185481071877650e-02,-2.552444513090485476e-07
4.684260242423556875e+00,3.805063771228768266e-01,-1.092650041529622321e-02,-4.498227088128753381e-01,-1.437020727247425416e-09,-1.131900116668729028e+00,-3.805063739194614603e-01,5.194957502920795471e-10,3.601703781964327861e-03,-2.016099453749931394e-02,-2.168811228406642661e-08,2.376273075260015855e-02,5.329611270092078845e-08,-2.900202434715022801e-09,-1.971421104876320413e-03,1.515805110132405036e-02,1.201379287608976544e-07,-1.712965187314427137e-02,-2.952444541053363811e-07
4.687135785850458980e+00,3.805063771243581416e-01,-1.091615172141976661e-02,-4.498806199320206645e-01,-1.498866924907793833e-09,-1.131831856763220401e+00,-3.805063737674813651e-01,5.106031440735920671e-10,3.596023226391908967e-03,-2.011737862067281349e-02,-2.131949823427703168e-08,2.371343372893499821e-02,5.239023157302840201e-08,-3.283954744737219981e-09,-1.979522977956198714e-03,1.517772224764259159e-02,1.362058474468697243e-07,-1.715744892350367506e-02,-3.347287973669244660e-07
4.690011329277361085e+00,3.805063771258122562e-01,-1.090581939572412770e-02,-4.499384055503750646e-01,-1.559587014686876598e-09,-1.131763738728367663e+00,-3.805063736182687784e-01,5.006142348853323323e-10,3.590319373124992511e-03,-2.007370613859038241e-02,-2.090498124107777090e-08,2.366405677366758761e-02,5.137155129754992008e-08,-3.662706034163168132e-09,-1.987625126464225185e-03,1.519739341462349701e-02,1.520644677547558587e-07,-1.718524595693030760e-02,-3.736988214380522762e-07
4.692886872704263190e+00,3.805063771272361728e-01,-1.089550350520391078e-02,-4.499960655052826497e-01,-1.619049865238984293e-09,-1.131695762794017401e+00,-3.805063734721458868e-01,4.895433845042805133e-10,3.584592221435299944e-03,-2.002997709113705019e-02,-2.044516236122543986e-08,2.361459988685361486e-02,5.024154888079057419e-08,-4.036469449460723374e-09,-1.995727506066455326e-03,1.521706464090410299e-02,1.677143397967876156e-07,-1.721304296855030030e-02,-4.121558781381205630e-07
4.695762416131165295e+00,3.805063771286267271e-01,-1.088520411685564050e-02,-4.500535996340869205e-01,-1.677126071302381033e-09,-1.131627929190015980e+00,-3.805063733294305472e-01,4.774049167441164229e-10,3.578841770722134691e-03,-1.998619147808666091e-02,-1.994064106290668960e-08,2.356506306856277766e-02,4.900169742537950639e-08,-4.405258248378886479e-09,-2.003830072355589249e-03,1.523673596518088612e-02,1.831560183423111221e-07,-1.724083995348252643e-02,-4.501013307306881487e-07
4.698637959558067401e+00,3.805063771299808106e-01,-1.087492129767737327e-02,-4.501110077741306559e-01,-1.733687949112163479e-09,-1.131560238146209985e+00,-3.805063731904366753e-01,4.642131171356410785e-10,3.573068020512606795e-03,-1.994234929910172066e-02,-1.939201521236363775e-08,2.351544631887884582e-02,4.765346609740432838e-08,-4.769085799645505570e-09,-2.011932780851000743e-03,1.525640742620955163e-02,1.983900628051368497e-07,-1.726863690683871910e-02,-4.875365538923870351e-07
4.701513502984969506e+00,3.805063771312954257e-01,-1.086465511466836072e-02,-4.501682897627553026e-01,-1.788609531774444135e-09,-1.131492689892445336e+00,-3.805063730554738011e-01,4.499822326081281702e-10,3.567270970461842387e-03,-1.989845055373323096e-02,-1.879988106055843334e-08,2.346574963789969936e-02,4.619832009364119028e-08,-5.127965582660557559e-09,-2.020035586998730759e-03,1.527607906280496405e-02,2.134170372307014799e-07,-1.729643382372336377e-02,-5.244629336813747146e-07
4.704389046411871611e+00,3.805063771325676858e-01,-1.085440563482864031e-02,-4.502254454373010861e-01,-1.841766564602663835e-09,-1.131425284658567953e+00,-3.805063729248472360e-01,4.347264711714632118e-10,3.561450620353175372e-03,-1.985449524142040775e-02,-1.816483322987079288e-08,2.341597302573720368e-02,4.463772060886613806e-08,-5.481911187189547030e-09,-2.028138446171517343e-03,1.529575091384119227e-02,2.282375102832381342e-07,-1.732423069923374331e-02,-5.608818675058055921e-07
4.707264589838773716e+00,3.805063771337946488e-01,-1.084417292515870920e-02,-4.502824746351062335e-01,-1.893036500415182661e-09,-1.131358022674423314e+00,-3.805063727988580724e-01,4.184600015993011061e-10,3.555606970098385954e-03,-1.981048336149069874e-02,-1.748746470083818270e-08,2.336611648251741766e-02,4.297312480327084798e-08,-5.830936313050967626e-09,-2.036241313668781753e-03,1.531542301825150783e-02,2.428520552326941623e-07,-1.735202752845993110e-02,-5.967947640916856079e-07
4.710140133265676710e+00,3.805063771349733170e-01,-1.083395705265910620e-02,-4.503393771935072509e-01,-1.942298494795353262e-09,-1.131290904169856004e+00,-3.805063726778034061e-01,4.011969531129697238e-10,3.549740019737897961e-03,-1.976641491315946769e-02,-1.676836679892710981e-08,2.331618000838051735e-02,4.120598576995534163e-08,-6.175054769804885095e-09,-2.044344144716664889e-03,1.533509541502841265e-02,2.572612499416997779e-07,-1.737982430648481180e-02,-6.322030434508480931e-07
4.713015676692577927e+00,3.805063771361010261e-01,-1.082375808433009255e-02,-4.503961529498377026e-01,-1.989433401313043419e-09,-1.131223929374710835e+00,-3.805063725619758364e-01,3.829514150664419926e-10,3.543849769440976603e-03,-1.972228989552982786e-02,-1.600812918134930227e-08,2.326616360348075438e-02,3.933775250253053090e-08,-6.514280476434941760e-09,-2.052446894468016453e-03,1.535476814322359052e-02,2.714656768522587365e-07,-1.740762102838399814e-02,-6.671081368482473914e-07
4.715891220119480920e+00,3.805063771371747783e-01,-1.081357608717125468e-02,-4.504528017414289320e-01,-2.034323766708716279e-09,-1.131157098518832171e+00,-3.805063724516640766e-01,3.637374366321067335e-10,3.537936219505966561e-03,-1.967810830759257959e-02,-1.520733982391115867e-08,2.321606726798666059e-02,3.736986986280284558e-08,-6.848627461030797751e-09,-2.060549518002414461e-03,1.537444124194798159e-02,2.854659229724579911e-07,-1.743541768922593840e-02,-7.015114867693029872e-07
4.718766763546382137e+00,3.805063771381919646e-01,-1.080341112818113472e-02,-4.505093234056086748e-01,-2.076853826039634816e-09,-1.131090411832063491e+00,-3.805063723471525661e-01,3.435690264874789148e-10,3.531999370360486713e-03,-1.963387014822598128e-02,-1.436658500790263436e-08,2.316589100208093360e-02,3.530377854855546908e-08,-7.178109860467101382e-09,-2.068651970326177824e-03,1.539411475037175819e-02,2.992625798630327437e-07,-1.746321428407185058e-02,-7.354145468868811015e-07
4.721642306973285130e+00,3.805063771391497540e-01,-1.079326327435682978e-02,-4.505657177797019464e-01,-2.116909497788496370e-09,-1.131023869544247829e+00,-3.805063722487216915e-01,3.224601525027923013e-10,3.526039222561629192e-03,-1.958957541619545106e-02,-1.348644930702297193e-08,2.311563480596036044e-02,3.314091506142059716e-08,-7.502741920080557007e-09,-2.076754206372381090e-03,1.541378870772431783e-02,3.128562436238510290e-07,-1.749101080797572580e-02,-7.688187820280852836e-07
4.724517850400186347e+00,3.805063771400455375e-01,-1.078313259269369877e-02,-4.506219847010294322e-01,-2.154378378934076843e-09,-1.130957471885227550e+00,-3.805063721566476764e-01,3.004247414297721804e-10,3.520055776796206150e-03,-1.954522411015370900e-02,-1.256751557435587226e-08,2.306529867983617491e-02,3.088271167487246495e-08,-7.822537993340517719e-09,-2.084856181000843169e-03,1.543346315329432138e-02,3.262475148801276707e-07,-1.751880725598431443e-02,-8.017256681403798575e-07
4.727393393827089341e+00,3.805063771408767059e-01,-1.077301915018490097e-02,-4.506781240069081540e-01,-2.189149739985267617e-09,-1.130891219084844801e+00,-3.805063720712025810e-01,2.774766785909317965e-10,3.514049033880913692e-03,-1.950081622864021161e-02,-1.161036492936652136e-08,2.301488262393366555e-02,2.853059640227485875e-08,-8.137512541523704014e-09,-2.092957848998172870e-03,1.545313812642967743e-02,3.394369987688109799e-07,-1.754660362313719205e-02,-8.341366922581332852e-07
4.730268937253990558e+00,3.805063771416404839e-01,-1.076292301382108033e-02,-4.507341355346505263e-01,-2.221114519977059251e-09,-1.130825111372940839e+00,-3.805063719926543575e-01,2.536298075702091285e-10,3.508018994762584705e-03,-1.945635177008134611e-02,-1.061557674495482078e-08,2.296438663849252604e-02,2.608599296506619127e-08,-8.447680133380160137e-09,-2.101059165077748085e-03,1.547281366653756665e-02,3.524253049246023702e-07,-1.757439990446665184e-02,-8.660533524682690748e-07
4.733144480680893551e+00,3.805063771423344843e-01,-1.075284425058995602e-02,-4.507900191215644670e-01,-2.250165321429785549e-09,-1.130759148979356254e+00,-3.805063719212670170e-01,2.288979299043085542e-10,3.501965660518365376e-03,-1.941183073278996557e-02,-9.583728634538019391e-09,2.291381072376663317e-02,2.355032076101704780e-08,-8.753055444800252674e-09,-2.109160083879751783e-03,1.549248981308443476e-02,3.652130474660204424e-07,-1.760219609499780180e-02,-8.974771578760153679e-07
4.736020024107794768e+00,3.805063771429560426e-01,-1.074278292747595821e-02,-4.508457746049528980e-01,-2.276196405271076671e-09,-1.130693332133930085e+00,-3.805063718573003517e-01,2.032948047751344189e-10,3.495889032355954142e-03,-1.936725311496543742e-02,-8.515396439179061750e-09,2.286315488002427926e-02,2.092499483259999735e-08,-9.053653258477476995e-09,-2.117260559971162470e-03,1.551216660559600474e-02,3.778008449812881980e-07,-1.762999218974848487e-02,-9.284096285702281524e-07
4.738895567534697761e+00,3.805063771435028275e-01,-1.073273911145988455e-02,-4.509014018221131348e-01,-2.299103685720872836e-09,-1.130627661066501810e+00,-3.805063718010101570e-01,1.768341487032134470e-10,3.489789111613796416e-03,-1.932261891469337634e-02,-7.411154214756331878e-09,2.281241910754807159e-02,1.821142583546126280e-08,-9.349488463568234555e-09,-2.125360547845782377e-03,1.553184408365731323e-02,3.901893205140949446e-07,-1.765778818372936224e-02,-9.588522955884019191e-07
4.741771110961598978e+00,3.805063771439722298e-01,-1.072271286951847688e-02,-4.509569006103371636e-01,-2.318784725139736021e-09,-1.130562136006909579e+00,-3.805063717526481204e-01,1.495296352419717088e-10,3.483665899761294489e-03,-1.927792812994547078e-02,-6.271574219169170969e-09,2.276160340663495318e-02,1.541102000698021447e-08,-9.640576055350753242e-09,-2.133460001924232692e-03,1.555152228691264633e-02,4.023791015493215675e-07,-1.768558407194378845e-02,-9.888067008815920156e-07
4.744646654388501972e+00,3.805063771443619736e-01,-1.071270426862405527e-02,-4.510122708069108088e-01,-2.335138728840326894e-09,-1.130496757184990653e+00,-3.805063717124619882e-01,1.213948946730517661e-10,3.477519398399017865e-03,-1.923318075857928869e-02,-5.097226899587009017e-09,2.271070777759622364e-02,1.252517913493576357e-08,-9.926931134880513714e-09,-2.141558876553985649e-03,1.557120125506564028e-02,4.143708199986195289e-07,-1.771337984938796406e-02,-1.018274397278976906e-06
4.747522197815403189e+00,3.805063771446696164e-01,-1.070271337574416927e-02,-4.510675122491134559e-01,-2.348066539862229380e-09,-1.130431524830581180e+00,-3.805063716806952878e-01,9.244351370276147975e-11,3.471349609258933978e-03,-1.918837679833824972e-02,-3.888680879745563843e-09,2.265973222075768484e-02,9.555300526289110154e-09,-1.020856890864165233e-08,-2.149657126009353256e-03,1.559088102787921891e-02,4.261651121858224725e-07,-1.774117551105077947e-02,-1.047256948452008771e-06
4.750397741242306182e+00,3.805063771448928267e-01,-1.069274025784117815e-02,-4.511226247742180506e-01,-2.357470633710438829e-09,-1.130366439173516868e+00,-3.805063716575878274e-01,6.268903515926393097e-11,3.465156534204574725e-03,-1.914351624685118464e-02,-2.646502947274496565e-09,2.260867673645937381e-02,6.502776976042918440e-09,-1.048550468819837068e-08,-2.157754704491522853e-03,1.561056164517562843e-02,4.377626188323557104e-07,-1.776897105191392601e-02,-1.075755928878562840e-06
4.753273284669207399e+00,3.805063771450293286e-01,-1.068278498187191262e-02,-4.511776082194903226e-01,-2.363255113057343811e-09,-1.130301500443631646e+00,-3.805063716433751408e-01,3.214495769107364265e-11,3.458940175231300148e-03,-1.909859910163249838e-02,-1.371258041079306539e-09,2.255754132505598947e-02,3.368996736234631876e-09,-1.075775388984094201e-08,-2.165851566128542370e-03,1.563024314683644084e-02,4.491639850424225695e-07,-1.779676646695184730e-02,-1.103772923806530431e-06
4.756148828096110392e+00,3.805063771450769572e-01,-1.067284761478724808e-02,-4.512324624221891178e-01,-2.365325702408575423e-09,-1.130236708870758999e+00,-3.805063716382889316e-01,8.247354662497712589e-13,3.452700534466465829e-03,-1.905362536008169821e-02,-6.350923875273543841e-11,2.250632598691650402e-02,1.553434850015253393e-10,-1.102533203423190457e-08,-2.173947664975362393e-03,1.564992557280258864e-02,4.603698602881969855e-07,-1.782456175113174626e-02,-1.131309529217434015e-06
4.759024371523012498e+00,3.805063771450333809e-01,-1.066292822353178370e-02,-4.512871872195650669e-01,-2.363589742732660826e-09,-1.130172064684731303e+00,-3.805063716425569065e-01,-3.125822212702473547e-11,3.446437614169654048e-03,-1.900859501948342148e-02,1.276182255956063672e-09,2.245503072242447523e-02,-3.136803704211656785e-09,-1.128825474604631908e-08,-2.182042955013815781e-03,1.566960896307429893e-02,4.713808983947668566e-07,-1.785235689941353995e-02,-1.158367351789429454e-06
4.761899914949914603e+00,3.805063771448964904e-01,-1.065302687504342607e-02,-4.513417824488612506e-01,-2.357956186054750259e-09,-1.130107568115379602e+00,-3.805063716564028864e-01,-6.409055077912801316e-11,3.440151416732878907e-03,-1.896350807700720661e-02,2.647257125641407149e-09,2.240365553197795276e-02,-6.506070393369479624e-09,-1.154653775361222642e-08,-2.190137390152655395e-03,1.568929335771121827e-02,4.821977575250886740e-07,-1.788015190674996022e-02,-1.184948008860331953e-06
4.764775458376816708e+00,3.805063771446641208e-01,-1.064314363625297986e-02,-4.513962479473122569e-01,-2.348335590014403468e-09,-1.130043219392534048e+00,-3.805063716800465290e-01,-9.765893155662827646e-11,3.433841944680803178e-03,-1.891836452970727459e-02,4.049157951696831441e-09,2.235220041598949894e-02,-9.951086810453688992e-09,-1.180019688854815890e-08,-2.198230924227558437e-03,1.570897879683229650e-02,4.928211001648145674e-07,-1.790794676808644958e-02,-1.211053128390330305e-06
4.767651001803718813e+00,3.805063771443341625e-01,-1.063327857408384418e-02,-4.514505835521440691e-01,-2.334640112387725069e-09,-1.129979018746023245e+00,-3.805063717137038282e-01,-1.319500911985088728e-10,3.427509200670929117e-03,-1.887316437452240397e-02,5.481329226712145471e-09,2.230066537488618883e-02,-1.347048787992750377e-08,-1.204924808539471237e-08,-2.206323511001132085e-03,1.572866532061589079e-02,5.032515931068753001e-07,-1.793574147836119251e-02,-1.236684348924105458e-06
4.770526545230620918e+00,3.805063771439045617e-01,-1.062343175545154943e-02,-4.515047891005737335e-01,-2.316783505573749985e-09,-1.129914966405674459e+00,-3.805063717575865034e-01,-1.669508024119198023e-10,3.421153187493836123e-03,-1.882790760827577140e-02,6.943217366850482527e-09,2.224905040910973159e-02,-1.706291325314991532e-08,-1.229370738124892076e-08,-2.214415104162933447e-03,1.574835296929970666e-02,5.134899074361767122e-07,-1.796353603250515005e-02,-1.261843319553220985e-06
4.773402088657523024e+00,3.805063771433733755e-01,-1.061360324726343812e-02,-4.515588644298089149e-01,-2.294681111045545089e-09,-1.129851062601314293e+00,-3.805063718119027216e-01,-2.026478841662181048e-10,3.414773908073362452e-03,-1.878259422767475373e-02,8.434270724153969902e-09,2.219735551911635255e-02,-2.072700733861542301e-08,-1.253359091538993706e-08,-2.222505657329477795e-03,1.576804178318087432e-02,5.235367185139351704e-07,-1.799133042544199743e-02,-1.286531699877630943e-06
4.776277632084425129e+00,3.805063771427384389e-01,-1.060379311641822427e-02,-4.516128093770478413e-01,-2.268249853765656455e-09,-1.129787307562767351e+00,-3.805063718768567083e-01,-2.390282019865996062e-10,3.408371365466842436e-03,-1.873722422931076506e-02,9.953939598832136713e-09,2.214558070537693199e-02,-2.446141933215061728e-08,-1.276891492890801132e-08,-2.230595124044257218e-03,1.578773180261588971e-02,5.333927059621497598e-07,-1.801912465208816219e-02,-1.310751159967522514e-06
4.779153175511327234e+00,3.805063771419980312e-01,-1.059400142980566201e-02,-4.516666237794785821e-01,-2.237408236566675248e-09,-1.129723701519857126e+00,-3.805063719526486365e-01,-2.760786682460129991e-10,3.401945562865287768e-03,-1.869179760965905893e-02,1.150167625147843767e-08,2.209372596837693228e-02,-2.826480324693463703e-08,-1.299969576432516884e-08,-2.238683457777745824e-03,1.580742306802066649e-02,5.430585536477269805e-07,-1.804691870735281381e-02,-1.334503380324305275e-06
4.782028718938229339e+00,3.805063771411500984e-01,-1.058422825430612065e-02,-4.517203074742789926e-01,-2.202076334496364280e-09,-1.129660244702406002e+00,-3.805063720394749049e-01,-3.137862424565215471e-10,3.395496503593627754e-03,-1.864631436507863116e-02,1.307693491526378782e-08,2.204179130861651237e-02,-3.213581794346302462e-08,-1.322594986521788675e-08,-2.246770611927414486e-03,1.582711561987051527e-02,5.525349496666885596e-07,-1.807471258613784285e-02,-1.357790051841803323e-06
4.784904262365131444e+00,3.805063771401927530e-01,-1.057447365679024809e-02,-4.517738602986160479e-01,-2.162175789128205127e-09,-1.129596937340234364e+00,-3.805063721375280261e-01,-3.521379315590779985e-10,3.389024191110903608e-03,-1.860077449181205336e-02,1.467917180806359033e-08,2.198977672661055552e-02,-3.607312715934774789e-08,-1.344769377583300425e-08,-2.254856539817742117e-03,1.584680949870021643e-02,5.618225863280983657e-07,-1.810250628333790260e-02,-1.380612875766758972e-06
4.787779805792033549e+00,3.805063771391243299e-01,-1.056473770411850248e-02,-4.518272820896462316e-01,-2.117629802836511296e-09,-1.129533779663161930e+00,-3.805063722469968490e-01,-3.911207902128423535e-10,3.382528629010464038e-03,-1.855517798598509821e-02,1.630784514456558777e-08,2.193768222288847852e-02,-4.007539953907079741e-08,-1.366494414070561484e-08,-2.262941194700238221e-03,1.586650474510391262e-02,5.709221601380695798e-07,-1.813029979384034665e-02,-1.402973563659533393e-06
4.790655349218934766e+00,3.805063771379428306e-01,-1.055502046314085035e-02,-4.518805726845143145e-01,-2.068363133037549655e-09,-1.129470771901005088e+00,-3.805063723680661703e-01,-4.307219210826406203e-10,3.376009821020201605e-03,-1.850952484360684006e-02,1.796241514829998316e-08,2.188550779799450924e-02,-4.414130866354619885e-08,-1.387771770426921771e-08,-2.271024529753446798e-03,1.588620139973525094e-02,5.798343717834497822e-07,-1.815809311252527050e-02,-1.424873837354013366e-06
4.793530892645837760e+00,3.805063771366466452e-01,-1.054532200069634336e-02,-4.519337319203535763e-01,-2.014302086395636134e-09,-1.129407914283580894e+00,-3.805063725009170117e-01,-4.709284751258081493e-10,3.369467771002754818e-03,-1.846381506056937044e-02,1.964234406364389367e-08,2.183325345248765190e-02,-4.826953307961914636e-08,-1.408603131046653095e-08,-2.279106498082956317e-03,1.590589950330729627e-02,5.885599261155321908e-07,-1.818588623426552892e-02,-1.446315428917584315e-06
4.796406436072738977e+00,3.805063771352339419e-01,-1.053564238361271235e-02,-4.519867596342853067e-01,-1.955374512994771085e-09,-1.129345207040703292e+00,-3.805063726457268980e-01,-5.117276518778553200e-10,3.362902482955698515e-03,-1.841804863264753095e-02,2.134709616777628595e-08,2.178091918694154833e-02,-5.245875632944358010e-08,-1.428990190235700094e-08,-2.287187052721424002e-03,1.592559909659256243e-02,5.970995321336305279e-07,-1.821367915392663531e-02,-1.467300080610770883e-06
4.799281979499641970e+00,3.805063771337030554e-01,-1.052598167870602390e-02,-4.520396556634184160e-01,-1.891509800476383814e-09,-1.129282650402184895e+00,-3.805063728026691350e-01,-5.531066997367208687e-10,3.356313961011784131e-03,-1.837222555549893749e-02,2.307613778257397320e-08,2.172850500194470694e-02,-5.670766697971470278e-08,-1.448934652172022219e-08,-2.295266146628578002e-03,1.594530022042306774e-02,6.054539029684809861e-07,-1.824147186636688664e-02,-1.487829544846445096e-06
4.802157522926543187e+00,3.805063771320523758e-01,-1.051633995278023620e-02,-4.520924198448493248e-01,-1.822638868142282580e-09,-1.129220244597836986e+00,-3.805063729719135313e-01,-5.950529162463169439e-10,3.349702209439130943e-03,-1.832634582466365417e-02,2.482893728647799420e-08,2.167601089810041251e-02,-6.101495865082882999e-08,-1.468438230865902800e-08,-2.303343732691241243e-03,1.596500291569027258e-02,6.136237558656308534e-07,-1.826926436643727669e-02,-1.507905584149011230e-06
4.805033066353446181e+00,3.805063771302802933e-01,-1.050671727262687816e-02,-4.521450520156611863e-01,-1.748694161024445414e-09,-1.129157989857468625e+00,-3.805063731536261762e-01,-6.375536483783644812e-10,3.343067232641429472e-03,-1.828040943556407533e-02,2.660496512628826587e-08,2.162343687602672274e-02,-6.537933004586709743e-08,-1.487502650119647477e-08,-2.311419763723332292e-03,1.598470722334514177e-02,6.216098121685729223e-07,-1.829705664898150300e-02,-1.527529971112957953e-06
4.807908609780348286e+00,3.805063771283852536e-01,-1.049711370502457927e-02,-4.521975520129240533e-01,-1.669609643919778177e-09,-1.129095886410887317e+00,-3.805063733479692178e-01,-6.805962928137859857e-10,3.336409035158174365e-03,-1.823441638350476943e-02,2.840369382893994185e-08,2.157078293635660005e-02,-6.979948497953393793e-08,-1.506129643487462964e-08,-2.319494192465893119e-03,1.600441318439813423e-02,6.294127973019531679e-07,-1.832484870883601194e-02,-1.546704488361593840e-06
4.810784153207250391e+00,3.805063771263657024e-01,-1.048752931673875392e-02,-4.522499196736942673e-01,-1.585320795392444661e-09,-1.129033934487898794e+00,-3.805063735551013071e-01,-7.241682962221382069e-10,3.329727621664849146e-03,-1.818836666367227087e-02,3.022459801319752628e-08,2.151804907973780406e-02,-7.427413240689358070e-08,-1.524320954234558432e-08,-2.327566971587090392e-03,1.602412083991920644e-02,6.370334407544543294e-07,-1.835264054082992938e-02,-1.565430928504989013e-06
4.813659696634152496e+00,3.805063771242199744e-01,-1.047796417452114166e-02,-4.523021548350141252e-01,-1.495764601741239209e-09,-1.128972134318306564e+00,-3.805063737751772646e-01,-7.682571555406551074e-10,3.323022996973152600e-03,-1.814226027113493428e-02,3.206715440133281441e-08,2.146523530683300263e-02,-7.880198645206726295e-08,-1.542078335296452847e-08,-2.335638053682239333e-03,1.604383023103784361e-02,6.444724760617668419e-07,-1.838043213978512655e-02,-1.583711094098124938e-06
4.816535240061054601e+00,3.805063771219468483e-01,-1.046841834510949670e-02,-4.523542573339114359e-01,-1.400879550935003695e-09,-1.128910486131912139e+00,-3.805063740083481361e-01,-8.128504182512870902e-10,3.316295166031200860e-03,-1.809609720084279921e-02,3.393084183071894727e-08,2.141234161831977872e-02,-8.338176643672301097e-08,-1.559403549237536702e-08,-2.343707391273803717e-03,1.606354139894304936e-02,6.517306407892447784e-07,-1.840822350051614723e-02,-1.601546797598277018e-06
4.819410783487956706e+00,3.805063771195447697e-01,-1.045889189522710740e-02,-4.524062270073996306e-01,-1.300605626512983620e-09,-1.128848990158515697e+00,-3.805063742547615258e-01,-8.579356826574606390e-10,3.309544133923739053e-03,-1.804987744762732299e-02,3.581514126541267399e-08,2.135936801489060274e-02,-8.801219690853827653e-08,-1.576298368209855757e-08,-2.351774936811427963e-03,1.608325438488334563e-02,6.588086765146563413e-07,-1.843601461783026321e-02,-1.618939861322625892e-06
4.822286326914858812e+00,3.805063771170123510e-01,-1.044938489158246143e-02,-4.524580636924767640e-01,-1.194884301453615698e-09,-1.128787646627915198e+00,-3.805063745145612630e-01,-9.035005981588253249e-10,3.302769905872354229e-03,-1.800360100620131479e-02,3.771953580765257594e-08,2.130631449725295043e-02,-9.269200766945458696e-08,-1.592764573911188528e-08,-2.359840642671936703e-03,1.610296923016683521e-02,6.657073288106408569e-07,-1.846380548652747783e-02,-1.635892117405147263e-06
4.825161870341760917e+00,3.805063771143482043e-01,-1.043989740086882084e-02,-4.525097672261259030e-01,-1.083658532009096623e-09,-1.128726455769905934e+00,-3.805063747878874580e-01,-9.495328655253684333e-10,3.295972487235669657e-03,-1.795726787115864767e-02,3.964351070933061918e-08,2.125318106612914329e-02,-9.741993380386702659e-08,-1.608803957543127095e-08,-2.367904461159356898e-03,1.612268597616112881e-02,6.724273472271629121e-07,-1.849159610140041488e-02,-1.652405407753496237e-06
4.828037413768663022e+00,3.805063771115509974e-01,-1.043042948976386115e-02,-4.525613374453139048e-01,-9.668727515080135770e-10,-1.128665417814281646e+00,-3.805063750748766682e-01,-9.960202371698911525e-10,3.289151883509572501e-03,-1.791087803697421002e-02,4.158655338339518334e-08,2.119996772225659146e-02,-1.021947157066458602e-07,-1.624418319768703284e-08,-2.375966344504927379e-03,1.614240466429344573e-02,6.789694852737794010e-07,-1.851938645723448171e-02,-1.668481584005431490e-06
4.830912957195565127e+00,3.805063771086196200e-01,-1.042098122492925681e-02,-4.526127741869919729e-01,-8.444728641246368653e-10,-1.128604532990834075e+00,-3.805063753756618428e-01,-1.042950517419540640e-09,3.282308100327424594e-03,-1.786443149800373206e-02,4.354815341521480931e-08,2.114667446638774165e-02,-1.070150991110610650e-07,-1.639609470669860997e-08,-2.384026244867108388e-03,1.616212533605054791e-02,6.853345004018412462e-07,-1.854717654880774086e-02,-1.684122507485075980e-06
4.833788500622467232e+00,3.805063771055524624e-01,-1.041155267301025963e-02,-4.526640772880948793e-01,-7.164062386151997841e-10,-1.128543801529352519e+00,-3.805063756903723227e-01,-1.090311562786247726e-09,3.275441143460237643e-03,-1.781792824848337994e-02,4.552780257389575719e-08,2.109330129928988981e-02,-1.118798351165932815e-07,-1.654379229704669794e-08,-2.392084114331618008e-03,1.618184803297878852e-02,6.915231539865861683e-07,-1.857496637089095168e-02,-1.699330049158919716e-06
4.836664044049369338e+00,3.805063771023486918e-01,-1.040214390063534493e-02,-4.527152465855404095e-01,-5.826217020231393570e-10,-1.128483223659623835e+00,-3.805063760191337852e-01,-1.138091282235386805e-09,3.268551018816933003e-03,-1.777136828252995349e-02,4.752499482352538924e-08,2.103984822174555583e-02,-1.167876802165634188e-07,-1.668729425664099420e-08,-2.400139904911413949e-03,1.620157279668411887e-02,6.975362113090487102e-07,-1.860275591824757033e-02,-1.714106089591357523e-06
4.839539587476271443e+00,3.805063770990069205e-01,-1.039275497441580556e-02,-4.527662819162294183e-01,-4.430695333507576765e-10,-1.128422799611433103e+00,-3.805063763620685768e-01,-1.186277637453700461e-09,3.261637732444516019e-03,-1.772475159414044904e-02,4.953922633438488106e-08,2.098631523455228229e-02,-1.217373963256853137e-07,-1.682661896628668584e-08,-2.408193568546736479e-03,1.622129966883210234e-02,7.033744415379178493e-07,-1.863054518563375672e-02,-1.728452518900110968e-06
4.842415130903173548e+00,3.805063770955259828e-01,-1.038338596094534258e-02,-4.528171831170452188e-01,-2.977014571992278701e-10,-1.128362529614562293e+00,-3.805063767192951030e-01,-1.234858643115770118e-09,3.254701290528288094e-03,-1.767807817719195193e-02,5.156999549410086032e-08,2.093270233852264489e-02,-1.267277508074696940e-07,-1.696178489924761227e-08,-2.416245057105102789e-03,1.624102869114788655e-02,7.090386177112530505e-07,-1.865833416779831208e-02,-1.742371236711302999e-06
4.845290674330075653e+00,3.805063770919047128e-01,-1.037403692679946150e-02,-4.528679500248534717e-01,-1.464713659229402025e-10,-1.128302413898791157e+00,-3.805063770909268284e-01,-1.283729273505021639e-09,3.247741700410071257e-03,-1.763134802441180052e-02,5.361291200258267968e-08,2.087900954029184644e-02,-1.317479550641800753e-07,-1.676144017269907763e-08,-2.424290698773799192e-03,1.626076357064249953e-02,7.006796492747686957e-07,-1.868610218757297409e-02,-1.721829844016964611e-06
4.848166217756977758e+00,3.805063770881461638e-01,-1.036470793849255528e-02,-4.529185824764579427e-01,1.050194580987288336e-11,-1.128242452693651865e+00,-3.805063774766717644e-01,-1.329687706320286342e-09,3.240759003435133862e-03,-1.758456109415347524e-02,5.553415271036272702e-08,2.082523703970131160e-02,-1.364691555424154239e-07,-1.520728661904629400e-08,-2.432319309760234017e-03,1.628051561257041688e-02,6.357370290785132537e-07,-1.871378571395059323e-02,-1.562241244998744335e-06
4.851041761183879863e+00,3.805063770842618820e-01,-1.035539906242452859e-02,-4.529690803085477113e-01,1.727326434609018981e-10,-1.128182646228129249e+00,-3.805063778753360881e-01,-1.371208850934392432e-09,3.233753222752824234e-03,-1.753771736319535007e-02,5.726997468320655225e-08,2.077138493201115960e-02,-1.407347120074809256e-07,-1.367519977216732043e-08,-2.440345887005433093e-03,1.630026964074338114e-02,5.717164707012769933e-07,-1.874147057184406481e-02,-1.404918501392037525e-06
4.853917304610781969e+00,3.805063770802644685e-01,-1.034611036496513314e-02,-4.530194433577813262e-01,3.396913545142010968e-10,-1.128122994731142414e+00,-3.805063782856188404e-01,-1.408356035215630788e-09,3.226724364282540156e-03,-1.749081682576394264e-02,5.882302408898389261e-08,2.071745321340977622e-02,-1.445511270969035529e-07,-1.216509198604717992e-08,-2.448370380921770315e-03,1.632002569830291738e-02,5.086143118688794298e-07,-1.876915674933010356e-02,-1.249852613600347983e-06
4.856792848037684074e+00,3.805063770761664688e-01,-1.033684191246684626e-02,-4.530696714608011266e-01,5.108563004575567044e-10,-1.128063498431621126e+00,-3.805063787062378799e-01,-1.441192334345343231e-09,3.219672434086366056e-03,-1.744385947596149150e-02,6.019593653708220223e-08,2.066344188011972477e-02,-1.479248775020154108e-07,-1.067687515798048568e-08,-2.456392741843012751e-03,1.633978382845627242e-02,4.464268712243064341e-07,-1.879684423444396776e-02,-1.097034535133421305e-06
4.859668391464586179e+00,3.805063770719800953e-01,-1.032759377126454652e-02,-4.531197644542318548e-01,6.857132663411247494e-10,-1.128004157558506693e+00,-3.805063791359294956e-01,-1.469780569507838000e-09,3.212597438369333216e-03,-1.739684530776602553e-02,6.139133702366459359e-08,2.060935092839819363e-02,-1.508624138334314846e-07,-9.210460730958590043e-09,-2.464412920024336689e-03,1.635954407447639397e-02,3.851504484274574152e-07,-1.882453301517965708e-02,-9.464551728523634073e-07
4.862543934891488284e+00,3.805063770677176160e-01,-1.031836600767503144e-02,-4.531697221746811000e-01,8.637555701813645579e-10,-1.127944972340750418e+00,-3.805063795734486831e-01,-1.494183306587651841e-09,3.205499383479611889e-03,-1.734977431503092332e-02,6.241183987723490118e-08,2.055518035453680198e-02,-1.533701604872824913e-07,-7.765759696051234329e-09,-2.472430865642406134e-03,1.637930647970188905e-02,3.247813242546631678e-07,-1.885222307949005471e-02,-7.981053872141927019e-07
4.865419478318390389e+00,3.805063770633909104e-01,-1.030915868799667234e-02,-4.532195444587383548e-01,1.044484032206791376e-09,-1.127885943007314484e+00,-3.805063800175688127e-01,-1.514462854873333171e-09,3.198378275908768907e-03,-1.730264649148494094e-02,6.326004870447519863e-08,2.050093015486200224e-02,-1.554545155121170453e-07,-6.342682594820433090e-09,-2.480446528795391889e-03,1.639907108753702394e-02,2.653157606995497620e-07,-1.887991441528714259e-02,-6.519759925197005705e-07
4.868295021745292495e+00,3.805063770590116912e-01,-1.029997187850892511e-02,-4.532692311429751264e-01,1.227406943950622071e-09,-1.127827069787171732e+00,-3.805063804670814065e-01,-1.530681265768493267e-09,3.191234122291971946e-03,-1.725546183073188231e-02,6.393855633638701688e-08,2.044660032573497599e-02,-1.571218504765503521e-07,-4.941139521731121613e-09,-2.488459859503041813e-03,1.641883794145171729e-02,2.067500010737686540e-07,-1.890760701044217826e-02,-5.080577571609838271e-07
4.871170565172194600e+00,3.805063770545916157e-01,-1.029080564547201621e-02,-4.533187820639439369e-01,1.412040037185869299e-09,-1.127768352909305660e+00,-3.805063809207965830e-01,-1.542900331509457937e-09,3.184066929408223279e-03,-1.720822032625048473e-02,6.444994477470833108e-08,2.039219086355189767e-02,-1.583785103375902098e-07,-3.561040126600352925e-09,-2.496470807706700767e-03,1.643860708498144294e-02,1.490802701093362128e-07,-1.893530085278578162e-02,-3.663414038729319762e-07
4.874046108599096705e+00,3.805063770501420639e-01,-1.028166005512641881e-02,-4.533681970581787679e-01,1.597906452710845839e-09,-1.127709792602709316e+00,-3.805063813775423909e-01,-1.551181583890397119e-09,3.176876704180580952e-03,-1.716092197139416561e-02,6.479678513864299678e-08,2.033770176474393801e-02,-1.592308133097312968e-07,-2.202293617030768032e-09,-2.504479323269391718e-03,1.645837856172732011e-02,9.230277406031624026e-08,-1.896299593010827497e-02,-2.268176099831002911e-07
4.876921652025998810e+00,3.805063770456743044e-01,-1.027253517369250586e-02,-4.534174759621944495e-01,1.784536708978566306e-09,-1.127651389096385959e+00,-3.805063818361652528e-01,-1.555586292995134990e-09,3.169663453676395144e-03,-1.711356675939092187e-02,6.498163761186948205e-08,2.028313302577748958e-02,-1.596850507347352907e-07,-8.648087608838769081e-10,-2.512485355975838282e-03,1.647815241535601979e-02,3.641370080616722863e-08,-1.899069223015972113e-02,-8.947700766567101718e-08
4.879797195452900915e+00,3.805063770411994395e-01,-1.026343106737014239e-02,-4.534666186124854947e-01,1.971468670574690024e-09,-1.127593142619350397e+00,-3.805063822955294661e-01,-1.556175465936209489e-09,3.162427185107511123e-03,-1.706615468334303151e-02,6.500705138985228146e-08,2.022848464315419106e-02,-1.597474869521551859e-07,4.515061112360922465e-10,-2.520488855532517208e-03,1.649792868959972653e-02,-1.859078004447026886e-08,-1.901838974065017673e-02,4.568981580349989880e-08
4.882672738879803020e+00,3.805063770367282383e-01,-1.025434780233822930e-02,-4.535156248455270434e-01,2.158247516546436345e-09,-1.127535053400625431e+00,-3.805063827545173694e-01,-1.553009845601162432e-09,3.155167905830520356e-03,-1.701868573622698430e-02,6.487556462745569441e-08,2.017375661341110418e-02,-1.594243591706024054e-07,1.746743103497752105e-09,-2.528489771567714317e-03,1.651770742825619046e-02,-7.271451704996069771e-08,-1.904608844924985528e-02,1.786923177917751463e-07
4.885548282306705126e+00,3.805063770322715255e-01,-1.024528544475429570e-02,-4.535644944977734738e-01,2.344425708579141581e-09,-1.127477121669245408e+00,-3.805063832120292311e-01,-1.546149909405898301e-09,3.147885623346969100e-03,-1.697115991089320416e-02,6.458970438685272822e-08,2.011894893312079005e-02,-1.587218773397393439e-07,3.020994752328109545e-09,-2.536488053631572211e-03,1.653748867518864754e-02,-1.259613768306065559e-07,-1.907378834358932143e-02,3.095400000515472531e-07
4.888423825733607231e+00,3.805063770278396262e-01,-1.023624406075410685e-02,-4.536132274056586811e-01,2.529562959024322737e-09,-1.127419347654253334e+00,-3.805063836669829724e-01,-1.535655868055334213e-09,3.140580345303579587e-03,-1.692357720006586880e-02,6.415198658573895958e-08,2.006406159889140978e-02,-1.576462240230210845e-07,4.274354023889289864e-09,-2.544483651196129733e-03,1.655727247432580221e-02,-1.783352439632147357e-07,-1.910148941125964020e-02,4.382424084611478566e-07
4.891299369160510224e+00,3.805063770234431986e-01,-1.022722371645121489e-02,-4.536618234055955212e-01,2.713226198779261096e-09,-1.127361731584702653e+00,-3.805063841183145001e-01,-1.521587664311321016e-09,3.133252079492486811e-03,-1.687593759634274659e-02,6.356491594584984554e-08,2.000909460736686671e-02,-1.562035542711829553e-07,5.506914311540391381e-09,-2.552476513655387892e-03,1.657705886966184122e-02,-2.298400208750366689e-07,-1.912919163981262674e-02,5.648091327642199797e-07
4.894174912587411441e+00,3.805063770190922900e-01,-1.021822447793657544e-02,-4.537102823339748681e-01,2.894989545018450768e-09,-1.127304273689656355e+00,-3.805063845649772625e-01,-1.504004971767921738e-09,3.125900833851467508e-03,-1.682824109219507522e-02,6.283098594178593101e-08,1.995404795522700767e-02,-1.543999954964845913e-07,6.718769433280762191e-09,-2.560466590325336314e-03,1.659684790525635389e-02,-2.804796277369387856e-07,-1.915689501676096779e-02,6.892498063071928488e-07
4.897050456014314435e+00,3.805063770147968372e-01,-1.020924641127811394e-02,-4.537586040271662235e-01,3.074434268778986184e-09,-1.127246974198186313e+00,-3.805063850059423047e-01,-1.482967193634016594e-09,3.118526616464135752e-03,-1.678048767996722160e-02,6.195267875014371596e-08,1.989892163918752233e-02,-1.522416473477053417e-07,7.910013629182725604e-09,-2.568453830444023499e-03,1.661663962523437024e-02,-3.302580023561256843e-07,-1.918459952957845063e-02,8.115741057756674259e-07
4.899925999441215652e+00,3.805063770105668874e-01,-1.020028958252025900e-02,-4.538067883215168852e-01,3.251148762400723133e-09,-1.127189833339374170e+00,-3.805063854401979362e-01,-1.458533461523243208e-09,3.111129435560202293e-03,-1.673267735187661601e-02,6.093246519895341337e-08,1.984371565600025200e-02,-1.497345815858934565e-07,9.080741558813538178e-09,-2.576438183171600189e-03,1.663643407378630548e-02,-3.791791000684182945e-07,-1.921230516570014007e-02,9.317917509297002425e-07
4.902801542868118645e+00,3.805063770064118778e-01,-1.019135405768361625e-02,-4.538548350533513354e-01,3.424728506819103633e-09,-1.127132851342311559e+00,-3.805063858667503962e-01,-1.430762634251614733e-09,3.103709299515667978e-03,-1.668481010001349532e-02,5.977280471743721636e-08,1.978843000245316536e-02,-1.468848419609033586e-07,1.023104829862597155e-08,-2.584419597590366206e-03,1.665623129516792186e-02,-4.272468936292178655e-07,-1.924001191252254148e-02,1.049912504335860356e-06
4.905677086295019862e+00,3.805063770023415781e-01,-1.018243990276446707e-02,-4.539027440589712414e-01,3.594776038716764118e-09,-1.127076028436098110e+00,-3.805063862846226885e-01,-1.399713296642368155e-09,3.096266216853077891e-03,-1.663688591634080241e-02,5.847614528607000252e-08,1.973306467537062556e-02,-1.436984440886755781e-07,1.136102933935322454e-08,-2.592398022704825097e-03,1.667603133370036336e-02,-4.744653731046516985e-07,-1.926771975740387832e-02,1.165946171099735815e-06
4.908552629721922855e+00,3.805063769983651478e-01,-1.017354718373435392e-02,-4.539505151746552336e-01,3.760900917530719536e-09,-1.127019364849842997e+00,-3.805063866928556360e-01,-1.365443758338414790e-09,3.088800196241706965e-03,-1.658890479269380797e-02,5.704492338695728511e-08,1.967761967161323414e-02,-1.401813753292968565e-07,1.247078058337985618e-08,-2.600373407441741811e-03,1.669583423377005507e-02,-5.208385457617190608e-07,-1.929542868766415814e-02,1.279902598595976319e-06
4.911428173148824072e+00,3.805063769944918017e-01,-1.016467596653972995e-02,-4.539981482366578502e-01,3.922719692316069257e-09,-1.126962860812664502e+00,-3.805063870905067702e-01,-1.328012052622674649e-09,3.081311246497825829e-03,-1.654086672078020417e-02,5.548156395454313656e-08,1.962209498807828550e-02,-1.363395946658706505e-07,1.356039834208935988e-08,-2.608345700650173491e-03,1.671564003982874483e-02,-5.663704359574567134e-07,-1.932313869058547087e-02,1.391791676195933374e-06
4.914303716575727066e+00,3.805063769907305882e-01,-1.015582631710146289e-02,-4.540456430812098154e-01,4.079855868470978164e-09,-1.126906516553690007e+00,-3.805063874766509979e-01,-1.287475935245563424e-09,3.073799376584898570e-03,-1.649277169217973696e-02,5.378848032661643297e-08,1.956649062169964898e-02,-1.321790325841207154e-07,1.462997933321410176e-08,-2.616314851101543201e-03,1.673544879639347893e-02,-6.110650850282077226e-07,-1.935084975341215888e-02,1.501623334995552227e-06
4.917179260002628283e+00,3.805063769870903334e-01,-1.014699830131441001e-02,-4.540929995445175393e-01,4.231939874319900920e-09,-1.126850332302055335e+00,-3.805063878503799901e-01,-1.243892883260323638e-09,3.066264595613797835e-03,-1.644461969834393536e-02,5.196807419564517833e-08,1.951080656944783817e-02,-1.277055909528017004e-07,1.567962067816120294e-08,-2.624280807489678090e-03,1.675526054804647377e-02,-6.549265511778824622e-07,-1.937856186335093489e-02,1.609407547540786444e-06
4.920054803429531276e+00,3.805063769835797527e-01,-1.013819198504705733e-02,-4.541402174627625077e-01,4.378609027556388178e-09,-1.126794308286904522e+00,-3.805063882108025708e-01,-1.197320093866380059e-09,3.058706912843057232e-03,-1.639641073059616358e-02,5.002273556044620082e-08,1.945504282833031631e-02,-1.229251429049324761e-07,1.670941989931632938e-08,-2.632243518430870972e-03,1.677507533943528237e-02,-6.979589093652962437e-07,-1.940627500757122897e-02,1.715154327550742863e-06
4.922930346856432493e+00,3.805063769802072837e-01,-1.012940743414101827e-02,-4.541872966721010596e-01,4.519507501549607350e-09,-1.126738444737390710e+00,-3.805063885570444948e-01,-1.147814483259836583e-09,3.051126337679072129e-03,-1.634814478013126016e-02,4.795484267815283265e-08,1.939919939539145460e-02,-1.178435327197631526e-07,1.771947491734871596e-08,-2.640202932463926299e-03,1.679489321527258272e-02,-7.401662511915603085e-07,-1.943398917320522667e-02,1.818873729640958045e-06
4.925805890283335486e+00,3.805063769769813087e-01,-1.012064471441067107e-02,-4.542342370086642767e-01,4.654286291510930050e-09,-1.126682741882675698e+00,-3.805063888882478929e-01,-1.095432685492412014e-09,3.043522879676319529e-03,-1.629982183801534715e-02,4.576676201653576962e-08,1.934327626771263631e-02,-1.124665757056090481e-07,1.870988404848373861e-08,-2.648158998050213937e-03,1.681471422033626109e-02,-7.815526847861160870e-07,-1.946170434734818128e-02,1.920575849043345045e-06
4.928681433710236703e+00,3.805063769739100987e-01,-1.011190389164269045e-02,-4.542810383085570947e-01,4.782603180525533597e-09,-1.126627199951929281e+00,-3.805063892035719930e-01,-1.040231051337749117e-09,3.035896548537605263e-03,-1.625144189518579196e-02,4.346084820663162190e-08,1.928727344241250308e-02,-1.068000580834410589e-07,1.968074600177334398e-08,-2.656111663573722075e-03,1.683453839946936689e-02,-8.221223346926783999e-07,-1.948942051705856646e-02,2.020270821325907664e-06
4.931556977137139697e+00,3.805063769710014809e-01,-1.010318503159565034e-02,-4.543277004078582482e-01,4.904122705447401905e-09,-1.126571819174329248e+00,-3.805063895021923437e-01,-9.822656471658534211e-10,3.028247354114260888e-03,-1.620300494245086043e-02,4.103944399571133025e-08,1.923119091664688904e-02,-1.008497368713114543e-07,2.063215987634406591e-08,-2.664060877341115768e-03,1.685436579758008840e-02,-8.618793417542451242e-07,-1.951713766935829139e-02,2.117968822110169837e-06
4.934432520564041802e+00,3.805063769682635599e-01,-1.009448819999959196e-02,-4.543742231426199374e-01,5.018516122659767247e-09,-1.126516599779062489e+00,-3.805063897833010911e-01,-9.215922538254369631e-10,3.020575306406375702e-03,-1.615451097048959880e-02,3.850488020057875963e-08,1.917502868760903242e-02,-9.462133976959054758e-08,2.156422515863160177e-08,-2.672006587581779013e-03,1.687419645964169726e-02,-9.008278629975428410e-07,-1.954485579123286382e-02,2.213680066787208686e-06
4.937308063990943907e+00,3.805063769657038852e-01,-1.008581346255553284e-02,-4.544206063488674396e-01,5.125461373702514915e-09,-1.126461541995321891e+00,-3.805063900461067572e-01,-8.582663655337805943e-10,3.012880415563012285e-03,-1.610595996985156667e-02,3.585947566118368101e-08,1.911878675252956170e-02,-8.812056504697644300e-08,2.247704171960744135e-08,-2.679948742447891066e-03,1.689403043069256233e-02,-9.389720715171401287e-07,-1.957257486963168147e-02,2.307414810232884368e-06
4.940183607417846012e+00,3.805063769633300619e-01,-1.007716088493516328e-02,-4.544668498625984987e-01,5.224643050764552290e-09,-1.126406646052311000e+00,-3.805063902898344064e-01,-7.923431887757775730e-10,3.005162691882458468e-03,-1.605735193095690627e-02,3.310553719461825391e-08,1.906246510867687372e-02,-8.135308142744664361e-08,2.337070981197064823e-08,-2.687887290014445967e-03,1.691386775583613236e-02,-9.763161563581075594e-07,-1.960029489146813964e-02,2.399183346519488041e-06
4.943059150844748117e+00,3.805063769611495283e-01,-1.006853053278030687e-02,-4.545129535197831583e-01,5.315752362046971480e-09,-1.126351912179239356e+00,-3.805063905137252012e-01,-7.238776412096255203e-10,2.997422145812396466e-03,-1.600868684409578052e-02,3.024535954939120348e-08,1.900606375335684925e-02,-7.432452797789273844e-08,2.424533006734778388e-08,-2.695822178279342306e-03,1.693370848024087008e-02,-1.012864322399014391e-06,-1.962801584361989135e-02,2.488996008628220764e-06
4.945934694271650223e+00,3.805063769591693346e-01,-1.005992247170252318e-02,-4.545589171563634845e-01,5.398487096993702581e-09,-1.126297340605323827e+00,-3.805063907170364024e-01,-6.529243505814016743e-10,2.989658787950174364e-03,-1.595996469942846316e-02,2.728122536007344134e-08,1.894958268391327971e-02,-6.704051399666726467e-08,2.510100349346486986e-08,-2.703753355163416618e-03,1.695355264914024870e-02,-1.048620790233760589e-06,-1.965573771292904171e-02,2.576863168158805613e-06
4.948810237698552328e+00,3.805063769573968080e-01,-1.005133676728270017e-02,-4.546047406082529552e-01,5.472551591392292145e-09,-1.126242931559790383e+00,-3.805063908990414800e-01,-5.795376536478594930e-10,2.981872629042990434e-03,-1.591118548698501611e-02,2.421540510228701265e-08,1.889302189772774226e-02,-5.950661890297443299e-08,2.593783147130257464e-08,-2.711680768510509303e-03,1.697340030783274153e-02,-1.083589796052703798e-06,-1.968346048620236294e-02,2.662795235037380326e-06
4.951685781125454433e+00,3.805063769558386655e-01,-1.004277348507060831e-02,-4.546504237113362379e-01,5.537656692346138599e-09,-1.126188685271871215e+00,-3.805063910590299470e-01,-5.037715951071550241e-10,2.974063679988149002e-03,-1.586234919666523746e-02,2.105015704802545817e-08,1.883638139221993288e-02,-5.172839212707569863e-08,2.675591575224128916e-08,-2.719604366087507996e-03,1.699325150168177687e-02,-1.117775591523367882e-06,-1.971118415021149567e-02,2.746802657223344704e-06
4.954561324552356538e+00,3.805063769545017904e-01,-1.003423269058444783e-02,-4.546959663014685793e-01,5.593519723118753731e-09,-1.126134601970806726e+00,-3.805063911963070256e-01,-4.256799265376816603e-10,2.966231951833244763e-03,-1.581345581823826590e-02,1.778772722131302243e-08,1.877966116484748246e-02,-4.371135300132707909e-08,2.755535845519080338e-08,-2.727524095584418686e-03,1.701310627611571022e-02,-1.151182443670503694e-06,-1.973890869169313625e-02,2.828895920414628295e-06
4.957436867979258643e+00,3.805063769533926776e-01,-1.002571444931045497e-02,-4.547413682144759162e-01,5.639864447850677237e-09,-1.126080681885844204e+00,-3.805063913101940365e-01,-3.453161053456013558e-10,2.958377455776418224e-03,-1.576450534134263282e-02,1.443034935422726734e-08,1.872286121310635237e-02,-3.546099065211025043e-08,2.833626206370049793e-08,-2.735439904614407353e-03,1.703296467662783129e-02,-1.183814634755341352e-06,-1.976663409734929697e-02,2.909085547750966287e-06
4.960312411406160749e+00,3.805063769525179884e-01,-1.001721882670243181e-02,-4.547866292861541537e-01,5.676421036150719371e-09,-1.126026925246237820e+00,-3.805063914000278436e-01,-2.627332937203398851e-10,2.950500203166555192e-03,-1.571549775548589795e-02,1.098024484325411134e-08,1.866598153453072340e-02,-2.698276389258077885e-08,2.909872942305784930e-08,-2.743351740713870657e-03,1.705282674877630841e-02,-1.215676462154346153e-06,-1.979436035384750728e-02,2.987382099515962018e-06
4.963187954833062854e+00,3.805063769518838290e-01,-1.000874588818133348e-02,-4.548317493522686106e-01,5.702926027562092528e-09,-1.125973332281249073e+00,-3.805063914651611312e-01,-1.779843575985702932e-10,2.942600205503506216e-03,-1.566643305004448636e-02,7.439622705998403229e-09,1.860902212669312758e-02,-1.828210111628884591e-08,2.984286373737007042e-08,-2.751259551342477572e-03,1.707269253818413657e-02,-1.246772238237280351e-06,-1.982208744782095952e-02,3.063796172837428318e-06
4.966063498259964959e+00,3.805063769514963612e-01,-1.000029569913485003e-02,-4.548767282485540742e-01,5.719122295904509575e-09,-1.125919903220146567e+00,-3.805063915049617385e-01,-9.112186563696060964e-11,2.934677474438325984e-03,-1.561731121426363812e-02,3.810679538259475440e-09,1.855198298720467376e-02,-9.364400191698060209e-09,3.056876856662738792e-08,-2.759163283883237037e-03,1.709256209053920672e-02,-1.277106290244487558e-06,-1.984981536586883852e-02,3.138338401385836160e-06
4.968939041686867064e+00,3.805063769513617467e-01,-9.991868324916936342e-03,-4.549215658107139681e-01,5.724759013493561669e-09,-1.125866638292205568e+00,-3.805063915188136581e-01,-2.198088192622174722e-12,2.926732021773481920e-03,-1.556813223725709606e-02,9.559947142974941823e-11,1.849486411371506142e-02,-2.350283574976810898e-10,3.127654782375818977e-08,-2.767062885642546533e-03,1.711243545159416707e-02,-1.306682960163841519e-06,-1.987754409455643606e-02,3.211019455071932789e-06
4.971814585113769169e+00,3.805063769514857031e-01,-9.983463830847352435e-03,-4.549662618744207410e-01,5.719591615237881793e-09,-1.125813537726707780e+00,-3.805063915061156488e-01,8.873500368776671279e-11,2.918763859463051509e-03,-1.551889610800680393e-02,-3.703445869745134975e-09,1.843766550391246969e-02,9.100677881197079359e-09,3.196630577166575997e-08,-2.774958303850272746e-03,1.713231266716647508e-02,-1.335506604606929588e-06,-1.990527362041542847e-02,3.281850039742468852e-06
4.974690128540671274e+00,3.805063769518739480e-01,-9.975082282211337331e-03,-4.550108162753144225e-01,5.703381762615509310e-09,-1.125760601752941792e+00,-3.805063914662821789e-01,1.816257392688982448e-10,2.910772999612996383e-03,-1.546960281536307463e-02,-7.584297408990436611e-09,1.838038715552412286e-02,1.863741285562224750e-08,3.263814702023838456e-08,-2.782849485659766742e-03,1.715219378313833504e-02,-1.363581594684114521e-06,-1.993300392994405354e-02,3.350840896873187076e-06
4.977565671967573380e+00,3.805063769525320327e-01,-9.966723744259052206e-03,-4.550552288490030128e-01,5.675897307530371243e-09,-1.125707830600202852e+00,-3.805063913987426494e-01,2.764227491215699243e-10,2.902759454481333625e-03,-1.542025234804407681e-02,-1.154480866006717802e-08,1.832302906631596770e-02,2.836990183550626165e-08,3.329217652336455312e-08,-2.790736378147963288e-03,1.717207884545669805e-02,-1.390912315879817978e-06,-1.996073500960738115e-02,3.418002803262342023e-06
4.980441215394475485e+00,3.805063769534653972e-01,-9.958388282205198755e-03,-4.550994994310618158e-01,5.636912256049872049e-09,-1.125655224497791762e+00,-3.805063913029418377e-01,3.730749661069072729e-10,2.894723236478373429e-03,-1.537084469463576193e-02,-1.558284576789822401e-08,1.826559123409293717e-02,3.829290113013201663e-08,3.392849957591592666e-08,-2.798618928315419439e-03,1.719196790013319612e-02,-1.417503167926452379e-06,-1.998846684583747632e-02,3.483346570720902878e-06
4.983316758821377590e+00,3.805063769546793706e-01,-9.950075961228569896e-03,-4.551436278570334393e-01,5.586206732024663927e-09,-1.125602783675016427e+00,-3.805063911783392872e-01,4.715316263527144345e-10,2.886664358166936371e-03,-1.532137984359167697e-02,-1.969628754936475638e-08,1.820807365669899897e-02,4.840119818858929962e-08,3.454722181072207340e-08,-2.806497083086380035e-03,1.721186099324415950e-02,-1.443358564678008642e-06,-2.001619942503365598e-02,3.546883045761911313e-06
4.986192302248279695e+00,3.805063769561788933e-01,-9.941786846471645581e-03,-4.551876139624265183e-01,5.523566940591945956e-09,-1.125550508361190305e+00,-3.805063910244096959e-01,5.717422702204581217e-10,2.878582832262591065e-03,-1.527185778323288459e-02,-2.388302553371197354e-08,1.815047633201741922e-02,5.868961169906718023e-08,3.514844919552471704e-08,-2.814370789308820626e-03,1.723175817093056117e-02,-1.468482933982790971e-06,-2.004393273356270752e-02,3.608623109287742523e-06
4.989067845675181800e+00,3.805063769579691280e-01,-9.933521003040082786e-03,-4.552314575827164922e-01,5.448785131562292898e-09,-1.125498398785633958e+00,-3.805063908406424722e-01,6.736567432648298513e-10,2.870478671633829373e-03,-1.522227850174751214e-02,-2.814096400264440917e-08,1.809279925797050922e-02,6.915299168738276553e-08,3.573228802992581739e-08,-2.822239993754537685e-03,1.725165947939800645e-02,-1.492880717555890113e-06,-2.007166675775910042e-02,3.668577676276726331e-06
4.991943389102083906e+00,3.805063769600547374e-01,-9.925278496002319997e-03,-4.552751585533442169e-01,5.361659562692648231e-09,-1.125446455177672167e+00,-3.805063906265420126e-01,7.772251971829126916e-10,2.862351889302337023e-03,-1.517264198719085050e-02,-3.246802002998670975e-08,1.803504243252007991e-02,7.978621961444365321e-08,3.629884494230926082e-08,-2.830104643119180259e-03,1.727156496491668441e-02,-1.516556370850557594e-06,-2.009940148392522913e-02,3.726757695467058206e-06
4.994818932528986011e+00,3.805063769624405512e-01,-9.917059390389157403e-03,-4.553187167097161314e-01,5.261994462845509536e-09,-1.125394677766637264e+00,-3.805063903816271464e-01,8.823980907551375695e-10,2.854202498443171414e-03,-1.512294822748498115e-02,-3.686212352100173273e-08,1.797720585366728921e-02,9.058420847286671665e-08,3.684822688675061933e-08,-2.837964684022320667e-03,1.729147467382137829e-02,-1.539514362929077452e-06,-2.012713689833161429e-02,3.783174149039488441e-06
4.997694475955888116e+00,3.805063769651310657e-01,-9.908863751193271174e-03,-4.553621318872039803e-01,5.149599995035125977e-09,-1.125343066781866019e+00,-3.805063901054313025e-01,9.891261907777895144e-10,2.846030512385011851e-03,-1.507319721041872063e-02,-4.132121725135504476e-08,1.791928951945289880e-02,1.015419028827289791e-07,3.738054113991563352e-08,-2.845820063007516512e-03,1.731138865251139261e-02,-1.561759176333170833e-06,-2.015487298721716641e-02,3.837838052298855552e-06
5.000570019382790221e+00,3.805063769681305552e-01,-9.900691643368760703e-03,-4.554054039211439808e-01,5.024292219362347343e-09,-1.125291622452700757e+00,-3.805063897975025644e-01,1.097360572986220941e-09,2.837835944610342127e-03,-1.502338892364724239e-02,-4.584325690569182958e-08,1.786129342795713532e-02,1.126542791863655427e-07,3.789589529793896903e-08,-2.853670726542371829e-03,1.733130694745055322e-02,-1.583295306953573667e-06,-2.018260973678935935e-02,3.890760453353589340e-06
5.003445562809692326e+00,3.805063769714434052e-01,-9.892543131830789510e-03,-4.554485326468366013e-01,4.885893055840389478e-09,-1.125240345008490683e+00,-3.805063894574032268e-01,1.207052622968064836e-09,2.829618808755712464e-03,-1.497352335469217220e-02,-5.042621111579516318e-08,1.780321757730011362e-02,1.239163455421388753e-07,3.839439727328243230e-08,-2.861516621018586962e-03,1.735122960516719340e-02,-1.604127263898757149e-06,-2.021034713322452867e-02,3.941952432793100604e-06
5.006321106236594431e+00,3.805063769750737790e-01,-9.884418281455064834e-03,-4.554915178995463387e-01,4.734230247109262847e-09,-1.125189234678588557e+00,-3.805063890847101282e-01,1.318154037069242891e-09,2.821379118611927299e-03,-1.492360049094119089e-02,-5.506806149844370791e-08,1.774506196564168414e-02,1.353231420174699610e-07,3.887615529158823661e-08,-2.869357692752034887e-03,1.737115667225410526e-02,-1.624259569363437948e-06,-2.023808516266805899e-02,3.991425103364676190e-06
5.009196649663496537e+00,3.805063769790255623e-01,-9.876317157077397005e-03,-4.555343595145013302e-01,4.569137321042922402e-09,-1.125138291692353798e+00,-3.805063886790141514e-01,1.430616823289918223e-09,2.813116888124260820e-03,-1.487362031964783657e-02,-5.976680269284910639e-08,1.768682659118148842e-02,1.468697406808356076e-07,3.934127788851011944e-08,-2.877193887982813260e-03,1.739108819536847733e-02,-1.643696758496172551e-06,-2.026582381123457829e-02,4.039189609648091283e-06
5.012072193090398642e+00,3.805063769833026410e-01,-9.868239823493296994e-03,-4.555770573268926871e-01,4.390453553250053597e-09,-1.125087516279149824e+00,-3.805063882399202235e-01,1.544393302170856828e-09,2.804832131392698963e-03,-1.482358282793149080e-02,-6.452044239769255663e-08,1.762851145215926091e-02,1.585512456927817262e-07,3.978987390652701631e-08,-2.885025152875310330e-03,1.741102422123196394e-02,-1.662443379266210257e-06,-2.029356306500831528e-02,4.085257127728428531e-06
5.014947736517300747e+00,3.805063769879086788e-01,-9.860186345457502832e-03,-4.556196111718743835e-01,4.198023929467680611e-09,-1.125036908668346269e+00,-3.805063877670474271e-01,1.659436107671485801e-09,2.796524862672141506e-03,-1.477348800277708020e-02,-6.932700140781454709e-08,1.757011654685477001e-02,1.703627933960839006e-07,4.022205249174515403e-08,-2.892851433518263057e-03,1.743096479663056378e-02,-1.680503992329869274e-06,-2.032130291004318606e-02,4.129638864867706243e-06
5.017823279944203740e+00,3.805063769928473394e-01,-9.852156787683509498e-03,-4.556620208845627573e-01,3.991699107849706097e-09,-1.124986469089316543e+00,-3.805063872600289443e-01,1.775698188038691469e-09,2.788195096372604598e-03,-1.472333583103477631e-02,-7.418451365051759028e-08,1.751164187358781460e-02,1.822995524049563942e-07,4.063792309068383200e-08,-2.900672675924829101e-03,1.745090996841461642e-02,-1.697883170896232875e-06,-2.034904333236313770e-02,4.172346059174848095e-06
5.020698823371104957e+00,3.805063769981220090e-01,-9.844151214843201159e-03,-4.557042863000361765e-01,3.771335381154017066e-09,-1.124936197771439161e+00,-3.805063867185115023e-01,1.893132806665001292e-09,2.779842847059476631e-03,-1.467312629942011011e-02,-7.909102622142537583e-08,1.745308743071858140e-02,1.943567236931727730e-07,4.103759544703931299e-08,-2.908488826032632358e-03,1.747085978349880928e-02,-1.714585500591925878e-06,-2.037678431796231468e-02,4.213389979273386172e-06
5.023574366798007951e+00,3.805063770037360182e-01,-9.836169691566325549e-03,-4.557464072533344845e-01,3.536794638823637226e-09,-1.124886094944097081e+00,-3.805063861421557059e-01,2.011693542939411287e-09,2.771468129453703421e-03,-1.462285939451353316e-02,-8.404459942003447709e-08,1.739445321664750965e-02,2.065295406814289627e-07,4.142117959844201042e-08,-2.916299829703844059e-03,1.749081428886211861e-02,-1.730615579325612248e-06,-2.040452585280536774e-02,4.252781923968478767e-06
5.026449910224909168e+00,3.805063770096924758e-01,-9.828212282440084574e-03,-4.557883835794589444e-01,3.287944328968510094e-09,-1.124836160836678811e+00,-3.805063855306358711e-01,2.131334293087515540e-09,2.763070958432010255e-03,-1.457253510276030825e-02,-8.904330678481940656e-08,1.733573922981541601e-02,2.188132693236099550e-07,4.178878587319122268e-08,-2.924105632725230910e-03,1.751077353154777139e-02,-1.745978017151559474e-06,-2.043226792282759260e-02,4.290533221911631025e-06
5.029325453651812161e+00,3.805063770159944903e-01,-9.820279052008686754e-03,-4.558302151133712954e-01,3.024657420246263519e-09,-1.124786395678576412e+00,-3.805063848836398033e-01,2.252009271002632048e-09,2.754651349027132604e-03,-1.452215341047036028e-02,-9.408523512796090062e-08,1.727694546870365416e-02,2.312032081921307059e-07,4.214052488697636788e-08,-2.931906180808232718e-03,1.753073755866324870e-02,-1.760677436132630355e-06,-2.046001051393529085e-02,4.326655231264032376e-06
5.032200997078713378e+00,3.805063770226449482e-01,-9.812370064772849357e-03,-4.558719016899942522e-01,2.746812363642339401e-09,-1.124736799699186163e+00,-3.805063842008687969e-01,2.373673009068071543e-09,2.746209316428019527e-03,-1.447171430381804028e-02,-9.916848456970471252e-08,1.721807193183411133e-02,2.436946885623684067e-07,4.247650753958464612e-08,-2.939701419589017903e-03,1.755070641738021991e-02,-1.774718470202715321e-06,-2.048775361200590173e-02,4.361159339358475197e-06
5.035076540505616371e+00,3.805063770296465697e-01,-9.804485385189430635e-03,-4.559134431442101176e-01,2.454293054155555169e-09,-1.124687373127909007e+00,-3.805063834820376356e-01,2.496280358968182284e-09,2.737744875980045733e-03,-1.442121776884194677e-02,-1.042911685722509771e-07,1.715911861776929156e-02,2.562830744959412811e-07,4.279684501158415781e-08,-2.947491294628552458e-03,1.757068015493457383e-02,-1.788105765028134337e-06,-2.051549720288832479e-02,4.394056962358787425e-06
5.037952083932517588e+00,3.805063770370021303e-01,-9.796625077670930229e-03,-4.559548393108610598e-01,2.146988792383015562e-09,-1.124638116194149662e+00,-3.805063827268740928e-01,2.619786492491685125e-09,2.729258043185254883e-03,-1.437066379144484422e-02,-1.094514139733215308e-07,1.710008552511256552e-02,2.689637629231969148e-07,4.310164876100143014e-08,-2.955275751412649379e-03,1.759065881862629382e-02,-1.800843977868808204e-06,-2.054324127240310383e-02,4.425359544918668016e-06
5.040827627359420582e+00,3.805063770447140725e-01,-9.788789206585017319e-03,-4.559960900247485016e-01,1.824794246009538008e-09,-1.124589029127316842e+00,-3.805063819351194865e-01,2.744146902325036086e-09,2.720748833702530452e-03,-1.432005235739323805e-02,-1.146473610193106903e-07,1.704097265250790680e-02,2.817321837246753851e-07,4.339103051997820449e-08,-2.963054735352065820e-03,1.761064245581953069e-02,-1.812937777438561436e-06,-2.057098580634271826e-02,4.455078559838399737e-06
5.043703170786321799e+00,3.805063770527847278e-01,-9.780977836254140315e-03,-4.560371951206327323e-01,1.487609411205399903e-09,-1.124540112156823257e+00,-3.805063811065281243e-01,2.869317402834984710e-09,2.712217263347864622e-03,-1.426938345231750123e-02,-1.198771633979844565e-07,1.698177999864040194e-02,2.945837998114644967e-07,4.366510229141036338e-08,-2.970828191782531272e-03,1.763063111394250204e-02,-1.824391843764677425e-06,-2.059873079047179825e-02,4.483225507719724747e-06
5.046578714213224792e+00,3.805063770612164831e-01,-9.773191030955028988e-03,-4.560781544332323523e-01,1.135339573927275992e-09,-1.124491365512085173e+00,-3.805063802408670814e-01,2.995254130842778307e-09,2.703663348094522637e-03,-1.421865706171141636e-02,-1.251389882708304759e-07,1.692250756223593125e-02,3.075141072046953065e-07,4.392397634557345050e-08,-2.978596065964837780e-03,1.765062484048749228e-02,-1.835210868046899426e-06,-2.062647621052737801e-02,4.509811916619351368e-06
5.049454257640126009e+00,3.805063770700113923e-01,-9.765428854918253854e-03,-4.561189677972243284e-01,7.678952711278947077e-10,-1.124442789422522626e+00,-3.805063793379165893e-01,3.121913546388202214e-09,2.695087104073300849e-03,-1.416787317093219124e-02,-1.304310163049834409e-07,1.686315534206156430e-02,3.205186351139951622e-07,4.416776521673285143e-08,-2.986358303084895444e-03,1.767062368301083181e-02,-1.845399552515783148e-06,-2.065422205221915247e-02,4.534849341700883683e-06
5.052329801067029003e+00,3.805063770791715094e-01,-9.757691372327773408e-03,-4.561596350472431616e-01,3.851922518747972940e-10,-1.124394384117558765e+00,-3.805063783974696467e-01,3.249252433483673623e-09,2.686488547572717968e-03,-1.411703176520015188e-02,-1.357514417047352708e-07,1.680372333692544198e-02,3.335929460149198542e-07,4.439658169973542573e-08,-2.994114848253807016e-03,1.769062768913283804e-02,-1.854962610290277900e-06,-2.068196830122973756e-02,4.558349364884828372e-06
5.055205344493930220e+00,3.805063770886987218e-01,-9.749978647320486566e-03,-4.562001560178806647e-01,-1.284856162089702145e-11,-1.124346149826620511e+00,-3.805063774193319093e-01,3.377227900858549868e-09,2.677867695039228002e-03,-1.406613282959858630e-02,-1.410984722426354486e-07,1.674421154567689793e-02,3.467326357253796515e-07,4.461053884658562109e-08,-3.001865646507919944e-03,1.771063690653780151e-02,-1.863904765234661036e-06,-2.070971494321488179e-02,4.580323594497047235e-06
5.058080887920833213e+00,3.805063770985933624e-01,-9.742290744005321565e-03,-4.562405305437050584e-01,-4.262400749122852422e-10,-1.124298086779229822e+00,-3.805063764034717355e-01,3.503255490865459354e-09,2.669224529051940700e-03,-1.401517638279546618e-02,-1.463641262123349141e-07,1.668461980806837733e-02,3.596723520641559688e-07,4.186441266209620311e-08,-3.009650068799740209e-03,1.773061230880864508e-02,-1.749171271788979205e-06,-2.073764636018617449e-02,4.298379646958430770e-06
5.060956431347734430e+00,3.805063771088337821e-01,-9.734627726735054984e-03,-4.562807584595301447e-01,-8.540792473031090108e-10,-1.124250195206275338e+00,-3.805063753521080727e-01,3.616933265142412177e-09,2.660558927699960188e-03,-1.396416254703594130e-02,-1.511137988385608915e-07,1.662494747445053545e-02,3.713441055531541285e-07,3.721594351421316063e-08,-3.017453902729539360e-03,1.775056797470903405e-02,-1.554955703606098739e-06,-2.076569632374839283e-02,3.821117966840230307e-06
5.063831974774637423e+00,3.805063771193819555e-01,-9.726989660031706494e-03,-4.563208396003415879e-01,-1.294778561070782765e-09,-1.124202475339668661e+00,-3.805063742691421891e-01,3.717374225681742883e-09,2.651870896592625846e-03,-1.391309131820234711e-02,-1.553104301758777661e-07,1.656519449088916796e-02,3.816568257930271999e-07,3.265783427161896215e-08,-3.025250420511636958e-03,1.777053038669503676e-02,-1.364515411228396844e-06,-2.079374007104452596e-02,3.353133578615106610e-06
5.066707518201539528e+00,3.805063771302003017e-01,-9.719376608362697081e-03,-4.563607738010752590e-01,-1.746763295698677867e-09,-1.124154927411295191e+00,-3.805063731584437114e-01,3.804837340180402720e-09,2.643160456833493210e-03,-1.386196267684081974e-02,-1.589648400063518170e-07,1.650536087521574380e-02,3.906371011131121726e-07,2.818948229935135975e-08,-3.033039576477485934e-03,1.779049958319873365e-02,-1.177825216323674546e-06,-2.082177763249414698e-02,2.894364609521826957e-06
5.069583061628441634e+00,3.805063771412516838e-01,-9.711788636134574548e-03,-4.564005608966108518e-01,-2.208489739250617142e-09,-1.124107551652991921e+00,-3.805063720238061054e-01,3.879579841542227864e-09,2.634427629657507940e-03,-1.381077660338685814e-02,-1.620877756316919130e-07,1.644544664517408675e-02,3.983113417308754730e-07,2.381028365129461844e-08,-3.040821324904901569e-03,1.781047560269545874e-02,-9.948598857792015520e-07,-2.084980903858840023e-02,2.444749052182506086e-06
5.072458605055343739e+00,3.805063771525001304e-01,-9.704225807692656164e-03,-4.564402007217714941e-01,-2.678444979724437974e-09,-1.124060348296542111e+00,-3.805063708689472302e-01,3.941857224136815749e-09,2.625672436431172353e-03,-1.375953307816528935e-02,-1.646899117169441407e-07,1.638545181842028520e-02,4.047057793678111567e-07,1.951963309051386884e-08,-3.048595620017785241e-03,1.783045848370403905e-02,-8.155941325512957015e-07,-2.087783431988865165e-02,2.004224766690349282e-06
5.075334148482245844e+00,3.805063771639099479e-01,-9.696688187320603655e-03,-4.564796931113238032e-01,-3.155146695962643503e-09,-1.124013317573681281e+00,-3.805063696975097276e-01,3.991923240117440583e-09,2.616894898652693743e-03,-1.370823208139009507e-02,-1.667818501366526221e-07,1.632537641252240768e-02,4.098464668713988813e-07,1.531692410965640860e-08,-3.056362415985900641e-03,1.785044826478717622e-02,-6.400026165176959232e-07,-2.090585350702538897e-02,1.572729482704259829e-06
5.078209691909147949e+00,3.805063771754465529e-01,-9.689175839240081467e-03,-4.565190378999772758e-01,-3.637142948119896868e-09,-1.123966459716092547e+00,-3.805063685130615769e-01,4.030029895797074586e-09,2.608095037952154385e-03,-1.365687359316435090e-02,-1.683741198234481662e-07,1.626522044496041264e-02,4.137592778430288555e-07,1.120154895148572818e-08,-3.064121666924596657e-03,1.787044498455162694e-02,-4.680599453354846929e-07,-2.093386663069685127e-02,1.150200801557079868e-06
5.081085235336050054e+00,3.805063771870757505e-01,-9.681688827610357775e-03,-4.565582349223839542e-01,-4.123011967702027842e-09,-1.123919774955409068e+00,-3.805063673190965390e-01,4.056427448084022056e-09,2.599272876091640767e-03,-1.360545759347995057e-02,-1.694771766191278067e-07,1.620498393312576335e-02,4.164699062720479239e-07,7.172898629479876494e-09,-3.071873326894571880e-03,1.789044868164857416e-02,-2.997406753016959001e-07,-2.096187372166785634e-02,7.365761983704279634e-07
5.083960778762952160e+00,3.805063771987644006e-01,-9.674227216527936726e-03,-4.565972840131383159e-01,-4.611361947177982649e-09,-1.123873263523214705e+00,-3.805063661190348223e-01,4.071364400976752287e-09,2.590428434965436153e-03,-1.355398406221769089e-02,-1.701014031282071733e-07,1.614466689432149729e-02,4.180038661758806797e-07,3.230362948545190834e-09,-3.079617349901604857e-03,1.791045939477387341e-02,-1.350193122187410637e-07,-2.098987481076849265e-02,3.317930241813886575e-07
5.086836322189854265e+00,3.805063772104798070e-01,-9.666791070026190674e-03,-4.566361850067766626e-01,-5.100830829174548846e-09,-1.123826925651044029e+00,-3.805063649162235828e-01,4.075087502118436708e-09,2.581561736600151112e-03,-1.350245297914696996e-02,-1.702571085739678506e-07,1.608426934576182368e-02,4.183864912462844705e-07,-6.266694741798310937e-10,-3.087353689896302992e-03,1.793047716266837552e-02,2.612968773639298673e-08,-2.101786992889289468e-02,-6.421149192154233221e-08
5.089711865616756370e+00,3.805063772221901064e-01,-9.659380452074940379e-03,-4.566749377377770647e-01,-5.590086095263938603e-09,-1.123780761570380538e+00,-3.805063637139372013e-01,4.067841739411629514e-09,2.572672803154898730e-03,-1.345086432392575589e-02,-1.699545286570174611e-07,1.602379130457206799e-02,4.176429345017762582e-07,-4.398811188450197464e-09,-3.095082300773844934e-03,1.795050202411819368e-02,1.837319171400082567e-07,-2.104585910699794532e-02,-4.515002406552862444e-07
5.092587409043658475e+00,3.805063772338640460e-01,-9.651995426580120205e-03,-4.567135420405589175e-01,-6.077824554342958168e-09,-1.123734771512660879e+00,-3.805063625153782270e-01,4.049870337692874220e-09,2.563761656921445097e-03,-1.339921807610040295e-02,-1.692038254163529950e-07,1.596323278778843599e-02,4.157981679462131722e-07,-8.086675889904352412e-09,-3.102803136373719073e-03,1.797053401795500535e-02,3.378130164438845064e-07,-2.107384237610199912e-02,-8.301362303850667134e-07
5.095462952470560580e+00,3.805063772454712612e-01,-9.644636057383328825e-03,-4.567519977494826633e-01,-6.562772130623381766e-09,-1.123688955709271520e+00,-3.805063613236776554e-01,4.021414755467904493e-09,2.554828320324369767e-03,-1.334751421510549201e-02,-1.680150870929566620e-07,1.590259381235780214e-02,4.128769822335948912e-07,-1.169087839901349403e-08,-3.110516150479473736e-03,1.799057318305635755e-02,4.883986730957737074e-07,-2.110181976728363329e-02,-1.200182584963122936e-06
5.098338495897462685e+00,3.805063772569817759e-01,-9.637302408261542996e-03,-4.567903046988494586e-01,-7.043683651223094219e-09,-1.123643314391549852e+00,-3.805063601418950392e-01,3.982714681707751137e-09,2.545872815921243568e-03,-1.329575272026385473e-02,-1.663983279959354371e-07,1.584187439513769571e-02,4.089039863391180798e-07,-1.521203463985556892e-08,-3.118221296818437464e-03,1.801061955834597217e-02,6.355146206525679283e-07,-2.112979131168032931e-02,-1.561702541549440224e-06
5.101214039324364791e+00,3.805063772683665579e-01,-9.629994542926640505e-03,-4.568284627229008410e-01,-7.519342633388724609e-09,-1.123597847790786641e+00,-3.805063589730199869e-01,3.934008032705551712e-09,2.536895166402759142e-03,-1.324393357078619896e-02,-1.643634883711974959e-07,1.578107455289590177e-02,4.039036072364638770e-07,-1.865076161889024704e-08,-3.125918529061473550e-03,1.803067318279400269e-02,7.791866378935108175e-07,-2.115775704048717884e-02,-1.914759448432549376e-06
5.104089582751266896e+00,3.805063772795971855e-01,-9.622712525025100064e-03,-4.568664716558183403e-01,-7.988561071332699613e-09,-1.123552556138222469e+00,-3.805063578199718854e-01,3.875530948995180333e-09,2.527895394592927832e-03,-1.319205674577121103e-02,-1.619204342727115708e-07,1.572019430231052020e-02,3.979000895814331022e-07,-2.200767740355168922e-08,-3.133607800822704216e-03,1.805073409541740545e-02,9.194405479257922465e-07,-2.118571698495560693e-02,-2.259416762831651198e-06
5.106965126178169001e+00,3.805063772906459585e-01,-9.615456418137538139e-03,-4.569043313317231458e-01,-8.450179222713595894e-09,-1.123507439665051733e+00,-3.805063566856004553e-01,3.807517792330810896e-09,2.518873523449221934e-03,-1.314012222420527128e-02,-1.590789574363113769e-07,1.565923365996967423e-02,3.909174954018357403e-07,-2.528340110081891141e-08,-3.141289065659252141e-03,1.807080233528015126e-02,1.056302217289208015e-06,-2.121367117639205713e-02,-2.595738048696420684e-06
5.109840669605071106e+00,3.805063773014856765e-01,-9.608226285778391496e-03,-4.569420415846761618e-01,-8.903065394749664342e-09,-1.123462498602420645e+00,-3.805063555726869162e-01,3.730201142728915073e-09,2.509829576062736455e-03,-1.308812998496232047e-02,-1.558487751561094552e-07,1.559819264237133525e-02,3.829797037937925724e-07,-2.847855283563370614e-08,-3.148962277070977648e-03,1.809087794149361397e-02,1.189797555054456752e-06,-2.124161964615668002e-02,-2.923786974491170516e-06
5.112716213031973211e+00,3.805063773120899717e-01,-9.601022191395500865e-03,-4.569796022486769527e-01,-9.346115729984228753e-09,-1.123417733181428124e+00,-3.805063544839438205e-01,3.643811795572240949e-09,2.500763575658378635e-03,-1.303608000680387020e-02,-1.522395301635000776e-07,1.553707126592333669e-02,3.741104106243992420e-07,-3.159375372924981530e-08,-3.156627388500195079e-03,1.811096095321681337e-02,1.319952511918553511e-06,-2.126956242566200098e-02,-3.243627310971943120e-06
5.115591756458875317e+00,3.805063773224330315e-01,-9.593844198369711959e-03,-4.570170131576642980e-01,-9.778253991709133825e-09,-1.123373143633126237e+00,-3.805063534220158306e-01,3.548578758775615550e-09,2.491675545595008461e-03,-1.298397226837866986e-02,-1.482607905087452853e-07,1.547586954694301145e-02,3.643331282407379853e-07,-3.462962587750233964e-08,-3.164284353331432969e-03,1.813105140965676904e-02,1.446793079296919828e-06,-2.129749954637164336e-02,-3.555322928955431806e-06
5.118467299885777422e+00,3.805063773324898757e-01,-9.586692370014518114e-03,-4.570542741455151381e-01,-1.019843134904549553e-08,-1.123328730188519753e+00,-3.805063523894803290e-01,3.444729250015446071e-09,2.482565509365605196e-03,-1.293180674822265973e-02,-1.439220494452223570e-07,1.541458750165713813e-02,3.536711851854295680e-07,-3.758679232893730831e-08,-3.171933124891133070e-03,1.815114935006876748e-02,1.570345288409627869e-06,-2.132543103979895119e-02,-3.858937797073526920e-06
5.121342843312679527e+00,3.805063773422359130e-01,-9.579566769575668245e-03,-4.570913850460446848e-01,-1.060562616170037042e-08,-1.123284493078567259e+00,-3.805063513888478632e-01,3.332488694021413918e-09,2.473433490597456898e-03,-1.287958342475886003e-02,-1.392327253162699480e-07,1.535322514620186124e-02,3.421477259185707916e-07,-4.046587706288306791e-08,-3.179573656447404455e-03,1.817125481375668483e-02,1.690635209365212325e-06,-2.135335693750568462e-02,-4.154535979521901848e-06
5.124218386739581632e+00,3.805063773516474956e-01,-9.572467460230785208e-03,-4.571283456930056999e-01,-1.099884376439923791e-08,-1.123240432534180711e+00,-3.805063504225627558e-01,3.212080719931860003e-09,2.464279513052317419e-03,-1.282730227629723559e-02,-1.342021614446944956e-07,1.529178249662252985e-02,3.297857105462100358e-07,-4.326750496740556844e-08,-3.187205901209730352e-03,1.819136784007329560e-02,1.807688950239634527e-06,-2.138127727110065990e-02,-4.442181633796669406e-06
5.127093930166483737e+00,3.805063773607012534e-01,-9.565394505088963342e-03,-4.571651559200886616e-01,-1.137711625100616569e-08,-1.123196548786227433e+00,-3.805063494930035484e-01,3.083727158712307493e-09,2.455103600626559485e-03,-1.277496328103445121e-02,-1.288396260249153956e-07,1.523025956887344781e-02,3.166079145553069959e-07,-4.599230181717909152e-08,-3.194829812328713568e-03,1.821148846842060923e-02,1.921532656151709558e-06,-2.140919207223845877e-02,-4.721939008422356565e-06
5.129969473593385842e+00,3.805063773693748708e-01,-9.558347967190367750e-03,-4.572018155609210432e-01,-1.173950225833863295e-08,-1.123152842065526791e+00,-3.805063486024833908e-01,2.947648040637364382e-09,2.445905777351372462e-03,-1.272256641705383703e-02,-1.231543120177579257e-07,1.516865637881788242e-02,3.026369285551978987e-07,-4.864089425127072690e-08,-3.202445342895793735e-03,1.823161673825013027e-02,2.032192508334938142e-06,-2.143710137261796780e-02,-4.993872440671042086e-06
5.132845017020287948e+00,3.805063773776462543e-01,-9.551327909505904698e-03,-4.572383244490673126e-01,-1.208508674967784860e-08,-1.123109312602854848e+00,-3.805063477532509841e-01,2.804061592838601156e-09,2.436686067392905032e-03,-1.267011166232518554e-02,-1.171553370480022148e-07,1.510697294222785973e-02,2.878951580258352350e-07,-5.121390975077912611e-08,-3.210052445942970182e-03,1.825175268906322271e-02,2.139694723203237560e-06,-2.146500520398115022e-02,-5.258046354266497429e-06
5.135720560447190053e+00,3.805063773854942544e-01,-9.544334394936756713e-03,-4.572746824180281555e-01,-1.241298079799717790e-08,-1.123065960628940818e+00,-3.805063469474908588e-01,2.653184236913812709e-09,2.427444495052464256e-03,-1.261759899470465268e-02,-1.108517433044977564e-07,1.504520927478411076e-02,2.724048230723305814e-07,-5.371197661645115393e-08,-3.217651074442528288e-03,1.827189636041138404e-02,2.244065551415758828e-06,-2.149290359811160261e-02,-5.514525257086099127e-06
5.138596103874092158e+00,3.805063773928981652e-01,-9.537367486314056453e-03,-4.573108893012406417e-01,-1.272232136889933866e-08,-1.123022786374469062e+00,-3.805063461873237074e-01,2.495230586603638816e-09,2.418181084766658252e-03,-1.256502839193454103e-02,-1.042524974430912485e-07,1.498336539207583903e-02,2.561879581864110115e-07,-5.613572394613443384e-08,-3.225241181306762357e-03,1.829204779189659222e-02,2.345331276934847150e-06,-2.152079658683318450e-02,-5.763373738845853009e-06
5.141471647300994263e+00,3.805063773998379473e-01,-9.530427246398475577e-03,-4.573469449320775038e-01,-1.301227110328244760e-08,-1.122979790070081085e+00,-3.805063454748070506e-01,2.330413445531707936e-09,2.408895861107600029e-03,-1.251239983164328592e-02,-9.736649049220923480e-08,1.492144130960077787e-02,2.392664120144003597e-07,-5.848578161216940335e-08,-3.232822719387688955e-03,1.831220702317161095e-02,2.443518216081468892e-06,-2.154868420200868953e-02,-6.004656468779242712e-06
5.144347190727896368e+00,3.805063774062942272e-01,-9.523513737879808413e-03,-4.573828491438473587e-01,-1.328201809973870876e-08,-1.122936971946371765e+00,-3.805063448119364033e-01,2.158943805009540996e-09,2.399588848783059270e-03,-1.245971329134517268e-02,-9.020253776114549230e-08,1.485943704276493707e-02,2.216618471318460424e-07,-6.076278023868613772e-08,-3.240395641476782364e-03,1.833237409394032624e-02,2.538652716586663850e-06,-2.157656647553845772e-02,-6.238438193306280562e-06
5.147222734154798474e+00,3.805063774122480758e-01,-9.516627023376652769e-03,-4.574186017697932649e-01,-1.353077569668969945e-08,-1.122894332233892900e+00,-3.805063442006446639e-01,1.981030841909056083e-09,2.390260072636640580e-03,-1.240696874844024987e-02,-8.276937875117418850e-08,1.479735260688253354e-02,2.033957398250899597e-07,-6.296735117876902992e-08,-3.247959900304667538e-03,1.835254904395801356e-02,2.630761156637476988e-06,-2.160444343935891479e-02,-6.464783733688983897e-06
5.150098277581701467e+00,3.805063774176813407e-01,-9.509767165435903391e-03,-4.574542026430938879e-01,-1.375778225427663866e-08,-1.122851871163151882e+00,-3.805063436428035573e-01,1.796881916596550248e-09,2.380909557647959123e-03,-1.235416618021414024e-02,-7.507567706923032848e-08,1.473518801717586986e-02,1.844893798791483638e-07,-6.510012649159375674e-08,-3.255515448540874206e-03,1.837273191303172987e-02,2.719869943921731850e-06,-2.163231512544129889e-02,-6.683757983684040950e-06
5.152973821008602684e+00,3.805063774225763695e-01,-9.502934226532479614e-03,-4.574896515968620014e-01,-1.396230093599786084e-08,-1.122809588964612804e+00,-3.805063431402236906e-01,1.606702570938456998e-09,2.371537328932830143e-03,-1.230130556383799041e-02,-6.713002034458974442e-08,1.467294328877534818e-02,1.649638703729634816e-07,-6.716173891937537636e-08,-3.263062238793514643e-03,1.839292274102058769e-02,2.806005514664914296e-06,-2.166018156579016876e-02,-6.895425907176044086e-06
5.155849364435504789e+00,3.805063774269160093e-01,-9.496128269068889946e-03,-4.575249484641447650e-01,-1.414361949011700512e-08,-1.122767485868696680e+00,-3.805063426946553862e-01,1.410696526369275523e-09,2.362143411743426822e-03,-1.224838687636823492e-02,-5.894092014814604840e-08,1.461061843671924987e-02,1.448401274810361015e-07,-6.915282186428519165e-08,-3.270600223609018264e-03,1.841312156783610904e-02,2.889194332665739088e-06,-2.168804279244202632e-02,-7.099852535807537358e-06
5.158724907862406894e+00,3.805063774306839952e-01,-9.489349355374794917e-03,-4.575600930779229469e-01,-1.430105003084219630e-08,-1.122725562105780783e+00,-3.805063423077890694e-01,1.209065682025909902e-09,2.352727831468464162e-03,-1.219541009474641759e-02,-5.051681191446287540e-08,1.454821347595366271e-02,1.241388802818774098e-07,-7.107400936526745838e-08,-3.278129355471851025e-03,1.843332843344252722e-02,2.969462888327555433e-06,-2.171589883746394625e-02,-7.297102966598779390e-06
5.161600451289308999e+00,3.805063774338642846e-01,-9.482597547706668809e-03,-4.575950852711110906e-01,-1.443392881928257522e-08,-1.122683817906199977e+00,-3.805063419812557690e-01,1.002010112951570688e-09,2.343290613633388936e-03,-1.214237519579916026e-02,-4.186605486673240225e-08,1.448572842133247912e-02,1.028806705736038700e-07,-7.292593607472285783e-08,-3.285649586804211854e-03,1.845354337785713728e-02,3.046837697684168888e-06,-2.174374973295209110e-02,-7.487242359553841065e-06
5.164475994716211105e+00,3.805063774364416118e-01,-9.475872908247411075e-03,-4.576299248765567929e-01,-1.454161604419470053e-08,-1.122642253500246046e+00,-3.805063417166277273e-01,7.897280683656049570e-10,2.333831783900537551e-03,-1.208928215623786447e-02,-3.299693194448763688e-08,1.442316328761719495e-02,8.108585269629947185e-08,-7.470923723511160710e-08,-3.293160869965754221e-03,1.847376644115059086e-02,3.121345301422301811e-06,-2.177159551103035121e-02,-7.670335935258398920e-06
5.167351538143113210e+00,3.805063774384012665e-01,-9.469175499105884908e-03,-4.576646117270405933e-01,-1.462349560252601650e-08,-1.122600869118169253e+00,-3.805063415154189554e-01,5.724159699984802746e-10,2.324351368069340739e-03,-1.203613095265869230e-02,-2.391764973403752136e-08,1.436051808947695109e-02,5.877459336106701199e-08,-7.642454865548527319e-08,-3.300663157253292106e-03,1.849399766344726401e-02,3.193012263901094275e-06,-2.179943620384885636e-02,-7.846448972470296558e-06
5.170227081570015315e+00,3.805063774397289822e-01,-9.462505382316606720e-03,-4.576991456552757520e-01,-1.467897487976017475e-08,-1.122559664990176787e+00,-3.805063413790857330e-01,3.502684104987921541e-10,2.314849392076479256e-03,-1.198292156154228544e-02,-1.463633840191125690e-08,1.429779284148833575e-02,3.596687148647721574e-08,-7.807250668786796061e-08,-3.308156400900516374e-03,1.851423708492559023e-02,3.261865172165289514e-06,-2.182727184358262962e-02,-8.015646805694543535e-06
5.173102624996917420e+00,3.805063774404112142e-01,-9.455862619839315933e-03,-4.577335264939071391e-01,-1.470748453007677961e-08,-1.122518641346434976e+00,-3.805063413090272739e-01,1.234781519051483261e-10,2.305325881996098981e-03,-1.192965395925377377e-02,-5.161051631012842232e-09,1.423498755813551453e-02,1.268247804167378031e-08,-7.965374820358002006e-08,-3.315640553077683819e-03,1.853448474581833802e-02,3.327930634956040045e-06,-2.185510246243003996e-02,-8.177994822752506133e-06
5.175978168423819525e+00,3.805063774404348620e-01,-9.449247273558541299e-03,-4.577677540755121788e-01,-1.470847825633109433e-08,-1.122477798417068406e+00,-3.805063413065858380e-01,-1.077638758142397392e-10,2.295780864039945798e-03,-1.187632812204236950e-02,4.500233440394892612e-09,1.417210225380983145e-02,-1.105898410356468177e-08,-8.116891056946068209e-08,-3.323115565891350456e-03,1.855474068641300989e-02,3.391235281717463382e-06,-2.188292809261143876e-02,-8.333558462340626271e-06
5.178853711850721631e+00,3.805063774397873799e-01,-9.442659405283273036e-03,-4.578018282325994059e-01,-1.468143258986220163e-08,-1.122437136432159921e+00,-3.805063413730479516e-01,-3.432685761500722244e-10,2.286214364557602376e-03,-1.182294402604148857e-02,1.433961627670377142e-08,1.410913694281012640e-02,-3.523810032138579338e-08,-8.261863162396650793e-08,-3.330581391384053198e-03,1.857500494705213723e-02,3.451805761598045673e-06,-2.191074876636767838e-02,-8.482403211576485742e-06
5.181729255277623736e+00,3.805063774384567776e-01,-9.436099076746527411e-03,-4.578357487976086881e-01,-1.462584667013878370e-08,-1.122396655621752171e+00,-3.805063415096442969e-01,-5.828486873747776805e-10,2.276626410036641703e-03,-1.176950164726844016e-02,2.434927300022791095e-08,1.404609163934246799e-02,-5.983564436167721825e-08,-8.400354965319691597e-08,-3.338037981534026661e-03,1.859527756813367239e-02,3.509668742448957052e-06,-2.193856451595867230e-02,-8.624594603537299667e-06
5.184604798704525841e+00,3.805063774364316198e-01,-9.429566349604937350e-03,-4.578695156029108371e-01,-1.454124202424981414e-08,-1.122356356215846063e+00,-3.805063417175507667e-01,-8.263187837953484000e-10,2.267017027102804453e-03,-1.171600096162418898e-02,3.452145644354681262e-08,1.398296635752002172e-02,-8.483257848069438105e-08,-8.532430336681271743e-08,-3.345485288254900456e-03,1.861555859011120376e-02,3.564850909817937436e-06,-2.196637537366185125e-02,-8.760198214787495087e-06
5.187480342131427946e+00,3.805063774337010263e-01,-9.423061285438396814e-03,-4.579031284808071645e-01,-1.442716234624933022e-08,-1.122316238444402980e+00,-3.805063419978886308e-01,-1.073495276935764769e-09,2.257386242520211927e-03,-1.166244194489339699e-02,4.484849619890859970e-08,1.391976111136323559e-02,-1.102100535624627649e-07,-8.658153187385077142e-08,-3.352923263395407322e-03,1.863584805349446233e-02,3.617378965938806546e-06,-2.199418137177085869e-02,-8.889279662895564421e-06
5.190355885558330051e+00,3.805063774302545054e-01,-9.416583945749625387e-03,-4.579365872635289825e-01,-1.428317327636299328e-08,-1.122276302537344117e+00,-3.805063423517251464e-01,-1.324196416650925626e-09,2.247734083191545162e-03,-1.160882457274414921e-02,5.532279866477023758e-08,1.385647591479966315e-02,-1.359494092331431419e-07,-8.777587465844688242e-08,-3.360351858739071742e-03,1.865614599884952290e-02,3.667279628717164401e-06,-2.202198254259388199e-02,-9.011904603941542268e-06
5.193231428985232156e+00,3.805063774260821763e-01,-9.410134391963791839e-03,-4.579698917832376037e-01,-1.410886218006498022e-08,-1.122236548724549809e+00,-3.805063427800746134e-01,-1.578242292170451397e-09,2.238060576158208432e-03,-1.155514882072772830e-02,6.593684708940720381e-08,1.379311078166385596e-02,-1.620321739682003455e-07,-8.890797155545712008e-08,-3.367771026003922412e-03,1.867645246679924820e-02,3.714579630711840124e-06,-2.204977891845232713e-02,-9.128138730014023050e-06
5.196106972412134262e+00,3.805063774211748240e-01,-9.403712685428108203e-03,-4.580030418720240637e-01,-1.390383792703425384e-08,-1.122196977235861759e+00,-3.805063432838979298e-01,-1.835454833071377360e-09,2.228365748600560393e-03,-1.150141466427861969e-02,7.668320161155397665e-08,1.372966572569751277e-02,-1.884400651922700827e-07,-8.997846272597835526e-08,-3.375180716842178259e-03,1.869676749802353169e-02,3.759305718112132699e-06,-2.207757053167922270e-02,-9.238047766696861791e-06
5.198982515839037255e+00,3.805063774155234557e-01,-9.397318887411403032e-03,-4.580360373619083436e-01,-1.366773066999649048e-08,-1.122157588301081699e+00,-3.805063438641040907e-01,-2.095657810182525409e-09,2.218649627838062844e-03,-1.144762207871416297e-02,8.755449929818876534e-08,1.366614076054925402e-02,-2.151549893720112685e-07,-9.098798863277956647e-08,-3.382580882839960040e-03,1.871709113325975560e-02,3.801484649711303594e-06,-2.210535741461782180e-02,-9.341697470546665952e-06
5.201858059265938472e+00,3.805063774091198003e-01,-9.390953059103767514e-03,-4.580688780848394259e-01,-1.340019162346451903e-08,-1.122118382149972504e+00,-3.805063445215501328e-01,-2.358676836414502868e-09,2.208912241329491488e-03,-1.139377103923448417e-02,9.854345417921058900e-08,1.360253589977468078e-02,-2.421590421013205574e-07,-9.193719001561232499e-08,-3.389971475516965951e-03,1.873742341330302680e-02,3.841143195875063431e-06,-2.213313959961998173e-02,-9.439153626557959554e-06
5.204733602692841465e+00,3.805063774019560308e-01,-9.384615261616163426e-03,-4.581015638726945172e-01,-1.310089284238237702e-08,-1.122079359012258415e+00,-3.805063452570419114e-01,-2.624339367520272524e-09,2.199153616673139335e-03,-1.133986152092240213e-02,1.096428572792172860e-07,1.353885115683646501e-02,-2.694345081794229581e-07,-9.282670786643530620e-08,-3.397352446326180192e-03,1.875776437900662785e-02,3.878308137506424875e-06,-2.216091711904479705e-02,-9.530482045619426346e-06
5.207609146119742682e+00,3.805063773940245975e-01,-9.378305555979923533e-03,-4.581340945572794920e-01,-1.276952700067708303e-08,-1.122040519117624369e+00,-3.805063460713347112e-01,-2.892474702788696219e-09,2.189373781606983229e-03,-1.128589349874310234e-02,1.208455766464808433e-07,1.347508654510412400e-02,-2.969638616820758849e-07,-9.365718340456267372e-08,-3.404723746653564188e-03,1.877811407128228763e-02,3.913006265007394407e-06,-2.218869000525697591e-02,-9.615748561962411092e-06
5.210484689546645676e+00,3.805063773853189502e-01,-9.372024003146465360e-03,-4.581664699703276722e-01,-1.240580716974106496e-08,-1.122001862695717556e+00,-3.805063469651335795e-01,-3.162913985657651661e-09,2.179572764008882481e-03,-1.123186694754400514e-02,1.321445573785644922e-07,1.341124207785407418e-02,-3.247297660245197724e-07,-9.442925805165878011e-08,-3.412085327817749539e-03,1.879847253110055946e-02,3.945264377234242727e-06,-2.221645829062538283e-02,-9.695019030593603367e-06
5.213360232973546893e+00,3.805063773758324275e-01,-9.365770663986831487e-03,-4.581986899435000482e-01,-1.200946659683810712e-08,-1.121963389976146974e+00,-3.805063479390941028e-01,-3.435490204261792254e-09,2.169750591896797004e-03,-1.117778184205475006e-02,1.435328216452078970e-07,1.334731776826977336e-02,-3.527150740177152930e-07,-9.514357340667792951e-08,-3.419437141069714935e-03,1.881883979949118893e-02,3.975109280450480133e-06,-2.224422200752149484e-02,-9.768359324722102131e-06
5.216235776400449886e+00,3.805063773655592008e-01,-9.359545599291299242e-03,-4.582307543083847801e-01,-1.158025848344906205e-08,-1.121925101188484541e+00,-3.805063489938226295e-01,-3.710038191906641948e-09,2.159907293428942141e-03,-1.112363815688678301e-02,1.550034687081350340e-07,1.328331362944143966e-02,-3.809028279170196408e-07,-9.580077122068886433e-08,-3.426779137592495580e-03,1.883921591754346078e-02,4.002567787275005922e-06,-2.227198118831786450e-02,-9.835835333174621850e-06
5.219111319827351103e+00,3.805063773544939409e-01,-9.353348869768960891e-03,-4.582626628964966420e-01,-1.111795576356617794e-08,-1.121886996562263095e+00,-3.805063501298773243e-01,-3.986394627469264564e-09,2.150042896904031092e-03,-1.106943586653342734e-02,1.665496749377945403e-07,1.321922967436635864e-02,-4.092762594633229505e-07,-9.640149337160096974e-08,-3.434111268500855338e-03,1.885960092640652508e-02,4.027666715626162391e-06,-2.229973586538660721e-02,-9.897512957800637555e-06
5.221986863254254096e+00,3.805063773426315410e-01,-9.347180536047322921e-03,-4.582944155392774110e-01,-1.062235088194194754e-08,-1.121849076326979056e+00,-3.805063513477681125e-01,-4.264398035727257104e-09,2.140157430761419760e-03,-1.101517494536945196e-02,1.781646938271048352e-07,1.315506591594855709e-02,-4.378187899168262254e-07,-9.694638183878841067e-08,-3.441433484840989224e-03,1.887999486728978230e-02,4.050432887661528262e-06,-2.232748607109782957e-02,-9.953458110867024995e-06
5.224862406681155313e+00,3.805063773299676155e-01,-9.341040658671983382e-03,-4.583260120680942018e-01,-1.009325557231129221e-08,-1.121811340712093097e+00,-3.805063526479575686e-01,-4.543888787609760185e-09,2.130250923581362196e-03,-1.096085536765122569e-02,1.898418560019416317e-07,1.309082236699919688e-02,-4.665140300828130024e-07,-9.743607867759919137e-08,-3.448745737590180795e-03,1.890039778146325802e-02,4.070893128712877239e-06,-2.235523183781809933e-02,-1.000373671244088977e-05
5.227737950108058307e+00,3.805063773164980012e-01,-9.334929298106031670e-03,-4.583574523142406876e-01,-9.530500635564839616e-09,-1.121773789947027034e+00,-3.805063540308616377e-01,-4.824709100388126484e-09,2.120323404085152404e-03,-1.090647710751617427e-02,2.015745692291038851e-07,1.302649904023616377e-02,-4.953457803312244950e-07,-9.787122599381864731e-08,-3.456047977656532405e-03,1.892080971025792216e-02,4.089074266219272250e-06,-2.238297319790891540e-02,-1.004841468776773777e-05
5.230613493534959524e+00,3.805063773022190898e-01,-9.328846514729883729e-03,-4.583887361089356571e-01,-8.933935717940071940e-09,-1.121736424261167819e+00,-3.805063554968496908e-01,-5.106703037772891114e-09,2.110374901135368512e-03,-1.085204013898292442e-02,2.133563184203652036e-07,1.296209594828446818e-02,-5.242980306066151956e-07,-9.825246591794238118e-08,-3.463340155878591366e-03,1.894123069506605320e-02,4.105003128652168779e-06,-2.241071018372506676e-02,-1.008755796463005717e-05
5.233489036961862517e+00,3.805063772871279393e-01,-9.322792368840666227e-03,-4.584198632833231257e-01,-8.303429089165291648e-09,-1.121699243883865327e+00,-3.805063570462454137e-01,-5.389716509957986917e-09,2.100405443736034529e-03,-1.079754443595084754e-02,2.251806656343220223e-07,1.289761310367591729e-02,-5.533549604326955129e-07,-9.858044057944451360e-08,-3.470622223025090179e-03,1.896166077734165456e-02,4.118706544440325072e-06,-2.243844282761317879e-02,-1.012123247070541922e-05
5.236364580388763734e+00,3.805063772712216075e-01,-9.316766920651959813e-03,-4.584508336684716689e-01,-7.638867420637991372e-09,-1.121662249044433901e+00,-3.805063586793274721e-01,-5.673597273572828367e-09,2.090415061032873615e-03,-1.074298997220020715e-02,2.370412500743901575e-07,1.283305051884954355e-02,-5.825009389074062225e-07,-9.885579208086789823e-08,-3.477894129794575732e-03,1.898209999860073216e-02,4.130211340887297420e-06,-2.246617116191003058e-02,-1.014950413090634254e-05
5.239240123815666728e+00,3.805063772544978740e-01,-9.310770230293309926e-03,-4.584816470953744783e-01,-6.940155563588182340e-09,-1.121625439972152583e+00,-3.805063603963294572e-01,-5.958194931572030200e-09,2.080403782313442092e-03,-1.068837672139161081e-02,2.489317880841981658e-07,1.276840820615117965e-02,-6.117205246916022122e-07,-9.907916247186024583e-08,-3.485155826815123075e-03,1.900254840042174195e-02,4.139544343086645065e-06,-2.249389521894105959e-02,-1.017243886471453302e-05
5.242115667242567945e+00,3.805063772369549624e-01,-9.304802357809820873e-03,-4.585123033949489724e-01,-6.207216327269741066e-09,-1.121588816896264440e+00,-3.805063621974412724e-01,-6.243360933045517346e-09,2.070371637007394853e-03,-1.063370465706612450e-02,2.608460731396533978e-07,1.270368617783386098e-02,-6.409984659895514547e-07,-9.925119372309694439e-08,-3.492407264644003216e-03,1.902300602444589525e-02,4.146732372832413738e-06,-2.252161503101872062e-02,-1.019010258350355326e-05
5.244991210669470938e+00,3.805063772185913740e-01,-9.298863363161807144e-03,-4.585428023980360202e-01,-5.439990257185809411e-09,-1.121552380045977459e+00,-3.805063640828088567e-01,-6.528948572950530000e-09,2.060318654686659270e-03,-1.057897375264499513e-02,2.727779758377451229e-07,1.263888444605773716e-02,-6.703197005214229540e-07,-9.937252770008512268e-08,-3.499648393767351359e-03,1.904347291237758200e-02,4.151802247524671688e-06,-2.254933063044094535e-02,-1.020256118784925924e-05
5.247866754096373043e+00,3.805063771994061650e-01,-9.292953306224304225e-03,-4.585731439353999406e-01,-4.638435413332518354e-09,-1.121516129650465210e+00,-3.805063660525352942e-01,-6.814812991776068698e-09,2.050244865065631653e-03,-1.052418398142935044e-02,2.847214438825243867e-07,1.257400302288999398e-02,-6.996693554888325149e-07,-9.944380613689792616e-08,-3.506879164599856387e-03,1.906394910598466219e-02,4.154780779072099721e-06,-2.257704204948947704e-02,-1.020988056483310823e-05
5.250742297523275148e+00,3.805063771793986693e-01,-9.287072246786730323e-03,-4.586033278377282252e-01,-3.802527148508449448e-09,-1.121480065938866399e+00,-3.805063681066812031e-01,-7.100811175123038122e-09,2.040150298001411431e-03,-1.046933531660023363e-02,2.966705020675627262e-07,1.250904192030512924e-02,-7.290327475317377667e-07,-9.946567060977840276e-08,-3.514099527484424758e-03,1.908443464709893775e-02,4.155694772789163620e-06,-2.260474932042833354e-02,-1.021212658533203459e-05
5.253617840950177253e+00,3.805063771585687205e-01,-9.281220244552409321e-03,-4.586333539356310940e-01,-2.932257886660869433e-09,-1.121444189140285985e+00,-3.805063702452652352e-01,-7.386801953215509919e-09,2.030034983493989378e-03,-1.041442773121825996e-02,3.086192522555324296e-07,1.244400115018485554e-02,-7.583953826782590834e-07,-9.943876251066376759e-08,-3.521309432691862185e-03,1.910492957761642657e-02,4.154571026289941635e-06,-2.263245247550218012e-02,-1.020936510130019225e-05
5.256493384377079359e+00,3.805063771369166514e-01,-9.275397359138237707e-03,-4.586632220596409404e-01,-2.027636901313253534e-09,-1.121408499483794285e+00,-3.805063724682645199e-01,-7.672646000328968010e-09,2.019898951686452740e-03,-1.035946119822347446e-02,3.205618733543181414e-07,1.237888072431817671e-02,-7.877429562859750131e-07,-9.936372302058593466e-08,-3.528508830420533197e-03,1.912543393949781012e-02,4.151436328376786761e-06,-2.266015154693468495e-02,-1.020166194303796634e-05
5.259368927803981464e+00,3.805063771144429619e-01,-9.269603650074171100e-03,-4.586929320402124421e-01,-1.088690094042069016e-09,-1.121372997198427646e+00,-3.805063747756153858e-01,-7.958205834150656448e-09,2.009742232865202507e-03,-1.030443569043515591e-02,3.324926212902918625e-07,1.231368065440145709e-02,-8.170613529762521309e-07,-9.924119308300047432e-08,-3.535697670796050622e-03,1.914594777476876300e-02,4.146317457926004073e-06,-2.268784656692691623e-02,-1.018908291645365122e-05
5.262244471230883569e+00,3.805063770911487064e-01,-9.263839176802764544e-03,-4.587224837077216177e-01,-1.154603499297059747e-10,-1.121337682513188660e+00,-3.805063771672125283e-01,-8.243114501941073472e-09,1.999564859764620291e-03,-1.024935117826465507e-02,3.443961647057273590e-07,1.224840096650960802e-02,-8.463128977569765495e-07,-9.648877766154311757e-08,-3.542850170320595900e-03,1.916649666388891768e-02,4.031321834297021478e-06,-2.271537597110956375e-02,-9.906494802380674743e-06
5.265120014657785674e+00,3.805063770671032741e-01,-9.258103998001816770e-03,-4.587518768917938083e-01,8.891538271636704469e-10,-1.121302555652794908e+00,-3.805063796359332562e-01,-8.461320847400946568e-09,1.989367519661511870e-03,-1.019420698256704935e-02,3.535128832619421029e-07,1.218304579599075767e-02,-8.687161509812731339e-07,-5.549068815923062367e-08,-3.549611449513699092e-03,1.918743278719351950e-02,2.318420206830539876e-06,-2.274051160257757956e-02,-5.697242221054920780e-06
5.267995558084687779e+00,3.805063770425981540e-01,-9.252398170052173951e-03,-4.587811114197835050e-01,1.912974928633950615e-09,-1.121267616828060198e+00,-3.805063821518526179e-01,-8.563461092073396256e-09,1.979150733746572015e-03,-1.013900258904515232e-02,3.577803560183804951e-07,1.211761823424141980e-02,-8.792029578243091883e-07,-1.576000075212895403e-08,-3.556375101797184472e-03,1.920836552906389494e-02,6.584706771423119777e-07,-2.276572541947896253e-02,-1.618113139388926328e-06
5.270871101511589885e+00,3.805063770179618610e-01,-9.246721748880639205e-03,-4.588101871186029967e-01,2.942276832331186500e-09,-1.121232866247470650e+00,-3.805063846812404837e-01,-8.553159003676930272e-09,1.968914495483400397e-03,-1.008373800714786744e-02,3.573499840996815390e-07,1.205211805774251271e-02,-8.781453685922495041e-07,2.271768162575844705e-08,-3.563140927197937582e-03,1.922929508045766872e-02,-9.491282646037371115e-07,-2.279101651319577829e-02,2.332370581694721822e-06
5.273746644938491990e+00,3.805063769935125850e-01,-9.241074790432016878e-03,-4.588391038151907741e-01,3.963766290313423769e-09,-1.121198304120151867e+00,-3.805063871914301510e-01,-8.433996964963660360e-09,1.958658798910595938e-03,-1.002841324577511545e-02,3.523714395653843314e-07,1.198654504558693129e-02,-8.659111846188584274e-07,5.995674590026953734e-08,-3.569908725773141781e-03,1.925022163229545002e-02,-2.504977704587549656e-06,-2.281638397573701113e-02,6.155686040188744737e-06
5.276622188365394095e+00,3.805063769695581355e-01,-9.235457350667389959e-03,-4.588678613365104186e-01,4.964577958651104420e-09,-1.121163930655859842e+00,-3.805063896508066312e-01,-8.209516003820224435e-09,1.948383638641625190e-03,-9.973028313277723308e-03,3.429926666675458839e-07,1.192089897947739424e-02,-8.428639613559480601e-07,9.597156820130143175e-08,-3.576678297616758730e-03,1.927114537545440362e-02,-4.009678277934339802e-06,-2.284182689977953470e-02,9.853309225672361274e-06
5.279497731792296200e+00,3.805063769463964962e-01,-9.229869485562525872e-03,-4.588964595095484378e-01,5.932269430929613668e-09,-1.121129746064975619e+00,-3.805063920287941048e-01,-7.883215825260141593e-09,1.938089009864752722e-03,-9.917583217457826700e-03,3.293598831873825129e-07,1.185517964372480998e-02,-8.093630116580142690e-07,1.307765132033851447e-07,-3.583449442866027540e-03,1.929206650076191812e-02,-5.463830141163774732e-06,-2.286734437870954761e-02,1.342671495160843080e-05
5.282373275219198305e+00,3.805063769243153815e-01,-9.224311251106181650e-03,-4.589248981613133771e-01,6.854816275735636290e-09,-1.121095750558495530e+00,-3.805063942958440415e-01,-7.458554845311658110e-09,1.927774908342881535e-03,-9.862077965568876933e-03,3.116175818511048930e-07,1.178938682524596770e-02,-7.657634092614857155e-07,1.643859334647664708e-07,-3.590221961707983859e-03,1.931298519898914934e-02,-6.868032944576766972e-06,-2.289293550666386678e-02,1.687737678748727280e-05
5.285248818646100410e+00,3.805063769035927357e-01,-9.218782703298494113e-03,-4.589531771188334885e-01,7.720607078307359439e-09,-1.121061944348026529e+00,-3.805063964234226548e-01,-6.938950226815897584e-09,1.917441330413396710e-03,-9.806512564315791880e-03,2.899085318255660072e-07,1.172352031356133431e-02,-7.124159924600983863e-07,1.968141687631948490e-07,-3.596995654386010623e-03,1.933390166084456713e-02,-8.222885804504709916e-06,-2.291859937857157123e-02,2.020676699063242288e-05
5.288124362073002516e+00,3.805063768844966776e-01,-9.213283898149304124e-03,-4.589812962091555093e-01,8.518438486614816176e-09,-1.121028327645775757e+00,-3.805063983839992447e-01,-6.327777917134666706e-09,1.907088272988022521e-03,-9.750887019855306384e-03,2.643737802936947826e-07,1.165757990079287383e-02,-6.496673679763393008e-07,2.280755454297761273e-07,-3.603770321206403553e-03,1.935481607696747791e-02,-9.528987275477824261e-06,-2.294433509019573256e-02,2.341635643780770289e-05
5.290999905499904621e+00,3.805063768672856672e-01,-9.207814891676475641e-03,-4.590092552593434960e-01,9.237510262088055124e-09,-1.120994900664543881e+00,-3.805064001510332639e-01,-5.628372687771648080e-09,1.896715733552595175e-03,-9.695201337795963589e-03,2.351526541098696795e-07,1.159156538166135342e-02,-5.778599150293304980e-07,2.581843756804831763e-07,-3.610545762544982613e-03,1.937572863792157846e-02,-1.078693532229564756e-05,-2.297014173817527732e-02,2.650761455658370817e-05
5.293875448926806726e+00,3.805063768522088385e-01,-9.202375739904329263e-03,-4.590370540964764379e-01,9.867420335201115911e-09,-1.120961663617720427e+00,-3.805064016989629927e-01,-4.844028175937213531e-09,1.886323710166876340e-03,-9.639455523198496578e-03,2.023827615364989688e-07,1.152547655348393901e-02,-4.973317896022671054e-07,2.871549569442995988e-07,-3.617321778853693943e-03,1.939663953418834658e-02,-1.199732729195687141e-05,-2.299601842006704019e-02,2.948200925635872743e-05
5.296750992353708831e+00,3.805063768395055557e-01,-9.196966498861891895e-03,-4.590646925476472573e-01,1.039815986619116419e-08,-1.120928616719271798e+00,-3.805064030031929390e-01,-3.977996928025561535e-09,1.875912201464321983e-03,-9.583649580576019192e-03,1.661999940604962287e-07,1.145931321617143714e-02,-4.084169289061922964e-07,3.150015711900333070e-07,-3.624098170667272058e-03,1.941754895616059143e-02,-1.316075988553357858e-05,-2.302196423438799752e-02,3.234100685924304639e-05
5.299626535780610936e+00,3.805063768294062454e-01,-9.191587224581328555e-03,-4.590921704399610337e-01,1.082010831109843453e-08,-1.120895760183736600e+00,-3.805064040400816250e-01,-3.033490445051124987e-09,1.865481206651836699e-03,-9.527783513894343484e-03,1.267385282916146925e-07,1.139307517222552281e-02,-3.114450560449294451e-07,3.417384842497228306e-07,-3.630874738609896849e-03,1.943845709413581993e-02,-1.427782912990315990e-05,-2.304797828065756338e-02,3.508607203059341327e-05
5.302502079207513042e+00,3.805063768221318421e-01,-9.186237973096245818e-03,-4.591194876005334491e-01,1.112402849339221495e-08,-1.120863094226218548e+00,-3.805064047869298194e-01,-2.013679230020750344e-09,1.855030725509485738e-03,-9.471857326572116764e-03,8.413082794165905613e-08,1.132676222673562570e-02,-2.067416848787572473e-07,3.673799451400925366e-07,-3.637651283401900464e-03,1.945936413830967257e-02,-1.534913034939865522e-05,-2.307405965944015966e-02,3.771866770934723849e-05
5.305377622634415147e+00,3.805063768178945094e-01,-9.180918800440068112e-03,-4.591466438564891783e-01,1.130106168140075250e-08,-1.120830619062377131e+00,-3.805064052219683246e-01,-9.216928372697066346e-10,1.844560758390250419e-03,-9.415871021481362832e-03,3.850764588574414539e-08,1.126037418737617195e-02,-9.462812508971190198e-08,3.919401853812202908e-07,-3.644427605866472006e-03,1.948027027876928982e-02,-1.637525813734272035e-05,-2.310020747238784519e-02,4.024025503807052449e-05
5.308253166061317252e+00,3.805063768168973626e-01,-9.175629762644351567e-03,-4.591736390349606123e-01,1.134272267178853240e-08,-1.120798334908420957e+00,-3.805064053243457090e-01,2.393800762528437519e-10,1.834071306219665996e-03,-9.359824600947483711e-03,-1.000197369499500379e-08,1.119391086440297764e-02,2.457851255295927559e-08,4.154334183130306798e-07,-3.651203506936422528e-03,1.950117570548668897e-02,-1.735680632749063469e-05,-2.312642082228315299e-02,4.265229329278263611e-05
5.311128709488219357e+00,3.805063768193345242e-01,-9.170370915737200215e-03,-4.592004729630858595e-01,1.124089487931097785e-08,-1.120766241981101974e+00,-3.805064050741164272e-01,1.466491697706030355e-09,1.823562370495556686e-03,-9.303718066749948334e-03,-6.127069308745598432e-08,1.112737207065037093e-02,1.505653107227950893e-07,4.378738384087396020e-07,-3.657978787660930067e-03,1.952208060831207848e-02,-1.829436796534605051e-05,-2.315269881308208016e-02,4.495623981246798059e-05
5.314004252915121462e+00,3.805063768253917345e-01,-9.165142315741598919e-03,-4.592271454680072473e-01,1.098782543309229954e-08,-1.120734340497705039e+00,-3.805064044522287192e-01,2.756635003119244906e-09,1.813033953287645789e-03,-9.247551420122401833e-03,-1.151728787387213116e-07,1.106075762152745889e-02,2.830235398648603726e-07,4.592756205862370223e-07,-3.664753249212344098e-03,1.954298517696718279e-02,-1.918853527939051430e-05,-2.317904054995722357e-02,4.715354992837607155e-05
5.316879796342023567e+00,3.805063768352457965e-01,-9.159944018673728955e-03,-4.592536563768699898e-01,1.057612027965438624e-08,-1.120702630676043032e+00,-3.805064034405125084e-01,4.106843700176546602e-09,1.802486057237223270e-03,-9.191324661753187686e-03,-1.715845988655900976e-07,1.099406733501472402e-02,4.216486523214526042e-07,4.796529195170643121e-07,-3.671526692893006903e-03,1.956388960103852201e-02,-2.003989965221250806e-05,-2.320544513934105074e-02,4.924567689307460505e-05
5.319755339768925673e+00,3.805063768490652976e-01,-9.154776080541344313e-03,-4.592800055168206885e-01,9.998739292939156857e-09,-1.120671112734447972e+00,-3.805064020216676890e-01,5.514192168998986048e-09,1.791918685556730942e-03,-9.135037791785595787e-03,-2.303836209804610230e-07,1.092730103166017833e-02,5.661402762522502841e-07,4.990198689325869562e-07,-3.678298920142099651e-03,1.958479406997069502e-02,-2.084905159151937968e-05,-2.323191168896941369e-02,5.123407180921452396e-05
5.322630883195827778e+00,3.805063768670103874e-01,-9.149638557342193099e-03,-4.593061927150052237e-01,9.248991391576703561e-09,-1.120639786891765022e+00,-3.805064001792515249e-01,6.975795400909350278e-09,1.781331842029388202e-03,-9.078690809818457455e-03,-2.914494093329218590e-07,1.086045853457574990e-02,7.162022093473289176e-07,5.173905809274098515e-07,-3.685069732542486324e-03,1.960569877305954473e-02,-2.161658070103394149e-05,-2.325843930792506273e-02,5.312018355801213960e-05
5.325506426622729883e+00,3.805063768892330001e-01,-9.144531505062284543e-03,-4.593322177985676991e-01,8.320529663610544263e-09,-1.120608653367343610e+00,-3.805063978976673811e-01,8.488808935236770197e-09,1.770725531008750329e-03,-9.022283714906452479e-03,-3.546631222694445918e-07,1.079353966943318727e-02,8.715424123389184712e-07,5.347791452610539632e-07,-3.691838931827637425e-03,1.962660389944547931e-02,-2.234307565131855923e-05,-2.328502710668151759e-02,5.490545872755257003e-05
5.328381970049631988e+00,3.805063769158768539e-01,-9.139454979674289589e-03,-4.593580805946487211e-01,7.207346498950402985e-09,-1.120577712381030766e+00,-3.805063951621522333e-01,1.005042879407318973e-08,1.760099757418283253e-03,-8.965816505560662494e-03,-4.199076095075074813e-07,1.072654426446013540e-02,1.031873002302884925e-06,5.511996286564854077e-07,-3.698606319888525073e-03,1.964750963810655768e-02,-2.302912415046762913e-05,-2.331167419714691436e-02,5.659134154077005892e-05
5.331257513476534982e+00,3.805063769470777846e-01,-9.134409037135918924e-03,-4.593837809303839559e-01,5.903768729784155183e-09,-1.120546964153164460e+00,-3.805063919587648447e-01,1.165789141501548973e-08,1.749454526750867430e-03,-8.909289179748900583e-03,-4.870674093255605059e-07,1.065947215043574169e-02,1.196910245753403332e-06,5.666660740962337198e-07,-3.705371698780576210e-03,1.966841617785173094e-02,-2.367531291469942070e-05,-2.333837969270813675e-02,5.817927378318094733e-05
5.334133056903436199e+00,3.805063769829637454e-01,-9.129393733388268053e-03,-4.594093186329021861e-01,4.404452779188777358e-09,-1.120516408904564498e+00,-3.805063882743741632e-01,1.330847358188551341e-08,1.738789845068357438e-03,-8.852701734896398222e-03,-5.560287456685053320e-07,1.059232316068659148e-02,1.366374551530016960e-06,5.811925001161118533e-07,-3.712134870730632308e-03,1.968932370731391740e-02,-2.428222763884764100e-05,-2.336514270827502390e-02,5.967069473037012504e-05
5.337008600330339192e+00,3.805063770236546961e-01,-9.124409124354165845e-03,-4.594346935293241452e-01,2.704379818177877186e-09,-1.120486046856527640e+00,-3.805063840966469435e-01,1.499949235342346708e-08,1.728105719001051584e-03,-8.796054167886186922e-03,-6.266795251685021913e-07,1.052509713108209892e-02,1.539990463476625757e-06,5.947929000964536325e-07,-3.718895638143950716e-03,1.971023241494317124e-02,-2.485045296674936262e-05,-2.339196236032480350e-02,6.106704107522296530e-05
5.339884143757240409e+00,3.805063770692633240e-01,-9.119455265936571645e-03,-4.594599054467610189e-01,7.988509314571028376e-10,-1.120455878230817826e+00,-3.805063794140361444e-01,1.672830498991862437e-08,1.717402155747166500e-03,-8.739346475059639463e-03,-6.989093340796022198e-07,1.045779390002992380e-02,1.717486652908706409e-06,6.074812415505726194e-07,-3.725653803611209906e-03,1.973114248899972278e-02,-2.538057246151673889e-05,-2.341883776694659441e-02,6.236974685487144370e-05
5.342759687184143402e+00,3.805063771198944345e-01,-9.114532214016946368e-03,-4.594849542123123354e-01,-1.316517707885437930e-09,-1.120425903249660626e+00,-3.805063742157689388e-01,1.849230887779722029e-08,1.706679163072317377e-03,-8.682578652217129087e-03,-7.726094351270221689e-07,1.039041330847143355e-02,1.898595910870779206e-06,6.192714654108092651e-07,-3.732409169915559388e-03,1.975205411754709164e-02,-2.587316857570811862e-05,-2.344576804788622848e-02,6.358024337739337734e-05
5.345635230611044619e+00,3.805063771756454494e-01,-9.109640024453585436e-03,-4.595098396530647999e-01,-3.645799654532775900e-09,-1.120396122135735251e+00,-3.805063684918352229e-01,2.028894145217671181e-08,1.695936749308937916e-03,-8.625750694618525630e-03,-8.476727642714630884e-07,1.032295519987673493e-02,2.083055140185110493e-06,6.301774853122642857e-07,-3.739161540039684806e-03,1.977296748844510621e-02,-2.632882262140234152e-05,-2.347275232459099595e-02,6.469995914827339023e-05
5.348510774037947613e+00,3.805063772366067409e-01,-9.104778753079993334e-03,-4.595345615960912400e-01,-6.192762997640015818e-09,-1.120366535112166995e+00,-3.805063622329752926e-01,2.211568011733255387e-08,1.685174923355679463e-03,-8.568862596983691654e-03,-9.239939273862094982e-07,1.025541942023963995e-02,2.270605347286064133e-06,6.402131868737021004e-07,-3.745910717172902960e-03,1.979388278934288495e-02,-2.674811474015489297e-05,-2.349978972025476912e-02,6.573031979657388861e-05
5.351386317464848830e+00,3.805063773028611318e-01,-9.099948455703320629e-03,-4.595591198684477741e-01,-8.960875157825590866e-09,-1.120337142402521469e+00,-3.805063554306684082e-01,2.397004216507483555e-08,1.674393694676856552e-03,-8.511914353493396646e-03,-1.001469196846900733e-06,1.018780581807289531e-02,2.460991633839887652e-06,6.493924269758161866e-07,-3.752656504718264192e-03,1.981480020767190098e-02,-2.713162387284379535e-05,-2.352687935986316065e-02,6.667274800083472128e-05
5.354261860891751823e+00,3.805063773744846722e-01,-9.095149188102651799e-03,-4.595835142971735343e-01,-1.195330767431623558e-08,-1.120307944230794606e+00,-3.805063480771208040e-01,2.584958469110756505e-08,1.663593073301759730e-03,-8.454905957789577223e-03,-1.079996508037021555e-06,1.012011424440255325e-02,2.653963188157352675e-06,6.577290330374495900e-07,-3.759398706299719398e-03,1.983571993063888358e-02,-2.747992772943009813e-05,-2.355402037023890741e-02,6.752866341476333159e-05
5.357137404318653040e+00,3.805063774515461406e-01,-9.090381006027430100e-03,-4.596077447092883905e-01,-1.517294098183778455e-08,-1.120278940821408664e+00,-3.805063401652542532e-01,2.775190450924418369e-08,1.652773069824067060e-03,-8.397837402976322460e-03,-1.159475455763821576e-06,1.005234455276298768e-02,2.849273276386314384e-06,6.652368022887891993e-07,-3.766137125769264925e-03,1.985664214521877871e-02,-2.779360275859188905e-05,-2.358121188008733410e-02,6.829948259261386522e-05
5.360012947745556033e+00,3.805063775341078758e-01,-9.085643965195811314e-03,-4.596318109317917844e-01,-1.862236917711807146e-08,-1.120250132399202680e+00,-3.805063316886939107e-01,2.967463806355952242e-08,1.641933695401126591e-03,-8.340708681620271139e-03,-1.239807290588025041e-06,9.984496599191098470e-03,3.046679233492401784e-06,6.719295010422100327e-07,-3.772871567214149471e-03,1.987756703814768169e-02,-2.807322411726017816e-05,-2.360845302004206323e-02,6.898661891432523281e-05
5.362888491172457250e+00,3.805063776222250005e-01,-9.080938121293093829e-03,-4.596557127916605645e-01,-2.230390477466202367e-08,-1.120221519189425807e+00,-3.805063226417572664e-01,3.161546133841392223e-08,1.631074961753319064e-03,-8.283519785751583195e-03,-1.320894915064631373e-06,9.916570242221020570e-03,3.245942454021236144e-06,6.778208639604243722e-07,-3.779601834964077967e-03,1.989849479591572143e-02,-2.831936564004209261e-05,-2.363574292271084301e-02,6.959148251038229445e-05
5.365764034599360244e+00,3.805063777159462535e-01,-9.076263529970046359e-03,-4.596794501158484869e-01,-2.621958345165927758e-08,-1.120193101417731762e+00,-3.805063130194416554e-01,3.357208976640953532e-08,1.620196881163320007e-03,-8.226270706864482682e-03,-1.402642879897329691e-06,9.848565342878177337e-03,3.446828382648351220e-06,6.829245933223289797e-07,-3.786327733598467919e-03,1.991942560475993065e-02,-2.853259980854801458e-05,-2.366308072272157309e-02,7.011548018644083715e-05
5.368639578026261461e+00,3.805063778153139342e-01,-9.071620246841305066e-03,-4.597030227312836059e-01,-3.037116878166470328e-08,-1.120164879310168837e+00,-3.805063028174135442e-01,3.554227813420565793e-08,1.609299466475366163e-03,-8.168961435917972483e-03,-1.484957380003460714e-06,9.780481764673361680e-03,3.649106504509314361e-06,6.872543582860941619e-07,-3.793049067953709226e-03,1.994035965065705726e-02,-2.871349772060339389e-05,-2.369046555676834406e-02,7.056001534766931805e-05
5.371515121453164454e+00,3.805063779203638474e-01,-9.067008327483735974e-03,-4.597264304648677746e-01,-3.476015695687084454e-08,-1.120136853093174345e+00,-3.805062920319960407e-01,3.752382048623013914e-08,1.598382731094521265e-03,-8.111591963336653097e-03,-1.567746250491074440e-06,9.712319373596832797e-03,3.852550335313823287e-06,6.908237941498352973e-07,-3.799765643130469973e-03,1.996129711931643111e-02,-2.886262905935958419e-05,-2.371789656365788299e-02,7.092648792284236598e-05
5.374390664880065671e+00,3.805063780311254695e-01,-9.062427827434944849e-03,-4.597496731434737027e-01,-3.938778149853183702e-08,-1.120109022993568626e+00,-3.805062806601579584e-01,3.951455002618570820e-08,1.587446688985924038e-03,-8.054162279011661124e-03,-1.650918962543862183e-06,9.644078038112336576e-03,4.056937411233401982e-06,6.936465016092526213e-07,-3.806477264500983566e-03,1.998223819617271635e-02,-2.898056206227796636e-05,-2.374537288435597804e-02,7.121629428812306282e-05
5.377266208306968664e+00,3.805063781476222262e-01,-9.057878802191473080e-03,-4.597727505939449566e-01,-4.425501795574031233e-08,-1.120081389238545277e+00,-3.805062686995019927e-01,4.151233901657214695e-08,1.576491354673936664e-03,-7.996672372301075193e-03,-1.734386619223193525e-06,9.575757629150359260e-03,4.262049278585417769e-06,6.957360460136034138e-07,-3.813183737716439523e-03,2.000318306637870538e-02,-2.906786349004453730e-05,-2.377289366203407320e-02,7.143082719067406997e-05
5.380141751733870770e+00,3.805063782698713259e-01,-9.053361307207364803e-03,-4.597956626430934612e-01,-4.936258859164564911e-08,-1.120053952055666935e+00,-3.805062561482533412e-01,4.351509867589271399e-08,1.565516743241403188e-03,-7.939122232031175369e-03,-1.818061951173392672e-06,9.507358020102251936e-03,4.467671483279299389e-06,6.971059566181405786e-07,-3.819884868714306173e-03,2.002413191479803650e-02,-2.912509859533673893e-05,-2.380045804211612312e-02,7.157147567190587237e-05
5.383017295160772875e+00,3.805063783978840930e-01,-9.048875397892432171e-03,-4.598184091176983346e-01,-5.471096705749399457e-08,-1.120026711672855058e+00,-3.805062430052479905e-01,4.552077907384664197e-08,1.554522870328763073e-03,-7.881511846496956630e-03,-1.901859312242879237e-06,9.438879086813298583e-03,4.673593560056015096e-06,6.977697258347074423e-07,-3.826580463725766986e-03,2.004508492599796354e-02,-2.915283109151318002e-05,-2.382806517232554169e-02,7.163962499053558525e-05
5.385892838587674980e+00,3.805063785316661340e-01,-9.044421129610779111e-03,-4.598409898445042776e-01,-6.030038305367221984e-08,-1.119999668318386377e+00,-3.805062292699214477e-01,4.752736902424153487e-08,1.543509752133222657e-03,-7.823841203463176644e-03,-1.985694675010047246e-06,9.370320707576243816e-03,4.879609021493452013e-06,6.977408084791394522e-07,-3.833270329283101387e-03,2.006604228424194170e-02,-2.915162312117025535e-05,-2.385571420273226509e-02,7.163665654531838609e-05
5.388768382014577085e+00,3.805063786712171714e-01,-9.039998557679070068e-03,-4.598634046502199091e-01,-6.613082697806097927e-08,-1.119972822220882680e+00,-3.805062149422974160e-01,4.953289597586846561e-08,1.532477405407863718e-03,-7.766110290165130318e-03,-2.069485626224022427e-06,9.301682763124353992e-03,5.085515346802604618e-06,6.970326210167464968e-07,-3.839954272227166180e-03,2.008700417348243880e-02,-2.912203522461817131e-05,-2.388340428580013400e-02,7.156394779758129651e-05
5.391643925441479190e+00,3.805063788165312100e-01,-9.035607737365032935e-03,-4.598856533615166553e-01,-7.220205456085316248e-08,-1.119946173609305262e+00,-3.805062000229760821e-01,5.153542590108048285e-08,1.521425847460770473e-03,-7.708319093309694107e-03,-2.153151362149466955e-06,9.232965136624627506e-03,5.291113970388003457e-06,6.956585408046046647e-07,-3.846632099714842289e-03,2.010797077735345176e-02,-2.906462630822403479e-05,-2.391113457643423770e-02,7.142287219342988744e-05
5.394519468868381296e+00,3.805063789675971475e-01,-9.031248723885833621e-03,-4.599077358050264741e-01,-7.851359148602566165e-08,-1.119919722712949595e+00,-3.805061845131230691e-01,5.353306318225908744e-08,1.510355096154072235e-03,-7.650467599076071941e-03,-2.236612683823147736e-06,9.164167713670493334e-03,5.496210270191283101e-06,6.936319053315771085e-07,-3.853303619226540033e-03,2.012894227916319986e-02,-2.897995361265980670e-05,-2.393890423202857040e-02,7.121479908572154202e-05
5.397395012295283401e+00,3.805063791243981086e-01,-9.026921572406452349e-03,-4.599296518073414664e-01,-8.506473799905916170e-08,-1.119893469761434890e+00,-3.805061684144578349e-01,5.552395049609807046e-08,1.499265169903035710e-03,-7.592555793116890703e-03,-2.319791992219312469e-06,9.095290382274764593e-03,5.700613555810663300e-06,6.909660114558114923e-07,-3.859968638573720023e-03,2.014991886188668285e-02,-2.886857268104496934e-05,-2.396671241251378814e-02,7.094109365577970267e-05
5.400270555722185506e+00,3.805063792869119998e-01,-9.022626338038132812e-03,-4.599514011950111558e-01,-9.185457350048528271e-08,-1.119867414984698994e+00,-3.805061517292427364e-01,5.750626869563743309e-08,1.488156087675077729e-03,-7.534583660559052848e-03,-2.402613283321057770e-06,9.026333032862134120e-03,5.904137056389440015e-06,6.876741146393607021e-07,-3.866626965906448318e-03,2.017090070815825281e-02,-2.873103732696890823e-05,-2.399455828040514271e-02,7.060311683481274069e-05
5.403146099149087611e+00,3.805063794551116763e-01,-9.018363075836787965e-03,-4.599729837945419897e-01,-9.888196112524934819e-08,-1.119841558612992616e+00,-3.805061344602715390e-01,5.947823669013982774e-08,1.477027868988806157e-03,-7.476551186004867441e-03,-2.485002143101573407e-06,8.957295558261841803e-03,6.106597908282961245e-06,6.837694281804653232e-07,-3.873278409720955044e-03,2.019188800026416875e-02,-2.856789960241569893e-05,-2.402244100085057163e-02,7.020222522509309536e-05
5.406021642575989716e+00,3.805063796289649414e-01,-9.014131840801438769e-03,-4.599943994323948959e-01,-1.061455523074121778e-07,-1.119815900876869996e+00,-3.805061166108580362e-01,6.143811132271999258e-08,1.465880533912991427e-03,-7.418458353532940072e-03,-2.566885742411484467e-06,8.888177853699883932e-03,6.307817142494900719e-06,6.792651224430465195e-07,-3.879922778867243328e-03,2.021288092013509563e-02,-2.837970976557229453e-05,-2.405035974167893040e-02,6.973977102084926198e-05
5.408897186002891821e+00,3.805063798084344362e-01,-9.009932687872552332e-03,-4.600156479349847838e-01,-1.136437913302063891e-07,-1.119790442007183806e+00,-3.805060981848252810e-01,6.338418724581887129e-08,1.454714103065544344e-03,-7.360305146699229299e-03,-2.648192831776167045e-06,8.818979816791271131e-03,6.507619671892263719e-06,6.741743240838575022e-07,-3.886559882556715143e-03,2.023387964933861388e-02,-2.816701624853887423e-05,-2.407831367344844681e-02,6.921710192891829326e-05
5.411772729429793927e+00,3.805063799934780278e-01,-9.005765671930562183e-03,-4.600367291286781013e-01,-1.213749198607225454e-07,-1.119765182235077150e+00,-3.805060791864942615e-01,6.531479679436015118e-08,1.443528597612474176e-03,-7.302091548538152538e-03,-2.728853736096216729e-06,8.749701347532175266e-03,6.705834278182424071e-06,6.685101152767027830e-07,-3.893189530369821003e-03,2.025488436907166637e-02,-2.793036562491668710e-05,-2.410630196949530013e-02,6.863556108909644527e-05
5.414648272856696032e+00,3.805063801840490867e-01,-9.001630847794225496e-03,-4.600576428397921136e-01,-1.293369814694531078e-07,-1.119740121791978238e+00,-3.805060596206725210e-01,6.722830985674741669e-08,1.432324039266803144e-03,-7.243817541563600873e-03,-2.808800349257711892e-06,8.680342348291771037e-03,6.902293598668480768e-06,6.622855329342965331e-07,-3.899811532263725705e-03,2.027589526015301236e-02,-2.767030257729730469e-05,-2.413432380598230440e-02,6.799648699424801917e-05
5.417523816283598137e+00,3.805063803800959876e-01,-8.997528270219098262e-03,-4.600783888945927935e-01,-1.375278261340527741e-07,-1.119715260909592169e+00,-3.805060394926436662e-01,6.912313374357287124e-08,1.421100450287482225e-03,-7.185483107770072701e-03,-2.887966128646855003e-06,8.610902723804117476e-03,7.096834112769643400e-06,6.555135679273748630e-07,-3.906425698580027854e-03,2.029691250301563638e-02,-2.738736986463707686e-05,-2.416237836194791780e-02,6.730121341013193094e-05
5.420399359710500242e+00,3.805063805815627753e-01,-8.993457993895939348e-03,-4.600989671192937114e-01,-1.459451147273060487e-07,-1.119690599819893828e+00,-3.805060188081555994e-01,7.099771305411239812e-08,1.409857853478279190e-03,-7.127088228633837730e-03,-2.966286089572138273e-06,8.541382381159834739e-03,7.289296128314367134e-06,6.482071643013024719e-07,-3.913031840052469401e-03,2.031793627769914318e-02,-2.708210828952697241e-05,-2.419046481935520701e-02,6.655106929497120319e-05
5.423274903137402347e+00,3.805063807883891647e-01,-8.989420073449147508e-03,-4.601193773400544251e-01,-1.545863234888462843e-07,-1.119666138755122775e+00,-3.805059975734103039e-01,7.285052954053989242e-08,1.398596272186613523e-03,-7.068632885113927504e-03,-3.043696799591204969e-06,8.471781229797470392e-03,7.479523767599275442e-06,6.403792184899521692e-07,-3.919629767814704173e-03,2.033896676384211802e-02,-2.675505666534840890e-05,-2.421858236314117577e-02,6.574737871874232627e-05
5.426150446564304453e+00,3.805063810005102631e-01,-8.985414563435207072e-03,-4.601396193829789816e-01,-1.634487484804331527e-07,-1.119641877947775921e+00,-3.805059757950523536e-01,7.468010196988325763e-08,1.387315730302431886e-03,-7.010117057653494563e-03,-3.120136372743380474e-06,8.402099181495091204e-03,7.667364953216308375e-06,6.320425785270565320e-07,-3.926219293408064227e-03,2.036000414067445224e-02,-2.640675178332349825e-05,-2.424673018126607960e-02,6.489146078220516976e-05
5.429025989991206558e+00,3.805063812178572369e-01,-8.981441518341128430e-03,-4.601596930741143621e-01,-1.725295100245466638e-07,-1.119617817630599088e+00,-3.805059534801581433e-01,7.648498598371636249e-08,1.376016252256999665e-03,-6.951540726180868886e-03,-3.195544463687582571e-06,8.332336150361377078e-03,7.852671393647319621e-06,6.232100432548833614e-07,-3.932800228789379120e-03,2.038104858700970357e-02,-2.603772837945353478e-05,-2.427490746476309441e-02,6.398462953565817071e-05
5.431901533418108663e+00,3.805063814403570333e-01,-8.977500992582902392e-03,-4.601795982394492612e-01,-1.818255571259242168e-07,-1.119593958036583237e+00,-3.805059306362253424e-01,7.826377395555563133e-08,1.364697863021697511e-03,-6.892903870110784342e-03,-3.269862261744361147e-06,8.262492052826718447e-03,8.035298568623094225e-06,6.138943615302853377e-07,-3.939372386338790832e-03,2.040210028123730368e-02,-2.564851910134765693e-05,-2.430311340778789492e-02,6.302819389742377238e-05
5.434777076845010768e+00,3.805063816679326583e-01,-8.973593040503911183e-03,-4.601993347049124217e-01,-1.913336718759458699e-07,-1.119570299398955804e+00,-3.805059072711614587e-01,8.001509484600131639e-08,1.353360588106801172e-03,-6.834206468345641571e-03,-3.343032484843686852e-06,8.192566807634226941e-03,8.215105714250765478e-06,6.041082314281895176e-07,-3.945935578867625949e-03,2.042315940131491508e-02,-2.523965447494467103e-05,-2.433134720766872219e-02,6.202345757207118788e-05
5.437652620271912873e+00,3.805063819005032322e-01,-8.969717716373424438e-03,-4.602189022963710241e-01,-2.010504738393213862e-07,-1.119546841951174043e+00,-3.805058833932734030e-01,8.173761405554285191e-08,1.342004453560230763e-03,-6.775448499276770856e-03,-3.414999373375157744e-06,8.122560335830527473e-03,8.391955807901418143e-06,5.938642994423586446e-07,-3.952489619626270434e-03,2.044422612476060053e-02,-2.481166287112078654e-05,-2.435960806495629863e-02,6.097171896835900599e-05
5.440528163698814978e+00,3.805063821379839339e-01,-8.965875074385051824e-03,-4.602383008396294106e-01,-2.109724244230149980e-07,-1.119523585926919695e+00,-3.805058590112569417e-01,8.343003327507852945e-08,1.330629485966262513e-03,-6.716629940785645569e-03,-3.485708683942705937e-06,8.052472560756361239e-03,8.565715552863035603e-06,5.831751596835482566e-07,-3.959034322312072161e-03,2.046530062864505492e-02,-2.436507047218865321e-05,-2.438789518347412449e-02,5.987427111691031071e-05
5.443403707125717084e+00,3.805063823802865008e-01,-8.962065168655174857e-03,-4.602575301604277525e-01,-2.210958312271609278e-07,-1.119500531560090995e+00,-3.805058341341857608e-01,8.509109033414829018e-08,1.319235712444255049e-03,-6.657750770245266479e-03,-3.555107683023760209e-06,7.982303408037209544e-03,8.736255362758618982e-06,5.720533530750989774e-07,-3.965569501077292024e-03,2.048638308958377827e-02,-2.390040123828914692e-05,-2.441620777036883697e-02,5.873240158762475988e-05
5.446279250552619189e+00,3.805063826273189509e-01,-8.958288053221415137e-03,-4.602765900844403291e-01,-2.314168523775549367e-07,-1.119477679084797339e+00,-3.805058087715006976e-01,8.671955904683292813e-08,1.307823160647297389e-03,-6.598810964521347432e-03,-3.623145140530910445e-06,7.912052805573487405e-03,8.903449345724775515e-06,5.605113665457940570e-07,-3.972094970537054168e-03,2.050747368372928675e-02,-2.341817687366893491e-05,-2.444454503616078425e-02,5.754739240680946236e-05
5.449154793979521294e+00,3.805063828789858604e-01,-8.954543782041121669e-03,-4.602954804372742514e-01,-2.419315008394001595e-07,-1.119455028735351965e+00,-3.805057829329994701e-01,8.831424905531182967e-08,1.296391858760904871e-03,-6.539810499973827164e-03,-3.689771323275743602e-06,7.841720683530992164e-03,9.067175288349835956e-06,5.485616322201308141e-07,-3.978610545777333529e-03,2.052857258676315036e-02,-2.291891679284996960e-05,-2.447290619479471768e-02,5.632051997404467292e-05
5.452030337406423399e+00,3.805063831351883641e-01,-8.950832408989839103e-03,-4.603142010444676857e-01,-2.526356487121728151e-07,-1.119432580746265726e+00,-3.805057566288260196e-01,8.987400567109775167e-08,1.284941835501622262e-03,-6.480749352458105295e-03,-3.754937988335630862e-06,7.771306974330809136e-03,9.227314639373538987e-06,5.362165266058876081e-07,-3.985116042362970255e-03,2.054967997388822479e-02,-2.240313808668609346e-05,-2.450129046369070931e-02,5.505305497877190427e-05
5.454905880833325504e+00,3.805063833958244324e-01,-8.947153987859751689e-03,-4.603327517314888540e-01,-2.635250315054198006e-07,-1.119410335352239994e+00,-3.805057298694596857e-01,9.139770971396670378e-08,1.273473120115652243e-03,-6.421627497326484746e-03,-3.818598376324206301e-06,7.700811612639325669e-03,9.383752493150030908e-06,5.234883697791373246e-07,-3.991611276345709280e-03,2.057079601982060926e-02,-2.187135548831279893e-05,-2.452969706379515627e-02,5.374626231661938435e-05
5.457781424260227610e+00,3.805063836607889827e-01,-8.943508572358217432e-03,-4.603511323237343689e-01,-2.745952523947747059e-07,-1.119388292788162209e+00,-3.805057026657051589e-01,9.288427734847581187e-08,1.261985742377445948e-03,-6.362444909429622840e-03,-3.880707204561092672e-06,7.630234535358050921e-03,9.536377572863275902e-06,5.103894245665138278e-07,-3.998096064272266791e-03,2.059192089878182294e-02,-2.132408133898231042e-05,-2.455812521963205569e-02,5.240140100544601410e-05
5.460656967687129715e+00,3.805063839299733797e-01,-8.939896216106192964e-03,-4.603693426465276795e-01,-2.858417864584860609e-07,-1.119366453289096563e+00,-3.805056750286819334e-01,9.433265991818819703e-08,1.250479732588245796e-03,-6.303201563117831474e-03,-3.941220660145795164e-06,7.559575681613107771e-03,9.685082213506960642e-06,4.969318957248656322e-07,-4.004570223192415769e-03,2.061305478449072803e-02,-2.076182555378952772e-05,-2.458657415935432827e-02,5.101972410111674114e-05
5.463532511114032708e+00,3.805063842032638810e-01,-8.936316972815078197e-03,-4.603873825252949303e-01,-2.972598678674453265e-07,-1.119344817090455857e+00,-3.805056469701014188e-01,9.573460581721717554e-08,1.238954660743107807e-03,-6.243897889444896196e-03,-3.999793990601655787e-06,7.488834536850520404e-03,9.829019226758257445e-06,4.706829209763267904e-07,-4.011825928187773282e-03,2.063341173285565891e-02,-1.966514254675700684e-05,-2.461582698323105944e-02,4.832475568314722922e-05
5.466408054540933925e+00,3.805063844804380535e-01,-8.932770902813394823e-03,-4.604052517920397269e-01,-3.088402102432024545e-07,-1.119323384434453894e+00,-3.805056185127838053e-01,9.702476748005017770e-08,1.227406459917069819e-03,-6.184537927764541775e-03,-4.053696971503808380e-06,7.418006990246566595e-03,9.961479409902301418e-06,4.268854298837171717e-07,-4.020166643350094916e-03,2.065269066192271241e-02,-1.783528168530033723e-05,-2.464618331966553569e-02,4.382808964409325647e-05
5.469283597967836918e+00,3.805063847611429573e-01,-8.929258074481714880e-03,-4.604229502867674961e-01,-3.205680681817707798e-07,-1.119302155571518798e+00,-3.805055896929642190e-01,9.819099535390132781e-08,1.215834448548716237e-03,-6.125122358750641378e-03,-4.102421993964769198e-06,7.347092281747081774e-03,1.008121537430165237e-05,3.844800488127027825e-07,-4.028387027836753329e-03,2.067208741205795591e-02,-1.606358325246122601e-05,-2.467645016028028465e-02,3.947435087533023018e-05
5.472159141394738135e+00,3.805063850450279839e-01,-8.925778555793916630e-03,-4.604404778490928107e-01,-3.324287912014587145e-07,-1.119281130751920372e+00,-3.805055605466444169e-01,9.923725501065559743e-08,1.204238969430508144e-03,-6.065650846813144467e-03,-4.146134739782545697e-06,7.276090666343853174e-03,1.018863426332513237e-05,3.434407203537825024e-07,-4.036489321579085285e-03,2.069159975316669717e-02,-1.434895856818314103e-05,-2.470662914311347325e-02,3.526086407473453144e-05
5.475034684821641129e+00,3.805063853317537381e-01,-8.922332413747341776e-03,-4.604578343176745636e-01,-3.444082007537503009e-07,-1.119260310225201893e+00,-3.805055311086665837e-01,1.001674373118650208e-07,1.192620358932703359e-03,-6.006123062755928423e-03,-4.184997769353172518e-06,7.205002394332112384e-03,1.028413554986639742e-05,3.037415396414376325e-07,-4.044475751379157311e-03,2.071122546817691368e-02,-1.269032532570569421e-05,-2.473672189656495046e-02,3.118496960180182061e-05
5.477910228248542346e+00,3.805063856209920381e-01,-8.918919714381343122e-03,-4.604750195302340643e-01,-3.564925812735647256e-07,-1.119239694240194538e+00,-3.805055014127350366e-01,1.009853588502089657e-07,1.180978947041386564e-03,-5.946538683739293826e-03,-4.219170540114941154e-06,7.133827711338627461e-03,1.036811108166846205e-05,2.653567563656853786e-07,-4.052348530736663706e-03,2.073096235321103889e-02,-1.108660767560741651e-05,-2.476673003926916153e-02,2.724402368417240625e-05
5.480785771675445339e+00,3.805063859124253045e-01,-8.915540522795445399e-03,-4.604920333235735797e-01,-3.686686712838864556e-07,-1.119219283045028712e+00,-3.805054714914382630e-01,1.016947623969001924e-07,1.169315057396952190e-03,-5.886897393241646154e-03,-4.248809425241054220e-06,7.062566858349841013e-03,1.044094512725867049e-05,2.282607767878174195e-07,-4.060109859675467212e-03,2.075080821775813003e-02,-9.536736310023406378e-06,-2.479665517996802043e-02,2.343539862458600555e-05
5.483661315102346556e+00,3.805063862057469493e-01,-8.912194903167667409e-03,-4.605088755335939865e-01,-3.809236545535140271e-07,-1.119199076887149813e+00,-3.805054413762707366e-01,1.022993173547524796e-07,1.157629007333131578e-03,-5.827198881020977973e-03,-4.274067732568814521e-06,6.991220071740686555e-03,1.050301442246493562e-05,1.924281657647354352e-07,-4.067761924569405878e-03,2.077076088484674371e-02,-8.039648547222240368e-06,-2.482649891738301223e-02,1.975648300871955348e-05
5.486536858529249550e+00,3.805063865006605428e-01,-8.908882918772516313e-03,-4.605255459953132569e-01,-3.932451513103836201e-07,-1.119179076013328666e+00,-3.805054110976541226e-01,1.028026202171883487e-07,1.145921107916459238e-03,-5.767442843075481183e-03,-4.295095723776993927e-06,6.919787583303336348e-03,1.055468821754184683e-05,1.578336487779996323e-07,-4.075306897967684479e-03,2.079081819121820010e-02,-6.594288416379685087e-06,-2.485626284008711148e-02,1.620468191350843743e-05
5.489412401956150767e+00,3.805063867968800362e-01,-8.905604631998952428e-03,-4.605420445428840548e-01,-4.056212095100563410e-07,-1.119159280669676848e+00,-3.805053806849592046e-01,1.032081950330461958e-07,1.134191663986305713e-03,-5.707628981604005725e-03,-4.312040633805499406e-06,6.848269620276754149e-03,1.059632832489219793e-05,1.244521139701197728e-07,-4.082746938419653561e-03,2.081097798750053407e-02,-5.199606742655072674e-06,-2.488594852637624269e-02,1.277741711621175198e-05
5.492287945383053760e+00,3.805063870941294835e-01,-8.902360104368331473e-03,-4.605583710096113337e-01,-4.180402961600755867e-07,-1.119139691101659118e+00,-3.805053501665270899e-01,1.035194938772145745e-07,1.122440974195379687e-03,-5.647757004965868639e-03,-4.325046690518501746e-06,6.776666405376391943e-03,1.062828916738679986e-05,9.225861418781638256e-08,-4.090084190298978739e-03,2.083123813838299102e-02,-3.854561232558877728e-06,-2.491555754414027588e-02,9.472127304192795138e-06
5.495163488809954977e+00,3.805063873921425421e-01,-8.899149396551992927e-03,-4.605745252279706548e-01,-4.304912887020863920e-07,-1.119120307554106075e+00,-3.805053195696899704e-01,1.037398973272513361e-07,1.110669331050741400e-03,-5.587826627640106285e-03,-4.334255134617608394e-06,6.704978156824264839e-03,1.065091782729872770e-05,6.122836903020189866e-08,-4.097320783627397996e-03,2.085159652279089393e-02,-2.558116559525809835e-06,-2.494509145073372722e-02,6.286268285205006009e-06
5.498039032236857970e+00,3.805063876906626397e-01,-8.895972568388976764e-03,-4.605905070296249515e-01,-4.429634664506398620e-07,-1.119101130271227484e+00,-3.805052889207926614e-01,1.038727149457948726e-07,1.098877020955318267e-03,-5.527837570184287661e-03,-4.339804239797037001e-06,6.633205088379402412e-03,1.066455409583227971e-05,3.133676690510169741e-08,-4.104458833897762539e-03,2.087205103406135007e-02,-1.309244449828028792e-06,-2.497455179284592541e-02,3.217313198513375137e-06
5.500914575663759187e+00,3.805063879894426959e-01,-8.892829678903500790e-03,-4.606063162454424598e-01,-4.554465020907939202e-07,-1.119082159496624040e+00,-3.805052582452133625e-01,1.039211857689574776e-07,1.087064324249968237e-03,-5.467789559192946965e-03,-4.341829333148706035e-06,6.561347409368866422e-03,1.066953052326607079e-05,2.559367091001008985e-09,-4.111500441896611020e-03,2.089259958011926641e-02,-1.069237687234436576e-07,-2.500394010637082762e-02,2.627527265936668464e-07
5.503790119090662181e+00,3.805063882882446236e-01,-8.889720786322274915e-03,-4.606219527055138707e-01,-4.679304532348428863e-07,-1.119063395473301803e+00,-3.805052275673844187e-01,1.038884788006563553e-07,1.075231515255983990e-03,-5.407682327255190421e-03,-4.340462815815425586e-06,6.489405324718752061e-03,1.066617246970578641e-05,-2.512809819468109626e-08,-4.118447693526188641e-03,2.091324008365407286e-02,1.049859393131730856e-06,-2.503325791627648497e-02,-2.579904692518921328e-06
5.506665662517564286e+00,3.805063885868395501e-01,-8.886645948091832781e-03,-4.606374162391693727e-01,-4.804057540383487830e-07,-1.119044838443683743e+00,-3.805051969108126375e-01,1.037776935128672158e-07,1.063378862318178474e-03,-5.347515612912113157e-03,-4.335834183891513262e-06,6.417379034985954203e-03,1.065479815644496898e-05,-5.174972172008554253e-08,-4.125302659625841757e-03,2.093397048229686183e-02,2.162111632968211883e-06,-2.506250673647393221e-02,-5.313132652138468151e-06
5.509541205944466391e+00,3.805063888850072074e-01,-8.883605220895578886e-03,-4.606527066749959154e-01,-4.928632068771229626e-07,-1.119026488649621509e+00,-3.805051662981000504e-01,1.035918603518961856e-07,1.051506627848446422e-03,-5.287289160613551676e-03,-4.328070049574860293e-06,6.345268736390103671e-03,1.063571871794373839e-05,-7.732941915768384042e-08,-4.132067395792932835e-03,2.095478872879827370e-02,3.230832148949715988e-06,-2.509168806968588988e-02,-7.939386563249563246e-06
5.512416749371368496e+00,3.805063891825362088e-01,-8.880598660670835712e-03,-4.606678238408540849e-01,-5.052939740850318474e-07,-1.119008346332409420e+00,-3.805051357509643406e-01,1.033339412506160603e-07,1.039615068369861015e-03,-5.227002720674381840e-03,-4.317294162568197263e-06,6.273074620845984009e-03,1.060923825441982093e-05,-1.018909269959858535e-07,-4.138743942203130903e-03,2.097569279120673619e-02,4.257012652924062771e-06,-2.512080340731484909e-02,-1.046110344010317653e-05
5.515292292798270601e+00,3.805063894792233836e-01,-8.877626322625694830e-03,-4.606827675638945907e-01,-5.176895697538845194e-07,-1.118990411732796675e+00,-3.805051052902583830e-01,1.030068301467287341e-07,1.027704434561251511e-03,-5.166656049230139436e-03,-4.303627431732122607e-06,6.200796875996095713e-03,1.057565388505833064e-05,-1.254578004450218195e-07,-4.145334323430182460e-03,2.099668065304739414e-02,5.241637282914032682e-06,-2.514985422931087511e-02,-1.288070168517358696e-05
5.518167836225172707e+00,3.805063897748738322e-01,-8.874688261255750041e-03,-4.606975376705756964e-01,-5.300418515959490796e-07,-1.118972685090996899e+00,-3.805050749359911166e-01,1.026133535070655441e-07,1.015774971302365031e-03,-5.106248908192450794e-03,-4.287187946990405460e-06,6.128435685244025370e-03,1.053525580184144319e-05,-1.480534113352474789e-07,-4.151840548265100378e-03,2.101775031350152506e-02,6.185682515333559156e-06,-2.517884200403893227e-02,-1.520058087343995840e-05
5.521043379652073924e+00,3.805063900693007595e-01,-8.871784530360719498e-03,-4.607121339866789844e-01,-5.423430128696807472e-07,-1.118955166646704580e+00,-3.805050447073465292e-01,1.021562708579229505e-07,1.003826917719484587e-03,-5.045781065203616862e-03,-4.268091001487433285e-06,6.055991227787781844e-03,1.048832732399769653e-05,-1.697009460097825767e-07,-4.158264609534801162e-03,2.103889978758659296e-02,7.090117076925280790e-06,-2.520776818814587927e-02,-1.742312153598335695e-05
5.523918923078976917e+00,3.805063903623250310e-01,-8.868915183060937721e-03,-4.607265563373258432e-01,-5.545855743696223384e-07,-1.118937856639104611e+00,-3.805050146227039742e-01,1.016382753214786148e-07,9.918605072315989611e-04,-4.985252293590840787e-03,-4.246449113999710083e-06,5.983463678653704043e-03,1.043514495307559023e-05,-1.904234032102151446e-07,-4.164608483920156749e-03,2.106012710633676371e-02,7.955901856429375705e-06,-2.523663422642689544e-02,-1.955068494292336044e-05
5.526794466505878134e+00,3.805063906537753948e-01,-8.866080271813656793e-03,-4.607408045469945090e-01,-5.667623764812821260e-07,-1.118920755306883175e+00,-3.805049846996572116e-01,1.010619941583063551e-07,9.798759675971101344e-04,-4.924662372319984528e-03,-4.222372051602161603e-06,5.910853208730831865e-03,1.037597842864333714e-05,-2.102435919560453052e-07,-4.170874131773529350e-03,2.108143031698403447e-02,8.783989815986574949e-06,-2.526544155169168152e-02,-2.158561288570150051e-05
5.529670009932781127e+00,3.805063909434879821e-01,-8.863279848429276436e-03,-4.607548784395351649e-01,-5.788665713012487998e-07,-1.118903862888241951e+00,-3.805049549550343913e-01,1.004299893159750330e-07,9.678735209610154913e-04,-4.864011085948555246e-03,-4.195966852588625821e-06,5.838159984805351733e-03,1.031109078461325426e-05,-2.291841294172297562e-07,-4.177063496935700011e-03,2.110280748313991470e-02,9.575325902252964462e-06,-2.529419158463011574e-02,-2.353022745865639538e-05
5.532545553359682344e+00,3.805063912313060293e-01,-8.860513964087452649e-03,-4.607687778381869270e-01,-5.908916148236765406e-07,-1.118887179620908778e+00,-3.805049254049163721e-01,9.974475798379038980e-08,9.558533839027032446e-04,-4.803298224578617104e-03,-4.167337849648995240e-06,5.765384169595968479e-03,1.024073840619685282e-05,-2.472674387802541275e-07,-4.183178506552235124e-03,2.112425668497767972e-02,1.033084695724435654e-05,-2.532288573367753870e-02,-2.538683083993442593e-05
5.535421096786585338e+00,3.805063915170800448e-01,-8.857782669352996449e-03,-4.607825025655928886e-01,-6.028312591939040196e-07,-1.118870705742149640e+00,-3.805048960646567613e-01,9.900873315367706284e-08,9.438157674841724356e-04,-4.742523583808631871e-03,-4.136586693302906850e-06,5.692525921789012670e-03,1.016517108749032740e-05,-2.645157471078167259e-07,-4.189221070889312566e-03,2.114577601941515506e-02,1.105148162891376796e-05,-2.535152539487963916e-02,-2.715770507174440507e-05
5.538296640213486555e+00,3.805063918006673651e-01,-8.855086014191647717e-03,-4.607960524438162730e-01,-6.146795450298576331e-07,-1.118854441488779328e+00,-3.805048669488998447e-01,9.822428418723358019e-08,9.317608772988667009e-04,-4.681686964685202387e-03,-4.103812375591326503e-06,5.619585396074441332e-03,1.008463208969383075e-05,-2.809510831919103976e-07,-4.195193083148971921e-03,2.116736360029807668e-02,1.173815028145307207e-05,-2.538011195175687504e-02,-2.884511183993461407e-05
5.541172183640389548e+00,3.805063920819322099e-01,-8.852424047985783112e-03,-4.608094272943562553e-01,-6.264307938116820766e-07,-1.118838387097174314e+00,-3.805048380715999601e-01,9.739371738895531675e-08,9.196889135210051464e-04,-4.620788173654107392e-03,-4.069111254025832058e-06,5.546562743182040754e-03,9.999358199963997204e-06,-2.965952754000704510e-07,-4.201096419283789629e-03,2.118901755858405497e-02,1.239176490530907189e-05,-2.540864677516858558e-02,-3.045129225286790934e-05
5.544047727067290765e+00,3.805063923607450715e-01,-8.849796819549907156e-03,-4.608226269381627827e-01,-6.380796003408033738e-07,-1.118822542803282527e+00,-3.805048094460398156e-01,9.651927658566882232e-08,9.076000709554431787e-04,-4.559827022510796850e-03,-4.032577075797418098e-06,5.473458109917970181e-03,9.909579790904215842e-06,-3.114699495152408206e-07,-4.206932937810979947e-03,2.121073604252698627e-02,1.301322902693303075e-05,-2.543713122317648248e-02,-3.197846661964197118e-05
5.546923270494193758e+00,3.805063926369829930e-01,-8.847204377145973311e-03,-4.608356511956525070e-01,-6.496208252691811856e-07,-1.118806908842636005e+00,-3.805047810848485867e-01,9.560314371219331091e-08,8.954945390880733776e-04,-4.498803328350370334e-03,-3.994301002245467668e-06,5.400271639201742642e-03,9.815520880694191588e-06,-3.255965265692107479e-07,-4.212704479625978965e-03,2.123251721786218946e-02,1.360343761826152729e-05,-2.546556664090801961e-02,-3.342883422764912431e-05
5.549798813921094975e+00,3.805063929105291787e-01,-8.844646768498691178e-03,-4.608484998867234950e-01,-6.610495876987249864e-07,-1.118791485450360224e+00,-3.805047530000206790e-01,9.464743940322600260e-08,8.833725021367926479e-04,-4.437716913517172901e-03,-3.954371633586745341e-06,5.327003470103777380e-03,9.717399193858565571e-06,-3.389962206689244220e-07,-4.218412867815375493e-03,2.125435926799193465e-02,1.416327700589953110e-05,-2.549395436041904453e-02,-3.480457311940464378e-05
5.552674357347997969e+00,3.805063931812726619e-01,-8.842124040810547467e-03,-4.608611728307704936e-01,-6.723612578527417115e-07,-1.118776272861188081e+00,-3.805047252029331584e-01,9.365422359149889729e-08,8.712341391029432757e-04,-4.376567605553533143e-03,-3.912875033906432626e-06,5.253653737882946206e-03,9.615426222679375397e-06,-3.516900368167005580e-07,-4.224059907469349291e-03,2.127626039417170045e-02,1.469362478004908716e-05,-2.552229570055622454e-02,-3.610783986874969309e-05
5.555549900774900074e+00,3.805063934491086930e-01,-8.839636240776702070e-03,-4.608736698467000292e-01,-6.835514498195750690e-07,-1.118761271309467231e+00,-3.805046977043639034e-01,9.262549611221646989e-08,8.590796238233572345e-04,-4.315355237148278331e-03,-3.869894756411553860e-06,5.180222574024907420e-03,9.509807289253383619e-06,-3.636987687237418874e-07,-4.229647385493515155e-03,2.129821881569685799e-02,1.519534970315756126e-05,-2.555059196681902858e-02,-3.734076935636532299e-05
5.558425444201802179e+00,3.805063937139377961e-01,-8.837183414599877190e-03,-4.608859907529444522e-01,-6.946160143685890890e-07,-1.118746481029173623e+00,-3.805046705145090913e-01,9.156319731377313532e-08,8.469091250229314255e-04,-4.254079646084662353e-03,-3.825511868946805284e-06,5.106710106280768456e-03,9.400741608194176162e-06,-3.750429966165191419e-07,-4.235177070420163316e-03,2.132023277009003834e-02,1.566931161826831765e-05,-2.557884445122122694e-02,-3.850547454455503701e-05
5.561300987628704284e+00,3.805063939756661573e-01,-8.834765608004826673e-03,-4.608981353674769799e-01,-7.055510318410550082e-07,-1.118731902253920829e+00,-3.805046436430007950e-01,9.046920867480965673e-08,8.347228063676846287e-04,-4.192740675187432361e-03,-3.779804979775187785e-06,5.033116458705762415e-03,9.288422349985036159e-06,-3.857430850374409532e-07,-4.240650712218992438e-03,2.134230051328893374e-02,1.611636135713253681e-05,-2.560705443215198149e-02,-3.960404625144050536e-05
5.564176531055606389e+00,3.805063942342054584e-01,-8.832382866252928497e-03,-4.609101035078263520e-01,-7.163528051143989362e-07,-1.118717535216970926e+00,-3.805046170989243581e-01,8.934535342758651361e-08,8.225208265184566275e-04,-4.131338172269857258e-03,-3.732850263622590364e-06,4.959441751698934198e-03,9.173036704980409552e-06,-3.958191806379672132e-07,-4.246070042107219847e-03,2.136442031983480649e-02,1.653734064800535251e-05,-2.563522317423663419e-02,-4.063855292438156623e-05
5.567052074482508495e+00,3.805063944894722106e-01,-8.830035234156449406e-03,-4.609218949910904861e-01,-7.270178526424508245e-07,-1.118703380151244930e+00,-3.805045908908352148e-01,8.819339718772256371e-08,8.103033391850916452e-04,-4.069871990079883609e-03,-3.684721487988309755e-06,4.885686102042821437e-03,9.054765948060868464e-06,-4.052912099656502663e-07,-4.251436772359138382e-03,2.138659048306147670e-02,1.693308202318836005e-05,-2.566335192819688832e-02,-4.161104041277285812e-05
5.569927617909410600e+00,3.805063947413880876e-01,-8.827722756092700254e-03,-4.609335096339510773e-01,-7.375429015714307803e-07,-1.118689437289333677e+00,-3.805045650267760426e-01,8.701504859029935607e-08,7.980704931811587882e-04,-4.008341986245706097e-03,-3.635490039721514669e-06,4.811849622943502325e-03,8.933785503941643510e-06,-4.141788772442983538e-07,-4.256752596115102524e-03,2.140880931528488587e-02,1.730440872628467885e-05,-2.569144193071073307e-02,-4.252353174013409452e-05
5.572803161336312705e+00,3.805063949898795372e-01,-8.825445476018057775e-03,-4.609449472526871983e-01,-7.479248809328689469e-07,-1.118675706863506925e+00,-3.805045395142933606e-01,8.581195993236770294e-08,7.858224324792917846e-04,-3.946748023221123731e-03,-3.585224951865212371e-06,4.737932424071428401e-03,8.810265013138485850e-06,-4.225016621475561819e-07,-4.262019187189937733e-03,2.143107514799325736e-02,1.765213461917902746e-05,-2.571949440427183375e-02,-4.337802687552471802e-05
5.575678704763214810e+00,3.805063952348778922e-01,-8.823203437481786857e-03,-4.609562076631894545e-01,-7.581609149139981951e-07,-1.118662189105724680e+00,-3.805045143604541824e-01,8.458572782185472367e-08,7.735592962669902680e-04,-3.885089968229908566e-03,-3.533992930767621004e-06,4.663934611602143718e-03,8.684368398590638775e-06,-4.302788175657657134e-07,-4.267238199880779050e-03,2.145338633203783957e-02,1.797706408873707830e-05,-2.574751055704858557e-02,-4.417650250426860201e-05
5.578554248190116915e+00,3.805063954763187040e-01,-8.820996683639729247e-03,-4.609672906809733628e-01,-7.682483162065704177e-07,-1.118648884247645858e+00,-3.805044895718620590e-01,8.333789383291320962e-08,7.612812190030662698e-04,-3.823367693210072936e-03,-3.481858383462703588e-06,4.589856288257958966e-03,8.556253932945248852e-06,-4.375293673661897679e-07,-4.272411268774334650e-03,2.147574123782412803e-02,1.827999195322743621e-05,-2.577549158274271279e-02,-4.492091179799705347e-05
5.581429791617019021e+00,3.805063957141420206e-01,-8.818825257267799700e-03,-4.609781961211928403e-01,-7.781845794348176777e-07,-1.118635792520640049e+00,-3.805044651546739543e-01,8.206994516771113922e-08,7.489883304745544252e-04,-3.761581074757142269e-03,-3.428883445319766676e-06,4.515697553349468617e-03,8.426074306502996395e-06,-4.442721041465756662e-07,-4.277540008553570861e-03,2.149813825550379517e-02,1.856170336846540059e-05,-2.580343866044739268e-02,-4.561318418400845000e-05
5.584305335043921126e+00,3.805063959482921643e-01,-8.816689200775371105e-03,-4.609889237986537491e-01,-7.879673746631593901e-07,-1.118622914155794845e+00,-3.805044411146151773e-01,8.078331532469881146e-08,7.366807558542665200e-04,-3.699729994067304292e-03,-3.375128007963703416e-06,4.441458502818027357e-03,8.293976695828760302e-06,-4.505255869819369474e-07,-4.282626013803822115e-03,2.152057579516705038e-02,1.882297373367341865e-05,-2.583135295450505325e-02,-4.625522511393123616e-05
5.587180878470823231e+00,3.805063961787173432e-01,-8.814588556218430626e-03,-4.609994735278267197e-01,-7.975945409847607048e-07,-1.118610249383927391e+00,-3.805044174569959803e-01,7.947938477335883860e-08,7.243586157588363141e-04,-3.637814336879666589e-03,-3.320649747466080046e-06,4.367139229278204846e-03,8.160102833027893244e-06,-4.563081391647462275e-07,-4.287670858818335394e-03,2.154305228703572855e-02,1.906456859706616840e-05,-2.585923561436472354e-02,-4.684891583171071656e-05
5.590056421897725336e+00,3.805063964053697068e-01,-8.812523365312607479e-03,-4.610098451228603067e-01,-8.070640801914457569e-07,-1.118597798435593704e+00,-3.805043941867267132e-01,7.815948163546605030e-08,7.120220263073504842e-04,-3.575833993418083088e-03,-3.265504152808222889e-06,4.292739822060818999e-03,8.024589075690844809e-06,-4.616378459383646068e-07,-4.292676097403217914e-03,2.156556618165672914e-02,1.928724356115314579e-05,-2.588708777443884945e-02,-4.739611314090109897e-05
5.592931965324627441e+00,3.805063966282052346e-01,-8.810493669446041107e-03,-4.610200383975938121e-01,-8.163741505257976773e-07,-1.118585561541096451e+00,-3.805043713083333112e-01,7.682488237287733363e-08,6.996710991805637353e-04,-3.513788858332554665e-03,-3.209744554617103733e-06,4.218260367256516583e-03,7.887566477508224777e-06,-4.665325522237444169e-07,-4.297643262681826240e-03,2.158811595009633641e-02,1.949174418776015232e-05,-2.591491055395987730e-02,-4.789864917126732076e-05
5.595807508751529546e+00,3.805063968471833480e-01,-8.808499509692009968e-03,-4.610300531655698308e-01,-8.255230605165394111e-07,-1.118573538930496714e+00,-3.805043488259723383e-01,7.547681248186394225e-08,6.873059416806367138e-04,-3.451678830639839587e-03,-3.153422154174591551e-06,4.143700947759522933e-03,7.749160859557597408e-06,-4.710098603395294532e-07,-4.302573866898570798e-03,2.161070008413477211e-02,1.967880590277497837e-05,-2.594270505683625092e-02,-4.835833114470874749e-05
5.598683052178431652e+00,3.805063970622671876e-01,-8.806540926821466650e-03,-4.610398892400469628e-01,-8.345092628974696788e-07,-1.118561730833620649e+00,-3.805043267434460308e-01,7.411644719400891977e-08,6.749266567914412839e-04,-3.389503813663535293e-03,-3.096586052700983651e-06,4.069061643311808023e-03,7.609492882264264075e-06,-4.750871277153091151e-07,-4.307469401222141850e-03,2.163331709646159826e-02,1.984915390060703008e-05,-2.597047237150805488e-02,-4.877694114048001042e-05
5.601558595605333757e+00,3.805063972734228361e-01,-8.804617961315387362e-03,-4.610495464340116367e-01,-8.433313486108990491e-07,-1.118550137480069706e+00,-3.805043050642168967e-01,7.274491218369790699e-08,6.625333432394975687e-04,-3.327263714973921656e-03,-3.039283280914008876e-06,3.994342530548091255e-03,7.468678118039027667e-06,-4.787814645981130125e-07,-4.312331335548141333e-03,2.165596552087151877e-02,2.000350304836452151e-05,-2.599821357080224146e-02,-4.915623585971790039e-05
5.604434139032235862e+00,3.805063974806198179e-01,-8.802730653376890715e-03,-4.610590245601908221e-01,-8.519880408969142726e-07,-1.118538759099230395e+00,-3.805042837914225373e-01,7.136328428220310801e-08,6.501260955553812100e-04,-3.264958446326740853e-03,-2.981558828863302870e-06,3.919543683040635496e-03,7.326827124592870990e-06,-4.821097317523425492e-07,-4.317161118301170858e-03,2.167864391246090636e-02,2.014255778975752628e-05,-2.602592971178741693e-02,-4.949794638929448420e-05
5.607309682459137967e+00,3.805063976838305995e-01,-8.800879042943224664e-03,-4.610683234310634093e-01,-8.604781894684735231e-07,-1.118527595920280726e+00,-3.805042629278895805e-01,6.997259219839888903e-08,6.377050041357682462e-04,-3.202587923601754333e-03,-2.923455676041932987e-06,3.844665171344886778e-03,7.184045518932453155e-06,-4.850885381528053279e-07,-4.321960176236299550e-03,2.170135084782471441e-02,2.026701204871278052e-05,-2.605362183562813863e-02,-4.980377796496185763e-05
5.610185225886040072e+00,3.805063978830304783e-01,-8.799063169697560888e-03,-4.610774428588725327e-01,-8.688007647735892246e-07,-1.118516648172200645e+00,-3.805042424761480579e-01,6.857381724611880367e-08,6.252701553060366216e-04,-3.140152066740658360e-03,-2.865014821775428139e-06,3.769707063045442744e-03,7.040434052037558110e-06,-4.877342386710446023e-07,-4.326729914239984577e-03,2.172408492525416263e-02,2.037754913270842962e-05,-2.608129096743894496e-02,-5.007540973380883648e-05
5.613060769312942178e+00,3.805063980781976385e-01,-8.797283073080613969e-03,-4.610863826556366729e-01,-8.769548523453477726e-07,-1.118505916083780249e+00,-3.805042224384451721e-01,6.716789407817506187e-08,6.128216313834372250e-04,-3.077650799684413657e-03,-2.806275315889150872e-06,3.694669422802414425e-03,6.896088684222511277e-06,-4.900629317549208408e-07,-4.331471715130379325e-03,2.174684476493487367e-02,2.047484163582682484e-05,-2.610893811613779203e-02,-5.031449451602466644e-05
5.615936312739844283e+00,3.805063982693129288e-01,-8.795538792302099243e-03,-4.610951426331613701e-01,-8.849396472402850608e-07,-1.118495399883627339e+00,-3.805042028167589518e-01,6.575571142705968575e-08,6.003595107408249204e-04,-3.015084050309918898e-03,-2.747274289654823546e-06,3.619552312398118931e-03,6.751100661183608160e-06,-4.920904571013620220e-07,-4.336186939457078657e-03,2.176962900914562390e-02,2.055955134152184942e-05,-2.613656427429912610e-02,-5.052265856596124718e-05
5.618811856166746388e+00,3.805063984563593071e-01,-8.793830366351965133e-03,-4.611037226030502700e-01,-8.927544485664600452e-07,-1.118485099800176297e+00,-3.805041836128116861e-01,6.433811285235121510e-08,5.878838678710158116e-04,-2.952451750366374538e-03,-2.688046987017235653e-06,3.544355790784498115e-03,6.605556590735030828e-06,-4.938323933224352880e-07,-4.340876925300276960e-03,2.179243632245768392e-02,2.063232912510732701e-05,-2.616417041800657775e-02,-5.070150133250990367e-05
5.621687399593648493e+00,3.805063986393225628e-01,-8.792157834011408643e-03,-4.611121223767163380e-01,-9.003986541017996790e-07,-1.118475016061696525e+00,-3.805041648280834132e-01,6.291589749483163437e-08,5.753947734516309895e-04,-2.889753835410595849e-03,-2.628626796101283460e-06,3.469079914130397159e-03,6.459538520233679154e-06,-4.953040556046387335e-07,-4.345542988069353747e-03,2.181526539193472461e-02,2.069381485596204326e-05,-2.619175750670515654e-02,-5.085259521878199795e-05
5.624562943020550598e+00,3.805063988181903722e-01,-8.790521233863850953e-03,-4.611203417653925163e-01,-9.078717550027891236e-07,-1.118465148896299111e+00,-3.805041464638245219e-01,6.148982083736292687e-08,5.628922944106505392e-04,-2.826990244742421353e-03,-2.569045281001434159e-06,3.393724735870071781e-03,6.313124014698000713e-06,-4.965204933612477367e-07,-4.350186420300840816e-03,2.183811492733330611e-02,2.074463729944468242e-05,-2.621932648305303273e-02,-5.097748534107637304e-05
5.627438486447452703e+00,3.805063989929527990e-01,-8.788920604305534845e-03,-4.611283805801427715e-01,-9.151733306058678089e-07,-1.118455498531945480e+00,-3.805041285210686297e-01,6.006059547250120710e-08,5.503764939923994938e-04,-2.764160921338777287e-03,-2.509332213852694216e-06,3.318290306751202779e-03,6.166386235618577246e-06,-4.974964878780816445e-07,-4.354808491455850784e-03,2.186098366130394266e-02,2.078541401853382039e-05,-2.624687827277294438e-02,-5.107768928717129159e-05
5.630314029874354809e+00,3.805063991636017939e-01,-8.787355983556077027e-03,-4.611362386318720308e-01,-9.223030433207446632e-07,-1.118446065196455841e+00,-3.805041110006454619e-01,5.862889187691222977e-08,5.378474318242679013e-04,-2.701265811787925079e-03,-2.449515607185722541e-06,3.242776674884250213e-03,6.019394020467008473e-06,-4.982465499523045642e-07,-4.359410447716879390e-03,2.188387034959276764e-02,2.081675127517686712e-05,-2.627441378450306314e-02,-5.115469687390126167e-05
5.633189573301256914e+00,3.805063993301309178e-01,-8.785827409668732491e-03,-4.611439157313367843e-01,-9.292606336176396607e-07,-1.118436849117514065e+00,-3.805040939031926750e-01,5.719533919256815200e-08,5.253051639838841966e-04,-2.638304866222466755e-03,-2.389621746565285927e-06,3.167183885791452838e-03,5.872211962901014630e-06,-4.987849175245154308e-07,-4.363993511784053543e-03,2.190677377124375727e-02,2.083924393135868510e-05,-2.630193390964758599e-02,-5.120996990404483198e-05
5.636065116728159019e+00,3.805063994925358961e-01,-8.784334920540559991e-03,-4.611514116891550774e-01,-9.360459151083354335e-07,-1.118427850522678568e+00,-3.805040772291683471e-01,5.576052601477729703e-08,5.127497430669677178e-04,-2.575278038252236303e-03,-2.329675223514178562e-06,3.091511982456802456e-03,5.724900493671083041e-06,-4.991255533039395208e-07,-4.368558882670765288e-03,2.192969272880153364e-02,2.085347534988195585e-05,-2.632943952222671982e-02,-5.124494192250410470e-05
5.638940660155062012e+00,3.805063996508138979e-01,-8.782878553922259662e-03,-4.611587263158168359e-01,-9.426587697228927843e-07,-1.118419069639386754e+00,-3.805040609788625794e-01,5.432500118704071896e-08,5.001812182557131316e-04,-2.512185284896310215e-03,-2.269698968722376502e-06,3.015761005376113666e-03,5.577515962228025135e-06,-4.992821423868950531e-07,-4.373107735498748053e-03,2.195262604851478186e-02,2.086001729486654141e-05,-2.635693147872640932e-02,-5.126101797179376750e-05
5.641816203581963229e+00,3.805063998049634244e-01,-8.781458347427953393e-03,-4.611658594216928586e-01,-9.490991429816655583e-07,-1.118410506694963003e+00,-3.805040451524093759e-01,5.288927460277880028e-08,4.875996353878177909e-04,-2.449026566514711858e-03,-2.209714285543218572e-06,2.939930992607847366e-03,5.430110719035857794e-06,-4.992680898683304256e-07,-4.377641221292532733e-03,2.197557258054020496e-02,2.085942983195942493e-05,-2.638441061794747494e-02,-5.125957434681880764e-05
5.644691747008866223e+00,3.805063999549849196e-01,-8.780074338544701512e-03,-4.611728108170446983e-01,-9.553670393643545742e-07,-1.118402161916626447e+00,-3.805040297497975788e-01,5.145381801392492412e-08,4.750050370260315157e-04,-2.385801846739169993e-03,-2.149740883776500201e-06,2.864021979823943784e-03,5.282733198589762555e-06,-4.990965184465749182e-07,-4.382160466773343463e-03,2.199853119914713107e-02,2.085226122826105109e-05,-2.641187776085444569e-02,-5.124195834895542277e-05
5.647567290435767440e+00,3.805064001008795493e-01,-8.778726564641745403e-03,-4.611795803120342097e-01,-9.614625177768690853e-07,-1.118394035531496744e+00,-3.805040147708824150e-01,5.001906584642135999e-08,4.623974625283667605e-04,-2.322511092403628779e-03,-2.089796913739931571e-06,2.788034000361501626e-03,5.135428003142641232e-06,-4.987802660212671798e-07,-4.386666574152388830e-03,2.202150080292262016e-02,2.083904785196662629e-05,-2.643933371042387487e-02,-5.120948803943128653e-05
5.650442833862670433e+00,3.805064002426499226e-01,-8.777415062979720614e-03,-4.611861677167320428e-01,-9.673856871159231363e-07,-1.118386127766600291e+00,-3.805040002153964873e-01,4.858541602263625561e-08,4.497769481188749531e-04,-2.259154273474017934e-03,-2.029899000629763925e-06,2.711967085274713529e-03,4.988235987142292369e-06,-4.983318832843628215e-07,-4.391160620923567626e-03,2.204448031497721616e-02,2.082031407171826897e-05,-2.646677925149229157e-02,-5.116345199199559389e-05
5.653318377289571650e+00,3.805064003802998696e-01,-8.776139870719479666e-03,-4.611925728411273018e-01,-9.731367019335606331e-07,-1.118378438848877776e+00,-3.805039860829597664e-01,4.715323079070642024e-08,4.371435269589912798e-04,-2.195731362977290397e-03,-1.970062279170785621e-06,2.635821263387066495e-03,4.841194342379658308e-06,-4.977636313043452057e-07,-4.395643659655581320e-03,2.206746868315124718e-02,2.079657215567325140e-05,-2.649421515060362831e-02,-5.110510904489105649e-05
5.656193920716474643e+00,3.805064005138339978e-01,-8.774901024930890567e-03,-4.611987954951353719e-01,-9.787157582010299652e-07,-1.118370969005190840e+00,-3.805039723730908596e-01,4.572283756085418016e-08,4.244972292195611633e-04,-2.132242336930280022e-03,-1.910300428557680580e-06,2.559596561344486872e-03,4.694336683853070040e-06,-4.970874791035304814e-07,-4.400116717783461931e-03,2.209046488022179192e-02,2.076832217028362350e-05,-2.652164215585634324e-02,-5.103568805211691111e-05
5.659069464143375860e+00,3.805064006432579138e-01,-8.773698562601222467e-03,-4.612048354886073565e-01,-9.841230891743810378e-07,-1.118363718462326961e+00,-3.805039590852164477e-01,4.429452974865944669e-08,4.118380821533631966e-04,-2.068687174267446870e-03,-1.850625707686984259e-06,2.483293003668299304e-03,4.547693136346604374e-06,-4.963151012285321925e-07,-4.404580797399509223e-03,2.211346790411010399e-02,2.073605187879012558e-05,-2.654906099674995273e-02,-5.095638763398973095e-05
5.661945007570278854e+00,3.805064007685779459e-01,-8.772532520643505291e-03,-4.612106926313375710e-01,-9.893589613610428202e-07,-1.118356687447006115e+00,-3.805039462186817212e-01,4.286856762534403913e-08,3.991661101683007581e-04,-2.005065856768349294e-03,-1.791048990682010524e-06,2.406910612809021362e-03,4.401290421728376745e-06,-4.954578753138133573e-07,-4.409036875043617285e-03,2.213647677808971981e-02,2.070023663942715454e-05,-2.657647238403131745e-02,-5.086837592699430826e-05
5.664820550997180071e+00,3.805064008898012551e-01,-8.771402935904587528e-03,-4.612163667330720362e-01,-9.944236705893245018e-07,-1.118349876185886549e+00,-3.805039337727596505e-01,4.144517917506872581e-08,3.864813349012040334e-04,-1.941378368984564805e-03,-1.731579802710769349e-06,2.330449409200652591e-03,4.255151946968826439e-06,-4.945268796383706982e-07,-4.413485901493036448e-03,2.215949055099512496e-02,2.066133930334106356e-05,-2.660387700954027629e-02,-5.077279033292977152e-05
5.667696094424083064e+00,3.805064010069354463e-01,-8.770309845173004937e-03,-4.612218576035161943e-01,-9.993175381812870672e-07,-1.118343284905570778e+00,-3.805039217466605339e-01,4.002456095925940774e-08,3.737837752921719151e-04,-1.877624698165667252e-03,-1.672226356097564592e-06,2.253909411315006047e-03,4.109297892880684044e-06,-4.935328906755170349e-07,-4.417928801551527195e-03,2.218250829743103128e-02,2.061981011221982005e-05,-2.663127554605502698e-02,-5.067073726734675648e-05
5.670571637850984281e+00,3.805064011199887908e-01,-8.769253285186595984e-03,-4.612271650523427358e-01,-1.004040907229976742e-06,-1.118336913832610691e+00,-3.805039101395414902e-01,3.860687898799739823e-08,3.610734476596102853e-04,-1.813804834185061112e-03,-1.612995586729725799e-06,2.177290635717022554e-03,3.963745303584198163e-06,-4.924863806357655484e-07,-4.422366473837908638e-03,2.220552911798219509e-02,2.057608659563457421e-05,-2.665866864713695855e-02,-5.056329190727647114e-05
5.673447181277887275e+00,3.805064012289698372e-01,-8.768233292639964621e-03,-4.612322888891989825e-01,-1.008594138981573844e-06,-1.118330763193513988e+00,-3.805038989505145630e-01,3.719226959847758370e-08,3.483503657757865417e-04,-1.749918769464734163e-03,-1.553893190759643848e-06,2.100593097119975248e-03,3.818508176698034729e-06,-4.913975150027978076e-07,-4.426799790574039752e-03,2.222855213942387734e-02,2.053059346809230459e-05,-2.668605694697515074e-02,-5.045149793824976422e-05
5.676322724704788492e+00,3.805064013338878004e-01,-8.767249904191688065e-03,-4.612372289237137157e-01,-1.012977609323581056e-06,-1.118324833214747960e+00,-3.805038881786562133e-01,3.578084034057064971e-08,3.356145409430830000e-04,-1.685966498899860557e-03,-1.494923661603604401e-06,2.023816808441655964e-03,3.673597554259524212e-06,-4.902761500625271024e-07,-4.431229597372181306e-03,2.225157651493286232e-02,2.048374252579992358e-05,-2.671344106023031129e-02,-5.033636730060714570e-05
5.679198268131691485e+00,3.805064014347517287e-01,-8.766303156471288646e-03,-4.612419849655048920e-01,-1.017191705379978830e-06,-1.118319124122745034e+00,-3.805038778230150909e-01,3.437267086949117237e-08,3.228659820707932646e-04,-1.621948019782437416e-03,-1.436090327237516150e-06,1.946961780860590472e-03,3.529021614374487517e-06,-4.891318304252241524e-07,-4.435656713021777532e-03,2.227460142429908002e-02,2.043593254313855201e-05,-2.674082158187839758e-02,-5.021887993509663561e-05
5.682073811558592702e+00,3.805064015315711701e-01,-8.765393086086032196e-03,-4.612465568241855274e-01,-1.021236822213783722e-06,-1.118313636143908330e+00,-3.805038678826203058e-01,3.296781384560761357e-08,3.101046957525639171e-04,-1.557863331724476273e-03,-1.377395387791019963e-06,1.870028023872892737e-03,3.384785763600301460e-06,-4.879737865407260512e-07,-4.440081929275623701e-03,2.229762607413780795e-02,2.038754916884881309e-05,-2.676819908705367276e-02,-5.009998352776139264e-05
5.684949354985495695e+00,3.805064016243556724e-01,-8.764519729627443662e-03,-4.612509443093713579e-01,-1.025113359638433727e-06,-1.118308369504616540e+00,-3.805038583564895327e-01,3.156629584140423230e-08,2.973306863444549579e-04,-1.493712436580594931e-03,-1.318839953440408810e-06,1.793015545349591240e-03,3.240892730063257117e-06,-4.868109322066945635e-07,-4.444506010635467311e-03,2.232064969810249738e-02,2.033896482192572630e-05,-2.679557413089148771e-02,-4.998059325411378191e-05
5.687824898412397800e+00,3.805064017131148946e-01,-8.763683123677649262e-03,-4.612551472306862799e-01,-1.028821719138347280e-06,-1.118303324431226153e+00,-3.805038492436360054e-01,3.016811825561992598e-08,2.845439560436107632e-04,-1.429495338369964888e-03,-1.260424082601400107e-06,1.715924351594366650e-03,3.097342657312766092e-06,-4.856518620699384937e-07,-4.448929694136970030e-03,2.234367155709815478e-02,2.029053858722381433e-05,-2.682294724837044203e-02,-4.986159152259730476e-05
5.690700441839299906e+00,3.805064017978583846e-01,-8.762883304815496585e-03,-4.612591653977686779e-01,-1.032362300899640145e-06,-1.118298501150080781e+00,-3.805038405430762882e-01,2.877325823458229577e-08,2.717445049675420977e-04,-1.365212043197598039e-03,-1.202146820422523017e-06,1.638754447401691728e-03,2.954133198914297267e-06,-4.845048491208018186e-07,-4.453353689134114529e-03,2.236669093949531992e-02,2.024261611077248405e-05,-2.685031895415427791e-02,-4.974382771733656700e-05
5.693575985266202011e+00,3.805064018785955238e-01,-8.762120309622343367e-03,-4.612629986202774757e-01,-1.035735500952556223e-06,-1.118293899887509157e+00,-3.805038322538373263e-01,2.738166960075099448e-08,2.589323312340363137e-04,-1.300862559175063960e-03,-1.144006237579714054e-06,1.561505836115475174e-03,2.811259613782490745e-06,-4.833778421805295994e-07,-4.457778677082975538e-03,2.238970716134467895e-02,2.019552949479805969e-05,-2.687768974243316678e-02,-4.962811794016636102e-05
5.696451528693104116e+00,3.805064019553357491e-01,-8.761394174687752584e-03,-4.612666467078979093e-01,-1.038941708425124578e-06,-1.118289520869834464e+00,-3.805038243749628291e-01,2.599328378850600546e-08,2.461074310417027855e-04,-1.236446896340640585e-03,-1.085999469373602029e-06,1.484178519688234997e-03,2.668714862258100978e-06,-4.822784633817473048e-07,-4.462205311324923644e-03,2.241271956659224990e-02,2.014959719245805524e-05,-2.690506008676474964e-02,-4.951524475195362451e-05
5.699327072120006221e+00,3.805064020280881643e-01,-8.760704936614889179e-03,-4.612701094703464677e-01,-1.041981302910120890e-06,-1.118285364323375219e+00,-3.805038169055199870e-01,2.460801078718270524e-08,2.332697987511105065e-04,-1.171965066578693586e-03,-1.028122755129565772e-06,1.406772498740539896e-03,2.526489702928967706e-06,-4.812140056419175947e-07,-4.466634216869189850e-03,2.243572752729508860e-02,2.010512390228205487e-05,-2.693243043991450092e-02,-4.940595691319847252e-05
5.702202615546908326e+00,3.805064020968614846e-01,-8.760052632025696479e-03,-4.612733867173764990e-01,-1.044854651945542111e-06,-1.118281430474450611e+00,-3.805038098446056338e-01,2.322574009138932166e-08,2.204194269665992205e-04,-1.107417083538667817e-03,-9.703714779020509507e-07,1.329287772621189643e-03,2.384572790198662452e-06,-4.801914301298538696e-07,-4.471065990174882820e-03,2.245873044383776829e-02,2.006240046232250500e-05,-2.695980123369589102e-02,-4.930096912392224458e-05
5.705078158973810432e+00,3.805064021616642034e-01,-8.759437297565779434e-03,-4.612764782587830403e-01,-1.047562108610131294e-06,-1.118277719549383153e+00,-3.805038031913520191e-01,2.184634165861044701e-08,2.075563066186711435e-04,-1.042802962553219647e-03,-9.127402044832985814e-07,1.251724339467580197e-03,2.242950772603195136e-06,-4.792173637251738001e-07,-4.475501198932352147e-03,2.248172774514926517e-02,2.002170374401054907e-05,-2.698717287880996255e-02,-4.920096176283085754e-05
5.707953702400712537e+00,3.805064022225043141e-01,-8.758858969909126546e-03,-4.612793839044075916e-01,-1.050104009233825083e-06,-1.118274231774502026e+00,-3.805037969449327484e-01,2.046966687413195660e-08,1.946804270470162113e-04,-9.781227205557479869e-04,-8.552227257179628504e-07,1.174082196266548490e-03,2.101608391879404399e-06,-4.782980964708389504e-07,-4.479940381843975673e-03,2.250471888892055169e-02,1.998329654572298351e-05,-2.701454576468446250e-02,-4.910658062576819577e-05
5.710829245827614642e+00,3.805064022793894218e-01,-8.758317685762611465e-03,-4.612821034641423346e-01,-1.052480671224715469e-06,-1.118270967376147507e+00,-3.805037911045678900e-01,1.909554952330696988e-08,1.817917760842386438e-04,-9.133763759976444010e-04,-7.978120971244354449e-07,1.096361338916104289e-03,1.960528582787049288e-06,-4.774395790186834032e-07,-4.484384048404350953e-03,2.252770336182276581e-02,1.994742748605630628e-05,-2.704192025931260665e-02,-4.901843666344980787e-05
5.713704789254516747e+00,3.805064023323267430e-01,-8.757813481870100822e-03,-4.612846367479349619e-01,-1.054692391013749960e-06,-1.118267926580672311e+00,-3.805037856695289156e-01,1.772380677115996583e-08,1.688903401400882051e-04,-8.485639487642769813e-04,-7.405006798227622453e-07,1.018561762286856760e-03,1.819692573684305610e-06,-4.766474200678422913e-07,-4.488832678679865670e-03,2.255068067972597692e-02,1.991433089680410396e-05,-2.706929670909138941e-02,-4.893710571846741653e-05
5.716580332681418852e+00,3.805064023813226615e-01,-8.757346395016549906e-03,-4.612869835657917861e-01,-1.056739442116660060e-06,-1.118265109614446029e+00,-3.805037806391436961e-01,1.635424014939011810e-08,1.559761042864775101e-04,-7.836854600911002033e-04,-6.832801817716971845e-07,9.406834602848117765e-04,1.679079987862936921e-06,-4.759268837963228017e-07,-4.493286723087673053e-03,2.257365038791851047e-02,1.988422671564796893e-05,-2.709667543865934558e-02,-4.886312826158967270e-05
5.719455876108320957e+00,3.805064024263832279e-01,-8.756916462031602219e-03,-4.612891437277826245e-01,-1.058622073315940154e-06,-1.118262516703856457e+00,-3.805037760128008317e-01,1.498663655074609995e-08,1.430490523429804736e-04,-7.187409324783580310e-04,-6.261416993137367580e-07,8.627264259137086728e-04,1.538668945640290083e-06,-4.752828872853704246e-07,-4.497746602174065335e-03,2.259661206132697678e-02,1.985732037854734383e-05,-2.712405675073404146e-02,-4.879700912732290788e-05
5.722331419535223063e+00,3.805064024675137713e-01,-8.756523719793173413e-03,-4.612911170440432973e-01,-1.060340506961783902e-06,-1.118260148075313154e+00,-3.805037717899539818e-01,1.362076923084021076e-08,1.301091669631205996e-04,-6.537303896059081269e-04,-5.690757590309711566e-07,7.846906513387324035e-04,1.398436167215085422e-06,-4.747199979369779937e-07,-4.502212706392233130e-03,2.261956530473675092e-02,1.983380271184294341e-05,-2.715144092594896225e-02,-4.873921724876811732e-05
5.725206962962125168e+00,3.805064025047188991e-01,-8.756168205230578996e-03,-4.612929033247794575e-01,-1.061894937394652030e-06,-1.118258003955248991e+00,-3.805037679701256392e-01,1.225639881737920572e-08,1.171564297211669494e-04,-5.886538562467543432e-04,-5.120723599108044032e-07,7.065761279499013173e-04,1.258357076284672137e-06,-4.742424308842024641e-07,-4.506685395879434994e-03,2.264250975301324020e-02,1.981384982405960850e-05,-2.717882822269006293e-02,-4.869018539173927614e-05
5.728082506389027273e+00,3.805064025380026083e-01,-8.755849955327639489e-03,-4.612945023802692557e-01,-1.063285529488713203e-06,-1.118256084570123043e+00,-3.805037645529105172e-01,1.089327432686684789e-08,1.041908211996648588e-04,-5.235113581804042232e-04,-4.551210158238436114e-07,6.283828464264873057e-04,1.118405904429404608e-06,-4.738540463945951530e-07,-4.511165000233539023e-03,2.266544507132349853e-02,1.979762299742149405e-05,-2.720621887693179530e-02,-4.865030988817482354e-05
5.730958049815929378e+00,3.805064025673680628e-01,-8.755569007125258221e-03,-4.612959140208666708e-01,-1.064512417318801788e-06,-1.118254390146422139e+00,-3.805037615379792126e-01,9.531134188771838001e-09,9.121232107755208515e-05,-4.583029221053013533e-04,-3.982107983136931462e-07,5.501107968015565147e-04,9.785557962634854724e-07,-4.735583472664023961e-07,-4.515651818288979845e-03,2.268837095535877757e-02,1.978526857906516792e-05,-2.723361310207277411e-02,-4.861995036880671915e-05
5.733833593242831483e+00,3.805064025928176497e-01,-8.755325397724007808e-03,-4.612971380570033975e-01,-1.065575702949972825e-06,-1.118252920910661974e+00,-3.805037589250809260e-01,8.169707277204064378e-09,7.822090821897822067e-05,-3.930285755509048060e-04,-3.413303797004457413e-07,4.717599685273350272e-04,8.387789153566838591e-07,-4.733584762178822077e-07,-4.520146117892091114e-03,2.271128713155733808e-02,1.977691787196518265e-05,-2.726101108877091936e-02,-4.859942949512294517e-05
5.736709136669733589e+00,3.805064026143531453e-01,-8.755119164286296815e-03,-4.612981742991915657e-01,-1.066475455352108296e-06,-1.118251677089390217e+00,-3.805037567140461818e-01,6.808713950095573039e-09,6.521656076268171219e-05,-3.276883467886816713e-04,-2.844680764977209680e-07,3.933303505405104676e-04,6.990465509265590524e-07,-4.732572132694261910e-07,-4.524648135675844729e-03,2.273419335732811131e-02,1.977268702555886245e-05,-2.728841300477819615e-02,-4.858903269059100955e-05
5.739584680096635694e+00,3.805064026319752712e-01,-8.754950344038307450e-03,-4.612990225580254067e-01,-1.067211709439558157e-06,-1.118250658909185846e+00,-3.805037549047890488e-01,5.447867095931833137e-09,5.219925621212017714e-05,-2.622822647429802717e-04,-2.276118931451573026e-07,3.148219313286416076e-04,5.593292253058711288e-07,-4.732569731186608673e-07,-4.529158076833959476e-03,2.275708942127483911e-02,1.977267692607799984e-05,-2.731581899477488612e-02,-4.858900787116093585e-05
5.742460223523537799e+00,3.805064026456841386e-01,-8.754818974271742424e-03,-4.612996826441833065e-01,-1.067784465236866881e-06,-1.118249866596663145e+00,-3.805037534973096380e-01,4.086873188034088554e-09,3.916897152618162840e-05,-1.968103589009076991e-04,-1.707495660563868288e-07,2.362346989966231851e-04,4.195968021852560763e-07,-4.733598025084965046e-07,-4.533676114894434617e-03,2.277997514342089067e-02,1.977697308658573399e-05,-2.734322918020346688e-02,-4.859956517504403309e-05
5.745335766950439904e+00,3.805064026554788037e-01,-8.754725092345231816e-03,-4.613001543684288608e-01,-1.068193687171884868e-06,-1.118249300378469258e+00,-3.805037524916952685e-01,2.725433346420600478e-09,2.612568321055911574e-05,-1.312726592216187393e-04,-1.138686079836577495e-07,1.575686413337008200e-04,2.798185956340240786e-07,-4.735673775880297396e-07,-4.538202391492432951e-03,2.280285037543458918e-02,1.978564553671492116e-05,-2.737064365910191546e-02,-4.862087669175803355e-05
5.748211310377342009e+00,3.805064026613577122e-01,-8.754668735685500539e-03,-4.613004375416128178e-01,-1.068439303496787540e-06,-1.118248960481288412e+00,-3.805037518881223546e-01,1.363244407269397532e-09,1.306936740979883297e-05,-6.566919604505257158e-05,-5.695635270004803160e-08,7.882374588108103438e-05,1.399634799013999798e-07,-4.738810012663812578e-07,-4.542737016142587951e-03,2.282571500085527061e-02,1.979874871211132761e-05,-2.739806250593674816e-02,-4.865307619044680428e-05
5.751086853804244114e+00,3.805064026633179775e-01,-8.754649941788287745e-03,-4.613005319746730226e-01,-1.068521205837940014e-06,-1.118248847131839918e+00,-3.805037516868570169e-01,0.000000000000000000e+00,0.000000000000000000e+00,-0.000000000000000000e+00,-0.000000000000000000e+00,0.000000000000000000e+00,0.000000000000000000e+00,-4.743016005594496305e-07,-4.547280066010682062e-03,2.284856893531985594e-02,1.981632134358086590e-05,-2.742548577143543234e-02,-4.869625884747279628e-05
