time_s,q1,q2,q3,q4,q5,q6,dq1,dq2,dq3,dq4,dq5,dq6,ddq1,ddq2,ddq3,ddq4,ddq5,ddq6
0.000000000000000000e+00,-3.805063769847830124e-01,-2.124735102936699954e-02,-3.239302426678459801e-01,1.079656780397650018e-09,-1.268113436416790085e+00,3.805063764729429976e-01,0.000000000000000000e+00,-0.000000000000000000e+00,-0.000000000000000000e+00,0.000000000000000000e+00,0.000000000000000000e+00,-0.000000000000000000e+00,0.000000000000000000e+00,0.000000000000000000e+00,0.000000000000000000e+00,0.000000000000000000e+00,0.000000000000000000e+00,0.000000000000000000e+00
1.580355051360630026e-03,-3.805063769847830124e-01,-2.124735102943025450e-02,-3.239302428541899759e-01,1.079656780460443987e-09,-1.268113436230509317e+00,3.805063764729429976e-01,3.502277048288518144e-21,-1.200504852727315846e-10,-3.536497224154847395e-07,1.191722924369870266e-16,3.535296719298207705e-07,-4.003960765920525286e-16,4.430042651263176832e-18,-1.518524528448474441e-07,-4.473334125257262604e-04,1.507416657966947042e-13,4.471815600723865803e-04,-5.064631241131956710e-13
3.160710102721260052e-03,-3.805063769847830124e-01,-2.124735102987267144e-02,-3.239302441574795632e-01,1.079656780899624159e-09,-1.268113434927662153e+00,3.805063764729429976e-01,1.399500439495281839e-20,-4.797209752942690629e-10,-1.413183936490709099e-06,4.762123616551056835e-16,1.412704215513851248e-06,-1.599982318971460072e-15,8.846644372264228921e-18,-3.032481026791347277e-07,-8.933241524790954584e-04,3.010308807642857285e-13,8.930209043754278563e-04,-1.011406094519881993e-12
4.741065154081889645e-03,-3.805063769847830124e-01,-2.124735103107236456e-02,-3.239302476915867923e-01,1.079656782090541730e-09,-1.268113431394754631e+00,3.805063764729429976e-01,3.145669169248752648e-20,-1.078288088023896098e-09,-3.176481803056702664e-06,1.070405533284638516e-15,3.175403514965164775e-06,-3.596357539274197063e-15,1.324944944981490432e-17,-4.541848003080160694e-07,-1.337973561318300982e-03,4.508680988152871175e-13,1.337519376516512750e-03,-1.514830421987276298e-12
6.321420205442520104e-03,-3.805063769847830124e-01,-2.124735103340629275e-02,-3.239302545670337263e-01,1.079656784407418377e-09,-1.268113424521641663e+00,3.805063764729429976e-01,5.586509409862031750e-20,-1.915023686790899427e-09,-5.641424601591631002e-06,1.901037850824499092e-15,5.639509577898598063e-06,-6.387122931501424569e-15,1.763785918862620809e-17,-6.046586807626518878e-07,-1.781282978817399229e-03,6.002537745263631164e-13,1.780678320134665687e-03,-2.016737610102782907e-12
7.901775256803149697e-03,-3.805063769847830124e-01,-2.124735103725027344e-02,-3.239302658909955501e-01,1.079656788223348127e-09,-1.268113413201523709e+00,3.805063764729429976e-01,8.719683033650612798e-20,-2.989192182919672407e-09,-8.805895727573159352e-06,2.967396076686493478e-15,8.802906535380497914e-06,-9.969882060233378018e-15,2.201103451780598994e-17,-7.546641811623662983e-07,-2.223253743083844578e-03,7.491883631316256295e-13,2.222499078900222469e-03,-2.517129155350608617e-12
9.482130308163779289e-03,-3.805063769847830124e-01,-2.124735104297894445e-02,-3.239302827673044005e-01,1.079656793910298797e-09,-1.268113396330943665e+00,3.805063764729429421e-01,1.254270048848931631e-19,-4.300047866301240878e-09,-1.266778068985824153e-05,4.268767693229234226e-15,1.266348064197792616e-05,-1.434224084946435789e-14,2.636789861245576250e-17,-9.041940582042896316e-07,-2.663887190575651379e-03,8.976723205162626228e-13,2.662982996514499760e-03,-3.016006547188447245e-12
1.106248535952440888e-02,-3.805063769847830124e-01,-2.124735105096576052e-02,-3.239303062964523083e-01,1.079656801839111793e-09,-1.268113372809782424e+00,3.805063764729429421e-01,1.705288343289744534e-19,-5.846832263249719966e-09,-1.722496710808970666e-05,5.804440903782310304e-15,1.721912027580739941e-05,-1.950180757155910480e-14,3.070713953900356700e-17,-1.053239405188721520e-06,-3.103184656118119621e-03,1.045706103210593469e-12,3.102131416709497363e-03,-3.513371268124414095e-12
1.264284041088504021e-02,-3.805063769847830124e-01,-2.124735106158296208e-02,-3.239303375755946401e-01,1.079656812379505623e-09,-1.268113341541257322e+00,3.805063764729428866e-01,2.224732779161274593e-19,-7.628771520838865016e-09,-2.247534471012882647e-05,7.573704633661467856e-15,2.246771593858312040e-05,-2.544619283633100054e-14,3.502721293270786537e-17,-1.201789668490586319e-06,-3.541147472919993662e-03,1.193290168384642193e-12,3.539945683247585316e-03,-4.009224793794321509e-12
1.422319546224567154e-02,-3.805063769847830124e-01,-2.124735107520155444e-02,-3.239303776985535399e-01,1.079656825900074450e-09,-1.268113301431917250e+00,3.805063764729428311e-01,2.812286723739184436e-19,-9.645073816773932462e-09,-2.841680532951298659e-05,9.575848531175675554e-15,2.840716025566477436e-05,-3.217300958024279977e-14,3.932634471556910822e-17,-1.349832663389489873e-06,-3.977776972589010772e-03,1.340424973843319081e-12,3.976427139921219836e-03,-4.503568593039461709e-12
1.580355051360629939e-02,-3.805063769847830124e-01,-2.124735109219127657e-02,-3.239304277558210376e-01,1.079656842768290778e-09,-1.268113251391639329e+00,3.805063764729427755e-01,3.467603710606067341e-19,-1.189492679371746213e-08,-3.504724290293727800e-05,1.181016296862710717e-14,3.503534797610478494e-05,-3.967987305573066137e-14,4.360253386268774084e-17,-1.497354589172992684e-06,-4.413074485146731285e-03,1.487110978022304568e-12,4.411577130552675301e-03,-4.996404127985014480e-12
1.738390556496692899e-02,-3.805063769847830124e-01,-2.124735111292056292e-02,-3.239304888345626576e-01,1.079656863350506491e-09,-1.268113190333626905e+00,3.805063764729427200e-01,4.190303875309377046e-19,-1.437749501685434026e-08,-4.236455346775906683e-05,1.427593904330525697e-14,4.235017597269533817e-05,-4.796440082065288456e-14,4.785355522491324022e-17,-1.644340043429784269e-06,-4.847041339042575982e-03,1.633348639984711946e-12,4.845396998993781873e-03,-5.487732854119212546e-12
1.896426061632755858e-02,-3.805063769847830124e-01,-2.124735113775650872e-02,-3.239305620186203605e-01,1.079656888011953054e-09,-1.268113117174405335e+00,3.805063764729426090e-01,4.979970436122526533e-19,-1.709191745335134817e-08,-5.036663515952391956e-05,1.697246857847642533e-14,5.034954324201483029e-05,-5.702421272786416546e-14,5.207696241543534214e-17,-1.790772035451513200e-06,-5.279678861166985267e-03,1.779138419418622778e-12,5.277888089125690879e-03,-5.977556220373378167e-12
2.054461566768819164e-02,-3.805063769847830124e-01,-2.124735116706483185e-02,-3.239306483885162069e-01,1.079656917116744001e-09,-1.268113030833817767e+00,3.805063764729425535e-01,5.836146220978900309e-19,-2.003730497223979942e-08,-5.905138820951163673e-05,1.989904412437008200e-14,5.903135090447406835e-05,-6.685693091491738392e-14,5.627009076777837204e-17,-1.936631998664065830e-06,-5.710988376863637694e-03,1.924480776635571480e-12,5.709051744858654499e-03,-6.465875669202971489e-12
2.212497071904881776e-02,-3.805063769847830124e-01,-2.124735120120980689e-02,-3.239307490214556329e-01,1.079656951027875342e-09,-1.268112930235023139e+00,3.805063764729424425e-01,6.758330241764882208e-19,-2.321273786312608324e-08,-6.841671494230077235e-05,2.305495895916355541e-14,6.839350220436195239e-05,-7.746017979389395589e-14,6.043006037247073867e-17,-2.081899802011093853e-06,-6.140971209940634598e-03,2.069376172570059638e-12,6.138889310131828009e-03,-6.952692636669737494e-12
2.370532577040944736e-02,-3.805063769847830124e-01,-2.124735124055424779e-02,-3.239308649913303917e-01,1.079656990107226393e-09,-1.268112814304492852e+00,3.805063764729422759e-01,7.745974317271522022e-19,-2.661726337201474343e-08,-7.846051977335017865e-05,2.643950708996699179e-14,7.843390250989133717e-05,-8.883158604136562258e-14,6.455377919947463361e-17,-2.226553760214584756e-06,-6.569628682680588375e-03,2.213825068780180228e-12,6.567402128913101510e-03,-7.438008552525117151e-12
2.528568082177008042e-02,-3.805063769847830124e-01,-2.124735128545942112e-02,-3.239309973687223287e-01,1.079657034715561433e-09,-1.268112681972006106e+00,3.805063764729421649e-01,8.798479746214860958e-19,-3.024989325241111843e-08,-8.918070920659507237e-05,3.005198325381001188e-14,8.915045931324398591e-05,-1.009687785884883075e-13,6.863794631327732339e-17,-2.370570642839256156e-06,-6.996962115849530289e-03,2.357827927449426666e-12,6.994591545198945541e-03,-7.921824840294967993e-12
2.686603587313071001e-02,-3.805063769847830124e-01,-2.124735133628501138e-02,-3.239311472209064346e-01,1.079657085212531354e-09,-1.268112532170647677e+00,3.805063764729419984e-01,9.915194031842701373e-19,-3.410960132975678294e-08,-1.005751918320568907e-04,3.389168291863241929e-14,1.005410822306158425e-04,-1.138693886112317018e-13,7.267905518736177647e-17,-2.513925682089474597e-06,-7.422972828704590097e-03,2.501385211389756577e-12,7.420458903014283576e-03,-8.404142917365770237e-12
2.844639092449134307e-02,-3.805063769847830124e-01,-2.124735139338904469e-02,-3.239313156118541204e-01,1.079657141956673457e-09,-1.268112363836803924e+00,3.805063764729417763e-01,1.109540765975017938e-18,-3.819532107713946783e-08,-1.126418783234636235e-04,3.795790228428056965e-14,1.126036830022618092e-04,-1.275310495207456825e-13,7.667339712459491368e-17,-2.656592579269368315e-06,-7.847662139000366813e-03,2.644497384045990219e-12,7.845005546412407021e-03,-8.884964195072369313e-12
3.002674597585196919e-02,-3.805063769847830124e-01,-2.124735145712782630e-02,-3.239315036022366034e-01,1.079657205305413312e-09,-1.268112175910160344e+00,3.805063764729415543e-01,1.233835093062858715e-18,-4.250594320011146954e-08,-1.253786814358793947e-04,4.224993828351199129e-14,1.253361754925405374e-04,-1.419513969538672735e-13,8.061706478989215112e-17,-2.798543509838663138e-06,-8.271031362993895228e-03,2.787164909501608431e-12,8.268232819474899756e-03,-9.364290078787407508e-12
3.160710102721259879e-02,-3.805063769847830124e-01,-2.124735152785587472e-02,-3.239317122494281831e-01,1.079657275615066825e-09,-1.268111967333696910e+00,3.805063764729413323e-01,1.364319084977082113e-18,-4.704031322834518691e-08,-1.387835160033410917e-04,4.676708858301027694e-14,1.387364756899591648e-04,-1.571280687637699559e-13,8.450595586134138866e-17,-2.939749126998696422e-06,-8.693081815448221172e-03,2.929388252486014692e-12,8.690142066311596497e-03,-9.842121968012494769e-12
3.318745607857322838e-02,-3.805063769847830124e-01,-2.124735160592585576e-02,-3.239319426075093489e-01,1.079657353240840034e-09,-1.268111737053685628e+00,3.805063764729410547e-01,1.500902807525328651e-18,-5.179722911175223384e-08,-1.528542989364989107e-04,5.150865158441252130e-14,1.528025017072179303e-04,-1.730587050107587464e-13,8.833577680579428573e-17,-3.080178563744912980e-06,-9.113814809634426806e-03,3.071167878383335226e-12,9.110734631060584537e-03,-1.031846125647125845e-11
3.476781112993385797e-02,-3.805063769847830124e-01,-2.124735169168847498e-02,-3.239321957272703889e-01,1.079657438536830554e-09,-1.268111484019687207e+00,3.805063764729407771e-01,1.643489392680755208e-18,-5.677543881859368155e-08,-1.675889492202589626e-04,5.647392642535204383e-14,1.675321737812548702e-04,-1.897409479532133926e-13,9.210204678476047194e-17,-3.219799433323977847e-06,-9.533231657332120676e-03,3.212504253242816111e-12,9.530011857888235835e-03,-1.079330933220434630e-11
3.634816618129448756e-02,-3.805063769847830124e-01,-2.124735178549244305e-02,-3.239324726562144430e-01,1.079657531856029028e-09,-1.268111207184547062e+00,3.805063764729404996e-01,1.791974745748613820e-18,-6.197363793301248541e-08,-1.829853879114259733e-04,6.166221298051889538e-14,1.829234142732903787e-04,-2.071724420386841907e-13,9.580010169626967557e-17,-3.358577828035491056e-06,-9.951333668828313619e-03,3.353397843790881217e-12,9.947975090989250382e-03,-1.126666757766648770e-11
3.792852123265511716e-02,-3.805063769847830124e-01,-2.124735188768435076e-02,-3.239327744385607777e-01,1.079657633550320774e-09,-1.268110905504392649e+00,3.805063764729401110e-01,1.946247259031464105e-18,-6.739046724932556075e-08,-1.990415381363420813e-04,6.707281186274059768e-14,1.989741476688723924e-04,-2.253508338951418648e-13,9.942509835819741846e-17,-3.496478316320055223e-06,-1.036812215291457208e-02,3.493849117444905083e-12,1.036462567458676029e-02,-1.173853736982565355e-11
3.950887628401575369e-02,-3.805063769847830124e-01,-2.124735199860859972e-02,-3.239331021152479506e-01,1.079657743970485795e-09,-1.268110577938629691e+00,3.805063764729397779e-01,2.106187532220837578e-18,-7.302451036032261750e-08,-2.157553250885202141e-04,7.270502442408613209e-14,2.156823005779209238e-04,-2.442737723223865055e-13,1.029720188383848448e-16,-3.633463938077281457e-06,-1.078359841688250956e-02,3.633858542328781928e-12,1.077996495293247377e-02,-1.220892008026451516e-11
4.108923133537638328e-02,-3.805063769847830124e-01,-2.124735211860730860e-02,-3.239334567239376961e-01,1.079657863466201046e-09,-1.268110223449938845e+00,3.805063764729393339e-01,2.271668099751428569e-18,-7.887429123673111615e-08,-2.331246760262688992e-04,7.855815275699613743e-14,2.330458017347739768e-04,-2.639389082836187487e-13,1.064356749367154948e-16,-3.769496198158998722e-06,-1.119776376651739937e-02,3.773426587290305329e-12,1.119399427030682084e-02,-1.267781707528413424e-11
4.266958638673700593e-02,-3.805063769847830124e-01,-2.124735224802020914e-02,-3.239338392990171456e-01,1.079657992386040850e-09,-1.268109841004272154e+00,3.805063764729389453e-01,2.442553165361936069e-18,-8.493827179492114405e-08,-2.511475202703054204e-04,8.463149969544170253e-14,2.510625819982323522e-04,-2.843438948971760728e-13,1.098107128241525463e-16,-3.904535057984775815e-06,-1.161061950609003704e-02,3.912553721920460756e-12,1.160671497101917020e-02,-1.314522971601009242e-11
4.424994143809763553e-02,-3.805063769847830124e-01,-2.124735238718455585e-02,-3.239342508716030467e-01,1.079658131077478141e-09,-1.268109429570850599e+00,3.805063764729384457e-01,2.618698344114456981e-18,-9.121484944984247736e-08,-2.698217892013553124e-04,9.092436881611569759e-14,2.697305743516066200e-04,-3.054863874284399697e-13,1.130916178435753602e-16,-4.038538925228485465e-06,-1.202216693834667026e-02,4.051240416574656001e-12,1.201812839940809979e-02,-1.361115935850109425e-11
4.583029648945827206e-02,-3.805063769847830124e-01,-2.124735253643501853e-02,-3.239346924695443719e-01,1.079658279886886527e-09,-1.268108988122159886e+00,3.805063764729379461e-01,2.799950412131844477e-18,-9.770235465010539443e-08,-2.891454162577324766e-04,9.743606443965848739e-14,2.890477139027620599e-04,-3.273640432819148213e-13,1.162727194770977482e-16,-4.171464641526401919e-06,-1.243240736449697029e-02,4.189487142395939588e-12,1.242823589984163972e-02,-1.407560735386006794e-11
4.741065154081889471e-02,-3.805063769847830124e-01,-2.124735269610357469e-02,-3.239351651174258717e-01,1.079658439159539883e-09,-1.268108515633946665e+00,3.805063764729374465e-01,2.986147064319738871e-18,-1.043990483920415592e-07,-3.091163369329013515e-04,1.041658916319227592e-13,3.090119378841668001e-04,-3.499745219934863600e-13,1.193481964843914167e-16,-4.303267468158994112e-06,-1.284134208420006223e-02,4.327294371340270175e-12,1.283703881671764170e-02,-1.453857504834793493e-11
4.899100659217952430e-02,-3.805063769847830124e-01,-2.124735286651939156e-02,-3.239356698365714604e-01,1.079658609239615032e-09,-1.268108011085216980e+00,3.805063764729368359e-01,3.177116680346980697e-18,-1.113031197095049414e-07,-3.297324887730136603e-04,1.111131562052793592e-13,3.296211856529386542e-04,-3.733154852228612255e-13,1.223120822163832835e-16,-4.433901069660215998e-06,-1.324897239554851357e-02,4.464662576203880555e-12,1.324453849446413124e-02,-1.500006378350005179e-11
5.057136164354016084e-02,-3.805063769847830124e-01,-2.124735304800871860e-02,-3.239362076450470473e-01,1.079658790470192579e-09,-1.268107473458230938e+00,3.805063764729362252e-01,3.372678099164915769e-18,-1.184126831361026745e-07,-3.509918113744182693e-04,1.182771647199683142e-13,3.508733986908930979e-04,-3.973845967461921631e-13,1.251582701085416028e-16,-4.563317495309758719e-06,-1.365529959505020624e-02,4.601592230652777476e-12,1.365073627753972049e-02,-1.546007489624539042e-11
5.215171669490079043e-02,-3.805063769847830124e-01,-2.124735324089477295e-02,-3.239367795576640341e-01,1.079658983193257113e-09,-1.268106901738499825e+00,3.805063764729356146e-01,3.572640402352634747e-18,-1.257257761364759916e-07,-3.728922463811420443e-04,1.256572244854981829e-13,3.727665206045921117e-04,-4.221795224488950222e-13,1.278805193578139744e-16,-4.691467158465339125e-06,-1.406032497760818442e-02,4.738083809254430569e-12,1.405563351043408182e-02,-1.591860971902860861e-11
5.373207174626142002e-02,-3.805063769847830124e-01,-2.124735344549759375e-02,-3.239373865859825341e-01,1.079659187749699690e-09,-1.268106294914783883e+00,3.805063764729348930e-01,3.776802706581488289e-18,-1.332403565031843047e-07,-3.954317374823349278e-04,1.332526435620968908e-13,3.952984971253932956e-04,-4.476979303186594739e-13,1.304724607871300742e-16,-4.818298813693691107e-06,-1.446404983649822798e-02,4.874137787511673833e-12,1.445923153766844396e-02,-1.637566957993491873e-11
5.531242679762204961e-02,-3.805063769847830124e-01,-2.124735366213393803e-02,-3.239380297383146479e-01,1.079659404479317834e-09,-1.268105651979088311e+00,3.805063764729341713e-01,3.984953965498314064e-18,-1.409542997156832624e-07,-4.186082304096805937e-04,1.410627307622186440e-13,4.184672761095007722e-04,-4.739374904386610713e-13,1.329276029012342401e-16,-4.943759531660554249e-06,-1.486647546334434085e-02,5.009754641898893976e-12,1.486153170379613669e-02,-1.683125580281797444e-11
5.689278184898268614e-02,-3.805063769847830124e-01,-2.124735389111713502e-02,-3.239387100197273495e-01,1.079659633720818018e-09,-1.268104971926658830e+00,3.805063764729333942e-01,4.196872781332587761e-18,-1.488653962578233664e-07,-4.424196729347646003e-04,1.490867956521093319e-13,4.422708075380160360e-04,-5.008958749809766210e-13,1.352393381374668870e-16,-5.067794671741446732e-06,-1.526760314809193914e-02,5.144934849900514510e-12,1.526253535340319802e-02,-1.728536970743074612e-11
5.847313690034330186e-02,-3.805063769847830124e-01,-2.124735413275694734e-02,-3.239394284320464279e-01,1.079659875811815871e-09,-1.268104253755979460e+00,3.805063764729326170e-01,4.412327226538373992e-18,-1.569713488902387495e-07,-4.668640148663979832e-04,1.573241485534341811e-13,4.667070435169898323e-04,-5.285707582002080165e-13,1.374009493149676613e-16,-5.190347852316614599e-06,-1.566743417897878063e-02,5.279678890051821635e-12,1.566224383110901078e-02,-1.773801260955945305e-11
6.005349195170393839e-02,-3.805063769847830124e-01,-2.124735438735944962e-02,-3.239401859738586520e-01,1.079660131088837623e-09,-1.268103496468769631e+00,3.805063764729317288e-01,4.631074675787313645e-18,-1.652697698739386901e-07,-4.919392080478962332e-04,1.657741005449732886e-13,4.917739382774763673e-04,-5.569598164273232659e-13,1.394056162856323853e-16,-5.311360918715046140e-06,-1.606596984250363916e-02,5.413987241982189278e-12,1.606065848156701045e-02,-1.818918582116063309e-11
6.163384700306456798e-02,-3.805063769847830124e-01,-2.124735465522686190e-02,-3.239409836405162113e-01,1.079660399887321763e-09,-1.268102699069979744e+00,3.805063764729308406e-01,4.852861648633988699e-18,-1.737581781413590757e-07,-5.176432063543026001e-04,1.744359634643854643e-13,5.174694481755867052e-04,-5.860607280637127477e-13,1.412464227900131558e-16,-5.430773908773957257e-06,-1.646321142339255555e-02,5.547860386460701654e-12,1.645778064946542413e-02,-1.863889065050137559e-11
6.321420205442519757e-02,-3.805063769847830124e-01,-2.124735493665740743e-02,-3.239418224241388811e-01,1.079660682541619037e-09,-1.268101860567787620e+00,3.805063764729298970e-01,5.077423663180030286e-18,-1.824339964110801668e-07,-5.439739656895597889e-04,1.833090499100476529e-13,5.437915316925446586e-04,-6.158711735754728587e-13,1.429163635212126641e-16,-5.548525015981622363e-06,-1.685916020456281958e-02,5.681298805444232332e-12,1.685361167952802164e-02,-1.908712840230278233e-11
6.479455710578582717e-02,-3.805063769847830124e-01,-2.124735523194515655e-02,-3.239427033136177414e-01,1.079660979384995345e-09,-1.268100979973596498e+00,3.805063764729288978e-01,5.304485101067945683e-18,-1.912945482423673290e-07,-5.709294439836203440e-04,1.923926732429713482e-13,5.707381494347438721e-04,-6.463888354879163509e-13,1.444083513996856810e-16,-5.664550550172936520e-06,-1.725381746708446601e-02,5.814302982128012112e-12,1.724815291651502283e-02,-1.953390037788665315e-11
6.637491215714645676e-02,-3.805063769847830124e-01,-2.124735554137987051e-02,-3.239436272946183415e-01,1.079661290749631530e-09,-1.268100056302030598e+00,3.805063764729278430e-01,5.533759084140222853e-18,-2.003370550256434363e-07,-5.985076011894965896e-04,2.016861475888014278e-13,5.983072641338060436e-04,-6.776113983803196528e-13,1.457152250617246938e-16,-5.778784895748482778e-06,-1.764718449013940801e-02,5.946873400998701872e-12,1.764140570522393717e-02,-1.997920787532559011e-11
6.795526720850708635e-02,-3.805063769847830124e-01,-2.124735586524684194e-02,-3.239445953495836417e-01,1.079661616966625246e-09,-1.268099088570932231e+00,3.805063764729267328e-01,5.764947363103488963e-18,-2.095586329049576320e-07,-6.267063992802414515e-04,2.111887878399005636e-13,6.264968406466402302e-04,-7.095365488809075830e-13,1.468297565642733160e-16,-5.891160467389399131e-06,-1.803926255097811418e-02,6.079010547890009153e-12,1.803337139049055252e-02,-2.042305218959634906e-11
6.953562225986771594e-02,-3.805063769847830124e-01,-2.124735620382671789e-02,-3.239456084577376771e-01,1.079661958365991778e-09,-1.268098075801358027e+00,3.805063764729256226e-01,5.997740218541606895e-18,-2.189562896284712176e-07,-6.555238022458614085e-04,2.208999096575237513e-13,6.553048459555043228e-04,-7.421619756620848430e-13,1.477446593085769847e-16,-6.001607663241641359e-06,-1.843005292487374241e-02,6.210714910040871109e-12,1.842405131718987538e-02,-2.086543461273665173e-11
7.111597731122834554e-02,-3.805063769847830124e-01,-2.124735655739532283e-02,-3.239466675950882779e-01,1.079662315276666113e-09,-1.268097017017576267e+00,3.805063764729244014e-01,6.231816374625463378e-18,-2.285269213229425841e-07,-6.849577760901533327e-04,2.308188294740869990e-13,6.847292491680686882e-04,-7.754853694359181294e-13,1.484525961850520732e-16,-6.110054815544746634e-06,-1.881955688507386260e-02,6.341986976156237736e-12,1.881344683023723763e-02,-2.130635643400542289e-11
7.269633236258897513e-02,-3.805063769847830124e-01,-2.124735692622349223e-02,-3.239477737344303998e-01,1.079662688026503149e-09,-1.268095911247062002e+00,3.805063764729231246e-01,6.466842925870813092e-18,-2.382673091881522041e-07,-7.150062888274623992e-04,2.409448644955331018e-13,7.147680215174790535e-04,-8.095044229498716902e-13,1.489461879416225827e-16,-6.216428138681503759e-06,-1.920777570274956325e-02,6.472827236470457826e-12,1.920155927458935124e-02,-2.174581894004648170e-11
7.427668741394960472e-02,-3.805063769847830124e-01,-2.124735731057688509e-02,-3.239489278453493437e-01,1.079663076942279346e-09,-1.268094757520496607e+00,3.805063764729218478e-01,6.702475277299071378e-18,-2.481741161071760118e-07,-7.456673104793610672e-04,2.512773327038013698e-13,7.454191363624242681e-04,-8.442168309828080403e-13,1.492180217776492130e-16,-6.320651674626342040e-06,-1.959471064694210535e-02,6.603236182813335471e-12,1.958838999524549832e-02,-2.218382341505580011e-11
7.585704246531023431e-02,-3.805063769847830124e-01,-2.124735771071577586e-02,-3.239501308942240865e-01,1.079663482349694382e-09,-1.268093554871760675e+00,3.805063764729204601e-01,6.938357098359137564e-18,-2.582438831683778864e-07,-7.769388130712373119e-04,2.618155528594027227e-13,7.766805691872041752e-04,-8.796202903412535312e-13,1.492606601654467752e-16,-6.422647235771559411e-06,-1.998036298450691500e-02,6.733214308678821600e-12,1.997394033724870371e-02,-2.262037114095222205e-11
7.743739751667086391e-02,-3.805063769847830124e-01,-2.124735812689489481e-02,-3.239513838442299454e-01,1.079663904573370738e-09,-1.268092302337933797e+00,3.805063764729190723e-01,7.174120290971420852e-18,-2.684730260949625442e-07,-8.088187706287944950e-04,2.725588445041051233e-13,8.085502976017991091e-04,-9.157124998559358456e-13,1.490666499012643805e-16,-6.522334345111867401e-06,-2.036473398005504698e-02,6.862762109296407580e-12,2.035821164568705002e-02,-2.305546339755183693e-11
7.901775256803150738e-02,-3.805063769847830124e-01,-2.124735855936318515e-02,-3.239526876553424084e-01,1.079664343936858251e-09,-1.268090998959289672e+00,3.805063764729175735e-01,7.409384972058114980e-18,-2.788578315778993625e-07,-8.413051591744574514e-04,2.835065279637351576e-13,8.410263013419425364e-04,-9.524911603786019969e-13,1.486285313874781716e-16,-6.619630173769006161e-06,-2.074782489589202181e-02,6.991880081705207162e-12,2.074120526569491613e-02,-2.348910146274587841e-11
8.059810761939213697e-02,-3.805063769847830124e-01,-2.124735900836363309e-02,-3.239540432843396323e-01,1.079664800762631007e-09,-1.268089643779293008e+00,3.805063764729160747e-01,7.643759470926414094e-18,-2.893944535079998369e-07,-8.743959567236779615e-04,2.946579243510980062e-13,8.741065622691956494e-04,-9.899539747791200673e-13,1.479388481476276903e-16,-6.714449475839530396e-06,-2.112963699195405387e-02,7.120568724830778448e-12,2.112292254245442050e-02,-2.392128661268231639e-11
8.217846267075276656e-02,-3.805063769847830124e-01,-2.124735947413303877e-02,-3.239554516848060506e-01,1.079665275372092308e-09,-1.268088235844596179e+00,3.805063764729144649e-01,7.876840341873841328e-18,-3.000789091029058581e-07,-9.080891432811390683e-04,3.060123555690213117e-13,9.077890643710239110e-04,-1.028098647942868318e-12,1.469901565758052432e-16,-6.806704520550060518e-06,-2.151017152574163580e-02,7.248828539564672985e-12,2.150336482119684367e-02,-2.435202012195108087e-11
8.375881772211338228e-02,-3.805063769847830124e-01,-2.124735995690178389e-02,-3.239569138071353716e-01,1.079665768085573636e-09,-1.268086774205035683e+00,3.805063764729127995e-01,8.108212392387185809e-18,-3.109070749247216409e-07,-9.423827008368499975e-04,3.175691443135263236e-13,9.420717937608744661e-04,-1.066922886768422274e-12,1.457750359217915416e-16,-6.896305021705601998e-06,-2.188942975225043747e-02,7.376660028846716002e-12,2.188253344720403684e-02,-2.478130326377289818e-11
8.533917277347401187e-02,-3.805063769847830124e-01,-2.124736045689363043e-02,-3.239584305985336310e-01,1.079666279222337343e-09,-1.268085257913629027e+00,3.805063764729110787e-01,8.337448727308647665e-18,-3.218746827840022609e-07,-9.772746133621342847e-04,3.293276140771325819e-13,9.769527386782599510e-04,-1.106424400165544731e-12,1.442860985132154476e-16,-6.983158064417809836e-06,-2.226741292389963767e-02,7.504063697750105843e-12,2.226042976581007332e-02,-2.520913731019199829e-11
8.691952782483464146e-02,-3.805063769847830124e-01,-2.124736097432547433e-02,-3.239600030030224120e-01,1.079666809100577271e-09,-1.268083686026572288e+00,3.805063764729093023e-01,8.564110809344663422e-18,-3.329773155257884581e-07,-1.012762866805496471e-03,3.412870891522978555e-13,1.012429889488840459e-03,-1.146600899053478082e-12,1.425160002158977224e-16,-7.067168029101177063e-06,-2.264412229045743852e-02,7.631040053569222743e-12,2.263705512240273693e-02,-2.563552353227228580e-11
8.849988287619527105e-02,-3.805063769847830124e-01,-2.124736150940711998e-02,-3.239616319614418982e-01,1.079667358037419162e-09,-1.268082057603234336e+00,3.805063764729074705e-01,8.787748536294689122e-18,-3.442104026933628127e-07,-1.048845449088373766e-03,3.534468946349997474e-13,1.048501238684509083e-03,-1.187450096359554104e-12,1.404574511334309943e-16,-7.148236512726499216e-06,-2.301955909896403335e-02,7.757589605910291545e-12,2.301241086242524977e-02,-2.606046320029749506e-11
9.008023792755591452e-02,-3.805063769847830124e-01,-2.124736206234100269e-02,-3.239633184114541486e-01,1.079667926348923766e-09,-1.268080371706155951e+00,3.805063764729055276e-01,9.007900335378816283e-18,-3.555692160653850823e-07,-1.085520350100760423e-03,3.658063564284625513e-13,1.085164780883482233e-03,-1.228969707018120800e-12,1.381032265469313632e-16,-7.226262247321981484e-06,-2.339372459365176779e-02,7.883712866784798981e-12,2.338649833137794107e-02,-2.648395758397490923e-11
9.166059297891654412e-02,-3.805063769847830124e-01,-2.124736263332198741e-02,-3.239650632875459291e-01,1.079668514350086837e-09,-1.268078627401045155e+00,3.805063764729035847e-01,9.224093275044379227e-18,-3.670488650620500405e-07,-1.122785561696708519e-03,3.783648012470346607e-13,1.122418512830391461e-03,-1.271157447969796410e-12,1.354461780957903886e-16,-7.301141015713685065e-06,-2.376662001586268835e-02,8.009410350705740662e-12,2.375931887482000612e-02,-2.690600795264294384e-11
9.324094803027717371e-02,-3.805063769847830124e-01,-2.124736322253705650e-02,-3.239668675210320981e-01,1.079669122354840581e-09,-1.268076823756774107e+00,3.805063764729015308e-01,9.435843194633058933e-18,-3.786442920158982387e-07,-1.160639077689690603e-03,3.911215566202190550e-13,1.160260433396376710e-03,-1.314011038161051368e-12,1.324792452001484310e-16,-7.372765564498061274e-06,-2.413824660396328425e-02,8.134682574786672726e-12,2.413087383837136946e-02,-2.732661557548247531e-11
9.482130308163778942e-02,-3.805063769847830124e-01,-2.124736383016506344e-02,-3.239687320400584380e-01,1.079669750676055519e-09,-1.268074959845375771e+00,3.805063764728994213e-01,9.642654852290922264e-18,-3.903502673029019073e-07,-1.199078893847828125e-03,4.040759508968633751e-13,1.198688543579183672e-03,-1.357528198544128945e-12,1.291954667256997036e-16,-7.441025514240492565e-06,-2.450860559325661672e-02,8.259530058843602070e-12,2.450116456771450624e-02,-2.774578172173195634e-11
9.640165813299841902e-02,-3.805063769847830124e-01,-2.124736445637647950e-02,-3.239706577696051526e-01,1.079670399625540484e-09,-1.268073034742040583e+00,3.805063764728972564e-01,9.844022091504887722e-18,-4.021613843294379936e-07,-1.238103007888981949e-03,4.172273132495138298e-13,1.237700846503266569e-03,-1.401706652077310402e-12,1.255879928913385637e-16,-7.505807266894925974e-06,-2.487769821589165889e-02,8.383953325499684476e-12,2.487019240859643376e-02,-2.816350766090632152e-11
9.798201318435904861e-02,-3.805063769847830124e-01,-2.124736510133306416e-02,-3.239726456314893643e-01,1.079671069514046347e-09,-1.268071047525112682e+00,3.805063764728949804e-01,1.003942802664959271e-17,-4.140720543707512321e-07,-1.277709419475691298e-03,4.305749736789352551e-13,1.277295347419889204e-03,-1.446544123725526088e-12,1.216500974200498316e-16,-7.566993910440691622e-06,-2.524552570076988092e-02,8.507952900292767784e-12,2.523795870683065434e-02,-2.857979466301969601e-11
9.956236823571969208e-02,-3.805063769847830124e-01,-2.124736576518760495e-02,-3.239746965443685012e-01,1.079671760651264358e-09,-1.268068997276088350e+00,3.805063764728926490e-01,1.022834524792943539e-17,-4.260765012565103498e-07,-1.317896130209966115e-03,4.441182630188045970e-13,1.317470053707232511e-03,-1.492038340461321761e-12,1.173751899333446796e-16,-7.624465120733847442e-06,-2.561208927344921227e-02,8.631529311785768803e-12,2.560446480829924043e-02,-2.899464399881190411e-11
1.011427232870803217e-01,-3.805063769847830124e-01,-2.124736644808362593e-02,-3.239768114237435159e-01,1.079672473345829459e-09,-1.268066883079609353e+00,3.805063764728902620e-01,1.041023604610077673e-17,-4.381687558990508773e-07,-1.358661143627925899e-03,4.578565129405799375e-13,1.358222974870503409e-03,-1.538187031266188622e-12,1.127568285894424607e-16,-7.678097060571278983e-06,-2.597739015604517976e-02,8.754683091679867810e-12,2.596971205895491630e-02,-2.940805693997880024e-11
1.027230783384409513e-01,-3.805063769847830124e-01,-2.124736715015503041e-02,-3.239789911819617729e-01,1.079673207905321110e-09,-1.268064704023462275e+00,3.805063764728878195e-01,1.058455265735968304e-17,-4.503426506599028011e-07,-1.400002465194281768e-03,4.717890559585532434e-13,1.399552122542051247e-03,-1.584987927132259683e-12,1.077887329652994643e-16,-7.727762275967020665e-06,-2.634142956712935690e-02,8.877414774930580407e-12,2.633370180482323686e-02,-2.982003475940644835e-11
1.043034333898015809e-01,-3.805063769847830124e-01,-2.124736787152584072e-02,-3.239812367282199346e-01,1.079673964636264322e-09,-1.268062459198574965e+00,3.805063764728852660e-01,1.075073752878047647e-17,-4.625918135501921838e-07,-1.441918102296649816e-03,4.859152254350847678e-13,1.441455510481480778e-03,-1.632438761064374280e-12,1.024647971824887527e-16,-7.773329589641183026e-06,-2.670420872162505496e-02,8.999724899866613034e-12,2.669643539200480115e-02,-3.023057873140895569e-11
1.058837884411622104e-01,-3.805063769847830124e-01,-2.124736861230983737e-02,-3.239835489685671255e-01,1.079674743844131931e-09,-1.268060147699011875e+00,3.805063764728826570e-01,1.090822360469051222e-17,-4.749096622605188005e-07,-1.484406064239703798e-03,5.002343555860308167e-13,1.483931154575775756e-03,-1.680537268082529733e-12,9.677910327683590962e-17,-7.814663991722998779e-06,-2.706572883070033908e-02,9.121614008311610387e-12,2.705791416667754912e-02,-3.063969013197037147e-11
1.074641434925228400e-01,-3.805063769847830124e-01,-2.124736937261021558e-02,-3.239859288059081521e-01,1.079675545833344395e-09,-1.268057768621971171e+00,3.805063764728799369e-01,1.105643463436620351e-17,-4.872893980159042657e-07,-1.527464362239154333e-03,5.147457814863651343e-13,1.526977072839421235e-03,-1.729281185224711445e-12,9.072593481162428241e-17,-7.851626527670388156e-06,-2.742599110165824805e-02,9.243082645708683257e-12,2.741813947509904800e-02,-3.104737023899016562e-11
1.090444985438834696e-01,-3.805063769847830124e-01,-2.124737015251926264e-02,-3.239883771400062229e-01,1.079676370907272478e-09,-1.268055321067782293e+00,3.805063764728771614e-01,1.119478550143501202e-17,-4.997239992514162978e-07,-1.571091009415550308e-03,5.294488390759986516e-13,1.570591285414531506e-03,-1.778668251550116811e-12,8.429979073408659233e-17,-7.884074183409631574e-06,-2.778499673782436341e-02,9.364131361247808884e-12,2.777711266360896603e-02,-3.145362033253263019e-11
1.106248535952440992e-01,-3.805063769847830124e-01,-2.124737095211799709e-02,-3.239908948674860012e-01,1.079677219368238285e-09,-1.268052804139901069e+00,3.805063764728743303e-01,1.132268257536766834e-17,-5.122062151040801658e-07,-1.615284020787904852e-03,5.443428651658040107e-13,1.614771814570982369e-03,-1.828696208142777563e-12,7.749539947480837493e-17,-7.911859767699505077e-06,-2.814274693843156483e-02,9.484760707996024662e-12,2.813483507863141428e-02,-3.185844169508002249e-11
1.122052086466047427e-01,-3.805063769847830124e-01,-2.124737177147576969e-02,-3.239934828818369916e-01,1.079678091517516300e-09,-1.268050216944907937e+00,3.805063764728713882e-01,1.143952408544400573e-17,-5.247285587166923358e-07,-1.660041413267132442e-03,5.594271974438467836e-13,1.659516684706545788e-03,-1.879362798115581370e-12,7.030773328957994369e-17,-7.934831791725402881e-06,-2.849924289850220421e-02,9.604971243030463664e-12,2.849130806667756616e-02,-3.226183561178959208e-11
1.137855636979653723e-01,-3.805063769847830124e-01,-2.124737261064992347e-02,-3.239961420734157049e-01,1.079678987655334827e-09,-1.268047558592503288e+00,3.805063764728683906e-01,1.154470051757534222e-17,-5.372833003491671084e-07,-1.705361205649302131e-03,5.747011744818305540e-13,1.704823922347030625e-03,-1.930665766614706024e-12,6.273202284314035979e-17,-7.952834345929750667e-06,-2.885448580872743141e-02,9.724763527574188358e-12,2.884653297434813107e-02,-3.266380337075423313e-11
1.153659187493259741e-01,-3.805063769847830124e-01,-2.124737346968538776e-02,-3.239988733294495438e-01,1.079679908080878475e-09,-1.268044828195504792e+00,3.805063764728652820e-01,1.163759503436497171e-17,-5.498624602930508525e-07,-1.751241418608691933e-03,5.901641357417568725e-13,1.750691556146423584e-03,-1.982602860824464981e-12,5.476377203417261889e-17,-7.965706974086138081e-06,-2.920847685534394556e-02,9.844138127134841912e-12,2.920051114833603287e-02,-3.306434626326708524e-11
1.169462738006866037e-01,-3.805063769847830124e-01,-2.124737434861428270e-02,-3.240016775340391897e-01,1.079680853092287541e-09,-1.268042024869844075e+00,3.805063764728621178e-01,1.171758391878765580e-17,-5.624578015848590306e-07,-1.797680074690656072e-03,6.058154215828101820e-13,1.797117616887041868e-03,-2.035171829972583675e-12,4.639877306081871913e-17,-7.973284544625308743e-06,-2.956121722000795357e-02,9.963095611646084771e-12,2.955324393542903619e-02,-3.346346558408976624e-11
1.185266288520472333e-01,-3.805063769847830124e-01,-2.124737524745549944e-02,-3.240045555681618228e-01,1.079681822986661312e-09,-1.268039147734562722e+00,3.805063764728588427e-01,1.178403704186743234e-17,-5.750608225138923278e-07,-1.844675198304277777e-03,6.216543732684633719e-13,1.844100137479680410e-03,-2.088370425335886380e-12,3.763312172590389568e-17,-7.975397119222277689e-06,-2.991270807966650569e-02,1.008163655561182458e-11,2.990473268251252550e-02,-3.386116263172439816e-11
1.201069839034078768e-01,-3.805063769847830124e-01,-2.124737616621426642e-02,-3.240075083096737307e-01,1.079682818060058688e-09,-1.268036195911809605e+00,3.805063764728555120e-01,1.183631835473197937e-17,-5.876627489202209070e-07,-1.892224815714829310e-03,6.376803329738175924e-13,1.891637152963770172e-03,-2.142196400246428981e-12,2.846323298096744156e-17,-7.971869818654567854e-06,-3.026295060642613180e-02,1.019976153825322330e-11,3.025497873657226333e-02,-3.425743870868936870e-11
1.216873389547685064e-01,-3.805063769847830124e-01,-2.124737710488174350e-02,-3.240105366333136949e-01,1.079683838607499219e-09,-1.268033168526837118e+00,3.805063764728520703e-01,1.187378640542011841e-17,-6.002545262785247603e-07,-1.940326955036013193e-03,6.538926437931754202e-13,1.939726700507540119e-03,-2.196647510098066333e-12,1.888585670812195192e-17,-7.962522685942551601e-06,-3.061194596741887569e-02,1.031747114365848639e-11,3.060398344469725945e-02,-3.465229512179882768e-11
1.232676940061291360e-01,-3.805063769847830124e-01,-2.124737806343454660e-02,-3.240136414107055440e-01,1.079684884922965377e-09,-1.268030064707998283e+00,3.805063764728485731e-01,1.189579488081747583e-17,-6.128268115635088265e-07,-1.988979646221994847e-03,6.702906497478518183e-13,1.988366819408179855e-03,-2.251721512353465123e-12,8.898093738677311510e-18,-7.947170546783645660e-06,-3.095969532466552945e-02,1.043476596093535643e-11,3.095174815408260546e-02,-3.504573318244582849e-11
1.248480490574897656e-01,-3.805063769847830124e-01,-2.124737904183429671e-02,-3.240168235103612071e-01,1.079685957299403795e-09,-1.268026883586742093e+00,3.805063764728449649e-01,1.190169317409361529e-17,-6.253699648926242534e-07,-2.038180921059215556e-03,6.868736957942300595e-13,2.037555551092013525e-03,-2.307416166551565459e-12,-1.502587892612056520e-18,-7.925622867293139492e-06,-3.130619983493643232e-02,1.055164658436642116e-11,3.129827421203252441e-02,-3.543775420688923687e-11
1.264284041088503951e-01,-3.805063769847830124e-01,-2.124738004002713412e-02,-3.240200837976837112e-01,1.079687056028726925e-09,-1.268023624297612617e+00,3.805063764728413012e-01,1.189082697801202514e-17,-6.378740409418492043e-07,-2.087928813157979933e-03,7.036411278320630168e-13,2.087290939114670903e-03,-2.363729234315498863e-12,-1.231833645889727003e-17,-7.897683609065031741e-06,-3.165146064960947664e-02,1.066811361356709200e-11,3.164356296596334411e-02,-3.582835951654423297e-11
1.280087591602110386e-01,-3.805063769847830124e-01,-2.124738105794323623e-02,-3.240234231349696237e-01,1.079688181401813037e-09,-1.268020285978242567e+00,3.805063764728374709e-01,1.186253890448242519e-17,-6.503287801303083383e-07,-2.138221357943825233e-03,7.205922927130289090e-13,2.137571029161268454e-03,-2.420658479360969128e-12,-2.355089981948243840e-17,-7.863151081567259078e-06,-3.199547891452559495e-02,1.078416765364629851e-11,3.198761576340648782e-02,-3.621755043827645153e-11
1.295891142115716543e-01,-3.805063769847830124e-01,-2.124738209549631787e-02,-3.240268423814124388e-01,1.079689333708510560e-09,-1.268016867769353073e+00,3.805063764728336406e-01,1.181616913072260444e-17,-6.627235995695256575e-07,-2.189056592648651062e-03,7.377265382495412992e-13,2.188393869046595386e-03,-2.478201667505104524e-12,-3.520160846634158436e-17,-7.821817791886509835e-06,-3.233825576984160344e-02,1.089980931536992433e-11,3.233043395201171122e-02,-3.660532830469981862e-11
1.311694692629322978e-01,-3.805063769847830124e-01,-2.124738315258310403e-02,-3.240303423931052973e-01,1.079690513237636428e-09,-1.268013368814747244e+00,3.805063764728296438e-01,1.175105607239501840e-17,-6.750475837731373894e-07,-2.240432556301619887e-03,7.550432132238195062e-13,2.239757508715300126e-03,-2.536356566675774081e-12,-4.727135834035434719e-17,-7.773470291838478869e-06,-3.267979234988051263e-02,1.101503921532688150e-11,3.267201887955020756e-02,-3.699169445447794913e-11
1.327498243142929135e-01,-3.805063769847830124e-01,-2.124738422908279897e-02,-3.240339240230434847e-01,1.079691720276981047e-09,-1.268009788261308612e+00,3.805063764728255915e-01,1.166653708408076803e-17,-6.872894751229157139e-07,-2.292347289719816848e-03,7.725416673972244762e-13,2.291660000242086350e-03,-2.595120946921392184e-12,-5.976059341878471917e-17,-7.717889022460331522e-06,-3.302008978297922559e-02,1.112985797609784723e-11,3.301237189391783428e-02,-3.737665023262904681e-11
1.343301793656535570e-01,-3.805063769847830124e-01,-2.124738532485653808e-02,-3.240375881211275400e-01,1.079692955113305807e-09,-1.268006125258998251e+00,3.805063764728214837e-01,1.156194918745123685e-17,-6.994376640869762727e-07,-2.344798835498669749e-03,7.902212515198631458e-13,2.344099397831913342e-03,-2.654492580421205019e-12,-7.266928807559589517e-17,-7.654848155902856067e-06,-3.335914919133371737e-02,1.124426622642668415e-11,3.335149434313842282e-02,-3.776019699083448144e-11
1.359105344170141727e-01,-3.805063769847830124e-01,-2.124738643974682928e-02,-3.240413355341660862e-01,1.079694218032348876e-09,-1.268002378960849885e+00,3.805063764728172093e-01,1.143662982749512709e-17,-7.114801791860770215e-07,-2.397785238002117080e-03,8.080813173404654347e-13,2.397073757820198953e-03,-2.714469241496064109e-12,-8.599692921626711242e-17,-7.584115434740599684e-06,-3.369697169084168165e-02,1.135826460139445035e-11,3.368938757536707462e-02,-3.814233608775075870e-11
1.374908894683748162e-01,-3.805063769847830124e-01,-2.124738757357696670e-02,-3.240451671058786065e-01,1.079695509318823755e-09,-1.267998548522967450e+00,3.805063764728128795e-01,1.128991765715588061e-17,-7.234046767039428782e-07,-2.451304543352530139e-03,8.261212176165379080e-13,2.450581138673030377e-03,-2.775048706619699080e-12,-9.974249818884794977e-17,-7.505452008718917462e-06,-3.403355839094265173e-02,1.147185374259602991e-11,3.402605293889360283e-02,-3.852306888932514122e-11
1.390712445197354319e-01,-3.805063769847830124e-01,-2.124738872615043392e-02,-3.240490836768979976e-01,1.079696829256421340e-09,-1.267994633104521540e+00,3.805063764728084386e-01,1.112115335073166187e-17,-7.351984301375796323e-07,-2.505354799420378854e-03,8.443403061248003679e-13,2.504619600987381418e-03,-2.836228754430494479e-12,-1.139044524730559617e-16,-7.418612268957710967e-06,-3.436891039445563734e-02,1.158503429831934512e-11,3.436149178214589067e-02,-3.890239676911452681e-11
1.406515995710960476e-01,-3.805063769847830124e-01,-2.124738989725029337e-02,-3.240530860847735117e-01,1.079698178127813233e-09,-1.267990631867746076e+00,3.805063764728038866e-01,1.092968044638722329e-17,-7.468483193835753075e-07,-2.559934055813640422e-03,8.627379376719058807e-13,2.559187207491331936e-03,-2.898007165743766220e-12,-1.284807071492851521e-16,-7.323343679632313895e-06,-3.470302879741433283e-02,1.169780692372716014e-11,3.469570545369344422e-02,-3.928032110860795186e-11
1.422319546224566911e-01,-3.805063769847830124e-01,-2.124739108663855833e-02,-3.240571751639734210e-01,1.079699556214651333e-09,-1.267986543977934311e+00,3.805063764727992792e-01,1.071484621812399236e-17,-7.583408196564172412e-07,-2.615040363866940817e-03,8.813134681054505986e-13,2.614282023044293794e-03,-2.960381723564555011e-12,-1.434686161494653918e-16,-7.219386607152626108e-06,-3.503591468889979271e-02,1.181017228104138070e-11,3.502869530225092426e-02,-3.965684329755241010e-11
1.438123096738173068e-01,-3.805063769847830124e-01,-2.124739229405553723e-02,-3.240613517458878490e-01,1.079700963797571138e-09,-1.267982368603436827e+00,3.805063764727945608e-01,1.047600257755148259e-17,-7.696619901348895636e-07,-2.670671776630436072e-03,9.000662543252774175e-13,2.669902114637245048e-03,-3.023350213100937989e-12,-1.588649532917746888e-16,-7.106474146862403715e-06,-3.536756915087075487e-02,1.192213103972993394e-11,3.536046267668171289e-02,-4.003196473428203165e-11
1.453926647251779503e-01,-3.805063769847830124e-01,-2.124739351921917097e-02,-3.240656166588313791e-01,1.079702401156191953e-09,-1.267978104915657100e+00,3.805063764727897313e-01,1.021250700580002722e-17,-7.807974623326486934e-07,-2.726826348858420353e-03,9.189956542950762961e-13,2.726045551392964564e-03,-3.086910421777859352e-12,-1.746658931012685359e-16,-6.984331947281158335e-06,-3.569799325799150047e-02,1.203368387669608123e-11,3.569100892600157726e-02,-4.040568682605065493e-11
1.469730197765385937e-01,-3.805063769847830124e-01,-2.124739476182434597e-02,-3.240699707280457753e-01,1.079703868569119585e-09,-1.267973752089047945e+00,3.805063764727847908e-01,9.923723515911550080e-18,-7.917324281891137400e-07,-2.783502136997662111e-03,9.381010270542864888e-13,2.782710404566282256e-03,-3.151060139251496163e-12,-1.908669914185567307e-16,-6.852678031911935239e-06,-3.602718807745736163e-02,1.214483147647026760e-11,3.602033539938235412e-02,-4.077801098936765548e-11
1.485533748278992094e-01,-3.805063769847830124e-01,-2.124739602154220378e-02,-3.240744147757024796e-01,1.079705366313948194e-09,-1.267969309301109071e+00,3.805063764727797393e-01,9.609023646041465349e-18,-8.024516278768386749e-07,-2.840697199175453141e-03,9.573817327303015990e-13,2.839894747544317172e-03,-3.215797157424145180e-12,-2.074631657987142412e-16,-6.711222618638776238e-06,-3.635515466881787672e-02,1.225557453140438474e-11,3.634844344615568296e-02,-4.114893865033710294e-11
1.501337298792598529e-01,-3.805063769847830124e-01,-2.124739729801938121e-02,-3.240789496209056653e-01,1.079706894667260715e-09,-1.267964775732383087e+00,3.805063764727746323e-01,9.267787483801627276e-18,-8.129393373215854314e-07,-2.898409595187397426e-03,9.768371325509891684e-13,2.897596655846747249e-03,-3.281119270459665034e-12,-2.244486757026805833e-16,-6.559667936738310133e-06,-3.668189408379756572e-02,1.236591374186847198e-11,3.667533441581682235e-02,-4.151847124500000703e-11
1.517140849306204686e-01,-3.805063769847830124e-01,-2.124739859087730262e-02,-3.240835760796942910e-01,1.079708453904632369e-09,-1.267960150566452171e+00,3.805063764727694142e-01,8.899404722070283539e-18,-8.231793554313355203e-07,-2.956637386484892074e-03,9.964665888575143993e-13,2.955814207126061712e-03,-3.347024274799445510e-12,-2.418171024834500255e-16,-6.397708041530697071e-06,-3.700740736611444343e-02,1.247584981644979216e-11,3.700100965802843866e-02,-4.188661021967997568e-11
1.532944399819811121e-01,-3.805063769847830124e-01,-2.124739989971141663e-02,-3.240882949650453759e-01,1.079710044300630249e-09,-1.267955432989935183e+00,3.805063764727640296e-01,8.503275746591571556e-18,-8.331549910305396856e-07,-3.015378636162328527e-03,1.016269465117488611e-12,3.014545481167827789e-03,-3.413509969178937015e-12,-2.595613291694246019e-16,-6.225028626695580898e-06,-3.733169555129620815e-02,1.258538347215433898e-11,3.732547052262458198e-02,-4.225335703133193623e-11
1.548747950333417278e-01,-3.805063769847830124e-01,-2.124740122409038076e-02,-3.240931070868758312e-01,1.079711666128817876e-09,-1.267950622192483667e+00,3.805063764727585895e-01,8.078812755683240585e-18,-8.428490494959321241e-07,-3.074631408944011445e-03,1.036245125938434350e-12,3.073788559890975203e-03,-3.480574154644729761e-12,-2.776735200473511697e-16,-6.041306834279354947e-06,-3.765475966649418221e-02,1.269451543461061582e-11,3.764871835961453028e-02,-4.261871314789379708e-11
1.564551500847023713e-01,-3.805063769847830124e-01,-2.124740256355527046e-02,-3.240980132520457357e-01,1.079713319661754774e-09,-1.267945717366778968e+00,3.805063764727530384e-01,7.625440912367179512e-18,-8.522438190902802621e-07,-3.134393771170760571e-03,1.056392937081571398e-12,3.133541527348058121e-03,-3.548214634572183453e-12,-2.961451000473184260e-16,-5.846211062420844645e-06,-3.797660073029505978e-02,1.280324643827578955e-11,3.797075451918681399e-02,-4.298268004864157960e-11
1.580355051360630148e-01,-3.805063769847830124e-01,-2.124740391761876721e-02,-3.241030142643605561e-01,1.079715005170999377e-09,-1.267940717708527565e+00,3.805063764727473763e-01,7.142599529233881957e-18,-8.613210569904895758e-07,-3.194663790786235903e-03,1.076712265475938013e-12,3.193802469725559590e-03,-3.616429214683639404e-12,-3.149667339323535944e-16,-5.639400770822644957e-06,-3.829721975253030236e-02,1.291157722664408025e-11,3.829158035171319890e-02,-4.334525922454713496e-11
1.596158601874236305e-01,-3.805063769847830124e-01,-2.124740528576428075e-02,-3.241081109245734782e-01,1.079716722927109849e-09,-1.267935622416460184e+00,3.805063764727416031e-01,6.629743286347290377e-18,-8.700619750065219034e-07,-3.255439537322943680e-03,1.097202479232836094e-12,3.254569475344177773e-03,-3.685215703067181535e-12,-3.341283052951977930e-16,-5.420526283996506068e-06,-3.861661773408359838e-02,1.301950855245749190e-11,3.861119720775287728e-02,-4.370645217863928599e-11
1.611962152387842739e-01,-3.805063769847830124e-01,-2.124740666744509218e-02,-3.241133040303881829e-01,1.079718473199647807e-09,-1.267930430692326249e+00,3.805063764727357190e-01,6.086343482492927092e-18,-8.784472249876292162e-07,-3.316719081887941831e-03,1.117862947660614816e-12,3.315840634659120850e-03,-3.754571910195978592e-12,-3.536188953649031099e-16,-5.189228592311157309e-06,-3.893479566669590108e-02,1.312704117791868058e-11,3.892960643805642301e-02,-4.406626042636758636e-11
1.627765702901448897e-01,-3.805063769847830124e-01,-2.124740806208345878e-02,-3.241185943764614552e-01,1.079720256257178117e-09,-1.267925141740891215e+00,3.805063764727297237e-01,5.511889320067579485e-18,-8.864568839124560587e-07,-3.378500497148237067e-03,1.138693041279790302e-12,3.377614040260417099e-03,-3.824495648948203525e-12,-3.734267616259407629e-16,-4.945139150871884281e-06,-3.925175453276857906e-02,1.323417587490609248e-11,3.924680939357009374e-02,-4.442468549596923978e-11
1.643569253415055331e-01,-3.805063769847830124e-01,-2.124740946906967035e-02,-3.241239827544050711e-01,1.079722072367272407e-09,-1.267919754769933682e+00,3.805063764727236175e-01,4.905889223904726693e-18,-8.940704386596084438e-07,-3.440781857315871901e-03,1.159692131838510832e-12,3.439887786873228014e-03,-3.894984734627537308e-12,-3.935393162525597116e-16,-4.687879676261526514e-06,-3.956749530516424224e-02,1.334091342519121999e-11,3.956280742543993173e-02,-4.478172892883863650e-11
1.659372803928661488e-01,-3.805063769847830124e-01,-2.124741088776115061e-02,-3.241294699527888512e-01,1.079723921796509896e-09,-1.267914268990241400e+00,3.805063764727174558e-01,4.267872194325551029e-18,-9.012667704553276488e-07,-3.503561238132679896e-03,1.180859592328360514e-12,3.502659971358164891e-03,-3.966036984984244681e-12,-4.139431043611824213e-16,-4.417061941173224519e-06,-3.988201894700575678e-02,1.344725462065805982e-11,3.987760188501610764e-02,-4.513739227989999165e-11
1.675176354442267646e-01,-3.805063769847830124e-01,-2.124741231748143028e-02,-3.241350567571428254e-01,1.079725804810480700e-09,-1.267908683615607934e+00,3.805063764727111830e-01,3.597389194700680357e-18,-9.080241389949692925e-07,-3.566836716854750785e-03,1.202194797000520611e-12,3.565928692711619295e-03,-4.037650220236873904e-12,-4.346237820836806387e-16,-4.132287566965464477e-06,-4.019532641147297719e-02,1.355320026352460515e-11,4.019119412385710466e-02,-4.549167711798256868e-11
1.690979904955874080e-01,-3.805063769847830124e-01,-2.124741375751919986e-02,-3.241407439499594534e-01,1.079727721673786455e-09,-1.267902997862829118e+00,3.805063764727047437e-01,2.894014573803774038e-18,-9.143201662350207964e-07,-3.630606372236539099e-03,1.223697121382272562e-12,3.629692052066089188e-03,-4.109822263094505010e-12,-4.555660944644039122e-16,-3.833147814170997953e-06,-4.050741864159772276e-02,1.365875116656648654e-11,4.050358549373420797e-02,-4.584458502619868790e-11
1.706783455469480237e-01,-3.805063769847830124e-01,-2.124741520712726539e-02,-3.241465323106960672e-01,1.079729672650042800e-09,-1.267897210951700382e+00,3.805063764726981379e-01,2.157347523232799133e-18,-9.201318198524551248e-07,-3.694868284514669227e-03,1.245365942293862688e-12,3.693948152690524137e-03,-4.182550938779640250e-12,-4.767538531839024716e-16,-3.519223370991014975e-06,-4.081829657005645734e-02,1.376390815334257567e-11,4.081477734663570278e-02,-4.619611760232441699e-11
1.722587005983086672e-01,-3.805063769847830124e-01,-2.124741666552150410e-02,-3.241524226157775912e-01,1.079731658001881853e-09,-1.267891322105013208e+00,3.805063764726914766e-01,1.387013570170795273e-18,-9.254353963682580909e-07,-3.759620535391408700e-03,1.267200637865724556e-12,3.758695099990669222e-03,-4.255834075051673728e-12,-4.981699141123099919e-16,-3.190084139807069424e-06,-4.112796111896140083e-02,1.386867205842268307e-11,4.112477103477141932e-02,-4.654627645918291106e-11
1.738390556496692829e-01,-3.805063769847830124e-01,-2.124741813187978889e-02,-3.241584156385979298e-01,1.079733677990954489e-09,-1.267885330548551126e+00,3.805063764726847042e-01,5.826661057529605077e-19,-9.302065039320254870e-07,-3.824861208017800180e-03,1.289200587556058183e-12,3.823931001509417189e-03,-4.329669502230972535e-12,-5.197961546954050152e-16,-2.845289021743336188e-06,-4.143641319964944114e-02,1.397304372761714910e-11,4.143356791057711125e-02,-4.689506322503029241e-11
1.754194107010299264e-01,-3.805063769847830124e-01,-2.124741960534089202e-02,-3.241645121495234094e-01,1.079735732877930757e-09,-1.267879235511086833e+00,3.805063764726778208e-01,-2.560120506981803778e-19,-9.344200447645699219e-07,-3.890588386976469911e-03,1.311365172168780217e-12,3.889653966927174040e-03,-4.404055053223583116e-12,-5.416134511764174302e-16,-2.484385699312268215e-06,-4.174365371246934603e-02,1.407702401820845300e-11,4.174116932671904229e-02,-4.724247954394422507e-11
1.769997657523905421e-01,-3.805063769847830124e-01,-2.124742108500335749e-02,-3.241707129158941103e-01,1.079737822922504216e-09,-1.267873036224378636e+00,3.805063764726707709e-01,-1.129307051312055854e-18,-9.380501972555431025e-07,-3.956800158264090102e-03,1.333693773871835810e-12,3.955862108062222458e-03,-4.478988563546533785e-12,-5.636016556566718041e-16,-2.106910417177408604e-06,-4.204968354656696272e-02,1.418061379918465222e-11,4.204757663609839241e-02,-4.758852707621468657e-11
1.785801208037511856e-01,-3.805063769847830124e-01,-2.124742256992432493e-02,-3.241770187020265315e-01,1.079739948383392767e-09,-1.267866731923167345e+00,3.805063764726636655e-01,-2.037472382931834957e-18,-9.410703977131150858e-07,-4.023494609273502165e-03,1.356185776215883692e-12,4.022553538871095208e-03,-4.554467871353768134e-12,-5.857395729982200993e-16,-1.712387761067231414e-06,-4.235450357966881463e-02,1.428381395147477514e-11,4.235279119185596242e-02,-4.793320749873750555e-11
1.801604758551118290e-01,-3.805063769847830124e-01,-2.124742405911837773e-02,-3.241834302692155889e-01,1.079742109518341339e-09,-1.267860321845172278e+00,3.805063764726563935e-01,-2.980727193751335537e-18,-9.434533217628254025e-07,-4.090669828775506459e-03,1.378840564153356462e-12,4.089726375448967180e-03,-4.630490817462709321e-12,-6.080049375716412093e-16,-1.300330434874474416e-06,-4.265811467786372740e-02,1.438662536818596017e-11,4.265681434737667727e-02,-4.827652250541001262e-11
1.817408309064724448e-01,-3.805063769847830124e-01,-2.124742555155627322e-02,-3.241899483757367806e-01,1.079744306584123751e-09,-1.267853805231088815e+00,3.805063764726490105e-01,-3.959254583085035401e-18,-9.451708653927567371e-07,-4.158323906900281662e-03,1.401657524057891055e-12,4.157378736030030962e-03,-4.707055245381430207e-12,-6.303743898522272464e-16,-8.702390359759615090e-07,-4.296051769538284520e-02,1.448904895484248509e-11,4.295964745629431841e-02,-4.861847380752928259e-11
1.833211859578330882e-01,-3.805063769847830124e-01,-2.124742704616375266e-02,-3.241965737768485734e-01,1.079746539836545401e-09,-1.267847181324584405e+00,3.805063764726415165e-01,-4.973199854034060569e-18,-9.461941256422530037e-07,-4.226454935118487133e-03,1.424636043744146136e-12,4.225508740987902329e-03,-4.784159001336472961e-12,-6.528234528678194087e-16,-4.216018288079226604e-07,-4.326171347437787057e-02,1.459108562962648627e-11,4.326129187249612429e-02,-4.895906313419234767e-11
1.849015410091937039e-01,-3.805063769847830124e-01,-2.124742854182022633e-02,-3.242033072247943459e-01,1.079748809530445334e-09,-1.267840449372295453e+00,3.805063764726338560e-01,-6.022668728816274157e-18,-9.464933809314535240e-07,-4.295061006221985792e-03,1.447775512487994523e-12,4.294114512836027901e-03,-4.861799934301300354e-12,-6.753265085015858354e-16,4.610548326731592856e-08,-4.356170284469761816e-02,1.469273632362043899e-11,4.356174895012759202e-02,-4.929829223269896339e-11
1.864818960605543474e-01,-3.805063769847830124e-01,-2.124743003735746899e-02,-3.242101494688042207e-01,1.079751115919698720e-09,-1.267833608623822661e+00,3.805063764726261399e-01,-7.107725526534036243e-18,-9.460380710289644605e-07,-4.364140214304227001e-03,1.471075321047105352e-12,4.363194176228087605e-03,-4.939975896025377139e-12,-6.978567736530731072e-16,5.334199877673318326e-07,-4.386048662366300033e-02,1.479400198105133883e-11,4.386102004359711953e-02,-4.963616286895634547e-11
1.880622511119149631e-01,-3.805063769847830124e-01,-2.124743153155828762e-02,-3.242171012550975617e-01,1.079753459257218927e-09,-1.267826658331730139e+00,3.805063764726182574e-01,-8.228391303158114808e-18,-9.447967766550593828e-07,-4.433690654740266891e-03,1.494534861681908352e-12,4.432745857958415338e-03,-5.018684741063897659e-12,-7.203862762608973611e-16,1.040891794531921598e-06,-4.415806561584038892e-02,1.489488355953650033e-11,4.415910650758091832e-02,-4.997267682788604574e-11
1.896426061632755788e-01,-3.805063769847830124e-01,-2.124743302315514407e-02,-3.242241633268844181e-01,1.079755839794959793e-09,-1.267819597751540073e+00,3.805063764726102638e-01,-9.384641953511790176e-18,-9.427371987178545300e-07,-4.503710424166437395e-03,1.518153528176953309e-12,4.502767686962438724e-03,-5.097924326808163731e-12,-7.428858311904780674e-16,1.569084268764902134e-06,-4.445444061281329795e-02,1.499538203033099712e-11,4.445600969702772493e-02,-5.030783591383300590e-11
1.912229612146362223e-01,-3.805063769847830124e-01,-2.124743451082874296e-02,-3.242313364243683549e-01,1.079758257783919348e-09,-1.267812426141729842e+00,3.805063764726021591e-01,-1.057640627504482906e-17,-9.398261371799451964e-07,-4.574197620459644932e-03,1.541930715862658909e-12,4.573257794317097183e-03,-5.177692513516600691e-12,-7.653250159902411829e-16,2.118574265638376185e-06,-4.474961239295276866e-02,1.509549837857669173e-11,4.475173096716372756e-02,-5.064164195097654992e-11
1.928033162659968380e-01,-3.805063769847830124e-01,-2.124743599320660231e-02,-3.242386212847473415e-01,1.079760713474140024e-09,-1.267805142763728687e+00,3.805063764725938880e-01,-1.180356399319165735e-17,-9.360294695530855989e-07,-4.645150342716296982e-03,1.565865821637452532e-12,4.644214313241289485e-03,-5.257987164346425326e-12,-7.876721465197584275e-16,2.689952366421833290e-06,-4.504358172118595738e-02,1.519523360355272915e-11,4.504627167349738170e-02,-5.097409678374325063e-11
1.943836713173574815e-01,-3.805063769847830124e-01,-2.124743746886156512e-02,-3.242460186422165269e-01,1.079763207114713406e-09,-1.267797746881914378e+00,3.805063764725855058e-01,-1.306594374811484022e-17,-9.313121290185149092e-07,-4.716566691230891263e-03,1.589958243990317393e-12,4.715635379096330855e-03,-5.338806145385978613e-12,-8.098942524533266063e-16,3.283823116098562666e-06,-4.533634934876355077e-02,1.529458871892762010e-11,4.533963317182433672e-02,-5.130520227722180595e-11
1.959640263687180972e-01,-3.805063769847830124e-01,-2.124743893631029362e-02,-3.242535292279697390e-01,1.079765738953780856e-09,-1.267790237763610106e+00,3.805063764725770126e-01,-1.436332104263914470e-17,-9.256380821706140875e-07,-4.788444767474202453e-03,1.614207383023728626e-12,4.787519129386402263e-03,-5.420147325687704707e-12,-8.319570526624981993e-16,3.900805262430976947e-06,-4.562791601302561284e-02,1.539356475301274286e-11,4.563181681823243879e-02,-5.163496031757985399e-11
1.975443814200787407e-01,-3.805063769847830124e-01,-2.124744039401173581e-02,-3.242611537702011493e-01,1.079768309238537650e-09,-1.267782614679080044e+00,3.805063764725683528e-01,-1.569541615118804168e-17,-9.189703063816373393e-07,-4.860782674071117623e-03,1.638612640476995893e-12,4.859863703759019667e-03,-5.502008577301793920e-12,-8.538249304811300505e-16,4.541531996436708242e-06,-4.591828243716607888e-02,1.549216274901725699e-11,4.592282396910662978e-02,-5.196337281248229373e-11
1.991247364714393842e-01,-3.805063769847830124e-01,-2.124744184036552602e-02,-3.242688929941076048e-01,1.079770918215234629e-09,-1.267774876901527570e+00,3.805063764725596931e-01,-1.706189198953972072e-17,-9.112707667853174974e-07,-4.933578514778096114e-03,1.663173419750011505e-12,4.932667244005504124e-03,-5.584387775310485681e-12,-8.754609088565296153e-16,5.206651194236484230e-06,-4.620744932999588245e-02,1.559038376530438725e-11,4.621265598113395018e-02,-5.229044169151155097e-11
2.007050915227999999e-01,-3.805063769847830124e-01,-2.124744327371037508e-02,-3.242767476218898492e-01,1.079773566129181094e-09,-1.267767023707090157e+00,3.805063764725507558e-01,-1.846235194522546463e-17,-9.025003928772046652e-07,-5.006830394460244291e-03,1.687889125927401632e-12,5.005927894061472719e-03,-5.667282797863044381e-12,-8.968266253903108601e-16,5.896825660235029126e-06,-4.649541738570477090e-02,1.568822887564909994e-11,4.650131421130858367e-02,-5.261616890658944044e-11
2.022854465741606433e-01,-3.805063769847830124e-01,-2.124744469232241542e-02,-3.242847183727547433e-01,1.079776253224747914e-09,-1.267759054374837380e+00,3.805063764725417630e-01,-1.989633766839895750e-17,-8.926190547296667034e-07,-5.080536419068026020e-03,1.712759165803084642e-12,5.079643800007312138e-03,-5.750691526211390333e-12,-9.178823072725907441e-16,6.612733371595431393e-06,-4.678218728362201762e-02,1.578569916949701700e-11,4.678880001693693641e-02,-5.294055643240071456e-11
2.038658016255212591e-01,-3.805063769847830124e-01,-2.124744609441350796e-02,-3.242928059629163751e-01,1.079778979745368964e-09,-1.267750968186766469e+00,3.805063764725326036e-01,-2.136332682301088544e-17,-8.815855388195378428e-07,-5.154694695613588028e-03,1.737782947905245857e-12,5.153813110068694754e-03,-5.834611844746418989e-12,-9.385867461132065166e-16,7.355067723967709747e-06,-4.706775968797560772e-02,1.588279575222460947e-11,4.707511475564266079e-02,-5.326360626681802106e-11
2.054461566768819025e-01,-3.805063769847830124e-01,-2.124744747812951084e-02,-3.243010111055984468e-01,1.079781745933545892e-09,-1.267742764427800539e+00,3.805063764725232778e-01,-2.286273079812893778e-17,-8.693575234664635439e-07,-5.229303332146696681e-03,1.762959882521717212e-12,5.228433974617066084e-03,-5.919041641034973641e-12,-9.588972726736164124e-16,8.124537778431348482e-06,-4.735213524765048698e-02,1.597951974540063831e-11,4.736025978537178327e-02,-5.358532043132848902e-11
2.070265117282425182e-01,-3.805063769847830124e-01,-2.124744884154850313e-02,-3.243093345110353298e-01,1.079784552030849142e-09,-1.267734442385782812e+00,3.805063764725138964e-01,-2.439389237924913737e-17,-8.558915538800564244e-07,-5.304360437730307881e-03,1.788289381725774955e-12,5.303504546170173008e-03,-6.003978805857507189e-12,-9.787697315032209743e-16,8.921868509612154187e-06,-4.763531459594556872e-02,1.607587228704871315e-11,4.764423646439784610e-02,-5.390570097146165917e-11
2.086068667796031617e-01,-3.805063769847830124e-01,-2.124745018267897370e-02,-3.243177768864736188e-01,1.079787398277921271e-09,-1.267726001351474840e+00,3.805063764725042930e-01,-2.595608337945069963e-17,-8.411430168140350403e-07,-5.379864122415731892e-03,1.813770859402352139e-12,5.379022979392572915e-03,-6.089421233246412748e-12,-9.981584554838242834e-16,9.747801054932696659e-06,-4.791729835032960266e-02,1.617185453191103685e-11,4.792704615132701434e-02,-5.422474995721882936e-11
2.101872218309638052e-01,-3.805063769847830124e-01,-2.124745149945799286e-02,-3.243263389361743521e-01,1.079790284914480876e-09,-1.267717440618553182e+00,3.805063764724946340e-01,-2.754850223025180890e-17,-8.250661148255949150e-07,-5.455812497217435615e-03,1.839403731274670774e-12,5.454987431096173199e-03,-6.175366820525047352e-12,-1.017016240285998557e-15,1.060309296495608300e-05,-4.819808711219602387e-02,1.626746765171320354e-11,4.820869020510327313e-02,-5.454246948350377014e-11
2.117675768823244209e-01,-3.805063769847830124e-01,-2.124745278974927293e-02,-3.243350213614136224e-01,1.079793212179323005e-09,-1.267708759483605174e+00,3.805063764724848085e-01,-2.917027153203024295e-17,-8.076138401383041981e-07,-5.532203674087432001e-03,1.865187414931288367e-12,5.531396060240766424e-03,-6.261813468347413999e-12,-1.035294318741127798e-15,1.148851845478195669e-05,-4.847768146661673300e-02,1.636271283543007572e-11,4.848916998501366649e-02,-5.485886167055448715e-11
2.133479319336850644e-01,-3.805063769847830124e-01,-2.124745405134129822e-02,-3.243438248604846863e-01,1.079796180310325984e-09,-1.267699957246126052e+00,3.805063764724748165e-01,-3.082043556387873914e-17,-7.887379481069067563e-07,-5.609035765889301695e-03,1.891121329853573607e-12,5.608247027934575892e-03,-6.348759080738558605e-12,-1.052942335132934778e-15,1.240486865645397941e-05,-4.875608198209491206e-02,1.645759128955264373e-11,4.876848685069339745e-02,-5.517392866437646345e-11
2.149282869850456801e-01,-3.805063769847830124e-01,-2.124745528194527805e-02,-3.243527501286990744e-01,1.079799189544450589e-09,-1.267691033208515616e+00,3.805063764724647135e-01,-3.249795775277059136e-17,-7.683889302824510740e-07,-5.686306886371798354e-03,1.917204897443592209e-12,5.685538497434805549e-03,-6.436201565135612378e-12,-1.069908319412303134e-15,1.335295187233734167e-05,-4.903328921031688964e-02,1.655210423835586753e-11,4.904664216213113631e-02,-5.548767263717673545e-11
2.165086420364063235e-01,-3.805063769847830124e-01,-2.124745647919318997e-02,-3.243617978583882011e-01,1.079802240117745215e-09,-1.267681986676074679e+00,3.805063764724544439e-01,-3.420171810191757727e-17,-7.465159870762638207e-07,-5.764015150142090538e-03,1.943437541052432395e-12,5.763268634148212451e-03,-6.524138832429564439e-12,-1.086138661339243813e-15,1.433359382942498081e-05,-4.930930368590309698e-02,1.664625292416745862e-11,4.932363727967434969e-02,-5.580009578779937768e-11
2.180889970877669393e-01,-3.805063769847830124e-01,-2.124745764063568770e-02,-3.243709687389041973e-01,1.079805332265348772e-09,-1.267672816957001070e+00,3.805063764724441189e-01,-3.593051057820779673e-17,-7.230670000213119301e-07,-5.842158672638582927e-03,1.969818686008940940e-12,5.841435605631666202e-03,-6.612568797007687138e-12,-1.101578084555847047e-15,1.534763793453089144e-05,-4.958412592615811521e-02,1.674003860763747636e-11,4.959947356403438673e-02,-5.611120034216158205e-11
2.196693521391275827e-01,-3.805063769847830124e-01,-2.124745876373999171e-02,-3.243802634566219090e-01,1.079808466221493375e-09,-1.267663523362387856e+00,3.805063764724336273e-01,-3.768304045861779439e-17,-6.979885036296063010e-07,-5.920735570103359373e-03,1.996347759648895828e-12,5.920037581592742237e-03,-6.701489376796678696e-12,-1.116169620594112862e-15,1.639594553032859859e-05,-4.985775643081989672e-02,1.683346256800880953e-11,4.987415237629190534e-02,-5.642098855369100375e-11
2.212497071904881984e-01,-3.805063769847830124e-01,-2.124745984588773812e-02,-3.243896826949396184e-01,1.079811642219507235e-09,-1.267654105206217574e+00,3.805063764724229691e-01,-3.945792163549869462e-17,-6.712256568443233162e-07,-5.999743959554221760e-03,2.023024191344604615e-12,5.999072733890297750e-03,-6.790898493306473078e-12,-1.129854582822529303e-15,1.747939615219292140e-05,-5.013019568180835522e-02,1.692652610338849483e-11,5.014767507790220125e-02,-5.672946270376389558e-11
2.228300622418488419e-01,-3.805063769847830124e-01,-2.124746088437280689e-02,-3.243992271342805989e-01,1.079814860491819419e-09,-1.267644561805361780e+00,3.805063764724121445e-01,-4.125367388064311546e-17,-6.427222140854264607e-07,-6.079181958756329877e-03,2.049847412534929312e-12,6.078539236535073637e-03,-6.880794071674771234e-12,-1.142572540335323158e-15,1.859888778580276529e-05,-5.040144414297290792e-02,1.701923053101965572e-11,5.042004303070036358e-02,-5.703662510214398538e-11
2.244104172932094854e-01,-3.805063769847830124e-01,-2.124746187639905623e-02,-3.244088974520937807e-01,1.079818121269961089e-09,-1.267634892479574837e+00,3.805063764724012088e-01,-4.306872006804481104e-17,-6.124204958876039954e-07,-6.159047686193442304e-03,2.076816856755741814e-12,6.158435265690289512e-03,-6.971174040712228257e-12,-1.154261291788289010e-15,1.975533712546266747e-05,-5.067150225983964307e-02,1.711157718755427168e-11,5.069125759690677052e-02,-5.734247808742215489e-11
2.259907723445701011e-01,-3.805063769847830124e-01,-2.124746281907802237e-02,-3.244186943228554720e-01,1.079821424784570879e-09,-1.267625096551492136e+00,3.805063764723901065e-01,-4.490138335527037534e-17,-5.802613591294323409e-07,-6.239339261038766987e-03,2.103931959670819581e-12,6.238758999672282951e-03,-7.062036332948386146e-12,-1.164856839185151193e-15,2.094967983310075916e-05,-5.094037045935757846e-02,1.720356742932655820e-11,5.096132013913240444e-02,-5.764702402745690693e-11
2.275711273959307446e-01,-3.805063769847830124e-01,-2.124746370942661583e-02,-3.244286184180699695e-01,1.079824771265396344e-09,-1.267615173346626323e+00,3.805063764723788378e-01,-4.674988432336714717e-17,-5.461841668527220530e-07,-6.320054803125392008e-03,2.131192159103158142e-12,6.319508618951091491e-03,-7.153378884678248756e-12,-1.174293361618379488e-15,2.218287079790010516e-05,-5.120804914964439958e-02,1.729520263262692509e-11,5.123023202038409080e-02,-5.795026531981517511e-11
2.291514824472913325e-01,-3.805063769847830124e-01,-2.124746454436471713e-02,-3.244386704062708904e-01,1.079828160941298507e-09,-1.267605122193363298e+00,3.805063764723674580e-01,-4.861233807523930183e-17,-5.101267576710786520e-07,-6.401192432916327779e-03,2.158596895066733135e-12,6.400682306151117898e-03,-7.245199636009599118e-12,-1.182503188968450380e-15,2.345588439652127922e-05,-5.147453871973151768e-02,1.738648419397660694e-11,5.149799460407005619e-02,-5.825220439221408356e-11
2.307318374986519482e-01,-3.805063769847830124e-01,-2.124746532071272731e-02,-3.244488509530218945e-01,1.079831594040255789e-09,-1.267594942422960447e+00,3.805063764723559672e-01,-5.048675129242924857e-17,-4.720254147667854820e-07,-6.482750271474149381e-03,2.186145609798686029e-12,6.482278246051752062e-03,-7.337496530910994489e-12,-1.189416775565512588e-15,2.476971475387278003e-05,-5.173983953930924584e-02,1.747741353040277819e-11,5.176460925400525742e-02,-5.855284370296310722e-11
2.323121925500125917e-01,-3.805063769847830124e-01,-2.124746603518912549e-02,-3.244591607209175721e-01,1.079835070789366698e-09,-1.267584633369541081e+00,3.805063764723442543e-01,-5.237101925024741256e-17,-4.318148344751707786e-07,-6.564726440430215630e-03,2.213837747791948084e-12,6.564294625588016317e-03,-7.430267517260448035e-12,-1.194962673817431344e-15,2.612537600438641090e-05,-5.200395195846999746e-02,1.756799207971404954e-11,5.203007733441668281e-02,-5.885218574140619347e-11
2.338925476013732074e-01,-3.805063769847830124e-01,-2.124746668440790145e-02,-3.244696003695847208e-01,1.079838591414852930e-09,-1.267574194370092888e+00,3.805063764723324304e-01,-5.426292279120175099e-17,-3.894280944556942312e-07,-6.647119061953499566e-03,2.241672755828302531e-12,6.646729633851229842e-03,-7.523510546894839138e-12,-1.199067507808232639e-15,2.752390255375477355e-05,-5.226687630745253943e-02,1.765822130077655882e-11,5.229440020994878535e-02,-5.915023302836484654e-11
2.354729026527338509e-01,-3.805063769847830124e-01,-2.124746726487597784e-02,-3.244801705556826787e-01,1.079842156142064542e-09,-1.267563624764463048e+00,3.805063764723204955e-01,-5.616012525668237080e-17,-3.447966214490603820e-07,-6.729926258719019956e-03,2.269650083011880138e-12,6.729581462089666982e-03,-7.617223575660011948e-12,-1.201655946870934532e-15,2.896634934108730804e-05,-5.252861289638522529e-02,1.774810267379041093e-11,5.255757924566904077e-02,-5.944698811658140592e-11
2.370532577040944666e-01,-3.805063769847830124e-01,-2.124746777299059419e-02,-3.244908719329044899e-01,1.079845765195482634e-09,-1.267552923895355788e+00,3.805063764723083941e-01,-5.806016937686417183e-17,-2.978501586197291422e-07,-6.813146153875846052e-03,2.297769180803093404e-12,6.812848303709230328e-03,-7.711404563461553283e-12,-1.202650679138780241e-15,3.045379210144177486e-05,-5.278916201502874272e-02,1.783763770056641172e-11,5.281961580707315862e-02,-5.974245359116225998e-11
2.386336127554551101e-01,-3.805063769847830124e-01,-2.124746820503659733e-02,-3.245017051519774598e-01,1.079849418798722871e-09,-1.267542091108329050e+00,3.805063764722961261e-01,-5.996047411879678044e-17,-2.485167324832668743e-07,-6.896776871014697295e-03,2.326029503053006157e-12,6.896528354274130725e-03,-7.806051474316307241e-12,-1.201972385078906650e-15,3.198732762868764526e-05,-5.304852393251867360e-02,1.792682790480316707e-11,5.308051126009065424e-02,-6.003663207002153796e-11
2.402139678068157536e-01,-3.805063769847830124e-01,-2.124746855718372129e-02,-3.245126708606635435e-01,1.079853117174540649e-09,-1.267531125751789833e+00,3.805063764722836916e-01,-6.185833149265696766e-17,-1.967226194180446954e-07,-6.980816534135174389e-03,2.354430506038146226e-12,6.980619811507582026e-03,-7.901162276404568362e-12,-1.199539711012468869e-15,3.356807403865809945e-05,-5.330669889710793613e-02,1.801567483236443067e-11,5.334026697109020554e-02,-6.032952620432485359e-11
2.417943228581763693e-01,-3.805063769847830124e-01,-2.124746882548376667e-02,-3.245237697037606783e-01,1.079856860544832750e-09,-1.267520027176992858e+00,3.805063764722711461e-01,-6.375090331614546981e-17,-1.423923117608644827e-07,-7.065263267612518529e-03,2.382971648495753514e-12,7.065120875292495856e-03,-7.996734942122980792e-12,-1.195269242625262960e-15,3.519717103254683754e-05,-5.356368713590864417e-02,1.810418005155667489e-11,5.359888430688518335e-02,-6.062113867893295822e-11
2.433746779095370127e-01,-3.805063769847830124e-01,-2.124746900586780424e-02,-3.245350023231025616e-01,1.079860649130643963e-09,-1.267508794738035016e+00,3.805063764722584341e-01,-6.563521793701626142e-17,-8.544848348616040031e-08,-7.150115196164024550e-03,2.411652391659463062e-12,7.150029747672187637e-03,-8.092767448138137005e-12,-1.189075478472888559e-15,3.687578016050626083e-05,-5.381948885463404969e-02,1.819234515340677784e-11,5.385636463473895269e-02,-6.091147221284551029e-11
2.449550329608976285e-01,-3.805063769847830124e-01,-2.124746909414321552e-02,-3.245463693575598163e-01,1.079864483152168730e-09,-1.267497427791853370e+00,3.805063764722455555e-01,-6.750816691373312831e-17,-2.581195546848730767e-08,-7.235370444814999587e-03,2.440472199295434028e-12,7.235344632851093034e-03,-8.189257775440880917e-12,-1.180870803484503785e-15,3.860508508540326891e-05,-5.407410423734020782e-02,1.828017175193991731e-11,5.411270932237045167e-02,-6.120052955964471560e-11
2.465353880122582719e-01,-3.805063769847830124e-01,-2.124746908599077153e-02,-3.245578714430398803e-01,1.079868362828755707e-09,-1.267485925698220717e+00,3.805063764722325659e-01,-6.936650165425394759e-17,3.659833967190264525e-08,-7.321027138864350491e-03,2.469430537738916072e-12,7.321063737195497405e-03,-8.286203909401320245e-12,-1.170565462469226966e-15,4.038629184668885395e-05,-5.432753344616752383e-02,1.836766148445750668e-11,5.436791973795954136e-02,-6.148831350793883821e-11
2.481157430636188876e-01,-3.805063769847830124e-01,-2.124746897696161083e-02,-3.245695092124878389e-01,1.079872288378913336e-09,-1.267474287819743584e+00,3.805063764722193542e-01,-7.120683001295087122e-17,1.018653931405719489e-07,-7.407083403849726300e-03,2.498526875931248729e-12,7.407185269234255708e-03,-8.383603839824512560e-12,-1.158067533629235603e-15,4.222062912433793781e-05,-5.457977662108236955e-02,1.845481601181516315e-11,5.462199725015255691e-02,-6.177482688180549181e-11
2.496960981149795311e-01,-3.805063769847830124e-01,-2.124746876247417607e-02,-3.245812832958867578e-01,1.079876260020312128e-09,-1.267462513521857348e+00,3.805063764722060315e-01,-7.302561284567956508e-17,1.700741559575347194e-07,-7.493537365512292076e-03,2.527760685457310716e-12,7.493707439659553181e-03,-8.481455561006889673e-12,-1.143282902083642352e-15,4.410934850281537218e-05,-5.483083387961840832e-02,1.854163701870065981e-11,5.487494322806763664e-02,-6.206007254123453021e-11
2.512764531663401746e-01,-3.805063769847830124e-01,-2.124746843781109146e-02,-3.245931943202576275e-01,1.079880277969789829e-09,-1.267450602172823126e+00,3.805063764721925423e-01,-7.481916052301779195e-17,2.413115753630586804e-07,-7.580387149761052580e-03,2.557131440583399392e-12,7.580628461327636528e-03,-8.579757071793339555e-12,-1.126115233407190944e-15,4.605372473502430020e-05,-5.508070531661820451e-02,1.862812621391185508e-11,5.512675904130027310e-02,-6.234405338257083460e-11
2.528568082177007903e-01,-3.805063769847830124e-01,-2.124746799811595699e-02,-3.246052429096598080e-01,1.079884342443355557e-09,-1.267438553143725999e+00,3.805063764721789421e-01,-7.658362940170056646e-17,3.156666316405523892e-07,-7.667630882636802120e-03,2.586638618295553699e-12,7.667946549259578928e-03,-8.678506375635036282e-12,-1.106465947187861891e-15,4.805505600619326744e-05,-5.532939100397473581e-02,1.871428533063448326e-11,5.537744605992862834e-02,-6.262677233895648034e-11
2.544371632690614060e-01,-3.805063769847830124e-01,-2.124746743839012880e-02,-3.246174296851914165e-01,1.079888453656194145e-09,-1.267426365808468791e+00,3.805063764721651198e-01,-7.831501825428399119e-17,3.932303753564045892e-07,-7.755266690275644179e-03,2.616281698338313710e-12,7.755659920642055463e-03,-8.777701480647911363e-12,-1.084234190607443707e-15,5.011466419765764341e-05,-5.557689099037315533e-02,1.880011612671986748e-11,5.562700565451922374e-02,-6.290823238077255481e-11
2.560175183204220772e-01,-3.805063769847830124e-01,-2.124746675348940933e-02,-3.246297552649890505e-01,1.079892611822669655e-09,-1.267414039543770299e+00,3.805063764721511865e-01,-8.000916465707842473e-17,4.740959650165932872e-07,-7.843292698872114665e-03,2.646060163253924064e-12,7.843766794828104655e-03,-8.877340399671877934e-12,-1.059316812049140755e-15,5.223389515049218221e-05,-5.582320530103241502e-02,1.888562038496232891e-11,5.587543919613206789e-02,-6.318843651608029023e-11
2.575978733717826930e-01,-3.805063769847830124e-01,-2.124746593812068887e-02,-3.246422202642282873e-01,1.079896817156331997e-09,-1.267401573729162401e+00,3.805063764721370867e-01,-8.166174133639597163e-17,5.583587051397685286e-07,-7.931707034641894902e-03,2.675973498421967146e-12,7.932265393337927309e-03,-8.977421150330722185e-12,-1.031608334736296932e-15,5.441411892895005304e-05,-5.606833393744745098e-02,1.897079991337646678e-11,5.612274805632636032e-02,-6.346738779106174417e-11
2.591782284231433087e-01,-3.805063769847830124e-01,-2.124746498683852125e-02,-3.246548252951230729e-01,1.079901069869918997e-09,-1.267388967746985173e+00,3.805063764721227648e-01,-8.326825247316512310e-17,6.461160847464858487e-07,-8.020507823784106538e-03,2.706021192099441763e-12,8.021153939859668874e-03,-9.077941755092678189e-12,-1.001000930406297411e-15,5.665673008366495217e-05,-5.631227687713123709e-02,1.905565654547410232e-11,5.636893360716575124e-02,-6.374508929045967863e-11
2.607585834745039244e-01,-3.805063769847830124e-01,-2.124746389404164396e-02,-3.246675709669265553e-01,1.079905370175361979e-09,-1.267376220982385115e+00,3.805063764721083874e-01,-8.482402996597136804e-17,7.374678162641738705e-07,-8.109693192443223966e-03,2.736202735461278841e-12,8.110430660250226090e-03,-9.178900241331744280e-12,-9.673843930237262846e-16,5.896314791457223049e-05,-5.655503407335753935e-02,1.914019214054094158e-11,5.661399722122385791e-02,-6.402154413801690934e-11
2.623389385258645956e-01,-3.805063769847830124e-01,-2.124746265396941849e-02,-3.246804578859300294e-01,1.079909718283791349e-09,-1.267363332823309374e+00,3.805063764720938435e-01,-8.632422965258886763e-17,8.325158748473659978e-07,-8.199261266670540907e-03,2.766517622641282823e-12,8.200093782536051895e-03,-9.280294641389629505e-12,-9.306461125368368025e-16,6.133481673350498387e-05,-5.679660545490344131e-02,1.922440858391278270e-11,5.685794027158967701e-02,-6.429675549691444001e-11
2.639192935772252113e-01,-3.805063769847830124e-01,-2.124746126069824645e-02,-3.246934866554633259e-01,1.079914114405539699e-09,-1.267350302660504857e+00,3.805063764720790775e-01,-8.776382749007514013e-17,9.313645381126296473e-07,-8.289210172385283112e-03,2.796965350773529880e-12,8.290141536913986364e-03,-9.382122992638457800e-12,-8.906710486814199272e-16,6.377320612642165042e-05,-5.703699092579275765e-02,1.930830778725140323e-11,5.710076413187293448e-02,-6.457072657020922182e-11
2.654996486285858270e-01,-3.805063769847830124e-01,-2.124745970813788840e-02,-3.247066578758944777e-01,1.079918558750147802e-09,-1.267337129887513347e+00,3.805063764720641450e-01,-8.913761569350633542e-17,1.034120426287606604e-06,-8.379538035335261370e-03,2.827545420034179709e-12,8.380572155752065086e-03,-9.484383337544113537e-12,-8.473417048361094807e-16,6.627981121522092648e-05,-5.727619036503946853e-02,1.939189168881990788e-11,5.734247017620953957e-02,-6.484346060127060757e-11
2.670800036799464983e-01,-3.805063769847830124e-01,-2.124745799002772037e-02,-3.247199721446292764e-01,1.079923051526368332e-09,-1.267323813900668394e+00,3.805063764720491015e-01,-9.044019883343825927e-17,1.140892542773436588e-06,-8.470242981057155007e-03,2.858257333683739699e-12,8.471383873590374383e-03,-9.587073723730289868e-12,-8.005381019332146162e-16,6.885615291910015894e-05,-5.751420362639191736e-02,1.947516225375765622e-11,5.758305977926701097e-02,-6.511496087421595269e-11
2.686603587313071140e-01,-3.805063769847830124e-01,-2.124745609993295911e-02,-3.247334300561111609e-01,1.079927592942172075e-09,-1.267310354099091763e+00,3.805063764720338360e-01,-9.166598989218374309e-17,1.251792315119846051e-06,-8.561323134836389473e-03,2.889100598109752775e-12,8.562574927141887449e-03,-9.690192204043244687e-12,-7.501377524291117834e-16,7.150377821541387298e-05,-5.775103053807720266e-02,1.955812147435451510e-11,5.782253431624981288e-02,-6.538523071434516941e-11
2.702407137826677297e-01,-3.805063769847830124e-01,-2.124745403124076587e-02,-3.247470322018204958e-01,1.079932183204751849e-09,-1.267296749884690321e+00,3.805063764720184594e-01,-9.280920627900335207e-17,1.366933636412063562e-06,-8.652776621666581972e-03,2.920074722869917024e-12,8.654143555293305687e-03,-9.793736836617212515e-12,-6.960156343382571415e-16,7.422426039998820642e-05,-5.798667090254623624e-02,1.964077137032462948e-11,5.806089516290469793e-02,-6.565427348857410483e-11
2.718210688340283454e-01,-3.805063769847830124e-01,-2.124745177715634328e-02,-3.247607791702741831e-01,1.079936822520527889e-09,-1.267283000662152270e+00,3.805063764720029162e-01,-9.386386580431420226e-17,1.486432907068647481e-06,-8.744601566208628010e-03,2.951179220735651610e-12,8.746087999105941688e-03,-9.897705684940519184e-12,-6.380441653348820543e-16,7.701919934684800474e-05,-5.822112449621947433e-02,1.972311398907948910e-11,5.829814369552612646e-02,-6.592209260586663931e-11
2.734014238853890166e-01,-3.805063769847830124e-01,-2.124744933069893857e-02,-3.247746715470253287e-01,1.079941511095153424e-09,-1.267269105838943588e+00,3.805063764719871511e-01,-9.482378261302583582e-17,1.610409077049305436e-06,-8.836796092749342121e-03,2.982413607736074675e-12,8.838406501816577915e-03,-1.000209681792237504e-11,-5.760931769263828290e-16,7.989022176731269350e-05,-5.845439106923309286e-02,1.980515140600032604e-11,5.853428129096162336e-02,-6.618869151766573811e-11
2.749817789367496323e-01,-3.805063769847830124e-01,-2.124744668469776346e-02,-3.247887099146621881e-01,1.079946249133518819e-09,-1.267255064825305588e+00,3.805063764719712749e-01,-9.568256307712047262e-17,1.738983688471633777e-06,-8.929358325159739498e-03,3.013777403202423503e-12,8.931097308838334067e-03,-1.010690830996034512e-11,-5.100298887024754169e-16,8.283898146841753318e-05,-5.868647034518593292e-02,1.988688572470975962e-11,5.876930932661703078e-02,-6.645407371832300367e-11
2.765621339881102481e-01,-3.805063769847830124e-01,-2.124744383178786902e-02,-3.248028948528078330e-01,1.079951036839758185e-09,-1.267240877034250035e+00,3.805063764719552322e-01,-9.643360164760018302e-17,1.872280918635696614e-06,-9.022286386852878745e-03,3.045270129812902411e-12,9.024158667761581279e-03,-1.021213824100849297e-11,-4.397188826641220953e-16,8.586715961061684743e-05,-5.891736202088707075e-02,1.996831907734271418e-11,5.900322918046192744e-02,-6.671824274552675450e-11
2.781424890394708638e-01,-3.805063769847830124e-01,-2.124744076440596499e-02,-3.248172269381193744e-01,1.079955874417252902e-09,-1.267226541881556701e+00,3.805063764719389674e-01,-9.707007666593046578e-17,2.010427623455277023e-06,-9.115578400741338599e-03,3.076891313637950692e-12,9.117588828354807745e-03,-1.031778469664621920e-11,-3.650220776362567234e-16,8.897646496472547746e-05,-5.914706576610419958e-02,2.004945362481641925e-11,5.923604223103478422e-02,-6.698120218072894087e-11
2.797228440908314795e-01,-3.805063769847830124e-01,-2.124743747478612804e-02,-3.248317067442867412e-01,1.079960762068639472e-09,-1.267212058785769591e+00,3.805063764719225916e-01,-9.758494613511561952e-17,2.153553381294550830e-06,-9.209232489194285262e-03,3.108640484185946767e-12,9.211386042565538126e-03,-1.042384576814774308e-11,-2.857987037683379753e-16,9.216863416805582613e-05,-5.937558122331286492e-02,2.013029155709969234e-11,5.946774985744847364e-02,-6.724295564957030268e-11
2.813031991421920952e-01,-3.805063769847830124e-01,-2.124743395495547887e-02,-3.248463348420323471e-01,1.079965699995812417e-09,-1.267197427168193391e+00,3.805063764719061048e-01,-9.797094345054796415e-17,2.301790537208880028e-06,-9.303246773994133800e-03,3.140517174449330373e-12,9.305548564521251217e-03,-1.053031955255228683e-11,-2.019052771267178467e-16,9.544543197970636471e-05,-5.960290800744630357e-02,2.021083509348112968e-11,5.969835343939532829e-02,-6.750350682230395059e-11
2.828835541935527664e-01,-3.805063769847830124e-01,-2.124743019672976560e-02,-3.248611117991097030e-01,1.079970688399931722e-09,-1.267182646452890138e+00,3.805063764718893404e-01,-9.822057309077913199e-17,2.455274247588362097e-06,-9.397619376292827911e-03,3.172520920951146817e-12,9.400074650530276799e-03,-1.063720415273489975e-11,-1.131955743828373858e-16,9.880865153495935920e-05,-5.982904570564635816e-02,2.029108648283649234e-11,5.992785435715247688e-02,-6.776285941421743493e-11
2.844639092449133821e-01,-3.805063769847830124e-01,-2.124742619170889857e-02,-3.248760381803026953e-01,1.079975727481427386e-09,-1.267167716066676331e+00,3.805063764718724650e-01,-9.832610626836824239e-17,2.614142525202687449e-06,-9.492348416567727640e-03,3.204651263792018558e-12,9.494962559082747999e-03,-1.074449767747796572e-11,-1.952060760123240853e-17,1.022601145987442041e-04,-6.005399387701523123e-02,2.037104800389500022e-11,6.015625399158708309e-02,-6.802101718605288880e-11
2.860442642962739979e-01,-3.805063769847830124e-01,-2.124742193127238804e-02,-3.248911145474241979e-01,1.079980817440005416e-09,-1.267152635439118491e+00,3.805063764718553676e-01,-9.827957654096746853e-17,2.778536284645772060e-06,-9.587432014577099842e-03,3.236907746697534417e-12,9.590210550851522436e-03,-1.085219824154337307e-11,7.927140086866015022e-17,1.058016718181235783e-04,-6.027775205236831496e-02,2.045072196550463729e-11,6.038355372416157052e-02,-6.827798394442569780e-11
2.876246193476346136e-01,-3.805063769847830124e-01,-2.124741740657471942e-02,-3.249063414593151289e-01,1.079985958474654243e-09,-1.267137404002529832e+00,3.805063764718381591e-01,-9.807277538281246902e-17,2.948599388178642984e-06,-9.682868289315216606e-03,3.269289917066056416e-12,9.685816888693134577e-03,-1.096030396574533562e-11,1.833350433929514393e-16,1.094352029737600716e-04,-6.050031973398771468e-02,2.053011070689631953e-11,6.060975493693870203e-02,-6.853376354224095964e-11
2.892049743989952848e-01,-3.805063769847830124e-01,-2.124741260854067643e-02,-3.249217194718430624e-01,1.079991150783648852e-09,-1.267122021191968040e+00,3.805063764718207286e-01,-9.769724771679099953e-17,3.124478691968864872e-06,-9.778655358967078964e-03,3.301797326016943032e-12,9.781779837648751572e-03,-1.106881297702387596e-11,2.928277519420139094e-16,1.131626172303195065e-04,-6.072169639537718100e-02,2.060921659794696737e-11,6.083485901258691569e-02,-6.878835987910828931e-11
2.907853294503559005e-01,-3.805063769847830124e-01,-2.124740752786056022e-02,-3.249372491379010075e-01,1.079996394564558851e-09,-1.267106486445229718e+00,3.805063764718031316e-01,-9.714428740726929353e-17,3.306324092724835048e-06,-9.874791340862720812e-03,3.334429528439186451e-12,9.878097664945118678e-03,-1.117772340851896157e-11,4.079098228635311538e-16,1.169858533857693369e-04,-6.094188148101783997e-02,2.068804203944137627e-11,6.105886733438530695e-02,-6.904177690175462103e-11
2.923656845017165162e-01,-3.805063769847830124e-01,-2.124740215498532869e-02,-3.249529310074059096e-01,1.080001690014252812e-09,-1.267090799202849505e+00,3.805063764717853680e-01,-9.640493271386251900e-17,3.494288574723161155e-06,-9.971274351431184957e-03,3.367186083040468255e-12,9.974768639995554992e-03,-1.128703339964529195e-11,5.287444415359458849e-16,1.209068801195296622e-04,-6.116087440612528320e-02,2.076658946333290137e-11,6.128178128622888826e-02,-6.929401860443490343e-11
2.939460395530771875e-01,-3.805063769847830124e-01,-2.124739648012173229e-02,-3.249687656272973735e-01,1.080007037328905717e-09,-1.267074958908094739e+00,3.805063764717674935e-01,-9.546996170634048651e-17,3.688528257227272319e-06,-1.006810250615404641e-02,3.400066552396616984e-12,1.007179103440089714e-02,-1.139674109616772715e-11,6.554977068983835338e-16,1.249276962394336109e-04,-6.137867455640759473e-02,2.084486133300281739e-11,6.150360225263356434e-02,-6.954508902934068794e-11
2.955263946044378032e-01,-3.805063769847830124e-01,-2.124739049322726253e-02,-3.249847535415358868e-01,1.080012436704002884e-09,-1.267058965006961690e+00,3.805063764717493968e-01,-9.432988764086838771e-17,3.889202442295332578e-06,-1.016527391951861127e-02,3.433070503001481315e-12,1.016916312195051061e-02,-1.150684465027737059e-11,7.883386558531232426e-16,1.290503309274558682e-04,-6.159528128782473799e-02,2.092286014351843451e-11,6.172433161874130159e-02,-6.979499226700662351e-11
2.971067496557984189e-01,-3.805063769847830124e-01,-2.124738418400511780e-02,-3.250008952911014326e-01,1.080017888334349691e-09,-1.267042816948174000e+00,3.805063764717310781e-01,-9.297495429778572065e-17,4.096473662975513489e-06,-1.026278670497071666e-02,3.466197505317213593e-12,1.026688317862328031e-02,-1.161734222066830305e-11,9.274392875367550700e-16,1.332768439841673191e-04,-6.181069392634912923e-02,2.100058842188980552e-11,6.194397077032506166e-02,-7.004373245671474107e-11
2.986871047071590346e-01,-3.805063769847830124e-01,-2.124737754189906166e-02,-3.250171914139917129e-01,1.080023392414073641e-09,-1.267026514183177577e+00,3.805063764717126484e-01,-9.139513128113449608e-17,4.310507731886535015e-06,-1.036063897486713507e-02,3.499447133824941916e-12,1.036494948258860106e-02,-1.172823197261490622e-11,1.072974587456092122e-15,1.376093260718724549e-04,-6.202491176772757103e-02,2.107804872732511777e-11,6.216252109379398483e-02,-7.029131378689641167e-11
3.002674597585197058e-01,-3.805063769847830124e-01,-2.124737055608817357e-02,-3.250336424452202611e-01,1.080028949136634907e-09,-1.267010056166138154e+00,3.805063764716939967e-01,-8.958010928015359991e-17,4.531473790181409624e-06,-1.045882884042763361e-02,3.532818967075866711e-12,1.046336031420738721e-02,-1.183951207804988751e-11,1.225122551485012915e-15,1.420498989563900893e-04,-6.223793407724437926e-02,2.115524365148454719e-11,6.237998397619818475e-02,-7.053774049553187465e-11
3.018478148098803215e-01,-3.805063769847830124e-01,-2.124736321548158224e-02,-3.250502489168149989e-01,1.080034558694829853e-09,-1.266993442353936850e+00,3.805063764716751784e-01,-8.751929529296241152e-17,4.759544356892136909e-06,-1.055735441168664454e-02,3.566312587742736975e-12,1.056211395603310656e-02,-1.195118071564286868e-11,1.384064209718329210e-15,1.466007157474335295e-04,-6.244976008948603663e-02,2.123217581873269375e-11,6.259636080523386936e-02,-7.078301687054750411e-11
3.034281698612409373e-01,-3.805063769847830124e-01,-2.124735550871306722e-02,-3.250670113578158493e-01,1.080040221280798471e-09,-1.266976672206167498e+00,3.805063764716562491e-01,-8.520180781266158476e-17,4.994895378653226080e-06,-1.065621379744455602e-02,3.599927582671738091e-12,1.066120869281278298e-02,-1.206323607087964490e-11,1.549983650178902143e-15,1.512639611375504668e-04,-6.266038900810709522e-02,2.130884788638947894e-11,6.281165296924813568e-02,-7.102714725021047743e-11
3.050085249126016085e-01,-3.805063769847830124e-01,-2.124734742413560487e-02,-3.250839302942729048e-01,1.080045937086032040e-09,-1.266959745185133102e+00,3.805063764716370978e-01,-8.261647197608758837e-17,5.237706279801575511e-06,-1.075540510521866104e-02,3.633663542934772222e-12,1.076064281148804425e-02,-1.217567633614205941e-11,1.723068042374102503e-15,1.560418516395803553e-04,-6.286982000559770967e-02,2.138526254497950518e-11,6.302586185724398660e-02,-7.127013602352103985e-11
3.065888799639622242e-01,-3.805063769847830124e-01,-2.124733894981584853e-02,-3.251010062492447061e-01,1.080051706301378084e-09,-1.266942660755841610e+00,3.805063764716177799e-01,-7.975181467546030167e-17,5.488160012850504539e-06,-1.085492644119370916e-02,3.667520063882120801e-12,1.086041460119615241e-02,-1.228849971078847105e-11,1.903507660697884406e-15,1.609366358225883514e-04,-6.307805222305253035e-02,2.146142251847973498e-11,6.323898885888511179e-02,-7.151198763060202895e-11
3.081692350153228399e-01,-3.805063769847830124e-01,-2.124733007352848022e-02,-3.251182397427955229e-01,1.080057529117048440e-09,-1.266925418386003477e+00,3.805063764715982400e-01,-7.659605963317237881e-17,5.746443109335338801e-06,-1.095477591017212510e-02,3.701496745195517375e-12,1.096052235327107244e-02,-1.240170440123486642e-11,2.091495907674605401e-15,1.659505945462352373e-04,-6.328508476994119947e-02,2.153733056456561599e-11,6.345103536450086290e-02,-7.175270656308591767e-11
3.097495900666834556e-01,-3.805063769847830124e-01,-2.124732078275055544e-02,-3.251356312919934100e-01,1.080063405722625873e-09,-1.266908017546027443e+00,3.805063764715785335e-01,-7.313712243997180607e-17,6.012745731028178269e-06,-1.105495161552381977e-02,3.735593190941585975e-12,1.106096436124448523e-02,-1.251528862103654723e-11,2.287229337040886517e-15,1.710860411935418042e-04,-6.349091672388024188e-02,2.161298947485539332e-11,6.366200276509077771e-02,-7.199229736449880703e-11
3.113299451180441269e-01,-3.805063769847830124e-01,-2.124731106465568842e-02,-3.251531814109083207e-01,1.080069336307070488e-09,-1.266890457709017648e+00,3.805063764715587160e-01,-6.936260555679819841e-17,6.287261721519194227e-06,-1.115545165913571675e-02,3.769809009625681772e-12,1.116173892084690138e-02,-1.262925059097047672e-11,2.490907676661687481e-15,1.763453219020084191e-04,-6.369554713040700977e-02,2.168840207515282883e-11,6.387189245232967327e-02,-7.223076463064219586e-11
3.129103001694047426e-01,-3.805063769847830124e-01,-2.124730090610821992e-02,-3.251708906106088315e-01,1.080075321058727795e-09,-1.266872738350769856e+00,3.805063764715386765e-01,-6.525979328053642566e-17,6.570188658161850574e-06,-1.125627414136083984e-02,3.804143814246106949e-12,1.126284433000870368e-02,-1.274358853911815934e-11,2.702733851276893389e-15,1.817308157930478708e-04,-6.389897500275465436e-02,2.176357122568802386e-11,6.408070581857218395e-02,-7.246811300997122203e-11
3.144906552207653583e-01,-3.805063769847830124e-01,-2.124729029365725330e-02,-3.251887593991601988e-01,1.080081360165334706e-09,-1.266854858949767459e+00,3.805063764715184149e-01,-6.081564667395931851e-17,6.861727904379349940e-06,-1.135741716096709368e-02,3.838597222348696543e-12,1.136427888886121750e-02,-1.285830070094916496e-11,2.922914005074689813e-15,1.872449351996921941e-04,-6.410119932162934575e-02,2.183849982135647760e-11,6.428844425685745212e-02,-7.270434720397071946e-11
3.160710102721260295e-01,-3.805063769847830124e-01,-2.124727921353064888e-02,-3.252067882816221944e-01,1.080087453814028220e-09,-1.266836818987179036e+00,3.805063764714979868e-01,-5.601679846013540787e-17,7.162084662329563636e-06,-1.145887881508570426e-02,3.873168856081801719e-12,1.146604089973782617e-02,-1.297338531940522503e-11,3.151657524087982990e-15,1.928901258925332736e-04,-6.430221903498890834e-02,2.191319079195627470e-11,6.449510916091392987e-02,-7.293947196752760449e-11
3.176513653234866452e-01,-3.805063769847830124e-01,-2.124726765162889344e-02,-3.252249777600455527e-01,1.080093602191350800e-09,-1.266818617946853909e+00,3.805063764714774477e-01,-5.084954788158471368e-17,7.471468025925587533e-06,-1.156065719915925702e-02,3.907858342251626867e-12,1.156812866717502920e-02,-1.308884064498492649e-11,3.389177058410237528e-15,1.986688673038580614e-04,-6.450203305782335750e-02,2.198764710242341812e-11,6.470070192516387542e-02,-7.317349210930097456e-11
3.192317203748472609e-01,-3.805063769847830124e-01,-2.124725559351893500e-02,-3.252433283334701386e-01,1.080099805483259265e-09,-1.266800255315319257e+00,3.805063764714566310e-01,-4.529985552447122616e-17,7.790091034209071073e-06,-1.166275040688946087e-02,3.942665312377949583e-12,1.167054049791357677e-02,-1.320466493582897280e-11,3.635688544226981772e-15,2.045836727499370465e-04,-6.470064027193707379e-02,2.206187175306510704e-11,6.490522394472801604e-02,-7.340641249208839413e-11
3.208120754262078766e-01,-3.805063769847830124e-01,-2.124724302442789273e-02,-3.252618404979213951e-01,1.080106063875132235e-09,-1.266781730581776788e+00,3.805063764714356478e-01,-3.935333810812474688e-17,8.118170725073348021e-06,-1.176515653018449584e-02,3.977589402750197696e-12,1.177327470089954524e-02,-1.332085645780603136e-11,3.891411225659433715e-15,2.106370896514288141e-04,-6.489803952573307277e-02,2.213586777979117288e-11,6.510867661542997509e-02,-7.363823803318964739e-11
3.223924304775685479e-01,-3.805063769847830124e-01,-2.124722992923668008e-02,-3.252805147464082891e-01,1.080112377551777162e-09,-1.266763043238098740e+00,3.805063764714144980e-01,-3.299526324019442064e-17,8.455928189333369600e-06,-1.186787365910609189e-02,4.012630254483898695e-12,1.187632958728547863e-02,-1.343741348459916421e-11,4.156567676416493667e-15,2.168316997518599291e-04,-6.509422963399896789e-02,2.220963825434336673e-11,6.531106133380093492e-02,-7.386897370476696245e-11
3.239727855289291636e-01,-3.805063769847830124e-01,-2.124721629247357246e-02,-3.252993515689195370e-01,1.080118746697437774e-09,-1.266744192778824551e+00,3.805063764713932373e-01,-2.621054413773664033e-17,8.803588625139368692e-06,-1.197089988181621219e-02,4.047787513577486192e-12,1.197970347043148670e-02,-1.355433429779277892e-11,4.431383821251622429e-15,2.231701193341413026e-04,-6.528920937769500110e-02,2.228318628452269825e-11,6.551237949708403618e-02,-7.409862453420210780e-11
3.255531405802897793e-01,-3.805063769847830124e-01,-2.124720209830768466e-02,-3.253183514524212727e-01,1.080125171495802554e-09,-1.266725178701157084e+00,3.805063764713716989e-01,-1.898373431455111275e-17,9.161381392731135457e-06,-1.207423328452343625e-02,4.083060830969464247e-12,1.208339466590639504e-02,-1.367161718696022250e-11,4.716088957220924946e-15,2.296549994350838807e-04,-6.548297750374391935e-02,2.235651501441459686e-11,6.571263250323880478e-02,-7.432719560445020592e-11
3.271334956316503950e-01,-3.805063769847830124e-01,-2.124718733054231992e-02,-3.253375148808532180e-01,1.080131652130012598e-09,-1.266706000504959517e+00,3.805063764713499941e-01,-1.129902223508053567e-17,9.529540069529660254e-06,-1.217787195142900659e-02,4.118449862595924685e-12,1.218740149148886051e-02,-1.378926044975184058e-11,5.010915774738897841e-15,2.362890260578725350e-04,-6.567553272482275217e-02,2.242962762461191442e-11,6.591182175094548179e-02,-7.455469205438990207e-11
3.287138506830110662e-01,-3.805063769847830124e-01,-2.124717197260828430e-02,-3.253568423351261285e-01,1.080138188782668646e-09,-1.266686657692752904e+00,3.805063764713281782e-01,-3.140225935197347765e-18,9.908302505562970017e-06,-1.228181396467253883e-02,4.153954269448421475e-12,1.229172226716853181e-02,-1.390726239198366346e-11,5.316100378428320542e-15,2.430749203824627050e-04,-6.586687371915689315e-02,2.250252733243583098e-11,6.610994863960943657e-02,-7.478111907917054752e-11
3.302942057343716264e-01,-3.805063769847830124e-01,-2.124715600755709005e-02,-3.253763342931180746e-01,1.080144781635840184e-09,-1.266667149769709733e+00,3.805063764713060848e-01,5.509212389794727142e-18,1.029791087922273100e-05,-1.238605740427741776e-02,4.189573717632181942e-12,1.239635531514718565e-02,-1.402562132772657362e-11,5.631882307760690423e-15,2.500154389738583728e-04,-6.605699913031615189e-02,2.257521739215446949e-11,6.630701456936549665e-02,-7.500648193055558288e-11
3.318745607857322977e-01,-3.805063769847830124e-01,-2.124713941805404793e-02,-3.253959912296711110e-01,1.080151430871072882e-09,-1.266647476243653703e+00,3.805063764712837693e-01,1.466623182961283259e-17,1.069861175334843982e-05,-1.249060034809587431e-02,4.225307878424670192e-12,1.250129895983989083e-02,-1.414433557939608545e-11,5.958504557483870612e-15,2.571133739882386555e-04,-6.624590756701280447e-02,2.264770109519928439e-11,6.650302094108206941e-02,-7.523078591726257400e-11
3.334549158370929134e-01,-3.805063769847830124e-01,-2.124712218637132485e-02,-3.254158136165880011e-01,1.080158136669396872e-09,-1.266627636625053954e+00,3.805063764712613428e-01,2.434815823555524688e-17,1.111065613163546231e-05,-1.259544087175373805e-02,4.261156428334490607e-12,1.260655152787617736e-02,-1.426340347784259848e-11,6.296213597833178116e-15,2.643715533768887529e-04,-6.643359760290185045e-02,2.271998177037913010e-11,6.669796915636549972e-02,-7.545403640529940913e-11
3.350352708884535291e-01,-3.805063769847830124e-01,-2.124710429438086273e-02,-3.254358019226283871e-01,1.080164899211335844e-09,-1.266607630427023290e+00,3.805063764712386942e-01,3.457270972883157129e-17,1.153429951536368787e-05,-1.270057704859487401e-02,4.297119049160619309e-12,1.271211134810117972e-02,-1.438282336244217553e-11,6.645259394522730022e-15,2.717928410879025345e-04,-6.662006777638350419e-02,2.279206278409196429e-11,6.689186061756405288e-02,-7.567623881829695482e-11
3.366156259398141448e-01,-3.805063769847830124e-01,-2.124708572354722450e-02,-3.254559566135054038e-01,1.080171718676914285e-09,-1.266587457165312403e+00,3.805063764712158791e-01,4.535800224031223587e-17,1.196980196044323504e-05,-1.280600694962529679e-02,4.333195428051972473e-12,1.281797675157683378e-02,-1.450259358118790264e-11,7.005895428513522322e-15,2.793801372656205535e-04,-6.680531659040794823e-02,2.286394754053430561e-11,6.708469672777227222e-02,-7.589739863783840302e-11
3.381959809911748160e-01,-3.805063769847830124e-01,-2.124706645492036375e-02,-3.254762781518816817e-01,1.080178595245666369e-09,-1.266567116358309208e+00,3.805063764711928975e-01,5.672255508133537660e-17,1.241742813477336278e-05,-1.291172864345703324e-02,4.369385257567313916e-12,1.292414607158306160e-02,-1.462271249078172702e-11,7.378378715554755421e-15,2.871363784477621250e-04,-6.698934251228208514e-02,2.293563948190809014e-11,6.727647889083480937e-02,-7.611752140378408168e-11
3.397763360425354318e-01,-3.805063769847830124e-01,-2.124704646912826955e-02,-3.254967669973657940e-01,1.080185529096645474e-09,-1.266546607527033297e+00,3.805063764711696384e-01,6.868529654521912347e-17,1.287744737591123821e-05,-1.301774019625161725e-02,4.405688235735477718e-12,1.303061764361895455e-02,-1.474317845672679764e-11,7.762969825495112015e-15,2.950645377602185634e-04,-6.717214397347898158e-02,2.300714208862521448e-11,6.746720851135057373e-02,-7.633661271459304701e-11
3.413566910938960475e-01,-3.805063769847830124e-01,-2.124702574636957303e-02,-3.255174236065079829e-01,1.080192520408431415e-09,-1.266525930195132377e+00,3.805063764711462126e-01,8.126556953910506635e-17,1.335013374904652563e-05,-1.312403967166329496e-02,4.442104066115900239e-12,1.313738980540394945e-02,-1.486398985342032587e-11,8.159932901360546351e-15,3.031676251094690363e-04,-6.735371936944919979e-02,2.307845887950955197e-11,6.765688699467665990e-02,-7.655467822764072088e-11
3.429370461452567187e-01,-3.805063769847830124e-01,-2.124700426640599438e-02,-3.255382484327964954e-01,1.080199569359140166e-09,-1.266505083888880279e+00,3.805063764711226759e-01,9.448313724576720027e-17,1.383576610527830699e-05,-1.323062513078200435e-02,4.478632457859504323e-12,1.324446089687908099e-02,-1.498514506424696001e-11,8.569535678195373395e-15,3.114486873725866691e-04,-6.753406705943494626e-02,2.314959341199641307e-11,6.784551574693230280e-02,-7.677172365953234056e-11
3.445174011966173344e-01,-3.805063769847830124e-01,-2.124698200855475519e-02,-3.255592419266533644e-01,1.080206676126432545e-09,-1.266484068137172070e+00,3.805063764710989171e-01,1.083581888150056937e-16,1.433462814019020713e-05,-1.333749463207593682e-02,4.515273125769857351e-12,1.335182926020812844e-02,-1.510664248167260241e-11,8.992049501663145920e-15,3.199108085847925109e-04,-6.771318536628616325e-02,2.322054928232947901e-11,6.803309617500270801e-02,-7.698775478641266031e-11
3.460977562479779501e-01,-3.805063769847830124e-01,-2.124695895168087281e-02,-3.255804045354301346e-01,1.080213840887523107e-09,-1.266462882471521612e+00,3.805063764710749918e-01,1.229113450842442693e-16,1.484700845272003905e-05,-1.344464623133392878e-02,4.552025790364658872e-12,1.345949323977886289e-02,-1.522848050733877592e-11,9.427749346404173523e-15,3.285571101245280865e-04,-6.789107257627943759e-02,2.329133012575512779e-11,6.821962968654290971e-02,-7.720277744427168508e-11
3.476781112993385658e-01,-3.805063769847830124e-01,-2.124693507418935756e-02,-3.256017367034036436e-01,1.080221063819190066e-09,-1.266441526426056674e+00,3.805063764710507335e-01,1.381636643279475696e-16,1.537320060432000027e-05,-1.355207798160751320e-02,4.588890177937543273e-12,1.356745118220427371e-02,-1.535065755215742006e-11,9.876913834146454762e-15,3.373907508960096173e-04,-6.806772693893911597e-02,2.336193961671412362e-11,6.840511768998144837e-02,-7.741679752924598397e-11
3.492584663506992371e-01,-3.805063769847830124e-01,-2.124691035401734054e-02,-3.256232388717718029e-01,1.080228345097781714e-09,-1.266419999537516494e+00,3.805063764710264196e-01,1.541366480354597149e-16,1.591350317840320851e-05,-1.365978793315267802e-02,4.625866020620153060e-12,1.367570143632375855e-02,-1.547317203640618810e-11,1.033982525156657826e-14,3.464149275092253148e-04,-6.824314666686111253e-02,2.343238146903060830e-11,6.858956159452424262e-02,-7.762982099791633312e-11
3.508388214020598528e-01,-3.805063769847830124e-01,-2.124688476862605924e-02,-3.256449114786486576e-01,1.080235684899229853e-09,-1.266398301345248223e+00,3.805063764710018837e-01,1.708522467168706821e-16,1.646821984007277719e-05,-1.376777413337139898e-02,4.662953056444535255e-12,1.378424235320440012e-02,-1.559602238982420282e-11,1.081676956789761718e-14,3.556328744573469596e-04,-6.841732993553902020e-02,2.350265943609842043e-11,6.877296281015808643e-02,-7.784185386760071854e-11
3.524191764534204685e-01,-3.805063769847830124e-01,-2.124685829499281184e-02,-3.256667549590606670e-01,1.080243083399055592e-09,-1.266376431391202928e+00,3.805063764709771812e-01,1.883328657365089868e-16,1.703765939612914292e-05,-1.387603462675284643e-02,4.700151029405824564e-12,1.389307228614216315e-02,-1.571920705170826805e-11,1.130803645228065179e-14,3.650478642915156520e-04,-6.859027488319312249e-02,2.357277731106465838e-11,6.895532274765434066e-02,-7.805290221664342283e-11
3.539995315047810842e-01,-3.805063769847830124e-01,-2.124683090960275550e-02,-3.256887697449410979e-01,1.080250540772380924e-09,-1.266354389219932486e+00,3.805063764709521457e-01,2.066013711736496724e-16,1.762213585535155717e-05,-1.398456745481435094e-02,4.737459689525201189e-12,1.400218959066316764e-02,-1.584272447100953565e-11,1.181391929085684673e-14,3.746632077929713746e-04,-6.876197961060161179e-02,2.364273892701046457e-11,6.913664281857251348e-02,-7.826297218469974335e-11
3.555798865561417554e-01,-3.805063769847830124e-01,-2.124680258844066985e-02,-3.257109562651258616e-01,1.080258057193937622e-09,-1.266332174378585806e+00,3.805063764709270546e-01,2.256810957100272256e-16,1.822196848904944272e-05,-1.409337065604211216e-02,4.774878792913149146e-12,1.411159262452491535e-02,-1.596657310643063139e-11,1.233471520359695592e-14,3.844822541424921625e-04,-6.893244218093481923e-02,2.371254815712899523e-11,6.931692443526370206e-02,-7.847206997301626424e-11
3.571602416075023712e-01,-3.805063769847830124e-01,-2.124677330698256095e-02,-3.257333149453486842e-01,1.080265632838075506e-09,-1.266309786416904615e+00,3.805063764709017415e-01,2.455958445437348784e-16,1.883748189187936601e-05,-1.420244226583162149e-02,4.812408101832984378e-12,1.422127974771755440e-02,-1.609075142652320088e-11,1.287072506086503183e-14,3.945083910871049863e-04,-6.910166061959181760e-02,2.378220891490051457e-11,6.949616901087397880e-02,-7.868020184470683751e-11
3.587405966588629869e-01,-3.805063769847830124e-01,-2.124674304018722010e-02,-3.257558462082358886e-01,1.080273267878775888e-09,-1.266287224887222340e+00,3.805063764708762064e-01,2.663699013290909434e-16,1.946900604292338362e-05,-1.431178031642784190e-02,4.850047384764658334e-12,1.433124932246513522e-02,-1.621525790978589169e-11,1.342225349971343296e-14,4.047450451040423831e-04,-6.926963291403992473e-02,2.385172515426467446e-11,6.967437795934790234e-02,-7.888737412502411798e-11
3.603209517102236581e-01,-3.805063769847830124e-01,-2.124671176248764740e-02,-3.257785504733015092e-01,1.080280962489657361e-09,-1.266264489344457012e+00,3.805063764708504492e-01,2.880280341420394915e-16,2.011687636702419547e-05,-1.442138283686515352e-02,4.887796416468829727e-12,1.444149971322687860e-02,-1.634009104476277815e-11,1.398960893990593143e-14,4.151956815619052056e-04,-6.943635701365678814e-02,2.392110086978978604e-11,6.985155269543175116e-02,-7.909359320162656168e-11
3.619013067615842738e-01,-3.805063769847830124e-01,-2.124667944778243361e-02,-3.258014281569424075e-01,1.080288716843988000e-09,-1.266241579346111035e+00,3.805063764708245810e-01,3.105955014706564053e-16,2.078143379637277833e-05,-1.453124785290702339e-02,4.925654978051213374e-12,1.455202928669843687e-02,-1.646524933014219005e-11,1.457310359966591527e-14,4.258638048790017302e-04,-6.960183082957543954e-02,2.399034009683924776e-11,7.002769463467684030e-02,-7.929886552484105570e-11
3.634816618129448895e-01,-3.805063769847830124e-01,-2.124664606942695474e-02,-3.258244796724323877e-01,1.080296531114695702e-09,-1.266218494452265420e+00,3.805063764707983798e-01,3.340980582303283631e-16,2.146302483234409150e-05,-1.464137338698543941e-02,4.963622857027168942e-12,1.466283641181318452e-02,-1.659073127485595492e-11,1.517305351114681212e-14,4.367529586788312479e-04,-6.976605223453190285e-02,2.405944691173488446e-11,7.020280519344274106e-02,-7.950319760792063662e-11
3.650620168643055052e-01,-3.805063769847829569e-01,-2.124661160022455961e-02,-3.258477054299178666e-01,1.080304405474376460e-09,-1.266195234225577781e+00,3.805063764707721230e-01,3.585619618031547834e-16,2.216200160757612149e-05,-1.475175745814011861e-02,5.001699847386562737e-12,1.477391945974347413e-02,-1.671653539817903130e-11,1.578977853562154137e-14,4.478667259426779299e-04,-6.992901906271577206e-02,2.412842543191731705e-11,7.037688578890032021e-02,-7.970659602729789218e-11
3.666423719156661765e-01,-3.805063769847829569e-01,-2.124657601241762908e-02,-3.258711058364113788e-01,1.080312340095306971e-09,-1.266171798231277235e+00,3.805063764707455332e-01,3.840139781011289464e-16,2.287872194828777648e-05,-1.486239808195748829e-02,5.039885749658875860e-12,1.488527680390194091e-02,-1.684266022982956527e-11,1.642360237838824283e-14,4.592087291592848296e-04,-7.009072910962370340e-02,2.419727981610331745e-11,7.054993783903494575e-02,-7.990906742283354192e-11
3.682227269670267922e-01,-3.805063769847829569e-01,-2.124653927767848963e-02,-3.258946812957871364e-01,1.080320335149453536e-09,-1.266148186037162171e+00,3.805063764707188878e-01,4.104813876526586001e-16,2.361354943683112093e-05,-1.497329327050938956e-02,5.078180370978553905e-12,1.499690681994278983e-02,-1.696910431006934121e-11,1.707485260338936345e-14,4.707826304715764690e-04,-7.025118013191564148e-02,2.426601426443999052e-11,7.072196276264951231e-02,-8.011061849806033915e-11
3.698030820183874079e-01,-3.805063769847829569e-01,-2.124650136710029905e-02,-3.259184322087744223e-01,1.080328390808482396e-09,-1.266124397213596708e+00,3.805063764706919649e-01,4.379919917119489391e-16,2.436685347447295271e-05,-1.508444103229161955e-02,5.116583525150607870e-12,1.510880788576308802e-02,-1.709586618980454917e-11,1.774386064754099379e-14,4.825921318203972663e-04,-7.041036984727400139e-02,2.433463301865595103e-11,7.089296197936731381e-02,-8.031125602042207448e-11
3.713834370697480791e-01,-3.805063769847830124e-01,-2.124646225153948784e-02,-3.259423589732976523e-01,1.080336507243480556e-09,-1.266100431333512910e+00,3.805063764706648199e-01,4.663406339737563381e-16,2.513780975470825309e-05,-1.519584054893644356e-02,5.155094039772878568e-12,1.522097835868858363e-02,-1.722294352188874282e-11,1.789895975287033125e-14,4.919076697017133338e-04,-7.057097725386375642e-02,2.440087790698857165e-11,7.106288492384339739e-02,-8.050891609414775492e-11
3.729637921211086948e-01,-3.805063769847830124e-01,-2.124642190759658267e-02,-3.259664619903465121e-01,1.080344684620006770e-09,-1.266076287972520920e+00,3.805063764706375085e-01,4.944081219854799936e-16,2.592090106839282544e-05,-1.530749560785504490e-02,5.193706859840268490e-12,1.533341650892130863e-02,-1.735033041021819793e-11,1.761748720269107232e-14,4.991286245386138002e-04,-7.073261191657380376e-02,2.446508070585660453e-11,7.123174054139086442e-02,-8.070390531701075492e-11
3.745441471724693105e-01,-3.805063769847830124e-01,-2.124638031706382185e-02,-3.259907416634374444e-01,1.080352923098552687e-09,-1.266051966708897192e+00,3.805063764706099749e-01,5.220114832731353629e-16,2.671542352951635315e-05,-1.541940527681439493e-02,5.232420916403657318e-12,1.544612070034222066e-02,-1.747802461161615965e-11,1.731148733620713595e-14,5.063740453842553550e-04,-7.089319643876633437e-02,2.452899663201606180e-11,7.139957048442931165e-02,-8.089783312627316204e-11
3.761245022238299263e-01,-3.805063769847830124e-01,-2.124633746184582950e-02,-3.260151983936343534e-01,1.080361222838750103e-09,-1.266027467123482353e+00,3.805063764705822749e-01,5.491114692670594666e-16,2.752141494290372638e-05,-1.553156789812972817e-02,5.271235756347155592e-12,1.555908931307137949e-02,-1.760602445125519032e-11,1.698034292092206993e-14,5.136428404009288871e-04,-7.105273324098392018e-02,2.459262599407806506e-11,7.156637608166370457e-02,-8.109070279394888281e-11
3.777048572751905975e-01,-3.805063769847830124e-01,-2.124629332378887014e-02,-3.260398325793843477e-01,1.080369583999514477e-09,-1.266002788799675205e+00,3.805063764705543528e-01,5.756678498134466597e-16,2.833891137232966354e-05,-1.564398181795692566e-02,5.310150927036656473e-12,1.567232072932844486e-02,-1.773432825949417452e-11,1.662342895260331258e-14,5.209338980485787602e-04,-7.121122476316148198e-02,2.465596909313552364e-11,7.173215866148881237e-02,-8.128251761149860731e-11
3.792852123265511577e-01,-3.805063769847830124e-01,-2.124624788468359310e-02,-3.260646446165241796e-01,1.080378006739046581e-09,-1.265977931323430283e+00,3.805063764705262086e-01,6.016394008719960568e-16,2.916794710932607250e-05,-1.575664538632317105e-02,5.349165976307918370e-12,1.578581333343213183e-02,-1.786293437190905405e-11,1.624011262976059240e-14,5.282460870144867725e-04,-7.136867346469522033e-02,2.471902622273305234e-11,7.189691955198816709e-02,-8.147328088989125321e-11
3.808655673779117734e-01,-3.805063769847830124e-01,-2.124620112626788432e-02,-3.260896348982857962e-01,1.080386491214833540e-09,-1.265952894283252972e+00,3.805063764704978979e-01,6.269838921737149744e-16,3.000855464187996159e-05,-1.586955695715782516e-02,5.388280452454628978e-12,1.589956551179977709e-02,-1.799184112932375672e-11,1.582975332872934930e-14,5.355782561444653259e-04,-7.152508182451065843e-02,2.478179766883752580e-11,7.206066008093306441e-02,-8.166299595966387170e-11
3.824459224292724446e-01,-3.805063769847830124e-01,-2.124615303022973911e-02,-3.261148038153032225e-01,1.080395037583647793e-09,-1.265927677270197504e+00,3.805063764704693652e-01,6.516580748398100333e-16,3.086076462302314718e-05,-1.598271488832328155e-02,5.427493904216395006e-12,1.601357565294681332e-02,-1.812104687784112835e-11,1.539170257936421671e-14,5.429292343755573111e-04,-7.168045234112842279e-02,2.484428370980901401e-11,7.222338157578117590e-02,-8.185166617097966649e-11
3.840262774806330603e-01,-3.805063769847830124e-01,-2.124610357821016954e-02,-3.261401517556182239e-01,1.080403646001550612e-09,-1.265902279877862968e+00,3.805063764704406104e-01,6.756176689626645219e-16,3.172460583931731548e-05,-1.609611754164600589e-02,5.466805880766695547e-12,1.612784214748626613e-02,-1.825054996887399732e-11,1.492530404134700429e-14,5.502978306702625486e-04,-7.183478753272934392e-02,2.490648461637249991e-11,7.238508536367579960e-02,-8.203929489368513387e-11
3.856066325319936761e-01,-3.805063769847830124e-01,-2.124605275180619854e-02,-3.261656791046867454e-01,1.080412316623888996e-09,-1.265876701702390417e+00,3.805063764704116891e-01,6.988173511498590063e-16,3.260010517923629854e-05,-1.620976328294768468e-02,5.506215931700811225e-12,1.624236338812830305e-02,-1.838034875917636510e-11,1.442989348111441279e-14,5.576828339522989187e-04,-7.198808993721737826e-02,2.496840065159002015e-11,7.254577277144468039e-02,-8.222588551736512190e-11
3.871869875833543473e-01,-3.805063769847830124e-01,-2.124600053257387489e-02,-3.261913862453855728e-01,1.080421049605300432e-09,-1.265850942342459318e+00,3.805063764703825457e-01,7.212107420322172206e-16,3.348728760144771598e-05,-1.632365048207639821e-02,5.545723607023672552e-12,1.635713776967966104e-02,-1.851044161087458056e-11,1.390479874940988164e-14,5.650830130439004565e-04,-7.214036211228144757e-02,2.503003207083338757e-11,7.270544512559889982e-02,-8.241144145139632581e-11
3.887673426347149630e-01,-3.805063769847830124e-01,-2.124594690203134018e-02,-3.262172735580183836e-01,1.080429845099710618e-09,-1.265825001399283778e+00,3.805063764703531803e-01,7.427503937368798801e-16,3.438617610299716051e-05,-1.643777751293797398e-02,5.585328457137697789e-12,1.647216368904321632e-02,-1.864082689149872444e-11,1.334933975946430994e-14,5.724971166046729024e-04,-7.229160663545554366e-02,2.509137912175753072e-11,7.286410375233205727e-02,-8.259596612499956832e-11
3.903476976860755787e-01,-3.805063769847830124e-01,-2.124589184166198255e-02,-3.262433414203222415e-01,1.080438703260335531e-09,-1.265798878476610545e+00,3.805063764703235929e-01,7.633877773263873653e-16,3.529679168739662464e-05,-1.655214275352736089e-02,5.625030032830571031e-12,1.658743954521743613e-02,-1.877150297401394521e-11,1.276282846581044911e-14,5.799238730720072520e-04,-7.244182610417738977e-02,2.515244204427436342e-11,7.302174997751929852e-02,-8.277946298729003796e-11
3.919280527374361944e-01,-3.805063769847830124e-01,-2.124583533291757656e-02,-3.262695902074741472e-01,1.080447624239680804e-09,-1.265772573180714122e+00,3.805063764702938389e-01,7.830732702047962043e-16,3.621915333262032980e-05,-1.666674458596015262e-02,5.664827885262983938e-12,1.670296373929586881e-02,-1.890246823685198570e-11,1.214456884373499316e-14,5.873619906030659414e-04,-7.259102313584539501e-02,2.521322107052720995e-11,7.317838512671612228e-02,-8.296193550732617029e-11
3.935084077887968657e-01,-3.805063769847830124e-01,-2.124577735722153402e-02,-3.262960202920974773e-01,1.080456608189543594e-09,-1.265746085120394993e+00,3.805063764702638074e-01,8.017561434918204592e-16,3.715327795900991609e-05,-1.678158139650418046e-02,5.704721565956354039e-12,1.681873467446671003e-02,-1.903372106394273871e-11,1.149385686937355130e-14,5.948101570183491477e-04,-7.273920036787434595e-02,2.527371642486590892e-11,7.333401052515788054e-02,-8.314338717415682304e-11
3.950887628401574814e-01,-3.805063769847830124e-01,-2.124571789597217222e-02,-3.263226320442687012e-01,1.080465655261012368e-09,-1.265719413906974289e+00,3.805063764702336648e-01,8.193845493660290578e-16,3.809918039709166946e-05,-1.689665157561116154e-02,5.744710626780460650e-12,1.693475075601218877e-02,-1.916525984474581881e-11,1.080998050045223394e-14,6.022670397468472782e-04,-7.288636045774918304e-02,2.533392832382232091e-11,7.348862749775848802e-02,-8.332382149686678396e-11
3.966691178915180971e-01,-3.805063769847830124e-01,-2.124565693054603771e-02,-3.263494258315240426e-01,1.080474765604467735e-09,-1.265692559154292907e+00,3.805063764702032447e-01,8.359055083781252785e-16,3.905687335530850336e-05,-1.701195351794849292e-02,5.784794619941099361e-12,1.705101039130815094e-02,-1.929708297428234095e-11,1.009221965768079844e-14,6.097312857727959102e-04,-7.303250608307751413e-02,2.539385697608655674e-11,7.364223736910974205e-02,-8.350324200462071479e-11
3.982494729428787683e-01,-3.805063769847830124e-01,-2.124559444230130628e-02,-3.263764020188658077e-01,1.080483939369583063e-09,-1.265665520478706396e+00,3.805063764701726581e-01,8.512648967353341071e-16,4.002636738766889740e-05,-1.712748562243106634e-02,5.824973097967653323e-12,1.716751198982349388e-02,-1.942918885316663123e-11,9.339846206801164682e-15,6.172015215840328563e-04,-7.317763994164035168e-02,2.545350258248377443e-11,7.379484146348050388e-02,-8.368165224670531161e-11
3.998298279942393840e-01,-3.805063769847830124e-01,-2.124553041258118308e-02,-3.264035609687697681e-01,1.080493176705324482e-09,-1.265638297499082299e+00,3.805063764701418494e-01,8.654074335579446769e-16,4.100767086131569306e-05,-1.724324629225320801e-02,5.865245613700651615e-12,1.728425396311968065e-02,-1.956157588763807008e-11,8.552123941295797021e-15,6.246763531219739433e-04,-7.332176475144132344e-02,2.551286533595146402e-11,7.394644110481578270e-02,-8.385905579256988844e-11
4.014101830455999997e-01,-3.805063769847830124e-01,-2.124546482271741019e-02,-3.264309030411912671e-01,1.080502477759951294e-09,-1.265610889836797037e+00,3.805063764701108742e-01,8.782766681090457352e-16,4.200078992401682011e-05,-1.735923393492065647e-02,5.905611720279285598e-12,1.740123472485023345e-02,-1.969424248959300658e-11,7.728308565760291331e-15,6.321543657332104327e-04,-7.346488325075423154e-02,2.557194542151740775e-11,7.409703761673605560e-02,-8.403545623186521589e-11
4.029905380969606155e-01,-3.805063769847830124e-01,-2.124539765403378466e-02,-3.264584285935725472e-01,1.080511842681018254e-09,-1.265583297115732142e+00,3.805063764700796214e-01,8.898149669985134805e-16,4.300572847158111141e-05,-1.747544696228264458e-02,5.946070971128893773e-12,1.751845269076016814e-02,-1.982718707661668248e-11,6.867647679943773845e-15,6.396341241227394663e-04,-7.360699819816926559e-02,2.563074301627824440e-11,7.424663232253636558e-02,-8.421085717448073140e-11
4.045708931483212867e-01,-3.805063769847830124e-01,-2.124532888784973900e-02,-3.264861379808494668e-01,1.080521271615373286e-09,-1.265555518962271142e+00,3.805063764700482021e-01,8.999635013623094319e-16,4.402248811520131358e-05,-1.759188379056404045e-02,5.986622919948407861e-12,1.763590627868556748e-02,-1.996040807201528543e-11,5.969380763461769198e-15,6.471141723088354517e-04,-7.374811237263703689e-02,2.568925828937849259e-11,7.439522654518571088e-02,-8.438526225057987535e-11
4.061512481996819024e-01,-3.805063769847830124e-01,-2.124525850548400485e-02,-3.265140315554582173e-01,1.080530764709159560e-09,-1.265527555005296678e+00,3.805063764700165607e-01,9.086622340181514229e-16,4.505106814872724785e-05,-1.770854284039756130e-02,6.027267120697769799e-12,1.775359390855299480e-02,-2.009390390484796993e-11,5.032739161184921897e-15,6.545930335795686764e-04,-7.388822857351171058e-02,2.574749140199032356e-11,7.454282160732628171e-02,-8.455867511063395378e-11
4.077316032510425181e-01,-3.805063769847830124e-01,-2.124518648825826986e-02,-3.265421096673427614e-01,1.080540322107815694e-09,-1.265499404876186285e+00,3.805063764699846418e-01,9.158499065986290891e-16,4.609146551587134393e-05,-1.782542253685604969e-02,6.068003127585322894e-12,1.787151400237899090e-02,-2.022767300995901718e-11,4.056946069308131615e-15,6.620692104509817754e-04,-7.402734962059187573e-02,2.580544250729381871e-11,7.468941883127268311e-02,-8.473109942545403651e-11
4.093119583024031893e-01,-3.805063769847830124e-01,-2.124511281750092809e-02,-3.265703726639616611e-01,1.080549943956075546e-09,-1.265471068208809946e+00,3.805063764699526119e-01,9.214640266628470548e-16,4.714367477734948756e-05,-1.794252130948479837e-02,6.108830495055156928e-12,1.798966498426957800e-02,-2.036171382800997239e-11,3.041216522103599346e-15,6.695411846269290392e-04,-7.416547835416016643e-02,2.586311175045787340e-11,7.483501953901139370e-02,-8.490253888622122684e-11
4.108923133537638051e-01,-3.805063769847830124e-01,-2.124503747455088257e-02,-3.265988208902950163e-01,1.080559630397969874e-09,-1.265442544639526545e+00,3.805063764699203044e-01,9.254408547876717272e-16,4.820768807795991950e-05,-1.805983759233397226e-02,6.149748777774435490e-12,1.810804528041971492e-02,-2.049602480551186277e-11,1.984757379361304299e-15,6.770074169605894056e-04,-7.430261763502109262e-02,2.592049926862168224e-11,7.497962505220012730e-02,-8.507299720451521212e-11
4.124726684051244208e-01,-3.805063769847830124e-01,-2.124496044076138596e-02,-3.266274546888517927e-01,1.080569381576825090e-09,-1.265413833807180310e+00,3.805063764698878304e-01,9.277153916396823552e-16,4.928349511360225946e-05,-1.817736982399107554e-02,6.190757530620702312e-12,1.822665331911279760e-02,-2.063060439485750282e-11,8.867673145216368190e-16,6.844663474176586630e-04,-7.443877034453716401e-02,2.597760519087680618e-11,7.512323669216706967e-02,-8.524247811234094042e-11
4.140530234564850365e-01,-3.805063769847830124e-01,-2.124488169750391245e-02,-3.266562743996770379e-01,1.080579197635264294e-09,-1.265384935353097706e+00,3.805063764698551343e-01,9.282213650289076843e-16,5.037108309824004309e-05,-1.829511644761344993e-02,6.231856308669138323e-12,1.834548753072013511e-02,-2.076545105435373180e-11,-2.535631964974760580e-16,6.919163950412272630e-04,-7.457393938466359840e-02,2.603442963824990179e-11,7.526585577991048992e-02,-8.541098536215368143e-11
4.156333785078457077e-01,-3.805063769847830124e-01,-2.124480122617214070e-02,-3.266852803603588762e-01,1.080589078715208312e-09,-1.265355848921083881e+00,3.805063764698222162e-01,9.268912169454638544e-16,5.147043673080877103e-05,-1.841307591096082164e-02,6.273044667179796087e-12,1.846454634770040154e-02,-2.090056324825375126e-11,-1.437051885773973923e-15,6.993559579183531751e-04,-7.470812767798094833e-02,2.609097272368594828e-11,7.540748363609807436e-02,-8.557852272688207127e-11
4.172137335592063234e-01,-3.805063769847830124e-01,-2.124471900818593328e-02,-3.267144729060364461e-01,1.080599024957874039e-09,-1.265326574157420225e+00,3.805063764697890205e-01,9.236560905801924231e-16,5.258153816207281072e-05,-1.853124666642799734e-02,6.314322161584839091e-12,1.858382820459914680e-02,-2.103593944678957251e-11,-2.664524703153136299e-15,7.067834131483388899e-04,-7.484133816772650660e-02,2.614723455203218208e-11,7.554812158106630204e-02,-8.574509399994959328e-11
4.187940886105669391e-01,-3.805063769847830124e-01,-2.124463502499540635e-02,-3.267438523694061736e-01,1.080609036503777540e-09,-1.265297110710859929e+00,3.805063764697557138e-01,9.184458173304135704e-16,5.370436696143338718e-05,-1.864962717107745277e-02,6.355688347475708322e-12,1.870333153804825885e-02,-2.117157812620433809e-11,-3.936815825313121676e-15,7.141971168127127885e-04,-7.497357381782371322e-02,2.620321522002258402e-11,7.568777093482019491e-02,-8.591070299529422359e-11
4.203744436619276104e-01,-3.805063769847830124e-01,-2.124454925808500969e-02,-3.267734190807303207e-01,1.080619113492731158e-09,-1.265267458232625541e+00,3.805063764697220741e-01,9.111889037919128913e-16,5.483890008369010887e-05,-1.876821588667208773e-02,6.397142780590300169e-12,1.882305478676543631e-02,-2.130747776878478210e-11,-5.254767664120754979e-15,7.215954039469269117e-04,-7.510483761290995264e-02,2.625891481626296738e-11,7.582643301703258232e-02,-8.607535354738599576e-11
4.219547987132882261e-01,-3.805063769847830124e-01,-2.124446168897771436e-02,-3.268031733678437023e-01,1.080629256063845992e-09,-1.265237616376404528e+00,3.805063764696883233e-01,9.018125187382857063e-16,5.598511183575988448e-05,-1.888701127970798463e-02,6.438685016800110381e-12,1.894299639155366810e-02,-2.144363686289372293e-11,-6.619230874275422501e-15,7.289765885137807801e-04,-7.523513255836276892e-02,2.631433342121670910e-11,7.596410914704378181e-02,-8.623904951124327302e-11
4.235351537646488418e-01,-3.805063769847829569e-01,-2.124437229923920034e-02,-3.268331155561615131e-01,1.080639464355531278e-09,-1.265207584798348606e+00,3.805063764696543505e-01,8.902424800887661723e-16,5.714297384335453156e-05,-1.900601182144716697e-02,6.480314612097348953e-12,1.906315479530070953e-02,-2.158005390300250098e-11,-8.031064360236299330e-15,7.363389633785676850e-04,-7.536446168032419346e-02,2.636947110719105603e-11,7.610080064386114118e-02,-8.640179476244653887e-11
4.251155088160094575e-01,-3.805063769847829014e-01,-2.124428107048214123e-02,-3.268632459686865999e-01,1.080649738505494805e-09,-1.265177363157066193e+00,3.805063764696201001e-01,8.764032418656782379e-16,5.831245501762085152e-05,-1.912521598795049668e-02,6.522031122582046129e-12,1.918352844297854451e-02,-2.171672738972352309e-11,-9.491135282430841649e-15,7.436808002859614502e-04,-7.549282802572354623e-02,2.642432793832407422e-11,7.623650882615859437e-02,-8.656359319715095989e-11
4.266958638673701287e-01,-3.805063769847829014e-01,-2.124418798437048561e-02,-3.268935649260174547e-01,1.080660078650742497e-09,-1.265146951113623741e+00,3.805063764695856832e-01,8.602178811426427265e-16,5.949352152174526462e-05,-1.924462226011047772e-02,6.563834104449128508e-12,1.930411578164287906e-02,-2.185365582984276486e-11,-1.100031906274050733e-14,7.510003498386416025e-04,-7.562023466229839119e-02,2.647890397057218302e-11,7.637123501227643940e-02,-8.672444873209672555e-11
4.282762189187307444e-01,-3.805063769847829014e-01,-2.124409302262388055e-02,-3.269240727463556540e-01,1.080670484927579450e-09,-1.265116348331539076e+00,3.805063764695510442e-01,8.416080849846879459e-16,6.068613673752647469e-05,-1.936422912368418806e-02,6.605723113975478195e-12,1.942491526043258268e-02,-2.199083773635229572e-11,-1.255949938926154018e-14,7.582958414776666024e-04,-7.574668467861375709e-02,2.653319925169829029e-11,7.650498052022068618e-02,-8.688436530461750090e-11
4.298565739700913602e-01,-3.805063769847829014e-01,-2.124399616702203966e-02,-3.269547697455134627e-01,1.080680957471609104e-09,-1.265085554476779173e+00,3.805063764695162387e-01,8.204941373814200964e-16,6.189026123191800652e-05,-1.948403506932621168e-02,6.647697707506984675e-12,1.954592533056919920e-02,-2.212827162848286851e-11,-1.416956822033647594e-14,7.655654834646043487e-04,-7.587218118407983158e-02,2.658721382126063830e-11,7.663774666766315358e-02,-8.704334687264743179e-11
4.314369290214519759e-01,-3.805063769847829014e-01,-2.124389739940924990e-02,-3.269856562369218289e-01,1.080691496417734071e-09,-1.265054569217757718e+00,3.805063764694811002e-01,7.967949061743845074e-16,6.310585272354426838e-05,-1.960403859262159487e-02,6.689757441445557108e-12,1.966714444535638123e-02,-2.226595603173646066e-11,-1.583142578785493350e-14,7.728074628654162722e-04,-7.599672730896778194e-02,2.664094771060214413e-11,7.676953477194091435e-02,-8.720139741472584944e-11
4.330172840728126471e-01,-3.805063769847829014e-01,-2.124379670169889225e-02,-3.270167325316383211e-01,1.080702101900155926e-09,-1.265023392225331333e+00,3.805063764694457951e-01,7.704278299798059240e-16,6.433286604919231488e-05,-1.972423819411879206e-02,6.731901872236143897e-12,1.978857106017939058e-02,-2.240388947791882177e-11,-1.754598059981941660e-14,7.800199455361116066e-04,-7.612032620442352182e-02,2.669440094284037978e-11,7.690034615005589269e-02,-8.735852093000006221e-11
4.345976391241732628e-01,-3.805063769847829014e-01,-2.124369405587801796e-02,-3.270479989383542341e-01,1.080712774052375624e-09,-1.264992023172794244e+00,3.805063764694103234e-01,7.413089051078442966e-16,6.557125313028242723e-05,-1.984463237936268803e-02,6.774130556353712669e-12,1.991020363250452230e-02,-2.254207050517205359e-11,-1.931414944217406218e-14,7.872010761101699925e-04,-7.624298104248047880e-02,2.674757353285828257e-11,7.703018211867497522e-02,-8.751472143822676434e-11
4.361779941755338785e-01,-3.805063769847829569e-01,-2.124358944401198018e-02,-3.270794557634036370e-01,1.080723513007192461e-09,-1.264960461735878949e+00,3.805063764693745743e-01,7.093526724795558722e-16,6.682096293932032304e-05,-1.996521965892766176e-02,6.816443050290251262e-12,2.003204062187865717e-02,-2.268049765800721253e-11,-2.113685737989333945e-14,7.943489779877444500e-04,-7.636469501607000276e-02,2.680046548729535986e-11,7.715904399412969183e-02,-8.767000297977102787e-11
4.377583492268945498e-01,-3.805063769847829569e-01,-2.124348284824913516e-02,-3.271111033107704236e-01,1.080734318896705322e-09,-1.264928707592749113e+00,3.805063764693386585e-01,6.744722045427073812e-16,6.808194146633345545e-05,-2.008599854845053920e-02,6.858838910541715394e-12,2.015408048992865103e-02,-2.281916948733683469e-11,-2.301503775732801429e-14,8.014617533266402746e-04,-7.648547133903008111e-02,2.685307680453954972e-11,7.728693309241579934e-02,-8.782436961560362719e-11
4.393387042782551655e-01,-3.805063769847829569e-01,-2.124337425082557101e-02,-3.271429418820968604e-01,1.080745191852312259e-09,-1.264896760423999122e+00,3.805063764693024098e-01,6.365790921876480079e-16,6.935413168529469487e-05,-2.020696756866368488e-02,6.901317693594987648e-12,2.027632170036084217e-02,-2.295808455050750606e-11,-2.494963219780551863e-14,8.085374830350861193e-04,-7.660531324611262460e-02,2.690540747471974078e-11,7.741385072919342025e-02,-8.797782542729638620e-11
4.409190593296157812e-01,-3.805063769847829569e-01,-2.124326363406989562e-02,-3.271749717766914145e-01,1.080756132004710705e-09,-1.264864619912649202e+00,3.805063764692660500e-01,5.955834316643838806e-16,7.063747352053590051e-05,-2.032812524542804145e-02,6.943878955914818678e-12,2.039876271896049961e-02,-2.309724141133242633e-11,-2.694159060248259016e-14,8.155742267662944439e-04,-7.672422399298865769e-02,2.695745747969890598e-11,7.753979821978682074e-02,-8.813037451701579344e-11
4.424994143809763969e-01,-3.805063769847829569e-01,-2.124315098040809383e-02,-3.272071932915369685e-01,1.080767139483895608e-09,-1.264832285744141416e+00,3.805063764692294126e-01,5.513938115020807748e-16,7.193190381315429558e-05,-2.044947010976621432e-02,6.986522253930761148e-12,2.052140201359133054e-02,-2.323663864012394035e-11,-2.899187114844690690e-14,8.225700229148196797e-04,-7.684220685625184344e-02,2.700922679306776298e-11,7.766477687918417472e-02,-8.828202100751420043e-11
4.440797694323370681e-01,-3.805063769847829569e-01,-2.124303627236842976e-02,-3.272396067212990922e-01,1.080778214419162950e-09,-1.264799757606339670e+00,3.805063764691926087e-01,5.039172994321409475e-16,7.323735628741461401e-05,-2.057100069789552510e-02,7.029247144024093979e-12,2.064423805419491470e-02,-2.337627481372605985e-11,-3.110144028606647991e-14,8.295228886147196397e-04,-7.695926513342041253e-02,2.706071538013927798e-11,7.778878802203778586e-02,-8.843276904211979209e-11
4.456601244836976838e-01,-3.805063769847829569e-01,-2.124291949258637693e-02,-3.272722123583340359e-01,1.080789356939106021e-09,-1.264767035189522826e+00,3.805063764691555273e-01,4.530594293160821622e-16,7.455376151714974292e-05,-2.069271555126106499e-02,7.072053182514735287e-12,2.076726931279018404e-02,-2.351614851554699821e-11,-3.327127273558281544e-14,8.364308197395199564e-04,-7.707540214293688574e-02,2.711192319794353780e-11,7.791183296266367131e-02,-8.858262278472398513e-11
4.472404795350582996e-01,-3.805063769847829569e-01,-2.124280062380965242e-02,-3.273050104926971682e-01,1.080800567171617905e-09,-1.264734118186382927e+00,3.805063764691182793e-01,3.987241880793873069e-16,7.588104689216248989e-05,-2.081461321656877944e-02,7.114939925648139157e-12,2.089049426347287450e-02,-2.365625833559160493e-11,-3.550235148294694419e-14,8.432917909039926076e-04,-7.719062122416654737e-02,2.716285019522343953e-11,7.803391301504186695e-02,-8.873158641976728848e-11
4.488208345864189708e-01,-3.805063769847829569e-01,-2.124267964890324753e-02,-3.273380014121515802e-01,1.080811845243889615e-09,-1.264701006292022312e+00,3.805063764690807537e-01,3.408140026525391533e-16,7.721913658463201236e-05,-2.093669224581852853e-02,7.157906929582213434e-12,2.101391138241504031e-02,-2.379660287049387126e-11,-3.779566777489537051e-14,8.501037554677486367e-04,-7.730492573739372597e-02,2.721349631243094557e-11,7.815502949281633027e-02,-8.887966415222305691e-11
4.504011896377795865e-01,-3.805063769847829569e-01,-2.124255655085457301e-02,-3.273711854021758572e-01,1.080823191282410715e-09,-1.264667699203948947e+00,3.805063764690430061e-01,2.792297269204423849e-16,7.856795151552715874e-05,-2.105895119633715423e-02,7.200953750374201152e-12,2.113751914786447458e-02,-2.393718072354936149e-11,-4.015222111326371053e-14,8.568646455406489721e-04,-7.741831906381643758e-02,2.726386148172392033e-11,7.827518370929494040e-02,-8.902686020757921552e-11
4.519815446891402022e-01,-3.805063769847829569e-01,-2.124243131277857993e-02,-3.274045627459731267e-01,1.080834605412969734e-09,-1.264634196622075768e+00,3.805063764690051475e-01,2.138706286814266610e-16,7.992740932102958100e-05,-2.118138863081148876e-02,7.244079943967576506e-12,2.126131604014419932e-02,-2.407799050474759905e-11,-4.257301924853623333e-14,8.635723719900411516e-04,-7.753080460553923858e-02,2.731394562696369391e-11,7.839437697744953970e-02,-8.917317883181822647e-11
4.535618997405008179e-01,-3.805063769847829569e-01,-2.124230391792301942e-02,-3.274381337244791634e-01,1.080846087760652923e-09,-1.264600498248714233e+00,3.805063764689669559e-01,1.446343766170669349e-16,8.129742431897018281e-05,-2.130400311732143226e-02,7.287285066178931938e-12,2.138530054165194150e-02,-2.421903083080444280e-11,-4.505907817262871769e-14,8.702248244498215178e-04,-7.764238578556420523e-02,2.736374866371316865e-11,7.851261060991615581e-02,-8.931862429139476799e-11
4.551422547918614891e-01,-3.805063769847829569e-01,-2.124217434967368145e-02,-3.274718986163712153e-01,1.080857638449844466e-09,-1.264566603788572552e+00,3.805063764689285977e-01,7.141702727398597915e-17,8.267790747528086862e-05,-2.142679322937293337e-02,7.330568672684852305e-12,2.150947113685958839e-02,-2.436030032519442793e-11,-4.761142211090355152e-14,8.768198713313280889e-04,-7.775306604778033093e-02,2.741327049923561389e-11,7.862988591899507107e-02,-8.946320087321197884e-11
4.567226098432219938e-01,-3.805063769847829014e-01,-2.124204259155974828e-02,-3.275058576980763858e-01,1.080869257604225649e-09,-1.264532512948753684e+00,3.805063764688899619e-01,-5.886987941082374108e-18,8.406876637046542880e-05,-2.154975754593100798e-02,7.373930319008818923e-12,2.163382631231264633e-02,-2.450179761818306150e-11,-5.023108351341399426e-14,8.833553598360714774e-04,-7.786284885695075875e-02,2.746251103249407789e-11,7.874620421665093351e-02,-8.960691288459507898e-11
4.583029648945826651e-01,-3.805063769847829014e-01,-2.124190862725913384e-02,-3.275400112437804045e-01,1.080880945346776308e-09,-1.264498225438748902e+00,3.805063764688511041e-01,-8.738487575181284100e-17,8.546990516609167523e-05,-2.167289465145273708e-02,7.417369560508078078e-12,2.175836455662977231e-02,-2.464352134685909541e-11,-5.291910304537687655e-14,8.898291159703008209e-04,-7.797173769869844562e-02,2.751147015415138139e-11,7.886156681451293726e-02,-8.974976465326337465e-11
4.598833199459432808e-01,-3.805063769847829569e-01,-2.124177244060395167e-02,-3.275743595254362317e-01,1.080892701799772969e-09,-1.264463740970438010e+00,3.805063764688120798e-01,-1.731854939871069685e-16,8.688122457130793071e-05,-2.179620313592016065e-02,7.460885952360521652e-12,2.188308436050214606e-02,-2.478547015516666693e-11,-5.567652957687037972e-14,8.962389445614118814e-04,-7.807973607948999473e-02,2.756014774657086397e-11,7.897597502387508628e-02,-8.989176052730033774e-11
4.614636749973038965e-01,-3.805063769847829569e-01,-2.124163401558598271e-02,-3.276089028127729397e-01,1.080904527084788436e-09,-1.264429059258083354e+00,3.805063764687727779e-01,-2.633993645390550308e-16,8.830262180938739595e-05,-2.191968159487326512e-02,7.504479049551578246e-12,2.200798421669303284e-02,-2.492764269393752962e-11,-5.850442017175740003e-14,9.025826292762002389e-04,-7.818684752661776705e-02,2.760854368381763134e-11,7.908943015569651347e-02,-9.003290487512148790e-11
4.630440300486645677e-01,-3.805063769847829569e-01,-2.124149333636218828e-02,-3.276436413733045949e-01,1.080916421322693235e-09,-1.264394180018328040e+00,3.805063764687332539e-01,-3.581386863027444999e-16,8.973399058430212884e-05,-2.204332862944282170e-02,7.548148406861094613e-12,2.213306262003717634e-02,-2.507003762092310011e-11,-6.140384007583058481e-14,9.088579326409621829e-04,-7.829307558817971691e-02,2.765665783166053278e-11,7.920193352060146685e-02,-9.017320208544024546e-11
4.646243851000251834e-01,-3.805063769847829569e-01,-2.124135038726033056e-02,-3.276785754723386956e-01,1.080928384633652720e-09,-1.264359102970191939e+00,3.805063764686935079e-01,-4.575173480967489894e-16,9.117522104733123028e-05,-2.216714284638332880e-02,7.591893578850239711e-12,2.225831806744034760e-02,-2.521265360082658251e-11,-6.437586270417921104e-14,9.150625960634488311e-04,-7.839842383305811735e-02,2.770449004757470730e-11,7.931348642887994793e-02,-9.031265656723214301e-11
4.662047401513857992e-01,-3.805063769847829569e-01,-2.124120515278460700e-02,-3.277137053729857197e-01,1.080940417137129763e-09,-1.264323827835069025e+00,3.805063764686535954e-01,-5.616509415630096469e-16,9.262619976370407686e-05,-2.229112285810575661e-02,7.635714119848387750e-12,2.238374905787875180e-02,-2.535548930533487292e-11,-6.742156962777497168e-14,9.211943398566685946e-04,-7.850289585089571809e-02,2.775204018074480193e-11,7.942409019048773944e-02,-9.045127274969641314e-11
4.677850952027464149e-01,-3.805063769847829569e-01,-2.124105761762132630e-02,-3.277490313361674512e-01,1.080952518951881236e-09,-1.264288354336723819e+00,3.805063764686134054e-01,-6.706567740449146877e-16,9.408680967928337085e-05,-2.241526728271038896e-02,7.679609583940019009e-12,2.250935409239852164e-02,-2.549854341315054167e-11,-7.054205055927612074e-14,9.272508632645489433e-04,-7.860649525207079324e-02,2.779930807206885876e-11,7.953374611504698821e-02,-9.058905508221632256e-11
4.693654502541070861e-01,-3.805063769847829569e-01,-2.124090776664467467e-02,-3.277845536206265842e-01,1.080964690195960084e-09,-1.264252682201288280e+00,3.805063764685729932e-01,-7.846538814423227420e-16,9.555693008729010819e-05,-2.253957474401954014e-02,7.723579524951631968e-12,2.263513167411521088e-02,-2.564181461002367329e-11,-7.373840333804848145e-14,9.332298444894576847e-04,-7.870922566766973272e-02,2.784629355416275141e-11,7.964245551184648275e-02,-9.072600803431675327e-11
4.709458053054677018e-01,-3.805063769847829569e-01,-2.124075558492249244e-02,-3.278202724829352155e-01,1.080976930986713041e-09,-1.264216811157257592e+00,3.805063764685323591e-01,-9.037630410423009716e-16,9.703643659507331040e-05,-2.266404387161030307e-02,7.767623496438660283e-12,2.276108030821323916e-02,-2.578530158878370323e-11,-7.701173391440155675e-14,9.391289407215823492e-04,-7.881109074945820414e-02,2.789299645136530963e-11,7.975021968984201404e-02,-9.086213609562038782e-11
4.725261603568283175e-01,-3.805063769847829569e-01,-2.124060105772215823e-02,-3.278561881775045039e-01,1.080989241440782294e-09,-1.264180740935487712e+00,3.805063764684915029e-01,-1.028106784324297684e-15,9.852520109092771899e-05,-2.278867330084715856e-02,7.811741051672394604e-12,2.288719850194539593e-02,-2.592900304937110285e-11,-8.036315633303860616e-14,9.449457881701755959e-04,-7.891209416985026093e-02,2.793941657974409342e-11,7.985703995765694452e-02,-9.099744377580127084e-11
4.741065154081889332e-01,-3.805063769847830124e-01,-2.124044417051645928e-02,-3.278923009565934410e-01,1.081001621674102376e-09,-1.264144471269192938e+00,3.805063764684504246e-01,-1.157809409738595439e-15,1.000230917109625286e-04,-2.291346167291459859e-02,7.855931743626915713e-12,2.301348476463227835e-02,-2.607291769886902542e-11,-8.379379271572014626e-14,9.506780020966624101e-04,-7.901223962187584049e-02,2.798555374710179721e-11,7.996291762358261057e-02,-9.113193560453702650e-11
4.756868704595496045e-01,-3.805063769847829569e-01,-2.124028490898956581e-02,-3.279286110703182322e-01,1.081014071801902233e-09,-1.264108001893941458e+00,3.805063764684090688e-01,-1.292996995456686030e-15,1.015299728060235578e-04,-2.303840763484968704e-02,7.900195124966029266e-12,2.313993760766179172e-02,-2.621704425153491356e-11,-8.730477324313835047e-14,9.563231768496153811e-04,-7.911153081914612528e-02,2.803140775298321307e-11,8.006785399557869720e-02,-9.126561613145832290e-11
4.772672255109102202e-01,-3.805063769847829569e-01,-2.124012325904303666e-02,-3.279651187666617895e-01,1.081026591938703162e-09,-1.264071332547651361e+00,3.805063764683675465e-01,-1.433797412092413931e-15,1.030457049086726522e-04,-2.316350983957455104e-02,7.944530748030245778e-12,2.326655554448861865e-02,-2.636138142883197408e-11,-9.089723613600308019e-14,9.618788859016027225e-04,-7.920997149581733565e-02,2.807697838868299193e-11,8.017185038127402907e-02,-9.139848992609687602e-11
4.788475805622708359e-01,-3.805063769847829569e-01,-2.123995920680187000e-02,-3.280018242914824467e-01,1.081039182198318803e-09,-1.264034462970589745e+00,3.805063764683257466e-01,-1.580340335392592502e-15,1.045701447002263392e-04,-2.328876694592881338e-02,7.988938164823720214e-12,2.339333709063371250e-02,-2.650592795946058498e-11,-9.457232763533695978e-14,9.673426818878993853e-04,-7.930756540655242715e-02,2.812226543725384761e-11,8.027490808796683419e-02,-9.153056157783114015e-11
4.804279356136315071e-01,-3.805063769847829569e-01,-2.123979273862063380e-02,-3.280387278885240621e-01,1.081051842693854525e-09,-1.263997392905366723e+00,3.805063764682837801e-01,-1.732757258895842709e-15,1.061031449778573259e-04,-2.341417761870198677e-02,8.033416927001254597e-12,2.352028076368373882e-02,-2.665068257938960877e-11,-9.833120198197915468e-14,9.727120966470761184e-04,-7.940431632648135840e-02,2.816726867351559757e-11,8.037702842262559044e-02,-9.166183569583003376e-11
4.820082906649921228e-01,-3.805063769847829569e-01,-2.123962384108961376e-02,-3.280758297994249562e-01,1.081064573537706802e-09,-1.263960122096934979e+00,3.805063764682415361e-01,-1.891181506558448579e-15,1.076445546217617941e-04,-2.353974052866576391e-02,8.077966585855284446e-12,2.364738508329060351e-02,-2.679564403188764116e-11,-1.021750213952976885e-13,9.779846412634588849e-04,-7.950022805115897206e-02,2.821198786406467232e-11,8.047821269188951132e-02,-9.179231690899458448e-11
4.835886457163527385e-01,-3.805063769847830124e-01,-2.123945250104102705e-02,-3.281131302637275704e-01,1.081077374841562595e-09,-1.263922650292583549e+00,3.805063764681990701e-01,-2.055748245345899973e-15,1.091942185623948384e-04,-2.366545435260626259e-02,8.122586692302891075e-12,2.377464857117086994e-02,-2.694081106755412403e-11,-1.061049560511079263e-13,9.831578061114606970e-04,-7.959530439652132139e-02,2.825642276728431942e-11,8.057846220206905941e-02,-9.192200986589757079e-11
4.851690007677133543e-01,-3.805063769847830124e-01,-2.123927870555531935e-02,-3.281506295188880151e-01,1.081090246716399142e-09,-1.263884977241937380e+00,3.805063764681563820e-01,-2.226594497788950023e-15,1.107519777477780566e-04,-2.379131777335623948e-02,8.167276796872839737e-12,2.390206975110531831e-02,-2.708618244435041640e-11,-1.101221840587983091e-13,9.882290609017961667e-04,-7.968954919884040089e-02,2.830057313335550871e-11,8.067777825914683454e-02,-9.205091923472103108e-11
4.867493558190740255e-01,-3.805063769847830124e-01,-2.123910244196744110e-02,-3.281883278002854509e-01,1.081103189272483136e-09,-1.263847102696951996e+00,3.805063764681135274e-01,-2.403859154502864325e-15,1.123176691108810298e-04,-2.391732947982714783e-02,8.212036449692612923e-12,2.402964714893836284e-02,-2.723175692763071033e-11,-1.142278914376609302e-13,9.931958547295619694e-04,-7.978296631467647615e-02,2.834443870426841594e-11,8.077616216877829547e-02,-9.217904970319204083e-11
4.883297108704346412e-01,-3.805063769847830124e-01,-2.123892369787325554e-02,-3.282262253412320807e-01,1.081116202619369477e-09,-1.263809026411911285e+00,3.805063764680702842e-01,-2.587682986668670895e-15,1.138911255370807555e-04,-2.404348816704115696e-02,8.256865200475480815e-12,2.415737929257755212e-02,-2.737753329017284982e-11,-1.184232720924276954e-13,9.980556161242016503e-04,-7.987555962082888705e-02,2.838801921383446527e-11,8.087361523629214843e-02,-9.230640597851577566e-11
4.899100659217952569e-01,-3.805063769847830124e-01,-2.123874246113593642e-02,-3.282643223729826421e-01,1.081129286865901280e-09,-1.263770748143423273e+00,3.805063764680269300e-01,-2.778208658475082646e-15,1.154721758317011634e-04,-2.416979253616314063e-02,8.301762598507597594e-12,2.428526471199309034e-02,-2.752351031220912070e-11,-1.227095277880110102e-13,1.002805753101346535e-03,-7.996733301428507468e-02,2.843131438769919589e-11,8.097013876669149901e-02,-9.243299278730733348e-11
4.914904209731559281e-01,-3.805063769847830124e-01,-2.123855871989245928e-02,-3.283026191247437886e-01,1.081142442120209456e-09,-1.263732267650418795e+00,3.805063764679832983e-01,-2.975580739519884650e-15,1.170606446876362364e-04,-2.429624129453248835e-02,8.346728192635076741e-12,2.441330193921724054e-02,-2.766968678145677553e-11,-1.270878681234476408e-13,1.007443653216531006e-03,-8.005829041216759590e-02,2.847432394335560028e-11,8.106573406465437948e-02,-9.255881487552092009e-11
4.930707760245165439e-01,-3.805063769847830124e-01,-2.123837246256011363e-02,-3.283411158236846927e-01,1.081155668489711471e-09,-1.263693584694145500e+00,3.805063764679395000e-01,-3.179945717169541349e-15,1.186563526530596510e-04,-2.442283315569492713e-02,8.391761531251156816e-12,2.454148950834392565e-02,-2.781606149314864573e-11,-1.315595105050480595e-13,1.011966683620793648e-03,-8.014843575167933387e-02,2.851704759015816688e-11,8.116040243453473413e-02,-9.268387700837718660e-11
4.946511310758771596e-01,-3.805063769847830124e-01,-2.123818367784308450e-02,-3.283798126949460383e-01,1.081168966081109904e-09,-1.263654699038167184e+00,3.805063764678954241e-01,-3.391452008875723277e-15,1.202591160992235391e-04,-2.454956683943420453e-02,8.436862162283330071e-12,2.466982595552812824e-02,-2.796263325006345645e-11,-1.361256801187474131e-13,1.016372191118147762e-03,-8.023777299004684893e-02,2.855948502933757223e-11,8.125414518036311318e-02,-9.280818397028855042e-11
4.962314861272377753e-01,-3.805063769847830124e-01,-2.123799235473906519e-02,-3.284187099616503458e-01,1.081182335000393265e-09,-1.263615610448358906e+00,3.805063764678510707e-01,-3.610249974447455639e-15,1.218687471883492848e-04,-2.467644107180362936e-02,8.482029633180498536e-12,2.479830981898538747e-02,-2.810940086255610596e-11,-1.407876099016592995e-13,1.020657502224936019e-03,-8.032630610446189756e-02,2.860163595401590955e-11,8.134696360584763031e-02,-9.293174056478230633e-11
4.978118411785984465e-01,-3.805063769847830124e-01,-2.123779848024094988e-02,-3.284578078426506065e-01,1.081195775353526702e-09,-1.263576318692860578e+00,3.805063764678065508e-01,-3.832765344191918703e-15,1.234897660540181625e-04,-2.480344996237535127e-02,8.527264905983195844e-12,2.492693972842143987e-02,-2.825635460381992036e-11,-1.404554806336988013e-13,1.031257495806386232e-03,-8.040772369404124154e-02,2.864543325990990617e-11,8.143898118900740057e-02,-9.304287820946115940e-11
4.993921962299590622e-01,-3.805063769847830124e-01,-2.123760203013493400e-02,-3.284971065435063897e-01,1.081209287249216635e-09,-1.263536823541898668e+00,3.805063764677618088e-01,-4.054130890069333879e-15,1.251283259711779595e-04,-2.493058602071511476e-02,8.572569433945257326e-12,2.505571434667704100e-02,-2.840348178552183864e-11,-1.396790655262280336e-13,1.042417913203757315e-03,-8.048767216559923887e-02,2.868914942824570734e-11,8.153009007796463425e-02,-9.315203116013720253e-11
5.009725512813196779e-01,-3.805063769847830124e-01,-2.123740297654847994e-02,-3.285366062638919171e-01,1.081222870796644496e-09,-1.263497124767926527e+00,3.805063764677167892e-01,-4.274211953131534166e-15,1.267845941461981808e-04,-2.505784763099224224e-02,8.617942873472849272e-12,2.518463222512786273e-02,-2.855078057387102122e-11,-1.388297084073872617e-13,1.053668049682387337e-03,-8.056661464529743522e-02,2.873264359574233811e-11,8.162028269414364767e-02,-9.326005285982423619e-11
5.025529063326803492e-01,-3.805063769847830124e-01,-2.123720129138403911e-02,-3.285763072009678654e-01,1.081236526104438536e-09,-1.263457222145686343e+00,3.805063764676715476e-01,-4.492892261681914471e-15,1.284587127161107610e-04,-2.518523320411044861e-02,8.663384874216424664e-12,2.531369191681466860e-02,-2.869824918036801438e-11,-1.379061455735515283e-13,1.065008347030798729e-03,-8.064455205442570829e-02,2.877591638295359237e-11,8.170956040062293813e-02,-9.336694239269443349e-11
5.041332613840409094e-01,-3.805063769847830679e-01,-2.123699694631886806e-02,-3.286162095493849189e-01,1.081250253280673212e-09,-1.263417115452204031e+00,3.805063764676260840e-01,-4.710053540153576466e-15,1.301508245165035132e-04,-2.531274115242909337e-02,8.708895086805630920e-12,2.544289197693238094e-02,-2.884588581505149716e-11,-1.369071047589138375e-13,1.076439247507823696e-03,-8.072148531387392245e-02,2.881896840854683017e-11,8.179792456055112737e-02,-9.347269882456824188e-11
5.057136164354015806e-01,-3.805063769847830679e-01,-2.123678991280394598e-02,-3.286563135012857129e-01,1.081264052432872283e-09,-1.263376804466788350e+00,3.805063764675803428e-01,-4.925575495603738800e-15,1.318610730822536989e-04,-2.544036988976258393e-02,8.754473162846351755e-12,2.557223096283031336e-02,-2.899368868646938816e-11,-1.358313051681580575e-13,1.087961193829892811e-03,-8.079741534414380810e-02,2.886180028929706465e-11,8.188537653714642039e-02,-9.357732120297640874e-11
5.072939714867622518e-01,-3.805063769847830679e-01,-2.123658016206287497e-02,-3.286966192463074976e-01,1.081277923668009230e-09,-1.263336288971025567e+00,3.805063764675344351e-01,-5.139335804260430647e-15,1.335896026482404585e-04,-2.556811783137971986e-02,8.800118754917674725e-12,2.570170743401212904e-02,-2.914165600164993629e-11,-1.346774575099665511e-13,1.099574629158126936e-03,-8.087234306536150719e-02,2.890441264008102962e-11,8.197191769369609193e-02,-9.368080855722389403e-11
5.088743265381228120e-01,-3.805063769847830679e-01,-2.123636766509074542e-02,-3.287371269715839150e-01,1.081291867092509935e-09,-1.263295568748777242e+00,3.805063764674882498e-01,-5.351210098122897999e-15,1.353365581500380762e-04,-2.569598339400314124e-02,8.845831516568921776e-12,2.583131995213605939e-02,-2.928978596607298912e-11,-1.334442640313623324e-13,1.111279997085244404e-03,-8.094626939728989667e-02,2.894680607387129558e-11,8.205754939355579258e-02,-9.378315989845471348e-11
5.104546815894834833e-01,-3.805063769847830679e-01,-2.123615239265305016e-02,-3.287778368617479408e-01,1.081305882812252691e-09,-1.263254643586175341e+00,3.805063764674418980e-01,-5.561071951616769539e-15,1.371020852245868036e-04,-2.582396499580879093e-02,8.891611102316611943e-12,2.596106708101496297e-02,-2.943807678364133883e-11,-1.321304185528879722e-13,1.123077741622278448e-03,-8.101919525934175859e-02,2.898898120173040188e-11,8.214227300014922961e-02,-9.388437421971950895e-11
5.120350366408441545e-01,-3.805063769847830679e-01,-2.123593431528456726e-02,-3.288187490989336603e-01,1.081319970932571090e-09,-1.263213513271621125e+00,3.805063764673952131e-01,-5.768792868305611859e-15,1.388863302108437334e-04,-2.595206105642530389e-02,8.937457167641454738e-12,2.609094738661645041e-02,-2.958652665665220712e-11,-1.307346065046164543e-13,1.134968307185099711e-03,-8.109112157059208958e-02,2.903093863280496961e-11,8.222608987696733429e-02,-9.398445049604386831e-11
5.136153916922047147e-01,-3.805063769847830679e-01,-2.123571340328826024e-02,-3.288598638627788229e-01,1.081334131558254647e-09,-1.263172177595779822e+00,3.805063764673483617e-01,-5.974242267660036814e-15,1.406894401504118802e-04,-2.608026999693356315e-02,8.983369368985308003e-12,2.622095943706299892e-02,-2.973513378576877854e-11,-1.292555049629961801e-13,1.146952138580753120e-03,-8.116204924979150692e-02,2.907267897431975611e-11,8.230900138756777618e-02,-9.408338768449863585e-11
5.151957467435653859e-01,-3.805063769847830679e-01,-2.123548962673414697e-02,-3.289011813304270615e-01,1.081348364793550866e-09,-1.263130636351577518e+00,3.805063764673011772e-01,-6.177287471885639763e-15,1.425115627881471173e-04,-2.620859023986611344e-02,9.029347363748129296e-12,2.635110180263201818e-02,-2.988389636999192126e-11,-1.276917826885288335e-13,1.159029680993601142e-03,-8.123197921537955724e-02,2.911420283157195854e-11,8.239100889557449126e-02,-9.418118472427247150e-11
5.167761017949260571e-01,-3.805063769847831234e-01,-2.123526295545820688e-02,-3.289427016765302803e-01,1.081362670742167104e-09,-1.263088889334198495e+00,3.805063764672538817e-01,-6.377793692811168127e-15,1.443528465727436183e-04,-2.633702020920674139e-02,9.075390810284941818e-12,2.648137305575598219e-02,-3.003281260663191433e-11,-1.260421001642795254e-13,1.171201379971275333e-03,-8.130091238549791433e-02,2.915551080792520381e-11,8.247211376467676602e-02,-9.427784053674494000e-11
5.183564568462866173e-01,-3.805063769847831234e-01,-2.123503335906126027e-02,-3.289844250732506525e-01,1.081377049507270567e-09,-1.263046936341081228e+00,3.805063764672063087e-01,-6.575624018838228977e-15,1.462134406572968568e-04,-2.646555833039000716e-02,9.121499367902768030e-12,2.661177177102255764e-02,-3.018188069128047210e-11,-1.243051096352182591e-13,1.183467681410441640e-03,-8.136884967800424306e-02,2.919660350480380033e-11,8.255231735862895992e-02,-9.437335402556245641e-11
5.199368118976472886e-01,-3.805063769847831789e-01,-2.123480080690786156e-02,-3.290263516902632857e-01,1.081391501191491828e-09,-1.263004777171915061e+00,3.805063764671584581e-01,-6.770639401953797065e-15,1.480934948998433487e-04,-2.659420303030078647e-02,9.167672696857551956e-12,2.674229652517464556e-02,-3.033109881778267831e-11,-1.224794551483910750e-13,1.195829031542368793e-03,-8.143579201048588290e-02,2.923748152168688316e-11,8.263162104124965879e-02,-9.446772407671500714e-11
5.215171669490078488e-01,-3.805063769847831789e-01,-2.123456526812516135e-02,-3.290684816947584412e-01,1.081406025896924207e-09,-1.262962411628637316e+00,3.805063764671103854e-01,-6.962698644806887999e-15,1.499931598638786032e-04,-2.672295273727387163e-02,9.213910458351089572e-12,2.687294589711053741e-02,-3.048046517820920442e-11,-1.205637725939211028e-13,1.208285876918307414e-03,-8.150174030027372563e-02,2.927814545610256556e-11,8.271002617642103649e-02,-9.456094955861508105e-11
5.230975220003685200e-01,-3.805063769847831789e-01,-2.123432671160183430e-02,-3.291108152514434781e-01,1.081420623725127286e-09,-1.262919839515429077e+00,3.805063764670621462e-01,-7.151658387850635882e-15,1.519125868188504075e-04,-2.685180588109354130e-02,9.260212314527933339e-12,2.700371846788396715e-02,-3.062997796282856028e-11,-1.185566897468389394e-13,1.220838664394679595e-03,-8.156669546445659280e-02,2.931859590362213581e-11,8.278753412808832757e-02,-9.465302932217800936e-11
5.246778770517291912e-01,-3.805063769847831789e-01,-2.123408510598690652e-02,-3.291533525225456280e-01,1.081435294777126699e-09,-1.262877060638711857e+00,3.805063764670136295e-01,-7.337373096551200883e-15,1.538519277406299123e-04,-2.698076089299326213e-02,9.306577928472309661e-12,2.713461282070428124e-02,-3.077963536007954518e-11,-1.164568263097395514e-13,1.233487841118076139e-03,-8.163065841989546045e-02,2.935883345785429276e-11,8.286414626025913333e-02,-9.474396220090411505e-11
5.262582321030897514e-01,-3.805063769847831789e-01,-2.123384041968870081e-02,-3.291960936678139937e-01,1.081450039153417034e-09,-1.262834074807145601e+00,3.805063764669648352e-01,-7.519695048664671874e-15,1.558113353119577275e-04,-2.710981620565527245e-02,9.353006964204992728e-12,2.726562754093643168e-02,-3.092943555654373110e-11,-1.142627939562655758e-13,1.246233854510058869e-03,-8.169363008323790587e-02,2.939885871043921992e-11,8.293986393700256143e-02,-9.483374701096232271e-11
5.278385871544504226e-01,-3.805063769847831789e-01,-2.123359262087366403e-02,-3.292390388445218252e-01,1.081464856953962241e-09,-1.262790881831622469e+00,3.805063764669158743e-01,-7.698474321583401462e-15,1.577909629228666519e-04,-2.723897025321028731e-02,9.399499086680207430e-12,2.739676121610117379e-02,-3.107937673691822397e-11,-1.119731963754165891e-13,1.259077152251778181e-03,-8.175561137093306785e-02,2.943867225104295671e-11,8.301468852244887897e-02,-9.492238255127581052e-11
5.294189422058110939e-01,-3.805063769847831789e-01,-2.123334167746529499e-02,-3.292821882074690176e-01,1.081479748278197907e-09,-1.262747481525267279e+00,3.805063764668666360e-01,-7.873558779752977983e-15,1.597909646710794947e-04,-2.736822147123715854e-02,9.446053961782483815e-12,2.752801243587510785e-02,-3.122945708398839255e-11,-1.095866293166810643e-13,1.272018182268391112e-03,-8.181660319924603797e-02,2.947827466735142078e-11,8.308862138078847159e-02,-9.500986760360870908e-11
5.309992972571716541e-01,-3.805063769847832345e-01,-2.123308755714298224e-02,-3.293255419089840541e-01,1.081494713225031880e-09,-1.262703873703429736e+00,3.805063764668171200e-01,-8.044794062161185003e-15,1.618114953623823115e-04,-2.749756829676267694e-02,9.492671256323551926e-12,2.765937979209079356e-02,-3.137967477860087518e-11,-1.071016806359931731e-13,1.285057392713298118e-03,-8.187660648427363963e-02,2.951766654506479228e-11,8.316166387627146883e-02,-9.509620093265528189e-11
5.325796523085323253e-01,-3.805063769847832900e-01,-2.123283022734091460e-02,-3.293691000989267814e-01,1.081509751892846127e-09,-1.262660058183684875e+00,3.805063764667674375e-01,-8.212023569900230218e-15,1.638527105109725422e-04,-2.762700916826125314e-02,9.539350638039175250e-12,2.779086187873683680e-02,-3.153002799963668995e-11,-1.045169303425085268e-13,1.298195231952176251e-03,-8.193562214195899973e-02,2.955684846789158781e-11,8.323381737320667551e-02,-9.518138128612984239e-11
5.341600073598929965e-01,-3.805063769847832900e-01,-2.123256965524696407e-02,-3.294128629246903528e-01,1.081524864379498801e-09,-1.262616034785827512e+00,3.805063764667175330e-01,-8.375088453803572195e-15,1.659147663397815878e-04,-2.775654252565467120e-02,9.586091775586001944e-12,2.792245729195795903e-02,-3.168051492398437720e-11,-1.018309506462006732e-13,1.311432148546831048e-03,-8.199365108810738323e-02,2.959582101754299948e-11,8.330508323596121090e-02,-9.526540739485911389e-11
5.357403624112535567e-01,-3.805063769847832900e-01,-2.123230580780154086e-02,-3.294568305312033374e-01,1.081540050782324868e-09,-1.262571803331869136e+00,3.805063764666672954e-01,-8.533827602158548762e-15,1.679978197807719905e-04,-2.788616681031194297e-02,9.632894338538414433e-12,2.805416463005513603e-02,-3.183113372651349094e-11,-9.904230600627783222e-14,1.324768591238853488e-03,-8.205069423840163911e-02,2.963458477372703998e-11,8.337546282895950955e-02,-9.534827797287570099e-11
5.373207174626142280e-01,-3.805063769847832900e-01,-2.123203865169649360e-02,-3.295010030609326623e-01,1.081555311198137544e-09,-1.262527363646035017e+00,3.805063764666168913e-01,-8.688077628496268012e-15,1.701020284752087280e-04,-2.801588046504911722e-02,9.679757997385362864e-12,2.818598249348568119e-02,-3.198188258004812910e-11,-9.614955318041358480e-14,1.338205008933086339e-03,-8.210675250841804884e-02,2.967314031414283633e-11,8.344495751668271066e-02,-9.542999171751353842e-11
5.389010725139748992e-01,-3.805063769847832900e-01,-2.123176815337397480e-02,-3.295453806538851116e-01,1.081570645723230167e-09,-1.262482715554759993e+00,3.805063764665662096e-01,-8.837672859459847384e-15,1.722275507739035386e-04,-2.814568193412903679e-02,9.726682423527145240e-12,2.831790948486324552e-02,-3.213275965534047665e-11,-9.315124127479384931e-14,1.351741850680894920e-03,-8.216182681364228579e-02,2.971148821447480085e-11,8.351356866366782539e-02,-9.551054730950468414e-11
5.404814275653354594e-01,-3.805063769847832900e-01,-2.123149427902532721e-02,-3.295899634476103235e-01,1.081586054453378256e-09,-1.262437858886686026e+00,3.805063764665153059e-01,-8.982445322752438156e-15,1.743745457374335504e-04,-2.827556966326134208e-02,9.773667289272281258e-12,2.844994420895805703e-02,-3.228376312104486573e-11,-9.004591179497964143e-14,1.365379565663258753e-03,-8.221591806948554126e-02,2.974962904838694428e-11,8.358129763450707073e-02,-9.558994341307811571e-11
5.420617826166961306e-01,-3.805063769847832900e-01,-2.123121699458997008e-02,-3.296347515772024561e-01,1.081601537483838899e-09,-1.262392793472658648e+00,3.805063764664641801e-01,-9.122224735166272243e-15,1.765431731363325347e-04,-2.840554209960226631e-02,9.820712267834269825e-12,2.858208527269688604e-02,-3.243489114369160965e-11,-8.683209869757835959e-14,1.379118603173659814e-03,-8.226902719130077535e-02,2.978756338751704675e-11,8.364814579384691196e-02,-9.566817867605967697e-11
5.436421376680566908e-01,-3.805063769847832900e-01,-2.123093626575425774e-02,-3.296797451753030184e-01,1.081617094909354052e-09,-1.262347519145722741e+00,3.805063764664128323e-01,-9.256838490693995089e-15,1.787335934512549731e-04,-2.853559769175461475e-02,9.867817033328395045e-12,2.871433128516317351e-02,-3.258614188766119218e-11,-8.350832844272763503e-14,1.392959412600788208e-03,-8.232115509439955070e-02,2.982529180147096448e-11,8.371411450638756302e-02,-9.574525172997419606e-11
5.452224927194173620e-01,-3.805063769847832900e-01,-2.123065205795037283e-02,-3.297249443721027018e-01,1.081632726824151375e-09,-1.262302035741118988e+00,3.805063764663611514e-01,-9.386111648723575215e-15,1.809459678731125851e-04,-2.866573488976766407e-02,9.914981260768514429e-12,2.884668085759712133e-02,-3.273751351515866383e-11,-8.007312004738665981e-14,1.406902443411054641e-03,-8.237230269406832506e-02,2.986281485781685884e-11,8.377920513688189019e-02,-9.582116119014884426e-11
5.468028477707780333e-01,-3.805063769847833455e-01,-2.123036433635518486e-02,-3.297703492953439897e-01,1.081648433321946089e-09,-1.262256343096282540e+00,3.805063764663093595e-01,-9.509866922318088883e-15,1.831804583031835891e-04,-2.879595214513717277e-02,9.962204626063827721e-12,2.897913260339576511e-02,-3.288900418618801855e-11,-7.652498513943321325e-14,1.420948145130912499e-03,-8.242247090558550704e-02,2.990013312207941906e-11,8.384341905013480145e-02,-9.589590565581813618e-11
5.483832028221385935e-01,-3.805063769847834010e-01,-2.123007306588916079e-02,-3.298159600703233774e-01,1.081664214495940976e-09,-1.262210441050837462e+00,3.805063764662572900e-01,-9.627924666581629446e-15,1.854372273531933125e-04,-2.892624791080535690e-02,1.000948680601564573e-11,2.911168513811305397e-02,-3.304061205852691307e-11,-7.286242801256636147e-14,1.435096967328996272e-03,-8.247166064423855358e-02,2.993724715773416242e-11,8.390675761100241381e-02,-9.596948371023077828e-11
5.499635578734992647e-01,-3.805063769847834010e-01,-2.122977821121520281e-02,-3.298617768198933153e-01,1.081680070438829689e-09,-1.262164329446593625e+00,3.805063764662048875e-01,-9.740102867112614590e-15,1.877164383453665047e-04,-2.905662064116093860e-02,1.005682747831415267e-11,2.924433707945992694e-02,-3.319233528770148958e-11,-6.908394568201060168e-14,1.449349359598061998e-03,-8.251987282534113677e-02,2.997415752620168923e-11,8.396922218439112351e-02,-9.604189392075802947e-11
5.515439129248599359e-01,-3.805063769847834010e-01,-2.122947973673755886e-02,-3.299077996644651511e-01,1.081696001242796751e-09,-1.262118008127544044e+00,3.805063764661523185e-01,-9.846217128545725264e-15,1.900182553124511893e-04,-2.918706879203920856e-02,1.010422632153514756e-11,2.937708704730443085e-02,-3.334417202696135998e-11,-6.518802794102150182e-14,1.463705771536742304e-03,-8.256710836425044941e-02,3.001086478684188609e-11,8.403081413525677335e-02,-9.611313483900336724e-11
5.531242679762204961e-01,-3.805063769847834010e-01,-2.122917760660067779e-02,-3.299540287220109058e-01,1.081712006999519002e-09,-1.262071476939861547e+00,3.805063764660994718e-01,-9.946080663183842585e-15,1.923428429977132976e-04,-2.931759082072206077e-02,1.015168301513677587e-11,2.950993366367172036e-02,-3.349612042725472582e-11,-6.117315741818696642e-14,1.478166652731116278e-03,-8.261336817638506580e-02,3.004736949694824551e-11,8.409153482860402817e-02,-9.618320500091440254e-11
5.547046230275811673e-01,-3.805063769847834565e-01,-2.122887178468809213e-02,-3.300004641080654388e-01,1.081728087800168497e-09,-1.262024735731894554e+00,3.805063764660465142e-01,-1.003950427972112027e-14,1.946903668549024074e-04,-2.944818518593816242e-02,1.019919723945628217e-11,2.964287555274421754e-02,-3.364817863720380203e-11,-5.703780963552751116e-14,1.492732452736085904e-03,-8.265865317724241379e-02,3.008367221174212732e-11,8.415138562948522305e-02,-9.625210292689562197e-11
5.562849780789417276e-01,-3.805063769847834565e-01,-2.122856223462130099e-02,-3.300471059357295012e-01,1.081744243735411882e-09,-1.261977784354163745e+00,3.805063764659931680e-01,-1.012629637205850369e-14,1.970609930481871251e-04,-2.957885034786304421e-02,1.024676867570670144e-11,2.977591134086161884e-02,-3.380034480308030517e-11,-5.278045306738863594e-14,1.507403621056566459e-03,-8.270296428241688536e-02,3.011977348436696841e-11,8.421036790299966934e-02,-9.631982712192349508e-11
5.578653331303022878e-01,-3.805063769847834010e-01,-2.122824891975865283e-02,-3.300939543156710676e-01,1.081760474895413084e-09,-1.261930622659359624e+00,3.805063764659395997e-01,-1.020626290821297819e-14,1.994548884520618980e-04,-2.970958476811931190e-02,1.029439700597360528e-11,2.990903965652103383e-02,-3.395261706878119386e-11,-4.839954920012395202e-14,1.522180607128492593e-03,-8.274630240761789157e-02,3.015567386588264111e-11,8.426848301429276655e-02,-9.638637607566248651e-11
5.594456881816629590e-01,-3.805063769847835120e-01,-2.122793180319419715e-02,-3.301410093561282788e-01,1.081776781369833933e-09,-1.261883250502337850e+00,3.805063764658858649e-01,-1.027920741932172370e-14,2.018722206512220873e-04,-2.984038690977680597e-02,1.034208191321176406e-11,3.004225913037698176e-02,-3.410499357580448011e-11,-4.389355259256860271e-14,1.537063860299629249e-03,-8.278866846868825069e-02,3.019137390525961768e-11,8.432573232855501699e-02,-9.645174826258308426e-11
5.610260432330236302e-01,-3.805063769847835120e-01,-2.122761084775658461e-02,-3.301882711629116063e-01,1.081793163247836434e-09,-1.261835667740117017e+00,3.805063764658318526e-01,-1.034493098874249150e-14,2.043131579404096592e-04,-2.997125523735285485e-02,1.038982308124188189e-11,3.017556839524154766e-02,-3.425747246322544148e-11,-3.926091093729961379e-14,1.552053829810205645e-03,-8.283006338162247906e-02,3.022687414937329638e-11,8.438211721102123475e-02,-9.651594214208134026e-11
5.626063982843841904e-01,-3.805063769847835120e-01,-2.122728601600795337e-02,-3.302357398394058507e-01,1.081809620618083594e-09,-1.261787874231874218e+00,3.805063764657775627e-01,-1.040323224125138310e-14,2.067778693242277590e-04,-3.010218821681247617e-02,1.043762019474723935e-11,3.030896608608435461e-02,-3.441005186767273624e-11,-3.450006512267726043e-14,1.567150964773353448e-03,-8.287048806258572042e-02,3.026217514299827581e-11,8.443763902696969914e-02,-9.657895615859989721e-11
5.641867533357448616e-01,-3.805063769847835675e-01,-2.122695727024276682e-02,-3.302834154865728067e-01,1.081826153568739840e-09,-1.261739869838942152e+00,3.805063764657230507e-01,-1.045390733233934413e-14,2.092665245169245483e-04,-3.023318431556875491e-02,1.048547293927040908e-11,3.044245084003273719e-02,-3.456272992330504841e-11,-2.960944929567249927e-14,1.582355714155370390e-03,-8.290994342793221727e-02,3.029727742880257760e-11,8.449229914172096123e-02,-9.664078874175042426e-11
5.657671083871055329e-01,-3.805063769847835675e-01,-2.122662457248674500e-02,-3.303312982029532052e-01,1.081842762187474942e-09,-1.261691654424805797e+00,3.805063764656683722e-01,-1.049674993760849168e-14,2.117792939421450583e-04,-3.036424200248308281e-02,1.053338100120989853e-11,3.057602129637172067e-02,-3.471550476178761006e-11,-2.458749092546911559e-14,1.597668526755786998e-03,-8.294843039422465647e-02,3.033218154734197243e-11,8.454609892063721932e-02,-9.670143830643815936e-11
5.673474634384660931e-01,-3.805063769847835120e-01,-2.122628788449570578e-02,-3.303793880846693787e-01,1.081859446561461950e-09,-1.261643227855098859e+00,3.805063764656133607e-01,-1.053155124226964146e-14,2.143163487326518182e-04,-3.049535974786548448e-02,1.058134406781680088e-11,3.070967609654411470e-02,-3.486837451226905320e-11,-1.943261086784419212e-14,1.613089851187253770e-03,-8.298594987825309854e-02,3.036688803705420917e-11,8.459903972912123649e-02,-9.676090325298734346e-11
5.689278184898267643e-01,-3.805063769847835675e-01,-2.122594716775444770e-02,-3.304276852254272034e-01,1.081876206777381739e-09,-1.261594589997599991e+00,3.805063764655581271e-01,-1.055809993074214075e-14,2.168778607300137970e-04,-3.062653602347509968e-02,1.062936182719147175e-11,3.084341388415060697e-02,-3.502133730135861704e-11,-1.414322343032255148e-14,1.628620135855250554e-03,-8.302250279705447600e-02,3.040139743425330865e-11,8.465112293261539689e-02,-9.681918196726872265e-11
5.705081735411874355e-01,-3.805063769847835675e-01,-2.122560238347566408e-02,-3.304761897165186535e-01,1.081893042921422189e-09,-1.261545740722229469e+00,3.805063764655026715e-01,-1.057618217635731034e-14,2.194640024842625767e-04,-3.075776930252047819e-02,1.067743396828014459e-11,3.097723330494978750e-02,-3.517439125310323253e-11,-8.717736438100173842e-15,1.644259828937599029e-03,-8.305809006793211935e-02,3.043571027312383798e-11,8.470234989660085922e-02,-9.687627282082839444e-11
5.720885285925479957e-01,-3.805063769847836230e-01,-2.122525349259877028e-02,-3.305249016468239098e-01,1.081909955079280449e-09,-1.261496679901047635e+00,3.805063764654468828e-01,-1.058558163116663459e-14,2.220749472535162960e-04,-3.088905805966006210e-02,1.072556018087156375e-11,3.111113300685821800e-02,-3.532753448896508508e-11,-3.154551300736305923e-15,1.660009378363801278e-03,-8.309271260847525542e-02,3.046982708571511384e-11,8.475272198659636325e-02,-9.693217417101792075e-11
5.736688836439086669e-01,-3.805063769847836785e-01,-2.122490045578882822e-02,-3.305738211028135809e-01,1.081926943336164397e-09,-1.261447407408248234e+00,3.805063764653909830e-01,-1.058607941585601224e-14,2.247108690035709338e-04,-3.102040077100264720e-02,1.077374015559361440e-11,3.124511163995049440e-02,-3.548076512779926774e-11,2.547936920388553346e-15,1.675869231794197521e-03,-8.312637133657911626e-02,3.050374840193557379e-11,8.480224056815752198e-02,-9.698688436112675428e-11
5.752492386952692272e-01,-3.805063769847836230e-01,-2.122454323343541532e-02,-3.306229481685515337e-01,1.081944007776792835e-09,-1.261397923120156861e+00,3.805063764653348057e-01,-1.057745410976716138e-14,2.273719424074580086e-04,-3.115179591410789303e-02,1.082197358390992490e-11,3.137916785645931267e-02,-3.563408128583164769e-11,8.391339443854091672e-15,1.691839836598932594e-03,-8.315906717046490926e-02,3.053747474954698598e-11,8.485090700687566989e-02,-9.704040172051520783e-11
5.768295937466298984e-01,-3.805063769847836785e-01,-2.122418178565150040e-02,-3.306722829256962259e-01,1.081961148485398807e-09,-1.261348226915228299e+00,3.805063764652783509e-01,-1.055948174102746435e-14,2.300583428449697249e-04,-3.128324196798683288e-02,1.087026015811647899e-11,3.151330031077548971e-02,-3.578748107663697176e-11,1.437727369922210697e-14,1.707921639836750688e-03,-8.319080102869993998e-02,3.057100665415872999e-11,8.489872266837686365e-02,-9.709272456474976295e-11
5.784099487979905696e-01,-3.805063769847836785e-01,-2.122381607227232306e-02,-3.307218254535041480e-01,1.081978365545728766e-09,-1.261298318674041186e+00,3.805063764652216740e-01,-1.053193577678943125e-14,2.327702464021495072e-04,-3.141473741310248785e-02,1.091859957133820684e-11,3.164750765944809863e-02,-3.594096261111720469e-11,2.050736325730166085e-14,1.724115088233606641e-03,-8.322157383021816512e-02,3.060434463922205178e-11,8.494568891832104951e-02,-9.714385119573942550e-11
5.799903038493511298e-01,-3.805063769847837341e-01,-2.122344605285429731e-02,-3.307715758288310437e-01,1.081995659041045058e-09,-1.261248198279296462e+00,3.805063764651647751e-01,-1.049458711358092259e-14,2.355078298707494373e-04,-3.154628073137038385e-02,1.096699151752556809e-11,3.178178856118440282e-02,-3.609452399747998362e-11,2.678323775966247930e-14,1.740420628161094222e-03,-8.325138649434056515e-02,3.063748922602437686e-11,8.499180712240074487e-02,-9.719377990187374849e-11
5.815706589007118010e-01,-3.805063769847836785e-01,-2.122307168667389790e-02,-3.308215341261349085e-01,1.082013029054127576e-09,-1.261197865615812264e+00,3.805063764651075986e-01,-1.044720406776737286e-14,2.382712707476524025e-04,-3.167787040615919342e-02,1.101543569145110907e-11,3.191614167684998782e-02,-3.624816334121738927e-11,3.320653284739862300e-14,1.756838705614694861e-03,-8.328023994079594705e-02,3.067044093368349413e-11,8.503707864634034441e-02,-9.724250895816241877e-11
5.831510139520724723e-01,-3.805063769847836785e-01,-2.122269293272650154e-02,-3.308717004174782095e-01,1.082030475667273140e-09,-1.261147320570521702e+00,3.805063764650502001e-01,-1.038955236612726147e-14,2.410607472342615808e-04,-3.180950492229152327e-02,1.106393178870608781e-11,3.205056566946883762e-02,-3.640187874508500152e-11,3.977889008914443122e-14,1.773369766191862460e-03,-8.330813508974199699e-02,3.070320027914195953e-11,8.508150485589491274e-02,-9.729003662637622678e-11
5.847313690034330325e-01,-3.805063769847837896e-01,-2.122230974972534601e-02,-3.309220747725296619e-01,1.082047998962300251e-09,-1.261096563032469087e+00,3.805063764649925240e-01,-1.032139513654176014e-14,2.438764382358526300e-04,-3.194118276604440698e-02,1.111247950569695205e-11,3.218505920422326527e-02,-3.655566830908092256e-11,4.650195690834912886e-14,1.790014255069903061e-03,-8.333507286178601370e-02,3.073576777716119588e-11,8.512508711684910190e-02,-9.733636115518953539e-11
5.863117240547937037e-01,-3.805063769847837341e-01,-2.122192209610034019e-02,-3.309726572585673376e-01,1.082065599020546408e-09,-1.261045592892806599e+00,3.805063764649346814e-01,-1.024249289880008575e-14,2.467185233608932974e-04,-3.207290242515017237e-02,1.116107853964195300e-11,3.231962094845408640e-02,-3.670953013042534300e-11,5.337738650981027029e-14,1.806772616983705988e-03,-8.336105417800640516e-02,3.076814394031590299e-11,8.516782679501620767e-02,-9.738148078032433867e-11
5.878920791061543749e-01,-3.805063769847837896e-01,-2.122152992999702323e-02,-3.310234479404802754e-01,1.082083275922871616e-09,-1.260994410044790515e+00,3.805063764648765612e-01,-1.015260355552142473e-14,2.495871829203257040e-04,-3.220466238879719084e-02,1.120972858856765402e-11,3.245424957166060526e-02,-3.686346230354013374e-11,6.040683780547118548e-14,1.823645296203281994e-03,-8.338607995997399103e-02,3.080032927898822211e-11,8.520972525623707328e-02,-9.742539372469569050e-11
5.894724341575149351e-01,-3.805063769847837896e-01,-2.122113320927541610e-02,-3.310744468807710339e-01,1.082101029749660047e-09,-1.260943014383778094e+00,3.805063764648181079e-01,-1.005148238319472589e-14,2.524825979268139633e-04,-3.233646114763059215e-02,1.125842935130545716e-11,3.258894374550062173e-02,-3.701746292002865113e-11,6.759197533948465920e-14,1.840632736511125123e-03,-8.341015112977356871e-02,3.083232430136205556e-11,8.525078386637902073e-02,-9.746809819855865842e-11
5.910527892088756063e-01,-3.805063769847837896e-01,-2.122073189150891839e-02,-3.311256541395582453e-01,1.082118860580820243e-09,-1.260891405807224475e+00,3.805063764647595437e-01,-9.938882023337492921e-15,2.554049500939561826e-04,-3.246829719375318724e-02,1.130718052748814897e-11,3.272370214379053538e-02,-3.717153006865598806e-11,7.493446921254981060e-14,1.857735381179416488e-03,-8.343326861002567374e-02,3.086412951341732815e-11,8.529100399133469901e-02,-9.750959239965682838e-11
5.926331442602361665e-01,-3.805063769847838451e-01,-2.122032593398319802e-02,-3.311770697745782810e-01,1.082136768495785945e-09,-1.260839584214678899e+00,3.805063764647007019e-01,-9.814552473774791384e-15,2.583544218354594398e-04,-3.260016902072630091e-02,1.135598181754639797e-11,3.285852344250538709e-02,-3.732566183532922499e-11,8.243599500551846242e-14,1.874953672947032250e-03,-8.345543332390834013e-02,3.089574541892420339e-11,8.533038699702111263e-02,-9.754987451337189522e-11
5.942134993115968378e-01,-3.805063769847837896e-01,-2.121991529369510882e-02,-3.312286938411884152e-01,1.082154753573518986e-09,-1.260787549507780714e+00,3.805063764646415270e-01,-9.678241080039410568e-15,2.613311962642786554e-04,-3.273207512357061144e-02,1.140483292270524554e-11,3.299340631977881050e-02,-3.747985630307798479e-11,9.009823370228369714e-14,1.892288053996394595e-03,-8.347664619517934648e-02,3.092717251943740952e-11,8.536893424937844199e-02,-9.758894271287526932e-11
5.957938543629575090e-01,-3.805063769847839006e-01,-2.121949992735154555e-02,-3.312805263923683796e-01,1.082172815892509502e-09,-1.260735301590257373e+00,3.805063764645821300e-01,-9.529692526894622208e-15,2.643354571917191985e-04,-3.286401399876719837e-02,1.145373354498062759e-11,3.312834945590317770e-02,-3.763411155203538812e-11,9.792287161194686424e-14,1.909738965930147950e-03,-8.349690814819842044e-02,3.095841131429048162e-11,8.540664711436904422e-02,-9.762679515928085945e-11
5.973742094143180692e-01,-3.805063769847839006e-01,-2.121907979136838929e-02,-3.313325674787230279e-01,1.082190955530776753e-09,-1.260682840367919555e+00,3.805063764645225666e-01,-9.368648829980414859e-15,2.673673891265013289e-04,-3.299598414425838205e-02,1.150268338717583320e-11,3.326335153332956457e-02,-3.778842565941895082e-11,1.059116002902694503e-13,1.927306849747653476e-03,-8.351622010794930440e-02,3.098946230058994540e-11,8.544352695797607922e-02,-9.766343000179876038e-11
5.989545644656787404e-01,-3.805063769847839006e-01,-2.121865484186936934e-02,-3.313848171484845007e-01,1.082209172565871818e-09,-1.260630165748658937e+00,3.805063764644627811e-01,-9.194849327584406177e-15,2.704271772737891315e-04,-3.312798405944885477e-02,1.155168215287799716e-11,3.339841123666778544e-02,-3.794279669951203044e-11,1.140661164604168171e-13,1.944992145821332861e-03,-8.353458300006287585e-02,3.102032597320972090e-11,8.547957514620280195e-02,-9.769884537789166754e-11
6.005349195170394117e-01,-3.805063769847839006e-01,-2.121822503468498086e-02,-3.314372754475149452e-01,1.082227467074877383e-09,-1.260577277642444205e+00,3.805063764644026625e-01,-9.008030672538660535e-15,2.735150075341803645e-04,-3.326001224520662436e-02,1.160072954645457316e-11,3.353352725268648332e-02,-3.809722274364534396e-11,1.223881219329906144e-13,1.962795293872823463e-03,-8.355199775083915759e-02,3.105100282478524170e-11,8.551479304507091095e-02,-9.773303941343109781e-11
6.021152745683999719e-01,-3.805063769847839006e-01,-2.121779032535136417e-02,-3.314899424193081812e-01,1.082245839134409192e-09,-1.260524175961317717e+00,3.805063764643423774e-01,-8.807926824243346023e-15,2.766310665026585789e-04,-3.339206720386414529e-02,1.164982527304976979e-11,3.366869827031308132e-02,-3.825170186017873747e-11,1.308793235253591442e-13,1.980716732948975805e-03,-8.356846528727077117e-02,3.108149334570778099e-11,8.554918202061989607e-02,-9.776601022285650551e-11
6.036956296197606431e-01,-3.805063769847839561e-01,-2.121735066910925005e-02,-3.315428181049923095e-01,1.082264288820618938e-09,-1.260470860619391509e+00,3.805063764642817592e-01,-8.594269040818477205e-15,2.797755414675084820e-04,-3.352414743921938028e-02,1.169896903858100756e-11,3.380392298063383816e-02,-3.840623211448327258e-11,1.395414329802886176e-13,1.998756901397681293e-03,-8.358398653706571035e-02,3.111179802411874532e-11,8.558274343890566460e-02,-9.779775590933481192e-11
6.052759846711213143e-01,-3.805063769847839006e-01,-2.121690602090281833e-02,-3.315959025433323770e-01,1.082282816209192614e-09,-1.260417331532844853e+00,3.805063764642209190e-01,-8.366785871384807034e-15,2.829486204091917825e-04,-3.365625145653702160e-02,1.174816054973537269e-11,3.393920007689389673e-02,-3.856081156892355187e-11,1.483761668838786999e-13,2.016916236843533609e-03,-8.359856242867035048e-02,3.114191734590379386e-11,8.561547866599916734e-02,-9.782827456492153746e-11
6.068563397224818745e-01,-3.805063769847839561e-01,-2.121645633537864659e-02,-3.316491957707320415e-01,1.082301421375354438e-09,-1.260363588619921371e+00,3.805063764641599122e-01,-8.125203148474902902e-15,2.861504919991847634e-04,-3.378837776254960124e-02,1.179739951396602892e-11,3.407452825449727024e-02,-3.871543828284026411e-11,1.573852465828052962e-13,2.035195176163325306e-03,-8.361219389129320723e-02,3.117185179468729371e-11,8.564738906798567697e-02,-9.785756427072384675e-11
6.084366947738425457e-01,-3.805063769847840116e-01,-2.121600156688458264e-02,-3.317026978212365140e-01,1.082320104393866029e-09,-1.260309631800923036e+00,3.805063764640985724e-01,-7.869243980575643759e-15,2.893813455987767689e-04,-3.392052486545876766e-02,1.184668563948865022e-11,3.420990621100689771e-02,-3.887011031253303960e-11,1.665703981008749459e-13,2.053594155461377878e-03,-8.362488185492802928e-02,3.120160185182638744e-11,8.567847601096334476e-02,-9.788562309706427871e-11
6.100170498252032170e-01,-3.805063769847839561e-01,-2.121554166946867936e-02,-3.317564087265343353e-01,1.082338865339029505e-09,-1.260255460998209287e+00,3.805063764640370660e-01,-7.598628744803058121e-15,2.926413712578304735e-04,-3.405269127493653486e-02,1.189601863527784235e-11,3.434533264614465786e-02,-3.902482571124353181e-11,1.759333520548993582e-13,2.072113610044711354e-03,-8.363662725037754320e-02,3.123116799640534503e-11,8.570874086104189604e-02,-9.791244910364606630e-11
6.115974048765637772e-01,-3.805063769847840116e-01,-2.121507659687810535e-02,-3.318103285159600957e-01,1.082357704284686451e-09,-1.260201076136193032e+00,3.805063764639752266e-01,-7.313075079710643652e-15,2.959307597135014934e-04,-3.418487550212653131e-02,1.194539821106351095e-11,3.448080626179134828e-02,-3.917958252913869924e-11,1.854758435698854173e-13,2.090753974398047374e-03,-8.364743100927742037e-02,3.126055070522980592e-11,8.573818498434175595e-02,-9.793804033972016243e-11
6.131777599279244484e-01,-3.805063769847840116e-01,-2.121460630255804156e-02,-3.318644572164967110e-01,1.082376621304221232e-09,-1.260146477141336430e+00,3.805063764639132207e-01,-7.012297878232315318e-15,2.992497023889192378e-04,-3.431707605964541552e-02,1.199482407732729437e-11,3.461632576198674094e-02,-3.933437881329452675e-11,1.951996121935539630e-13,2.109515682158656993e-03,-8.365729406412013291e-02,3.128975045282102748e-11,8.576680974699263382e-02,-9.796239484425326098e-11
6.147581149792850086e-01,-3.805063769847840116e-01,-2.121413073971349303e-02,-3.319187948528390941e-01,1.082395616470541751e-09,-1.260091663942149554e+00,3.805063764638508816e-01,-6.697258491124372680e-15,3.025980685762283602e-04,-3.444929177816992427e-02,1.204429584605664858e-11,3.475188984669973224e-02,-3.948921492942949637e-11,2.008272458956340729e-13,2.127293364920886196e-03,-8.366730180912086701e-02,3.131842775806786752e-11,8.579459517478667252e-02,-9.799346377309590386e-11
6.163384700306456798e-01,-3.805063769847840116e-01,-2.121364986420453541e-02,-3.319733414502374358e-01,1.082414689855189827e-09,-1.260036636469242133e+00,3.805063764637883761e-01,-6.381180633207569154e-15,3.059725587500580529e-04,-3.458152459818662067e-02,1.209381215559279811e-11,3.488749715689143382e-02,-3.964411403577581502e-11,1.991669869127570245e-13,2.143262202415125838e-03,-8.367826450454758647e-02,3.134632938596274605e-11,8.582152670770917813e-02,-9.803718051149371579e-11
6.179188250820063510e-01,-3.805063769847840116e-01,-2.121316363584007866e-02,-3.320280970357689099e-01,1.082433841527946002e-09,-1.259981394655346199e+00,3.805063764637255930e-01,-6.067795274144953441e-15,3.093723264266468671e-04,-3.471377405662637999e-02,1.214337239893991428e-11,3.502314638300896288e-02,-3.979908164960066466e-11,1.974196131986150504e-13,2.159282967005037024e-03,-8.368835864602659769e-02,3.137402772366857046e-11,8.584764161377952951e-02,-9.808016314822890067e-11
6.194991801333669112e-01,-3.805063769847840671e-01,-2.121267201460796600e-02,-3.320830616346442388e-01,1.082453071557986770e-09,-1.259925938435239035e+00,3.805063764636625878e-01,-5.757240902414216784e-15,3.127974534396986243e-04,-3.484603878216363526e-02,1.219297625502024746e-11,3.515883623556044502e-02,-3.995411661327882070e-11,1.955840912506846097e-13,2.175355367736311798e-03,-8.369758587675377171e-02,3.140152301487287199e-11,8.587294124523919825e-02,-9.812241486802352490e-11
6.210795351847275825e-01,-3.805063769847840671e-01,-2.121217496036709171e-02,-3.321382352699089879e-01,1.082472380013982805e-09,-1.259870267745733408e+00,3.805063764635993051e-01,-5.449657642050896279e-15,3.162480211609388714e-04,-3.497831740607180301e-02,1.224262340313891307e-11,3.529456542719103945e-02,-4.010921777422066272e-11,1.936593847186968290e-13,2.191479110913265201e-03,-8.370594784263547805e-02,3.142881550040723741e-11,8.589742695429895825e-02,-9.816393885887575541e-11
6.226598902360882537e-01,-3.805063769847840671e-01,-2.121167243284810544e-02,-3.321936179624475072e-01,1.082491766964097926e-09,-1.259814382525675791e+00,3.805063764635358003e-01,-5.145187257108379858e-15,3.197241104957904861e-04,-3.511060856222756460e-02,1.229231352297937282e-11,3.543033267268284187e-02,-4.026438398487729261e-11,1.916444544559924737e-13,2.207653900109114373e-03,-8.371344619227760742e-02,3.145590541825267279e-11,8.592110009313787267e-02,-9.820473831197407840e-11
6.242402452874488139e-01,-3.805063769847840671e-01,-2.121116439165418241e-02,-3.322492097309877601e-01,1.082511232475989095e-09,-1.259758282715941924e+00,3.805063764634720180e-01,-4.843973156036318608e-15,3.232258018790649490e-04,-3.524291088711509201e-02,1.234204629459892559e-11,3.556613668895482888e-02,-4.041961410274544599e-11,1.895382585712534516e-13,2.223879436176372151e-03,-8.372008257697485800e-02,3.148279300354522573e-11,8.594396201390316903e-02,-9.824481642161135018e-11
6.258206003388094851e-01,-3.805063769847840671e-01,-2.121065079626174160e-02,-3.323050105921043773e-01,1.082530776616809523e-09,-1.259701968259433036e+00,3.805063764634080137e-01,-4.546160395977055928e-15,3.267531752706720471e-04,-3.537522301983029444e-02,1.239182139842422578e-11,3.570197619506282338e-02,-4.057490699037239064e-11,1.873397524806135259e-13,2.240155417257360358e-03,-8.372585865069953615e-02,3.150947848858150420e-11,8.596601406870943429e-02,-9.828417638509776217e-11
6.274009553901701564e-01,-3.805063769847841226e-01,-2.121013160602122985e-02,-3.323610205602235967e-01,1.082550399453206187e-09,-1.259645439101073405e+00,3.805063764633437873e-01,-4.251895686979382483e-15,3.303063101513445399e-04,-3.550754360208508570e-02,1.244163851524680492e-11,3.583784991219948063e-02,-4.073026151536062464e-11,1.850478889601409908e-13,2.256481538794820677e-03,-8.373077607009030143e-02,3.153596210282440220e-11,8.598725760963811526e-02,-9.832282140267349588e-11
6.289813104415307166e-01,-3.805063769847841226e-01,-2.120960678015786430e-02,-3.324172396476271496e-01,1.082570101051322722e-09,-1.259588695187806362e+00,3.805063764632793388e-01,-3.961327396129050560e-15,3.338852855183804423e-04,-3.563987127821152678e-02,1.249149732621858195e-11,3.597375656369414254e-02,-4.088567655037236128e-11,1.826616181986924537e-13,2.272857493542640873e-03,-8.373483649444116161e-02,3.156224407290888998e-11,8.600769398873706062e-02,-9.836075467742069274e-11
6.305616654928913878e-01,-3.805063769847840671e-01,-2.120907627777239568e-02,-3.324736678644564791e-01,1.082589881476799425e-09,-1.259531736468591623e+00,3.805063764632146128e-01,-3.674605551595499560e-15,3.374901798814024397e-04,-3.577220469516605855e-02,1.254139751284742841e-11,3.610969487501289321e-02,-4.104115097313410432e-11,1.801798878511365608e-13,2.289282971576690317e-03,-8.373804158568962097e-02,3.158832462264776560e-11,8.602732455801967437e-02,-9.839797941517477777e-11
6.321420205442520590e-01,-3.805063769847840671e-01,-2.120854005784189936e-02,-3.325303052187165709e-01,1.082609740794772428e-09,-1.259474562894401073e+00,3.805063764631495538e-01,-3.391881846594167459e-15,3.411210712581341071e-04,-3.590454250253366508e-02,1.259133875699267393e-11,3.624566357375842707e-02,-4.119668366644074519e-11,1.776016430919412552e-13,2.305757660305760882e-03,-8.374039300840557809e-02,3.161420397303763901e-11,8.604615066946463831e-02,-9.843449882443531796e-11
6.337223755956126192e-01,-3.805063769847840671e-01,-2.120799807922053512e-02,-3.325871517162806157e-01,1.082629679069876382e-09,-1.259417174418215657e+00,3.805063764630843837e-01,-3.113309643263755173e-15,3.447780371701935297e-04,-3.603688335253199537e-02,1.264132074086068430e-11,3.638166138967000030e-02,-4.135227351815982165e-11,1.749258266691239110e-13,2.322281244482612798e-03,-8.374189242977964076e-02,3.163988234226498726e-11,8.606417367501528748e-02,-9.847031611627638947e-11
6.353027306469732904e-01,-3.805063769847841226e-01,-2.120745030064036252e-02,-3.326442073608936734e-01,1.082649696366243635e-09,-1.259359570995022493e+00,3.805063764630189360e-01,-2.839043976458097123e-15,3.484611546389051388e-04,-3.616922590001551280e-02,1.269134314700042673e-11,3.651768705462341696e-02,-4.150791942123549212e-11,1.721513789585640411e-13,2.338853406215135860e-03,-8.374254151961108006e-02,3.166535994571208055e-11,8.608139492657881919e-02,-9.850543450425588506e-11
6.368830856983338506e-01,-3.805063769847841226e-01,-2.120689668071209719e-02,-3.327014721541773357e-01,1.082669792747505055e-09,-1.259301752581810652e+00,3.805063764629531553e-01,-2.569241557451805755e-15,3.521705001811281893e-04,-3.630156880247960988e-02,1.274140565829903184e-11,3.665373930263093188e-02,-4.166362027369236144e-11,1.692772380186698932e-13,2.355473824977603013e-03,-8.374234195029633954e-02,3.169063699596328938e-11,8.609781577602595992e-02,-9.853985720432486025e-11
6.384634407496945219e-01,-3.805063769847841226e-01,-2.120633717792595047e-02,-3.327589460956334455e-01,1.082689968276790653e-09,-1.259243719137568718e+00,3.805063764628872081e-01,-2.304060777559255751e-15,3.559061498051039945e-04,-3.643391072006473691e-02,1.279150795797738629e-11,3.678981686984121591e-02,-4.181937497863923543e-11,1.663023396454012837e-13,2.372142177622044504e-03,-8.374129539681697543e-02,3.171571370281126266e-11,8.611343757519024367e-02,-9.857358743473598766e-11
6.400437958010551931e-01,-3.805063769847841226e-01,-2.120577175065241349e-02,-3.328166291826485934e-01,1.082710223016729994e-09,-1.259185470623279901e+00,3.805063764628210388e-01,-2.043661711666307586e-15,3.596681790063209960e-04,-3.656625031556040573e-02,1.284164972958571741e-11,3.692591849453930042e-02,-4.197518244427262999e-11,1.632256174276419788e-13,2.388858138389710929e-03,-8.373940353672752746e-02,3.174059027326319609e-11,8.612826167586752624e-02,-9.860662841595132644e-11
6.416241508524157533e-01,-3.805063769847840671e-01,-2.120520035714306903e-02,-3.328745214104981698e-01,1.082730557029453237e-09,-1.259127007001920928e+00,3.805063764627545364e-01,-1.788206121674355920e-15,3.634566627633975598e-04,-3.669858625440926975e-02,1.289183065699919883e-11,3.706204291714642468e-02,-4.213104158388022198e-11,1.600460028029227837e-13,2.405621378922650350e-03,-8.373666805014351455e-02,3.176526691154733335e-11,8.614228942981529136e-02,-9.863898337055006572e-11
6.432045059037764245e-01,-3.805063769847841226e-01,-2.120462295553141724e-02,-3.329326227723505283e-01,1.082750970376590298e-09,-1.259068328238456935e+00,3.805063764626878675e-01,-1.537857459855965407e-15,3.672716755339840719e-04,-3.683091720471125957e-02,1.294205042441358025e-11,3.719818888022018155e-02,-4.228695131584416441e-11,1.567624251134897373e-13,2.422431568275388615e-03,-8.373309061972883383e-02,3.178974381911926040e-11,8.615552218875201229e-02,-9.867065552313482059e-11
6.447848609551370958e-01,-3.805063769847841226e-01,-2.120403950383371872e-02,-3.329909332592713711e-01,1.082771463119273755e-09,-1.259009434299838359e+00,3.805063764626209211e-01,-1.292780872121595371e-15,3.711132912506824892e-04,-3.696324183722742712e-02,1.299230871634078181e-11,3.733435512845422605e-02,-4.244291056364411727e-11,1.533738116627125635e-13,2.439288372926704668e-03,-8.372867293068389505e-02,3.181402119466865219e-11,8.616796130435681877e-02,-9.870164810023849671e-11
6.463652160064976560e-01,-3.805063769847841226e-01,-2.120344995994980289e-02,-3.330494528602278015e-01,1.082792035318135947e-09,-1.258950325154998273e+00,3.805063764625536971e-01,-1.053143201196969226e-15,3.749815833169850804e-04,-3.709555882538407429e-02,1.304260521760454000e-11,3.747054040867835167e-02,-4.259891825586027192e-11,1.498790877718348964e-13,2.456191456791509929e-03,-8.372341667073274207e-02,3.183809923412573498e-11,8.617960812826876149e-02,-9.873196433022966864e-11
6.479455710578583272e-01,-3.805063769847841226e-01,-2.120285428166390068e-02,-3.331081815620925424e-01,1.082812687033313110e-09,-1.258891000774847724e+00,3.805063764624861955e-01,-8.191129897104766744e-16,3.788766246032330086e-04,-3.722786684527670809e-02,1.309293961333606990e-11,3.760674346985842798e-02,-4.275497332617621390e-11,1.462771768370614296e-13,2.473140481232836974e-03,-8.371732353011053507e-02,3.186197813066802658e-11,8.619046401208596553e-02,-9.876160744321775129e-11
6.495259261092189984e-01,-3.805063769847841226e-01,-2.120225242664552923e-02,-3.331671193496480443e-01,1.082833418324442693e-09,-1.258831461132273732e+00,3.805063764624185274e-01,-5.908604831900821216e-16,3.827984874425915561e-04,-3.736016457567394727e-02,1.314331158896968686e-11,3.774296306309618543e-02,-4.291107471338150143e-11,1.425670003869762116e-13,2.490135105073914938e-03,-8.371039520155112990e-02,3.188565807472714123e-11,8.620053030736549160e-02,-9.879058067095800343e-11
6.511062811605795586e-01,-3.805063769847841226e-01,-2.120164435245031065e-02,-3.332262662055911484e-01,1.082854229250666454e-09,-1.258771706202135521e+00,3.805063764623505818e-01,-3.685576329692619950e-16,3.867472436270474119e-04,-3.749245069802153302e-02,1.319372083023851071e-11,3.787919794162938891e-02,-4.306722136137432786e-11,1.387474781402950388e-13,2.507174984610356389e-03,-8.370263338027378319e-02,3.190913925399555565e-11,8.620980836562228133e-02,-9.881888724675519990e-11
6.526866362119402298e-01,-3.805063769847841781e-01,-2.120103001652084290e-02,-3.332856221105369166e-01,1.082875119870629017e-09,-1.258711735961260292e+00,3.805063764622824141e-01,-1.523780990013572107e-16,3.907229644034225491e-04,-3.762472389644615223e-02,1.324416702317009877e-11,3.801544686083155322e-02,-4.322341221916374476e-11,1.348175280639413197e-13,2.524259773622432659e-03,-8.369403976397085665e-02,3.193242185343357545e-11,8.621829953832889359e-02,-9.884653040536767870e-11
6.542669912633007900e-01,-3.805063769847841781e-01,-2.120040937618756019e-02,-3.333451870430227948e-01,1.082896090242478906e-09,-1.258651550388441009e+00,3.805063764622139688e-01,5.750274741804209338e-17,3.947257204694094596e-04,-3.775698285775947599e-02,1.329464985408218238e-11,3.815170857821202632e-02,-4.337964624087199480e-11,1.307760664314499789e-13,2.541389123387458038e-03,-8.368461605279446658e-02,3.195550605527635971e-11,8.622600517691479671e-02,-9.887351338291016013e-11
6.558473463146614613e-01,-3.805063769847841226e-01,-2.119978238866960726e-02,-3.334049609795133873e-01,1.082917140423869987e-09,-1.258591149464432846e+00,3.805063764621453570e-01,2.609078210213487468e-16,3.987555819696257968e-04,-3.788922627146189270e-02,1.334516900957831448e-11,3.828798185341580895e-02,-4.353592238573652799e-11,1.266220078816892785e-13,2.558562682692260698e-03,-8.367436394934335553e-02,3.197839203904084218e-11,8.623292663276556358e-02,-9.889983941675642389e-11
6.574277013660221325e-01,-3.805063769847841781e-01,-2.119914901107571026e-02,-3.334649438944040645e-01,1.082938270471960443e-09,-1.258530533171948074e+00,3.805063764620764122e-01,4.576583200321936427e-16,4.028126184916880456e-04,-3.802145282974646323e-02,1.339572417654363351e-11,3.842426544822359624e-02,-4.369223961811195982e-11,1.223542654779038382e-13,2.575780097845759009e-03,-8.366328515864995818e-02,3.200107998153304015e-11,8.623906525722253857e-02,-9.892551174544139150e-11
6.590080564173826927e-01,-3.805063769847841781e-01,-2.119850920040507181e-02,-3.335251357600256816e-01,1.082959480443413591e-09,-1.258469701495655624e+00,3.805063764620072453e-01,6.475737237222296401e-16,4.068968990623043837e-04,-3.815366122750265404e-02,1.344631504214052723e-11,3.856055812655154180e-02,-4.384859690747168681e-11,1.179717507670710793e-13,2.593041012691625017e-03,-8.365138138816696767e-02,3.202357005685513075e-11,8.624442240158201878e-02,-9.895053360856267895e-11
6.605884114687432529e-01,-3.805063769847841226e-01,-2.119786291354824881e-02,-3.335855365466487976e-01,1.082980770394399338e-09,-1.258408654422175754e+00,3.805063764619377453e-01,8.304717900621067591e-16,4.110084921433919901e-04,-3.828585016232031318e-02,1.349694129380441599e-11,3.869685865445143119e-02,-4.400499322840973474e-11,1.134733738395673191e-13,2.610345068621058081e-03,-8.363865434775390184e-02,3.204586243641279864e-11,8.624899941709483764e-02,-9.897490824668173567e-11
6.621687665201039241e-01,-3.805063769847841226e-01,-2.119721010728805102e-02,-3.336461462224876162e-01,1.083002140380593351e-09,-1.258347391940076720e+00,3.805063764618680788e-01,1.006168553466717882e-15,4.151474656282077452e-04,-3.841801833449329934e-02,1.354760261923946984e-11,3.883316580011036273e-02,-4.416142756064197360e-11,1.088580433891487149e-13,2.627691904585631802e-03,-8.362510574966375287e-02,3.206795728892253200e-11,8.625279765496544904e-02,-9.899863890122424679e-11
6.637491215714645953e-01,-3.805063769847841226e-01,-2.119655073830045353e-02,-3.337069647537044270e-01,1.083023590457177674e-09,-1.258285914039872333e+00,3.805063764617982458e-01,1.174478322635742858e-15,4.193138868375052212e-04,-3.855016444702333289e-02,1.359829870641436598e-11,3.896947833385082383e-02,-4.431789888900751342e-11,1.041246667732305871e-13,2.645081157110253274e-03,-8.361073730852927599e-02,3.208985478041909300e-11,8.625581846635162198e-02,-9.902172881438045790e-11
6.653294766228251556e-01,-3.805063769847841226e-01,-2.119588476315549183e-02,-3.337679921044143239e-01,1.083045120678842182e-09,-1.258224220714017516e+00,3.805063764617280797e-01,1.335213678489584970e-15,4.235078225157095635e-04,-3.868228720562374295e-02,1.364902924355807211e-11,3.910579502813056607e-02,-4.447440620346981582e-11,9.927215007347225221e-14,2.662512460306206471e-03,-8.359555074134944475e-02,3.211155507426296888e-11,8.625806320236351077e-02,-9.904418122900456921e-11
6.669098316741858268e-01,-3.805063769847841226e-01,-2.119521213831817089e-02,-3.338292282366887576e-01,1.083066731099783542e-09,-1.258162311956905866e+00,3.805063764616576916e-01,1.488185472201216029e-15,4.277293388271125908e-04,-3.881438531872320047e-02,1.369979391915560706e-11,3.924211465754254280e-02,-4.463094849911767629e-11,9.429939815666288550e-14,2.679985445884289740e-03,-8.357954776747565651e-02,3.213305833114796522e-11,8.625953321406336360e-02,-9.906599938851419431e-11
6.684901867255463870e-01,-3.805063769847841226e-01,-2.119453282014940876e-02,-3.338906731105602543e-01,1.083088421773707281e-09,-1.258100187764865874e+00,3.805063764615869704e-01,1.633202823324666392e-15,4.319785013520911526e-04,-3.894645749746938196e-02,1.375059242194384195e-11,3.937843599881481194e-02,-4.478752477616600610e-11,8.920531473589648473e-14,2.697499743168046537e-03,-8.356273010859774364e-02,3.215436470910879276e-11,8.626022985246453723e-02,-9.908718653678857823e-11
6.700705417769070582e-01,-3.805063769847841226e-01,-2.119384676490693523e-02,-3.339523266840267457e-01,1.083110192753825722e-09,-1.258037848136156711e+00,3.805063764615160826e-01,1.770073118020215722e-15,4.362553750833434840e-04,-3.907850245573270959e-02,1.380142444090730448e-11,3.951475783081048743e-02,-4.494413403995649152e-11,8.398880243204708134e-14,2.715054979107082468e-03,-8.354509948873019287e-02,3.217547436352878985e-11,8.626015446853110835e-02,-9.910774591806716434e-11
6.716508968282677294e-01,-3.805063769847841781e-01,-2.119315392874623546e-02,-3.340141889130557873e-01,1.083132044092861702e-09,-1.257975293070966893e+00,3.805063764614449728e-01,1.898602007377118111e-15,4.405600244221491955e-04,-3.921051891010995938e-02,1.385228966527398971e-11,3.965107893452764209e-02,-4.510077530095807197e-11,7.864876283552647704e-14,2.732650778290479469e-03,-8.352665763419803158e-02,3.219638744714769671e-11,8.625930841317723530e-02,-9.912768077684720496e-11
6.732312518796282896e-01,-3.805063769847841226e-01,-2.119245426772149027e-02,-3.340762597515887777e-01,1.083153975843045268e-09,-1.257912522571409397e+00,3.805063764613735300e-01,2.018593405834061953e-15,4.448925131746484548e-04,-3.934250557992796660e-02,1.390318778451120155e-11,3.978739809309923131e-02,-4.525744757476734071e-11,7.318409656833236969e-14,2.750286762960294559e-03,-8.350740627362261692e-02,3.221710411006947484e-11,8.625769303726625592e-02,-9.914699435778098417e-11
6.748116069309889609e-01,-3.805063769847841226e-01,-2.119174773778652321e-02,-3.341385391515453440e-01,1.083175988056117185e-09,-1.257849536641517885e+00,3.805063764613018651e-01,2.129849489697965848e-15,4.492529045481447481e-04,-3.947446118724717845e-02,1.395411848832136677e-11,3.992371409179300973e-02,-4.541414988210856424e-11,6.759370334637467575e-14,2.767962553025147491e-03,-8.348734713790759154e-02,3.223762449977023633e-11,8.625530969161050721e-02,-9.916568990557289839e-11
6.763919619823496321e-01,-3.805063769847840671e-01,-2.119103429479573739e-02,-3.342010270628277269e-01,1.083198080783327498e-09,-1.257786335287244484e+00,3.805063764612299781e-01,2.232170695761476797e-15,4.536412611474269956e-04,-3.960638445686527620e-02,1.400508146663792171e-11,4.006002571801146189e-02,-4.557088124883384387e-11,6.187648204208399975e-14,2.785677766073897752e-03,-8.346648196022432575e-02,3.225794876110614733e-11,8.625215972697014566e-02,-9.918377066487546435e-11
6.779723170337101923e-01,-3.805063769847841226e-01,-2.119031389450507646e-02,-3.342637234333250551e-01,1.083220254075436972e-09,-1.257722918516456456e+00,3.805063764611578692e-01,2.325355720019596059e-15,4.580576449711147059e-04,-3.973827411632077644e-02,1.405607640962115052e-11,4.019633176129169122e-02,-4.572764070592281192e-11,5.603133074729517654e-14,2.803432017389410891e-03,-8.344481247599767892e-02,3.227807703632155119e-11,8.624824449405293914e-02,-9.920123988018559830e-11
6.795526720850708635e-01,-3.805063769847841226e-01,-2.118958649257297530e-02,-3.343266282089176200e-01,1.083242507982715440e-09,-1.257659286338931981e+00,3.805063764610854826e-01,2.409201516485966937e-15,4.625021174080252485e-04,-3.987012889589653525e-02,1.410710300765408967e-11,4.033263101330542000e-02,-4.588442728948242503e-11,5.005714683640060387e-14,2.821224919962408116e-03,-8.342234042289148332e-02,3.229800946505701411e-11,8.624356534351343417e-02,-9.921810079574004240e-11
6.811330271364315347e-01,-3.805063769847841226e-01,-2.118885204456136262e-02,-3.343897413334814273e-01,1.083264842554945527e-09,-1.257595438766356377e+00,3.805063764610128185e-01,2.483503296109119918e-15,4.669747392335613458e-04,-4.000194752862330783e-02,1.415816095133839365e-11,4.046892226785877428e-02,-4.604124004074636951e-11,4.395282702977499998e-14,2.839056084505402200e-03,-8.339906754079390305e-02,3.231774618435750644e-11,8.623812362595230374e-02,-9.923435665541036436e-11
6.827133821877920949e-01,-3.805063769847840671e-01,-2.118811050593658735e-02,-3.344530627488922492e-01,1.083287257841419960e-09,-1.257531375812320773e+00,3.805063764609398769e-01,2.548054525789168988e-15,4.714755706061221478e-04,-4.013372875028321796e-02,1.420924993149024752e-11,4.060520432089225612e-02,-4.619807800607443459e-11,3.771726745746528154e-14,2.856925119466715776e-03,-8.337499557180282073e-02,3.233728732868066161e-11,8.623192069191570885e-02,-9.925001070259785390e-11
6.842937372391527662e-01,-3.805063769847840671e-01,-2.118736183207042129e-02,-3.345165923950301767e-01,1.083309753890943014e-09,-1.257467097492316555e+00,3.805063764608668242e-01,2.602646927495430483e-15,4.760046710635371819e-04,-4.026547129941327602e-02,1.426036963913630375e-11,4.074147597048076441e-02,-4.635494023695174982e-11,3.134936372313859472e-14,2.874831631044598955e-03,-8.335012626021097437e-02,3.235663302990504791e-11,8.622495789189472959e-02,-9.926506618012759189e-11
6.858740922905134374e-01,-3.805063769847841226e-01,-2.118660597824103403e-02,-3.345803302097839493e-01,1.083332330751830931e-09,-1.257402603823733589e+00,3.805063764607934385e-01,2.647070477485204669e-15,4.805620995195200367e-04,-4.039717391730879986e-02,1.431151976550958019e-11,4.087773601683326180e-02,-4.651182578998765414e-11,2.484801096829439700e-14,2.892775223201403314e-03,-8.332446135249131636e-02,3.237578341733855013e-11,8.621723657632456017e-02,-9.927952633014233857e-11
6.874544473418739976e-01,-3.805063769847840671e-01,-2.118584289963400605e-02,-3.346442761290551737e-01,1.083354988471912533e-09,-1.257337894825855340e+00,3.805063764607197752e-01,2.681113405624329048e-15,4.851479142601468190e-04,-4.052883534802689813e-02,1.436270000204543406e-11,4.101398326229298980e-02,-4.666873372691470717e-11,1.821210393672808455e-14,2.910755497677867780e-03,-8.329800259728187273e-02,3.239473861772679653e-11,8.620875809558403713e-02,-9.929339439399615042e-11
6.890348023932346688e-01,-3.805063769847840671e-01,-2.118507255134327236e-02,-3.347084300867629869e-01,1.083377727098529022e-09,-1.257272970519856869e+00,3.805063764606458898e-01,2.704562194809745200e-15,4.897621729403568366e-04,-4.066045433838981482e-02,1.441391004037749714e-11,4.115021651133708713e-02,-4.682566311458717056e-11,1.144053703924416166e-14,2.928772054007463925e-03,-8.327075174537081070e-02,3.241349875526164383e-11,8.619952379999476499e-02,-9.930667361214707927e-11
6.906151574445952290e-01,-3.805063769847840671e-01,-2.118429488837217031e-02,-3.347727920148480529e-01,1.083400546678533769e-09,-1.257207830928800618e+00,3.805063764605717824e-01,2.717201580494578876e-15,4.944049325804758879e-04,-4.079202963798839177e-02,1.446514957233367071e-11,4.128643457057674937e-02,-4.698261302497967673e-11,4.532204418621655445e-15,2.946824489530842309e-03,-8.324271054968135353e-02,3.243206395158972694e-11,8.618953503982060282e-02,-9.931936722405019463e-11
6.921955124959559003e-01,-3.805063769847841226e-01,-2.118350986563443533e-02,-3.348373618432772814e-01,1.083423447258294176e-09,-1.257142476077633519e+00,3.805063764604973420e-01,2.718814550316031154e-15,4.990762495627608548e-04,-4.092355999918532994e-02,1.451641828993207203e-11,4.142263624875693051e-02,-4.713958253518545172e-11,-2.513999985180014342e-15,2.964912399410337372e-03,-8.321388076525666755e-02,3.245043432582113788e-11,8.617879316526709521e-02,-9.933147846804980461e-11
6.937758675473165715e-01,-3.805063769847840671e-01,-2.118271743795519316e-02,-3.349021395000481016e-01,1.083446428883690436e-09,-1.257076905993183447e+00,3.805063764604227905e-01,2.709182343826556336e-15,5.037761796279704258e-04,-4.105504417711865195e-02,1.456771588537708266e-11,4.155882035675640546e-02,-4.729657072741449931e-11,-9.699182369571231547e-15,2.983035376644575104e-03,-8.318426414924451340e-02,3.246860999453805303e-11,8.616729952648059798e-02,-9.934301058127112111e-11
6.953562225986771317e-01,-3.805063769847840671e-01,-2.118191756007200069e-02,-3.349671249111925708e-01,1.083469491600116980e-09,-1.257011120704155882e+00,3.805063764603479060e-01,2.688084452328623987e-15,5.085047778719565268e-04,-4.118648092970490088e-02,1.461904205105531267e-11,4.169498570758756184e-02,-4.745357668899160409e-11,-1.702444900364960833e-14,3.001193012083141001e-03,-8.315386246088182776e-02,3.248659107180347021e-11,8.615505547354761207e-02,-9.935396679951195087e-11
6.969365776500378029e-01,-3.805063769847840671e-01,-2.118111018663583131e-02,-3.350323180007823143e-01,1.083492635452481858e-09,-1.256945120241129921e+00,3.805063764602728549e-01,2.655298618813503725e-15,5.132620987422795503e-04,-4.131786901764249870e-02,1.467039647953165381e-11,4.183113111639640003e-02,-4.761059951235413432e-11,-2.449090616227950442e-14,3.019384894441342129e-03,-8.312267746147956882e-02,3.250437766917008148e-11,8.614206235649443655e-02,-9.936435035713393416e-11
6.985169327013984741e-01,-3.805063769847840116e-01,-2.118029527221215735e-02,-3.350977186909323557e-01,1.083515860485207357e-09,-1.256878904636556271e+00,3.805063764601974707e-01,2.610600838004373708e-15,5.180481960348472205e-04,-4.144920720441499368e-02,1.472177886354531805e-11,4.196725540046236658e-02,-4.776763829504971545e-11,-3.209966005994313086e-14,3.037610610315032503e-03,-8.309071091440686785e-02,3.252196989568904903e-11,8.612832152528605845e-02,-9.937416448695313717e-11
7.000972877527590343e-01,-3.805063769847840671e-01,-2.117947277128193542e-02,-3.351633269018059469e-01,1.083539166742230828e-09,-1.256812473924752371e+00,3.805063764601218090e-01,2.553765356504177224e-15,5.228631228905775271e-04,-4.158049425629430779e-02,1.477318889600588102e-11,4.210335737919829180e-02,-4.792469213973366458e-11,-3.985181678436818766e-14,3.055869744195529106e-03,-8.305796458507580526e-02,3.253936785791905892e-11,8.611383432982583352e-02,-9.938341242013067035e-11
7.016776428041197056e-01,-3.805063769847840671e-01,-2.117864263824265764e-02,-3.352291425516187306e-01,1.083562554267003658e-09,-1.256745828141900168e+00,3.805063764600459808e-01,2.484564673048522039e-15,5.277069317920835608e-04,-4.171172894234392858e-02,1.482462626998935938e-11,4.223943587415029260e-02,-4.808176015416626982e-11,-4.774848222992808939e-14,3.074161878484588627e-03,-8.302444024092546504e-02,3.255657165993518740e-11,8.609860211995462587e-02,-9.939209738606254412e-11
7.032579978554803768e-01,-3.805063769847840671e-01,-2.117780482740940634e-02,-3.352951655566434042e-01,1.083586023102492707e-09,-1.256678967326042340e+00,3.805063764599698195e-01,2.402769538864018876e-15,5.325796745603840433e-04,-4.184291003442212192e-02,1.487609067873428170e-11,4.237548970899763373e-02,-4.823884145120997913e-11,-5.579076203082684438e-14,3.092486593509478736e-03,-8.299013965140637772e-02,3.257358140333803872e-11,8.608262624545021113e-02,-9.940022261226977016e-11
7.048383529068409370e-01,-3.805063769847840116e-01,-2.117695929301588453e-02,-3.353613958312137711e-01,1.083609573291180525e-09,-1.256611891517078305e+00,3.805063764598934917e-01,2.308148958132406157e-15,5.374814023516361929e-04,-4.197403630718508222e-02,1.492758181563779811e-11,4.251151770955267917e-02,-4.839593514882630493e-11,-6.397976149406664686e-14,3.110843467538105308e-03,-8.295506458796463034e-02,3.259039718726284407e-11,8.606590805602659655e-02,-9.940779132428741582e-11
7.064187079582016082e-01,-3.805063769847840671e-01,-2.117610598921548445e-02,-3.354278332877294599e-01,1.083633204875065347e-09,-1.256544600756762442e+00,3.805063764598168863e-01,2.200470188560696462e-15,5.424121656538941766e-04,-4.210510653809011045e-02,1.497909937425178353e-11,4.264751870376078807e-02,-4.855304037007261867e-11,-7.231658553220674290e-14,3.129232076794229850e-03,-8.291921682402601801e-02,3.260701910838859936e-11,8.604844890133335478e-02,-9.941480674555394288e-11
7.079990630095621684e-01,-3.805063769847840116e-01,-2.117524487008233189e-02,-3.354944778366603098e-01,1.083656917895659852e-09,-1.256477095088698315e+00,3.805063764597400033e-01,2.079498742057869295e-15,5.473720142838892468e-04,-4.223611950739868809e-02,1.503064304827897319e-11,4.278349152170016906e-02,-4.871015624309872590e-11,-8.080233859590884951e-14,3.147651995472744609e-03,-8.288259813498004280e-02,3.262344726094729993e-11,8.603025013095484674e-02,-9.942127209729965446e-11
7.095794180609228397e-01,-3.805063769847840671e-01,-2.117437588961237557e-02,-3.355613293865505331e-01,1.083680712393994265e-09,-1.256409374558338010e+00,3.805063764596628983e-01,1.944998385518237977e-15,5.523609973838366572e-04,-4.236707399817956493e-02,1.508221253156907549e-11,4.291943499558176917e-02,-4.886728190114327957e-11,-8.943812460628499868e-14,3.166102795755032680e-03,-8.284521029816403759e-02,3.263968173673332385e-11,8.601131309440979145e-02,-9.942719059843560728e-11
7.111597731122835109e-01,-3.805063769847840116e-01,-2.117349900172441068e-02,-3.356283878440238233e-01,1.083704588410614500e-09,-1.256341439212976585e+00,3.805063764595856268e-01,1.796731141711881118e-15,5.573791634182661062e-04,-4.249796879631189545e-02,1.513380751811496894e-11,4.305534795974930162e-02,-4.902441648253010948e-11,-9.822504688704138217e-14,3.184584047824397073e-03,-8.280705509284665145e-02,3.265572262511258261e-11,8.599163914115016960e-02,-9.943256546544108921e-11
7.127401281636440711e-01,-3.805063769847840671e-01,-2.117261416026119253e-02,-3.356956531137869071e-01,1.083728545985582982e-09,-1.256273289101750512e+00,3.805063764595080222e-01,1.634457290282587561e-15,5.624265601708747318e-04,-4.262880269048818088e-02,1.518542770204883442e-11,4.319122925067892665e-02,-4.918155913066418973e-11,-1.071642080964235862e-13,3.203095319881554826e-03,-8.276813430021232043e-02,3.267157001303217592e-11,8.597122962056104323e-02,-9.943739991225210503e-11
7.143204832150047423e-01,-3.805063769847840116e-01,-2.117172131899050860e-02,-3.357631250986345961e-01,1.083752585158479060e-09,-1.256204924275632129e+00,3.805063764594301401e-01,1.457935368853341791e-15,5.675032347414075366e-04,-4.275957447221731544e-02,1.523707277763835861e-11,4.332707770697933475e-02,-4.933870899402754810e-11,-1.162567101589748347e-13,3.221636178160203548e-03,-8.272844970334436443e-02,3.268722398502965218e-11,8.595008588195954258e-02,-9.944169715014834990e-11
7.159008382663654135e-01,-3.805063769847840116e-01,-2.117082043160624372e-02,-3.358308036994541723e-01,1.083776705968398602e-09,-1.256136344787428305e+00,3.805063764593520359e-01,1.266922174239939310e-15,5.726092335425605811e-04,-4.289028293582763940e-02,1.528874243928293079e-11,4.346289216939151767e-02,-4.949586522617504609e-11,-1.255036541970985066e-13,3.240206186942667758e-03,-8.268800308720905545e-02,3.270268462324264388e-11,8.592820927459420000e-02,-9.944546038764073869e-11
7.174811933177259737e-01,-3.805063769847839561e-01,-2.116991145172947633e-02,-3.358986888152297179e-01,1.083800908453955223e-09,-1.256067550691775780e+00,3.805063764592736542e-01,1.061172763772827801e-15,5.777446022969100897e-04,-4.302092687846981178e-02,1.534043638150985603e-11,4.359867148078874072e-02,-4.965302698572985530e-11,-1.349061404624392907e-13,3.258804908575599867e-03,-8.264679623863918634e-02,3.271795200741840604e-11,8.590560114764447808e-02,-9.944869283035826318e-11
7.190615483690866450e-01,-3.805063769847840116e-01,-2.116899433290958879e-02,-3.359667803430465005e-01,1.083825192653279677e-09,-1.255998542045139166e+00,3.805063764591951059e-01,8.404404567275084732e-16,5.829093860338654086e-04,-4.315150510011982188e-02,1.539215429897059721e-11,4.373441448617636229e-02,-4.981019343637881100e-11,-1.444652682670836982e-13,3.277431903485754014e-03,-8.260483094631744516e-02,3.273302621492343215e-11,8.588226285021977047e-02,-9.945139768093447440e-11
7.206419034204473162e-01,-3.805063769847840116e-01,-2.116806902862533243e-02,-3.360350781780957474e-01,1.083849558604019847e-09,-1.255929318905805392e+00,3.805063764591162245e-01,6.044768358639631169e-16,5.881036290866470092e-04,-4.328201640358179253e-02,1.544389588643697851e-11,4.387012003269176452e-02,-4.996736374686761060e-11,-1.541821359145762842e-13,3.296086730195828870e-03,-8.256210900076006720e-02,3.274790732075319943e-11,8.585819573135906879e-02,-9.945357813889422356e-11
7.222222584718078764e-01,-3.805063769847839561e-01,-2.116713549228596211e-02,-3.361035822136786977e-01,1.083874006343341579e-09,-1.255859881333883266e+00,3.805063764590371767e-01,3.530317490750697788e-16,5.933273750892905122e-04,-4.341245959449104713e-02,1.549566083879751146e-11,4.400578696960428388e-02,-5.012453709099584413e-11,-1.640578406307701454e-13,3.314768945340380683e-03,-8.251863219430015384e-02,3.276259539754186230e-11,8.583340114003001897e-02,-9.945523740053935602e-11
7.238026135231685476e-01,-3.805063769847840116e-01,-2.116619367723232559e-02,-3.361722923412116537e-01,1.083898535907929093e-09,-1.255790229391296808e+00,3.805063764589578512e-01,8.585331114444423570e-17,5.985806669736758656e-04,-4.354283348131674641e-02,1.554744885105361777e-11,4.414141414831498217e-02,-5.028171264761169505e-11,-1.740934784945033384e-13,3.333478103681788377e-03,-8.247440232107100533e-02,3.277709051557209460e-11,8.580788042512828284e-02,-9.945637865883480591e-11
7.253829685745292188e-01,-3.805063769847840671e-01,-2.116524353673798070e-02,-3.362412084502296450e-01,1.083923147333983741e-09,-1.255720363141784146e+00,3.805063764588781927e-01,-1.973120943859117588e-16,6.038635469665799404e-04,-4.367313687536487909e-02,1.559925961831593606e-11,4.427700042235659800e-02,-5.043888960060672520e-11,-1.842901443681074790e-13,3.352213758126298439e-03,-8.242942117698942583e-02,3.279139274278489939e-11,8.578163493547688589e-02,-9.945700510329417380e-11
7.269633236258897790e-01,-3.805063769847840671e-01,-2.116428502401030559e-02,-3.363103304283918127e-01,1.083947840657226077e-09,-1.255650282650894178e+00,3.805063764587984232e-01,-4.967198132380963724e-16,6.091760565867574253e-04,-4.380336859078105133e-02,1.565109283580064803e-11,4.441254464739350510e-02,-5.059606713891023962e-11,-1.946489318277572817e-13,3.370975459740131394e-03,-8.238369055973890354e-02,3.280550214478957392e-11,8.575466601982557890e-02,-9.945711991986492956e-11
7.285436786772504503e-01,-3.805063769847840116e-01,-2.116331809215636628e-02,-3.363796581614506565e-01,1.083972615912907023e-09,-1.255579987985981472e+00,3.805063764587183206e-01,-8.108803458536813212e-16,6.145183913952964767e-04,-4.393352729243377858e-02,1.570294825386520381e-11,4.454804568385531405e-02,-5.075324156574502553e-11,-2.000585994670540617e-13,3.390215730817743803e-03,-8.233676700524415748e-02,3.281957988897167520e-11,8.572698273639524358e-02,-9.944826490714837185e-11
7.301240337286110105e-01,-3.805063769847840116e-01,-2.116234269307564614e-02,-3.364491915321669580e-01,1.083997473136202849e-09,-1.255509479216184499e+00,3.805063764586379960e-01,-1.126041641584658612e-15,6.198918329030399590e-04,-4.406361057986810797e-02,1.575482600944730848e-11,4.468350241279790691e-02,-5.091038889085205784e-11,-1.987815653499484939e-13,3.410088172099257943e-03,-8.228850088333493351e-02,3.283368082680408008e-11,8.569858905575396257e-02,-9.942756557988567167e-11
7.317043887799716817e-01,-3.805063769847840116e-01,-2.116135877721525213e-02,-3.365189304200731368e-01,1.084022412362303472e-09,-1.255438756412417867e+00,3.805063764585573938e-01,-1.439144091369191365e-15,6.252967146640663271e-04,-4.419361698659511617e-02,1.580672590268438374e-11,4.481891370128642665e-02,-5.106750282311805411e-11,-1.974529801931459162e-13,3.430004525053222640e-03,-8.223947179671506347e-02,3.284759595891459492e-11,8.566947632207420893e-02,-9.940600509614826582e-11
7.332847438313323529e-01,-3.805063769847840116e-01,-2.116036629483372331e-02,-3.365888747027181993e-01,1.084047433625961644e-09,-1.255367819647391192e+00,3.805063764584766250e-01,-1.750105891280066944e-15,6.307331058200715303e-04,-4.432354530818131272e-02,1.585864764001992085e-11,4.495427841402910296e-02,-5.122458200213854680e-11,-1.960724201193602945e-13,3.449964467482597580e-03,-8.218968141831067831e-02,3.286132538932085218e-11,8.563964588608505291e-02,-9.938358412461551980e-11
7.348650988826929131e-01,-3.805063769847840116e-01,-2.115936519608072747e-02,-3.366590242557498946e-01,1.084072536961467312e-09,-1.255296668995606213e+00,3.805063764583954677e-01,-2.058844567777754483e-15,6.362010750020371088e-04,-4.445339434283852864e-02,1.591059092805995201e-11,4.508959541786873582e-02,-5.138162506856511950e-11,-1.946394615900443105e-13,3.469967675256731623e-03,-8.213913142290170388e-02,3.287486921969685543e-11,8.560909909843578136e-02,-9.936030333309351611e-11
7.364454539340535844e-01,-3.805063769847840116e-01,-2.115835543099787650e-02,-3.367293789529189896e-01,1.084097722402646371e-09,-1.255225304533354347e+00,3.805063764583141994e-01,-2.365276978266056318e-15,6.417006903271794656e-04,-4.458316289142675443e-02,1.596255547356931520e-11,4.522486358178252897e-02,-5.153863066410398526e-11,-1.931536814311506806e-13,3.490013822319296567e-03,-8.208782348711309018e-02,3.288822754938015910e-11,8.557783730969502345e-02,-9.933616338855818394e-11
7.380258089854142556e-01,-3.805063769847840116e-01,-2.115733694951955207e-02,-3.367999386660829875e-01,1.084122989982861497e-09,-1.255153726338712250e+00,3.805063764582325980e-01,-2.669319311688510897e-15,6.472320193959139921e-04,-4.471284975745715845e-02,1.601454098346802877e-11,4.536008177688206910e-02,-5.169559743151491378e-11,-1.916146568589473452e-13,3.510102580696276842e-03,-8.203575928940619322e-02,3.290140047537914499e-11,8.554586187035007061e-02,-9.931116495719929489e-11
7.396061640367748158e-01,-3.805063769847840116e-01,-2.115630970147369672e-02,-3.368707032652107358e-01,1.084148339735012766e-09,-1.255081934491538265e+00,3.805063764581507746e-01,-2.970887089165761226e-15,6.527951292888316617e-04,-4.484245374709486948e-02,1.606654716482756266e-11,4.549524887641308302e-02,-5.185252401460979682e-11,-1.900219655058807723e-13,3.530233620503988711e-03,-8.198294051006962957e-02,3.291438809238028602e-11,8.551317413080591900e-02,-9.928530870446356676e-11
7.411865190881354870e-01,-3.805063769847840116e-01,-2.115527363658267074e-02,-3.369416726183866451e-01,1.084173771691536410e-09,-1.255009929073471531e+00,3.805063764580687291e-01,-3.269895164673600347e-15,6.583900865636851648e-04,-4.497197366916191180e-02,1.611857372486719690e-11,4.563036375575534043e-02,-5.200940905825164004e-11,-1.883751854464931048e-13,3.550406609957140660e-03,-8.192936883121049174e-02,3.292719049275546158e-11,8.547977544138432582e-02,-9.925859529509862051e-11
7.427668741394961582e-01,-3.805063769847840116e-01,-2.115422870446404674e-02,-3.370128465918145189e-01,1.084199285884407303e-09,-1.254937710167924880e+00,3.805063764579863506e-01,-3.566257725762275609e-15,6.640169572523924989e-04,-4.510140833514010572e-02,1.617062037095038649e-11,4.576542529242255686e-02,-5.216625120835350967e-11,-1.866738952233844441e-13,3.570621215376951901e-03,-8.187504593674550801e-02,3.293980776656938923e-11,8.544566715232321252e-02,-9.923102539319669157e-11
7.443472291908567184e-01,-3.805063769847840671e-01,-2.115317485463148045e-02,-3.370842250498220505e-01,1.084224882345137097e-09,-1.254865277860084838e+00,3.805063764579038055e-01,-3.859888294316657922e-15,6.696758068580487997e-04,-4.523075655917381532e-02,1.622268681058107143e-11,4.590043236606223404e-02,-5.232304911187741449e-11,-1.849176738732232225e-13,3.590877101199284327e-03,-8.181997351239184146e-02,3.295224000158696595e-11,8.541085061377566567e-02,-9.920259966223853499e-11
7.459275842422173897e-01,-3.805063769847840671e-01,-2.115211203649551563e-02,-3.371558078548650972e-01,1.084250561104775671e-09,-1.254792632236905625e+00,3.805063764578209828e-01,-4.150699727357598604e-15,6.753667003519546507e-04,-4.536001715807291834e-02,1.627477275140009982e-11,4.603538385845552111e-02,-5.247980141683345929e-11,-1.831061009528035534e-13,3.611173929982841677e-03,-8.176415324565816656e-02,3.296448728328077735e-11,8.537532717580903485e-02,-9.917331876513724024e-11
7.475079392935779499e-01,-3.805063769847840671e-01,-2.115104019936444452e-02,-3.372275948675316770e-01,1.084276322193910923e-09,-1.254719773387108050e+00,3.805063764577379382e-01,-4.438604217884681328e-15,6.810897021706565366e-04,-4.548918895131551926e-02,1.632687790118158307e-11,4.617027865351707588e-02,-5.263650677227901119e-11,-1.812387565651428706e-13,3.631511362417397769e-03,-8.170758682583580124e-02,3.297654969483867803e-11,8.533909818840437755e-02,-9.914318336428283428e-11
7.490882943449386211e-01,-3.805063769847840671e-01,-2.114995929244515085e-02,-3.372995859465461321e-01,1.084302165642668977e-09,-1.254646701401174180e+00,3.805063764576546159e-01,-4.723513295759931315e-15,6.868448762129981391e-04,-4.561827076105082895e-02,1.637900196782930285e-11,4.630511563729495378e-02,-5.279316382831780788e-11,-1.793152213856268741e-13,3.651889057332059416e-03,-8.165027594398907573e-02,3.298842731717118453e-11,8.530216500145516856e-02,-9.911219412158561809e-11
7.506686493962992923e-01,-3.805063769847840671e-01,-2.114886926484396343e-02,-3.373717809487737362e-01,1.084328091480714600e-09,-1.254573416371345340e+00,3.805063764575710716e-01,-5.005337828633111319e-15,6.926322858371875696e-04,-4.574726141210194025e-02,1.643114465937312124e-11,4.643989369797045519e-02,-5.294977123609933722e-11,-1.773350766881925426e-13,3.672306671703580959e-03,-8.159222229294672835e-02,3.300012022891923008e-11,8.526452896476689747e-02,-9.908035169852119630e-11
7.522490044476598525e-01,-3.805063769847840671e-01,-2.114777006556751299e-02,-3.374441797292244694e-01,1.084354099737250780e-09,-1.254499918391618341e+00,3.805063764574873053e-01,-5.283988022908360219e-15,6.984519938578753360e-04,-4.587615973196858959e-02,1.648330568396537152e-11,4.657461172585795200e-02,-5.310632764781811344e-11,-1.752979043715516123e-13,3.692763860664706119e-03,-8.153342756729238527e-02,3.301162850646169978e-11,8.522619142805588910e-02,-9.904765675617438244e-11
7.538293594990205237e-01,-3.805063769847840671e-01,-2.114666164352358574e-02,-3.375167821410576252e-01,1.084380190441019772e-09,-1.254426207557741035e+00,3.805063764574032059e-01,-5.559373424752346215e-15,7.043040625432494400e-04,-4.600496455082994651e-02,1.653548474987732973e-11,4.670926861340483210e-02,-5.326283171671314077e-11,-1.732032869854523995e-13,3.713260277512566657e-03,-8.147389346335544291e-02,3.302295222392319182e-11,8.518715374094874837e-02,-9.901410995528369858e-11
7.554097145503811950e-01,-3.805063769847840671e-01,-2.114554394752200805e-02,-3.375895880355857526e-01,1.084406363620303291e-09,-1.254352283967211212e+00,3.805063764573189400e-01,-5.831402921143831275e-15,7.101885536121376298e-04,-4.613367470154734751e-02,1.658768156549563131e-11,4.684386325519123567e-02,-5.341928209706733832e-11,-1.710508077569791112e-13,3.733795573717096222e-03,-8.141362167920179749e-02,3.303409145318170770e-11,8.514741725298120845e-02,-9.897971195628608196e-11
7.569900696017417552e-01,-3.805063769847841226e-01,-2.114441692627548955e-02,-3.376625972622792626e-01,1.084432619302921492e-09,-1.254278147719271042e+00,3.805063764572343965e-01,-6.099984740964976574e-15,7.161055282311289518e-04,-4.626228901966704388e-02,1.663989583931872645e-11,4.697839454792999969e-02,-5.357567744420718461e-11,-1.688400506168853849e-13,3.754369398929506205e-03,-8.135261391462456082e-02,3.304504626387645227e-11,8.510698331359765889e-02,-9.894446341936129415e-11
7.585704246531023154e-01,-3.805063769847841226e-01,-2.114328052840052860e-02,-3.377358096687700373e-01,1.084458957516234200e-09,-1.254203798914905299e+00,3.805063764571495755e-01,-6.365026456134148338e-15,7.220550470117049514e-04,-4.639080634342292175e-02,1.669212727995336463e-11,4.711286139046651222e-02,-5.373201641450227169e-11,-1.665706002259636745e-13,3.774981400990784150e-03,-8.129087187113444302e-02,3.305581672341556273e-11,8.506585327214978565e-02,-9.890836500447636915e-11
7.601507797044629866e-01,-3.805063769847841226e-01,-2.114213470241825890e-02,-3.378092251008564806e-01,1.084485378287140914e-09,-1.254129237656836704e+00,3.805063764570645879e-01,-6.626434982780628755e-15,7.280371700073873546e-04,-4.651922551373920828e-02,1.674437559611107262e-11,4.724726268377851118e-02,-5.388829766536505957e-11,-1.642420420014438182e-13,3.795631225940242909e-03,-8.122839725195092619e-02,3.306640289698415422e-11,8.502402847789634899e-02,-9.887141737143099201e-11
7.617311347558235468e-01,-3.805063769847841226e-01,-2.114097939675536539e-02,-3.378828434025070715e-01,1.084511881642080602e-09,-1.254054464049522810e+00,3.805063764569792673e-01,-6.884116582460750772e-15,7.340519567108946385e-04,-4.664754537423319164e-02,1.679664049660463249e-11,4.738159733097598719e-02,-5.404451985525061127e-11,-1.618539621434272749e-13,3.816318518024092339e-03,-8.116519176199214758e-02,3.307680484755199063e-11,8.498151028000172635e-02,-9.883362117990150734e-11
7.633114898071842180e-01,-3.805063769847841226e-01,-2.113981455974495507e-02,-3.379566644158651934e-01,1.084538467607033146e-09,-1.253979478199154673e+00,3.805063764568937246e-01,-7.137976863416169891e-15,7.400994660513185528e-04,-4.677576477121786480e-02,1.684892169034460166e-11,4.751586423730104480e-02,-5.420068164365647646e-11,-1.594059476613466802e-13,3.837042919704068689e-03,-8.110125710786605935e-02,3.308702263588161428e-11,8.493830002753559316e-02,-9.879497708948651775e-11
7.648918448585448893e-01,-3.805063769847841781e-01,-2.113864013962744870e-02,-3.380306879812529641e-01,1.084565136207517275e-09,-1.253904280213649081e+00,3.805063764568079043e-01,-7.387920781873787037e-15,7.461797563913077956e-04,-4.690388255370455534e-02,1.690121888633581671e-11,4.765006231012764576e-02,-5.435678169112249765e-11,-1.568975864004549122e-13,3.857804071666075252e-03,-8.103659499786049214e-02,3.309705632053621700e-11,8.489439906947164605e-02,-9.875548575975131888e-11
7.664721999099054495e-01,-3.805063769847841781e-01,-2.113745608455148972e-02,-3.381049139371756218e-01,1.084591887468592217e-09,-1.253828870202650547e+00,3.805063764567219731e-01,-7.633852643387488934e-15,7.522928855242696881e-04,-4.703189757340562466e-02,1.695353179367393289e-11,4.778419045896158124e-02,-5.451281865923093940e-11,-1.543284670683434397e-13,3.878601612828889815e-03,-8.097120714193384305e-02,3.310690595788776978e-11,8.484980875468713102e-02,-9.871514785027330388e-11
7.680525549612661207e-01,-3.805063769847842337e-01,-2.113626234257482903e-02,-3.381793421203259653e-01,1.084618721414857705e-09,-1.253753248277523324e+00,3.805063764566357087e-01,-7.875676104222083874e-15,7.584389106715849673e-04,-4.715980868473713949e-02,1.700586012154197637e-11,4.791824759544027756e-02,-5.466879121060644306e-11,-1.516981792614808902e-13,3.899435180352887713e-03,-8.090509525170545835e-02,3.311657160212498442e-11,8.480453043196171936e-02,-9.867396402068672166e-11
7.696329100126267919e-01,-3.805063769847842337e-01,-2.113505886166525474e-02,-3.382539723655884067e-01,1.084645638070453971e-09,-1.253677414551351399e+00,3.805063764565491669e-01,-8.113294172778915363e-15,7.646178884798352643e-04,-4.728761474482139765e-02,1.705820357920688045e-11,4.805223263333262274e-02,-5.482469800891618193e-11,-1.490063134917795379e-13,3.920304409648806519e-03,-8.083826104044589123e-02,3.312605330526148836e-11,8.475856544997670272e-02,-9.863193493072787453e-11
7.712132650639873521e-01,-3.805063769847842337e-01,-2.113384558970147695e-02,-3.383288045060433569e-01,1.084672637459061747e-09,-1.253601369138932720e+00,3.805063764564624029e-01,-8.346609211063635654e-15,7.708298750180446772e-04,-4.741531461348955784e-02,1.711056187601607669e-11,4.818614448853878601e-02,-5.498053771887004863e-11,-1.462524612131820869e-13,3.941208934386554973e-03,-8.077070622306747882e-02,3.313535111714400603e-11,8.471191515731434085e-02,-9.858906124028062606e-11
7.727936201153480233e-01,-3.805063769847842337e-01,-2.113262247447406095e-02,-3.384038383729716659e-01,1.084699719603902476e-09,-1.253525112156776755e+00,3.805063764563753614e-01,-8.575522936195964040e-15,7.770749257749366310e-04,-4.754290715328429034e-02,1.716293472139406016e-11,4.831998207909017629e-02,-5.513630900622097172e-11,-1.434362148482696340e-13,3.962148386504046188e-03,-8.070243251611444735e-02,3.314446508546044324e-11,8.466458090245677914e-02,-9.854534360942114641e-11
7.743739751667086946e-01,-3.805063769847842337e-01,-2.113138946368633975e-02,-3.384790737958585094e-01,1.084726884527738927e-09,-1.253448643723102274e+00,3.805063764562881534e-01,-8.799936421961499310e-15,7.833530956562017970e-04,-4.767039122946224033e-02,1.721532182483897407e-11,4.845374432514910901e-02,-5.529201053776516136e-11,-1.405571678148891703e-13,3.983122396216071635e-03,-8.063344163775340578e-02,3.315339525574827534e-11,8.461656403378536861e-02,-9.850078269846373032e-11
7.759543302180692548e-01,-3.805063769847842892e-01,-2.113014650495533692e-02,-3.385545106023978845e-01,1.084754132252873956e-09,-1.253371963957831792e+00,3.805063764562006123e-01,-9.019750100405690521e-15,7.896644389817847678e-04,-4.779776570999669932e-02,1.726772289591925905e-11,4.858743014900884089e-02,-5.544764098134262622e-11,-1.376149145527981972e-13,4.004130592023219352e-03,-8.056373530776342329e-02,3.316214167140271557e-11,8.456786589957979161e-02,-9.845537916800574929e-11
7.775346852694299260e-01,-3.805063769847842892e-01,-2.112889354581270335e-02,-3.386301486184973286e-01,1.084781462801151958e-09,-1.253295072982589797e+00,3.805063764561128492e-01,-9.234863763469822497e-15,7.960090094831790818e-04,-4.792502946558001298e-02,1.732013764427023461e-11,4.872103847509320906e-02,-5.560319900583755477e-11,-1.346090505503268116e-13,4.025172600720806036e-03,-8.049331524752617595e-02,3.317070437368502568e-11,8.451848784801707648e-02,-9.840913367897326276e-11
7.791150403207905972e-01,-3.805063769847842892e-01,-2.112763053370562624e-02,-3.387059876682812498e-01,1.084808876193958652e-09,-1.253217970920698754e+00,3.805063764560248640e-01,-9.445176564669246404e-15,8.023868603007411121e-04,-4.805218136962628034e-02,1.737256577959074511e-11,4.885456822995664500e-02,-5.575868328117897448e-11,-1.315391723710541039e-13,4.046248047407869849e-03,-8.042218318001649602e-02,3.317908340173098162e-11,8.446843122717100083e-02,-9.836204689266644846e-11
7.806953953721511574e-01,-3.805063769847843447e-01,-2.112635741599779363e-02,-3.387820275740962006e-01,1.084836372452220880e-09,-1.253140657897175769e+00,3.805063764559366013e-01,-9.650587020813779680e-15,8.087980439810175080e-04,-4.817922029827368530e-02,1.742500701163982201e-11,4.898801834228391772e-02,-5.591409247834133986e-11,-1.284048776804964961e-13,4.067356555496183176e-03,-8.035034082979193581e-02,3.318727879255913239e-11,8.441769738501102294e-02,-9.831411947080505856e-11
7.822757504235118287e-01,-3.805063769847843447e-01,-2.112507413997032069e-02,-3.388582681565148191e-01,1.084863951596406607e-09,-1.253063134038729487e+00,3.805063764558481165e-01,-9.850993013770172759e-15,8.152426124740827203e-04,-4.830614513038707786e-02,1.747746105023331050e-11,4.912138774288992565e-02,-5.606942526934510760e-11,-1.252057652728108480e-13,4.088497746719289665e-03,-8.027778992298348348e-02,3.319529058107934325e-11,8.436628766940156010e-02,-9.826535207557395339e-11
7.838561054748723889e-01,-3.805063769847843447e-01,-2.112378065282269693e-02,-3.389347092343398815e-01,1.084891613646525538e-09,-1.252985399473756978e+00,3.805063764557594097e-01,-1.004629179226691080e-14,8.217206171308965830e-04,-4.843295474756047908e-02,1.752992760524057696e-11,4.925467536471963420e-02,-5.622468032725774473e-11,-1.219414350975065742e-13,4.109671241141605452e-03,-8.020453218728525180e-02,3.320311880010124855e-11,8.431420342810115598e-02,-9.821574536966881607e-11
7.854364605262330601e-01,-3.805063769847844002e-01,-2.112247690167372641e-02,-3.390113506246087982e-01,1.084919358622129122e-09,-1.252907454332338855e+00,3.805063764556704253e-01,-1.023637997374122106e-14,8.282321087006736058e-04,-4.855964803411953051e-02,1.758240638658120341e-11,4.938788014284792305e-02,-5.637985632619443299e-11,-1.186114882861657897e-13,4.130876657167529935e-03,-8.013056935194463881e-02,3.321076348034274961e-11,8.426144600876159241e-02,-9.816530001634154406e-11
7.870168155775937313e-01,-3.805063769847844002e-01,-2.112116283356249916e-02,-3.390881921425983325e-01,1.084947186542309927e-09,-1.252829298746238162e+00,3.805063764555812189e-01,-1.042115354622824015e-14,8.347771373282643001e-04,-4.868622387712379096e-02,1.763489710422162718e-11,4.952100101447921149e-02,-5.653495194131887019e-11,-1.152155271791718106e-13,4.152113611550585157e-03,-8.005590314775222482e-02,3.321822465043855805e-11,8.420801675892707061e-02,-9.811401667944602844e-11
7.885971706289542915e-01,-3.805063769847843447e-01,-2.111983839544932795e-02,-3.391652336018282088e-01,1.084975097425702057e-09,-1.252750932848895271e+00,3.805063764554917349e-01,-1.060050787029249892e-14,8.413557525515575394e-04,-4.881268116636946347e-02,1.768739946817194195e-11,4.965403691894754862e-02,-5.668996584884456263e-11,-1.117531553524446218e-13,4.173381719402626325e-03,-7.998053530703203018e-02,3.322550233694888110e-11,8.415391702603335078e-02,-9.806189602348392025e-11
7.901775256803149627e-01,-3.805063769847844002e-01,-2.111850353421672669e-02,-3.392424748140659974e-01,1.085003091290482188e-09,-1.252672356775424545e+00,3.805063764554019734e-01,-1.077433768100161145e-14,8.479680032988885568e-04,-4.893901879439151170e-02,1.773991318848254709e-11,4.978698679771629415e-02,-5.684489672603556831e-11,-1.082239776441795258e-13,4.194680594203031507e-03,-7.990446756363107916e-02,3.323259656436791318e-11,8.409914815740691940e-02,-9.800893871365008667e-11
7.917578807316756340e-01,-3.805063769847844002e-01,-2.111715819667036448e-02,-3.393199155893311669e-01,1.085031168154367906e-09,-1.252593570662613010e+00,3.805063764553120453e-01,-1.094253708994228797e-14,8.546139378864707958e-04,-4.906523565646626894e-02,1.779243797524095201e-11,4.991984959437792413e-02,-5.699974325120783463e-11,-1.046276001815882022e-13,4.216009847807967656e-03,-7.982770165290974107e-02,3.323950735513266346e-11,8.404371150026421211e-02,-9.795514541587864877e-11
7.933382357830361942e-01,-3.805063769847844557e-01,-2.111580232954004058e-02,-3.393975557358995254e-01,1.085059328034619576e-09,-1.252514574648914136e+00,3.805063764552218397e-01,-1.110499958727856760e-14,8.612936040158362169e-04,-4.919133065061372795e-02,1.784497353856849003e-11,5.005262425465401011e-02,-5.715450410373034869e-11,-1.009636304076429728e-13,4.237369090459679188e-03,-7.975023931173116920e-02,3.324623472963157660e-11,8.398760840171072550e-02,-9.790051679688851521e-11
7.949185908343968654e-01,-3.805063769847844557e-01,-2.111443587948065581e-02,-3.394753950603075499e-01,1.085087570948038270e-09,-1.252435368874446953e+00,3.805063764551314121e-01,-1.126161804385226312e-14,8.680070487712903500e-04,-4.931730267759987241e-02,1.789751958861709694e-11,5.018530972639483057e-02,-5.730917796402631343e-11,-9.723167710782067592e-14,4.258757930795781764e-03,-7.967208227845153090e-02,3.325277870621331513e-11,8.393084020874017059e-02,-9.784505352422936837e-11
7.964989458857575366e-01,-3.805063769847845112e-01,-2.111305879307319097e-02,-3.395534333673566607e-01,1.085115896910968457e-09,-1.252355953480990269e+00,3.805063764550407068e-01,-1.141228471332578006e-14,8.747543186173868624e-04,-4.944315064093916107e-02,1.795007583556612504e-11,5.031790495957941256e-02,-5.746376351357473088e-11,-9.343135043684526541e-14,4.280175975858635865e-03,-7.959323229290950208e-02,3.325913930119552235e-11,8.387340826823362627e-02,-9.778875626632724968e-11
7.980793009371180968e-01,-3.805063769847845112e-01,-2.111167101682569214e-02,-3.396316704601176628e-01,1.085144305939295520e-09,-1.252276328611981793e+00,3.805063764549497796e-01,-1.155689123436714472e-14,8.815354593964121015e-04,-4.956887344689672042e-02,1.800264198961908936e-11,5.045040890631511538e-02,-5.761825943491151374e-11,-8.956226194542427587e-14,4.301622831104703025e-03,-7.951369109641642785e-02,3.326531652887372748e-11,8.381531392695885929e-02,-9.773162569253061036e-11
7.996596559884787681e-01,-3.805063769847845112e-01,-2.111027249717424212e-02,-3.397101061399350197e-01,1.085172798048446998e-09,-1.252196494412513017e+00,3.805063764548586303e-01,-1.169532863287724878e-14,8.883505163258866586e-04,-4.969447000449074558e-02,1.805521776100051724e-11,5.058282052083769992e-02,-5.777266441163124957e-11,-8.562402460698704210e-14,4.323098100413976658e-03,-7.943346043174566440e-02,3.327131040153011506e-11,8.375655853156924180e-02,-9.767366247315597436e-11
8.012400110398393283e-01,-3.805063769847845112e-01,-2.110886318048396659e-02,-3.397887402064311835e-01,1.085201373253392999e-09,-1.252116451029326338e+00,3.805063764547671479e-01,-1.182748732425937687e-14,8.951995339960805952e-04,-4.981993922549476927e-02,1.810780285995275918e-11,5.071513875951097483e-02,-5.792697712838864835e-11,-8.161625284441246781e-14,4.344601386099406805e-03,-7.935254204312260085e-02,3.327712092944249465e-11,8.369714342860311296e-02,-9.761486727953393738e-11
8.028203660911999995e-01,-3.805063769847845667e-01,-2.110744301305001250e-02,-3.398675724575110912e-01,1.085230031568645372e-09,-1.252036198610812612e+00,3.805063764546754990e-01,-1.195325711573100449e-14,9.020825563675461236e-04,-4.994528002443995168e-02,1.816039699673281584e-11,5.084736258082660221e-02,-5.808119627090008698e-11,-7.753856255674809784e-14,4.366132288916378668e-03,-7.927093767621436193e-02,3.328274812089325127e-11,8.363706996448294628e-02,-9.755524078405494611e-11
8.044007211425606707e-01,-3.805063769847845667e-01,-2.110601194109855763e-02,-3.399466026893664394e-01,1.085258773008258537e-09,-1.251955737307005601e+00,3.805063764545835725e-01,-1.207252720867775264e-14,9.089996267686626481e-04,-5.007049131861738417e-02,1.821299988160923607e-11,5.097949094540412535e-02,-5.823532052594558679e-11,-7.339057114592690594e-14,4.387690408072231901e-03,-7.918864907811920539e-02,3.328819198217828272e-11,8.357633948551441982e-02,-9.749478366021521971e-11
8.059810761939212309e-01,-3.805063769847846222e-01,-2.110456991078781680e-02,-3.400258306964799582e-01,1.085287597585827621e-09,-1.251875067269581532e+00,3.805063764544914240e-01,-1.218518620104956227e-14,9.159507878931975270e-04,-5.019557202808033053e-02,1.826561122485893749e-11,5.111152281599050384e-02,-5.838934858137035153e-11,-6.917189754346652557e-14,4.409275341235769502e-03,-7.910567799735652994e-02,3.329345251761604697e-11,8.351495333788562514e-02,-9.743349658266259369e-11
8.075614312452819021e-01,-3.805063769847845667e-01,-2.110311686820902366e-02,-3.401052562716299077e-01,1.085316505314492181e-09,-1.251794188651852879e+00,3.805063764543989979e-01,-1.229112208979910597e-14,9.229360817978826638e-04,-5.032052107564641968e-02,1.831823073676409805e-11,5.124345715746012747e-02,-5.854327912608668675e-11,-6.488216223716080673e-14,4.430886684546841287e-03,-7.902202618385611999e-02,3.329852972955657704e-11,8.345291286766624850e-02,-9.737138022724238968e-11
8.091417862966425734e-01,-3.805063769847846222e-01,-2.110165275938744728e-02,-3.401848792058943527e-01,1.085345496206932274e-09,-1.251713101608766587e+00,3.805063764543064053e-01,-1.239022227336233737e-14,9.299555499000060604e-04,-5.044533738689988694e-02,1.837085812760907353e-11,5.137529293681453862e-02,-5.869711085007600305e-11,-6.052098729775601202e-14,4.452524032625928239e-03,-7.893769538894802873e-02,3.330342361839067055e-11,8.339021942080686312e-02,-9.730843527104341440e-11
8.107221413480031336e-01,-3.805063769847846222e-01,-2.110017753028342949e-02,-3.402646992886557697e-01,1.085374570275369910e-09,-1.251631806296901184e+00,3.805063764542135352e-01,-1.248237355418116424e-14,9.370092329750177905e-04,-5.057001989019384303e-02,1.842349310767729880e-11,5.150702912318226578e-02,-5.885084244439072901e-11,-5.608799640561358323e-14,4.474186978583775433e-03,-7.885268736535204492e-02,3.330813418255892401e-11,8.332687434313791608e-02,-9.724466239244375189e-11
8.123024963993638048e-01,-3.805063769847846777e-01,-2.109869112679335634e-02,-3.403447163076049886e-01,1.085403727531570283e-09,-1.251550302874461895e+00,3.805063764541203875e-01,-1.256746214126827348e-14,9.440971711541514769e-04,-5.069456751665236960e-02,1.847613538724818917e-11,5.163866468781864311e-02,-5.900447260115645665e-11,-5.158281487735649952e-14,4.495875114031034486e-03,-7.876700386716703473e-02,3.331266141856092880e-11,8.326287898036900670e-02,-9.718006227115665908e-11
8.138828514507244760e-01,-3.805063769847846777e-01,-2.109719349475071976e-02,-3.404249300487460217e-01,1.085432967986840126e-09,-1.251468591501277983e+00,3.805063764540270177e-01,-1.264537365281407033e-14,9.512194039220620316e-04,-5.081897920017273279e-02,1.852878467659411922e-11,5.177019860410558144e-02,-5.915800001357398352e-11,-4.700506969249645058e-14,4.517588029087960672e-03,-7.868064664986082479e-02,3.331700532096449937e-11,8.319823467808815098e-02,-9.711463558827650020e-11
8.154632065020850362e-01,-3.805063769847846777e-01,-2.109568457992713059e-02,-3.405053402964000608e-01,1.085462291652028533e-09,-1.251386672338800521e+00,3.805063764539334259e-01,-1.271599311883564801e-14,9.583759701144771654e-04,-5.094325387742753425e-02,1.858144068597734672e-11,5.190162984755140874e-02,-5.931142337592166505e-11,-4.235438952004312468e-14,4.539325312394110017e-03,-7.859361747025919720e-02,3.332116588241486914e-11,8.313294278176069918e-02,-9.704838302632448725e-11
8.170435615534457074e-01,-3.805063769847847333e-01,-2.109416432803331784e-02,-3.405859468332103068e-01,1.085491698537526961e-09,-1.251304545550096403e+00,3.805063764538396121e-01,-1.277920498386778162e-14,9.655669079158653778e-04,-5.106739048786688301e-02,1.863410312564700117e-11,5.203295739579070350e-02,-5.946474138355761168e-11,-3.763040474509248151e-14,4.561086551118091921e-03,-7.850591808653584192e-02,3.332514309364400928e-11,8.306700463672894719e-02,-9.698130526929476949e-11
8.186239166048063787e-01,-3.805063769847846777e-01,-2.109263268472019379e-02,-3.406667494401459106e-01,1.085521188653267780e-09,-1.251222211299847897e+00,3.805063764537454651e-01,-1.283489310969601247e-14,9.727922548571197757e-04,-5.119138797372042859e-02,1.868677170583605944e-11,5.216418022858402420e-02,-5.961795273292211874e-11,-3.283274749539122664e-14,4.582871330967336516e-03,-7.841755025820132396e-02,3.332893694347992150e-11,8.300042158821095695e-02,-9.691340300270012222e-11
8.202042716561669389e-01,-3.805063769847847333e-01,-2.109108959557988439e-02,-3.407477478965066919e-01,1.085550762008726758e-09,-1.251139669754346873e+00,3.805063764536511517e-01,-1.288294077813155150e-14,9.800520478132552279e-04,-5.131524527999957452e-02,1.873944613675833108e-11,5.229529732781776352e-02,-5.977105612153997999e-11,-2.796105166788028650e-14,4.604679236197879375e-03,-7.832851574609279999e-02,3.333254741885596969e-11,8.293319498129980705e-02,-9.684467691361767440e-11
8.217846267075276101e-01,-3.805063769847847888e-01,-2.108953500614674237e-02,-3.408289419799271913e-01,1.085580418612920991e-09,-1.251056921081493023e+00,3.805063764535565607e-01,-1.292323069382826056e-14,9.873463230011237345e-04,-5.143896135449949059e-02,1.879212612860550823e-11,5.242630767750396797e-02,-5.992405024802317592e-11,-2.301495295521075213e-14,4.626509849624208665e-03,-7.823881631236315193e-02,3.333597450482028914e-11,8.286532616096298209e-02,-9.677512769073498515e-11
8.233649817588881703e-01,-3.805063769847847333e-01,-2.108796886189842276e-02,-3.409103314663816109e-01,1.085610158474409731e-09,-1.250973965450790093e+00,3.805063764534616921e-01,-1.295564498714140229e-14,9.946751159771428062e-04,-5.156253514780121533e-02,1.884481139154415422e-11,5.255721026378004646e-02,-6.007693381207330359e-11,-1.799408887223457620e-14,4.648362752629098434e-03,-7.814845372047050931e-02,3.333921818454518923e-11,8.279681647204126249e-02,-9.670475602439561626e-11
8.249453368102488415e-01,-3.805063769847847888e-01,-2.108639110825690291e-02,-3.409919161301877555e-01,1.085639981601294177e-09,-1.250890803033342547e+00,3.805063764533666570e-01,-1.298006521702829588e-14,1.002038461635042059e-03,-5.168596561327365446e-02,1.889750163571275344e-11,5.268800407490869392e-02,-6.022970551448429085e-11,-1.289809878246457236e-14,4.670237525173499132e-03,-7.805742973516757721e-02,3.334227843933664013e-11,8.272766725924837750e-02,-9.663356260664523457e-11
8.265256918616095128e-01,-3.805063769847848443e-01,-2.108480169058954065e-02,-3.410736957440115291e-01,1.085669888001217478e-09,-1.250807434001851570e+00,3.805063764532713444e-01,-1.299637237399074612e-14,1.009436394203623360e-03,-5.180925170707578048e-02,1.895019657121881304e-11,5.281868810127764852e-02,-6.038236405714520099e-11,-7.726623924509579569e-15,4.692133745806447223e-03,-7.796574612249067282e-02,3.334515524864370142e-11,8.265787986716965907e-02,-9.656154813127687427e-11
8.281060469129700730e-01,-3.805063769847848443e-01,-2.108320055421012904e-02,-3.411556700788714314e-01,1.085699877681363905e-09,-1.250723858530612187e+00,3.805063764531758097e-01,-1.300444688305922694e-14,1.016868947244535830e-03,-5.193239238815840209e-02,1.900289590813586436e-11,5.294926133539937241e-02,-6.053490814304281766e-11,-2.479307438473226887e-15,4.714050991674988665e-03,-7.787340464974923382e-02,3.334784859006809925e-11,8.258745564026162556e-02,-9.648871329387706514e-11
8.296864019643307442e-01,-3.805063769847848443e-01,-2.108158764437995450e-02,-3.412378389041430538e-01,1.085729950648461125e-09,-1.250640076795510369e+00,3.805063764530800530e-01,-1.300416860681874515e-14,1.024336153650071005e-03,-5.205538661826633606e-02,1.905559935650059043e-11,5.307972277191098931e-02,-6.068733647626465633e-11,2.844205607677671321e-15,4.735988838534144901e-03,-7.778040708551503535e-02,3.335035843937376481e-11,8.251639592285103797e-02,-9.641505879187130163e-11
8.312667570156914154e-01,-3.805063769847848998e-01,-2.107996290630884811e-02,-3.413202019875631876e-01,1.085760106908776478e-09,-1.250556088974019264e+00,3.805063764529840187e-01,-1.299541684847638599e-14,1.031838045640969285e-03,-5.217823336194046813e-02,1.910830662630996315e-11,5.321007140757408327e-02,-6.083964776200204039e-11,8.244268191777689850e-15,4.757946860756915274e-03,-7.768675519961139309e-02,3.335268477049645023e-11,8.244470205913416450e-02,-9.634058532456993846e-11
8.328471120670519756e-01,-3.805063769847848998e-01,-2.107832628515625070e-02,-3.414027590952345981e-01,1.085790346468120907e-09,-1.250471895245195197e+00,3.805063764528877068e-01,-1.297807035497041122e-14,1.039374654764242852e-03,-5.230093158651948071e-02,1.916101742751828999e-11,5.334030624127440723e-02,-6.099184070655282823e-11,1.372123131116459976e-14,4.779924631344268163e-03,-7.759245076310218592e-02,3.335482755555330588e-11,8.237237539317594781e-02,-9.626529359321355632e-11
8.344274671184126468e-01,-3.805063769847849553e-01,-2.107667772603228490e-02,-3.414855099916302428e-01,1.085820669331845652e-09,-1.250387495789675452e+00,3.805063764527911729e-01,-1.295200732012090960e-14,1.046946011891017022e-03,-5.242348026214201789e-02,1.921373147003439965e-11,5.347042627402166792e-02,-6.114391401732469614e-11,1.927544395641831666e-14,4.801921721935194579e-03,-7.749749554828128106e-02,3.335678676485258671e-11,8.229941726890917242e-02,-9.618918430101870236e-11
8.360078221697733181e-01,-3.805063769847849553e-01,-2.107501717399881680e-02,-3.415684544395977129e-01,1.085851075504843899e-09,-1.250302890789674715e+00,3.805063764526944725e-01,-1.291710538782188623e-14,1.054552147214385047e-03,-5.254587836174848259e-02,1.926644846371875338e-11,5.360043050894940792e-02,-6.129586640283822728e-11,2.490725308513780732e-14,4.823937702816770423e-03,-7.740189132866162613e-02,3.335856236690337819e-11,8.222582903013388178e-02,-9.611225815322355314e-11
8.375881772211338783e-01,-3.805063769847849553e-01,-2.107334457407054190e-02,-3.416515922003637296e-01,1.085881564991550164e-09,-1.250218080428980416e+00,3.805063764525974945e-01,-1.287324165527486183e-14,1.062193090247280473e-03,-5.266812486108313207e-02,1.931916811838068555e-11,5.373031795131480437e-02,-6.144769657273023339e-11,3.061700359575654963e-14,4.845972142934253449e-03,-7.730563987896413303e-02,3.336015432842522511e-11,8.215161202051624034e-02,-9.603451585713304767e-11
8.391685322724945495e-01,-3.805063769847849553e-01,-2.107165987121605369e-02,-3.417349230335386401e-01,1.085912137795940703e-09,-1.250133064892950951e+00,3.805063764525002945e-01,-1.282029267626363627e-14,1.069868869820361215e-03,-5.279021873869567394e-02,1.937189014377544070e-11,5.386008760849820415e-02,-6.159940323775681786e-11,3.640503830140333298e-14,4.868024609901178482e-03,-7.720874297510722795e-02,3.336156261435802553e-11,8.207676758358821434e-02,-9.595595812216493815e-11
8.407488873238552207e-01,-3.805063769847850108e-01,-2.106996301031847582e-02,-3.418184466970801139e-01,1.085942793921514697e-09,-1.250047844368511907e+00,3.805063764524027614e-01,-1.276002526911927866e-14,1.077579622315810596e-03,-5.291215886773069366e-02,1.942461420234246601e-11,5.398973849002645237e-02,-6.175098895519226178e-11,3.889442072782779548e-14,4.890287996492185749e-03,-7.711100910895156424e-02,3.336270277568168931e-11,8.200129710403750161e-02,-9.588345414597941241e-11
8.423292423752157809e-01,-3.805063769847850663e-01,-2.106825393581146857e-02,-3.419021629469328749e-01,1.085973533371136053e-09,-1.249962419044152062e+00,3.805063764523050618e-01,-1.269766791314547309e-14,1.085325681616975801e-03,-5.303394392599675156e-02,1.947733986992686921e-11,5.411926960759147476e-02,-6.190246332462900329e-11,4.002296031350185589e-14,4.912650960465904902e-03,-7.701255094234200904e-02,3.336362319925403111e-11,8.192520190143544323e-02,-9.581306434043499692e-11
8.439095974265764522e-01,-3.805063769847850663e-01,-2.106653259184587332e-02,-3.419860715371987325e-01,1.086004356147104745e-09,-1.249876789109920727e+00,3.805063764522071401e-01,-1.263351874534517286e-14,1.093107098720168388e-03,-5.315557287625198579e-02,1.953006684552781329e-11,5.424867997494776939e-02,-6.205382592086533046e-11,4.116203316236753393e-14,4.935034582667866682e-03,-7.691344872081483375e-02,3.336435811271375342e-11,8.184848330214464229e-02,-9.574200109041864297e-11
8.454899524779370124e-01,-3.805063769847850663e-01,-2.106479892251819294e-02,-3.420701722203679518e-01,1.086035262251256082e-09,-1.249790954757423744e+00,3.805063764521089409e-01,-1.256756109216315367e-14,1.100923905940674220e-03,-5.327704470205420900e-02,1.958279483593449604e-11,5.437796860796840354e-02,-6.220507568066934008e-11,4.231167372303835775e-14,4.957438442645849437e-03,-7.681370420781225006e-02,3.336490746648788983e-11,8.177114264915502639e-02,-9.567026572388967320e-11
8.470703075292976836e-01,-3.805063769847851218e-01,-2.106305287187437356e-02,-3.421544647473268030e-01,1.086066251684962149e-09,-1.249704916179821268e+00,3.805063764520105196e-01,-1.249977822583806539e-14,1.108776134928218240e-03,-5.339835838974910792e-02,1.963552354785646358e-11,5.450713452464881620e-02,-6.235621154290667806e-11,4.347191614630025545e-14,4.979862118557113609e-03,-7.671331916802841266e-02,3.336527120932096916e-11,8.169318128531809220e-02,-9.559785956724671425e-11
8.486506625806583548e-01,-3.805063769847851218e-01,-2.106129438391088002e-02,-3.422389488673618363e-01,1.086097324449131810e-09,-1.249618673571822658e+00,3.805063764519118208e-01,-1.243015336487557970e-14,1.116663816664769391e-03,-5.351951292847221403e-02,1.968825268792091879e-11,5.463617674510650585e-02,-6.250723244853783812e-11,4.464279428202553746e-14,5.002305187177358975e-03,-7.661229536740023216e-02,3.336544928828566543e-11,8.161460055334639196e-02,-9.552478394532690844e-11
8.502310176320189150e-01,-3.805063769847851218e-01,-2.105952340257574371e-02,-3.423236243281641555e-01,1.086128480544209056e-09,-1.249532227129685369e+00,3.805063764518129554e-01,-1.235866967452632943e-14,1.124586981462366575e-03,-5.364050731015079093e-02,1.974098196267011697e-11,5.476509429158075981e-02,-6.265813734061579661e-11,4.582434167609426913e-14,5.024767223909700972e-03,-7.651063457309716098e-02,3.336544164879327333e-11,8.153540179581256209e-02,-9.545104018140444031e-11
8.518113726833795862e-01,-3.805063769847851773e-01,-2.105773987176961029e-02,-3.424084908758341927e-01,1.086159719970175066e-09,-1.249445577051209622e+00,3.805063764517138125e-01,-1.228531026726880024e-14,1.132545658960954806e-03,-5.376134052950583275e-02,1.979371107855871951e-11,5.489388618843254325e-02,-6.280892516428353092e-11,4.701659156732252203e-14,5.047247802793689529e-03,-7.640833855351160386e-02,3.336524823460430646e-11,8.145558635514853207e-02,-9.537662959718946390e-11
8.533917277347402575e-01,-3.805063769847851773e-01,-2.105594373534684302e-02,-3.424935482548855381e-01,1.086191042726546976e-09,-1.249358723535735294e+00,3.805063764516143920e-01,-1.221005820329698556e-14,1.140539878126242170e-03,-5.388201158405403479e-02,1.984643974195124451e-11,5.502255146214422160e-02,-6.295959486677164136e-11,4.821957688439811635e-14,5.069746496514346973e-03,-7.630540907824913399e-02,3.336486898783916667e-11,8.137515557364484453e-02,-9.530155351282727552e-11
8.549720827861008177e-01,-3.805063769847852329e-01,-2.105413493711653233e-02,-3.425787962082502136e-01,1.086222448812377456e-09,-1.249271666784140367e+00,3.805063764515148050e-01,-1.213289649101293866e-14,1.148569667247559831e-03,-5.400251947410959763e-02,1.989916765911942045e-11,5.515108914131936629e-02,-6.311014539739568869e-11,4.943333024282309701e-14,5.092262876411224153e-03,-7.620184791811866754e-02,3.336430384898876818e-11,8.129411079345004454e-02,-9.522581324689711182e-11
8.565524378374614889e-01,-3.805063769847852329e-01,-2.105231342084361648e-02,-3.426642344772820592e-01,1.086253938226254922e-09,-1.249184406998835595e+00,3.805063764514149405e-01,-1.205380808752411476e-14,1.156635053935747620e-03,-5.412286320278617696e-02,1.995189453623966262e-11,5.527949825668244943e-02,-6.326057570755385473e-11,5.065788394186434453e-14,5.114796512487490392e-03,-7.609765684512265205e-02,3.336355275692528444e-11,8.121245335656969433e-02,-9.514941011641123208e-11
8.581327928888221601e-01,-3.805063769847852329e-01,-2.105047913024992931e-02,-3.427498628017618953e-01,1.086285510966303949e-09,-1.249096944383762287e+00,3.805063764513148539e-01,-1.197277589914555203e-14,1.164736065121046993e-03,-5.424304177599878485e-02,2.000462007939051402e-11,5.540777784107874665e-02,-6.341088475072444787e-11,5.189326996151189141e-14,5.137346973419047724e-03,-7.599283763244708834e-02,3.336261564891278517e-11,8.113018460486576267e-02,-9.507234543681389719e-11
8.597131479401827203e-01,-3.805063769847852884e-01,-2.104863200901528966e-02,-3.428356809199020749e-01,1.086317167030183203e-09,-1.249009279144387419e+00,3.805063764512145452e-01,-1.188978278190682037e-14,1.172872727051012861e-03,-5.436305420246561465e-02,2.005734399455010895e-11,5.553592692947400405e-02,-6.356107148246339575e-11,5.313951995944495050e-14,5.159913826563666817e-03,-7.588739205445182989e-02,3.336149246061805431e-11,8.104730588005583380e-02,-9.499462052198047783e-11
8.612935029915433915e-01,-3.805063769847852884e-01,-2.104677200077857691e-02,-3.429216885683500915e-01,1.086348906415088748e-09,-1.248921411487702748e+00,3.805063764511139590e-01,-1.180481154206382021e-14,1.181045065288434306e-03,-5.448289949370992147e-02,2.011006598759365262e-11,5.566394455895422311e-02,-6.371113486040176363e-11,5.439666526800596445e-14,5.182496637970149776e-03,-7.578132188666052149e-02,3.336018312612134340e-11,8.096381852371233034e-02,-9.491623668421664022e-11
8.628738580429039517e-01,-3.805063769847852884e-01,-2.104489904913880299e-02,-3.430078854821937417e-01,1.086380729117749084e-09,-1.248833341622219484e+00,3.805063764510131508e-01,-1.171784493661523709e-14,1.189253104709276330e-03,-5.460257666406172911e-02,2.016278576429091382e-11,5.579182976872545940e-02,-6.386107384424327291e-11,5.566473689118327591e-14,5.205094972387510309e-03,-7.567462890575080148e-02,3.335868757792719601e-11,8.087972387726197199e-02,-9.483719523425738971e-11
8.644542130942646230e-01,-3.805063769847853439e-01,-2.104301309765622963e-02,-3.430942713949654554e-01,1.086412635134430319e-09,-1.248745069757965176e+00,3.805063764509121205e-01,-1.162886567382395192e-14,1.197496869500631368e-03,-5.472208473065989093e-02,2.021550303030378856e-11,5.591958160011362838e-02,-6.401088739576185835e-11,5.694376550160204593e-14,5.227708393274202447e-03,-7.556731488954421261e-02,3.335700574697526568e-11,8.079502328198472083e-02,-9.475749748126620478e-11
8.660345681456252942e-01,-3.805063769847853439e-01,-2.104111408985341949e-02,-3.431808460386462922e-01,1.086444624460930995e-09,-1.248656596106481498e+00,3.805063764508108681e-01,-1.153785641374296509e-14,1.205776383158688788e-03,-5.484142271345366498e-02,2.026821749118378303e-11,5.604719909656417920e-02,-6.416057447879916066e-11,5.823378143752394462e-14,5.250336462807347546e-03,-7.545938161699645985e-02,3.335513756265126963e-11,8.070971807901344830e-02,-9.467714473283454596e-11
8.676149231969858544e-01,-3.805063769847853994e-01,-2.103920196921636385e-02,-3.432676091436709931e-01,1.086476697092585814e-09,-1.248567920880819804e+00,3.805063764507093382e-01,-1.144479976874625405e-14,1.214091668486713292e-03,-5.496058963520455976e-02,2.032092885236956758e-11,5.617468130364190043e-02,-6.431013405926196742e-11,5.953481469985495757e-14,5.272978741891982957e-03,-7.535083086818726572e-02,3.335308295279774857e-11,8.062380960933285268e-02,-9.459613829498075718e-11
8.691952782483465256e-01,-3.805063769847853994e-01,-2.103727667919556496e-02,-3.433545604389320327e-01,1.086508853024263154e-09,-1.248479044295538021e+00,3.805063764506075863e-01,-1.134967830406422851e-14,1.222442747593048031e-03,-5.507958452148819378e-02,2.037363681918461151e-11,5.630202726903071886e-02,-6.445956510511987373e-11,6.084689494916378187e-14,5.295634790170367090e-03,-7.524166442431012847e-02,3.335084184372507204e-11,8.053729921377872358e-02,-9.451447947214931616e-11
8.707756332997071969e-01,-3.805063769847853439e-01,-2.103533816320712901e-02,-3.434416996517841714e-01,1.086541092250366104e-09,-1.248389966566697540e+00,3.805063764505056123e-01,-1.125247453832400858e-14,1.230829641889119889e-03,-5.519840640069597487e-02,2.042634109683470151e-11,5.642923604253348435e-02,-6.460886658640273602e-11,6.217005150270716423e-14,5.318304166031286202e-03,-7.513188406766302396e-02,3.334841416022250202e-11,8.045018823303778932e-02,-9.443216956721076980e-11
8.723559883510677571e-01,-3.805063769847853994e-01,-2.103338636463389019e-02,-3.435290265080488958e-01,1.086573414764831016e-09,-1.248300687911859663e+00,3.805063764504034163e-01,-1.115317094409419636e-14,1.239252372087470359e-03,-5.531705430403674462e-02,2.047904139040555706e-11,5.655630667607160211e-02,-6.475803747519808709e-11,6.350431333146657334e-14,5.340986426619363792e-03,-7.502149158163753939e-02,3.334579982556901084e-11,8.036247800764634297e-02,-9.434920988146041583e-11
8.739363434024284283e-01,-3.805063769847853994e-01,-2.103142122682648274e-02,-3.436165407320189158e-01,1.086605820561128541e-09,-1.248211208550082274e+00,3.805063764503008872e-01,-1.105174994843458893e-14,1.247710958199795732e-03,-5.543552726553871435e-02,2.053173740486049433e-11,5.668323822368498410e-02,-6.490707674564878388e-11,6.484970905719330367e-14,5.363681127844445451e-03,-7.491048875070915880e-02,3.334299876154433183e-11,8.027416987798967341e-02,-9.426560171461773414e-11
8.755166984537890995e-01,-3.805063769847854549e-01,-2.102944269310448935e-02,-3.437042420464626047e-01,1.086638309632263212e-09,-1.248121528701916727e+00,3.805063764501982471e-01,-1.094819393345026796e-14,1.256205419535000962e-03,-5.555382432205093618e-02,2.058442884503799948e-11,5.681002974153155638e-02,-6.505598337395034493e-11,6.620626694946327270e-14,5.386387824390954232e-03,-7.479887736042742374e-02,3.334001088844012624e-11,8.018526518430173222e-02,-9.418134636482641263e-11
8.770970535051496597e-01,-3.805063769847854549e-01,-2.102745070675752018e-02,-3.437921301726284407e-01,1.086670881970772619e-09,-1.248031648589404075e+00,3.805063764500952739e-01,-1.084248523685065276e-14,1.264735774697273683e-03,-5.567194451324522508e-02,2.063711541564946049e-11,5.693668028788733543e-02,-6.520475633834872733e-11,6.757401492274220595e-14,5.409106069727316266e-03,-7.468665919740544168e-02,3.333683612507094339e-11,8.009576526666406515e-02,-9.409644512865320985e-11
8.786774085565103309e-01,-3.805063769847854549e-01,-2.102544521104635772e-02,-3.438802048302493364e-01,1.086703537568727616e-09,-1.247941568436072179e+00,3.805063764499921342e-01,-1.073460615251285588e-14,1.273302041584167344e-03,-5.578988688161758830e-02,2.068979682127676629e-11,5.706318892314589386e-02,-6.535339461913756089e-11,6.895298053346027566e-14,5.431835416115363829e-03,-7.457383604930978294e-02,3.333347438878532946e-11,8.000567146500511817e-02,-9.401089930108768355e-11
8.802577636078710022e-01,-3.805063769847855104e-01,-2.102342614920404626e-02,-3.439684657375474131e-01,1.086736276417732319e-09,-1.247851288466931718e+00,3.805063764498887169e-01,-1.062453893104990590e-14,1.281904237384704718e-03,-5.590765047249011271e-02,2.074247276637008056e-11,5.718955470981834655e-02,-6.550189719865587332e-11,7.034319097709760688e-14,5.454575414619808674e-03,-7.446040970485075239e-02,3.332992559547706549e-11,7.991498511909984892e-02,-9.392471017554190635e-11
8.818381186592315624e-01,-3.805063769847855104e-01,-2.102139346443702983e-02,-3.440569126112383302e-01,1.086769098508923281e-09,-1.247760808908473962e+00,3.805063764497850776e-01,-1.051226578038344468e-14,1.290542378577489878e-03,-5.602523433401246367e-02,2.079514295524546677e-11,5.731577671253292039e-02,-6.565026306128538903e-11,7.174467308527913622e-14,5.477325615117685856e-03,-7.434638195377166192e-02,3.332618965959613399e-11,7.982370756856861649e-02,-9.383787904384959980e-11
8.834184737105922336e-01,-3.805063769847855104e-01,-2.101934709992626937e-02,-3.441455451665355603e-01,1.086802003832970318e-09,-1.247670129988666110e+00,3.805063764496812162e-01,-1.039776886632103628e-14,1.299216480928840328e-03,-5.614263751716351558e-02,2.084780709208266838e-11,5.744185399803485026e-02,-6.579849119344818969e-11,7.315745332288086813e-14,5.500085566307870433e-03,-7.423175458683910211e-02,3.332226649416012501e-11,7.973184015287691773e-02,-9.375040719626630238e-11
8.849988287619527938e-01,-3.805063769847855659e-01,-2.101728699882839113e-02,-3.442343631171551066e-01,1.086834992380075064e-09,-1.247579251936948852e+00,3.805063764495771328e-01,-1.028103031313803867e-14,1.307926559490934539e-03,-5.625985907575301731e-02,2.090046488092285671e-11,5.756778563518606673e-02,-6.594658058360420694e-11,7.458155778514691012e-14,5.522854815720580277e-03,-7.411652939583233957e-02,3.331815601076524150e-11,7.963938421133423540e-02,-9.366229592146843894e-11
8.865791838133134650e-01,-3.805063769847855659e-01,-2.101521310427677952e-02,-3.443233661753198893e-01,1.086868064139970964e-09,-1.247488174984232590e+00,3.805063764494728273e-01,-1.016203220416400818e-14,1.316672628599970538e-03,-5.637689806642318807e-02,2.095311602566635296e-11,5.769357069496496015e-02,-6.609453022224861151e-11,7.601701219481669381e-14,5.545632909726927462e-03,-7.400070817353368580e-02,3.331385811959776350e-11,7.954634108309396878e-02,-9.357354650655368258e-11
8.881595388646741362e-01,-3.805063769847856214e-01,-2.101312535938273246e-02,-3.444125540517641859e-01,1.086901219101924732e-09,-1.247396899362894107e+00,3.805063764493682443e-01,-1.004075658237370624e-14,1.325454701874340764e-03,-5.649375354865020238e-02,2.100576023007046012e-11,5.781920825046612394e-02,-6.624233910190949972e-11,7.746384189926356815e-14,5.568419393548468786e-03,-7.388429271371758922e-02,3.330937272944511172e-11,7.945271210715215693e-02,-9.348416023704012748e-11
8.897398939160346965e-01,-3.805063769847856214e-01,-2.101102370723660281e-02,-3.445019264557382943e-01,1.086934457254733238e-09,-1.247305425306774129e+00,3.805063764492634393e-01,-9.917185450982482634e-15,1.334272792212825784e-03,-5.661042458474585537e-02,2.105839719774720754e-11,5.794469737690011862e-02,-6.639000621714516641e-11,7.892207186764494157e-14,5.591213811266789249e-03,-7.376728481114080971e-02,3.330469974770724063e-11,7.935849862234713170e-02,-9.339413839686630179e-11
8.913202489673953677e-01,-3.805063769847856214e-01,-2.100890809090892250e-02,-3.445914830950125851e-01,1.086967778586726620e-09,-1.247213753051172214e+00,3.805063764491583012e-01,-9.791300774046319455e-15,1.343126911792798641e-03,-5.672691023985907549e-02,2.111102663216122491e-11,5.807003715159327756e-02,-6.653753056454189478e-11,8.039172668806343036e-14,5.614015705833119360e-03,-7.364968626153209352e-02,3.329983908040799282e-11,7.926370196735887941e-02,-9.330348226839103843e-11
8.929006040187560389e-01,-3.805063769847856214e-01,-2.100677845345155087e-02,-3.446812236758825532e-01,1.087001183085763933e-09,-1.247121882832844975e+00,3.805063764490531075e-01,-9.663084477066224726e-15,1.352017072068443073e-03,-5.684320958197739554e-02,2.116364823662750943e-11,5.819522665398726285e-02,-6.668491114271111295e-11,8.187283056473924036e-14,5.636824619077939434e-03,-7.353149886158172333e-02,3.329479063220635640e-11,7.916832348070815262e-02,-9.321219313239311319e-11
8.944809590701165991e-01,-3.805063769847856214e-01,-2.100463473789882310e-02,-3.447711479031730364e-01,1.087034670739237291e-09,-1.247029814890001864e+00,3.805063764489475808e-01,-9.532518447597119443e-15,1.360943283768997541e-03,-5.695932168192853473e-02,2.121626171430934499e-11,5.832026496563908619e-02,-6.683214695228724849e-11,8.336540731519557438e-14,5.659640091720650676e-03,-7.341272440893140128e-02,3.328955430640792275e-11,7.907236450075609546e-02,-9.312027226807143856e-11
8.960613141214772703e-01,-3.805063769847856769e-01,-2.100247688726868123e-02,-3.448612554802424346e-01,1.087068241534068555e-09,-1.246937549462302286e+00,3.805063764488418321e-01,-9.399584535861183237e-15,1.369905556897000557e-03,-5.707524561338189056e-02,2.126886676821614052e-11,5.844515117022065082e-02,-6.697923699592501421e-11,8.486948036745450307e-14,5.682461663379236722e-03,-7.329336470216386845e-02,3.328413000497626027e-11,7.897582636570335546e-02,-9.302772095304476651e-11
8.976416691728379416e-01,-3.805063769847856769e-01,-2.100030484456384336e-02,-3.449515461089876500e-01,1.087101895456710987e-09,-1.246845086790852486e+00,3.805063764487358613e-01,-9.264264555365642903e-15,1.378903900726557909e-03,-5.719098045284993354e-02,2.132146310120128767e-11,5.856988435351855038e-02,-6.712618027829691372e-11,8.638507275724524293e-14,5.705288872579939927e-03,-7.317342154079246874e-02,3.327851762854432039e-11,7.887871041358959778e-02,-9.293454046335175309e-11
8.992220242241985018e-01,-3.805063769847856769e-01,-2.099811855277295553e-02,-3.450420194898484172e-01,1.087135632493146772e-09,-1.246752427118201112e+00,3.805063764486297240e-01,-9.126540283524891775e-15,1.387938323801630493e-03,-5.730652527968982390e-02,2.137405041596015105e-11,5.869446360343389540e-02,-6.727297580609087616e-11,8.791220712522559890e-14,5.728121256767000971e-03,-7.305289672525083766e-02,3.327271707642589534e-11,7.878101798229267261e-02,-9.284073207345079042e-11
9.008023792755591730e-01,-3.805063769847857325e-01,-2.099591795487171578e-02,-3.451326753218116328e-01,1.087169452628889289e-09,-1.246659570688336327e+00,3.805063764485232536e-01,-8.986393462287023568e-15,1.397008833934325388e-03,-5.742187917610468845e-02,2.142662841502789368e-11,5.881888800998192474e-02,-6.741962258800764548e-11,8.945090571421456459e-14,5.750958352312368106e-03,-7.293179205688281319e-02,3.326672824662718575e-11,7.868275040952833754e-02,-9.274629705622056243e-11
9.023827343269197332e-01,-3.805063769847857325e-01,-2.099370299382408156e-02,-3.452235133024162961e-01,1.087203355848981251e-09,-1.246566517746684255e+00,3.805063764484166167e-01,-8.843805798764790152e-15,1.406115438203213398e-03,-5.753704122714517477e-02,2.147919680077749946e-11,5.894315666529187370e-02,-6.756611963475829883e-11,9.100119036643803646e-14,5.773799694525460179e-03,-7.281010933793155560e-02,3.326055103585815500e-11,7.858390903284921680e-02,-9.265123668295952790e-11
9.039630893782804044e-01,-3.805063769847857880e-01,-2.099147361258339034e-02,-3.453145331277572283e-01,1.087237342137994705e-09,-1.246473268540102541e+00,3.805063764483097022e-01,-8.698758965870819173e-15,1.415258142951654171e-03,-5.765201052071080440e-02,2.153175527541767615e-11,5.906726866360662020e-02,-6.771246595906180384e-11,9.256308252078736450e-14,5.796644817662936593e-03,-7.268785037152944439e-02,3.325418533954416790e-11,7.848449518964438487e-02,-9.255555222338643743e-11
9.055434444296410756e-01,-3.805063769847857880e-01,-2.098922975409353922e-02,-3.454057344924904571e-01,1.087271411480031654e-09,-1.246379823316879687e+00,3.805063764482026212e-01,-8.551234602957160944e-15,1.424436953786143659e-03,-5.776678614755134666e-02,2.158430354099086500e-11,5.919122310128242109e-02,-6.785866057564245952e-11,9.413660321009056233e-14,5.819493254938495029e-03,-7.256501696168765614e-02,3.324763105183751304e-11,7.838451021713865874e-02,-9.245924494564043684e-11
9.071237994810016358e-01,-3.805063769847857325e-01,-2.098697136129014720e-02,-3.454971170898372690e-01,1.087305563858721987e-09,-1.246286182326729719e+00,3.805063764480952626e-01,-8.401214316459181958e-15,1.433651875574672640e-03,-5.788136720126832446e-02,2.163684129937124708e-11,5.931501907678877333e-02,-6.800470250122742763e-11,9.572177305839702283e-14,5.842344538532692581e-03,-7.244161091328582547e-02,3.324088806562904153e-11,7.828395545239219544e-02,-9.236231611628133860e-11
9.087041545323623071e-01,-3.805063769847857880e-01,-2.098469837710172786e-02,-3.455886806115885945e-01,1.087339799257225341e-09,-1.246192345820789971e+00,3.805063764479876820e-01,-8.248679680543719834e-15,1.442902912445098241e-03,-5.799575277831615916e-02,2.168936825226271410e-11,5.943865569070799770e-02,-6.815059075454422528e-11,9.731861227827436311e-14,5.865198199602755617e-03,-7.231763403206123431e-02,3.323395627255965054e-11,7.818283223229963164e-02,-9.226476700028978983e-11
9.102845095837229783e-01,-3.805063769847857325e-01,-2.098241074445085855e-02,-3.456804247481098935e-01,1.087374117658229445e-09,-1.246098314051617972e+00,3.805063764478798793e-01,-8.093612237761502833e-15,1.452190067783542572e-03,-5.810994197800385674e-02,2.174188410119698789e-11,5.956213204573519021e-02,-6.829632435631833391e-11,9.892714066812045361e-14,5.888053768292474642e-03,-7.219308812459866720e-02,3.322683556303200605e-11,7.808114189358940360e-02,-9.216659886106749204e-11
9.118648646350834275e-01,-3.805063769847857880e-01,-2.098010840625533918e-02,-3.457723491883453182e-01,1.087408519043949503e-09,-1.246004087273187011e+00,3.805063764477717436e-01,-7.935993499703799259e-15,1.461513344232786811e-03,-5.822393390249585438e-02,2.179438854753153307e-11,5.968544724667758372e-02,-6.844190232927043335e-11,1.005473776094863523e-13,5.910910773742029771e-03,-7.206797499831986420e-02,3.321952582622219442e-11,7.797888577282352518e-02,-9.206781296043791199e-11
9.134452196864439877e-01,-3.805063769847857880e-01,-2.097779130542940657e-02,-3.458644536198225983e-01,1.087443003396129845e-09,-1.245909665740883909e+00,3.805063764476634969e-01,-7.775804947663235193e-15,1.470872743690706912e-03,-5.833772765681383837e-02,2.184688129244778310e-11,5.980860040045473530e-02,-6.858732369811426926e-11,1.021793420644165056e-13,5.933768744097937635e-03,-7.194229646147312640e-02,3.321202695009140634e-11,7.787606520639676899e-02,-9.196841055864644969e-11
9.150255747378046589e-01,-3.805063769847857880e-01,-2.097545938488485848e-02,-3.459567377286569823e-01,1.087477570696041862e-09,-1.245815049711505251e+00,3.805063764475549726e-01,-7.613028033298952541e-15,1.480268267308700644e-03,-5.845132234883774341e-02,2.189936203694914019e-11,5.993159061609800581e-02,-6.873258748955386141e-11,1.038230525727992862e-13,5.956627206522917620e-03,-7.181605432312235249e-02,3.320433882139752381e-11,7.777268153053581989e-02,-9.186839291436051595e-11
9.166059297891653301e-01,-3.805063769847858435e-01,-2.097311258753229227e-02,-3.460492011995563999e-01,1.087512220924484210e-09,-1.245720239443253163e+00,3.805063764474462817e-01,-7.447644179305796587e-15,1.489699915490143257e-03,-5.856471708930707787e-02,2.195183048185907862e-11,6.005441700475023376e-02,-6.887769273228116432e-11,1.054785272497333341e-13,5.979485687205852648e-03,-7.168925039313726877e-02,3.319646132570706903e-11,7.766873608129921946e-02,-9.176776128467091536e-11
9.181862848405258903e-01,-3.805063769847857880e-01,-2.097075085628223937e-02,-3.461418437158256811e-01,1.087546954061781985e-09,-1.245625235195733760e+00,3.805063764473373134e-01,-7.279634780087671880e-15,1.499167687888859407e-03,-5.867791099182224912e-02,2.200428632781931591e-11,6.017707867966567287e-02,-6.902263845697352104e-11,1.071457837829086894e-13,6.002343711371736952e-03,-7.156188648218227144e-02,3.318839434740675909e-11,7.756423019457636681e-02,-9.166651692509153604e-11
9.197666398918865616e-01,-3.805063769847858435e-01,-2.096837413404637612e-02,-3.462346649593709413e-01,1.087581770087788789e-09,-1.245530037229952924e+00,3.805063764472280674e-01,-7.108981202435153247e-15,1.508671583407604185e-03,-5.879090317284575012e-02,2.205672927528792575e-11,6.029957475620960350e-02,-6.916742369629123338e-11,1.088248394300004465e-13,6.025200803291635120e-03,-7.143396440170597661e-02,3.318013776971531265e-11,7.745916520608701894e-02,-9.156466108956015102e-11
9.213469949432472328e-01,-3.805063769847858435e-01,-2.096598236373871382e-02,-3.463276646107043555e-01,1.087616668981882803e-09,-1.245434645808311647e+00,3.805063764471186549e-01,-6.935664786206985881e-15,1.518211600196566705e-03,-5.890369275170344310e-02,2.210915902453751245e-11,6.042190435185802039e-02,-6.931204748487492522e-11,1.105157110160786020e-13,6.048056486292691450e-03,-7.130548596393118665e-02,3.317169147469543116e-11,7.735354245138102713e-02,-9.146219503043949097e-11
9.229273499946077930e-01,-3.805063769847858435e-01,-2.096357548827678177e-02,-3.464208423489485433e-01,1.087651650722969681e-09,-1.245339061194605801e+00,3.805063764470090759e-01,-6.759666845015944679e-15,1.527787735651881928e-03,-5.901627885058575995e-02,2.216157527565339500e-11,6.054406658619754245e-02,-6.945650885934329361e-11,1.122184149310313696e-13,6.070910282768122827e-03,-7.117645298184346880e-02,3.316305534326532769e-11,7.724736326583722668e-02,-9.135911999851716665e-11
9.245077050459684642e-01,-3.805063769847858990e-01,-2.096115345058281038e-02,-3.465141978518412325e-01,1.087686715289480274e-09,-1.245243283654019040e+00,3.805063764468991638e-01,-6.580968666918453287e-15,1.537399986414166335e-03,-5.912866059454881251e-02,2.221397772853179113e-11,6.066606058092488540e-02,-6.960080685829031709e-11,1.139329671270039324e-13,6.093761714187241954e-03,-7.104686726918120476e-02,3.315422925521078565e-11,7.714062898466331197e-02,-9.125543724300684505e-11
9.260880600973291354e-01,-3.805063769847858990e-01,-2.095871619358495239e-02,-3.466077307957395881e-01,1.087721862659371046e-09,-1.245147313453123017e+00,3.805063764467890297e-01,-6.399551515108514277e-15,1.547048348367064665e-03,-5.924083711151580112e-02,2.226636608287807575e-11,6.078788545984685487e-02,-6.974494052228309719e-11,1.156593831158523399e-13,6.116610301105530022e-03,-7.091673064042484931e-02,3.314521308919699137e-11,7.703334094289521206e-02,-9.115114801154903781e-11
9.276684151486896956e-01,-3.805063769847858990e-01,-2.095626366021845211e-02,-3.467014408556248206e-01,1.087757092810124279e-09,-1.245051150859871170e+00,3.805063764466786735e-01,-6.215396628615377729e-15,1.556732816635814434e-03,-5.935280753227785422e-02,2.231874003820496498e-11,6.090954034887987451e-02,-6.988890889385906676e-11,1.173976779666121360e-13,6.139455563174668618e-03,-7.078604491078616112e-02,3.313600672278036020e-11,7.692550047539636893e-02,-9.104625355021164408e-11
9.292487702000503669e-01,-3.805063769847858990e-01,-2.095379579342685969e-02,-3.467953277051069039e-01,1.087792405718746215e-09,-1.244954796143597830e+00,3.805063764465681508e-01,-6.028485223005522520e-15,1.566453385585823022e-03,-5.946457099049547168e-02,2.237109929383082304e-11,6.103102437604981945e-02,-7.003271101752372812e-11,1.191478663029819051e-13,6.162297019152637549e-03,-7.065481189619762792e-02,3.312661003242047891e-11,7.681710891685723797e-02,-9.094075510349080349e-11
9.308291252514109271e-01,-3.805063769847858990e-01,-2.095131253616324199e-02,-3.468893910164288497e-01,1.087827801361768911e-09,-1.244858249575012232e+00,3.805063764464573506e-01,-5.838798491088299501e-15,1.576210048821266455e-03,-5.957612662269948928e-02,2.242344354887791097e-11,6.115233667149173880e-02,-7.017634593974810690e-11,1.209099623008233907e-13,6.185134186913816140e-03,-7.052303341330190545e-02,3.311702289349204813e-11,7.670816760179491323e-02,-9.083465391431204649e-11
9.324094803027715983e-01,-3.805063769847859545e-01,-2.094881383139136910e-02,-3.469836304604712041e-01,1.087863279715248178e-09,-1.244761511426197842e+00,3.805063764463463838e-01,-5.646317603625646777e-15,1.586002799183698587e-03,-5.968747356829225137e-02,2.247577250227068701e-11,6.127347636744947396e-02,-7.031981270896615415e-11,1.226839796856763439e-13,6.207966583459099269e-03,-7.039071127944136752e-02,3.310724518029694108e-11,7.659867786455260008e-02,-9.072795122403122494e-11
9.339898353541322695e-01,-3.805063769847859545e-01,-2.094629962208692520e-02,-3.470780457067571545e-01,1.087898840754763989e-09,-1.244664581970607697e+00,3.805063764462350839e-01,-5.451023710045802937e-15,1.595831628750680022e-03,-5.979861096954869337e-02,2.252808585273412638e-11,6.139444259827556843e-02,-7.046311037557247164e-11,1.244699317302890228e-13,6.230793724926023819e-03,-7.025784731264686500e-02,3.309727676607594567e-11,7.648864103929872704e-02,-9.062064827243504197e-11
9.355701904054928297e-01,-3.805063769847860100e-01,-2.094376985123871243e-02,-3.471726364234561935e-01,1.087934484455419862e-09,-1.244567461483060411e+00,3.805063764461235620e-01,-5.252897939160650614e-15,1.605696528834421773e-03,-5.990953797161736871e-02,2.258038329879203140e-11,6.151523450043076824e-02,-7.060623799191962349e-11,1.262678312521654788e-13,6.253615126598926349e-03,-7.012444333162752563e-02,3.308711752302094601e-11,7.637805846002673760e-02,-9.051274629774244791e-11
9.371505454568535010e-01,-3.805063769847859545e-01,-2.094122446184988953e-02,-3.472674022773894476e-01,1.087970210791842653e-09,-1.244470150239738393e+00,3.805063764460119291e-01,-5.051921399887305700e-15,1.615597489980443889e-03,-6.002025372252165619e-02,2.263266453876542883e-11,6.163585121248399412e-02,-7.074919461231586144e-11,1.280776906111277361e-13,6.276430302919126791e-03,-6.999050115576010977e-02,3.307676732228698118e-11,7.626693146055474326e-02,-9.040424653660593271e-11
9.387309005082141722e-01,-3.805063769847859545e-01,-2.093866339693914447e-02,-3.473623429340335633e-01,1.088006019738182759e-09,-1.244372648518183633e+00,3.805063764459000186e-01,-4.848075181973165715e-15,1.625534501966252295e-03,-6.013075737316067593e-02,2.268492927077090577e-11,6.175629187511185586e-02,-7.089197929302250112e-11,1.298995217068953148e-13,6.299238767495095662e-03,-6.985602260507793593e-02,3.306622603400415529e-11,7.615526137452449662e-02,-9.029515022411209466e-11
9.403112555595747324e-01,-3.805063769847859545e-01,-2.093608659954193998e-02,-3.474574580575259808e-01,1.088041911268112885e-09,-1.244274956597294146e+00,3.805063764457878306e-01,-4.641340356724968748e-15,1.635507553800029292e-03,-6.024104807731032324e-02,2.273717719271898445e-11,6.187655563109842327e-02,-7.103459109225145344e-11,1.317333359766802268e-13,6.322040033112659441e-03,-6.972100950026040300e-02,3.305549352728971566e-11,7.604304953540122480e-02,-9.018545859378310086e-11
9.418916106109354036e-01,-3.805063769847859545e-01,-2.093349401271170016e-02,-3.475527473106687082e-01,1.088077885354828655e-09,-1.244177074757320867e+00,3.805063764456754760e-01,-4.431697977741699663e-15,1.645516633719344875e-03,-6.035112499162437888e-02,2.278940800231257766e-11,6.199664162533505274e-02,-7.117702907016288523e-11,1.335791443927988358e-13,6.344833611745247584e-03,-6.958546366262242933e-02,3.304456967026031188e-11,7.593029727647329641e-02,-9.007517287757818648e-11
9.434719656622960748e-01,-3.805063769847860100e-01,-2.093088557952108020e-02,-3.476482103549334846e-01,1.088113941971047171e-09,-1.244079003279865425e+00,3.805063764455628994e-01,-4.219129081651043825e-15,1.655561729189876504e-03,-6.046098727563541109e-02,2.284162139704539584e-11,6.211654900481999864e-02,-7.131929228886260844e-11,1.354369574603006035e-13,6.367619014564097901e-03,-6.944938691410336429e-02,3.303345433004389296e-11,7.581700593085130557e-02,-8.996429430589435274e-11
9.450523207136566350e-01,-3.805063769847859545e-01,-2.092826124306312180e-02,-3.477438468504660540e-01,1.088150081089007425e-09,-1.243980742447875043e+00,3.805063764454500452e-01,-4.003614688849826928e-15,1.665642826904149918e-03,-6.057063409175578866e-02,2.289381707420037021e-11,6.223627691865816353e-02,-7.146137981239970201e-11,1.373067852146128173e-13,6.390395751948520914e-03,-6.931278107725639959e-02,3.302214737279190184e-11,7.570317683146775278e-02,-8.985282410756794365e-11
9.466326757650173063e-01,-3.805063769847860100e-01,-2.092562094645252294e-02,-3.478396564560905513e-01,1.088186302680470298e-09,-1.243882292545640089e+00,3.805063764453370245e-01,-3.785135804247848517e-15,1.675759912780302703e-03,-6.068006460527862467e-02,2.294599473084815032e-11,6.235582451806078591e-02,-7.160329070676396566e-11,1.391886372192038442e-13,6.413163333496186766e-03,-6.917564797523806375e-02,3.301064866369154735e-11,7.558881131107682283e-02,-8.974076350987633920e-11
9.482130308163778665e-01,-3.805063769847860100e-01,-2.092296463282684871e-02,-3.479356388293144975e-01,1.088222606716717734e-09,-1.243783653858790306e+00,3.805063764452236708e-01,-3.563673418015782857e-15,1.685912971960846140e-03,-6.078927798437872704e-02,2.299815406384557570e-11,6.247519095634520431e-02,-7.174502403988346427e-11,1.410825225632611291e-13,6.435921268033389583e-03,-6.903798943179711989e-02,3.299895806697781772e-11,7.547391070225359377e-02,-8.962811373853884717e-11
9.497933858677385377e-01,-3.805063769847860100e-01,-2.092029224534776299e-02,-3.480317936263329637e-01,1.088258993168551703e-09,-1.243684826674292809e+00,3.805063764451102615e-01,-3.339208506336410791e-15,1.696101988811463037e-03,-6.089827340011360474e-02,2.305029476983420240e-11,6.259437538893458663e-02,-7.188657888162225308e-11,1.429884498593892100e-13,6.458669063625364741e-03,-6.889980727126383819e-02,3.298707544594571381e-11,7.535847633739357898e-02,-8.951487601771838327e-11
9.513737409190992089e-01,-3.805063769847860100e-01,-2.091760372721344213e-02,-3.481281205020444469e-01,1.088295462006295449e-09,-1.243585811280446984e+00,3.805063764449965191e-01,-3.111885444095450077e-15,1.706326843739488413e-03,-6.100705012744465916e-02,2.310241654981536146e-11,6.271337697119770682e-02,-7.202795436249576429e-11,1.439034133546119176e-13,6.480772912190222758e-03,-6.876172337660693690e-02,3.297502875374157700e-11,7.524249629135809636e-02,-8.940141197892683433e-11
9.529540959704597691e-01,-3.805063769847860100e-01,-2.091489902385213970e-02,-3.482246191122013168e-01,1.088332013199890880e-09,-1.243486607966928670e+00,3.805063764448826102e-01,-2.886804983329842014e-15,1.716584286847227343e-03,-6.111561050823253322e-02,2.315451924338264087e-11,6.283219479509732919e-02,-7.216915139590977535e-11,1.409373544687665828e-13,6.500407496671821439e-03,-6.862552619749069660e-02,3.296289879208571174e-11,7.512593369668045529e-02,-8.928876131897463311e-11
9.545344510218204404e-01,-3.805063769847860100e-01,-2.091217808558921629e-02,-3.483212891160250013e-01,1.088368646719013970e-09,-1.243387217024842117e+00,3.805063764447684238e-01,-2.666446102967498380e-15,1.726872722869253344e-03,-6.122395526646369490e-02,2.320660261648396475e-11,6.295082798935447421e-02,-7.231016995513167001e-11,1.379280541038722143e-13,6.519995540802958622e-03,-6.848884506778107895e-02,3.295057793941018739e-11,7.500884061105836387e-02,-8.917554624572460904e-11
9.561148060731811116e-01,-3.805063769847860100e-01,-2.090944086350321821e-02,-3.484181301721517299e-01,1.088405362532893807e-09,-1.243287638746629620e+00,3.805063764446540153e-01,-2.450877224569620570e-15,1.737192077807504613e-03,-6.133208363882326764e-02,2.325866636733547916e-11,6.306927571665615906e-02,-7.245100914918299294e-11,1.348754053812199631e-13,6.539536478003321260e-03,-6.835168188423043634e-02,3.293806605855287120e-11,7.489121836466376692e-02,-8.906176801793546009e-11
9.576951611245416718e-01,-3.805063769847860100e-01,-2.090668730879033724e-02,-3.485151419380137505e-01,1.088442160610281162e-09,-1.243187873426054413e+00,3.805063764445394403e-01,-2.240166937291890637e-15,1.747542276769031453e-03,-6.143999486499322760e-02,2.331071019393582044e-11,6.318753714179144165e-02,-7.259166808907271946e-11,1.317793030838560156e-13,6.559029742340570165e-03,-6.821403854279010914e-02,3.292536301141285152e-11,7.477306828751574541e-02,-8.894742789204560382e-11
9.592755161759023430e-01,-3.805063769847860100e-01,-2.090391737276583659e-02,-3.486123240698443260e-01,1.088479040919450348e-09,-1.243087921358199566e+00,3.805063764444245877e-01,-2.034383995250797624e-15,1.757923243967033202e-03,-6.154768818765123800e-02,2.336273379406465793e-11,6.330561143165119864e-02,-7.273214588779363668e-11,1.286396436661710878e-13,6.578474768548172105e-03,-6.807591693859185722e-02,3.291246865896216694e-11,7.465439170947947567e-02,-8.883252712216985575e-11
9.608558712272630142e-01,-3.805063769847860655e-01,-2.090113100686545253e-02,-3.487096762226818969e-01,1.088516003428197158e-09,-1.242987782839461541e+00,3.805063764443095131e-01,-1.833597314874642652e-15,1.768334902721928337e-03,-6.165516285246928213e-02,2.341473686528122382e-11,6.342349775522780619e-02,-7.287244166031863403e-11,1.254563252634222158e-13,6.597870992043202397e-03,-6.793731896592997144e-02,3.289938286125794908e-11,7.453518996026638199e-02,-8.871706696009750359e-11
9.624362262786235744e-01,-3.805063769847860655e-01,-2.089832816264680648e-02,-3.488071980503754665e-01,1.088553048103839272e-09,-1.242887458167549086e+00,3.805063764441942720e-01,-1.637875972239826414e-15,1.778777175462441717e-03,-6.176241810811233801e-02,2.346671910492286230e-11,6.354119528361494573e-02,-7.301255452359703273e-11,1.222292477011948213e-13,6.617217848944107611e-03,-6.779824651824345461e-02,3.288610547745444251e-11,7.441546436943383136e-02,-8.860104865529007127e-11
9.640165813299842457e-01,-3.805063769847860655e-01,-2.089550879179080667e-02,-3.489048892055889306e-01,1.088590174913216465e-09,-1.242786947641479456e+00,3.805063764440787533e-01,-1.447289200392031765e-15,1.789249983726733020e-03,-6.186945320623694899e-02,2.351868021010363376e-11,6.365870319000735411e-02,-7.315248359655088926e-11,1.189583125047963402e-13,6.636514776088429240e-03,-6.765870148809768891e-02,3.287263636581499243e-11,7.429521626638478649e-02,-8.848447345487877272e-11
9.655969363813449169e-01,-3.805063769847860655e-01,-2.089267284610307404e-02,-3.490027493398059066e-01,1.088627383822688958e-09,-1.242686251561574640e+00,3.805063764439630680e-01,-1.261906386652687547e-15,1.799753248163544475e-03,-6.197626740148994007e-02,2.357061987771290918e-11,6.377602064970060158e-02,-7.329222800007136357e-11,1.156434229085859611e-13,6.655761211050490074e-03,-6.751868576716660297e-02,3.285897538372412282e-11,7.417444698036751438e-02,-8.836734260366250863e-11
9.671772914327054771e-01,-3.805063769847860655e-01,-2.088982027751533008e-02,-3.491007781033343416e-01,1.088664674798138238e-09,-1.242585370229458475e+00,3.805063764438471052e-01,-1.081797069910698265e-15,1.810286888533381563e-03,-6.208285995150688436e-02,2.362253780441399365e-11,6.389314684009074485e-02,-7.343178685701495796e-11,1.122844838652367864e-13,6.674956592159050212e-03,-6.737820124621508866e-02,3.284512238769971794e-11,7.405315784047564187e-02,-8.824965734410599230e-11
9.687576464840661483e-01,-3.805063769847860655e-01,-2.088695103808679496e-02,-3.491989751453115631e-01,1.088702047804966649e-09,-1.242484303948052649e+00,3.805063764437309759e-01,-9.070309378997236083e-16,1.820850823709715396e-03,-6.218923011691075003e-02,2.367443368664274345e-11,6.401008094067424381e-02,-7.357115929219987232e-11,1.088814020549351113e-13,6.694100358514906701e-03,-6.723724981508065468e-02,3.283107723340493889e-11,7.393135017564750333e-02,-8.813141891633742322e-11
9.703380015354267085e-01,-3.805063769847860100e-01,-2.088406508000562045e-02,-3.492973401137084988e-01,1.088739502808095116e-09,-1.242383053021574479e+00,3.805063764436145690e-01,-7.376778244607523214e-16,1.831444971680220007e-03,-6.229537716131038072e-02,2.372630722060628005e-11,6.412682213304755907e-02,-7.371034443240235939e-11,1.054340858945074058e-13,6.713191950008463686e-03,-6.709583336265592668e-02,3.281683977566050858e-11,7.380902531466607130e-02,-8.801262855814669055e-11
9.719183565867873797e-01,-3.805063769847860100e-01,-2.088116235559023953e-02,-3.493958726553349492e-01,1.088777039771966246e-09,-1.242281617755532475e+00,3.805063764434979956e-01,-5.738077067905129659e-16,1.842069249548031326e-03,-6.240130035129892033e-02,2.377815810228158773e-11,6.424336960090704096e-02,-7.384934140635286024e-11,1.019424455464843393e-13,6.732230807337261785e-03,-6.695395377687093919e-02,3.280240986845683505e-11,7.368618458615895650e-02,-8.789328750498382212e-11
9.734987116381480510e-01,-3.805063769847860100e-01,-2.087824281729079925e-02,-3.494945724158438072e-01,1.088814658660539985e-09,-1.242179998456724110e+00,3.805063764433811446e-01,-4.154907026754502034e-16,1.852723573533041502e-03,-6.250699895645239756e-02,2.382998602741429227e-11,6.435972253004856869e-02,-7.398814934473251463e-11,9.840639292809323945e-14,6.751216372023464973e-03,-6.681161294467516387e-02,3.278778736496610255e-11,7.356282931859781105e-02,-8.777339698995683897e-11
9.750790666895086112e-01,-3.805063769847860100e-01,-2.087530641769055895e-02,-3.495934390397361091e-01,1.088852359437297139e-09,-1.242078195433231391e+00,3.805063764432641271e-01,-2.627970677116877040e-16,1.863407858973208401e-03,-6.261247224932806055e-02,2.388179069151731670e-11,6.447588010836735606e-02,-7.412676738016929651e-11,9.482584172018503119e-14,6.770148086431294551e-03,-6.666881275202009294e-02,3.277297211755451769e-11,7.343896084029830074e-02,-8.765295824383034652e-11
9.766594217408692824e-01,-3.805063769847860100e-01,-2.087235310950725370e-02,-3.496924721703657535e-01,1.088890142065235849e-09,-1.241976208994418407e+00,3.805063764431468876e-01,-1.157971925108428348e-16,1.874122020325907391e-03,-6.271771950546288499e-02,2.393357178986966000e-11,6.459184152585777106e-02,-7.426519464723439512e-11,9.120070737609025479e-14,6.789025393784446638e-03,-6.652555508384148941e-02,3.275796397779452324e-11,7.331458047941992462e-02,-8.753197249502391903e-11
9.782397767922299536e-01,-3.805063769847860655e-01,-2.086938284559450990e-02,-3.497916714499438307e-01,1.088928006506873047e-09,-1.241874039450927558e+00,3.805063764430293705e-01,2.543840010808229963e-17,1.884865971169297433e-03,-6.282274000337186026e-02,2.398532901751512071e-11,6.470760597461291952e-02,-7.440343028243850558e-11,8.753090713040524688e-14,6.807847738183438538e-03,-6.638184182404188727e-02,3.274276279647697973e-11,7.318968956396568193e-02,-8.741044096961057443e-11
9.798201318435905138e-01,-3.805063769847860655e-01,-2.086639557894321914e-02,-3.498910365195437300e-01,1.088965952724243004e-09,-1.241771687114676226e+00,3.805063764429116868e-01,1.608390579406315347e-16,1.895639624203727079e-03,-6.292753302454641429e-02,2.403706206926109498e-11,6.482317264882461738e-02,-7.454147342422811952e-11,8.381636000770925547e-14,6.826614564622936893e-03,-6.623767485547299438e-02,3.272736842362345031e-11,7.306428942178203045e-02,-8.728836489131549483e-11
9.814004868949511851e-01,-3.805063769847860655e-01,-2.086339126268293639e-02,-3.499905670191055806e-01,1.089003980678898572e-09,-1.241669152298854106e+00,3.805063764427938366e-01,2.903340022325235908e-16,1.906442891253152389e-03,-6.303209785345266492e-02,2.408877063967735841e-11,6.493854074478291882e-02,-7.467932321298168644e-11,8.005698683121069624e-14,6.845325319009000833e-03,-6.609305605991835919e-02,3.271178070849845986e-11,7.293838138055849796e-02,-8.716574548151450136e-11
9.829808419463118563e-01,-3.805063769847860655e-01,-2.086036985008325392e-02,-3.500902625874411367e-01,1.089042090331908702e-09,-1.241566435317918549e+00,3.805063764426757089e-01,4.138523305289243683e-16,1.917275683266599301e-03,-6.313643377752978236e-02,2.414045442309485757e-11,6.505370946087601913e-02,-7.481697879100607233e-11,7.625271023132214632e-14,6.863979448176340745e-03,-6.594798731807587078e-02,3.269599949962175403e-11,7.281196676782769606e-02,-8.704258395923305899e-11
9.845611969976724165e-01,-3.805063769847860100e-01,-2.085733129455518212e-02,-3.501901228622384399e-01,1.089080281643859271e-09,-1.241463536487592778e+00,3.805063764425573591e-01,5.313230195371944093e-16,1.928137910319639237e-03,-6.324054008718824060e-02,2.419211311360459205e-11,6.516867799758993551e-02,-7.495443930253282446e-11,7.240345465416410080e-14,6.882576399905481618e-03,-6.580247050954039778e-02,3.268002464478064885e-11,7.268504691096502879e-02,-8.691888154114506162e-11
9.861415520490330877e-01,-3.805063769847860100e-01,-2.085427554965254074e-02,-3.502901474800665382e-01,1.089118554574853084e-09,-1.241360456124862122e+00,3.805063764424387873e-01,6.426749280030421520e-16,1.939029481615901340e-03,-6.334441607580805489e-02,2.424374640505644473e-11,6.528344555750836831e-02,-7.509170389371431979e-11,6.850914636999569955e-14,6.901115622939898650e-03,-6.565650751278631625e-02,3.266385599104227680e-11,7.255762313718835954e-02,-8.679463944157147496e-11
9.877219071003937589e-01,-3.805063769847860100e-01,-2.085120256907332936e-02,-3.503903360763798713e-01,1.089156909084508425e-09,-1.241257194547969567e+00,3.805063764423199935e-01,7.478367995999025913e-16,1.949950305488606624e-03,-6.344806103973700540e-02,2.429535399105803799e-11,6.539801134531229854e-02,-7.522877171262022364e-11,6.456971348157455764e-14,6.919596567003123352e-03,-6.551010020515070364e-02,3.264749338476605276e-11,7.242969677355831637e-02,-8.666985887248007805e-11
9.893022621517543191e-01,-3.805063769847860100e-01,-2.084811230666109086e-02,-3.504906882855234329e-01,1.089195345131959055e-09,-1.241153752076413541e+00,3.805063764422009220e-01,8.467372658314921601e-16,1.960900289402125324e-03,-6.355147427828880535e-02,2.434693556497362538e-11,6.551237456777979362e-02,-7.536564190923358639e-11,6.058508593244267001e-14,6.938018682815751646e-03,-6.536325046281564466e-02,3.263093667161590071e-11,7.230126914697752871e-02,-8.654454104348383475e-11
9.908826172031149904e-01,-3.805063769847860100e-01,-2.084500471640630265e-02,-3.505912037407370452e-01,1.089233862675854423e-09,-1.241050129030945026e+00,3.805063764420817396e-01,9.393048489474089047e-16,1.971879339953573704e-03,-6.365465509374131081e-02,2.439849081992303182e-11,6.562653443378582696e-02,-7.550231363544727628e-11,5.655519551513902141e-14,6.956381422112469307e-03,-6.521596016079121705e-02,3.261418569657265502e-11,7.217234158419075229e-02,-8.641868716184036382e-11
9.924629722544755506e-01,-3.805063769847860655e-01,-2.084187975244772631e-02,-3.506918820741604104e-01,1.089272461674358628e-09,-1.240946325733562894e+00,3.805063764419622796e-01,1.025467964871671508e-15,1.982887362874427139e-03,-6.375760279133459163e-02,2.445001944878055498e-11,6.574049015430193099e-02,-7.563878604506019249e-11,5.247997587933652263e-14,6.974684237658995874e-03,-6.506823117289875502e-02,3.259724030394662968e-11,7.204291541178507730e-02,-8.629229843245171922e-11
9.940433273058362218e-01,-3.805063769847860655e-01,-2.083873736907379537e-02,-3.507927229168373850e-01,1.089311142085149802e-09,-1.240842342507511908e+00,3.805063764418426531e-01,1.105154926143967354e-15,1.993924263032158337e-03,-6.386031667926903022e-02,2.450152114417392163e-11,6.585424094239600290e-02,-7.577505829377350403e-11,4.835936253990967829e-14,6.992926583268960043e-03,-6.492006537175309955e-02,3.258010033738974171e-11,7.191299195618895690e-02,-8.616537605786290372e-11
9.956236823571968930e-01,-3.805063769847860655e-01,-2.083557752072396144e-02,-3.508937258987211982e-01,1.089349903865420727e-09,-1.240738179677278286e+00,3.805063764417228045e-01,1.178293944873717512e-15,2.004989944431915042e-03,-6.396279606870354517e-02,2.455299559848328596e-11,6.596778601323208258e-02,-7.591112953918701791e-11,4.419329288492072438e-14,7.011107913820781995e-03,-6.477146462874622257e-02,3.256276563990819671e-11,7.178257254367281792e-02,-8.603792123826197238e-11
9.972040374085574532e-01,-3.805063769847860655e-01,-2.083240016199005423e-02,-3.509948906486783926e-01,1.089388746971877390e-09,-1.240633837568586806e+00,3.805063764416027894e-01,1.244813135706622782e-15,2.016084310218210947e-03,-6.406504027375349575e-02,2.460444250384016979e-11,6.608112458407003342e-02,-7.604699894079539222e-11,3.998170618353466730e-14,7.029227685274455975e-03,-6.462243081403010181e-02,3.254523605387482551e-11,7.165165850034858896e-02,-8.590993517147950256e-11
9.987843924599181245e-01,-3.805063769847860655e-01,-2.082920524761766937e-02,-3.510962167944942647e-01,1.089427671360739810e-09,-1.240529316508398594e+00,3.805063764414824967e-01,1.304640518803652541e-15,2.027207262676646981e-03,-6.416704861148871120e-02,2.465586155212649637e-11,6.619425587426526481e-02,-7.618266565998438793e-11,3.572454359385880683e-14,7.047285354688291245e-03,-6.447296579649966497e-02,3.252751142104153709e-11,7.152025115216949225e-02,-8.578141905298806403e-11
1.000364747511278685e+00,-3.805063769847860655e-01,-2.082599273250748326e-02,-3.511977039628769170e-01,1.089466676987739763e-09,-1.240424616824905568e+00,3.805063764413619820e-01,1.357704022832427976e-15,2.038358703235663809e-03,-6.426882040193158951e-02,2.470725243497363729e-11,6.630717910526867653e-02,-7.631812886002721123e-11,3.142174817070271037e-14,7.065280380235636551e-03,-6.432307144377616415e-02,3.250959158255186204e-11,7.138835182493016851e-02,-8.565237407590205097e-11
1.001945102562639356e+00,-3.805063769847860100e-01,-2.082276257171663744e-02,-3.512993517794623655e-01,1.089505763808121813e-09,-1.240319738847529107e+00,3.805063764412412453e-01,1.403931487970744113e-15,2.049538532468315154e-03,-6.437035496805494639e-02,2.475861484376141072e-11,6.641989350062608988e-02,-7.645338770608068781e-11,2.707326487326472844e-14,7.083212221221506580e-03,-6.417274962219032819e-02,3.249147637895341193e-11,7.125596184426634394e-02,-8.552280143097759149e-11
1.003525457614000027e+00,-3.805063769847860100e-01,-2.081951472046007778e-02,-3.514011598688188132e-01,1.089544931776643318e-09,-1.240214682906915611e+00,3.805063764411203420e-01,1.443250668922208741e-15,2.060746650094071476e-03,-6.447165163578011393e-02,2.480994846961720905e-11,6.653239828597830308e-02,-7.658844136518165687e-11,2.267904057273963673e-14,7.101080338099196275e-03,-6.402200219676577875e-02,3.247316565021044211e-11,7.112308253565492733e-02,-8.539270230661248298e-11
1.005105812665360698e+00,-3.805063769847860100e-01,-2.081624913411189715e-02,-3.515031278544517579e-01,1.089584180847572562e-09,-1.240109449334934499e+00,3.805063764409991611e-01,1.475589237943818984e-15,2.071982954980643166e-03,-6.457270973397477576e-02,2.486125300341505861e-11,6.664469268906074439e-02,-7.672328900624321005e-11,1.823902405985231455e-14,7.118884192486829229e-03,-6.387083103120215488e-02,3.245465923571635639e-11,7.098971522441370474e-02,-8.526207788884603705e-11
1.006686167716721370e+00,-3.805063769847860100e-01,-2.081296576820668501e-02,-3.516052553588081553e-01,1.089623510974689176e-09,-1.240004038464672442e+00,3.805063764408777582e-01,1.500874787885440787e-15,2.083247345145840170e-03,-6.467352859445077429e-02,2.491252813577470522e-11,6.675677593970302803e-02,-7.685792980005085276e-11,1.375316605230322704e-14,7.136623247183820212e-03,-6.371923798785868176e-02,3.243595697430625045e-11,7.085586123570125627e-02,-8.513092936135935092e-11
1.008266522768081819e+00,-3.805063769847859545e-01,-2.080966457844087708e-02,-3.517075420032815258e-01,1.089662922111284131e-09,-1.239898450630433357e+00,3.805063764407562443e-01,1.519034835240907541e-15,2.094539717759447226e-03,-6.477410755196219561e-02,2.496377355706078704e-11,6.686864726982903739e-02,-7.699236291925892406e-11,9.221419202151374373e-15,7.154296966187360246e-03,-6.356722492773768385e-02,3.241705870426957802e-11,7.072152189451717808e-02,-8.499925790547561764e-11
1.009846877819442490e+00,-3.805063769847860100e-01,-2.080634552067407717e-02,-3.518099874082161738e-01,1.089702414210158501e-09,-1.239792686167731750e+00,3.805063764406344529e-01,1.529996823210796209e-15,2.105859969145131624e-03,-6.487444594420292698e-02,2.501498895738192985e-11,6.698030591345634222e-02,-7.712658753838674512e-11,4.643738103102926336e-15,7.171904814708764640e-03,-6.341479371046793156e-02,3.239796426336257798e-11,7.058669852570149950e-02,-8.486706470016011312e-11
1.011427232870803161e+00,-3.805063769847860655e-01,-2.080300855093041024e-02,-3.519125911929122386e-01,1.089741987223623257e-09,-1.239686745413292046e+00,3.805063764405124949e-01,1.533688124776617096e-15,2.117207994782377856e-03,-6.497454311180481112e-02,2.506617402658998766e-11,6.709175110669626796e-02,-7.726060283381507780e-11,2.007929773120098227e-17,7.189446259189833169e-03,-6.326194619428815447e-02,3.237867348882095998e-11,7.045139245393479410e-02,-8.473435092202060979e-11
1.013007587922163832e+00,-3.805063769847860100e-01,-2.079965362539983390e-02,-3.520153529756300248e-01,1.089781641103499469e-09,-1.239580628705043264e+00,3.805063764403903148e-01,1.530036045786379771e-15,2.128583689308434848e-03,-6.507439839833518980e-02,2.511732845427914130e-11,6.720298208775334070e-02,-7.739440798378215681e-11,-4.649598715387767629e-15,7.206920767319116572e-03,-6.310868423603141486e-02,3.235918621737266109e-11,7.031560500373860989e-02,-8.460111774530848805e-11
1.014587942973524504e+00,-3.805063769847860100e-01,-2.079628070043949839e-02,-3.521182723735947206e-01,1.089821375801116865e-09,-1.239474336382117903e+00,3.805063764402678017e-01,1.518967828051340907e-15,2.139986946520315656e-03,-6.517401115029466951e-02,2.516845192978519073e-11,6.731399809692527325e-02,-7.752800216838018714e-11,-9.365335474622312402e-15,7.224327808048143160e-03,-6.295500969110763567e-02,3.233950228525020181e-11,7.017933749947442845e-02,-8.446736634191833565e-11
1.016168298024885175e+00,-3.805063769847860100e-01,-2.079288973257504072e-02,-3.522213490030012828e-01,1.089861191267314860e-09,-1.239367868784847060e+00,3.805063764401452331e-01,1.500410652453856311e-15,2.151417659376790234e-03,-6.527338071711495660e-02,2.521954414218469555e-11,6.742479837660249331e-02,-7.766138456955140193e-11,-1.412716854830527338e-14,7.241666851607573424e-03,-6.280092441348825161e-02,3.231962152820355261e-11,7.004259126534438662e-02,-8.433309788138930479e-11
1.017748653076245624e+00,-3.805063769847860100e-01,-2.078948067850192385e-02,-3.523245824790185998e-01,1.089901087452440284e-09,-1.239261226254756432e+00,3.805063764400223869e-01,1.474291642066216670e-15,2.162875720000428503e-03,-6.537250645115669223e-02,2.527060478029432237e-11,6.753538217126818510e-02,-7.779455437108462463e-11,-1.893513352783959382e-14,7.258937369523352917e-03,-6.264643025568993051e-02,3.229954378151276785e-11,6.990536762539102666e-02,-8.419831353090578415e-11
1.019329008127606295e+00,-3.805063769847860100e-01,-2.078605349508676550e-02,-3.524279724157944882e-01,1.089941064306348827e-09,-1.239154409134565205e+00,3.805063764398993187e-01,1.440537865280256961e-15,2.174361019679656865e-03,-6.547138770770673244e-02,2.532163353267001429e-11,6.764574872749767875e-02,-7.792751075861119761e-11,-2.378926402088856228e-14,7.276138834632717677e-03,-6.249152906875816288e-02,3.227926888000062608e-11,6.976766790349710201e-02,-8.406301445529805812e-11
1.020909363178966967e+00,-3.805063769847860100e-01,-2.078260813936862531e-02,-3.525315184264603552e-01,1.089981121778403388e-09,-1.239047417768180948e+00,3.805063764397760839e-01,1.399076338947733228e-15,2.185873448870845077e-03,-6.557002384497628844e-02,2.537263008760635446e-11,6.775589729395854743e-02,-7.806025291960162181e-11,-2.868959164464042037e-14,7.293270721100224806e-03,-6.233622270225123996e-02,3.225879665804528336e-11,6.962949342338550784e-02,-8.392720181704323732e-11
1.022489718230327638e+00,-3.805063769847860100e-01,-2.077914456856035444e-02,-3.526352201231352512e-01,1.090021259817473865e-09,-1.238940252500697614e+00,3.805063764396525716e-01,1.349834031531213086e-15,2.197412897200414807e-03,-6.566841422409822049e-02,2.542359413313580668e-11,6.786582712141005225e-02,-7.819278004336149833e-11,-3.363614601916196350e-14,7.310332504433689378e-03,-6.218051300422483552e-02,3.223812694959314622e-11,6.949084550861965581e-02,-8.379087677626670620e-11
1.024070073281688309e+00,-3.805063769847859545e-01,-2.077566274004988278e-02,-3.527390771169313100e-01,1.090061478371937570e-09,-1.238832913678390879e+00,3.805063764395289483e-01,1.292737866265477420e-15,2.208979253466976378e-03,-6.576655820912490069e-02,2.547452535702812416e-11,6.797553746270315611e-02,-7.832509132102820685e-11,-3.862895476082897352e-14,7.327323661500071902e-03,-6.202440182121527618e-02,3.221725958817144746e-11,6.935172548260287728e-02,-8.365404049074280804e-11
1.025650428333048758e+00,-3.805063769847859545e-01,-2.077216261140151995e-02,-3.528430890179578006e-01,1.090101777389677575e-09,-1.238725401648715918e+00,3.805063764394050474e-01,1.227714724329137424e-15,2.220572405643488935e-03,-6.586445516702549297e-02,2.552542344678961922e-11,6.808502757278002415e-02,-7.845718594556671796e-11,-4.366804347584666987e-14,7.344243670541284255e-03,-6.186789099822419952e-02,3.219619440690102858e-11,6.921213466857870089e-02,-8.351669411589617619e-11
1.027230783384409429e+00,-3.805063769847860655e-01,-2.076864414035728759e-02,-3.529472554353257907e-01,1.090142156818082711e-09,-1.238617716760303411e+00,3.805063764392809800e-01,1.154691448026564821e-15,2.232192240879442291e-03,-6.596210446768381586e-02,2.557628808966255261e-11,6.819429670867394044e-02,-7.858906311176624570e-11,-4.875343575384384983e-14,7.361092011189986073e-03,-6.171098237870280973e-02,3.217493123850918702e-11,6.907207438963100521e-02,-8.337883880480347890e-11
1.028811138435770101e+00,-3.805063769847860100e-01,-2.076510728483818916e-02,-3.530515759771529760e-01,1.090182616604048398e-09,-1.238509859362956878e+00,3.805063764391566350e-01,1.073594843979704140e-15,2.243838645503076507e-03,-6.605950548389574739e-02,2.562711897262456485e-11,6.830334412950903045e-02,-7.872072201623643478e-11,-5.388515316156255655e-14,7.377868164485278796e-03,-6.155367780453596671e-02,3.215346991534238107e-11,6.893154596868376893e-02,-8.324047570819441454e-11
1.030391493487130772e+00,-3.805063769847860100e-01,-2.076155200294551445e-02,-3.531560502505680654e-01,1.090223156693973744e-09,-1.238401829807648902e+00,3.805063764390321235e-01,9.843516863300119952e-16,2.255511505023603640e-03,-6.615665759136675483e-02,2.567791578238804290e-11,6.841216909649998346e-02,-7.885216185740363825e-11,-5.906321523661827142e-14,7.394571612888350270e-03,-6.139597911602646257e-02,3.213181026937894781e-11,6.879055072850093211e-02,-8.310160597445324962e-11
1.031971848538491443e+00,-3.805063769847859545e-01,-2.075797825296214066e-02,-3.532606778617154997e-01,1.090263777033764033e-09,-1.238293628446518024e+00,3.805063764389074454e-01,8.868887199499353712e-16,2.267210704133480227e-03,-6.625356016870934117e-02,2.572867820539954499e-11,6.852077087295173341e-02,-7.898338183550718225e-11,-6.428763948135941443e-14,7.411201840298069915e-03,-6.123788815187953399e-02,3.210995213224201486e-11,6.864908999168661818e-02,-8.296223074962055071e-11
1.033552203589852114e+00,-3.805063769847860100e-01,-2.075438599335381953e-02,-3.533654584157599476e-01,1.090304477568827413e-09,-1.238185255632865189e+00,3.805063764387824898e-01,7.811326636642424850e-16,2.278936126710683248e-03,-6.635021259744056099e-02,2.577940592783926431e-11,6.862914872425930624e-02,-7.911438115259564374e-11,-6.955844135679938191e-14,7.427758332066521432e-03,-6.107940674918769380e-02,3.208789533521236048e-11,6.850716508068539767e-02,-8.282235117739526531e-11
1.035132558641212563e+00,-3.805063769847860100e-01,-2.075077518277044369e-02,-3.534703915168910804e-01,1.090345258244076962e-09,-1.238076711721150414e+00,3.805063764386573677e-01,6.670102134807821123e-16,2.290687655821023374e-03,-6.644661426197949472e-02,2.583009863562052164e-11,6.873730191790763944e-02,-7.924515901252336078e-11,-7.487563427664006060e-14,7.444240575014464401e-03,-6.092053674341457725e-02,3.206563970924106036e-11,6.836477731778173306e-02,-8.268196839913587214e-11
1.036712913692573235e+00,-3.805063769847859545e-01,-2.074714578004736854e-02,-3.535754767683278454e-01,1.090386119003928627e-09,-1.237967997066990566e+00,3.805063764385320235e-01,5.444480458305857887e-16,2.302465173720473404e-03,-6.654276454964444532e-02,2.588075601438916440e-11,6.884522972347094372e-02,-7.937571462094633546e-11,-8.023922960138086682e-14,7.460648057446717801e-03,-6.076127996838012052e-02,3.204318508496248341e-11,6.822192802510031184e-02,-8.254108355386272056e-11
1.038293268743933906e+00,-3.805063769847860100e-01,-2.074349774420663345e-02,-3.536807137723232963e-01,1.090427059792301422e-09,-1.237859112027154040e+00,3.805063764384064573e-01,4.133728208173235835e-16,2.314268561857533556e-03,-6.663866285065074557e-02,2.593137774952322734e-11,6.895293141261309156e-02,-7.950604718531905437e-11,-8.564923663251067288e-14,7.476980269167567833e-03,-6.060163825624504536e-02,3.202053129270711308e-11,6.807861852460618535e-02,-8.239969777826002088e-11
1.039873623795294577e+00,-3.805063769847859545e-01,-2.073983103445830103e-02,-3.537861021301691444e-01,1.090468080552616607e-09,-1.237750056959559863e+00,3.805063764382807245e-01,2.737111854757334631e-16,2.326097700875603275e-03,-6.673430855810762174e-02,2.598196352613229606e-11,6.906040625908671515e-02,-7.963615591489027518e-11,-9.110566260678962575e-14,7.493236701495976232e-03,-6.044161343749580168e-02,3.199767816251446554e-11,6.793485013810472706e-02,-8.225781220667805457e-11
1.041453978846655248e+00,-3.805063769847859545e-01,-2.073614561020166794e-02,-3.538916414422002554e-01,1.090509181227798512e-09,-1.237640832223271925e+00,3.805063764381547697e-01,1.253897770391406729e-16,2.337952470615397692e-03,-6.682970106801600085e-02,2.603251302905719029e-11,6.916765353873338684e-02,-7.976604002069976959e-11,-9.660851269061525389e-14,7.509416847280844104e-03,-6.028120734092882321e-02,3.197462552414578827e-11,6.779062418724127181e-02,-8.211542797113478983e-11
1.043034333898015698e+00,-3.805063769847860100e-01,-2.073244143102656936e-02,-3.539973313077992567e-01,1.090550361760272266e-09,-1.237531438178497423e+00,3.805063764380286484e-01,-3.166477378428080395e-17,2.349832750117368443e-03,-6.692483977926542982e-02,2.608302594286946307e-11,6.927467252948321663e-02,-7.989569871557436841e-11,-1.021577899744770402e-13,7.525520200916157795e-03,-6.012042179363624728e-02,3.195137320709725613e-11,6.764594199350200399e-02,-8.197254620131919025e-11
1.044614688949376369e+00,-3.805063769847860100e-01,-2.072871845671463154e-02,-3.541031713254010893e-01,1.090591622091964827e-09,-1.237421875186583531e+00,3.805063764379022495e-01,-1.975258395264816432e-16,2.361738417624161326e-03,-6.701972409363164684e-02,2.613350195187099367e-11,6.938146251135449138e-02,-8.002513121412438140e-11,-1.077534954674974415e-13,7.541546258356068844e-03,-5.995925862099017040e-02,3.192792104061259878e-11,6.750080487821311093e-02,-8.182916802459267539e-11
1.046195044000737040e+00,-3.805063769847860100e-01,-2.072497664724052419e-02,-3.542091610924975598e-01,1.090632962164303534e-09,-1.237312143610012960e+00,3.805063764377756841e-01,-3.722667926659602301e-16,2.373669350583094365e-03,-6.711435341577376423e-02,2.618394074009364180e-11,6.948802276645370257e-02,-8.015433673273992663e-11,-1.133956280920601494e-13,7.557494517129949643e-03,-5.979771964662822237e-02,3.190426885369624512e-11,6.735521416254162952e-02,-8.168529456599237775e-11
1.047775399052097711e+00,-3.805063769847860100e-01,-2.072121596277322689e-02,-3.543153002056417256e-01,1.090674381918216940e-09,-1.237202243812401292e+00,3.805063764376489521e-01,-5.559610023258599240e-16,2.385625425648657972e-03,-6.720872715323150670e-02,2.623434199129885019e-11,6.959435257897500504e-02,-8.028331448958728577e-11,-1.190841846785296199e-13,7.573364476357331149e-03,-5.963580669243823823e-02,3.188041647512610583e-11,6.720917116749487719e-02,-8.154092694823318486e-11
1.049355754103458382e+00,-3.805063769847860100e-01,-2.071743636367726418e-02,-3.544215882604529466e-01,1.090715881294133150e-09,-1.237092176158493873e+00,3.805063764375219426e-01,-7.486818309637069306e-16,2.397606518685040707e-03,-6.730284471642238031e-02,2.628470538897726980e-11,6.970045123520014763e-02,-8.041206370460507834e-11,-1.248191599600560642e-13,7.589155636762805017e-03,-5.947352157854370741e-02,3.185636373346660788e-11,6.706267721392099312e-02,-8.139606629171082835e-11
1.050936109154819054e+00,-3.805063769847859545e-01,-2.071363781051396846e-02,-3.545280248516209376e-01,1.090757460231979413e-09,-1.236981941014162478e+00,3.805063764373947666e-01,-9.505026310529061426e-16,2.409612504768674120e-03,-6.739670551863896630e-02,2.633503061634849806e-11,6.980631802349812620e-02,-8.054058359950084958e-11,-1.306005465674672906e-13,7.604867500690879779e-03,-5.931086612328891061e-02,3.183211045708162572e-11,6.691573362250875789e-02,-8.125071371450452051e-11
1.052516464206179503e+00,-3.805063769847860100e-01,-2.070982026404271856e-02,-3.546346095729104309e-01,1.090799118671183155e-09,-1.236871538746401766e+00,3.805063764372673685e-01,-1.161496741756524269e-15,2.421643258190809243e-03,-6.749030897604607615e-02,2.638531735636070406e-11,6.991195223432496164e-02,-8.066887339774716725e-11,-1.364283350242565599e-13,7.620499572120718185e-03,-5.914784214322429956e-02,3.180765647414743829e-11,6.676834171378773219e-02,-8.110487033237988824e-11
1.054096819257540174e+00,-3.805063769847859545e-01,-2.070598368522217833e-02,-3.547413420171657283e-01,1.090840856550669289e-09,-1.236760969723325720e+00,3.805063764371398038e-01,-1.381737485592901254e-15,2.433698652460109142e-03,-6.758365450767790661e-02,2.643556529169042178e-11,7.001735316022354716e-02,-8.079693232457823528e-11,-1.423025137416523942e-13,7.636051356680875410e-03,-5.898445145309196697e-02,3.178300161266584759e-11,6.662050280812860381e-02,-8.095853725879221714e-11
1.055677174308900845e+00,-3.805063769847860100e-01,-2.070212803521151099e-02,-3.548482217763156421e-01,1.090882673808862695e-09,-1.236650234314164987e+00,3.805063764370119617e-01,-1.611298165093812431e-15,2.445778560305268343e-03,-6.767674153543504212e-02,2.648577410474217524e-11,7.012252009582317647e-02,-8.092475960698586134e-11,-1.482230690137837301e-13,7.651522361663890687e-03,-5.882069586581083892e-02,3.175814570047692887e-11,6.647221822574285455e-02,-8.081171560488910108e-11
1.057257529360261517e+00,-3.805063769847859545e-01,-2.069825327537165582e-02,-3.549552484413770470e-01,1.090924570383684296e-09,-1.236539332889263543e+00,3.805063764368840085e-01,-1.850252059454838802e-15,2.457882853677650480e-03,-6.776956948408177639e-02,2.653594347764833314e-11,7.022745233783948826e-02,-8.105235447371618683e-11,-1.541899850129304211e-13,7.666912096040888469e-03,-5.865657719246252649e-02,3.173308856527225263e-11,6.632348928668320431e-02,-8.066440647951402233e-11
1.058837884411622188e+00,-3.805063769847860100e-01,-2.069435936726650785e-02,-3.550624216024604873e-01,1.090966546212553743e-09,-1.236428265820074923e+00,3.805063764367557777e-01,-2.098672421178417972e-15,2.470011403753958907e-03,-6.786213778124311480e-02,2.658607309226886970e-11,7.033214918507417479e-02,-8.117971615526595169e-11,-1.602032437848682512e-13,7.682220070476088528e-03,-5.849209724227676793e-02,3.170783003460784157e-11,6.617431731084358337e-02,-8.051661098920959565e-11
1.060418239462982637e+00,-3.805063769847860100e-01,-2.069044627266415984e-02,-3.551697408487739516e-01,1.091008601232386934e-09,-1.236317033479158889e+00,3.805063764366274359e-01,-2.356632472709619813e-15,2.482164080938915104e-03,-6.795444585740170740e-02,2.663616263019107712e-11,7.043660993841464879e-02,-8.130684388387866865e-11,-1.662628252443008877e-13,7.697445797341195481e-03,-5.832725782261730108e-02,3.168236993591722463e-11,6.602470361795947928e-02,-8.036833023822110969e-11
1.061998594514343308e+00,-3.805063769847860100e-01,-2.068651395353813399e-02,-3.552772057686277019e-01,1.091050735379597048e-09,-1.236205636240178984e+00,3.805063764364988721e-01,-2.624205403064759462e-15,2.494340754867977426e-03,-6.804649314589505948e-02,2.668621177272948803e-11,7.054083390083383531e-02,-8.143373689354118530e-11,-1.723687071703875572e-13,7.712588790729803072e-03,-5.816206073896732637e-02,3.165670809652437451e-11,6.587464952760767323e-02,-8.021956532849961596e-11
1.063578949565703979e+00,-3.805063769847860100e-01,-2.068256237206641743e-02,-3.553848159494367165e-01,1.091092948590092683e-09,-1.236094074477898097e+00,3.805063764363700307e-01,-2.901413923753537084e-15,2.506541341992795345e-03,-6.813827903612368342e-02,2.673622020249355076e-11,7.064482037818392568e-02,-8.156039437001388420e-11,-1.777727820872226214e-13,7.728354263156501577e-03,-5.799581387182094899e-02,3.163086759673828622e-11,6.572416813280754222e-02,-8.006957631328227708e-11
1.065159304617064651e+00,-3.805063769847860100e-01,-2.067859148623395552e-02,-3.554925709733995909e-01,1.091135240799424061e-09,-1.235982348568102740e+00,3.805063764362410228e-01,-3.180300410204512143e-15,2.518773286133124331e-03,-6.822979551780150587e-02,2.678618784987550302e-11,7.074856880399867098e-02,-8.168680759556214693e-11,-1.751636451233340245e-13,7.751638847469101770e-03,-5.782173697660652339e-02,3.160507552732092774e-11,6.557337582192811209e-02,-7.991112168457403463e-11
1.066739659668425322e+00,-3.805063769847860100e-01,-2.067460124051464371e-02,-3.556004704083395862e-01,1.091177611943088052e-09,-1.235870458887443180e+00,3.805063764361118483e-01,-3.455039209223214953e-15,2.531042019132841419e-03,-6.832103656114885126e-02,2.683611457872380057e-11,7.085207858034235640e-02,-8.181296996614453969e-11,-1.725237227788014063e-13,7.774911894205226159e-03,-5.764723639123503496e-02,3.157908359227741275e-11,6.542214828331543996e-02,-7.975210990727568910e-11
1.068320014719785993e+00,-3.805063769847860100e-01,-2.067059157678364373e-02,-3.557085138184380435e-01,1.091220061956168970e-09,-1.235758405813613736e+00,3.805063764359824519e-01,-3.725581661750970439e-15,2.543347522363969410e-03,-6.841200149802133257e-02,2.688600007304259258e-11,7.095534902044263459e-02,-8.193888060214896057e-11,-1.698530061345930291e-13,7.798172903841469467e-03,-5.747231393383007980e-02,3.155289161794426710e-11,6.527048683556971320e-02,-7.959254209588123230e-11
1.069900369771146442e+00,-3.805063769847860100e-01,-2.066656243694618353e-02,-3.558167007668224802e-01,1.091262590773252337e-09,-1.235646189725391864e+00,3.805063764358528333e-01,-3.991879095710023585e-15,2.555689776407898354e-03,-6.850268966314884689e-02,2.693584401656144626e-11,7.105837943961078318e-02,-8.206453862572555132e-11,-1.671514876340645759e-13,7.821421375327534953e-03,-5.729697142382871033e-02,3.152649943050443894e-11,6.511839279707770656e-02,-7.943241936609524779e-11
1.071480724822507113e+00,-3.805063769847860100e-01,-2.066251376293878547e-02,-3.559250308155716969e-01,1.091305198328422612e-09,-1.235533811002635041e+00,3.805063764357230482e-01,-4.253882828158963415e-15,2.568068761052977322e-03,-6.859310039413765714e-02,2.698564609273511744e-11,7.116116915524138553e-02,-8.218994316078861024e-11,-1.644191610859889573e-13,7.844656806093629545e-03,-5.712121068197461432e-02,3.149990685600031386e-11,6.496586748601326788e-02,-7.927174283484459479e-11
1.073061079873867785e+00,-3.805063769847860655e-01,-2.065844549673056391e-02,-3.560335035257196079e-01,1.091347884555264222e-09,-1.235421270026278995e+00,3.805063764355930411e-01,-4.511544167452934566e-15,2.580484455292127426e-03,-6.868323303147257086e-02,2.703540598474338256e-11,7.126371748681223361e-02,-8.231509333301867300e-11,-1.616560216675279568e-13,7.867878692057957840e-03,-5.694503353031049597e-02,3.147311372034663317e-11,6.481291222033738753e-02,-7.911051362028913573e-11
1.074641434925228456e+00,-3.805063769847860655e-01,-2.065435758032443947e-02,-3.561421184572602927e-01,1.091390649386860738e-09,-1.235308567178332151e+00,3.805063764354628675e-01,-4.764814415408426626e-15,2.592936837320443562e-03,-6.877308691851878597e-02,2.708512337549075432e-11,7.136602375588356473e-02,-8.243998826986414120e-11,-1.588620659271436954e-13,7.891086527634205705e-03,-5.676844179217084563e-02,3.144611984934336038e-11,6.465952831779814280e-02,-7.894873284183277387e-11
1.076221789976589127e+00,-3.805063769847860655e-01,-2.065024995575844013e-02,-3.562508751691523812e-01,1.091433492755794252e-09,-1.235195702841873855e+00,3.805063764353324718e-01,-5.013644869472841201e-15,2.605425884532836921e-03,-6.886266140152404180e-02,2.713479794760638799e-11,7.146808728609806149e-02,-8.256462710054360882e-11,-1.560372917874517081e-13,7.914279805739186935e-03,-5.659143729217404328e-02,3.141892506868862534e-11,6.450571709593080905e-02,-7.878640162013414209e-11
1.077802145027949798e+00,-3.805063769847860655e-01,-2.064612256510695021e-02,-3.563597732193236056e-01,1.091476414594145377e-09,-1.235082677401051265e+00,3.805063764352019651e-01,-5.257986824898097168e-15,2.617951573521665794e-03,-6.895195582962071468e-02,2.718442938344393276e-11,7.156990740318046329e-02,-8.268900895604768455e-11,-1.531816985480183330e-13,7.937458017800507262e-03,-5.641402185621522541e-02,3.139152920399173935e-11,6.435147987205810938e-02,-7.862352107711764054e-11
1.079382500079310248e+00,-3.805063769847860655e-01,-2.064197535048198015e-02,-3.564688121646753527e-01,1.091519414833492214e-09,-1.234969491241074468e+00,3.805063764350711808e-01,-5.497791576919133962e-15,2.630513880074395860e-03,-6.904096955482769138e-02,2.723401736508134756e-11,7.167148343493710827e-02,-8.281313296914099516e-11,-1.502952868880927194e-13,7.960620653764318572e-03,-5.623619731145828443e-02,3.136393208078602944e-11,6.419681796329006207e-02,-7.846009233598404784e-11
1.080962855130670919e+00,-3.805063769847860655e-01,-2.063780825403442945e-02,-3.565779915610872153e-01,1.091562493404910352e-09,-1.234856144748214701e+00,3.805063764349401745e-01,-5.733010422936221118e-15,2.643112779171256140e-03,-6.912970193205245084e-02,2.728356157432083001e-11,7.177281471125566970e-02,-8.293699827436424054e-11,-1.473780588692860019e-13,7.983767202103144237e-03,-5.605796548632850651e-02,3.133613352454198923e-11,6.404173268652446627e-02,-7.829611652122155873e-11
1.082543210182031590e+00,-3.805063769847861210e-01,-2.063362121795540849e-02,-3.566873109634218220e-01,1.091605650238972041e-09,-1.234742638309801244e+00,3.805063764348090016e-01,-5.963594664701825849e-15,2.655748244982926182e-03,-6.921815231909297927e-02,2.733306169268871943e-11,7.187390056410487837e-02,-8.306060400803630037e-11,-1.444300179381856226e-13,8.006897149823763438e-03,-5.587932821050434207e-02,3.130813336068004849e-11,6.388622535844661054e-02,-7.813159475861600758e-11
1.084123565233392261e+00,-3.805063769847861210e-01,-2.062941418447745284e-02,-3.567967699255288894e-01,1.091648885265746398e-09,-1.234628972314216089e+00,3.805063764346776067e-01,-6.189495610511257693e-15,2.668420250868217599e-03,-6.930632007663981020e-02,2.738251740143541933e-11,7.197474032753403694e-02,-8.318394930825610826e-11,-1.414511689289143967e-13,8.030009982475190891e-03,-5.570028731491019625e-02,3.127993141458382103e-11,6.373029729552985578e-02,-7.796652817526199648e-11
1.085703920284752932e+00,-3.805063769847861210e-01,-2.062518709587586943e-02,-3.569063680002501626e-01,1.091692198414798166e-09,-1.234515147150893055e+00,3.805063764345461008e-01,-6.410664577397530408e-15,2.681128769371783366e-03,-6.939420456827799510e-02,2.743192838153537478e-11,7.207533333767288108e-02,-8.330703331490496522e-11,-1.384415180656273008e-13,8.053105184156731169e-03,-5.552084463170798428e-02,3.125152751161295179e-11,6.357394981403548251e-02,-7.780091789957313164e-11
1.087284275336113382e+00,-3.805063769847861210e-01,-2.062093989446998205e-02,-3.570161047394240783e-01,1.091735589615188337e-09,-1.234401163210313346e+00,3.805063764344143729e-01,-6.627052893329999358e-15,2.693873772221825821e-03,-6.948180516048894917e-02,2.748129431368698842e-11,7.217567893273102442e-02,-8.342985516964840088e-11,-1.354010729649485609e-13,8.076182237526045166e-03,-5.534100199428945710e-02,3.122292147711616434e-11,6.341718423001285743e-02,-7.763476506129272502e-11
1.088864630387474053e+00,-3.805063769847861210e-01,-2.061667252262445321e-02,-3.571259796938900388e-01,1.091779058795472287e-09,-1.234287020884001995e+00,3.805063764342823673e-01,-6.838611899416848538e-15,2.706655230327831979e-03,-6.956912122265257459e-02,2.753061487831269795e-11,7.227577645299781972e-02,-8.355241401593852569e-11,-1.323298426383501252e-13,8.099240623807398703e-03,-5.516076123726829095e-02,3.119411313644443761e-11,6.326000185929991915e-02,-7.746807079150444431e-11
1.090444985438834724e+00,-3.805063769847861210e-01,-2.061238492275056094e-02,-3.572359924134931308e-01,1.091822605883701019e-09,-1.234172720564524761e+00,3.805063764341502508e-01,-7.045292952111335731e-15,2.719473113778313623e-03,-6.965615212704902304e-02,2.757988975555892451e-11,7.237562524084195648e-02,-8.367470899901596974e-11,-1.292278374944674313e-13,8.122279822799872984e-03,-5.498012419647159421e-02,3.116510231496385952e-11,6.310240401752287287e-02,-7.730083622264230369e-11
1.092025340490195395e+00,-3.805063769847861765e-01,-2.060807703730751020e-02,-3.573461424470886216e-01,1.091866230807418681e-09,-1.234058262645486126e+00,3.805063764340179122e-01,-7.247047425421473948e-15,2.732327391838552597e-03,-6.974289724886056918e-02,2.762911862529611140e-11,7.247522464071103065e-02,-8.379673926591201524e-11,-1.260950693413580980e-13,8.145299312885705134e-03,-5.479909270893213585e-02,3.113588883806884243e-11,6.294439202009671774e-02,-7.713306248850139132e-11
1.093605695541556067e+00,-3.805063769847861765e-01,-2.060374880880371309e-02,-3.574564293425469552e-01,1.091909933493664220e-09,-1.233943647521524190e+00,3.805063764338853516e-01,-7.443826713123543573e-15,2.745218032948384262e-03,-6.982935596617378948e-02,2.767830116711881778e-11,7.257457399913135043e-02,-8.391850396545097470e-11,-1.229315513886955140e-13,8.168298571038713762e-03,-5.461766861288018526e-02,3.110647253119520946e-11,6.278596718222553830e-02,-7.696475072424842887e-11
1.095186050592916738e+00,-3.805063769847862321e-01,-2.059940017979813159e-02,-3.575668526467576935e-01,1.091953713868969937e-09,-1.233828875588307783e+00,3.805063764337526799e-01,-7.635582230978684219e-15,2.758145004719964911e-03,-6.991552765998108876e-02,2.772743706034576719e-11,7.267367266470758924e-02,-8.404000224825210380e-11,-1.197372982499067898e-13,8.191277072832750528e-03,-5.443585374773491498e-02,3.107685321983319023e-11,6.262713081890237954e-02,-7.679590206643147791e-11
1.096766405644277187e+00,-3.805063769847862321e-01,-2.059503109290156120e-02,-3.576774119056346235e-01,1.091997571859360863e-09,-1.233713947242534248e+00,3.805063764336197862e-01,-7.822265418953013587e-15,2.771108273935568231e-03,-7.000141171418276798e-02,2.777652598401990888e-11,7.277251998812227229e-02,-8.416123326673187611e-11,-1.165123259442463385e-13,8.214234292450243655e-03,-5.425364995409636543e-02,3.104703072954059113e-11,6.246788424490971187e-02,-7.662651765299066745e-11
1.098346760695637858e+00,-3.805063769847862321e-01,-2.059064149077793893e-02,-3.577881066641201979e-01,1.092041507390353932e-09,-1.233598862881925218e+00,3.805063764334866705e-01,-8.003827743440955406e-15,2.784107806545401721e-03,-7.008700751558896713e-02,2.782556761690864404e-11,7.287111532213573495e-02,-8.428219617510633541e-11,-1.132566518988107528e-13,8.237169702690852469e-03,-5.407105907373688930e-02,3.101700488595593330e-11,6.230822877481952127e-02,-7.645659862326818469e-11
1.099927115746998529e+00,-3.805063769847862321e-01,-2.058623131614569293e-02,-3.578989364661899208e-01,1.092085520386960052e-09,-1.233483622905223065e+00,3.805063764333533327e-01,-8.180220699491660498e-15,2.797143567665417909e-03,-7.017231445392127509e-02,2.787456163750382577e-11,7.296945802158552596e-02,-8.440289012939317654e-11,-1.099702949504903208e-13,8.260082774980130604e-03,-5.388808294959283873e-02,3.098677551481153885e-11,6.214816572299371178e-02,-7.628614611801849851e-11
1.101507470798359201e+00,-3.805063769847862321e-01,-2.058180051177902620e-02,-3.580099008548572881e-01,1.092129610773679761e-09,-1.233368227712189125e+00,3.805063764332198284e-01,-8.351395813038510716e-15,2.810215521575157652e-03,-7.025733192181481124e-02,2.792350772402205313e-11,7.306754744338635199e-02,-8.452331428741402017e-11,-1.066532753478611305e-13,8.282972979378303707e-03,-5.370472342575576680e-02,3.095634244194666886e-11,6.198769640358409855e-02,-7.611516127941823388e-11
1.103087825849719872e+00,-3.805063769847862876e-01,-2.057734902050925227e-02,-3.581209993721782836e-01,1.092173778474506120e-09,-1.233252677703598366e+00,3.805063764330862131e-01,-8.517304643131499057e-15,2.823323631715589106e-03,-7.034205931481975205e-02,2.797240555440469699e-11,7.316538294652927266e-02,-8.464346780879648072e-11,-1.033056147530144200e-13,8.305839784589085298e-03,-5.352098234746430899e-02,3.092570549332072590e-11,6.182682213053296988e-02,-7.594364525107656336e-11
1.104668180901080321e+00,-3.805063769847862876e-01,-2.057287678522613447e-02,-3.582322315592558204e-01,1.092218023412922648e-09,-1.233136973281237614e+00,3.805063764329523757e-01,-8.677898784172523844e-15,2.836467860686985726e-03,-7.042649603140346826e-02,2.802125480631826191e-11,7.326296389208201976e-02,-8.476334985497691938e-11,-9.992733624332685667e-14,8.328682657968640088e-03,-5.333686156109509330e-02,3.089486449502639205e-11,6.166554421757319132e-02,-7.577159917804495230e-11
1.106248535952440992e+00,-3.805063769847862321e-01,-2.056838374887920429e-02,-3.583435969562446255e-01,1.092262345511902907e-09,-1.233021114847902000e+00,3.805063764328182607e-01,-8.833129868153360285e-15,2.849648170246789087e-03,-7.051064147295205142e-02,2.807005515715448957e-11,7.336028964318806744e-02,-8.488295958920222764e-11,-9.651846431316645822e-14,8.351501065534505663e-03,-5.315236291415438574e-02,3.086381927330281202e-11,6.150386397822852486e-02,-7.559902420682721426e-11
1.107828891003801663e+00,-3.805063769847862321e-01,-2.056386985447909710e-02,-3.584550951023556253e-01,1.092306744693911122e-09,-1.232905102807390962e+00,3.805063764326840348e-01,-8.982949566896394635e-15,2.862864521307512469e-03,-7.059449504377227069e-02,2.811880628403065920e-11,7.345735956506671549e-02,-8.500229617653238644e-11,-9.307902487553702090e-14,8.374294471974696313e-03,-5.296748825526899351e-02,3.083256965454873117e-11,6.134178272581376073e-02,-7.542592148538917869e-11
1.109409246055162335e+00,-3.805063769847862321e-01,-2.055933504509888446e-02,-3.585667255358604977e-01,1.092351220880900733e-09,-1.232788937564505583e+00,3.805063764325495868e-01,-9.127309594297740713e-15,2.876116873934636640e-03,-7.067805615109316875e-02,2.816750786378981386e-11,7.355417302501250643e-02,-8.512135878384270212e-11,-8.960904526366367927e-14,8.397062340656799920e-03,-5.278223943417773012e-02,3.080111546533580146e-11,6.117930177343537668e-02,-7.525229216316883679e-11
1.110989601106523006e+00,-3.805063769847863431e-01,-2.055477926387542717e-02,-3.586784877940968896e-01,1.092395773994313779e-09,-1.232672619525046143e+00,3.805063764324150277e-01,-9.266161708572954929e-15,2.889405187344540760e-03,-7.076132420506806020e-02,2.821615957300111256e-11,7.365072939239512839e-02,-8.524014657982631381e-11,-8.610855423251331258e-14,8.419804133637206686e-03,-5.259661830172228381e-02,3.076945653242167413e-11,6.101642243399140603e-02,-7.507813739108582828e-11
1.112569956157883455e+00,-3.805063769847863431e-01,-2.055020245401070755e-02,-3.587903814134720815e-01,1.092440403955081512e-09,-1.232556149095805909e+00,3.805063764322801911e-01,-9.399457714505020067e-15,2.902729419902424623e-03,-7.084429861877590551e-02,2.826476108796000798e-11,7.374702803865870737e-02,-8.535865873499613216e-11,-8.257758196025405099e-14,8.442519311670339602e-03,-5.241062670983850230e-02,3.073759268276327344e-11,6.085314602017210389e-02,-7.490345832155134169e-11
1.114150311209244126e+00,-3.805063769847863431e-01,-2.054560455877317560e-02,-3.589024059294684821e-01,1.092485110683623160e-09,-1.232439526684572240e+00,3.805063764321452435e-01,-9.527149465694717755e-15,2.916089529120275119e-03,-7.092697880822342038e-02,2.831331208468872151e-11,7.384306833732198760e-02,-8.547689442168774733e-11,-7.901616004965068851e-14,8.465207334218065316e-03,-5.222426651154722654e-02,3.070552374353010905e-11,6.068947384446021776e-02,-7.472825610847787251e-11
1.115730666260604576e+00,-3.805063769847863986e-01,-2.054098552149910897e-02,-3.590145608766476260e-01,1.092529894099845925e-09,-1.232322752700119040e+00,3.805063764320100739e-01,-9.649188866812894184e-15,2.929485471654812764e-03,-7.100936419234651908e-02,2.836181223893648554e-11,7.393884966397758218e-02,-8.559485281406139363e-11,-7.542432152940443387e-14,8.487867659459042563e-03,-5.203753956094513133e-02,3.067324954211729766e-11,6.052540721913104993e-02,-7.455253190728846436e-11
1.117311021311965247e+00,-3.805063769847863986e-01,-2.053634528559395572e-02,-3.591268457886553911e-01,1.092574754123144367e-09,-1.232205827552206090e+00,3.805063764318746822e-01,-9.765527875855135017e-15,2.942917203305488952e-03,-7.109145419301206303e-02,2.841026122617993119e-11,7.403437139629182040e-02,-8.571253308810446977e-11,-7.180210085541868516e-14,8.510499744298261407e-03,-5.185044771319574641e-02,3.064076990615903705e-11,6.036094745625313063e-02,-7.437628687492662220e-11
1.118891376363325918e+00,-3.805063769847863986e-01,-2.053168379453370121e-02,-3.592392601982260514e-01,1.092619690672399570e-09,-1.232088751651575276e+00,3.805063764317391795e-01,-9.876118506398074820e-15,2.956384679012465013e-03,-7.117324823501966491e-02,2.845865872162352457e-11,7.412963291400449795e-02,-8.582993442163404630e-11,-6.814953391201585726e-14,8.533103044376587690e-03,-5.166299282452024855e-02,3.060808466354176980e-11,6.019609586768852327e-02,-7.419952216986578618e-11
1.120471731414686589e+00,-3.805063769847863986e-01,-2.052700099186621427e-02,-3.593518036371872171e-01,1.092664703665979356e-09,-1.231971525409946810e+00,3.805063764316033992e-01,-9.980912829857811165e-15,2.969887852854632884e-03,-7.125474574610322909e-02,2.850700440019990924e-11,7.422463359892829404e-02,-8.594705599429915324e-11,-6.446665801307965241e-14,8.555677014080397685e-03,-5.147517675218808708e-02,3.057519364241743120e-11,6.003085376509298410e-02,-7.402223895211859861e-11
1.122052086466047260e+00,-3.805063769847864541e-01,-2.052229682121262111e-02,-3.594644756364645533e-01,1.092709793021737657e-09,-1.231854149240015905e+00,3.805063764314675079e-01,-1.007986297774992802e-14,2.983426678047632324e-03,-7.133594615693247820e-02,2.855529793657035858e-11,7.431937283494874369e-02,-8.606389698758324871e-11,-6.075351190314237562e-14,8.578221106551275205e-03,-5.128700135450758174e-02,3.054209667121672931e-11,5.986522245991651031e-02,-7.384443838324640364e-11
1.123632441517407932e+00,-3.805063769847863986e-01,-2.051757122626866534e-02,-3.595772757260862207e-01,1.092754958657014522e-09,-1.231736623555450105e+00,3.805063764313313945e-01,-1.017292114395131616e-14,2.997001106941902387e-03,-7.141684890111493766e-02,2.860353900512527019e-11,7.441385000802369643e-02,-8.618045658480672634e-11,-5.701013575840448372e-14,8.600734773695826660e-03,-5.109846849081699921e-02,3.050879357866258666e-11,5.969920326340390215e-02,-7.366612162636886322e-11
1.125212796568768381e+00,-3.805063769847863986e-01,-2.051282415080609225e-02,-3.596902034351875943e-01,1.092800200488634046e-09,-1.231618948770886179e+00,3.805063764311950592e-01,-1.026003958696336775e-14,3.010611091020720751e-03,-7.149745341519722630e-02,2.865172727998455682e-11,7.450806450618306653e-02,-8.629673397112938387e-11,-5.323657118769787923e-14,8.623217466195487457e-03,-5.090958002147447092e-02,3.047528419378318130e-11,5.953279748659476983e-02,-7.348728984617278464e-11
1.126793151620129052e+00,-3.805063769847864541e-01,-2.050805553867397768e-02,-3.598032582920159816e-01,1.092845518432905817e-09,-1.231501125301925681e+00,3.805063764310586683e-01,-1.034117063217689544e-14,3.024256580898296385e-03,-7.157775913866688822e-02,2.869986243499824095e-11,7.460201571952861099e-02,-8.641272833355286591e-11,-4.943286123337667309e-14,8.645668633516481044e-03,-5.072033780784873658e-02,3.044156834592540137e-11,5.936600644032401924e-02,-7.330794420892145224e-11
1.128373506671489723e+00,-3.805063769847864541e-01,-2.050326533380015734e-02,-3.599164398239351748e-01,1.092890912405624295e-09,-1.231383153565132949e+00,3.805063764309219998e-01,-1.041626667413815896e-14,3.037937526317837939e-03,-7.165776551395379446e-02,2.874794414374687157e-11,7.469570304023345764e-02,-8.652843886092321014e-11,-4.559905037215340885e-14,8.668087723919795304e-03,-5.053074371230967254e-02,3.040764586476817692e-11,5.919883143522260832e-02,-7.312808588246417866e-11
1.129953861722850395e+00,-3.805063769847865096e-01,-2.049845348019257649e-02,-3.600297475574300576e-01,1.092936382322066747e-09,-1.231265033978030665e+00,3.805063764307851648e-01,-1.048528017881635427e-14,3.051653876149668099e-03,-7.173747198643186385e-02,2.879597207954211874e-11,7.478912586254179984e-02,-8.664386474393330294e-11,-4.173518451586755831e-14,8.690474184471254360e-03,-5.034079959821861905e-02,3.037351658033576010e-11,5.903127378171762335e-02,-7.294771603624508080e-11
1.131534216774211066e+00,-3.805063769847865651e-01,-2.049361992194067075e-02,-3.601431810181113802e-01,1.092981928096994692e-09,-1.231146766959097416e+00,3.805063764306481078e-01,-1.054816368587213615e-14,3.065405578389337939e-03,-7.181687800442054792e-02,2.884394591542730349e-11,7.488228358276864671e-02,-8.675900517512538687e-11,-3.784131101219287100e-14,8.712827461051658035e-03,-5.015050732991854082e-02,3.033918032301102459e-11,5.886333479003286184e-02,-7.276683584131219168e-11
1.133114571825571515e+00,-3.805063769847865651e-01,-2.048876460321674697e-02,-3.602567397307204766e-01,1.093027549644652663e-09,-1.231028352927764358e+00,3.805063764305108842e-01,-1.060486981092728462e-14,3.079192580155760365e-03,-7.189598301918628809e-02,2.889186532417794391e-11,7.497517559929935127e-02,-8.687385934889359382e-11,-3.391747864527912198e-14,8.735146998366982024e-03,-4.995986877272456939e-02,3.030463692354892674e-11,5.869501577018940153e-02,-7.258544647032683086e-11
1.134694926876932186e+00,-3.805063769847865651e-01,-2.048388746827739179e-02,-3.603704232191336509e-01,1.093073246878767375e-09,-1.230909792304411887e+00,3.805063764303735496e-01,-1.065535124783535271e-14,3.093014827689377806e-03,-7.197478648494438913e-02,2.893972997830251123e-11,7.506780131258969369e-02,-8.698842646148686604e-11,-2.996373763633358442e-14,8.757432239958708176e-03,-4.976888579291351838e-02,3.026988621308967578e-11,5.852631803200557259e-02,-7.240354909757175990e-11
1.136275281928292857e+00,-3.805063769847865651e-01,-2.047898846146482821e-02,-3.604842310063671729e-01,1.093119019712548557e-09,-1.230791085510366090e+00,3.805063764302359930e-01,-1.069956077095305887e-14,3.106872266350301729e-03,-7.205328785886010168e-02,2.898753955004282077e-11,7.516016012516496536e-02,-8.710270571101093362e-11,-2.598013964413686254e-14,8.779682628214107928e-03,-4.957756025771487690e-02,3.023492802317225958e-11,5.835724288509810259e-02,-7.222114489896109566e-11
1.137855636979653529e+00,-3.805063769847865651e-01,-2.047406752720834153e-02,-3.605981626145815522e-01,1.093164868058686882e-09,-1.230672232967895185e+00,3.805063764300982143e-01,-1.073745123741259297e-14,3.120764840616520666e-03,-7.213148660105030141e-02,2.903529371137480424e-11,7.525225144162010771e-02,-8.721669629743115792e-11,-2.196673776549412321e-14,8.801897604376704431e-03,-4.938589403530024846e-02,3.019976218574769886e-11,5.818779163888215117e-02,-7.203823505204842694e-11
1.139435992031014200e+00,-3.805063769847866206e-01,-2.046912461002566366e-02,-3.607122175650866458e-01,1.093210791829355208e-09,-1.230553235100207532e+00,3.805063764299603246e-01,-1.076897558939453123e-14,3.134692494082092201e-03,-7.220938217458508501e-02,2.908299213400919470e-11,7.534407466861924030e-02,-8.733039742257537497e-11,-1.792358653562699262e-14,8.824076608556797111e-03,-4.919388899477344229e-02,3.016438853319244367e-11,5.801796560257180269e-02,-7.185482073603587476e-11
1.141016347082374871e+00,-3.805063769847866206e-01,-2.046415965452434357e-02,-3.608263953783459321e-01,1.093256790936206716e-09,-1.230434092331446960e+00,3.805063764298222129e-01,-1.079408685640123234e-14,3.148655169455357936e-03,-7.228697404548900529e-02,2.913063448939209528e-11,7.543562921489524453e-02,-8.744380829013604103e-11,-1.385074192849636442e-14,8.846219079741965419e-03,-4.900154700616066866e-02,3.012880689832178278e-11,5.784776608518084340e-02,-7.167090313178285525e-11
1.142596702133735320e+00,-3.805063769847866206e-01,-2.045917260540319402e-02,-3.609406955739815626e-01,1.093302865290375945e-09,-1.230314805086690111e+00,3.805063764296839346e-01,-1.081273815753087581e-14,3.162652808557182751e-03,-7.236426168274279203e-02,2.917822044870583867e-11,7.552691449124973588e-02,-8.755692810567333446e-11,-9.748261357066860651e-15,8.868324455807773815e-03,-4.880886994039992238e-02,3.009301711440316255e-11,5.767719439552285166e-02,-7.148648342181450657e-11
1.144177057185095991e+00,-3.805063769847866206e-01,-2.045416340745366893e-02,-3.610551176707786358e-01,1.093349014802476518e-09,-1.230195373791943769e+00,3.805063764295454343e-01,-1.082488270375168165e-14,3.176685352319206634e-03,-7.244124455828446218e-02,2.922574968286956548e-11,7.561792991055239777e-02,-8.766975607661740466e-11,-5.616203673501349029e-15,8.890392173528447253e-03,-4.861585966933130998e-02,3.005701901516968032e-11,5.750625184221215547e-02,-7.130156279033072329e-11
1.145757412236456663e+00,-3.805063769847866206e-01,-2.044913200556127547e-02,-3.611696611866900275e-01,1.093395239382602793e-09,-1.230075798874139981e+00,3.805063764294067674e-01,-1.083047380017651192e-14,3.190752740782102585e-03,-7.251792214701106853e-02,2.927322186254004173e-11,7.570867488774089826e-02,-8.778229141227128008e-11,-1.454629169299624719e-15,8.912421668587657692e-03,-4.842251806568655809e-02,3.002081243483338396e-11,5.733493973366413088e-02,-7.111614242321449280e-11
1.147337767287817334e+00,-3.805063769847867317e-01,-2.044407834470696878e-02,-3.612843256388414415e-01,1.093441538940327801e-09,-1.229956080761134274e+00,3.805063764292679895e-01,-1.082946484833758113e-14,3.204854913093875286e-03,-7.259429392677983761e-02,2.932063665811243758e-11,7.579914883982050156e-02,-8.789453332381334983e-11,2.736400424635295379e-15,8.934412375589385197e-03,-4.822884700307857042e-02,2.998439720809873287e-11,5.716325937809568075e-02,-7.093022350804025761e-11
1.148918122339178005e+00,-3.805063769847867317e-01,-2.043900236996860215e-02,-3.613991105435351847e-01,1.093487913384703447e-09,-1.229836219881702108e+00,3.805063764291289896e-01,-1.082180934846122499e-14,3.218991807508151098e-03,-7.267035937840966853e-02,2.936799373972106405e-11,7.588935118586373485e-02,-8.800648102430020704e-11,6.956821937988911687e-15,8.956363728068831090e-03,-4.803484835599118596e-02,2.994777317017594926e-11,5.699121208352584539e-02,-7.074380723408256193e-11
1.150498477390538454e+00,-3.805063769847867317e-01,-2.043390402652230098e-02,-3.615140154162560515e-01,1.093534362624260718e-09,-1.229716216665535322e+00,3.805063764289898232e-01,-1.080746090174270234e-14,3.233163361382511859e-03,-7.274611798568259013e-02,2.941529277724027122e-11,7.597928134701020797e-02,-8.811813372866929848e-11,1.120657076109306702e-14,8.978275158503443848e-03,-4.784052399976884001e-02,2.991094015679454381e-11,5.681879915777650336e-02,-7.055689479232449155e-11
1.152078832441899126e+00,-3.805063769847867317e-01,-2.042878325964390257e-02,-3.616290397716748761e-01,1.093580886567008031e-09,-1.229596071543238134e+00,3.805063764288504902e-01,-1.078637321262071623e-14,3.247369511176813068e-03,-7.282156923534485737e-02,2.946253344028513332e-11,7.606893874646601661e-02,-8.822949065374145775e-11,1.548558084504840620e-14,9.000146098323929394e-03,-4.764587581060602400e-02,2.987389800421666689e-11,5.664602190847283641e-02,-7.036948737546597146e-11
1.153659187493259797e+00,-3.805063769847867872e-01,-2.042364001471037513e-02,-3.617441831236539729e-01,1.093627485120432060e-09,-1.229475784946325589e+00,3.805063764287109906e-01,-1.075850009105182293e-14,3.261610192451560187e-03,-7.289671261710860273e-02,2.950971539821248265e-11,7.615832280950379785e-02,-8.834055101822391679e-11,1.979378470190983254e-14,9.021975977925445270e-03,-4.745090566553631511e-02,2.983664654925043393e-11,5.647288164304360703e-02,-7.018158617793164992e-11
1.155239542544620468e+00,-3.805063769847867317e-01,-2.041847423720122290e-02,-3.618594449852514661e-01,1.093674158191496491e-09,-1.229355357307219121e+00,3.805063764285712691e-01,-1.072379545478445132e-14,3.275885339866261518e-03,-7.297154762365283542e-02,2.955683832012162695e-11,7.624743296346213339e-02,-8.845131404271286493e-11,2.413111340493546915e-14,9.043764226678773985e-03,-4.725561544242245365e-02,2.979918562926361914e-11,5.629937966872233801e-02,-6.999319239587982945e-11
1.156819897595981139e+00,-3.805063769847867872e-01,-2.041328587269993292e-02,-3.619748248687260084e-01,1.093720905686641409e-09,-1.229234789059243216e+00,3.805063764284313810e-01,-1.068221333163244260e-14,3.290194887177831824e-03,-7.304607375062512065e-02,2.960390187485535747e-11,7.633626863774541083e-02,-8.856177894969618894e-11,2.849749658890151072e-14,9.065510272941612602e-03,-4.706000701994522695e-02,2.976151508219687096e-11,5.612551729254747213e-02,-6.980430722721010530e-11
1.158400252647341810e+00,-3.805063769847867872e-01,-2.040807486689540443e-02,-3.620903222855418879e-01,1.093767727511783909e-09,-1.229114080636622974e+00,3.805063764282913819e-01,-1.063370786174807886e-14,3.304538767238989882e-03,-7.312029049664237057e-02,2.965090573100075033e-11,7.642482926382331010e-02,-8.867194496355622598e-11,3.289286245048191173e-14,9.087213544069903948e-03,-4.686408227759264467e-02,2.972363474657719262e-11,5.595129582136299656e-02,-6.961493187157152093e-11
1.159980607698702260e+00,-3.805063769847868427e-01,-2.040284116558334360e-02,-3.622059367463728585e-01,1.093814623572317071e-09,-1.228993232474479891e+00,3.805063764281511607e-01,-1.057823329989448208e-14,3.318916911996694624e-03,-7.319419736329257908e-02,2.969784955689023281e-11,7.651311427523078967e-02,-8.878181131057261997e-11,3.731713774868813535e-14,9.108873466429287524e-03,-4.666784309564965538e-02,2.968554446153155174e-11,5.577671656181949766e-02,-6.942506753037103370e-11
1.161560962750062931e+00,-3.805063769847868427e-01,-2.039758471466774845e-02,-3.623216677611077463e-01,1.093861593773109540e-09,-1.228872245008829633e+00,3.805063764280107175e-01,-1.051574401771719276e-14,3.333329252490579986e-03,-7.326779385513583487e-02,2.974473302060244932e-11,7.660112310756754528e-02,-8.889137721892506163e-11,4.177024780537784256e-14,9.130489465406546948e-03,-4.647129135518653087e-02,2.964724406680007006e-11,5.560178082037402214e-02,-6.923471540678073979e-11
1.163141317801423602e+00,-3.805063769847868427e-01,-2.039230546016229315e-02,-3.624375148388546131e-01,1.093908638018505118e-09,-1.228751118676577381e+00,3.805063764278701632e-01,-1.044619450601498810e-14,3.347775718851424449e-03,-7.334107947970555652e-02,2.979155578996326301e-11,7.668885519849782950e-02,-8.900064191869609312e-11,4.625211650582484727e-14,9.152060965421192698e-03,-4.627442893804853408e-02,2.960873340274967189e-11,5.542648990329133996e-02,-6.904387670574640448e-11
1.164721672852784273e+00,-3.805063769847868427e-01,-2.038700334819179907e-02,-3.625534774879456412e-01,1.093955756212322757e-09,-1.228629853915515824e+00,3.805063764277294425e-01,-1.036953937700967935e-14,3.362256240299626650e-03,-7.341405374750986645e-02,2.983831753254680273e-11,7.677630998775006321e-02,-8.910960464187389978e-11,5.076266629935554407e-14,9.173587389937093439e-03,-4.607725772684485160e-02,2.957001231038757747e-11,5.525084511664449943e-02,-6.885255263399532035e-11
1.166302027904144945e+00,-3.805063769847868982e-01,-2.038167832499367810e-02,-3.626695552159416858e-01,1.094002948257855324e-09,-1.228508451164322057e+00,3.805063764275884997e-01,-1.028573336661485841e-14,3.376770745143706579e-03,-7.348671617203256234e-02,2.988501791567640650e-11,7.686348691711664127e-02,-8.921826462235512775e-11,5.530181820004710062e-14,9.195068161474152443e-03,-4.587977960493731799e-02,2.953108063137459608e-11,5.507484776631525747e-02,-6.866074440004376487e-11
1.167882382955505394e+00,-3.805063769847869537e-01,-2.037633033691933770e-02,-3.627857475296372147e-01,1.094050214057870221e-09,-1.228386910862552028e+00,3.805063764274474458e-01,-1.019473133670351165e-14,3.391319160778821524e-03,-7.355906626973438001e-02,2.993165660642570719e-11,7.695038543045348844e-02,-8.932662109594764978e-11,5.986949178749347314e-14,9.216502701620077689e-03,-4.568199645642950779e-02,2.949193820803871630e-11,5.489849915799489138e-02,-6.846845321420494907e-11
1.169462738006866065e+00,-3.805063769847868982e-01,-2.037095933043566592e-02,-3.629020539350648611e-01,1.094097553514608140e-09,-1.228265233450640759e+00,3.805063764273061699e-01,-1.009648827737442362e-14,3.405901413685302401e-03,-7.363110356005431179e-02,2.997823327161971821e-11,7.703700497367982347e-02,-8.943467330037361555e-11,6.446560520763031509e-14,9.237890431042224820e-03,-4.548391016615550841e-02,2.945258488338856066e-11,5.472180059718482342e-02,-6.827568028859674648e-11
1.171043093058226736e+00,-3.805063769847869537e-01,-2.036556525212646074e-02,-3.630184739375000857e-01,1.094144966529783687e-09,-1.228143419369896572e+00,3.805063764271648385e-01,-9.990959309217080272e-15,3.420517429427215664e-03,-7.370282756541056413e-02,3.002474757783589976e-11,7.712334499477802030e-02,-8.954242047527217870e-11,6.909007517363222760e-14,9.259230769499519897e-03,-4.528552261966868608e-02,2.941302050112688545e-11,5.454475338919737709e-02,-6.808242683714922829e-11
1.172623448109587407e+00,-3.805063769847869537e-01,-2.036014804869386297e-02,-3.631350070414661180e-01,1.094192453004583522e-09,-1.228021469062498205e+00,3.805063764270231741e-01,-9.878099685575232813e-15,3.435167132650918283e-03,-7.377423781120168167e-02,3.007119919140521224e-11,7.720940494379290031e-02,-8.964986186220215935e-11,7.374281696686538153e-14,9.280523135854371747e-03,-4.508683570323054196e-02,2.937324490566399662e-11,5.436735883915641554e-02,-6.788869407561226301e-11
1.174203803160948079e+00,-3.805063769847869537e-01,-2.035470766695985506e-02,-3.632516527507382298e-01,1.094240012839667389e-09,-1.227899382971491926e+00,3.805063764268813986e-01,-9.757864794808891628e-15,3.449850447083677770e-03,-7.384533382580786565e-02,3.011758777841337639e-11,7.729518427283199600e-02,-8.975699670464546919e-11,7.842374443791192600e-14,9.301766948084792472e-03,-4.488785130379917276e-02,2.933325794213130769e-11,5.418961825199811178e-02,-6.769448322156310332e-11
1.175784158212308750e+00,-3.805063769847870092e-01,-2.034924405386765583e-02,-3.633684105683488985e-01,1.094287645935166877e-09,-1.227777161540789086e+00,3.805063764267394566e-01,-9.630210162554614732e-15,3.464567295532258815e-03,-7.391611514059186205e-02,3.016391300470190723e-11,7.738068243606477381e-02,-8.986382424800943782e-11,8.313277000765355505e-14,9.322961623296450312e-03,-4.468857130901804364e-02,2.929305945639478152e-11,5.401153293247151765e-02,-6.749979549441370141e-11
1.177364513263669199e+00,-3.805063769847870092e-01,-2.034375715648322619e-02,-3.634852799965924697e-01,1.094335352190685420e-09,-1.227654805215161460e+00,3.805063764265974036e-01,-9.495091453983942389e-15,3.479317599881569332e-03,-7.398658128990000249e-02,3.021017453586927734e-11,7.746589888972252314e-02,-8.997034373962999235e-11,8.786980466842491067e-14,9.344106577734868219e-03,-4.448899760720445573e-02,2.925264929506843013e-11,5.383310418513953532e-02,-6.730463211541824409e-11
1.178944868315029870e+00,-3.805063769847870092e-01,-2.033824692271758369e-02,-3.636022605377358663e-01,1.094383131505243705e-09,-1.227532314440252348e+00,3.805063764264551285e-01,-9.354251090228080886e-15,3.494098812035484163e-03,-7.405673423009041800e-02,3.025637185236047469e-11,7.755083304206721040e-02,-9.007655662646066455e-11,8.855410775365884968e-14,9.359561866293547930e-03,-4.429465717664754498e-02,2.921160496461013500e-11,5.365421904316255292e-02,-6.711401385154883441e-11
1.180525223366390541e+00,-3.805063769847870092e-01,-2.033271331363743772e-02,-3.637193517060829939e-01,1.094430983776357156e-09,-1.227409689662825265e+00,3.805063764263126869e-01,-9.216359667703794523e-15,3.508898808600737895e-03,-7.412658530087261333e-02,3.030250371733938816e-11,7.763548410941500943e-02,-9.018247287945191108e-11,8.594943802523438809e-14,9.370382526729205408e-03,-4.410451767403274215e-02,2.917000537051570706e-11,5.347490020098537994e-02,-6.692700232709072081e-11
1.182105578417751213e+00,-3.805063769847870647e-01,-2.032715630184440611e-02,-3.638365530263908409e-01,1.094478908900158357e-09,-1.227286931330724418e+00,3.805063764261700787e-01,-9.082600390070993970e-15,3.523715812857167173e-03,-7.419613570701896754e-02,3.034856966867925406e-11,7.771985151981815332e-02,-9.028809326118725135e-11,8.332472802395499138e-14,9.381085687872013634e-03,-4.391415481766516860e-02,2.912818870078501234e-11,5.329524050576258526e-02,-6.673957759145505189e-11
1.183685933469111884e+00,-3.805063769847870647e-01,-2.032157586060719459e-02,-3.639538640232241606e-01,1.094526906772208933e-09,-1.227164039892653991e+00,3.805063764260273040e-01,-8.953004888485859631e-15,3.538549638808262138e-03,-7.426538509689065148e-02,3.039456936321649214e-11,7.780393473564127527e-02,-9.039341711947649330e-11,8.068002801433905328e-14,9.391670963000088926e-03,-4.372357030215145296e-02,2.908615482016376170e-11,5.311524126537892077e-02,-6.655174069500741461e-11
1.185266288520472333e+00,-3.805063769847870647e-01,-2.031597196348891576e-02,-3.640712842205943156e-01,1.094574977287528702e-09,-1.227041015798165491e+00,3.805063764258843628e-01,-8.827604713903271974e-15,3.553400099848327050e-03,-7.433433312152470940e-02,3.044050245757452962e-11,7.788773322131575805e-02,-9.049844380378832971e-11,7.801538922954734878e-14,9.402137967896868204e-03,-4.353276581947747303e-02,2.904390359446059633e-11,5.293490378760370291e-02,-6.636349268705133481e-11
1.186846643571833004e+00,-3.805063769847870647e-01,-2.031034458434808482e-02,-3.641888131419632191e-01,1.094623120340593615e-09,-1.226917859497655972e+00,3.805063764257412551e-01,-8.706431335546598082e-15,3.568267008766465385e-03,-7.440297943463022867e-02,3.048636860816568172e-11,7.797124644333978949e-02,-9.060317266524913625e-11,7.533086387061205826e-14,9.412486320860566705e-03,-4.334174305899943236e-02,2.900143489056043896e-11,5.275422938009134699e-02,-6.617483461583786733e-11
1.188426998623193676e+00,-3.805063769847871202e-01,-2.030469369733953200e-02,-3.643064503102477758e-01,1.094671335825337609e-09,-1.226794571442362924e+00,3.805063764255979808e-01,-8.589516139378820846e-15,3.583150177750546277e-03,-7.447132369258394058e-02,3.053216747119270908e-11,7.805447387027794615e-02,-9.070760305664100691e-11,7.262650510562412719e-14,9.422715642713453549e-03,-4.315050370743509639e-02,2.895874857643753808e-11,5.257321935038189453e-02,-6.598576752857526367e-11
1.190007353674554347e+00,-3.805063769847871202e-01,-2.029901927691538099e-02,-3.644241952478236568e-01,1.094719623635150546e-09,-1.226671152084363170e+00,3.805063764254545400e-01,-8.476890426574879838e-15,3.598049418391197855e-03,-7.453936555442607081e-02,3.057789870265058844e-11,7.813741497276109615e-02,-9.081173433240011255e-11,6.990236706887562914e-14,9.432825556811096079e-03,-4.295904944885605564e-02,2.891584452116905506e-11,5.239187500590249125e-02,-6.579629247143990628e-11
1.191587708725915018e+00,-3.805063769847871202e-01,-2.029332129782597874e-02,-3.645420474765300178e-01,1.094767983662878415e-09,-1.226547601876567306e+00,3.805063764253109326e-01,-8.368585411995394283e-15,3.612964541685833534e-03,-7.460710468185621780e-02,3.062356195832830920e-11,7.822006922348624658e-02,-9.091556584861524042e-11,6.715850485995887402e-14,9.442815689051500122e-03,-4.276738196467819858e-02,2.887272259494786604e-11,5.221019765396702622e-02,-6.560641048958504568e-11
1.193168063777275689e+00,-3.805063769847871757e-01,-2.028759973512082176e-02,-3.646600065176735517e-01,1.094816415800823541e-09,-1.226423921272718820e+00,3.805063764251672143e-01,-8.264632222661990563e-15,3.627895358042660095e-03,-7.467454073922913382e-02,3.066915689381057298e-11,7.830243609721637688e-02,-9.101909696302607520e-11,6.439497454282555580e-14,9.452685667884213813e-03,-4.257550293365433558e-02,2.882938266909614905e-11,5.202818860177789440e-02,-6.541612262715217416e-11
1.194748418828636138e+00,-3.805063769847871757e-01,-2.028185456414949989e-02,-3.647780718920323739e-01,1.094864919940742930e-09,-1.226300110727388759e+00,3.805063764250232738e-01,-8.165061896233902946e-15,3.642841677284725660e-03,-7.474167339355033968e-02,3.071468316447960310e-11,7.838451507078003644e-02,-9.112232703502147995e-11,6.161183314479729367e-14,9.462435124319271834e-03,-4.238341403186558776e-02,2.878582461607841530e-11,5.184584915642620473e-02,-6.522542992728059010e-11
1.196328773879996810e+00,-3.805063769847871757e-01,-2.027608576056260520e-02,-3.648962431198605749e-01,1.094913495973850337e-09,-1.226176170695973733e+00,3.805063764248791669e-01,-8.069905379486439185e-15,3.657803308653976345e-03,-7.480850231447226661e-02,3.076014042551705097e-11,7.846630562307158052e-02,-9.122525542563828128e-11,5.880913865553960806e-14,9.472063691936158727e-03,-4.219111693271328928e-02,2.874204830951480224e-11,5.166318062489279328e-02,-6.503433343211800911e-11
1.197909128931357481e+00,-3.805063769847871757e-01,-2.027029330031265494e-02,-3.650145197208922720e-01,1.094962143790812339e-09,-1.226052101634692137e+00,3.805063764247349489e-01,-7.979193526790883416e-15,3.672780060815315946e-03,-7.487502717428953791e-02,3.080552833190570214e-11,7.854780723505058737e-02,-9.132788149755925301e-11,5.598695002598761828e-14,9.481571006892570985e-03,-4.199861330691072314e-02,2.869805362419412429e-11,5.148018431404866035e-02,-6.484283418283043849e-11
1.199489483982718152e+00,-3.805063769847872313e-01,-2.026447715965499011e-02,-3.651329012143457731e-01,1.095010863281751431e-09,-1.225927904000580826e+00,3.805063764245905089e-01,-7.892957098596344391e-15,3.687771741860696416e-03,-7.494124764793527738e-02,3.085084653843146028e-11,7.862901938974209415e-02,-9.143020461511213393e-11,5.314532716723374863e-14,9.490956707933220771e-03,-4.180590482247521084e-02,2.865384043608710449e-11,5.129686153065581011e-02,-6.465093321961287893e-11
1.201069839034078823e+00,-3.805063769847872313e-01,-2.025863731514869481e-02,-3.652513871189277395e-01,1.095059654336245000e-09,-1.225803578251492887e+00,3.805063764244459579e-01,-7.811226759913105702e-15,3.702778159313200972e-03,-7.500716341297619660e-02,3.089609469968507901e-11,7.870994157223590304e-02,-9.153222414426744356e-11,5.028433094936572999e-14,9.500220436398467902e-03,-4.161299314472099997e-02,2.860940862235980325e-11,5.111321358136884652e-02,-6.445863158170055602e-11
1.202650194085439495e+00,-3.805063769847871757e-01,-2.025277374365747757e-02,-3.653699769528371832e-01,1.095108516843322838e-09,-1.225679124846092316e+00,3.805063764243012403e-01,-7.734033078798205325e-15,3.717799120131162326e-03,-7.507277414960891737e-02,3.094127247006422995e-11,7.879057326968698372e-02,-9.163393945263751274e-11,4.740402320027072456e-14,9.509361836232891121e-03,-4.141987993625012576e-02,2.856475806138630717e-11,5.092924177273441821e-02,-6.426593030737801925e-11
1.204230549136799944e+00,-3.805063769847871757e-01,-2.024688642235055597e-02,-3.654886702337701854e-01,1.095157450691469209e-09,-1.225554544243852462e+00,3.805063764241563007e-01,-7.661406524842567640e-15,3.732834430712290898e-03,-7.513807954065533645e-02,3.098637950377528624e-11,7.887091397131493209e-02,-9.173534990947480343e-11,4.450446670438578911e-14,9.518380553993807322e-03,-4.122656685694565948e-02,2.851988863276219660e-11,5.074494741119291163e-02,-6.407283043399089060e-11
1.205810904188160615e+00,-3.805063769847872313e-01,-2.024097532870356916e-02,-3.656074664789231710e-01,1.095206455768621821e-09,-1.225429836905052472e+00,3.805063764240112500e-01,-7.593377467660468906e-15,3.747883896897785672e-03,-7.520307927155826799e-02,3.103141545483530009e-11,7.895096316840376216e-02,-9.183645488567018977e-11,4.158572520141694788e-14,9.527276238859655466e-03,-4.103305556396400627e-02,2.847480021731762542e-11,5.056033180307912406e-02,-6.387933299795632056e-11
1.207391259239521286e+00,-3.805063769847872313e-01,-2.023504044049940706e-02,-3.657263652049979608e-01,1.095255531962171201e-09,-1.225305003290773742e+00,3.805063764238660884e-01,-7.529976175380831314e-15,3.762947323976514880e-03,-7.526777303037743283e-02,3.107637997707400604e-11,7.903072035430205866e-02,-9.193725375375197575e-11,3.864786338500528558e-14,9.536048542638359687e-03,-4.083934771172704342e-02,2.842949269713036849e-11,5.037539625462290199e-02,-6.368543903477358640e-11
1.208971614290881957e+00,-3.805063769847872313e-01,-2.022908173582912972e-02,-3.658453659282051018e-01,1.095304679158961108e-09,-1.225180043862896362e+00,3.805063764237207047e-01,-7.471232813140801579e-15,3.778024516689155923e-03,-7.533216050778493433e-02,3.112127272413578557e-11,7.911018502442260236e-02,-9.203774588788411163e-11,3.569094690135810968e-14,9.544697119775558819e-03,-4.064544495191475815e-02,2.838396595553891766e-11,5.019014207194983507e-02,-6.349114957903484555e-11
1.210551969342242629e+00,-3.805063769847872868e-01,-2.022309919309278961e-02,-3.659644681642686415e-01,1.095353897245287296e-09,-1.225054959084096451e+00,3.805063764235751544e-01,-7.417177441581426327e-15,3.793115279232378654e-03,-7.539624139706090078e-02,3.116609334948163811e-11,7.918935667624221741e-02,-9.213793066386486270e-11,3.271504234783170178e-14,9.553221627362778676e-03,-4.045134893345830179e-02,2.833821987715573922e-11,5.000457056108263687e-02,-6.329646566443669024e-11
1.212132324393603078e+00,-3.805063769847872868e-01,-2.021709279100030940e-02,-3.660836714284297355e-01,1.095403186106897924e-09,-1.224929749417843050e+00,3.805063764234294932e-01,-7.367840015345641995e-15,3.808219415263031267e-03,-7.546001539408909997e-02,3.121084150639119725e-11,7.926823480930149379e-02,-9.223780745912532291e-11,2.972021727147342067e-14,9.561621725145495049e-03,-4.025706130253225989e-02,2.829225434788013402e-11,4.981868302794135311e-02,-6.310138832379031926e-11
1.213712679444963749e+00,-3.805063769847872868e-01,-2.021106250857233888e-02,-3.662029752354511447e-01,1.095452545628993143e-09,-1.224804415328393681e+00,3.805063764232836099e-01,-7.323250381578697591e-15,3.823336727902337459e-03,-7.552348219735283141e-02,3.125551684796483750e-11,7.934681892520493995e-02,-9.233737565272823876e-11,2.670654016752582638e-14,9.569897075531160271e-03,-4.006258370254765777e-02,2.824606925491143355e-11,4.963248077834445104e-02,-6.290591858903306678e-11
1.215293034496324420e+00,-3.805063769847872868e-01,-2.020500832514107031e-02,-3.663223790996209539e-01,1.095501975696224273e-09,-1.224678957280792790e+00,3.805063764231375600e-01,-7.283438278430745223e-15,3.838467019740124386e-03,-7.558664150793030501e-02,3.130011902712573579e-11,7.942510852762062201e-02,-9.243663462536647124e-11,2.367408047787667578e-14,9.578047343597118762e-03,-3.986791777414502164e-02,2.819966448676209268e-11,4.944596511800983252e-02,-6.271005749123949173e-11
1.216873389547685091e+00,-3.805063769847873423e-01,-2.019893022035109537e-02,-3.664418825347572906e-01,1.095551476192694831e-09,-1.224553375740866423e+00,3.805063764229914547e-01,-7.248433333562139598e-15,3.853610092839025898e-03,-7.564949302949026955e-02,3.134464769662184246e-11,7.950310312227991394e-02,-9.253558375936153534e-11,2.062290858947831359e-14,9.586072197098385525e-03,-3.967306515518716908e-02,2.815303993327054973e-11,4.925913735255527809e-02,-6.251380606063231213e-11
1.218453744599045763e+00,-3.805063769847873423e-01,-2.019282817416024126e-02,-3.665614850542116554e-01,1.095601047001958259e-09,-1.224427671175221333e+00,3.805063764228451828e-01,-7.218265062651175083e-15,3.868765748738740417e-03,-7.571203646828779388e-02,3.138910250902814954e-11,7.958080221697759471e-02,-9.263422243866263068e-11,1.755309583271862723e-14,9.593971306475473221e-03,-3.947802748075228407e-02,2.810619548561441287e-11,4.907199878749954336e-02,-6.231716532659379170e-11
1.220034099650406434e+00,-3.805063769847872868e-01,-2.018670216684037219e-02,-3.666811861708734188e-01,1.095650688007020199e-09,-1.224301844051239874e+00,3.805063764226986334e-01,-7.192962867904411823e-15,3.883933788460266264e-03,-7.577427153315968722e-02,3.143348311674870704e-11,7.965820532157143197e-02,-9.273255004884492259e-11,1.446471447975000593e-14,9.601744344862004135e-03,-3.928280638312758866e-02,2.805913103632347857e-11,4.888455072826342757e-02,-6.212013631767739796e-11
1.221614454701766883e+00,-3.805063769847873423e-01,-2.018055217897822204e-02,-3.668009853971740397e-01,1.095700399090336012e-09,-1.224175894837077117e+00,3.805063764225520839e-01,-7.172556036569702904e-15,3.899114012510169949e-03,-7.583619793552003052e-02,3.147778917201874902e-11,7.973531194798209876e-02,-9.283056597710834003e-11,1.135783774277552781e-14,9.609390988092290919e-03,-3.908740349180217510e-02,2.801184647929265623e-11,4.869679448017034257e-02,-6.192272006161877532e-11
1.223194809753127554e+00,-3.805063769847873978e-01,-2.017437819147620270e-02,-3.669208822450907292e-01,1.095750180133811189e-09,-1.224049824001658404e+00,3.805063764224052569e-01,-7.157073739452003055e-15,3.914306220884867030e-03,-7.589781538935612415e-02,3.152202032690702653e-11,7.981212161019334006e-02,-9.292826961227664507e-11,8.232539772295386737e-15,9.616910914708867025e-03,-3.889182043346006007e-02,2.796434170979483803e-11,4.850873134844686796e-02,-6.172491758534684736e-11
1.224775164804488226e+00,-3.805063769847873978e-01,-2.016818018555318476e-02,-3.670408762261508362e-01,1.095800031018801561e-09,-1.223923632014675356e+00,3.805063764222583744e-01,-7.146545029431870505e-15,3.929510213074890838e-03,-7.595912361122349188e-02,3.156617623331775922e-11,7.988863382425118176e-02,-9.302566034479553293e-11,5.088895655307166178e-15,9.624303805969864484e-03,-3.869605883197486940e-02,2.791661662449423713e-11,4.832036263822474254e-02,-6.152672991499666399e-11
1.226355519855848897e+00,-3.805063769847873978e-01,-2.016195814274533010e-02,-3.671609668514357883e-01,1.095849951626113090e-09,-1.223797319346582757e+00,3.805063764221112144e-01,-7.140998839986990192e-15,3.944725788069209337e-03,-7.602012232024196736e-02,3.161025654299307165e-11,7.996484810826440248e-02,-9.312273756673203746e-11,1.926981413466818211e-15,9.631569345856379541e-03,-3.850012030840200411e-02,2.786867112145894085e-11,4.813168965454044795e-02,-6.132815807591948271e-11
1.227935874907209568e+00,-3.805063769847874533e-01,-2.015571204490686219e-02,-3.672811536315851444e-01,1.095899941836000008e-09,-1.223670886468594787e+00,3.805063764219639988e-01,-7.140463983716511615e-15,3.959952744359521160e-03,-7.608081123809087853e-02,3.165426090751505479e-11,8.004076398240407564e-02,-9.321950067177283800e-11,-1.253125998794147065e-15,9.638707221079671761e-03,-3.830400648097301297e-02,2.782050510017402273e-11,4.794271370233681162e-02,-6.112920309269517634e-11
1.229516229958570017e+00,-3.805063769847874533e-01,-2.014944187421084318e-02,-3.674014360768005916e-01,1.095950001528167093e-09,-1.223544333852683685e+00,3.805063764218165612e-01,-7.144969150868464833e-15,3.975190879944575512e-03,-7.614119008900467611e-02,3.169818897830807952e-11,8.011638096890338900e-02,-9.331594905522321248e-11,-4.451348696192168687e-15,9.645717121088359658e-03,-3.810771896508942380e-02,2.777211846155450926e-11,4.775343608646398508e-02,-6.092986598914411080e-11
1.231096585009930688e+00,-3.805063769847873978e-01,-2.014314761314995456e-02,-3.675218136968499971e-01,1.096000130581767808e-09,-1.223417661971573311e+00,3.805063764216690680e-01,-7.154542907870248280e-15,3.990439992334515913e-03,-7.620125859976858984e-02,3.174204040664111017e-11,8.019169859205770023e-02,-9.341208211400591295e-11,-7.667607864560564596e-15,9.652598738075498369e-03,-3.791125937331607521e-02,2.772351110795820118e-11,4.756385811167984645e-02,-6.073014778833833787e-11
1.232676940061291360e+00,-3.805063769847873978e-01,-2.013682924453726736e-02,-3.676422860010717386e-01,1.096050328875403678e-09,-1.223290871298738924e+00,3.805063764215213529e-01,-7.169213695862208915e-15,4.005699878555203999e-03,-7.626101649971385454e-02,3.178581484362986940e-11,8.026671637822410665e-02,-9.350789924665982147e-11,-1.090182376285534302e-14,9.659351766985539364e-03,-3.771462931537561403e-02,2.767468294319862076e-11,4.737398108265149232e-02,-6.053004951261413222e-11
1.234257295112652031e+00,-3.805063769847874533e-01,-2.013048675150700892e-02,-3.677628524983780900e-01,1.096100596287125327e-09,-1.223163962308402519e+00,3.805063764213735267e-01,-7.189009829234504042e-15,4.020970335152597962e-03,-7.632046352071354678e-02,3.182951194023932619e-11,8.034143385582162566e-02,-9.360339985333900653e-11,-1.415391572520926530e-14,9.665975905521278014e-03,-3.751783039814193810e-02,2.762563387255782023e-11,4.718380630395561937e-02,-6.032957218358324874e-11
1.235837650164012702e+00,-3.805063769847874533e-01,-2.012412011751530880e-02,-3.678835126972597180e-01,1.096150932694432062e-09,-1.223036935475529052e+00,3.805063764212255339e-01,-7.213959494167169047e-15,4.036251158197091959e-03,-7.637959939717792190e-02,3.187313134728589953e-11,8.041585055533097270e-02,-9.369858333581153403e-11,-1.742380216301982901e-14,9.672470854150672787e-03,-3.732086422563475614e-02,2.757636380279937106e-11,4.699333508007991211e-02,-6.012871682214543370e-11
1.237418005215373373e+00,-3.805063769847874533e-01,-2.011772932634095512e-02,-3.680042661057896236e-01,1.096201337974270427e-09,-1.222909791275824887e+00,3.805063764210772637e-01,-7.244090747173547273e-15,4.051542143287900632e-03,-7.643842386604969563e-02,3.191667271543975901e-11,8.048996600929404777e-02,-9.379344909745801970e-11,-2.071140056708909335e-14,9.678836316113527405e-03,-3.712373239901361338e-02,2.752687264218104631e-11,4.680256871542370911e-02,-5.992748444850023791e-11
1.238998360266733822e+00,-3.805063769847875088e-01,-2.011131436208611969e-02,-3.681251122316270830e-01,1.096251812003035029e-09,-1.222782530185732686e+00,3.805063764209290489e-01,-7.279431513647189298e-15,4.066843085557466167e-03,-7.649693666680008886e-02,3.196013569522743556e-11,8.056377975231443500e-02,-9.388799654327124138e-11,-2.401662750979763310e-14,9.685071997428247592e-03,-3.692643651657183390e-02,2.747716030046770338e-11,4.661150851429871761e-02,-5.972587608215885573e-11
1.240578715318094494e+00,-3.805063769847874533e-01,-2.010487520917711435e-02,-3.682460505820215335e-01,1.096302354656568542e-09,-1.222655152682429192e+00,3.805063764207805566e-01,-7.320009586412073321e-15,4.082153779675808981e-03,-7.655513754142349858e-02,3.200351993703390240e-11,8.063729132105668107e-02,-9.398222507985420025e-11,-2.733939864732066187e-14,9.691177606898308122e-03,-3.672897817373178136e-02,2.742722668894424095e-11,4.642015578093081074e-02,-5.952389274195715317e-11
1.242159070369455165e+00,-3.805063769847875088e-01,-2.009841185236510216e-02,-3.683670806638168482e-01,1.096352965810160666e-09,-1.222527659243822118e+00,3.805063764206320087e-01,-7.365852624276555278e-15,4.097474019854978160e-03,-7.661302623443368154e-02,3.204682509110521810e-11,8.071050025424650332e-02,-9.407613411541975902e-11,-3.067962872189193986e-14,9.697152856118801401e-03,-3.653135896303822544e-02,2.737707172042811013e-11,4.622851181945982629e-02,-5.932153544606682191e-11
1.243739425420815836e+00,-3.805063769847875088e-01,-2.009192427672683648e-02,-3.684882019834548883e-01,1.096403645338547718e-09,-1.222400050348545930e+00,3.805063764204831833e-01,-7.416988150590764706e-15,4.112803599853447241e-03,-7.667060249285879980e-02,3.209005080755089825e-11,8.078340609267058159e-02,-9.416972305978929772e-11,-3.403723156410151426e-14,9.702997459482831655e-03,-3.633358047415361641e-02,2.732669530928232315e-11,4.603657793394133613e-02,-5.911880521200843324e-11
1.245319780472176507e+00,-3.805063769847875643e-01,-2.008541246766533395e-02,-3.686094140469799441e-01,1.096454393115914080e-09,-1.222272326475959403e+00,3.805063764203343579e-01,-7.473443551807742962e-15,4.128142312980541233e-03,-7.672786606623695216e-02,3.213319673634628719e-11,8.085600837917633621e-02,-9.426299132439164093e-11,-3.741212009524029273e-14,9.708711134187805042e-03,-3.613564429385271448e-02,2.727609737142816158e-11,4.584435542834751354e-02,-5.891570305666372947e-11
1.246900135523536957e+00,-3.805063769847875643e-01,-2.007887641091064129e-02,-3.687307163600421767e-01,1.096505209015889715e-09,-1.222144488106142513e+00,3.805063764201853105e-01,-7.535246076048319070e-15,4.143489952100874903e-03,-7.678481670661164993e-02,3.217626252733512996e-11,8.092830665867183082e-02,-9.435593832226217895e-11,-4.080420632968378543e-14,9.714293600241678123e-03,-3.593755200601695537e-02,2.722527782435780375e-11,4.565184560656770224e-02,-5.871222999628763091e-11
1.248480490574897628e+00,-3.805063769847875088e-01,-2.007231609252047022e-02,-3.688521084279022810e-01,1.096556092911551824e-09,-1.222016535719892438e+00,3.805063764200361520e-01,-7.602422831669787864e-15,4.158846309638813618e-03,-7.684145416852725119e-02,3.221924783023206037e-11,8.100030047812584177e-02,-9.444856346804205352e-11,-4.421340137731917128e-14,9.719744580469126538e-03,-3.573930519162946129e-02,2.717423658714719453e-11,4.545904977240974171e-02,-5.850838704652121234e-11
1.250060845626258299e+00,-3.805063769847875643e-01,-2.006573149888093641e-02,-3.689735897554347610e-01,1.096607044675424222e-09,-1.221888469798720234e+00,3.805063764198867715e-01,-7.675000785838373101e-15,4.174211177582896892e-03,-7.689777820902415906e-02,3.226215229462501141e-11,8.107198938656735854e-02,-9.454086617797660685e-11,-4.763961544600947223e-14,9.725063800517538479e-03,-3.554090542877014203e-02,2.712297358046865979e-11,4.526596922960093861e-02,-5.830417522240396851e-11
1.251641200677618970e+00,-3.805063769847875643e-01,-2.005912261670723257e-02,-3.690951598471319262e-01,1.096658064179475895e-09,-1.221760290824849493e+00,3.805063764197372800e-01,-7.753006763105791065e-15,4.189584347490344328e-03,-7.695378858763467222e-02,3.230497556997788420e-11,8.114337293508579185e-02,-9.463284586991522651e-11,-5.108275784410529901e-14,9.730250988863087952e-03,-3.534235429261043532e-02,2.707148872660363408e-11,4.507260528178887171e-02,-5.809959553838660311e-11
1.253221555728979641e+00,-3.805063769847876198e-01,-2.005248943304429113e-02,-3.692168182071085547e-01,1.096709151295122649e-09,-1.221631999281210135e+00,3.805063764195876774e-01,-7.836467443989595970e-15,4.204965610491495642e-03,-7.700948506637786406e-02,3.234771730563299079e-11,8.121445067683065455e-02,-9.472450196330980744e-11,-5.454273698298992465e-14,9.735305876816533963e-03,-3.514365335540847041e-02,2.701978194945526534e-11,4.487895923254245356e-02,-5.789464900834350762e-11
1.254801910780340313e+00,-3.805063769847876198e-01,-2.004583193526748158e-02,-3.693385643391048356e-01,1.096760305893225049e-09,-1.221503595651436846e+00,3.805063764194378528e-01,-7.925409363557786794e-15,4.220354757294321815e-03,-7.706486740975548866e-02,3.239037715081374896e-11,8.128522216701158931e-02,-9.481583387921424784e-11,-5.801946037967355144e-14,9.740228198529104695e-03,-3.494480418650428022e-02,2.696785317456114904e-11,4.468503238535292271e-02,-5.768933664558563426e-11
1.256382265831700762e+00,-3.805063769847876198e-01,-2.003915011108324193e-02,-3.694603977464909206e-01,1.096811527844090478e-09,-1.221375080419866643e+00,3.805063764192879727e-01,-8.019858910017397855e-15,4.235751578188891135e-03,-7.711993538474674892e-02,3.243295475462706030e-11,8.135568696289793844e-02,-9.490684104028313088e-11,-6.151283465942208568e-14,9.745017690998145771e-03,-3.474580835231538822e-02,2.691570232910593618e-11,4.449082604363518295e-02,-5.748365946287358871e-11
1.257962620883061433e+00,-3.805063769847876198e-01,-2.003244394852976562e-02,-3.695823179322704766e-01,1.096862817017470873e-09,-1.221246454071533760e+00,3.805063764191378706e-01,-8.119842323307369749e-15,4.251155863051907235e-03,-7.717468876080442464e-02,3.247544976606621835e-11,8.142584462381913246e-02,-9.499752287077145326e-11,-6.502276555843024027e-14,9.749674094072841371e-03,-3.454666741633157651e-02,2.686332934193390581e-11,4.429634151072816411e-02,-5.727761847242985045e-11
1.259542975934422104e+00,-3.805063769847876198e-01,-2.002571343597764342e-02,-3.697043243990852379e-01,1.096914173282563127e-09,-1.221117717092166766e+00,3.805063764189877129e-01,-8.225385693695591787e-15,4.266567401351180344e-03,-7.722912730984957119e-02,3.251786183401328023e-11,8.149569471116407948e-02,-9.508787879653324228e-11,-6.854915792653346807e-14,9.754197150459678611e-03,-3.434738293911069468e-02,2.681073414356150518e-11,4.410158008989622375e-02,-5.707121468595206578e-11
1.261123330985782776e+00,-3.805063769847876198e-01,-2.001895856213048441e-02,-3.698264166492181149e-01,1.096965596508010134e-09,-1.220988869968187007e+00,3.805063764188373887e-01,-8.336514960380398337e-15,4.281985982150180933e-03,-7.728325080626731458e-02,3.256019060724187131e-11,8.156523678838130398e-02,-9.517790824502107762e-11,-7.209191572996376858e-14,9.758586605727984781e-03,-3.414795647827439246e-02,2.675791666619010647e-11,4.390654308433031283e-02,-5.686444911462625685e-11
1.262703686037143447e+00,-3.805063769847876753e-01,-2.001217931602558564e-02,-3.699485941845972459e-01,1.097017086561898504e-09,-1.220859913186703061e+00,3.805063764186868980e-01,-8.453255910096212997e-15,4.297411394112548265e-03,-7.733705902690195255e-02,3.260243573441978956e-11,8.163447042097887740e-02,-9.526761064528513492e-11,-7.565094205413959239e-14,9.762842208315272025e-03,-3.394838958850340122e-02,2.670487684371836923e-11,4.371123179714873214e-02,-5.665732276913946206e-11
1.264284041088504118e+00,-3.805063769847876753e-01,-2.000537568703453922e-02,-3.700708565068003275e-01,1.097068643311760434e-09,-1.220730847235508953e+00,3.805063764185362962e-01,-8.575634175723987465e-15,4.312843425506633632e-03,-7.739055175105247208e-02,3.264459686411172615e-11,8.170339517652397410e-02,-9.535698542797239737e-11,-7.922613910650608116e-14,9.766963709532542129e-03,-3.374868382153353025e-02,2.665161461175487103e-11,4.351564753139822855e-02,-5.644983665969305489e-11
1.265864396139864567e+00,-3.805063769847876753e-01,-1.999854766486385341e-02,-3.701932031170581117e-01,1.097120266624572459e-09,-1.220601672603080612e+00,3.805063764183854724e-01,-8.703675234905761422e-15,4.328281864210049672e-03,-7.744372876046774767e-02,3.268667364478197969e-11,8.177201062464320436e-02,-9.544603202532608701e-11,-8.281740821940462813e-14,9.770950863569511508e-03,-3.354884072615138546e-02,2.659812990763059920e-11,4.331979159005517471e-02,-5.624199179601595948e-11
1.267444751191225238e+00,-3.805063769847877309e-01,-1.999169523955557012e-02,-3.703156335162583468e-01,1.097171956366755044e-09,-1.220472389778572087e+00,3.805063764182345931e-01,-8.837404408664092835e-15,4.343726497714207532e-03,-7.749658983934198941e-02,3.272866572479712515e-11,8.184031633702211483e-02,-9.553474987118452739e-11,-8.642464985299099443e-14,9.774803427499697411e-03,-3.334886184819027544e-02,2.654442267041136825e-11,4.312366527602634614e-02,-5.603378918737756235e-11
1.269025106242585910e+00,-3.805063769847877309e-01,-1.998481840148788255e-02,-3.704381472049498303e-01,1.097223712404172993e-09,-1.220342999251812666e+00,3.805063764180834918e-01,-8.976846860026044727e-15,4.359177113128908689e-03,-7.754913477431013558e-02,3.277057275242892191e-11,8.190831188740552160e-02,-9.562313840098109184e-11,-9.004776359819117729e-14,9.778521161285537097e-03,-3.314874873052624932e-02,2.649049284091046341e-11,4.292726989215028127e-02,-5.582522984260145782e-11
1.270605461293946581e+00,-3.805063769847877309e-01,-1.997791714137571104e-02,-3.705607436833457946e-01,1.097275534602135868e-09,-1.220213501513304877e+00,3.805063764179323904e-01,-9.122027592651789935e-15,4.374633497186883845e-03,-7.760136335444295375e-02,3.281239437585690519e-11,8.197599685159684402e-02,-9.571119705174275591e-11,-9.368664817969538322e-14,9.782103827783257197e-03,-3.294850291307421103e-02,2.643634036170088034e-11,4.273060674119806557e-02,-5.561631477007835983e-11
1.272185816345307252e+00,-3.805063769847877309e-01,-1.997099145027132067e-02,-3.706834224513282927e-01,1.097327422825396123e-09,-1.220083897054218047e+00,3.805063764177810670e-01,-9.272971449468050010e-15,4.390095436248381278e-03,-7.765327537124244728e-02,3.285413024317124885e-11,8.204337080745836841e-02,-9.579892526208991644e-11,-9.734120145899375415e-14,9.785551192747796861e-03,-3.274812593278424167e-02,2.638196517712794612e-11,4.253367712587474703e-02,-5.540704497777999591e-11
1.273766171396667701e+00,-3.805063769847877864e-01,-1.996404131956488678e-02,-3.708061830084516952e-01,1.097379376938151173e-09,-1.219954186366388083e+00,3.805063764176295771e-01,-9.429703111306406121e-15,4.405562716305756917e-03,-7.770487061863735889e-02,3.289578000237562173e-11,8.211043333491119256e-02,-9.588632247223561604e-11,-1.010113204374527104e-13,9.788863024837579987e-03,-3.254761932363733901e-02,2.632736723332147810e-11,4.233648234881974559e-02,-5.519742147327172822e-11
1.275346526448028373e+00,-3.805063769847877864e-01,-1.995706674098508479e-02,-3.709290248539465762e-01,1.097431396804040709e-09,-1.219824369942313469e+00,3.805063764174779761e-01,-9.592247095546410964e-15,4.421035122988065287e-03,-7.775614889297821630e-02,3.293734330138996006e-11,8.217718401593492039e-02,-9.597338812398494861e-11,-1.046969012594292093e-13,9.792039095619247541e-03,-3.234698461664280156e-02,2.627254647820855358e-11,4.213902371260898339e-02,-5.498744526372738458e-11
1.276926881499389044e+00,-3.805063769847877864e-01,-1.995006770659965220e-02,-3.710519474867236545e-01,1.097483482286149174e-09,-1.219694448275151055e+00,3.805063764173262086e-01,-9.760627754763730455e-15,4.436512441565648723e-03,-7.780710999303275255e-02,3.297881978805335607e-11,8.224362243456759258e-02,-9.606012166073423212e-11,-1.083978392154261009e-13,9.795079179572197328e-03,-3.214622333983346153e-02,2.621750286152540368e-11,4.194130251975471124e-02,-5.477711735594127204e-11
1.278507236550749715e+00,-3.805063769847878419e-01,-1.994304420881596110e-02,-3.711749504053776239e-01,1.097535633247003702e-09,-1.219564421858713610e+00,3.805063764171743856e-01,-9.934869275383247349e-15,4.451994456954753467e-03,-7.785775371998109040e-02,3.302020911012681742e-11,8.230974817690558942e-02,-9.614652252747060794e-11,-1.121140287452862187e-13,9.797983054093194893e-03,-3.194533701826345745e-02,2.616223633483018946e-11,4.174332007270781936e-02,-5.456643875634329225e-11
1.280087591602110386e+00,-3.805063769847877864e-01,-1.993599624038156978e-02,-3.712980331081907059e-01,1.097587849548574937e-09,-1.219434291187466046e+00,3.805063764170222851e-01,-1.011499567633722935e-14,4.467480953722149234e-03,-7.790807987741138474e-02,3.306151091529640147e-11,8.237556083110381122e-02,-9.623259017077173070e-11,-1.158453634414250946e-13,9.800750499500788387e-03,-3.174432717400362675e-02,2.610674685151491849e-11,4.154507767385769157e-02,-5.435541047101123936e-11
1.281667946653471057e+00,-3.805063769847878419e-01,-1.992892379438475706e-02,-3.714211950931366468e-01,1.097640131052276626e-09,-1.219304056756523424e+00,3.805063764168701845e-01,-1.030103080772879049e-14,4.482971716089728838e-03,-7.795808827131447960e-02,3.310272485117578726e-11,8.244105998737506769e-02,-9.631832403880455329e-11,-1.195917360521067127e-13,9.803381299039652316e-03,-3.154319532613967386e-02,2.605103436681818533e-11,4.134657662553473112e-02,-5.414403350568608342e-11
1.283248301704831507e+00,-3.805063769847878419e-01,-1.992182686425509816e-02,-3.715444358578847139e-01,1.097692477618965824e-09,-1.219173719061645622e+00,3.805063764167179174e-01,-1.049299834950032230e-14,4.498466527939162449e-03,-7.800777871007982811e-02,3.314385056530950673e-11,8.250624523799039711e-02,-9.640372358132543030e-11,-1.233530384847528253e-13,9.805875238884898329e-03,-3.134194299076763918e-02,2.599509883783701058e-11,4.114781823001005534e-02,-5.393230886578423599e-11
1.284828656756192178e+00,-3.805063769847878419e-01,-1.991470544376396090e-02,-3.716677548998027492e-01,1.097744889108941857e-09,-1.219043278599236668e+00,3.805063764165654838e-01,-1.069092181010736501e-14,4.513965172816516297e-03,-7.805715100449044097e-02,3.318488770517574287e-11,8.257111617727894148e-02,-9.648878824967943305e-11,-1.271291618092961164e-13,9.808232108146255901e-03,-3.114057168099144263e-02,2.593894022353930997e-11,4.094880378949733446e-02,-5.372023755641224545e-11
1.286409011807552849e+00,-3.805063769847878974e-01,-1.990755952702505729e-02,-3.717911517159620538e-01,1.097797365381947568e-09,-1.218912735866338304e+00,3.805063764164129392e-01,-1.089482452519771830e-14,4.529467433936886986e-03,-7.810620496771807086e-02,3.322583591818926362e-11,8.263567240162750238e-02,-9.657351749679959986e-11,-1.309199962615690219e-13,9.810451698872145465e-03,-3.093908290692030938e-02,2.588255848477621164e-11,4.074953460615420020e-02,-5.350782058238094959e-11
1.287989366858913520e+00,-3.805063769847878974e-01,-1.990038910849495357e-02,-3.719146258031401642e-01,1.097849906297168692e-09,-1.218782091360630426e+00,3.805063764162602280e-01,-1.110472965629602526e-14,4.544973094189078307e-03,-7.815494041531881320e-02,3.326669485170456263e-11,8.269991350948102671e-02,-9.665791077720698785e-11,-1.347254312467349595e-13,9.812533806053772359e-03,-3.073747817566486670e-02,2.582595358429403079e-11,4.055001198208251639e-02,-5.329505894821860708e-11
1.289569721910274192e+00,-3.805063769847879529e-01,-1.989319418297357672e-02,-3.720381766578251814e-01,1.097902511713232824e-09,-1.218651345580423984e+00,3.805063764161074613e-01,-1.132066018949374260e-14,4.560481936140212134e-03,-7.820335716522798519e-02,3.330746415301866387e-11,8.276383910134189892e-02,-9.674196754700962597e-11,-1.385453553427548226e-13,9.814478227628964033e-03,-3.053575899133522883e-02,2.576912548674657730e-11,4.035023721933018309e-02,-5.308195365818557992e-11
1.291150076961634641e+00,-3.805063769847879529e-01,-1.988597474560474532e-02,-3.721618037762191022e-01,1.097955181488210662e-09,-1.218520499024661197e+00,3.805063764159544726e-01,-1.154263893414451460e-14,4.575993742040426922e-03,-7.825145503775565725e-02,3.334814346937431406e-11,8.282744877977037123e-02,-9.682568726390273475e-11,-1.423796563038918202e-13,9.816284764486132158e-03,-3.033392685503785713e-02,2.571207415870737921e-11,4.015021161989210802e-02,-5.286850571628832445e-11
1.292730432012995312e+00,-3.805063769847879529e-01,-1.987873079187662748e-02,-3.722855066542423152e-01,1.098007915479614760e-09,-1.218389552192909786e+00,3.805063764158013728e-01,-1.177068852156547459e-14,4.591508293827522430e-03,-7.829923385558169857e-02,3.338873244796289714e-11,8.289074214938409180e-02,-9.690906938716776987e-11,-1.462282210642608970e-13,9.817953220467932895e-03,-3.013198326487295797e-02,2.565479956868161871e-11,3.994993648571112249e-02,-5.265471612629318199e-11
1.294310787064355983e+00,-3.805063769847879529e-01,-1.987146231762225435e-02,-3.724092847875363765e-01,1.098060713544401189e-09,-1.218258505585361640e+00,3.805063764156481620e-01,-1.200483140374371338e-14,4.607025373131639137e-03,-7.834669344375133626e-02,3.342923073592763966e-11,8.295371881685842386e-02,-9.699211337767253848e-11,-1.500909357414074600e-13,9.819483402375039915e-03,-2.992992971593188764e-02,2.559730168711840413e-11,3.974941311867927901e-02,-5.244058589174077694e-11
1.295891142115716654e+00,-3.805063769847880084e-01,-1.986416931902000582e-02,-3.725331376714683951e-01,1.098113575538967672e-09,-1.218127359702827484e+00,3.805063764154948402e-01,-1.224508985204875418e-14,4.622544761279937658e-03,-7.839383362967007607e-02,3.346963798036658988e-11,8.301637839092605720e-02,-9.707481869787057881e-11,-1.539676856399308384e-13,9.820875119969700584e-03,-2.972776770029491103e-02,2.553958048642282221e-11,3.954864282063907943e-02,-5.222611601596035675e-11
1.297471497167077326e+00,-3.805063769847880084e-01,-1.985685179153431554e-02,-3.726570648000897545e-01,1.098166501319299584e-09,-1.217996115046720451e+00,3.805063764153413519e-01,-1.248840319638207027e-14,4.638068957048573603e-03,-7.844065156331453403e-02,3.350995420157997496e-11,8.307872052033976606e-02,-9.715718306807502523e-11,-1.525864422474597145e-13,9.826775881356645051e-03,-2.952091593323212873e-02,2.548227423651239830e-11,3.934769181496554358e-02,-5.200832550841643613e-11
1.299051852218437997e+00,-3.805063769847880639e-01,-1.984950972143630435e-02,-3.727810656577779658e-01,1.098219490742134825e-09,-1.217864772118933958e+00,3.805063764151877526e-01,-1.272698372991500349e-14,4.653604626093460483e-03,-7.848714028804865128e-02,3.355017999213185511e-11,8.314074491411936607e-02,-9.723920153649726320e-11,-1.493434382850599467e-13,9.834191295826931467e-03,-2.931232828246678121e-02,2.542497170163254942e-11,3.914651957866989440e-02,-5.178913647570669939e-11
1.300632207269798446e+00,-3.805063769847880639e-01,-1.984214309025150377e-02,-3.729051397236263221e-01,1.098272543664352745e-09,-1.217733331421900989e+00,3.805063764150339867e-01,-1.296042522661281422e-14,4.669151926137902336e-03,-7.853329926632349189e-02,3.359031505081712173e-11,8.320245119243921406e-02,-9.732087332828267817e-11,-1.460828105926942010e-13,9.841495295855632111e-03,-2.910360940594681686e-02,2.536744956754505803e-11,3.894510470217799752e-02,-5.156959310049538784e-11
1.302212562321159117e+00,-3.805063769847880639e-01,-1.983475187973808215e-02,-3.730292864763550265e-01,1.098325659942290269e-09,-1.217601793458658932e+00,3.805063764148801098e-01,-1.318869991454841335e-14,4.684710680813775063e-03,-7.857912829207593097e-02,3.363035903055434407e-11,8.326383897286815383e-02,-9.740219788433436233e-11,-1.428046603332096730e-13,9.848687509951728480e-03,-2.889476097412106009e-02,2.530970778807499951e-11,3.874344848444773171e-02,-5.134969650932533534e-11
1.303792917372519788e+00,-3.805063769847881194e-01,-1.982733607193340811e-02,-3.731535053943608737e-01,1.098378839431736730e-09,-1.217470158732848251e+00,3.805063764147261218e-01,-1.341178018234478131e-14,4.700280713167075998e-03,-7.862462716188146905e-02,3.367031158419052090e-11,8.332490787502756791e-02,-9.748317464733635360e-11,-1.395090895252730019e-13,9.855767568147768068e-03,-2.868578465585059842e-02,2.525174631886360830e-11,3.854155222437267991e-02,-5.112944782953312662e-11
1.305373272423880460e+00,-3.805063769847881194e-01,-1.981989564915495605e-02,-3.732777959557212477e-01,1.098432081987931590e-09,-1.217338427748709595e+00,3.805063764145720229e-01,-1.362963858052446766e-14,4.715861845660331703e-03,-7.866979567495183123e-02,3.371017236450404020e-11,8.338565752059176606e-02,-9.756380306175500562e-11,-1.361962010398909530e-13,9.862735102009459118e-03,-2.847668211840050784e-02,2.519356511738120255e-11,3.833941722078362813e-02,-5.090884818925965033e-11
1.306953627475241131e+00,-3.805063769847881194e-01,-1.981243059400122561e-02,-3.734021576381982288e-01,1.098485387465566101e-09,-1.217206601011078693e+00,3.805063764144177574e-01,-1.384224782285399152e-14,4.731453900175026581e-03,-7.871463363313221939e-02,3.374994102420746450e-11,8.344608753328744410e-02,-9.764408257384004757e-11,-1.328660985968835402e-13,9.869589744645145685e-03,-2.826745502743151922e-02,2.513516414293985684e-11,3.813704477244966862e-02,-5.068789871746027073e-11
1.308533982526601580e+00,-3.805063769847881749e-01,-1.980494088935267835e-02,-3.735265899192430905e-01,1.098538755718782056e-09,-1.217074679025385464e+00,3.805063764142633809e-01,-1.404958078768236972e-14,4.747056698014056643e-03,-7.875914084089892520e-02,3.378961721595058753e-11,8.350619753889376717e-02,-9.772401263162608348e-11,-1.295188867613264775e-13,9.876331130715393716e-03,-2.805810504699210450e-02,2.507654335670640116e-11,3.793443617807982365e-02,-5.046660054391577496e-11
1.310114337577962251e+00,-3.805063769847881749e-01,-1.979742651837262599e-02,-3.736510922759997411e-01,1.098592186601173658e-09,-1.216942662297648914e+00,3.805063764141088933e-01,-1.425161051927407084e-14,4.762670059904178070e-03,-7.880331710535685985e-02,3.382920059232327119e-11,8.356598716524241133e-02,-9.780359268493389754e-11,-1.261546709399531661e-13,9.882958896442429683e-03,-2.784863383950959143e-02,2.501770272171488358e-11,3.773159273632366306e-02,-5.024495479924185972e-11
1.311694692629322923e+00,-3.805063769847881749e-01,-1.978988746450815669e-02,-3.737756641853096640e-01,1.098645679965784619e-09,-1.216810551334474466e+00,3.805063764139542393e-01,-1.444831022913630207e-14,4.778293805998493071e-03,-7.884716223623675080e-02,3.386869080585843117e-11,8.362545604221723050e-02,-9.788282218537159157e-11,-1.227735573775176287e-13,9.889472679619678089e-03,-2.763904306578294362e-02,2.495864220287969523e-11,3.752851574577358018e-02,-5.002296261490082168e-11
1.313275047680683594e+00,-3.805063769847882305e-01,-1.978232371149102678e-02,-3.739003051237156372e-01,1.098699235665110024e-09,-1.216678346643051523e+00,3.805063764137995297e-01,-1.463965329734047906e-14,4.793927755878937477e-03,-7.889067604589278249e-02,3.390808750903508071e-11,8.368460380175427038e-02,-9.796170058633612299e-11,-1.193756531531221285e-13,9.895872119621174079e-03,-2.742933438497364290e-02,2.489936176700797485e-11,3.732520650496506942e-02,-4.980062512321073405e-11
1.314855402732044265e+00,-3.805063769847882305e-01,-1.977473524333856272e-02,-3.740250145674658966e-01,1.098752853551095504e-09,-1.216546048731148799e+00,3.805063764136446536e-01,-1.482561327383790388e-14,4.809571728558784814e-03,-7.893385834929980693e-02,3.394739035428122574e-11,8.374343007784174064e-02,-9.804022734301458438e-11,-1.159610661765053835e-13,9.902156857411041971e-03,-2.721950945459803914e-02,2.483986138281243970e-11,3.712166631237862752e-02,-4.957794345735663282e-11
1.316435757783404714e+00,-3.805063769847882860e-01,-1.976712204435457712e-02,-3.741497919925182991e-01,1.098806533475137648e-09,-1.216413658107112550e+00,3.805063764134896109e-01,-1.500616387976932776e-14,4.825225542485159051e-03,-7.897670896405083185e-02,3.398659899397694094e-11,8.380193450651972353e-02,-9.811840191238553476e-11,-1.125299051842979123e-13,9.908326535552888781e-03,-2.700956993051943644e-02,2.478014102092420693e-11,3.691789646644113437e-02,-4.935491875140103108e-11
1.318016112834765385e+00,-3.805063769847883415e-01,-1.975948409913022910e-02,-3.742746368745448193e-01,1.098860275288083591e-09,-1.216281175279861460e+00,3.805063764133345128e-01,-1.518127900876908967e-14,4.840889015541593315e-03,-7.901922771035452264e-02,3.402571308045746523e-11,8.386011672588043753e-02,-9.819622375322056343e-11,-1.090822797362318675e-13,9.914380798219268875e-03,-2.679951746693949935e-02,2.472020065390531758e-11,3.671389826552683838e-02,-4.913155214029394855e-11
1.319596467886125835e+00,-3.805063769847883415e-01,-1.975182139254494026e-02,-3.743995486889349911e-01,1.098914078840231012e-09,-1.216148600758885978e+00,3.805063764131792481e-01,-1.535093272826254002e-14,4.856561965050554784e-03,-7.906141441103241296e-02,3.406473226601618089e-11,8.391797637606784876e-02,-9.827369232608560831e-11,-1.056183002113251195e-13,9.920319291200987294e-03,-2.658935371639022105e-02,2.466004025626131552e-11,3.650967300795852910e-02,-4.890784475988327074e-11
1.321176822937486506e+00,-3.805063769847883970e-01,-1.974413390976726551e-02,-3.745245269108005148e-01,1.098967943981327517e-09,-1.216015935054242769e+00,3.805063764130238724e-01,-1.551509928075794559e-14,4.872244207776015544e-03,-7.910326889151614305e-02,3.410365620290768317e-11,8.397551309927762941e-02,-9.835080709334211916e-11,-1.021380778040182489e-13,9.926141661916526235e-03,-2.637908032972666530e-02,2.459965980445422714e-11,3.630522199200974381e-02,-4.868379774692616790e-11
1.322757177988847177e+00,-3.805063769847883970e-01,-1.973642163625578122e-02,-3.746495710149793656e-01,1.099021870560572497e-09,-1.215883178676552490e+00,3.805063764128683856e-01,-1.567375308513203931e-14,4.887935559926043401e-03,-7.914479097984515599e-02,3.414248454335098566e-11,8.403272653975725481e-02,-9.842756751914906092e-11,-9.864172452028249602e-14,9.931847559421377869e-03,-2.616869895611780017e-02,2.453905927691478159e-11,3.610054651590495489e-02,-4.845941223909829094e-11
1.324337533040207848e+00,-3.805063769847883970e-01,-1.972868455775994567e-02,-3.747746804760399009e-01,1.099075858426614026e-09,-1.215750332136996237e+00,3.805063764127127879e-01,-1.582686873790943594e-14,4.903635837155390087e-03,-7.918598050666376953e-02,3.418121693953254461e-11,8.408961634380578143e-02,-9.850397306946392182e-11,-9.512935317368560442e-14,9.937436634417359804e-03,-2.595821124303931970e-02,2.447823865405525794e-11,3.589564787782166533e-02,-4.823468937500508059e-11
1.325917888091568519e+00,-3.805063769847884525e-01,-1.972092266032101152e-02,-3.748998547682844129e-01,1.099129907427551344e-09,-1.215617395947312884e+00,3.805063764125570791e-01,-1.597442101453572100e-14,4.919344854568090744e-03,-7.922683730521859480e-02,3.421985304360947076e-11,8.414618215977388849e-02,-9.858002321204435482e-11,-9.160107738142704380e-14,9.942908539261942694e-03,-2.574761883626545608e-02,2.441719791828201571e-11,3.569052737589158142e-02,-4.800963029419208769e-11
1.327498243142929191e+00,-3.805063769847884525e-01,-1.971313593027283068e-02,-3.750250933657542918e-01,1.099184017410934032e-09,-1.215484370619794863e+00,3.805063764124012038e-01,-1.611638487064444661e-14,4.935062426720098969e-03,-7.926736121135559421e-02,3.425839250771256016e-11,8.420242363806347552e-02,-9.865571741644950886e-11,-8.805701156032834990e-14,9.948262927977487638e-03,-2.553692337986109354e-02,2.435593705400802533e-11,3.548518630820197278e-02,-4.778423613715539704e-11
1.329078598194289640e+00,-3.805063769847884525e-01,-1.970532435424277376e-02,-3.751503957422333002e-01,1.099238188223761593e-09,-1.215351256667285718e+00,3.805063764122452730e-01,-1.625273544331755132e-14,4.950788367621935734e-03,-7.930755206351793041e-02,3.429683498394972570e-11,8.425834043112818972e-02,-9.873105515404201927e-11,-8.449727092279887725e-14,9.953499456260605019e-03,-2.532612651617352495e-02,2.429445604766540510e-11,3.527962597279668544e-02,-4.755850804535191538e-11
1.330658953245650311e+00,-3.805063769847885635e-01,-1.969748791915256966e-02,-3.752757613712520146e-01,1.099292419712484077e-09,-1.215218054603177000e+00,3.805063764120891756e-01,-1.638344805233939972e-14,4.966522490741308825e-03,-7.934740970274249683e-02,3.433518012440887927e-11,8.431393219347273205e-02,-9.880603589798877029e-11,-8.092197147275659309e-14,9.958617781491275675e-03,-2.511522988582506541e-02,2.423275488771793554e-11,3.507384766767807083e-02,-4.733244716121020238e-11
1.332239308297010982e+00,-3.805063769847885635e-01,-1.968962661221915905e-02,-3.754011897260915442e-01,1.099346711723001250e-09,-1.215084764941403828e+00,3.805063764119329672e-01,-1.650849820144445744e-14,4.982264609005812063e-03,-7.938693397265797480e-02,3.437342758116144088e-11,8.436919858165328745e-02,-9.888065912326323449e-11,-7.733123000151968978e-14,9.963617562742202796e-03,-2.490423512770497880e-02,2.417083356467367065e-11,3.486785269080806826e-02,-4.710605462814095892e-11
1.333819663348371654e+00,-3.805063769847885635e-01,-1.968174042095555132e-02,-3.755266802797884163e-01,1.099401064100663426e-09,-1.214951388196443549e+00,3.805063764117766478e-01,-1.662786157955849435e-14,4.998014534805597653e-03,-7.942612471948139186e-02,3.441157700626536944e-11,8.442413925427706689e-02,-9.895492430664641626e-11,-7.372516408365200153e-14,9.968498460787912283e-03,-2.469314387896162644e-02,2.410869207109726163e-11,3.466164234010956496e-02,-4.687933159054733463e-11
1.335400018399732325e+00,-3.805063769847886190e-01,-1.967382933317166419e-02,-3.756522325051377953e-01,1.099455476690270843e-09,-1.214817924883310196e+00,3.805063764116202174e-01,-1.674151406203288056e-14,5.013772079996065868e-03,-7.946498179201585965e-02,3.444962805176854263e-11,8.447875387200254327e-02,-9.902883092672880339e-11,-7.010389207279000591e-14,9.973260138113976270e-03,-2.448195777499435552e-02,2.404633040162236454e-11,3.445521791346749241e-02,-4.665227919383513836e-11
1.336980373451092774e+00,-3.805063769847886190e-01,-1.966589333697516678e-02,-3.757778458746980355e-01,1.099509949336073455e-09,-1.214684375517553594e+00,3.805063764114636204e-01,-1.684943171187265031e-14,5.029537055900591171e-03,-7.950350504164752086e-02,3.448758036971201384e-11,8.453304209753929876e-02,-9.910237846391178886e-11,-6.646753309741781111e-14,9.977902258926203694e-03,-2.427067844944658104e-02,2.398374855296441320e-11,3.424858070873106758e-02,-4.642489858442434762e-11
1.338560728502453445e+00,-3.805063769847885635e-01,-1.965793242077234007e-02,-3.759035198607947881e-01,1.099564481881772177e-09,-1.214550740615253810e+00,3.805063764113069125e-01,-1.695159078095757662e-14,5.045309273313230980e-03,-7.954169432234291237e-02,3.452543361213328222e-11,8.458700359564789995e-02,-9.917556640040935100e-11,-6.281620705661811122e-14,9.982424489159712894e-03,-2.405930753419684848e-02,2.392094652393252280e-11,3.404173202371395951e-02,-4.619719090975823988e-11
1.340141083553814116e+00,-3.805063769847886745e-01,-1.964994657326887828e-02,-3.760292539355247210e-01,1.099619074170517435e-09,-1.214417020693020488e+00,3.805063764111501490e-01,-1.704796771125664795e-14,5.061088542501473476e-03,-7.957954949064605099e-02,3.456318743106960132e-11,8.464063803313984224e-02,-9.924839422024956572e-11,-5.915003461578270148e-14,9.986826496488108301e-03,-2.384784665935243270e-02,2.385792431544241781e-11,3.383467315619703014e-02,-4.596915731831545134e-11
1.341721438605174788e+00,-3.805063769847886745e-01,-1.964193578347073546e-02,-3.761550475707601815e-01,1.099673726044909580e-09,-1.214283216267987076e+00,3.805063764109932190e-01,-1.713853913603571321e-14,5.076874673209004485e-03,-7.961707040567572724e-02,3.460084147856137832e-11,8.469394507887761936e-02,-9.932086140927640298e-11,-5.546913720228921125e-14,9.991107950332533960e-03,-2.363629745324052206e-02,2.379468193052836797e-11,3.362740540392863964e-02,-4.574079895961914050e-11
1.343301793656535459e+00,-3.805063769847887301e-01,-1.963390004068495814e-02,-3.762809002381525270e-01,1.099728437346999922e-09,-1.214149327857808824e+00,3.805063764108361779e-01,-1.722328188105819749e-14,5.092667474658451807e-03,-7.965425692912268818e-02,3.463839540665549569e-11,8.474692440377457059e-02,-9.939296745515131660e-11,-5.177363700114842829e-14,9.995268521870760009e-03,-2.342466154240096035e-02,2.373121937435567999e-11,3.341993006462637417e-02,-4.551211698424803234e-11
1.344882148707896130e+00,-3.805063769847887301e-01,-1.962583933452050067e-02,-3.764068114091367878e-01,1.099783207918288868e-09,-1.214015355980659905e+00,3.805063764106790813e-01,-1.730217296577900205e-14,5.108466755554184197e-03,-7.969110892524677858e-02,3.467584886740869742e-11,8.479957568079497798e-02,-9.946471184735497612e-11,-4.806365695060919495e-14,9.999307884046260489e-03,-2.321294055157877012e-02,2.366753665423311499e-11,3.321224843597875981e-02,-4.528311254384717166e-11
1.346462503759256579e+00,-3.805063769847887301e-01,-1.961775365488902315e-02,-3.765327805549354423e-01,1.099838037599727577e-09,-1.213881301155230075e+00,3.805063764105218183e-01,-1.737518960453142126e-14,5.124272324085115543e-03,-7.972762626087405435e-02,3.471320151289094302e-11,8.485189858495373327e-02,-9.953609407718880487e-11,-4.433932073773197075e-14,1.000322571157718707e-02,-2.300113610371637765e-02,2.360363377962504734e-11,3.300436181564634502e-02,-4.505378679113810773e-11
1.348042858810617250e+00,-3.805063769847888411e-01,-1.960964299200574149e-02,-3.766588071465625243e-01,1.099892926231717340e-09,-1.213747163900719350e+00,3.805063764103644997e-01,-1.744230920770694402e-14,5.140083987927492569e-03,-7.976380880539396534e-02,3.475045299518889070e-11,8.490389279331657379e-02,-9.960711363777684109e-11,-4.060075279393356694e-14,1.000702168096542950e-02,-2.278924981994618487e-02,2.353951076216389827e-11,3.279627150126344232e-02,-4.482414087992980277e-11
1.349623213861977922e+00,-3.805063769847888411e-01,-1.960150733639019760e-02,-3.767848906548276755e-01,1.099947873654109373e-09,-1.213612944736838894e+00,3.805063764102070145e-01,-1.750350938292811957e-14,5.155901554247747584e-03,-7.979965643075651038e-02,3.478760296640930951e-11,8.495555798499995759e-02,-9.967777002406746987e-11,-3.684807829049003341e-14,1.001069547050554773e-02,-2.257728331958243004e-02,2.347516761566207829e-11,3.258797879043884294e-02,-4.459417596512830603e-11
1.351203568913338593e+00,-3.805063769847888411e-01,-1.959334667886709208e-02,-3.769110305503404201e-01,1.100002879706204817e-09,-1.213478644183803024e+00,3.805063764100494739e-01,-1.755876793621417203e-14,5.171724829705319146e-03,-7.983516901146932299e-02,3.482465107868247850e-11,8.500689384117088299e-02,-9.974806273283494827e-11,-3.308142313401083753e-14,1.001424676029376466e-02,-2.236523822011464435e-02,2.341060435612460814e-11,3.237948498075829407e-02,-4.436389320274848301e-11
1.352783923964699264e+00,-3.805063769847888966e-01,-1.958516101056707176e-02,-3.770372263035134397e-01,1.100057944226756186e-09,-1.213344262762330095e+00,3.805063764098917667e-01,-1.760806287313955939e-14,5.187553620455520424e-03,-7.987034642459490963e-02,3.486159698416581861e-11,8.505790004504720780e-02,-9.981799126268164125e-11,-2.930091396187953837e-14,1.001767523223691739e-02,-2.215311613719920386e-02,2.334582100176105475e-11,3.217079136978501230e-02,-4.413329374992356031e-11
1.354364279016059713e+00,-3.805063769847889521e-01,-1.957695032292751033e-02,-3.771634773845676802e-01,1.100113067053965503e-09,-1.213209800993636289e+00,3.805063764097339485e-01,-1.765137239998513931e-14,5.203387732152392822e-03,-7.990518854974744400e-02,3.489844033504716904e-11,8.510857628189717750e-02,-9.988755511403915910e-11,-2.550667813765768747e-14,1.002098057006128862e-02,-2.194091868465224832e-02,2.328081757299766752e-11,3.196189925506143920e-02,-4.390237876491584669e-11
1.355944634067420385e+00,-3.805063769847889521e-01,-1.956871460769332022e-02,-3.772897832635356274e-01,1.100168248025484927e-09,-1.213075259399434058e+00,3.805063764095759637e-01,-1.768867492488217835e-14,5.219226969951596892e-03,-7.993969526909007473e-02,3.493518078354839972e-11,8.515892223903953617e-02,-9.995675378917047704e-11,-2.169884374645882539e-14,1.002416245932158043e-02,-2.172864747444255840e-02,2.321559409248978930e-11,3.175280993411102454e-02,-4.367114940712784182e-11
1.357524989118781056e+00,-3.805063769847889521e-01,-1.956045385691772623e-02,-3.774161434102656920e-01,1.100223486978417777e-09,-1.212940638501928570e+00,3.805063764094179790e-01,-1.771994905894906580e-14,5.235071138513329274e-03,-7.997386646733214977e-02,3.497181798192908839e-11,8.520893760584391519e-02,-1.000255867921721454e-10,-1.787753959028785048e-14,1.002722058740977695e-02,-2.151630411668344067e-02,2.315015058513376322e-11,3.154352470443907985e-02,-4.343960683711196860e-11
1.359105344170141727e+00,-3.805063769847889521e-01,-1.955216806296305662e-02,-3.775425572944257069e-01,1.100278783749317301e-09,-1.212805938823813712e+00,3.805063764092598833e-01,-1.774517361742035672e-14,5.250920042005171109e-03,-8.000770203172587192e-02,3.500835158248976468e-11,8.525862207373001433e-02,-1.000940536289752330e-10,-1.404289518335317195e-14,1.003015464356390822e-02,-2.130389021962606627e-02,2.308448707807912717e-11,3.133404486353481150e-02,-4.320775221658175303e-11
1.360685699221502398e+00,-3.805063769847890076e-01,-1.954385721850150290e-02,-3.776690243855078677e-01,1.100334138174187292e-09,-1.212671160888270094e+00,3.805063764091016765e-01,-1.776432762076880344e-14,5.266773484105099525e-03,-8.004120185206380078e-02,3.504478123757582632e-11,8.530797533616842065e-02,-1.001621538073480157e-10,-1.019504074733196510e-14,1.003296431887695100e-02,-2.109140738965131073e-02,2.301860360074056267e-11,3.112437170887205964e-02,-4.297558670842158879e-11
1.362266054272863069e+00,-3.805063769847890631e-01,-1.953552131651589696e-02,-3.777955441528318414e-01,1.100389550088482500e-09,-1.212536305218960608e+00,3.805063764089433032e-01,-1.777739029581945755e-14,5.282631268004345584e-03,-8.007436582067538333e-02,3.508110659958076383e-11,8.535699708867978963e-02,-1.002298868368971523e-10,-6.334107206620109282e-15,1.003564930630556143e-02,-2.087885723126344656e-02,2.295250018481019595e-11,3.091450653791174424e-02,-4.274311147669835009e-11
1.363846409324223519e+00,-3.805063769847890631e-01,-1.952716035030049868e-02,-3.779221160655491518e-01,1.100445019327108015e-09,-1.212401372340027983e+00,3.805063764087848743e-01,-1.778434107685660266e-14,5.298493196410404907e-03,-8.010719383242459468e-02,3.511732732095017364e-11,8.540568702883560848e-02,-1.002972522290702568e-10,-2.460226183540855067e-15,1.003820930067889604e-02,-2.066624134708160143e-02,2.288617686426929807e-11,3.070445064810217728e-02,-4.251032768667056175e-11
1.365426764375584190e+00,-3.805063769847891741e-01,-1.951877431346172101e-02,-3.780487395926474536e-01,1.100500545724420092e-09,-1.212266362776090789e+00,3.805063764086263345e-01,-1.778515960672273548e-14,5.314359071549959804e-03,-8.013968578470630211e-02,3.515344305418495052e-11,8.545404485625740509e-02,-1.003642494971569838e-10,1.426470006480140982e-15,1.004064399870728715e-02,-2.045356133783383240e-02,2.281963367540059561e-11,3.049420533688172730e-02,-4.227723650480031580e-11
1.367007119426944861e+00,-3.805063769847891741e-01,-1.951036319991890713e-02,-3.781754142029539190e-01,1.100556129114225738e-09,-1.212131277052241440e+00,3.805063764084675726e-01,-1.777982573791029879e-14,5.330228695171904639e-03,-8.017184157744387807e-02,3.518945345184535880e-11,8.550207027261746973e-02,-1.004308781562917947e-10,5.325848359765885660e-15,1.004295309899104136e-02,-2.024081880234847308e-02,2.275287065679991591e-11,3.028377190167903452e-02,-4.204383909876238330e-11
1.368587474478305532e+00,-3.805063769847891186e-01,-1.950192700390510417e-02,-3.783021393651397890e-01,1.100611769329782505e-09,-1.211996115694041753e+00,3.805063764083088107e-01,-1.776831953364530184e-14,5.346101868550283583e-03,-8.020366111308566137e-02,3.522535816655433471e-11,8.554976298163814719e-02,-1.004971377234551206e-10,9.237775189272146518e-15,1.004513630202904725e-02,-2.002801533754828417e-02,2.268588784938846872e-11,3.007315163991576210e-02,-4.181013663745609872e-11
1.370167829529666204e+00,-3.805063769847892297e-01,-1.949346571996777092e-02,-3.784289145477239824e-01,1.100667466203799527e-09,-1.211860879227520282e+00,3.805063764081499378e-01,-1.775062126896351907e-14,5.361978392487351530e-03,-8.023514429660226488e-02,3.526115685100138955e-11,8.559712268909237809e-02,-1.005630277174757278e-10,1.316211612951027524e-14,1.004719331022750108e-02,-1.981515253844221697e-02,2.261868529642443964e-11,2.986234584900704370e-02,-4.157613029101472378e-11
1.371748184581026875e+00,-3.805063769847892297e-01,-1.948497934296954809e-02,-3.785557392190773696e-01,1.100723219568436892e-09,-1.211725568179168544e+00,3.805063764079910094e-01,-1.772671143177880345e-14,5.377858067316568236e-03,-8.026629103548366118e-02,3.529684915794632561e-11,8.564414910280351845e-02,-1.006285476590328503e-10,1.709873614148707671e-14,1.004912382790855777e-02,-1.960223199811873124e-02,2.255126304351512000e-11,2.965135582636350270e-02,-4.134182123081661445e-11
1.373328539632387324e+00,-3.805063769847892297e-01,-1.947646786808897648e-02,-3.786826128474263808e-01,1.100779029255306271e-09,-1.211590183075939020e+00,3.805063764078319699e-01,-1.769657072394337545e-14,5.393740692905633211e-03,-8.029710123973567149e-02,3.533243474022275166e-11,8.569084193264511762e-02,-1.006936970706575337e-10,2.104749951769160507e-14,1.005092756131889878e-02,-1.938925530773887018e-02,2.248362113862869413e-11,2.944018286939285509e-02,-4.110721062949576101e-11
1.374908894683747995e+00,-3.805063769847893407e-01,-1.946793129082126372e-02,-3.788095349008575030e-01,1.100834895095470293e-09,-1.211454724445240272e+00,3.805063764076727084e-01,-1.766018006230053587e-14,5.409626068659536234e-03,-8.032757482187731501e-02,3.536791325074205730e-11,8.573720089054118199e-02,-1.007584754767352464e-10,2.500826988709999233e-14,1.005260421863833631e-02,-1.917622405652854439e-02,2.241575963210593947e-11,2.922882827550082885e-02,-4.087229966095168838e-11
1.376489249735108666e+00,-3.805063769847892852e-01,-1.945936960697898163e-02,-3.789365048473207209e-01,1.100890816919443372e-09,-1.211319192814934720e+00,3.805063764075134469e-01,-1.761752057972912396e-14,5.425513993523620876e-03,-8.035771169693751992e-02,3.540328434249699309e-11,8.578322569046600843e-02,-1.008228824035074175e-10,2.898091022021947704e-14,1.005415350998837935e-02,-1.896313983177188439e-02,2.234767857667212696e-11,2.901729334209306871e-02,-4.063708950036037103e-11
1.378069604786469338e+00,-3.805063769847892852e-01,-1.945078281269279133e-02,-3.790635221546338474e-01,1.100946794557191917e-09,-1.211183588713335313e+00,3.805063764073540189e-01,-1.756857362618027945e-14,5.441404265986667967e-03,-8.038751178245233386e-02,3.543854766856559967e-11,8.582891604844440636e-02,-1.008869173790739697e-10,3.296528283415697766e-14,1.005557514744083621e-02,-1.875000421880457929e-02,2.227937802744902815e-11,2.880557936657706514e-02,-4.040158132418528359e-11
1.379649959837830009e+00,-3.805063769847893962e-01,-1.944217090441218918e-02,-3.791905862904862423e-01,1.101002827838133293e-09,-1.211047912669202420e+00,3.805063764071945909e-01,-1.751332076970590893e-14,5.457296684083969528e-03,-8.041697499846156560e-02,3.547370288211491713e-11,8.587427168255146182e-02,-1.009505799333949483e-10,3.696124939772218320e-14,1.005686884502620532e-02,-1.853681880100573054e-02,2.221085804196610788e-11,2.859368764636242150e-02,-4.016577631018640937e-11
1.381230314889190458e+00,-3.805063769847893962e-01,-1.943353387890619371e-02,-3.793176967224430873e-01,1.101058916591137481e-09,-1.210912165211739611e+00,3.805063764070349963e-01,-1.745174379747916260e-14,5.473191045400439998e-03,-8.044610126750571799e-02,3.550874963640477846e-11,8.591929231291257907e-02,-1.010138695982926538e-10,4.096867093656053234e-14,1.005803431874223962e-02,-1.832358515979194344e-02,2.214211868017270268e-11,2.838161947886348388e-02,-3.992967563743201474e-11
1.382810669940551129e+00,-3.805063769847893962e-01,-1.942487173326406732e-02,-3.794448529179488272e-01,1.101115060644526866e-09,-1.210776346870591880e+00,3.805063764068752907e-01,-1.738382471680689307e-14,5.489087147073721390e-03,-8.047489051462290710e-02,3.554368758479166103e-11,8.596397766170356392e-02,-1.010767859074537737e-10,4.498740783831043573e-14,1.005907128656239984e-02,-1.811030487461029806e-02,2.207316000444966586e-11,2.816937616150081564e-02,-3.969328048630906000e-11
1.384391024991911801e+00,-3.805063769847894517e-01,-1.941618446489601704e-02,-3.795720543443317219e-01,1.101171259826075000e-09,-1.210640458175840761e+00,3.805063764067155296e-01,-1.730954575613376173e-14,5.504984785797330943e-03,-8.050334266734587851e-02,3.557851638073261577e-11,8.600832745315067918e-02,-1.011393283964315162e-10,4.901731985779723090e-14,1.005997946844426616e-02,-1.789697952293074421e-02,2.200398207962077034e-11,2.795695899170193288e-02,-3.945659203853284118e-11
1.385971380043272472e+00,-3.805063769847894517e-01,-1.940747207153390233e-02,-3.796993004688072326e-01,1.101227513963008670e-09,-1.210504499658002997e+00,3.805063764065556020e-01,-1.722888936603819451e-14,5.520883757823792301e-03,-8.053145765569888481e-02,3.561323567778909283e-11,8.605234141353067245e-02,-1.012014966026478582e-10,5.305826612225417925e-14,1.006075858633795686e-02,-1.768361068023972110e-02,2.193458497296451861e-11,2.774436926690339311e-02,-3.921961147715805361e-11
1.387551735094633143e+00,-3.805063769847895627e-01,-1.939873455123190468e-02,-3.798265907584821854e-01,1.101283822882007687e-09,-1.210368471848026095e+00,3.805063764063956189e-01,-1.714183822022002003e-14,5.536783858967779699e-03,-8.055923541219403572e-02,3.564784512963066393e-11,8.609601927117033204e-02,-1.012632900653950449e-10,5.711010513657057464e-14,1.006140836419446710e-02,-1.747019992003346137e-02,2.186496875422571998e-11,2.753160828455243278e-02,-3.898233998658935782e-11
1.389132090145993814e+00,-3.805063769847895072e-01,-1.938997190236725968e-02,-3.799539246803590453e-01,1.101340186409203028e-09,-1.210232375277284556e+00,3.805063764062355802e-01,-1.704837521647996343e-14,5.552684884609317660e-03,-8.058667587182904990e-02,3.568234439003929394e-11,8.613936075644737511e-02,-1.013247083258386531e-10,6.117269478857089523e-14,1.006192852797409797e-02,-1.725674881381063924e-02,2.179513349562702916e-11,2.731867734210801160e-02,-3.874477875259136391e-11
1.390712445197354263e+00,-3.805063769847895072e-01,-1.938118412364089188e-02,-3.800813017013390804e-01,1.101396604370180354e-09,-1.210096210477578094e+00,3.805063764060753750e-01,-1.694848347769043754e-14,5.568586629696919976e-03,-8.061377897208311938e-02,3.571673311291284996e-11,8.618236560178957339e-02,-1.013857509270189091e-10,6.524589235432343347e-14,1.006231880565466690e-02,-1.704325893106603540e-02,2.172507927188042013e-11,2.710557773704274850e-02,-3.850692896229941717e-11
1.392292800248714935e+00,-3.805063769847896182e-01,-1.937237121407813997e-02,-3.802087212882271361e-01,1.101453076589977523e-09,-1.209959977981127421e+00,3.805063764059151143e-01,-1.684214635275827820e-14,5.584488888750836245e-03,-8.064054465291461971e-02,3.575101095226941817e-11,8.622503354167548872e-02,-1.014464174138535069e-10,6.932955450347585468e-14,1.006257892723992457e-02,-1.682973183928367783e-02,2.165480616019887330e-11,2.689231076684439267e-02,-3.826879180423010591e-11
1.393873155300075606e+00,-3.805063769847895627e-01,-1.936353317302939164e-02,-3.803361829077346878e-01,1.101509602893085628e-09,-1.209823678320571139e+00,3.805063764057547426e-01,-1.672934741757881789e-14,5.600391455866207333e-03,-8.066697285675718254e-02,3.578517756225094856e-11,8.626736431263395954e-02,-1.015067073331392749e-10,7.342353730461904726e-14,1.006270862476770118e-02,-1.661616910392999663e-02,2.158431424030761353e-11,2.667887772901724602e-02,-3.803036846829143313e-11
1.395453510351436277e+00,-3.805063769847896182e-01,-1.935467000017079137e-02,-3.804636860264845044e-01,1.101566183103449821e-09,-1.209687312028962625e+00,3.805063764055942599e-01,-1.661007047598153431e-14,5.616294124716321445e-03,-8.069306352851707276e-02,3.581923259712746843e-11,8.630935765324443398e-02,-1.015666202335547610e-10,7.752769623068038172e-14,1.006270763231822962e-02,-1.640257228844719389e-02,2.151360359445568744e-11,2.646527992108369670e-02,-3.779166014579331143e-11
1.397033865402796948e+00,-3.805063769847896737e-01,-1.934578169550485796e-02,-3.805912301110142004e-01,1.101622817044468902e-09,-1.209550879639766929e+00,3.805063764054336661e-01,-1.648429956066703094e-14,5.632196688555842455e-03,-8.071881661556955245e-02,3.585317571130093391e-11,8.635101330413695597e-02,-1.016261556656622880e-10,8.164188616434702211e-14,1.006257568602230736e-02,-1.618894295424658583e-02,2.144267430742732097e-11,2.625151864058589482e-02,-3.755266802945809662e-11
1.398614220454157397e+00,-3.805063769847896737e-01,-1.933686825936119583e-02,-3.807188146277800112e-01,1.101679504538995114e-09,-1.209414381686857443e+00,3.805063764052730169e-01,-1.635201893413566838e-14,5.648098940224050360e-03,-8.074423206775602213e-02,3.588700655930936587e-11,8.639233100799213749e-02,-1.016853131819102665e-10,8.576596140351060612e-14,1.006231252406950862e-02,-1.597528266070208716e-02,2.137152646655337392e-11,2.603759518508731718e-02,-3.731339331343104378e-11
1.400194575505518069e+00,-3.805063769847897293e-01,-1.932792969239711250e-02,-3.808464390431610669e-01,1.101736245409335584e-09,-1.209277818704512342e+00,3.805063764051123121e-01,-1.621321308960730353e-14,5.664000672148101698e-03,-8.076930983738055125e-02,3.592072479583076615e-11,8.643331050954122796e-02,-1.017440923366353796e-10,8.989977566674677392e-14,1.006191788671629943e-02,-1.576159296514339364e-02,2.130016016172253270e-11,2.582351085217412384e-02,-3.707383719329043379e-11
1.401774930556878740e+00,-3.805063769847897848e-01,-1.931896599559826400e-02,-3.809741028234628346e-01,1.101793039477250674e-09,-1.209141191227411483e+00,3.805063764049514408e-01,-1.606786675193260382e-14,5.679901676346306438e-03,-8.079404987920676962e-02,3.595433007568724045e-11,8.647395155556611424e-02,-1.018024926860648706e-10,9.404318209881515682e-14,1.006139151629418388e-02,-1.554787542284956012e-02,2.122857548539273580e-11,2.560926693945686505e-02,-3.683400086605820390e-11
1.403355285608239411e+00,-3.805063769847897293e-01,-1.930997717027934171e-02,-3.811018054349215034e-01,1.101849886563956670e-09,-1.209004499790633957e+00,3.805063764047905139e-01,-1.591596487849533370e-14,5.695801744431404877e-03,-8.081845215045443953e-02,3.598782205384902447e-11,8.651425389489937612e-02,-1.018605137883188045e-10,9.819603327619347011e-14,1.006073315721778966e-02,-1.533413158704270002e-02,2.115677253260248612e-11,2.539486474457229234e-02,-3.659388553021055238e-11
1.404935640659600082e+00,-3.805063769847898403e-01,-1.930096321808465534e-02,-3.812295463437073151e-01,1.101906786490123917e-09,-1.208867744929653432e+00,3.805063764046294761e-01,-1.575749266010620346e-14,5.711700667613886159e-03,-8.084251661079648599e-02,3.602120038543861972e-11,8.655421727842441126e-02,-1.019181552034125369e-10,1.023581812126335171e-13,1.005994255599292411e-02,-1.512036300888074461e-02,2.108475140098185955e-11,2.518030556518415647e-02,-3.635349238568748349e-11
1.406515995710960754e+00,-3.805063769847897848e-01,-1.929192414098880246e-02,-3.813573250159289496e-01,1.101963739075878060e-09,-1.208730927180335923e+00,3.805063764044683827e-01,-1.559243552188774081e-14,5.727598236705274716e-03,-8.086624322235556883e-02,3.605446472573487135e-11,8.659384145907536579e-02,-1.019754164932588335e-10,1.065294773647444818e-13,1.005901946122462337e-02,-1.490657123745177566e-02,2.101251219076397568e-11,2.496559069898555971e-02,-3.611282263390409069e-11
1.408096350762321203e+00,-3.805063769847898403e-01,-1.928285994129728606e-02,-3.814851409176369113e-01,1.102020744140800255e-09,-1.208594047078936251e+00,3.805063764043072339e-01,-1.542077912415029253e-14,5.743494242121476544e-03,-8.088963194970076598e-02,3.608761473017711691e-11,8.663312619183724528e-02,-1.020322972216703647e-10,1.107097726376049480e-13,1.005796362362515114e-02,-1.469275781976733114e-02,2.094005500479610979e-11,2.475072144370030203e-02,-3.587187747776061207e-11
1.409676705813681874e+00,-3.805063769847898958e-01,-1.927377062164713217e-02,-3.816129935148279695e-01,1.102077801503926959e-09,-1.208457105162095147e+00,3.805063764041459184e-01,-1.524250936325917821e-14,5.759388473886090792e-03,-8.091268275984432601e-02,3.612065005436923182e-11,8.667207123374588706e-02,-1.020887969543619156e-10,1.148989173904000494e-13,1.005677479602195418e-02,-1.447892430075587572e-02,2.086737994855072732e-11,2.453569909708429309e-02,-3.563065812165264088e-11
1.411257060865042545e+00,-3.805063769847898958e-01,-1.926465618500752472e-02,-3.817408822734484342e-01,1.102134910983750757e-09,-1.208320101966835258e+00,3.805063764039845475e-01,-1.505761237249303407e-14,5.775280721633789006e-03,-8.093539562223843464e-02,3.615357035408393973e-11,8.671067634388819612e-02,-1.021449152589529193e-10,1.190967614420824109e-13,1.005545273336563329e-02,-1.426507222325641353e-02,2.079448713013665401e-11,2.432052495692715519e-02,-3.538916577148143937e-11
1.412837415916403216e+00,-3.805063769847898958e-01,-1.925551663468037800e-02,-3.818688066593983188e-01,1.102192072398220156e-09,-1.208183038030558043e+00,3.805063764038231211e-01,-1.486607452289288287e-14,5.791170774613643192e-03,-8.095777050877173142e-02,3.618637528526679334e-11,8.674894128340182586e-02,-1.022006517049695118e-10,1.233031540770631931e-13,1.005399719273782425e-02,-1.405120312801265425e-02,2.072137666031023643e-11,2.410520032105421817e-02,-3.514740163466477625e-11
1.414417770967763888e+00,-3.805063769847899513e-01,-1.924635197430099934e-02,-3.819967661385351154e-01,1.102249285564740206e-09,-1.208045913891041989e+00,3.805063764036614726e-01,-1.466788242410275037e-14,5.807058421692531079e-03,-8.097980739376635373e-02,3.621906450404063990e-11,8.678686581547580270e-02,-1.022560058638476083e-10,1.275179440509226122e-13,1.005240793335912715e-02,-1.383731855366577071e-02,2.064804865248617926e-11,2.388972648732725843e-02,-3.490536692014632931e-11
1.415998126019124337e+00,-3.805063769847899513e-01,-1.923716220783865116e-02,-3.821247601766777358e-01,1.102306550300172706e-09,-1.207908730086436844e+00,3.805063764034998797e-01,-1.446302292520038324e-14,5.822943451358505822e-03,-8.100150625397418980e-02,3.625163766670955028e-11,8.682444970535010964e-02,-1.023109773089345963e-10,1.317409795961555235e-13,1.005068471659689017e-02,-1.362342003674872626e-02,2.057450322274856692e-11,2.367410475364659442e-02,-3.466306283840645177e-11
1.417578481070485008e+00,-3.805063769847900068e-01,-1.922794733959714425e-02,-3.822527882396102306e-01,1.102363866420835790e-09,-1.207771487155262946e+00,3.805063764033381202e-01,-1.425148311551972802e-14,5.838825651724192586e-03,-8.102286706857374232e-02,3.628409442976317463e-11,8.686169272031582511e-02,-1.023655656154921012e-10,1.359721084279298531e-13,1.004882730597311813e-02,-1.340950911168073585e-02,2.050074048986227276e-11,2.345833641795343899e-02,-3.442049060147347486e-11
1.419158836121845679e+00,-3.805063769847900068e-01,-1.921870737421545877e-02,-3.823808497930857309e-01,1.102421233742506410e-09,-1.207634185636405677e+00,3.805063764031763052e-01,-1.403325032546375924e-14,5.854704810530206825e-03,-8.104388981916678392e-02,3.631643444988099456e-11,8.689859462971533111e-02,-1.024197703606983906e-10,1.402111777498803715e-13,1.004683546717216949e-02,-1.319558731075956212e-02,2.042676057528318256e-11,2.324242277822991323e-02,-3.417765142293208956e-11
1.420739191173206351e+00,-3.805063769847900068e-01,-1.920944231715420586e-02,-3.825089443033039549e-01,1.102478652080413303e-09,-1.207496826069126117e+00,3.805063764030144347e-01,-1.381025214555632792e-14,5.870579300594445070e-03,-8.106457586966810125e-02,3.634865737208826006e-11,8.693515517028135853e-02,-1.024735906145864328e-10,1.406923669261395098e-13,1.004196325144868923e-02,-1.298433460192431610e-02,2.035254060493964390e-11,2.302629785366232598e-02,-3.393355839929939593e-11
1.422319546224567022e+00,-3.805063769847900623e-01,-1.920015218017181308e-02,-3.826370712422571541e-01,1.102536121249194185e-09,-1.207359408993190275e+00,3.805063764028524531e-01,-1.358911737437994813e-14,5.886444066685365788e-03,-8.108492993010389671e-02,3.638076281289808085e-11,8.697137399680852921e-02,-1.025270242155677345e-10,1.391611072211706410e-13,1.003548321303747437e-02,-1.277451091629132340e-02,2.027809136659339016e-11,2.280999412960755743e-02,-3.368867079231508875e-11
1.423899901275927693e+00,-3.805063769847900623e-01,-1.919083697937865735e-02,-3.827652300858341294e-01,1.102593641062911057e-09,-1.207221934948820241e+00,3.805063764026903605e-01,-1.337040759383889526e-14,5.902298477266480943e-03,-8.110495239726057959e-02,3.641275042608234701e-11,8.700725087454673490e-02,-1.025800705960919770e-10,1.376234582349618235e-13,1.002885794450376032e-02,-1.256469080318636626e-02,2.020342524248039525e-11,2.259354874795829402e-02,-3.344351625483570625e-11
1.425480256327288142e+00,-3.805063769847900623e-01,-1.918149673132149916e-02,-3.828934203100050060e-01,1.102651211335083287e-09,-1.207084404476592265e+00,3.805063764025282125e-01,-1.315413285344025091e-14,5.918142302768095685e-03,-8.112464327786717000e-02,3.644461986898975514e-11,8.704278558065536853e-02,-1.026327293353223899e-10,1.360794805376203992e-13,1.002208737728316548e-02,-1.235487563318642991e-02,2.012854236624582028e-11,2.237696301072715152e-02,-3.319809606328729644e-11
1.427060611378648813e+00,-3.805063769847901178e-01,-1.917213145291000315e-02,-3.830216413907519546e-01,1.102708831878690094e-09,-1.206946818117433651e+00,3.805063764023659534e-01,-1.294030310675673594e-14,5.933975313514325799e-03,-8.114400258081680417e-02,3.647637079918241442e-11,8.707797789435163527e-02,-1.026850000144410148e-10,1.345292349673745062e-13,1.001517144555932361e-02,-1.214506677418389184e-02,2.005344287428498220e-11,2.216023821999012211e-02,-3.295241149590165550e-11
1.428640966430009485e+00,-3.805063769847901178e-01,-1.916274116141686995e-02,-3.831498928040730778e-01,1.102766502506167862e-09,-1.206809176412619422e+00,3.805063764022036943e-01,-1.272892821100499486e-14,5.949797279727446660e-03,-8.116303031716226579e-02,3.650800287444016996e-11,8.711282759691062194e-02,-1.027368822166514967e-10,1.329727826281281904e-13,1.000811008626536353e-02,-1.193526559138626160e-02,1.997812690575396492e-11,2.194337567788786150e-02,-3.270646383272419252e-11
1.430221321481370156e+00,-3.805063769847901733e-01,-1.915332587447801313e-02,-3.832781740259854630e-01,1.102824223029414064e-09,-1.206671479903768329e+00,3.805063764020412687e-01,-1.252001792662727711e-14,5.965607971532243918e-03,-8.118172650011169778e-02,3.653951575276499070e-11,8.714733447166518598e-02,-1.027883755271817209e-10,1.314101848870013710e-13,1.000090323908528478e-02,-1.172547344731589974e-02,1.990259460257999788e-11,2.172637668662670551e-02,-3.246025435562132237e-11
1.431801676532730827e+00,-3.805063769847901733e-01,-1.914388561009270490e-02,-3.834064845325290127e-01,1.102881993259784992e-09,-1.206533729132839294e+00,3.805063764018787320e-01,-1.231358191687771581e-14,5.981407158960352043e-03,-8.120009114502430014e-02,3.657090909238526690e-11,8.718149830400624689e-02,-1.028394795332868114e-10,1.298415033718646316e-13,9.993550846455359279e-03,-1.151569170181036481e-02,1.982684610947222235e-11,2.150924254848051581e-02,-3.221378434828890559e-11
1.433382031584091498e+00,-3.805063769847901733e-01,-1.913442038662372183e-02,-3.835348237997693865e-01,1.102939813008096995e-09,-1.206395924642129858e+00,3.805063764017161954e-01,-1.210962974741210113e-14,5.997194611954611947e-03,-8.121812426940623608e-02,3.660218255176033375e-11,8.721531888138277233e-02,-1.028901938242520131e-10,1.282667999688595714e-13,9.986052853565482654e-03,-1.130592171202295278e-02,1.975088157393237039e-11,2.129197456579246320e-02,-3.196705509626059120e-11
1.434962386635451947e+00,-3.805063769847902289e-01,-1.912493022279747323e-02,-3.836631913038017205e-01,1.102997682084627101e-09,-1.206258066974271292e+00,3.805063764015535477e-01,-1.190817088588176686e-14,6.012970100373418204e-03,-8.123582589290635758e-02,3.663333578958485288e-11,8.724879599330202795e-02,-1.029405179913957163e-10,1.266861368199106243e-13,9.978409208360402433e-03,-1.109616483242228079e-02,1.967470114626503035e-11,2.107457404097592274e-02,-3.172006788691502231e-11
1.436542741686812619e+00,-3.805063769847902289e-01,-1.911541513770414688e-02,-3.837915865207537358e-01,1.103055600299113015e-09,-1.206120156672225940e+00,3.805063764013908445e-01,-1.170921470153109771e-14,6.028733393995087085e-03,-8.125319603731191720e-02,3.666436846479322610e-11,8.728192943132953574e-02,-1.029904516280722354e-10,1.250995763202223377e-13,9.970619861540908069e-03,-1.088642241479265832e-02,1.959830497958812231e-11,2.085704227651598644e-02,-3.147282400948385581e-11
1.438123096738173290e+00,-3.805063769847902844e-01,-1.910587515079780960e-02,-3.839200089267895688e-01,1.103113567460753536e-09,-1.205982194279283659e+00,3.805063764012280303e-01,-1.151277046479967847e-14,6.044484262522192494e-03,-8.127023472654436309e-02,3.669528023656407387e-11,8.731471898908937934e-02,-1.030399943296748851e-10,1.235071811157728399e-13,9.962684766565017488e-03,-1.067669580823462673e-02,1.952169322984346079e-11,2.063938057497122225e-02,-3.122532475505990500e-11
1.439703451789533961e+00,-3.805063769847902289e-01,-1.909631028189655647e-02,-3.840484579981125468e-01,1.103171583378209379e-09,-1.205844180339059379e+00,3.805063764010651606e-01,-1.131884734692746901e-14,6.060222475585934007e-03,-8.128694198665498138e-02,3.672607076432466196e-11,8.734716446226400977e-02,-1.030891456936385521e-10,1.219090141007878691e-13,9.954603879649014456e-03,-1.046698635916547097e-02,1.944486605580712361e-11,2.042159023897519715e-02,-3.097757141660504944e-11
1.441283806840894632e+00,-3.805063769847902289e-01,-1.908672055118258368e-02,-3.841769332109689628e-01,1.103229647859602974e-09,-1.205706115395489109e+00,3.805063764009022353e-01,-1.112745441956491145e-14,6.075947802750517046e-03,-8.130331784582101040e-02,3.675673970775550908e-11,8.737926564859486989e-02,-1.031379053194434825e-10,1.203051384152137429e-13,9.946377159768564000e-03,-1.025729541131899583e-02,1.936782361909965590e-11,2.020367257123736882e-02,-3.072956528895750516e-11
1.442864161892255082e+00,-3.805063769847902844e-01,-1.907710597920231690e-02,-3.843054340416514059e-01,1.103287760712518668e-09,-1.205567999992826378e+00,3.805063764007391991e-01,-1.093860065438633463e-14,6.091660013517468004e-03,-8.131936233434086669e-02,3.678728672679474260e-11,8.741102234788186709e-02,-1.031862728086171943e-10,1.186956174421719757e-13,9.938004568659571103e-03,-1.004762430574671593e-02,1.929056608419649390e-11,1.998562887454517420e-02,-3.048130766884014165e-11
1.444444516943615753e+00,-3.805063769847902844e-01,-1.906746658686649457e-02,-3.844339599665019258e-01,1.103345921744005003e-09,-1.205429834675640022e+00,3.805063764005761073e-01,-1.075229492270773837e-14,6.107358877330039577e-03,-8.133507548463024539e-02,3.681771148164265440e-11,8.744243436198405328e-02,-1.032342477647381353e-10,1.170805148054084684e-13,9.929486070819195515e-03,-9.837974380818275549e-03,1.921309361843826271e-11,1.976746045176541039e-02,-3.023279985486830777e-11
1.446024871994976424e+00,-3.805063769847903399e-01,-1.905780239545025109e-02,-3.845625104619154744e-01,1.103404130760572233e-09,-1.205291619988810181e+00,3.805063764004128490e-01,-1.056854599510856783e-14,6.123044163577563183e-03,-8.135045733121795686e-02,3.684801363276634091e-11,8.747350149481945836e-02,-1.032818297934387071e-10,1.154598943667316415e-13,9.920821633506674009e-03,-9.628346972221535349e-03,1.913540639204083168e-11,1.954916860584517482e-02,-2.998404314755690806e-11
1.447605227046337095e+00,-3.805063769847903399e-01,-1.904811342659322795e-02,-3.846910850043431251e-01,1.103462387568194805e-09,-1.205153356477525417e+00,3.805063764002495907e-01,-1.038736254105762934e-14,6.138715641599792709e-03,-8.136550791074137479e-02,3.687819284090409745e-11,8.750422355236529837e-02,-1.033290185024078249e-10,1.138338202234409760e-13,9.912011226744128767e-03,-9.418743412964144038e-03,1.905750457810574790e-11,1.933075463981424186e-02,-2.973503884932915272e-11
1.449185582097697766e+00,-3.805063769847903399e-01,-1.903839970229961528e-02,-3.848196830702957927e-01,1.103520691972311361e-09,-1.205015044687279158e+00,3.805063764000862769e-01,-1.020875312854272809e-14,6.154373080691315050e-03,-8.138022726194256429e-02,3.690824876707016811e-11,8.753460034265816980e-02,-1.033758135013944968e-10,1.122023567057433360e-13,9.903054823317318511e-03,-9.209165033373102952e-03,1.897938835263002664e-11,1.911221985678536808e-02,-2.948578826452294241e-11
1.450765937149058438e+00,-3.805063769847903954e-01,-1.902866124493822475e-02,-3.849483041363470637e-01,1.103579043777824943e-09,-1.204876685163866368e+00,3.805063763999229076e-01,-1.003272622370483546e-14,6.170016250105869564e-03,-8.139461542566368835e-02,3.693818107255912072e-11,8.756463167579398021e-02,-1.034222144022102027e-10,1.105655683741622230e-13,9.893952398776320253e-03,-8.999613161096904970e-03,1.890105789451669791e-11,1.889356555995713033e-02,-2.923629269940005128e-11
1.452346292200418887e+00,-3.805063769847903954e-01,-1.901889807724257281e-02,-3.850769476791368051e-01,1.103637442789103820e-09,-1.204738278453380884e+00,3.805063763997594273e-01,-9.859290190476036615e-15,6.185644919060762949e-03,-8.140867244484308041e-02,3.696798941895066132e-11,8.759431736392839229e-02,-1.034682208187326936e-10,1.089235200169362017e-13,9.884703931436200630e-03,-8.790089121105111244e-03,1.882251338558444829e-11,1.867479305261414771e-02,-2.898655346215240188e-11
1.453926647251779558e+00,-3.805063769847903954e-01,-1.900911022231091888e-02,-3.852056131753742729e-01,1.103695888809980868e-09,-1.204599825102211641e+00,3.805063763995958914e-01,-9.688453290221905077e-15,6.201258856741198242e-03,-8.142239836451085899e-02,3.699767346811407380e-11,8.762365722127672674e-02,-1.035138323669084606e-10,1.072762766474089434e-13,9.875309402377541526e-03,-8.580594235690153573e-03,1.874375501057791866e-11,1.845590363812944432e-02,-2.873657186291065364e-11
1.455507002303140229e+00,-3.805063769847903954e-01,-1.899929770360630002e-02,-3.853343001018417757e-01,1.103754381643755642e-09,-1.204461325657039561e+00,3.805063763994322446e-01,-9.520223681387506184e-15,6.216857832304669741e-03,-8.143579323178454232e-02,3.702723288221289214e-11,8.765265106411397611e-02,-1.035590486647558236e-10,1.056239035014058414e-13,9.865768795446981307e-03,-8.371129824467846148e-03,1.866478295717749792e-11,1.823689861996546230e-02,-2.848634921375124682e-11
1.457087357354500901e+00,-3.805063769847903954e-01,-1.898946054495660382e-02,-3.854630079353975614e-01,1.103812921093193746e-09,-1.204322780664834003e+00,3.805063763992685422e-01,-9.354609419148244075e-15,6.232441614885342318e-03,-8.144885709586532907e-02,3.705666732370968905e-11,8.768129871077548487e-02,-1.036038693323686280e-10,1.039664660346086182e-13,9.856082097257717889e-03,-8.161697204378249443e-03,1.858559741600932022e-11,1.801777930167546352e-02,-2.823588682870393762e-11
1.458667712405861572e+00,-3.805063769847904509e-01,-1.897959877055457531e-02,-3.855917361529792586e-01,1.103871506960527672e-09,-1.204184190672850541e+00,3.805063763991047843e-01,-9.191618455064291707e-15,6.248009973598395161e-03,-8.146159000803329664e-02,3.708597645537056084e-11,8.770959998165656080e-02,-1.036482939919185968e-10,1.023040299199134371e-13,9.846249297189897318e-03,-7.952297689687515964e-03,1.850619858065533331e-11,1.779854698690575346e-02,-2.798518602376014103e-11
1.460248067457222021e+00,-3.805063769847904509e-01,-1.896971240495784125e-02,-3.857204842316072635e-01,1.103930139047456790e-09,-1.204045556228625413e+00,3.805063763989409154e-01,-9.031258636739271252e-15,6.263562677544418436e-03,-8.147399202164337662e-02,3.711515994026984489e-11,8.773755469921268313e-02,-1.036923222676586782e-10,1.006366610447817680e-13,9.836270387390917344e-03,-7.742932591988152188e-03,1.842658664766279172e-11,1.757920297939622942e-02,-2.773424811687937387e-11
1.461828422508582692e+00,-3.805063769847905064e-01,-1.895980147308896913e-02,-3.858492516483879031e-01,1.103988817155148801e-09,-1.203906877879975967e+00,3.805063763987770464e-01,-8.873537707483702370e-15,6.279099495813776112e-03,-8.148606319212139959e-02,3.714421744179490830e-11,8.776516268796009934e-02,-1.037359537859265226e-10,9.896442550858830059e-14,9.826145362775810799e-03,-7.533603220200387265e-03,1.834676181655425079e-11,1.735974858298216378e-02,-2.748307442799712585e-11
1.463408777559943363e+00,-3.805063769847904509e-01,-1.894986600023541162e-02,-3.859780378805167111e-01,1.104047541084239323e-09,-1.203768156174993553e+00,3.805063763986130665e-01,-8.718463305981661144e-15,6.294620197490986141e-03,-8.149780357695940447e-02,3.717314862365073615e-11,8.779242377447531165e-02,-1.037791881751470022e-10,9.728738961994840952e-14,9.815874221027417329e-03,-7.324310880573997942e-03,1.826672428983743469e-11,1.714018510159616079e-02,-2.723166627903284061e-11
1.464989132611304035e+00,-3.805063769847904509e-01,-1.893990601204958643e-02,-3.861068424052815917e-01,1.104106310634832921e-09,-1.203629391662042858e+00,3.805063763984490310e-01,-8.566042965962695983e-15,6.310124551659088490e-03,-8.150921323571183597e-02,3.720195314986475236e-11,8.781933778739584029e-02,-1.038220250658359213e-10,9.560561989404928029e-14,9.805456962596633200e-03,-7.115056876688790818e-03,1.818647427301471341e-11,1.692051383926893374e-02,-2.698002499389650733e-11
1.466569487662664706e+00,-3.805063769847905064e-01,-1.892992153454882073e-02,-3.862356647000664833e-01,1.104165125606504149e-09,-1.203490584889757242e+00,3.805063763982848846e-01,-8.416284115877091458e-15,6.325612327404029657e-03,-8.152029222999102043e-02,3.723063068479151790e-11,8.784590455741993209e-02,-1.038644640906026780e-10,9.391918304996140819e-14,9.794893590702475478e-03,-6.905842509456501868e-03,1.810601197459293529e-11,1.670073610013123044e-02,-2.672815189849662554e-11
1.468149842714025377e+00,-3.805063769847905064e-01,-1.891991259411536855e-02,-3.863645042423541343e-01,1.104223985798295679e-09,-1.203351736407036077e+00,3.805063763981206826e-01,-8.269194078576169794e-15,6.341083293819022026e-03,-8.153104062346318293e-02,3.725918089311743532e-11,8.787212391730703231e-02,-1.039065048841538318e-10,9.222814600795124574e-14,9.784184111332215605e-03,-6.696669077122067992e-03,1.802533760609302354e-11,1.648085318841526273e-02,-2.647604832074747851e-11
1.469730197765385826e+00,-3.805063769847905619e-01,-1.890987921749638992e-02,-3.864933605097294333e-01,1.104282891008721825e-09,-1.203212846763041632e+00,3.805063763979564806e-01,-8.124780070996146972e-15,6.356537220008936194e-03,-8.154145848184410350e-02,3.728760343986567954e-11,8.789799570187781241e-02,-1.039481470832961024e-10,9.053257588677715168e-14,9.773328533241381136e-03,-6.487537875264974899e-03,1.794445138205953409e-11,1.626086640845603865e-02,-2.622371559057632260e-11
1.471310552816746497e+00,-3.805063769847905064e-01,-1.889982143180392316e-02,-3.866222329798830182e-01,1.104341841035767709e-09,-1.203073916507195751e+00,3.805063763977921676e-01,-7.983049203846731472e-15,6.371973875094659456e-03,-8.155154587289487056e-02,3.731589799040076672e-11,8.792351974801419778e-02,-1.039893903269394579e-10,8.883254000098186879e-14,9.762326867953679405e-03,-6.278450196800837435e-03,1.786335352007012616e-11,1.604077706469288558e-02,-2.597115503993074469e-11
1.472890907868107169e+00,-3.805063769847905619e-01,-1.888973926451486748e-02,-3.867511211306139951e-01,1.104400835676889473e-09,-1.202934946189175625e+00,3.805063763976277991e-01,-7.844008481303862941e-15,6.387393028217480326e-03,-8.156130286641774529e-02,3.734406421043349797e-11,8.794869589465979798e-02,-1.040302342561004113e-10,8.712810585817576274e-14,9.751179129760974978e-03,-6.069407331983160334e-03,1.778204424074522993e-11,1.582058646167117458e-02,-2.571836800278621336e-11
1.474471262919467840e+00,-3.805063769847906174e-01,-1.887963274347095183e-02,-3.868800244398333810e-01,1.104459874729015932e-09,-1.202795936358912243e+00,3.805063763974633750e-01,-7.707664800706748591e-15,6.402794448543460033e-03,-8.157072953425206774e-02,3.737210176602581260e-11,8.797352398281998997e-02,-1.040706785139053937e-10,8.541934115631161685e-14,9.739885335723109244e-03,-5.860410568404684356e-03,1.770052376775734262e-11,1.560029590404348777e-02,-2.546535581515300981e-11
1.476051617970828511e+00,-3.805063769847906174e-01,-1.886950189687866888e-02,-3.870089423855675448e-01,1.104518957988547124e-09,-1.202656887566585731e+00,3.805063763972988400e-01,-7.574024952259102641e-15,6.418177905267812705e-03,-8.157982595026980199e-02,3.740001032359546032e-11,8.799800385556190430e-02,-1.041107227455937010e-10,8.370631378094978388e-14,9.728445505667681834e-03,-5.651461190999174794e-03,1.761879232784043121e-11,1.537990669657118142e-02,-2.521211981508353355e-11
1.477631973022188960e+00,-3.805063769847906729e-01,-1.885934675330923349e-02,-3.871378744459608723e-01,1.104578085251357621e-09,-1.202517800362622680e+00,3.805063763971343049e-01,-7.443095618734967460e-15,6.433543167619266458e-03,-8.158859219037145616e-02,3.742778954992094502e-11,8.802213535801485522e-02,-1.041503665985208026e-10,8.198909180251886967e-14,9.716859662189814700e-03,-5.442560482043213438e-03,1.753685015079932873e-11,1.515942014412597141e-02,-2.495866134267957575e-11
1.479212328073549632e+00,-3.805063769847906174e-01,-1.884916734169855140e-02,-3.872668200992796517e-01,1.104637256312794875e-09,-1.202378675297693489e+00,3.805063763969696589e-01,-7.314883375188728302e-15,6.448890004864450513e-03,-8.159702833248203002e-02,3.745543911214646842e-11,8.804591833737042406e-02,-1.041896097221618312e-10,8.026774347356721556e-14,9.705127830651884974e-03,-5.233709721158111977e-03,1.745469746951916921e-11,1.493883755169154309e-02,-2.470498174009973477e-11
1.480792683124910303e+00,-3.805063769847906174e-01,-1.883896369134711521e-02,-3.873957788239147937e-01,1.104696470967680871e-09,-1.202239512922706810e+00,3.805063763968050128e-01,-7.189394688669261666e-15,6.464218186312258030e-03,-8.160513445654649090e-02,3.748295867778658296e-11,8.806935264288248688e-02,-1.042284517681143487e-10,7.854233722600259203e-14,9.693250039183037500e-03,-5.024910185311344882e-03,1.737233451997427995e-11,1.471816022436451231e-02,-2.445108235156583008e-11
1.482373038176270974e+00,-3.805063769847906729e-01,-1.882873583191997657e-02,-3.875247500983849402e-01,1.104755729010312748e-09,-1.202100313788809327e+00,3.805063763966402557e-01,-7.066635917938997476e-15,6.479527481318219338e-03,-8.161291064452587396e-02,3.751034791473129710e-11,8.809243812586765865e-02,-1.042668923901020941e-10,7.681294166833335644e-14,9.681226318678889942e-03,-4.816163148818828829e-03,1.728976154123775869e-11,1.449738946735642728e-02,-2.419696452337071199e-11
1.483953393227631645e+00,-3.805063769847906729e-01,-1.881848379344662134e-02,-3.876537334013402392e-01,1.104815030234461764e-09,-1.201961078447380871e+00,3.805063763964754431e-01,-6.946613313196718087e-15,6.494817659288890793e-03,-8.162035698039311893e-02,3.753760649125090908e-11,8.811517463970532094e-02,-1.043049312439780729e-10,7.507962558289204138e-14,9.669056702801015826e-03,-4.607469883346955800e-03,1.720697877549056612e-11,1.427652658599523616e-02,-2.394262960388530561e-11
1.485533748278992316e+00,-3.805063769847906729e-01,-1.880820760632093830e-02,-3.877827282115647312e-01,1.104874374433376813e-09,-1.201821807450030644e+00,3.805063763963105194e-01,-6.829333015805252183e-15,6.510088489686195051e-03,-8.162747355012853201e-02,3.756473407600084729e-11,8.813756203983780235e-02,-1.043425679877277750e-10,7.334245792305952344e-14,9.656741227976391173e-03,-4.398831657914242799e-03,1.712398646803049565e-11,1.405557288572644239e-02,-2.368807894356523799e-11
1.487114103330352766e+00,-3.805063769847906729e-01,-1.879790730130108736e-02,-3.879117340079801801e-01,1.104933761399782772e-09,-1.201682501348595222e+00,3.805063763961455958e-01,-6.714801058023243923e-15,6.525339742031804717e-03,-8.163426044171581686e-02,3.759173033802663334e-11,8.815960018377043406e-02,-1.043798022814724061e-10,7.160150781047686068e-14,9.644279933396792542e-03,-4.190249738893732714e-03,1.704078486728134022e-11,1.383452967211486716e-02,-2.343331389495819550e-11
1.488694458381713437e+00,-3.805063769847906729e-01,-1.878758290950941628e-02,-3.880407502696489042e-01,1.104993190925881944e-09,-1.201543160695134782e+00,3.805063763959806167e-01,-6.603023362741473029e-15,6.540571185911545939e-03,-8.164071774513829982e-02,3.761859494676904544e-11,8.818128893107235466e-02,-1.044166337874728425e-10,6.985684453225275023e-14,9.631672861018271414e-03,-3.981725390014704755e-03,1.695737422480192991e-11,1.361339825084583420e-02,-2.317833581271065113e-11
1.490274813433074108e+00,-3.805063769847906729e-01,-1.877723446243235658e-02,-3.881697764757769953e-01,1.105052662803354474e-09,-1.201403786041929767e+00,3.805063763958155820e-01,-6.494005743223653234e-15,6.555782590979682307e-03,-8.164684555237380903e-02,3.764532757206866145e-11,8.820262814337567758e-02,-1.044530621701316992e-10,6.810853753816387989e-14,9.618920055560286828e-03,-3.773259872365462148e-03,1.687375479529505323e-11,1.339217992772710752e-02,-2.292314605357518635e-11
1.491855168484434779e+00,-3.805063769847906729e-01,-1.876686199192031945e-02,-3.882988121057174280e-01,1.105112176823358559e-09,-1.201264377941477113e+00,3.805063763956505474e-01,-6.387753902851428264e-15,6.570973726963382638e-03,-8.165264395739148251e-02,3.767192788417127436e-11,8.822361768437674001e-02,-1.044890870959980991e-10,6.635665643784578812e-14,9.606021564505132920e-03,-3.564854444394938496e-03,1.678992683661644622e-11,1.317087600868992181e-02,-2.266774597641707299e-11
1.493435523535795451e+00,-3.805063769847907285e-01,-1.875646553018753965e-02,-3.884278566389734455e-01,1.105171732776532925e-09,-1.201124936946488253e+00,3.805063763954853462e-01,-6.284273434874018152e-15,6.586144363667004870e-03,-8.165811305614685545e-02,3.769839555373251282e-11,8.824425741983542293e-02,-1.045247082337698442e-10,6.460127099797955887e-14,9.592977438097009119e-03,-3.356510361915657215e-03,1.670589060978369757e-11,1.294948779979100163e-02,-2.241213694222165004e-11
1.495015878587155900e+00,-3.805063769847906729e-01,-1.874604510981203037e-02,-3.885569095552011132e-01,1.105231330452994345e-09,-1.200985463609885118e+00,3.805063763953201450e-01,-6.183569822162422800e-15,6.601294270976504862e-03,-8.166325294657837686e-02,3.772473025182314675e-11,8.826454721757605315e-02,-1.045599252542975644e-10,6.284245113947395993e-14,9.579787729341232572e-03,-3.148228878105155740e-03,1.662164637898484354e-11,1.272801660721318423e-02,-2.215632031410029482e-11
1.496596233638516571e+00,-3.805063769847907285e-01,-1.873560076373534736e-02,-3.886859703342133154e-01,1.105290969642341780e-09,-1.200845958484796361e+00,3.805063763951548883e-01,-6.085648436967581682e-15,6.616423218863784483e-03,-8.166806372860242746e-02,3.775093164993384364e-11,8.828448694748701475e-02,-1.045947378305875225e-10,6.108026693463230896e-14,9.566452494003294463e-03,-2.940011243509435893e-03,1.653719441158751221e-11,1.250646373726798863e-02,-2.190029745729842986e-11
1.498176588689877242e+00,-3.805063769847907840e-01,-1.872513252526252295e-02,-3.888150384559820316e-01,1.105350650133654100e-09,-1.200706422124554695e+00,3.805063763949895206e-01,-5.990514540683706103e-15,6.631530977391060511e-03,-8.167254550411003067e-02,3.777699941998043535e-11,8.830407648152149847e-02,-1.046291456378054912e-10,5.931478860432513289e-14,9.552971790607924993e-03,-2.731858706044285739e-03,1.645253497814724696e-11,1.228483049639591575e-02,-2.164406973920103204e-11
1.499756943741237913e+00,-3.805063769847907285e-01,-1.871464042806190997e-02,-3.889441134006420553e-01,1.105410371715493187e-09,-1.200566855082693785e+00,3.805063763948241529e-01,-5.898173283615487139e-15,6.646617316715215315e-03,-8.167669837696209245e-02,3.780293323430881657e-11,8.832331569369729352e-02,-1.046631483532797908e-10,5.754608651514554808e-14,9.539345680438082037e-03,-2.523772510999000573e-03,1.636766835241665070e-11,1.206311819116922396e-02,-2.138763852934086563e-11
1.501337298792598585e+00,-3.805063769847907840e-01,-1.870412450616499786e-02,-3.890731946484937698e-01,1.105470134175902280e-09,-1.200427257912945134e+00,3.805063763946587296e-01,-5.808629704750193720e-15,6.661682007092149284e-03,-8.168052245298536296e-02,3.782873276569995960e-11,8.834220446009707906e-02,-1.046967456565046491e-10,5.577423117656590909e-14,9.525574227533814900e-03,-2.315753901037808857e-03,1.628259481135352196e-11,1.184132812829219276e-02,-2.113100519940378463e-11
1.502917653843959256e+00,-3.805063769847907840e-01,-1.869358479396629122e-02,-3.892022816800063123e-01,1.105529937302408459e-09,-1.200287631169234093e+00,3.805063763944932509e-01,-5.721888731534052648e-15,6.676724818881165334e-03,-8.168401783996857846e-02,3.785439768737520055e-11,8.836074265886885437e-02,-1.047299372291440278e-10,5.399929323808432199e-14,9.511657498691237361e-03,-2.107804116203138706e-03,1.619731463512980203e-11,1.161946161460336753e-02,-2.087417112323639070e-11
1.504498008895319705e+00,-3.805063769847907840e-01,-1.868302132622310513e-02,-3.893313739758207381e-01,1.105589780882022849e-09,-1.200147975405676304e+00,3.805063763943277166e-01,-5.637955179653237938e-15,6.691745522549286639e-03,-8.168718464765796494e-02,3.787992767300109261e-11,8.837893017022588338e-02,-1.047627227550345040e-10,5.222134348636653194e-14,9.497595563461296020e-03,-1.899924393918362223e-03,1.611182810714003739e-11,1.139751995707705308e-02,-2.061713767685265052e-11
1.506078363946680376e+00,-3.805063769847907840e-01,-1.867243413805541596e-02,-3.894604710167531847e-01,1.105649664701240829e-09,-1.200008291176576369e+00,3.805063763941621269e-01,-5.556833752819311692e-15,6.706743888675653284e-03,-8.169002298775331072e-02,3.790532239669467277e-11,8.839676687644712483e-02,-1.047951019201892257e-10,5.044045284238099492e-14,9.483388494148523029e-03,-1.692115968989674202e-03,1.602613551400959982e-11,1.117550446282399544e-02,-2.035990623843966999e-11
1.507658718998041047e+00,-3.805063769847907840e-01,-1.866182326494568097e-02,-3.895895722837976471e-01,1.105709588546043683e-09,-1.199868579036422078e+00,3.805063763939964261e-01,-5.478529042559380791e-15,6.721719687955803567e-03,-8.169253297390363655e-02,3.793058153302841206e-11,8.841425266187709353e-02,-1.048270744128006903e-10,4.865669235853212567e-14,9.469036365809783626e-03,-1.484380073609972706e-03,1.594023714560345256e-11,1.095341643909394577e-02,-2.010247818836549421e-11
1.509239074049401719e+00,-3.805063769847907840e-01,-1.865118874273864399e-02,-3.897186772581295311e-01,1.105769552201897776e-09,-1.199728839539883074e+00,3.805063763938307808e-01,-5.403045528010496862e-15,6.736672691206114019e-03,-8.169471472170346249e-02,3.795570475703555343e-11,8.843138741292669303e-02,-1.048586399232450616e-10,4.687013321578135296e-14,9.454539256252975088e-03,-1.276717937360801955e-03,1.585413329503437047e-11,1.073125719327635251e-02,-1.984485490918485257e-11
1.510819429100762390e+00,-3.805063769847908395e-01,-1.864053060764113770e-02,-3.898477854211083171e-01,1.105829555453757658e-09,-1.199589073241806858e+00,3.805063763936650245e-01,-5.330387575718833592e-15,6.751602669368075502e-03,-8.169656834868822826e-02,3.798069174421508128e-11,8.844817101807288251e-02,-1.048897981440849096e-10,4.508084672076770786e-14,9.439897246035545281e-03,-1.069130787215405443e-03,1.576782425867112129e-11,1.050902803290190354e-02,-1.958703778564569861e-11
1.512399784152123061e+00,-3.805063769847908950e-01,-1.862984889622188237e-02,-3.899768962542807249e-01,1.105889598086063781e-09,-1.199449280697214792e+00,3.805063763934992682e-01,-5.260559439443392894e-15,6.766509393512650829e-03,-8.169809397433035192e-02,3.800554217053687196e-11,8.846460336785902379e-02,-1.049205487700728556e-10,4.328890430292270700e-14,9.425110418463136103e-03,-8.616198475423081371e-04,1.568131033614712848e-11,1.028673026564476921e-02,-1.932902820469664817e-11
1.513980139203483510e+00,-3.805063769847908395e-01,-1.861914364541129505e-02,-3.901060092393837664e-01,1.105949679882746644e-09,-1.199309462461301212e+00,3.805063763933334564e-01,-5.193565259964147620e-15,6.781392634844641935e-03,-8.169929172003521922e-02,3.803025571244697351e-11,8.848068435489528372e-02,-1.049508914981552816e-10,4.149437751157672868e-14,9.410178859588056929e-03,-6.541863401073339662e-04,1.559459183036830679e-11,1.006436519932308107e-02,-1.907082755549227210e-11
1.515560494254844182e+00,-3.805063769847908395e-01,-1.860841489250125713e-02,-3.902351238583480764e-01,1.106009800627224307e-09,-1.199169619089426986e+00,3.805063763931675336e-01,-5.129409064894907192e-15,6.796252164707012808e-03,-8.170016170913699249e-02,3.805483204687276261e-11,8.849641387385884239e-02,-1.049808260274757419e-10,3.969733801306334435e-14,9.395102658207725096e-03,-4.468314840769000568e-04,1.550766904752130498e-11,9.841934141900677072e-03,-1.881243722939988816e-11
1.517140849306204631e+00,-3.805063769847908395e-01,-1.859766267514489577e-02,-3.903642395933005216e-01,1.106069960102405906e-09,-1.199029751137118183e+00,3.805063763930016107e-01,-5.068094768500710499e-15,6.811087754585214149e-03,-8.170070406689448894e-02,3.807927085122801753e-11,8.851179182149393476e-02,-1.050103520593782595e-10,3.789785758781875908e-14,9.379881905863099445e-03,-2.395564960215850608e-04,1.542054229708182288e-11,9.619438401489092960e-03,-1.855385862000651126e-11
1.518721204357565302e+00,-3.805063769847908395e-01,-1.858688703135635140e-02,-3.904933559265674203e-01,1.106130158090689793e-09,-1.198889859160062521e+00,3.805063763928356879e-01,-5.009626171519710571e-15,6.825899176111542739e-03,-8.170091892048697568e-02,3.810357180341823018e-11,8.852681809661211432e-02,-1.050394692974109446e-10,3.609600812747198137e-14,9.364516696836995904e-03,-3.236258991877981328e-05,1.533321189182248251e-11,9.396879286348535504e-03,-1.829509312312467284e-11
1.520301559408925973e+00,-3.805063769847908395e-01,-1.857608799951055226e-02,-3.906224723406777621e-01,1.106190394373966639e-09,-1.198749943714106703e+00,3.805063763926696541e-01,-4.954006960989862630e-15,6.840686201069450488e-03,-8.170080639901027009e-02,3.812773458184578245e-11,8.854149260009266942e-02,-1.050681774473295751e-10,3.429186163193699348e-14,9.349007128152392668e-03,1.747490228441537369e-04,1.524567814782083495e-11,9.174258104889346579e-03,-1.803614213679874102e-11
1.521881914460286644e+00,-3.805063769847908950e-01,-1.856526561834297151e-02,-3.907515883183659278e-01,1.106250668733619432e-09,-1.198610005355250863e+00,3.805063763925035647e-01,-4.901240710080058153e-15,6.855448601397901194e-03,-8.170036663347268746e-02,3.815175886541524534e-11,8.855581523488285922e-02,-1.050964762171012927e-10,3.248549020649520303e-14,9.333353299570716285e-03,3.817771334665605309e-04,1.515794138446741565e-11,8.951576165673606061e-03,-1.777700706131140560e-11
1.523462269511647094e+00,-3.805063769847908950e-01,-1.855441992694937051e-02,-3.908807033425749644e-01,1.106310980950523272e-09,-1.198470044639648124e+00,3.805063763923374198e-01,-4.851330877925876939e-15,6.870186149195666586e-03,-8.169959975679069730e-02,3.817564433353851650e-11,8.856978590599792756e-02,-1.051243653169077826e-10,3.067696605887420272e-14,9.317555313589973368e-03,5.887205357311469864e-04,1.507000192447356710e-11,8.728834777416613275e-03,-1.751768929918990447e-11
1.525042624563007765e+00,-3.805063769847908950e-01,-1.854355096478554552e-02,-3.910098168964592502e-01,1.106371330805047644e-09,-1.198330062123599937e+00,3.805063763921712749e-01,-4.804280809470049449e-15,6.884898616725664867e-03,-8.169850590378499589e-02,3.819939066614013233e-11,8.858340452052151925e-02,-1.051518444591490604e-10,2.886636149632393626e-14,9.301613275442923920e-03,7.955780260007041041e-04,1.498186009387932290e-11,8.506035248988344163e-03,-1.725819025521226632e-11
1.526622979614368436e+00,-3.805063769847908950e-01,-1.853265877166706752e-02,-3.911389284633879915e-01,1.106431718077056626e-09,-1.198190058363552746e+00,3.805063763920050746e-01,-4.760093735307452744e-15,6.899585776419269768e-03,-8.169708521117634292e-02,3.822299754366247657e-11,8.859667098760576343e-02,-1.051789133584467937e-10,2.705374892268672067e-14,9.285527293095162740e-03,1.002348403214574704e-03,1.489351622206124334e-11,8.283178889415047236e-03,-1.699851133641364367e-11
1.528203334665729107e+00,-3.805063769847908950e-01,-1.852174338776900811e-02,-3.912680375269478872e-01,1.106492142545909508e-09,-1.198050033916094881e+00,3.805063763918388187e-01,-4.718772771534784360e-15,6.914247400880658631e-03,-8.169533781758171742e-02,3.824646464707115706e-11,8.860958521847177305e-02,-1.052055717316482442e-10,2.523920083546269003e-14,9.269297477243160915e-03,1.209030468885733019e-03,1.480497064173998609e-11,8.060267007880218479e-03,-1.673865395209192546e-11
1.529783689717089779e+00,-3.805063769847909505e-01,-1.851080485362566544e-02,-3.913971435709461266e-01,1.106552603990461417e-09,-1.197909989337953229e+00,3.805063763916725628e-01,-4.680320919604899929e-15,6.928883262891093707e-03,-8.169326386351008495e-02,3.826979165786028538e-11,8.862214712640981151e-02,-1.052318192978297186e-10,2.342278982287495205e-14,9.252923941312270889e-03,1.415623027096895442e-03,1.471622368898816757e-11,7.837300913726497412e-03,-1.647861951381434803e-11
1.531364044768450450e+00,-3.805063769847908950e-01,-1.849984321013028662e-02,-3.915262460794133870e-01,1.106613102189065169e-09,-1.197769925185990791e+00,3.805063763915062514e-01,-4.644741066185738820e-15,6.943493135413232077e-03,-8.169086349135823433e-02,3.829297825805762741e-11,8.863435662677930649e-02,-1.052576557782998642e-10,2.160458856092613034e-14,9.236406801454618773e-03,1.622124884496796947e-03,1.462727570323796922e-11,7.614281916457273439e-03,-1.621840943542373449e-11
1.532944399819810899e+00,-3.805063769847909505e-01,-1.848885849853476593e-02,-3.916553445366070529e-01,1.106673636919571486e-09,-1.197629842017201129e+00,3.805063763913398844e-01,-4.612035983023904054e-15,6.958076791595469400e-03,-8.168813684540691955e-02,3.831602413023012862e-11,8.864621363700944667e-02,-1.052830808966036758e-10,1.978466981045167860e-14,9.219746176547024413e-03,1.828534850297323586e-03,1.453812702728855619e-11,7.391211325737482955e-03,-1.595802513304378743e-11
1.534524754871171570e+00,-3.805063769847908950e-01,-1.847785076044936373e-02,-3.917844384270139368e-01,1.106734207959329403e-09,-1.197489740388709034e+00,3.805063763911734620e-01,-4.582208326812988797e-15,6.972634004776202994e-03,-8.168508407181679365e-02,3.833892895748911625e-11,8.865771807659922343e-02,-1.053080943785258949e-10,1.796310641417445389e-14,9.202942188188831252e-03,2.034851736269221653e-03,1.444877800731378700e-11,7.168090451395717905e-03,-1.569746802508585495e-11
1.536105109922532241e+00,-3.805063769847909505e-01,-1.846682003784237344e-02,-3.919135272353532762e-01,1.106794815085187924e-09,-1.197349620857762531e+00,3.805063763910070396e-01,-4.555260639066434072e-15,6.987164548488158239e-03,-8.168170531862421757e-02,3.836169242349566308e-11,8.866886986711777774e-02,-1.053326959520946412e-10,1.613997129374855501e-14,9.185994960699661593e-03,2.241074356738785231e-03,1.435922899286955471e-11,6.944920603425317786e-03,-1.543673953225448186e-11
1.537685464973892913e+00,-3.805063769847909505e-01,-1.845576637303985440e-02,-3.920426104465797312e-01,1.106855458073496645e-09,-1.197209483981733769e+00,3.805063763908405616e-01,-4.531195345995165386e-15,7.001668196462676810e-03,-8.167800073573744379e-02,3.838431421246593823e-11,8.867966893220466384e-02,-1.053568853475851354e-10,1.431533744680504478e-14,9.168904621117185752e-03,2.447201528584095308e-03,1.426948033690120574e-11,6.721703091985860648e-03,-1.517584107755338407e-11
1.539265820025253584e+00,-3.805063769847909505e-01,-1.844468980872527447e-02,-3.921716875458865492e-01,1.106916136700105955e-09,-1.197069330318112357e+00,3.805063763906740282e-01,-4.510014758389834731e-15,7.016144722634010990e-03,-8.167397047493231421e-02,3.840679400917659677e-11,8.869011519756998807e-02,-1.053806622975232273e-10,1.248927794399157431e-14,9.151671299194780174e-03,2.653232071231055068e-03,1.417953239575096993e-11,6.498439227404825824e-03,-1.491477408629159758e-11
1.540846175076614033e+00,-3.805063769847909505e-01,-1.843359038793921170e-02,-3.923007580187078958e-01,1.106976850740369316e-09,-1.196929160424504701e+00,3.805063763905074392e-01,-4.491721071507794962e-15,7.030593901143604094e-03,-8.166961468984844374e-02,3.842913149897004655e-11,8.870020859099481125e-02,-1.054040265366889502e-10,1.066186592601067417e-14,9.134295127399147396e-03,2.859164806649749577e-03,1.408938552916514665e-11,6.275130320178832523e-03,-1.465353998608906835e-11
1.542426530127974704e+00,-3.805063769847909505e-01,-1.842246815407900737e-02,-3.924298213507226296e-01,1.107037599969142849e-09,-1.196788974858630006e+00,3.805063763903409058e-01,-4.476316364964719770e-15,7.045015506344404731e-03,-8.166493353598522353e-02,3.845132636776005103e-11,8.870994904233148182e-02,-1.054269778021205921e-10,8.833174600652850121e-15,9.116776240907941212e-03,3.064998559350690967e-03,1.399904010030140409e-11,6.051777680975020668e-03,-1.439214020688246846e-11
1.544006885179335375e+00,-3.805063769847910060e-01,-1.841132315089844332e-02,-3.925588770278566342e-01,1.107098384160787192e-09,-1.196648774178315167e+00,3.805063763901742058e-01,-4.463802602630901609e-15,7.059409312805116875e-03,-8.165992717069761597e-02,3.847337830203688623e-11,8.871933648350369128e-02,-1.054495158331178496e-10,7.003277239827856530e-15,9.099114777607230503e-03,3.270732156380708883e-03,1.390849647573588776e-11,5.828382620632629497e-03,-1.413057618093104127e-11
1.545587240230696047e+00,-3.805063769847910060e-01,-1.840015542250738809e-02,-3.926879245362858706e-01,1.107159203089167295e-09,-1.196508558941494993e+00,3.805063763900075613e-01,-4.454181632532317495e-15,7.073775095314501979e-03,-8.165459575319243546e-02,3.849528698887293072e-11,8.872837084850693223e-02,-1.054716403712459633e-10,5.172247176594459169e-15,9.081310878089058486e-03,3.476364427319049086e-03,1.381775502547046810e-11,5.604946450164460803e-03,-1.386884934282246279e-11
1.547167595282056718e+00,-3.805063769847909505e-01,-1.838896501337142567e-02,-3.928169633624394863e-01,1.107220056527654904e-09,-1.196368329706205547e+00,3.805063763898408613e-01,-4.447455186756293070e-15,7.088112628885622109e-03,-8.164893944452382424e-02,3.851705211592787418e-11,8.873705207340845669e-02,-1.054933511603387686e-10,3.340157802183380250e-15,9.063364685648785113e-03,3.681894204273027105e-03,1.372681612293977305e-11,5.381470480758553804e-03,-1.360696112947872243e-11
1.548747950333417389e+00,-3.805063769847910060e-01,-1.837775196831155713e-02,-3.929459929930027018e-01,1.107280944249127727e-09,-1.196228087030582365e+00,3.805063763896741058e-01,-4.443624881361964529e-15,7.102421688760155068e-03,-8.164295840759000500e-02,3.853867337145444958e-11,8.874538009634820590e-02,-1.055146479465032577e-10,1.507082563023735759e-15,9.045276346282540500e-03,3.887320321875044511e-03,1.363568014501795256e-11,5.157956023778639647e-03,-1.334491298016074999e-11
1.550328305384777838e+00,-3.805063769847910060e-01,-1.836651633250377391e-02,-3.930750129149191974e-01,1.107341866025972130e-09,-1.196087831472858243e+00,3.805063763895074058e-01,-4.442692216295372727e-15,7.116702050412637530e-03,-8.163665280712881223e-02,3.856015044430364827e-11,8.875335485753849118e-02,-1.055355304781226559e-10,-3.269050422408038010e-16,9.027046008684525696e-03,4.092641617277286738e-03,1.354434747202599075e-11,4.934404390766738285e-03,-1.308270633647534173e-11
1.551908660436138510e+00,-3.805063769847910060e-01,-1.835525814943299305e-02,-3.932040226133699523e-01,1.107402821630181775e-09,-1.195947563591336804e+00,3.805063763893405948e-01,-4.444487391985008568e-15,7.130957629765474412e-03,-8.163001871134437093e-02,3.858148322450481926e-11,8.876097634110587109e-02,-1.055560020536657859e-10,-1.930758548911084515e-15,9.014260095944396159e-03,4.303386746109862451e-03,1.345308911760080952e-11,4.710873349204063205e-03,-1.282512959837619808e-11
1.553489015487499181e+00,-3.805063769847910060e-01,-1.834397745307688940e-02,-3.933330215640384320e-01,1.107463810833737915e-09,-1.195807283944312127e+00,3.805063763891737283e-01,-4.448794385702006783e-15,7.145193458115862289e-03,-8.162305108640925677e-02,3.860267165671992854e-11,8.876824454452017510e-02,-1.055760669294594558e-10,-3.520012481517011200e-15,9.001704100840350956e-03,4.514392589435544528e-03,1.336165284197433721e-11,4.487311510786557919e-03,-1.256771569443444574e-11
1.555069370538859852e+00,-3.805063769847910060e-01,-1.833267427479495781e-02,-3.934620092399338520e-01,1.107524833408276456e-09,-1.195666993090134689e+00,3.805063763890068618e-01,-4.455613446383583939e-15,7.159409333483079084e-03,-8.161575008095638128e-02,3.862371543268473399e-11,8.877515941443350767e-02,-1.055957248794366259e-10,-5.109865113620136766e-15,8.989008816302183555e-03,4.725292360947976229e-03,1.327002114182468390e-11,4.263716454748193822e-03,-1.231014956017731012e-11
1.556649725590220523e+00,-3.805063769847910060e-01,-1.832134864629396051e-02,-3.935909851143294391e-01,1.107585889124945266e-09,-1.195526691587238011e+00,3.805063763888399397e-01,-4.464945469746101306e-15,7.173605035678048622e-03,-8.160811586371420623e-02,3.864461424386106100e-11,8.878172089938539402e-02,-1.056149756640047420e-10,-6.700252604069766037e-15,8.976174163884288043e-03,4.936084672338541049e-03,1.317819439980233102e-11,4.040089490951984975e-03,-1.205243244278439040e-11
1.558230080641581194e+00,-3.805063769847910615e-01,-1.831000059962873544e-02,-3.937199486607673160e-01,1.107646977754405419e-09,-1.195386379994135106e+00,3.805063763886730732e-01,-4.476791250588356612e-15,7.187780344389720251e-03,-8.160014860560309280e-02,3.866536778231800831e-11,8.878792894998502327e-02,-1.056338190455433647e-10,-8.291111079412848210e-15,8.963200067704483673e-03,5.146768137678016039e-03,1.308617300203249049e-11,3.816431929444970977e-03,-1.179456559170516952e-11
1.559810435692941644e+00,-3.805063769847910615e-01,-1.829863016720240099e-02,-3.938488993530609994e-01,1.107708099066830986e-09,-1.195246058869415151e+00,3.805063763885060957e-01,-4.491151482742617078e-15,7.201935039189200950e-03,-8.159184847973235954e-02,3.868597574073795799e-11,8.879378351891285825e-02,-1.056522547884094558e-10,-9.882376636484817737e-15,8.950086454450846205e-03,5.357341373422654617e-03,1.299395733812209856e-11,3.592745080458972437e-03,-1.153655025867196312e-11
1.561390790744302315e+00,-3.805063769847910615e-01,-1.828723738176650862e-02,-3.939778366652993968e-01,1.107769252831911722e-09,-1.195105728771740816e+00,3.805063763883391181e-01,-4.508026759029663813e-15,7.216068899533722644e-03,-8.158321566139534187e-02,3.870643781242148687e-11,8.879928456091948363e-02,-1.056702826589390714e-10,-1.147398534500532023e-14,8.936833253388164547e-03,5.567802998418275306e-03,1.290154780116686955e-11,3.369030254412961906e-03,-1.127838769771433059e-11
1.562971145795662986e+00,-3.805063769847910615e-01,-1.827582227642122678e-02,-3.941067600718504704e-01,1.107830438818852864e-09,-1.194965390259844495e+00,3.805063763881721406e-01,-4.527417571218047148e-15,7.230181704770808140e-03,-8.157425032806654708e-02,3.872675369129329889e-11,8.880443203282689657e-02,-1.056879024254523763e-10,-1.306587325017485068e-14,8.923440396364681892e-03,5.778151633906190160e-03,1.280894478775818141e-11,3.145288761913867057e-03,-1.102007916517199488e-11
1.564551500847023657e+00,-3.805063769847910615e-01,-1.826438488461553170e-02,-3.942356690473639569e-01,1.107891656796376160e-09,-1.194825043892525196e+00,3.805063763880051075e-01,-4.549324309987340704e-15,7.244273234142293953e-03,-8.156495265939726902e-02,3.874692307190755662e-11,8.880922589352824303e-02,-1.057051138582565529e-10,-1.465797637526939586e-14,8.909907817818574910e-03,5.988385903527616155e-03,1.271614869799004860e-11,2.921521913758651050e-03,-1.076162591970898215e-11
1.566131855898384329e+00,-3.805063769847910615e-01,-1.825292524014734963e-02,-3.943645630667754753e-01,1.107952906532721938e-09,-1.194684690228645429e+00,3.805063763878380190e-01,-4.573747264895574064e-15,7.258343266788478895e-03,-8.155532283721227127e-02,3.876694564945354223e-11,8.881366610398862271e-02,-1.057219167296500912e-10,-1.625023072423965686e-14,8.896235454784543958e-03,6.198504433329192487e-03,1.262315993546589145e-11,2.697731020935369844e-03,-1.050302922232667897e-11
1.567712210949744778e+00,-3.805063769847910615e-01,-1.824144337716372341e-02,-3.944934416053096915e-01,1.108014187795648282e-09,-1.194544329827127882e+00,3.805063763876708749e-01,-4.600686624350741478e-15,7.272391581752198075e-03,-8.154536104550560993e-02,3.878682111976111173e-11,8.881775262724483921e-02,-1.057383108139258656e-10,-1.784257228431030160e-14,8.882423246900156971e-03,6.408505851767904576e-03,1.252997890730513740e-11,2.473917394624609422e-03,-1.024429033637715276e-11
1.569292566001105449e+00,-3.805063769847911170e-01,-1.822993933016095469e-02,-3.946223041384835928e-01,1.108075500352433717e-09,-1.194403963246950973e+00,3.805063763875037863e-01,-4.630142475586422910e-15,7.286417957982961949e-03,-8.153506747043702541e-02,3.880654917930634307e-11,8.882148542840623273e-02,-1.057542958873753610e-10,-1.943493702857973952e-14,8.868471136412420588e-03,6.618388789715550120e-03,1.243660602415029405e-11,2.250082346201575691e-03,-9.985410527577360957e-12
1.570872921052466120e+00,-3.805063769847911170e-01,-1.821841313398476353e-02,-3.947511501421101521e-01,1.108136843969877623e-09,-1.194263591047148410e+00,3.805063763873366423e-01,-4.662114804641489799e-15,7.300422174341067612e-03,-8.152444230032802885e-02,3.882612952521702263e-11,8.882486447465458290e-02,-1.057698717282922012e-10,-2.102726091861898920e-14,8.854379068184044244e-03,6.828151880464141885e-03,1.234304170017323542e-11,2.026227187236965752e-03,-9.726391064021759009e-12
1.572453276103826791e+00,-3.805063769847911170e-01,-1.820686482383040983e-02,-3.948799790923018804e-01,1.108198218414301063e-09,-1.194123213786802085e+00,3.805063763871694982e-01,-4.696603496343994153e-15,7.314404009601749995e-03,-8.151348572565801642e-02,3.884556185527823523e-11,8.882788973524446963e-02,-1.057850381169757163e-10,-2.261947990707683776e-14,8.840146989699822211e-03,7.037793759730310433e-03,1.224928635308200520e-11,1.802353229498941363e-03,-9.467233216196242912e-12
1.574033631155187463e+00,-3.805063769847911170e-01,-1.819529443524283904e-02,-3.950087904654737692e-01,1.108259623451548231e-09,-1.193982832025042962e+00,3.805063763870022986e-01,-4.733608334299048494e-15,7.328363242459318312e-03,-8.150219793906060550e-02,3.886484586793804446e-11,8.883056118150389757e-02,-1.057997948357351559e-10,-2.421152994027668903e-14,8.825774851072885549e-03,7.247313065660769375e-03,1.215534040412708035e-11,1.578461784953923445e-03,-9.207938256990655465e-12
1.575613986206548134e+00,-3.805063769847911170e-01,-1.818370200411678975e-02,-3.951375837383468981e-01,1.108321058846986659e-09,-1.193842446321043749e+00,3.805063763868350990e-01,-4.773129000880999563e-15,7.342299651531352354e-03,-8.149057913531974895e-02,3.888398126231308263e-11,8.883287878683439331e-02,-1.058141416688933600e-10,-2.580334696082495411e-14,8.811262605051047719e-03,7.456708438836233237e-03,1.206120427810822282e-11,1.354554165769006162e-03,-8.948507461713187613e-12
1.577194341257908583e+00,-3.805063769847911170e-01,-1.817208756669692199e-02,-3.952663583879522102e-01,1.108382524365509902e-09,-1.193702057234018676e+00,3.805063763866678439e-01,-4.815165077229493487e-15,7.356213015362814654e-03,-8.147862951136575216e-02,3.890296773819403088e-11,8.883484252671114412e-02,-1.058280784027903519e-10,-2.739486691020871676e-14,8.796610207022867445e-03,7.665978522276606887e-03,1.196687840338055093e-11,1.130631684312846403e-03,-8.688942108102849166e-12
1.578774696309269254e+00,-3.805063769847911170e-01,-1.816045115957794220e-02,-3.953951138916331209e-01,1.108444019771536716e-09,-1.193561665323218612e+00,3.805063763865005888e-01,-4.859716043249810252e-15,7.370103112430258924e-03,-8.146634926627148443e-02,3.892180499605135769e-11,8.883645237868362243e-02,-1.058416048257873835e-10,-2.898602573140063729e-14,8.781817615023839937e-03,7.875121961445921692e-03,1.187236321186082400e-11,9.066956531569041102e-04,-8.429243476342419344e-12
1.580355051360629925e+00,-3.805063769847911170e-01,-1.814879281970467606e-02,-3.955238497270496256e-01,1.108505544829013948e-09,-1.193421271147929064e+00,3.805063763863333337e-01,-4.906781277617300261e-15,7.383969721146033290e-03,-8.145373860124861809e-02,3.894049273704101227e-11,8.883770832237589121e-02,-1.058547207282709681e-10,-3.057675937146319381e-14,8.766884789742589862e-03,8.084137404256192677e-03,1.177765913903412280e-11,6.827473850777940204e-04,-8.169412849072668790e-12
1.581935406411990819e+00,-3.805063769847911725e-01,-1.813711258437219337e-02,-3.956525653721813529e-01,1.108567099301415506e-09,-1.193280875267464847e+00,3.805063763861660231e-01,-4.956360057785866161e-15,7.397812619862443630e-03,-8.144079771964356229e-02,3.895903066300987872e-11,8.883861033948660391e-02,-1.058674259026563571e-10,-3.216700378415074310e-14,8.751811694526793681e-03,8.293023501072733714e-03,1.168276662395956712e-11,4.587881930578713513e-04,-7.909451511404343998e-12
1.583515761463351268e+00,-3.805063769847911725e-01,-1.812541049122590175e-02,-3.957812603053307843e-01,1.108628682951745667e-09,-1.193140478241169200e+00,3.805063763859986570e-01,-5.008451560000557013e-15,7.411631586875981961e-03,-8.142752682693389643e-02,3.897741847650163741e-11,8.883915841378987877e-02,-1.058797201433919857e-10,-3.375669493251128483e-14,8.736598295389285881e-03,8.501778904718601884e-03,1.158768610927670056e-11,2.348193902869162185e-04,-7.649360750931573452e-12
1.585096116514711939e+00,-3.805063769847911725e-01,-1.811368657826158829e-02,-3.959099340051272509e-01,1.108690295542538867e-09,-1.193000080628408233e+00,3.805063763858313464e-01,-5.063054859314486200e-15,7.425426400431551360e-03,-8.141392613072395701e-02,3.899565588076225799e-11,8.883935253113489638e-02,-1.058916032469627692e-10,-3.534576879149529716e-14,8.721244561013962240e-03,8.710402270478499742e-03,1.149241804121162494e-11,1.084229016412076047e-05,-7.389141857745428868e-12
1.586676471566072388e+00,-3.805063769847911725e-01,-1.810194088382556174e-02,-3.960385859505293205e-01,1.108751936835861152e-09,-1.192859682988570480e+00,3.805063763856639802e-01,-5.120168929609406495e-15,7.439196838726655318e-03,-8.139999584074157635e-02,3.901374257974579609e-11,8.883919267944703768e-02,-1.059030750118947299e-10,-3.693416135054904440e-14,8.705750462761759415e-03,8.918892256103986421e-03,1.139696286958289230e-11,-2.131417937011390170e-04,-7.128796124446158416e-12
1.588256826617433282e+00,-3.805063769847911725e-01,-1.809017344661468379e-02,-3.961672156208290163e-01,1.108813606593310593e-09,-1.192719285881059799e+00,3.805063763854966141e-01,-5.179792643620961506e-15,7.452942679915666030e-03,-8.138573616883353068e-02,3.903167827811993802e-11,8.883867884872745369e-02,-1.059141352387583442e-10,-3.852180861622616727e-14,8.690115974676441979e-03,9.127247521817290557e-03,1.130132104780751493e-11,-4.371315474873229464e-04,-6.868324846156668794e-12
1.589837181668793731e+00,-3.805063769847911725e-01,-1.807838430567642110e-02,-3.962958224956548148e-01,1.108875304576020794e-09,-1.192578889865295588e+00,3.805063763853292480e-01,-5.241924772967621872e-15,7.466663702114062322e-03,-8.137114732896219560e-02,3.904946268127184277e-11,8.883781103105395371e-02,-1.059247837301729637e-10,-4.010864661478434167e-14,8.674341073490495282e-03,9.335466730316103329e-03,1.120549303290683800e-11,-6.611256571596430378e-04,-6.607729320535039573e-12
1.591417536720154624e+00,-3.805063769847911725e-01,-1.806657350040895629e-02,-3.964244060549748094e-01,1.108937030544658421e-09,-1.192438495500708129e+00,3.805063763851618819e-01,-5.306563988183929449e-15,7.480359683402698807e-03,-8.135622953720147987e-02,3.906709549531386112e-11,8.883658922058138008e-02,-1.059350202908110146e-10,-4.169461139478819779e-14,8.658425738630889934e-03,9.543548546777995065e-03,1.110947928551231369e-11,-8.851228084686971675e-04,-6.347010847787271787e-12
1.592997891771515073e+00,-3.805063769847911725e-01,-1.805474107056119840e-02,-3.965529657791002638e-01,1.108998784259427536e-09,-1.192298103346735028e+00,3.805063763849944047e-01,-5.373708858757691310e-15,7.494030401832004785e-03,-8.134098301173263434e-02,3.908457642708898992e-11,8.883501341354135827e-02,-1.059448447274013205e-10,-4.327963902970747451e-14,8.642369952224733531e-03,9.751491638864115408e-03,1.101328026987134798e-11,-1.109121686948530416e-03,-6.086170730680571294e-12
1.594578246822875744e+00,-3.805063769847912281e-01,-1.804288705623282099e-02,-3.966815011486891640e-01,1.109060565480068773e-09,-1.192157713962817667e+00,3.805063763848269831e-01,-5.443357853171657628e-15,7.507675635426339263e-03,-8.132540797284049106e-02,3.910190518417682389e-11,8.883308360824306027e-02,-1.059542568487335864e-10,-4.486366562052282265e-14,8.626173699105021270e-03,9.959294676723748699e-03,1.091689645385299561e-11,-1.333120977915425859e-03,-5.825210274555913197e-12
1.596158601874236194e+00,-3.805063769847912281e-01,-1.803101149787432467e-02,-3.968100116447491610e-01,1.109122373965861408e-09,-1.192017327908399205e+00,3.805063763846595615e-01,-5.515509338948789678e-15,7.521295162188221944e-03,-8.130950464290963298e-02,3.911908147489926188e-11,8.883079980507362083e-02,-1.059632564656626642e-10,-4.644662729831848780e-14,8.609836966816246037e-03,1.016695633299868548e-02,1.082032830895351769e-11,-1.557119366466686028e-03,-5.564130787340460862e-12
1.597738956925597087e+00,-3.805063769847912281e-01,-1.801911443628706824e-02,-3.969384967486407900e-01,1.109184209475625423e-09,-1.191876945742920579e+00,3.805063763844920288e-01,-5.590161582702005401e-15,7.534888760102642288e-03,-8.129327324642046659e-02,3.913610500832621958e-11,8.882816200649844285e-02,-1.059718433911124820e-10,-4.802846022688300173e-14,8.593359745619966877e-03,1.037447528282740492e-02,1.072357631030191022e-11,-1.781115537479231042e-03,-5.302933579560193349e-12
1.599319311976957536e+00,-3.805063769847912281e-01,-1.800719591262327918e-02,-3.970669559420811900e-01,1.109246071767719647e-09,-1.191736568025816512e+00,3.805063763843245517e-01,-5.667312750187839301e-15,7.548456207141327791e-03,-8.127671400994504469e-02,3.915297549428128408e-11,8.882517021706126670e-02,-1.059800174400799209e-10,-4.960910060530444640e-14,8.576742028500335818e-03,1.058185020384853035e-02,1.062664093666560880e-11,-2.005108175607534828e-03,-5.041619964353208151e-12
1.600899667028318207e+00,-3.805063769847912281e-01,-1.799525596838606745e-02,-3.971953887071471567e-01,1.109307960600046101e-09,-1.191596195316513285e+00,3.805063763841570745e-01,-5.746960906364426879e-15,7.561997281267105082e-03,-8.125982716214331936e-02,3.916969264334763337e-11,8.882182444338493355e-02,-1.059877784296393912e-10,-5.118848467056889239e-14,8.559983811169570925e-03,1.078907977620589820e-02,1.052952267045560510e-11,-2.229095965283212685e-03,-4.780191257481148249e-12
1.602480022079678657e+00,-3.805063769847912281e-01,-1.798329464542945330e-02,-3.973237945262786952e-01,1.109369875730049991e-09,-1.191455828174425191e+00,3.805063763839895419e-01,-5.829104015453311882e-15,7.575511760438152602e-03,-8.124261293375889537e-02,3.918625616687357460e-11,8.881812469417117717e-02,-1.059951261789463728e-10,-5.276654870015188899e-14,8.543085092073392922e-03,1.099616268255131785e-02,1.043222199773220649e-11,-2.453077590712355021e-03,-4.518648777343099386e-12
1.604060377131039550e+00,-3.805063769847912281e-01,-1.797131198595835339e-02,-3.974521728822818512e-01,1.109431816914720959e-09,-1.191315467158950758e+00,3.805063763838220647e-01,-5.913739941005543383e-15,7.588999422612372966e-03,-8.122507155761543585e-02,3.920266577697853463e-11,8.881407098020158153e-02,-1.060020605092422500e-10,-5.434322901461239664e-14,8.526045872396402839e-03,1.120309760804976372e-02,1.033473940820995388e-11,-2.677051735875337398e-03,-4.256993844986667344e-12
1.605640732182399999e+00,-3.805063769847912836e-01,-1.795930803252861196e-02,-3.975805232583322635e-01,1.109493783910594519e-09,-1.191175112829470750e+00,3.805063763836545321e-01,-6.000866445971746349e-15,7.602460045751721976e-03,-8.120720326861277649e-02,3.921892118655888267e-11,8.880966331433792771e-02,-1.060085812438585371e-10,-5.591846198018280659e-14,8.508866156067463118e-03,1.140988324038273369e-02,1.023707539526310661e-11,-2.901017084524795675e-03,-3.995227784121122361e-12
1.607221087233760892e+00,-3.805063769847913391e-01,-1.794728282804693500e-02,-3.977088451379786616e-01,1.109555776473752066e-09,-1.191034765745342838e+00,3.805063763834869994e-01,-6.090481192776450484e-15,7.615893407826494245e-03,-8.118900830372209609e-02,3.923502210929328105e-11,8.880490171152169432e-02,-1.060146882082200196e-10,-5.749218401136044368e-14,8.491545949764821993e-03,1.161651826975182607e-02,1.013923045593068634e-11,-3.124972320184075600e-03,-3.733351921129777759e-12
1.608801442285121341e+00,-3.805063769847913391e-01,-1.793523641577091793e-02,-3.978371380051456963e-01,1.109617794359823976e-09,-1.190894426465899825e+00,3.805063763833194668e-01,-6.182581743396338919e-15,7.629299286819769300e-03,-8.117048690198314098e-02,3.925096825964912820e-11,8.879978618877572283e-02,-1.060203812298505570e-10,-5.906433157349403925e-14,8.474085262921541434e-03,1.182300138888340083e-02,1.004120509092159522e-11,-3.348916126146482541e-03,-3.471367585081730412e-12
1.610381797336482013e+00,-3.805063769847913391e-01,-1.792316883930902133e-02,-3.979654013441374927e-01,1.109679837323990222e-09,-1.190754095550446090e+00,3.805063763831519341e-01,-6.277165559442641577e-15,7.642677460731673797e-03,-8.115163930449928453e-02,3.926675935288779962e-11,8.879431676520346817e-02,-1.060256601383761075e-10,-6.063484118536953518e-14,8.456484107730527847e-03,1.202933129303142626e-02,9.942999804619743770e-12,-3.572847185473071886e-03,-3.209276107744883193e-12
1.611962152387842462e+00,-3.805063769847913391e-01,-1.791108014262050158e-02,-3.980936346396409253e-01,1.109741905120980586e-09,-1.190613773558254262e+00,3.805063763829843460e-01,-6.374230002247707926e-15,7.656027707583783377e-03,-8.113246575443364139e-02,3.928239510507066432e-11,8.878849346198970649e-02,-1.060305247655292000e-10,-6.220364942179523784e-14,8.438742499149682469e-03,1.223550667998150876e-02,9.844615105088949332e-12,-3.796764180991556159e-03,-2.947078823597851039e-12
1.613542507439203355e+00,-3.805063769847913391e-01,-1.789897037001542471e-02,-3.982218373767284492e-01,1.109803997505077344e-09,-1.190473461048561665e+00,3.805063763828167578e-01,-6.473772332955483802e-15,7.669349805423541014e-03,-8.111296649700593109e-02,3.929787523306514651e-11,8.878231630240149275e-02,-1.060349749451542327e-10,-6.377069291618236517e-14,8.420860454907062170e-03,1.244152625005544299e-02,9.746051504077695594e-12,-4.020665795295670121e-03,-2.684777069841294294e-12
1.615122862490563804e+00,-3.805063769847913391e-01,-1.788683956615458662e-02,-3.983500090408620964e-01,1.109866114230115889e-09,-1.190333158580567208e+00,3.805063763826492251e-01,-6.575789712616275691e-15,7.682643532328559122e-03,-8.109314177948719060e-02,3.931319945455008288e-11,8.877578531178753618e-02,-1.060390105132102008e-10,-6.533590836312637626e-14,8.402837995505767904e-03,1.264738870611340285e-02,9.647309517024229764e-12,-4.244550710742487146e-03,-2.422372186411397555e-12
1.616703217541924698e+00,-3.805063769847913391e-01,-1.787468777604946102e-02,-3.984781491178960855e-01,1.109928255049486177e-09,-1.190192866713428055e+00,3.805063763824816370e-01,-6.680279202285378065e-15,7.695908666411083870e-03,-8.107299185119683227e-02,3.932836748802201693e-11,8.876890051757951872e-02,-1.060426313077764994e-10,-6.689923252098292400e-14,8.384675144229044794e-03,1.285309275355871195e-02,9.548389663061137918e-12,-4.468417609452088324e-03,-2.159865515990797504e-12
1.618283572593285147e+00,-3.805063769847913391e-01,-1.786251504506217863e-02,-3.986062570940802074e-01,1.109990419716133554e-09,-1.190052586006256741e+00,3.805063763823140488e-01,-6.787237763125840659e-15,7.709144985822302502e-03,-8.105251696349775881e-02,3.934337905280056272e-11,8.876166194929147046e-02,-1.060458371690559480e-10,-6.846060221444231851e-14,8.366371927145066500e-03,1.305863710034045437e-02,9.449292465020131980e-12,-4.692265173305378012e-03,-1.897258404021366236e-12
1.619863927644645596e+00,-3.805063769847913946e-01,-1.785032141890541268e-02,-3.987343324560633229e-01,1.110052607982560824e-09,-1.189912317018117172e+00,3.805063763821464606e-01,-6.896662256515609980e-15,7.722352268756883971e-03,-8.103171736979331019e-02,3.935823386903488013e-11,8.875406963852143505e-02,-1.060486279393806709e-10,-7.001995433710648954e-14,8.347928373111960718e-03,1.326402045695821569e-02,9.350018449436529748e-12,-4.916092083943821023e-03,-1.634552198715047817e-12
1.621444282696006267e+00,-3.805063769847913946e-01,-1.783810694364234770e-02,-3.988623746908960266e-01,1.110114819600828870e-09,-1.189772060308021073e+00,3.805063763819788725e-01,-7.008549444158000600e-15,7.735530293457217738e-03,-8.101059332552199010e-02,3.937293165770876722e-11,8.874612361895030388e-02,-1.060510034632146440e-10,-7.157722585405168631e-14,8.329344513782456494e-03,1.346924153646371011e-02,9.250568146554137199e-12,-5.139897022766402521e-03,-1.371748251067439711e-12
1.623024637747366716e+00,-3.805063769847913946e-01,-1.782587166568656498e-02,-3.989903832860345889e-01,1.110177054322558515e-09,-1.189631816434926881e+00,3.805063763818112288e-01,-7.122895988197187547e-15,7.748678838218009055e-03,-8.098914508815471813e-02,3.938747214064727764e-11,8.873782392634370353e-02,-1.060529635871599885e-10,-7.313235380440350887e-14,8.310620383608758807e-03,1.367429905446639928e-02,9.150942090329200210e-12,-5.363678670930377423e-03,-1.108847914867364329e-12
1.624604992798727610e+00,-3.805063769847913946e-01,-1.781361563180200100e-02,-3.991183577293435092e-01,1.110239311898931971e-09,-1.189491585957733522e+00,3.805063763816436406e-01,-7.239698451336716880e-15,7.761797681390566334e-03,-8.096737291718991703e-02,3.940185504052202627e-11,8.872917059855135735e-02,-1.060545081599600603e-10,-7.468527530389356209e-14,8.291756019847220174e-03,1.387919172913501011e-02,9.051140818435356339e-12,-5.587435709348124481e-03,-8.458525467105603228e-13
1.626185347850088059e+00,-3.805063769847913946e-01,-1.780133888910279821e-02,-3.992462975090991240e-01,1.110301592080693041e-09,-1.189351369435278638e+00,3.805063763814759970e-01,-7.358953296963229847e-15,7.774886601387344387e-03,-8.094527707414982121e-02,3.941608008085741238e-11,8.872016367550794591e-02,-1.060556370325045292e-10,-7.623592754742976644e-14,8.272751462562996649e-03,1.408391828120175715e-02,8.951164872267706100e-12,-5.811166818686697849e-03,-5.827635060104157359e-13
1.627765702901448952e+00,-3.805063769847913946e-01,-1.778904148505325994e-02,-3.993742021139925491e-01,1.110363894618150021e-09,-1.189211167426335702e+00,3.805063763813084088e-01,-7.480656889272963824e-15,7.787945376686286440e-03,-8.092285782257614690e-02,3.943014698603624841e-11,8.871080319923314861e-02,-1.060563500578333210e-10,-7.778424781164594382e-14,8.253606754634630963e-03,1.428847743396504874e-02,8.851014796947229981e-12,-6.034870679365964864e-03,-3.195821550101454928e-13
1.629346057952809401e+00,-3.805063769847913946e-01,-1.777672346746769771e-02,-3.995020710331330660e-01,1.110426219261175693e-09,-1.189070980489609797e+00,3.805063763811408761e-01,-7.604805493403453439e-15,7.800973785835369975e-03,-8.090011542802647004e-02,3.944405548130589918e-11,8.870108921383251799e-02,-1.060566470911418650e-10,-7.933017345746447956e-14,8.234321941758623517e-03,1.449286791329366941e-02,8.750691141324706242e-12,-6.258545971558214863e-03,-5.630985879333552844e-14
1.630926413004170072e+00,-3.805063769847914501e-01,-1.776438488451035497e-02,-3.996299037560512857e-01,1.110488565759209812e-09,-1.188930809183734283e+00,3.805063763809732325e-01,-7.731395275568394227e-15,7.813971607456986906e-03,-8.087705015806967435e-02,3.945780529278394935e-11,8.869102176549731320e-02,-1.060565279897848420e-10,-8.087364193264359841e-14,8.214897072453907975e-03,1.469708844762867943e-02,8.650194457985276561e-12,-6.482191375185567504e-03,2.070520147031349384e-13
1.632506768055530522e+00,-3.805063769847915056e-01,-1.775202578469526823e-02,-3.997576997727020354e-01,1.110550933861259726e-09,-1.188790654067268582e+00,3.805063763808056443e-01,-7.860422303196980716e-15,7.826938620252453863e-03,-8.085366228228246799e-02,3.947139614746434267e-11,8.868060090250555472e-02,-1.060559926132813026e-10,-8.241459077432760673e-14,8.195332198066337254e-03,1.490113776798755209e-02,8.549525303252213590e-12,-6.705805569919647512e-03,4.705020946787213358e-13
1.634087123106891415e+00,-3.805063769847915056e-01,-1.773964621688611104e-02,-3.998854585734679667e-01,1.110613323315902230e-09,-1.188650515698693289e+00,3.805063763806380006e-01,-7.991882545077499612e-15,7.839874603006476497e-03,-8.082995207224449863e-02,3.948482777322303007e-11,8.866982667522163575e-02,-1.060550408233185705e-10,-8.395295761159579677e-14,8.175627372772945739e-03,1.510501460796682266e-02,8.448684237190874291e-12,-6.929387235179957499e-03,7.340390074575702016e-13
1.635667478158251864e+00,-3.805063769847915056e-01,-1.772724623029612104e-02,-4.000131796491624980e-01,1.110675733871284405e-09,-1.188510394636408840e+00,3.805063763804704124e-01,-8.125771871504084760e-15,7.852779334591613800e-03,-8.080591980153523091e-02,3.949809989882417996e-11,8.865869913609751574e-02,-1.060536724837575674e-10,-8.548868016799832516e-14,8.155782653586480385e-03,1.530871770374487087e-02,8.347671823613034557e-12,-7.152935050132126771e-03,9.976613764765218343e-13
1.637247833209612757e+00,-3.805063769847915056e-01,-1.771482587448790919e-02,-4.001408624910328116e-01,1.110738165275125883e-09,-1.188370291438730630e+00,3.805063763803027688e-01,-8.262086054428356713e-15,7.865652593972743273e-03,-8.078156574572883941e-02,3.951121225392573589e-11,8.864721833967233178e-02,-1.060518874606364188e-10,-8.702169626409769565e-14,8.135798100359435681e-03,1.551224579408523770e-02,8.246488630080230249e-12,-7.376447693687207888e-03,1.261367822274718836e-12
1.638828188260973207e+00,-3.805063769847915056e-01,-1.770238519937333138e-02,-4.002685065907632400e-01,1.110800617274719677e-09,-1.188230206663885680e+00,3.805063763801351251e-01,-8.400820767614667405e-15,7.878494160211618053e-03,-8.075689018239128047e-02,3.952416456908580776e-11,8.863538434257368925e-02,-1.060496856221762059e-10,-8.855194382000317348e-14,8.115673775788513622e-03,1.571559762033961777e-02,8.145135227907912485e-12,-7.599923844500189145e-03,1.525156962481973884e-12
1.640408543312333878e+00,-3.805063769847915056e-01,-1.768992425521330805e-02,-4.003961114404784860e-01,1.110863089616933011e-09,-1.188090140870010192e+00,3.805063763799675924e-01,-8.541971586799521049e-15,7.891303812471295656e-03,-8.073189339107494922e-02,3.953695657576813255e-11,8.862319720351713448e-02,-1.060470668387843904e-10,-9.007936085790175415e-14,8.095409745418559802e-03,1.591877192645051176e-02,8.043612192168867834e-12,-7.823362180968728222e-03,1.789027411807849981e-12
1.641988898363694327e+00,-3.805063769847915056e-01,-1.767744309261769578e-02,-4.005236765327464532e-01,1.110925582048210417e-09,-1.187950094615146890e+00,3.805063763797999488e-01,-8.685533989854675867e-15,7.904081330020688162e-03,-8.070657565331570971e-02,3.954958800634839447e-11,8.861065698330738982e-02,-1.060440309830604367e-10,-9.160388550458302314e-14,8.075006077646881136e-03,1.612176745895397070e-02,7.941920101697200746e-12,-8.046761381231568380e-03,2.052977782030066996e-12
1.643569253415055220e+00,-3.805063769847915056e-01,-1.766494176254508608e-02,-4.006512013605815770e-01,1.110988094314573328e-09,-1.187810068457239021e+00,3.805063763796324716e-01,-8.831503356954657123e-15,7.916826492239041266e-03,-8.068093725262794058e-02,3.956205859411989892e-11,8.859776374483809003e-02,-1.060405779297996764e-10,-9.312545599396359921e-14,8.054462843727124705e-03,1.632458296698263700e-02,7.840059539091553410e-12,-8.270120123167704063e-03,2.317006681984110214e-12
1.645149608466415669e+00,-3.805063769847916166e-01,-1.765242031630265274e-02,-4.007786854174477109e-01,1.111050626161623586e-09,-1.187670062954130579e+00,3.805063763794648279e-01,-8.979874970747832652e-15,7.929539078620487930e-03,-8.065497847450110724e-02,3.957436807329978279e-11,8.858451755309289244e-02,-1.060367075559987500e-10,-9.464401066960384043e-14,8.033780117773451496e-03,1.652721720226818514e-02,7.738031090718962165e-12,-8.493437084394657444e-03,2.581112717551654651e-12
1.646729963517776341e+00,-3.805063769847916166e-01,-1.763987880554592977e-02,-4.009061281972620128e-01,1.111113177334542414e-09,-1.187530078663559641e+00,3.805063763792972398e-01,-9.130644016532005413e-15,7.942218868778522234e-03,-8.062869960639493239e-02,3.958651617903464316e-11,8.857091847514489413e-02,-1.060324197408591862e-10,-9.615948798722458823e-14,8.012957976764250451e-03,1.672966891914428114e-02,7.635835346717831791e-12,-8.716710942267695203e-03,2.845294491650364235e-12
1.648310318569136790e+00,-3.805063769847916166e-01,-1.762731728227866917e-02,-4.010335291943967762e-01,1.111175747578094134e-09,-1.187390116143157481e+00,3.805063763791297071e-01,-9.283805582433245098e-15,7.954865642450580782e-03,-8.060210093773603757e-02,3.959850264740685104e-11,8.855696658015825562e-02,-1.060277143657933482e-10,-9.767182651721356144e-14,7.991996500546291390e-03,1.693193687454862956e-02,7.533472901001906630e-12,-8.939940373877762470e-03,3.109550604221967162e-12
1.649890673620497683e+00,-3.805063769847916166e-01,-1.761473579885260154e-02,-4.011608879036838160e-01,1.111238336636626170e-09,-1.187250175950444353e+00,3.805063763789621745e-01,-9.439354659589339314e-15,7.967479179502526959e-03,-8.057518275991308598e-02,3.961032721544017362e-11,8.854266193938743756e-02,-1.060225913144280001e-10,-9.918096494713272232e-14,7.970895771838269056e-03,1.713401982802663023e-02,7.430944351262718192e-12,-9.163124056051550476e-03,3.373879652223216683e-12
1.651471028671858132e+00,-3.805063769847916166e-01,-1.760213440796724177e-02,-4.012882038204165225e-01,1.111300944254071116e-09,-1.187110258642826599e+00,3.805063763787945863e-01,-9.597286142336919280e-15,7.980059259933268770e-03,-8.054794536627360446e-02,3.962198962110624948e-11,8.852800462617893551e-02,-1.060170504726103564e-10,-1.006868420842195841e-13,7.949655876234905730e-03,1.733591654173273489e-02,7.328250298973724296e-12,-9.386260665348806001e-03,3.638280229613263674e-12
1.653051383723219026e+00,-3.805063769847916166e-01,-1.758951316266968434e-02,-4.014154764403538578e-01,1.111363570173949214e-09,-1.186970364777591769e+00,3.805063763786271092e-01,-9.757594828402599243e-15,7.992605663879229216e-03,-8.052038905211882092e-02,3.963348960332997182e-11,8.851299471597036395e-02,-1.060110917284114287e-10,-1.021893968578824726e-13,7.928276902210328742e-03,1.753762578043374654e-02,7.225391349392617739e-12,-9.609348878062199534e-03,3.902750927344596427e-12
1.654631738774579475e+00,-3.805063769847916166e-01,-1.757687211635437091e-02,-4.015427052597226321e-01,1.111426214139367325e-09,-1.186830494911907730e+00,3.805063763784595765e-01,-9.920275419097700485e-15,8.005118171618906889e-03,-8.049251411470008388e-02,3.964482690199576976e-11,8.849763228629159428e-02,-1.060047149721314291e-10,-1.036885683221893258e-13,7.906758941121968393e-03,1.773914631151028362e-02,7.122368111565079309e-12,-9.832387370214917474e-03,4.167290333350938283e-12
1.656212093825940146e+00,-3.805063769847916721e-01,-1.756421132276285435e-02,-4.016698897752212227e-01,1.111488875893023060e-09,-1.186690649602817560e+00,3.805063763782920438e-01,-1.008532251951787573e-14,8.017596563577514615e-03,-8.046432085321481020e-02,3.965600125795370890e-11,8.848191741676518507e-02,-1.059979200963048489e-10,-1.051842956583605444e-13,7.885102087214030872e-03,1.794047690496061026e-02,7.019181198327094532e-12,-1.005537481756101428e-02,4.431897032538638171e-12
1.657792448877300595e+00,-3.805063769847917277e-01,-1.755153083598360447e-02,-4.017970294840222389e-01,1.111551555177204992e-09,-1.186550829407237329e+00,3.805063763781245112e-01,-1.025273063874516008e-14,8.030040620331416884e-03,-8.043580956880183597e-02,3.966701241302515872e-11,8.846585018910643750e-02,-1.059907069957044138e-10,-1.066765181772415854e-13,7.863306437621085665e-03,1.814161633340129545e-02,6.915831226308463542e-12,-1.027830989558249294e-02,4.696569606774296824e-12
1.659372803928661488e+00,-3.805063769847917277e-01,-1.753883071045169231e-02,-4.019241238837758523e-01,1.111614251733794718e-09,-1.186411034881951876e+00,3.805063763779569785e-01,-1.042249419005566075e-14,8.042450122612844823e-03,-8.040698056453814135e-02,3.967786011000921618e-11,8.844943068712446399e-02,-1.059830755673470941e-10,-1.081651753217886307e-13,7.841372092371628674e-03,1.834256337207065823e-02,6.812318815935384398e-12,-1.050119127948917833e-02,4.961306634875567627e-12
1.660953158980021938e+00,-3.805063769847917277e-01,-1.752611100094863400e-02,-4.020511724726124059e-01,1.111676965304266865e-09,-1.186271266583612372e+00,3.805063763777895014e-01,-1.059460749112952029e-14,8.054824851314354439e-03,-8.037783414543391014e-02,3.968854409268835385e-11,8.843265899672209107e-02,-1.059750257104978394e-10,-1.096502066695315751e-13,7.819299154391352175e-03,1.854331679883074180e-02,6.708644591433038028e-12,-1.072401764421742829e-02,5.226106692600886330e-12
1.662533514031382831e+00,-3.805063769847917277e-01,-1.751337176260203340e-02,-4.021781747491464110e-01,1.111739695629693842e-09,-1.186131525068731873e+00,3.805063763776220798e-01,-1.076906476426618091e-14,8.067164587493453123e-03,-8.034837061842847739e-02,3.969906410583444920e-11,8.841553520589610915e-02,-1.059665573266746975e-10,-1.111315519350458118e-13,7.797087729506602116e-03,1.874387539416885046e-02,6.604809180828641685e-12,-1.094678766442819424e-02,5.490968352638392967e-12
1.664113869082743280e+00,-3.805063769847917277e-01,-1.750061305088541214e-02,-4.023051302124783235e-01,1.111802442450743979e-09,-1.185991810893683329e+00,3.805063763774546026e-01,-1.094586013660234996e-14,8.079469112377207080e-03,-8.031859029238674896e-02,3.970941989521508548e-11,8.839805940473852153e-02,-1.059576703196542033e-10,-1.126091509724084924e-13,7.774737926447720937e-03,1.894423794120069990e-02,6.500813215953747932e-12,-1.116950001450684599e-02,5.755890184596849021e-12
1.665694224134103951e+00,-3.805063769847917832e-01,-1.748783492161786260e-02,-4.024320383621985409e-01,1.111865205507685667e-09,-1.185852124614695358e+00,3.805063763772871255e-01,-1.112498764033490989e-14,8.091738207366794972e-03,-8.028849347809438597e-02,3.971961120759921267e-11,8.838023168543615582e-02,-1.059483645954755153e-10,-1.140829437776568954e-13,7.752249856852231648e-03,1.914440322567139557e-02,6.396657332447053336e-12,-1.139215336856097549e-02,6.020870754994504422e-12
1.667274579185464400e+00,-3.805063769847917832e-01,-1.747503743096381554e-02,-4.025588986983901774e-01,1.111927984540387147e-09,-1.185712466787849806e+00,3.805063763771197038e-01,-1.130644121294680387e-14,8.103971654042129227e-03,-8.025808048825409935e-02,3.972963779076344185e-11,8.836205214227160765e-02,-1.059386400624458951e-10,-1.155528704912352201e-13,7.729623635268068754e-03,1.934437003595843377e-02,6.292342169756571434e-12,-1.161474640042013846e-02,6.285908627250089023e-12
1.668854934236825294e+00,-3.805063769847917832e-01,-1.746222063543273126e-02,-4.026857107216319509e-01,1.111990779288319199e-09,-1.185572837969077087e+00,3.805063763769522822e-01,-1.149021469743741468e-14,8.116169234166444382e-03,-8.022735163748109799e-02,3.973949939349784189e-11,8.834352087162336553e-02,-1.059284966311451798e-10,-1.170188714004396519e-13,7.706859379156700759e-03,1.954413716307273202e-02,6.187868371142333997e-12,-1.183727778363379175e-02,6.551002361671883161e-12
1.670435289288185743e+00,-3.805063769847918387e-01,-1.744938459187881513e-02,-4.028124739330012916e-01,1.112053589490556385e-09,-1.185433238714153514e+00,3.805063763767849161e-01,-1.167630184255657878e-14,8.128330729690923587e-03,-8.019630724229935559e-02,3.974919576561216919e-11,8.832463797196656030e-02,-1.059179342144309906e-10,-1.184808869418566994e-13,7.683957208896235319e-03,1.974370340066109591e-02,6.083236583678560761e-12,-1.205974619147062200e-02,6.816150515448374711e-12
1.672015644339546636e+00,-3.805063769847918387e-01,-1.743652935750072616e-02,-4.029391878340772837e-01,1.112116414885778286e-09,-1.185293669578699527e+00,3.805063763766175500e-01,-1.186469630304202709e-14,8.140455922759266133e-03,-8.016494762113712813e-02,3.975872665794172900e-11,8.830540354387314550e-02,-1.059069527274435274e-10,-1.199388577037916491e-13,7.660917247784390822e-03,1.994306754500796072e-02,5.978447458255842084e-12,-1.228215029691736085e-02,7.081351642638467017e-12
1.673595999390907085e+00,-3.805063769847918942e-01,-1.742365498984124739e-02,-4.030658519269439410e-01,1.112179255212272402e-09,-1.185154131118173693e+00,3.805063763764501839e-01,-1.205539163986179723e-14,8.152544595712388556e-03,-8.013327309432306811e-02,3.976809182235361161e-11,8.828581769001268842e-02,-1.058955520876108687e-10,-1.213927244287008574e-13,7.637739622041493995e-03,2.014222839503743839e-02,5.873501649583321608e-12,-1.250448877267778050e-02,7.346604294161917843e-12
1.675176354442267757e+00,-3.805063769847918942e-01,-1.741076154678698057e-02,-4.031924657141927604e-01,1.112242110207934148e-09,-1.185014623887870489e+00,3.805063763762828177e-01,-1.224838132045918273e-14,8.164596531092940118e-03,-8.010128398408154771e-02,3.977729101175245674e-11,8.826588051515225908e-02,-1.058837322146532102e-10,-1.228424280156059676e-13,7.614424460813330048e-03,2.034118475231427164e-02,5.768399816190933037e-12,-1.272676029117084974e-02,7.611907017788902684e-12
1.676756709493628206e+00,-3.805063769847918942e-01,-1.739784908656803047e-02,-4.033190286989262741e-01,1.112304979610269336e-09,-1.184875148442918080e+00,3.805063763761155071e-01,-1.244365871900222918e-14,8.176611511649984829e-03,-8.006898061452887017e-02,3.978632398008658635e-11,8.824559212615713799e-02,-1.058714930305882547e-10,-1.242879095225096669e-13,7.590971896173998902e-03,2.053993542104618625e-02,5.663142620431256446e-12,-1.294896352453018575e-02,7.877258358131103185e-12
1.678337064544989099e+00,-3.805063769847918942e-01,-1.738491766775766140e-02,-4.034455403847603261e-01,1.112367863156396040e-09,-1.184735705338273659e+00,3.805063763759481965e-01,-1.264121711663702647e-14,8.188589320343652236e-03,-8.003636331166912032e-02,3.979519048235424721e-11,8.822495263199162108e-02,-1.058588344597365113e-10,-1.257291101688045526e-13,7.567382063128725439e-03,2.073847920808547657e-02,5.557730728481498995e-12,-1.317109714460286407e-02,8.142656856632108938e-12
1.679917419596349548e+00,-3.805063769847919497e-01,-1.737196734927198838e-02,-4.035720002758278468e-01,1.112430760583046245e-09,-1.184596295128720556e+00,3.805063763757808859e-01,-1.284104970174430944e-14,8.200529740349727509e-03,-8.000343240339001516e-02,3.980389027460947876e-11,8.820396214371913068e-02,-1.058457564287260774e-10,-1.271659713376710163e-13,7.543655099616552659e-03,2.093681492293060498e-02,5.452164810345326998e-12,-1.339315982294830149e-02,8.408101051558024460e-12
1.681497774647710441e+00,-3.805063769847919497e-01,-1.735899819036958169e-02,-4.036984078767811290e-01,1.112493671626566471e-09,-1.184456918368864908e+00,3.805063763756136863e-01,-1.304314957020076177e-14,8.212432555064340389e-03,-7.997018821945853229e-02,3.981242311396822649e-11,8.818262077450288172e-02,-1.058322588664976405e-10,-1.285984345784763658e-13,7.519791146513007084e-03,2.113494137772748555e-02,5.346445539854752127e-12,-1.361515023083689421e-02,8.673589477987778898e-12
1.683078129699070891e+00,-3.805063769847920052e-01,-1.734601025065117541e-02,-4.038247626927953249e-01,1.112556596022920665e-09,-1.184317575613132556e+00,3.805063763754464312e-01,-1.324750972564285520e-14,8.224297548108510172e-03,-7.993663109151651069e-02,3.982078875861415155e-11,8.816092863960563186e-02,-1.058183417043090280e-10,-1.300264416091567306e-13,7.495790347632659209e-03,2.133285738727048325e-02,5.240573594671923094e-12,-1.383706703924842893e-02,8.939120667803417970e-12
1.684658484750431562e+00,-3.805063769847920052e-01,-1.733300359007573788e-02,-4.039510642295870979e-01,1.112619533507692273e-09,-1.184178267415765040e+00,3.805063763752791761e-01,-1.345396117713133611e-14,8.236124348464783987e-03,-7.990276150420229373e-02,3.982898697292270450e-11,8.813888585264832709e-02,-1.058040047491913201e-10,-1.304360831788654656e-13,7.470683049075001539e-03,2.152961540719824582e-02,5.134581702839716991e-12,-1.405893235772186917e-02,9.205485619687790051e-12
1.686238839801792011e+00,-3.805063769847920052e-01,-1.731997827234648540e-02,-4.040773119967223104e-01,1.112682483816196735e-09,-1.184038994330900652e+00,3.805063763751120320e-01,-1.365725675597608242e-14,8.247907727899924865e-03,-7.986858468407230516e-02,3.983701768286096201e-11,8.811649241195410043e-02,-1.057892438412505668e-10,-1.268428602645275109e-13,7.441614629449470018e-03,2.172242848269726606e-02,5.028564884081483183e-12,-1.428081385284193060e-02,9.475015627642998819e-12
1.687819194853152904e+00,-3.805063769847920607e-01,-1.730693436904707019e-02,-4.042035055116555697e-01,1.112745446683622103e-09,-1.183899756912668133e+00,3.805063763749448325e-01,-1.385487656333989020e-14,8.259645067280710004e-03,-7.983410331373737290e-02,3.984488072927383600e-11,8.809374838100060556e-02,-1.057740569547497143e-10,-1.232531991593129117e-13,7.412417649056378226e-03,2.191503521975799590e-02,4.922397187679199006e-12,-1.450261757029127838e-02,9.744577572273377106e-12
1.689399549904513353e+00,-3.805063769847920607e-01,-1.729387195309754072e-02,-4.043296442933474455e-01,1.112808421844811702e-09,-1.183760555715026808e+00,3.805063763747776884e-01,-1.404682633583051610e-14,8.271336163704580066e-03,-7.979931772007110846e-02,3.985257587426331635e-11,8.807065388375884263e-02,-1.057584440405071494e-10,-1.196672360978566194e-13,7.383092448888864401e-03,2.210743462470162943e-02,4.816079300504115099e-12,-1.472434217539797009e-02,1.001416982108755872e-11
1.690979904955874025e+00,-3.805063769847921162e-01,-1.728079109773815111e-02,-4.044557278612763707e-01,1.112871409034234560e-09,-1.183621391291738378e+00,3.805063763746105998e-01,-1.423311202514105493e-14,8.282980814809893719e-03,-7.976422823151560482e-02,3.986010288101998847e-11,8.804720904630933265e-02,-1.057424050519234845e-10,-1.160851070427344676e-13,7.353639372458324955e-03,2.229962570608300110e-02,4.709611913278948931e-12,-1.494598633320544032e-02,1.028379073870674682e-11
1.692560260007234474e+00,-3.805063769847921162e-01,-1.726769187652854240e-02,-4.045817557354411398e-01,1.112934407985986437e-09,-1.183482264196364042e+00,3.805063763744434557e-01,-1.441373979761497119e-14,8.294578818779816884e-03,-7.972883517807784204e-02,3.986746151382893988e-11,8.802341399684215917e-02,-1.057259399449856926e-10,-1.125069476791252721e-13,7.324058765789318720e-03,2.249160747468413601e-02,4.602995720579514123e-12,-1.516754870847115272e-02,1.055343868686139391e-11
1.694140615058595367e+00,-3.805063769847921162e-01,-1.725457436334686470e-02,-4.047077274363631849e-01,1.112997418433790655e-09,-1.183343174982260493e+00,3.805063763742764227e-01,-1.458871603380384948e-14,8.306129974346383726e-03,-7.969313889132671747e-02,3.987465153807615151e-11,8.799926886565827278e-02,-1.057090486782726272e-10,-1.089328934094697127e-13,7.294350977414525844e-03,2.268337894350790779e-02,4.496231420836467703e-12,-1.538902796566530250e-02,1.082311202438786723e-11
1.695720970109955816e+00,-3.805063769847921717e-01,-1.724143863238889254e-02,-4.048336424850892401e-01,1.113060440111001617e-09,-1.183204124202576368e+00,3.805063763741093341e-01,-1.475804732801629699e-14,8.317634080794385903e-03,-7.965713970438884073e-02,3.988167272025428792e-11,8.797477378516908864e-02,-1.056917312129586534e-10,-1.053630793481443352e-13,7.264516358369339788e-03,2.287493912777237293e-02,4.389319716336187372e-12,-1.561042276897055617e-02,1.109280910722661511e-11
1.697301325161316710e+00,-3.805063769847921717e-01,-1.722828475816718177e-02,-4.049595004031937284e-01,1.113123472750605212e-09,-1.183065112410250475e+00,3.805063763739423011e-01,-1.492174048785850620e-14,8.329090937965365898e-03,-7.962083795194564717e-02,3.988852482796897227e-11,8.794992888989754121e-02,-1.056739875128187920e-10,-1.017976403161547649e-13,7.234555262186683107e-03,2.306628704490500462e-02,4.282261313222025198e-12,-1.583173178228145656e-02,1.136252828841976938e-11
1.698881680212677159e+00,-3.805063769847922273e-01,-1.721511281551015016e-02,-4.050853007127811489e-01,1.113186516085220271e-09,-1.182926140158005790e+00,3.805063763737753235e-01,-1.507980253376634673e-14,8.340500346261523618e-03,-7.958423397022941492e-02,3.989520762994480921e-11,8.792473431647818138e-02,-1.056558175442330238e-10,-9.823671083584143950e-14,7.204468044891770319e-03,2.325742171453521259e-02,4.175056921495995904e-12,-1.605295366920221276e-02,1.163226791810704830e-11
1.700462035264037830e+00,-3.805063769847922273e-01,-1.720192287956121002e-02,-4.052110429364887967e-01,1.113249569847102286e-09,-1.182787207998349022e+00,3.805063763736084015e-01,-1.523224069852942035e-14,8.351862106649690642e-03,-7.954732809702015628e-02,3.990172089603154351e-11,8.789919020365777325e-02,-1.056372212761910714e-10,-9.468042512559489755e-14,7.174255064996651332e-03,2.344834215848948938e-02,4.067707255019263970e-12,-1.627408709304725698e-02,1.190202634352492936e-11
1.702042390315398279e+00,-3.805063769847922273e-01,-1.718871502577789395e-02,-4.053367265974886502e-01,1.113312633768142787e-09,-1.182648316483566164e+00,3.805063763734414239e-01,-1.537906242680610713e-14,8.363176020665233357e-03,-7.951012067164218988e-02,3.990806439721017991e-11,8.787329669229607121e-02,-1.056181986802971686e-10,-9.112891709460215440e-14,7.143916683494953498e-03,2.363904740078465183e-02,3.960213031513516881e-12,-1.649513071683977872e-02,1.217180190900339384e-11
1.703622745366759172e+00,-3.805063769847922828e-01,-1.717548932993087293e-02,-4.054623512194906465e-01,1.113375707579872862e-09,-1.182509466165717171e+00,3.805063763732745019e-01,-1.552027537463148981e-14,8.374441890415950870e-03,-7.947261203495982473e-02,3.991423790559875397e-11,8.784705392536512614e-02,-1.055987497307735111e-10,-8.758232033757322361e-14,7.113453263856223813e-03,2.382953646762113464e-02,3.852574972561684060e-12,-1.671608320331066655e-02,1.244159295596352125e-11
1.705203100418119622e+00,-3.805063769847923383e-01,-1.716224586810315145e-02,-4.055879163267440135e-01,1.113438791013464396e-09,-1.182370657596635954e+00,3.805063763731076909e-01,-1.565588740891541422e-14,8.385659518586044067e-03,-7.943480252937555608e-02,3.992024119445911111e-11,8.782046204795167232e-02,-1.055788744044669257e-10,-8.404076812953664187e-14,7.082865172020835764e-03,2.401980838737755725e-02,3.744793803609067785e-12,-1.693694321489816121e-02,1.271139782291542135e-11
1.706783455469480515e+00,-3.805063769847923383e-01,-1.714898471668908214e-02,-4.057134214440408226e-01,1.113501883799731517e-09,-1.182231891327925055e+00,3.805063763729408244e-01,-1.578590660693373394e-14,8.396828708439954547e-03,-7.939669249882500002e-02,3.992607403820236726e-11,8.779352120725575359e-02,-1.055585726808515202e-10,-8.050439342059546256e-14,7.052152776394125105e-03,2.420986219060365652e-02,3.636870253963802012e-12,-1.715770941374668290e-02,1.298121484545586892e-11
1.708363810520840964e+00,-3.805063769847923938e-01,-1.713570595239348807e-02,-4.058388660967175987e-01,1.113564985669132667e-09,-1.182093167910952758e+00,3.805063763727740689e-01,-1.591034125581036946e-14,8.407949263826269490e-03,-7.935828228877429835e-02,3.993173621239522259e-11,8.776623155259212494e-02,-1.055378445420341372e-10,-7.697332883073687910e-14,7.021316447841004400e-03,2.439969691001422913e-02,3.528805056797726407e-12,-1.737838046170611314e-02,1.325104235626610982e-11
1.709944165572201635e+00,-3.805063769847923938e-01,-1.712240965223067735e-02,-4.059642498106582620e-01,1.113628096351773286e-09,-1.181954487896849537e+00,3.805063763726073134e-01,-1.602919985199185431e-14,8.419020989181652537e-03,-7.931957224621669078e-02,3.993722749376629464e-11,8.773859323539061339e-02,-1.055166899727591879e-10,-7.344770664463571419e-14,6.990356559680407575e-03,2.458931158048261595e-02,3.420598949147047123e-12,-1.759895502033083370e-02,1.352087868510957494e-11
1.711524520623562085e+00,-3.805063769847924493e-01,-1.710909589352360358e-02,-4.060895721122960156e-01,1.113691215577406232e-09,-1.181815851836504505e+00,3.805063763724405024e-01,-1.614249110071284384e-14,8.430043689534632428e-03,-7.928056271966871238e-02,3.994254766021185035e-11,8.771060640919636775e-02,-1.054951089604126075e-10,-6.992765880649351508e-14,6.959273487679537573e-03,2.477870523903448821e-02,3.312252671912608218e-12,-1.781943175087933456e-02,1.379072215883033889e-11
1.713104875674922978e+00,-3.805063769847924493e-01,-1.709576475390282499e-02,-4.062148325286164541e-01,1.113754343075434256e-09,-1.181677260280563413e+00,3.805063763722738579e-01,-1.625022391545448337e-14,8.441017170509551235e-03,-7.924125405916723763e-02,3.994769649080219740e-11,8.768227122967058029e-02,-1.054731014950269860e-10,-6.641331691487148937e-14,6.928067610048303099e-03,2.496787692484105092e-02,3.203766969860639673e-12,-1.803980931431290943e-02,1.406057110135047692e-11
1.714685230726283427e+00,-3.805063769847924493e-01,-1.708241631130565097e-02,-4.063400305871590068e-01,1.113817478574911868e-09,-1.181538713779423766e+00,3.805063763721072134e-01,-1.635240741739364762e-14,8.451941238330361664e-03,-7.920164661626589997e-02,3.995267376578767478e-11,8.765358785459080593e-02,-1.054506675692861433e-10,-6.290481221756486555e-14,6.896739307433583620e-03,2.515682567921284640e-02,3.095142591622949645e-12,-1.826008637129521855e-02,1.433042383366860607e-11
1.716265585777644320e+00,-3.805063769847925048e-01,-1.706905064397510816e-02,-4.064651658160205461e-01,1.113880621804548433e-09,-1.181400212883231715e+00,3.805063763719405689e-01,-1.644905093484504244e-14,8.462815699824498966e-03,-7.916174074403141414e-02,3.995747926660468858e-11,8.762455644385122588e-02,-1.054278071785291496e-10,-5.940227560646283936e-14,6.865288962913417177e-03,2.534555054559260029e-02,2.986380289697360675e-12,-1.848026158219094953e-02,1.460027867385737288e-11
1.717845940829004769e+00,-3.805063769847925048e-01,-1.705566783045906615e-02,-4.065902377438562754e-01,1.113943772492706733e-09,-1.181261758141879614e+00,3.805063763717739245e-01,-1.654016400269418424e-14,8.473640362426728551e-03,-7.912153679704103659e-02,3.996211277588211627e-11,8.759517715946388283e-02,-1.054045203207562051e-10,-5.590583761246810765e-14,6.833716961991332176e-03,2.553405056954984043e-02,2.877480820447672533e-12,-1.870033360706611220e-02,1.487013393706279589e-11
1.719426295880365441e+00,-3.805063769847925048e-01,-1.704226794960920013e-02,-4.067152458998840037e-01,1.114006930367408747e-09,-1.181123350105002245e+00,3.805063763716073910e-01,-1.662575636182336803e-14,8.484415034182943294e-03,-7.908103513137818008e-02,3.996657407744699346e-11,8.756545016555797312e-02,-1.053808069966316909e-10,-5.241562840038377491e-14,6.802023692590361721e-03,2.572232479877300387e-02,2.768444944104014412e-12,-1.892030110568607842e-02,1.513998793550132042e-11
1.721006650931725890e+00,-3.805063769847926158e-01,-1.702885108058007843e-02,-4.068401898138843675e-01,1.114070095156334830e-09,-1.180984989321972822e+00,3.805063763714408576e-01,-1.670583795852871809e-14,8.495139523754012892e-03,-7.904023610462992955e-02,3.997086295633100865e-11,8.753537562838160924e-02,-1.053566672094902307e-10,-4.893177776386505370e-14,6.770209545047348523e-03,2.591037228306354578e-02,2.659273424762870780e-12,-1.914016273751550229e-02,1.540983897845871670e-11
1.722587005983086783e+00,-3.805063769847926158e-01,-1.701541730282815287e-02,-4.069650690162050499e-01,1.114133266586826813e-09,-1.180846676341900103e+00,3.805063763712743796e-01,-1.678041894392991494e-14,8.505813640419575966e-03,-7.899914007588323961e-02,3.997497919877637098e-11,8.750495371630127861e-02,-1.053321009653403351e-10,-4.545441512034970996e-14,6.738274912106878567e-03,2.609819207432918092e-02,2.549967030386874584e-12,-1.935991716171748742e-02,1.567968537228857421e-11
1.724167361034447232e+00,-3.805063769847926713e-01,-1.700196669611078737e-02,-4.070898830377622235e-01,1.114196444385890073e-09,-1.180708411713625505e+00,3.805063763711079572e-01,-1.684950967337152248e-14,8.516437194081844311e-03,-7.895774740572159001e-02,3.997892259224196890e-11,8.747418459980269012e-02,-1.053071082728694427e-10,-4.198366950603120784e-14,6.706220188915416880e-03,2.628578322657687191e-02,2.440526532804889646e-12,-1.957956303715253574e-02,1.594952542041033059e-11
1.725747716085807903e+00,-3.805063769847926713e-01,-1.698849934048527605e-02,-4.072146314100429376e-01,1.114259628280194770e-09,-1.180570195985719328e+00,3.805063763709414792e-01,-1.691312070581651173e-14,8.527009995269381123e-03,-7.891605845622184923e-02,3.998269292540952228e-11,8.744306845149128760e-02,-1.052816891434483658e-10,-3.851966957084212232e-14,6.674045773015303655e-03,2.647314479590633096e-02,2.330952707711726315e-12,-1.979909902237802014e-02,1.621935742330800508e-11
1.727328071137168353e+00,-3.805063769847926158e-01,-1.697501531630786487e-02,-4.073393136651077273e-01,1.114322817996077298e-09,-1.180432029706477204e+00,3.805063763707751678e-01,-1.697126280323194960e-14,8.537531855140936474e-03,-7.887407359095127690e-02,3.998628998818980567e-11,8.741160544609309635e-02,-1.052558435911366806e-10,-3.506254357345579663e-14,6.641752064338762515e-03,2.666027584050364996e-02,2.221246334667786046e-12,-2.001852377564782015e-02,1.648917967852920974e-11
1.728908426188529246e+00,-3.805063769847926713e-01,-1.696151470423270732e-02,-4.074639293355928893e-01,1.114386013259544211e-09,-1.180293913423916763e+00,3.805063763706088009e-01,-1.702394692996672646e-14,8.548002585489152677e-03,-7.883179317496349925e-02,3.998971357172850320e-11,8.737979576045434849e-02,-1.052295716326861385e-10,-3.161241937629845041e-14,6.609339465201730969e-03,2.684717542063385504e-02,2.111408197098741507e-12,-2.023783595491101400e-02,1.675899048068319138e-11
1.730488781239889695e+00,-3.805063769847927269e-01,-1.694799758521090688e-02,-4.075884779547128134e-01,1.114449213796272639e-09,-1.180155847685774972e+00,3.805063763704425450e-01,-1.707118425212134782e-14,8.558421998744352929e-03,-7.878921757479578902e-02,3.999296346841245765e-11,8.734763957354266251e-02,-1.052028732875462114e-10,-2.816942444059807105e-14,6.576808380297921586e-03,2.703384259863393646e-02,2.001439082295423490e-12,-2.045703421781086551e-02,1.702878812143913197e-11
1.732069136291250588e+00,-3.805063769847927269e-01,-1.693446404048948306e-02,-4.077129590562622585e-01,1.114512419331612357e-09,-1.180017833039504138e+00,3.805063763702762891e-01,-1.711298613691002664e-14,8.568789907978295248e-03,-7.874634715846554056e-02,3.999603947187577739e-11,8.731513706644718209e-02,-1.051757485778683437e-10,-2.473368582143516020e-14,6.544159216692462498e-03,2.722027643890714138e-02,1.891339781412515516e-12,-2.067611722168552491e-02,1.729857088952661388e-11
1.733649491342611038e+00,-3.805063769847927824e-01,-1.692091415161035492e-02,-4.078373721746188507e-01,1.114575629590588056e-09,-1.179879870032268352e+00,3.805063763701101442e-01,-1.714936415201497549e-14,8.579106126907912536e-03,-7.870318229546706401e-02,3.999894137700588511e-11,8.728228842237917284e-02,-1.051481975285106571e-10,-2.130533016281865464e-14,6.511392383815897862e-03,2.740647600791482758e-02,1.781111089468729937e-12,-2.089508362356578414e-02,1.756833707073266344e-11
1.735229846393971709e+00,-3.805063769847927824e-01,-1.690734800040932448e-02,-4.079617168447451925e-01,1.114638844297901001e-09,-1.179741959210941271e+00,3.805063763699439994e-01,-1.718033006493287942e-14,8.589370469899073463e-03,-7.865972335676860161e-02,4.000166897994980572e-11,8.724909382667271618e-02,-1.051202201670430168e-10,-1.788448369278384358e-14,6.478508293457941117e-03,2.759244037417010048e-02,1.670753805345822424e-12,-2.111393208017504561e-02,1.783808494790137280e-11
1.736810201445332158e+00,-3.805063769847928379e-01,-1.689376566901505325e-02,-4.080859926021913608e-01,1.114702063177932128e-09,-1.179604101122100790e+00,3.805063763697778545e-01,-1.720589584231356234e-14,8.599582751970247935e-03,-7.861597071480862231e-02,4.000422207811998244e-11,8.721555346678476484e-02,-1.050918165237509993e-10,-1.447127221850712981e-14,6.445507359761074723e-03,2.777816860823133921e-02,1.560268731787480444e-12,-2.133266124792919383e-02,1.810781280093364797e-11
1.738390556496693051e+00,-3.805063769847928379e-01,-1.688016723984800405e-02,-4.082101989830972388e-01,1.114765285954742052e-09,-1.179466296312027707e+00,3.805063763696118206e-01,-1.722607364929113395e-14,8.609742788796267976e-03,-7.857192474349287969e-02,4.000660047020057113e-11,8.718166753229590615e-02,-1.050629866316408819e-10,-1.106582112143583908e-14,6.412389999214431792e-03,2.796365978269403640e-02,1.449656675399103542e-12,-2.155126978293461087e-02,1.837751890678460769e-11
1.739970911548053500e+00,-3.805063769847928934e-01,-1.686655279561944526e-02,-4.083343355241946249e-01,1.114828512352075815e-09,-1.179328545326701727e+00,3.805063763694457868e-01,-1.724087584880732374e-14,8.619850396712024423e-03,-7.852758581819130335e-02,4.000880395615359891e-11,8.714743621491095882e-02,-1.050337305264445794e-10,-7.668255352451157023e-15,6.379156630647413173e-03,2.814891297218472671e-02,1.338918446646507639e-12,-2.176975634098840193e-02,1.864720153946379022e-11
1.741551266599414394e+00,-3.805063769847929489e-01,-1.685292241933035104e-02,-4.084584017628097863e-01,1.114891742093361651e-09,-1.179190848711797468e+00,3.805063763692798640e-01,-1.725031500092718840e-14,8.629905392716135867e-03,-7.848295431573447389e-02,4.001083233722482553e-11,8.711285970845909776e-02,-1.050040482466237154e-10,-4.278699427030736222e-15,6.345807675223158820e-03,2.833392725335422135e-02,1.228054859854540472e-12,-2.198811957757825994e-02,1.891685897003500150e-11
1.743131621650774843e+00,-3.805063769847929489e-01,-1.683927619427039515e-02,-4.085823972368657353e-01,1.114954974901715739e-09,-1.179053207012681570e+00,3.805063763691139411e-01,-1.725440386214727129e-14,8.639907594474664429e-03,-7.843803061441073643e-02,4.001268541595011520e-11,8.707793820889477010e-02,-1.049739398333748313e-10,-8.972774204525418213e-16,6.312343556432406869e-03,2.851870170486920861e-02,1.117066733206863494e-12,-2.220635814788012377e-02,1.918648946661347494e-11
1.744711976702135514e+00,-3.805063769847929489e-01,-1.682561420401684771e-02,-4.087063214848843384e-01,1.115018210499942824e-09,-1.178915620774409367e+00,3.805063763689480183e-01,-1.725315538469600588e-14,8.649856820324732659e-03,-7.839281509396238412e-02,4.001436299616111705e-11,8.704267191429736206e-02,-1.049434053306330697e-10,2.475887036999145729e-15,6.278764700086753373e-03,2.870323540740612675e-02,1.005954888743959850e-12,-2.242447070675883738e-02,1.945609129436686014e-11
1.746292331753495963e+00,-3.805063769847930044e-01,-1.681193653243356553e-02,-4.088301740459888145e-01,1.115081448610538906e-09,-1.178778090541721779e+00,3.805063763687822065e-01,-1.724658271582700371e-14,8.659752889278291357e-03,-7.834730813558385409e-02,4.001586488299208931e-11,8.700706102487326676e-02,-1.049124447850787656e-10,5.840670764786540713e-15,6.245071534312439387e-03,2.888752744364472130e-02,8.947201523620761708e-13,-2.264245590876791392e-02,1.972566271551485455e-11
1.747872686804856857e+00,-3.805063769847930044e-01,-1.679824326366988890e-02,-4.089539544599058440e-01,1.115144688955693104e-09,-1.178640616859040868e+00,3.805063763686164502e-01,-1.723469919710422014e-14,8.669595621025672286e-03,-7.830151012191712001e-02,4.001719088288526312e-11,8.697110574295482954e-02,-1.048810582461400837e-10,9.196951036875678021e-15,6.211264489543661012e-03,2.907157689825906610e-02,7.833633538122112155e-13,-2.286031240814722157e-02,1.999520198932687059e-11
1.749453041856217306e+00,-3.805063769847930599e-01,-1.678453448215956254e-02,-4.090776622669682339e-01,1.115207931257288889e-09,-1.178503200270468287e+00,3.805063763684507494e-01,-1.721751836368005513e-14,8.679384835939238027e-03,-7.825542143704904141e-02,4.001834080359714975e-11,8.693480627300122221e-02,-1.048492457659984075e-10,1.254460558645111530e-14,6.177343998515993917e-03,2.925538285791172421e-02,6.718853266981771649e-13,-2.307803885882375727e-02,2.026470737212316326e-11
1.751033396907578199e+00,-3.805063769847930599e-01,-1.677081027261967047e-02,-4.092012970081165268e-01,1.115271175236908434e-09,-1.178365841319779728e+00,3.805063763682850486e-01,-1.719505394356600086e-14,8.689120355077099497e-03,-7.820904246650869918e-02,4.001931445420489953e-11,8.689816282159963656e-02,-1.048170073995935870e-10,1.588351261062253859e-14,6.143310496259878593e-03,2.943894441124664252e-02,5.602869084752215273e-13,-2.329563391441101528e-02,2.053417711727427768e-11
1.752613751958938648e+00,-3.805063769847931154e-01,-1.675707072004955361e-02,-4.093248582249019440e-01,1.115334420615831992e-09,-1.178228540550424475e+00,3.805063763681194589e-01,-1.716731985689567840e-14,8.698802000186632230e-03,-7.816237359726363465e-02,4.002011164511207278e-11,8.686117559746503458e-02,-1.047843432046277641e-10,1.921355077509880625e-14,6.109164420094008452e-03,2.962226064888063767e-02,4.485689404488138318e-13,-2.351309622820713444e-02,2.080360947519929130e-11
1.754194107010299319e+00,-3.805063769847931709e-01,-1.674331590972968908e-02,-4.094483454594883831e-01,1.115397667115041616e-09,-1.178091298505518303e+00,3.805063763679539246e-01,-1.713433021518057268e-14,8.708429593708162664e-03,-7.811541521771704633e-02,4.002073218805484362e-11,8.682384481144087007e-02,-1.047512532415704656e-10,2.253459921885828312e-14,6.074906209618506289e-03,2.980533066339770970e-02,3.367322677722416351e-13,-2.373042445319597030e-02,2.107300269336756196e-11
1.755774462061659769e+00,-3.805063769847931709e-01,-1.672954592722063205e-02,-4.095717582546545277e-01,1.115460914455223227e-09,-1.177954115727842810e+00,3.805063763677883348e-01,-1.709609932055852258e-14,8.718002958778513917e-03,-7.806816771770451469e-02,4.002117589610804875e-11,8.678617067649961603e-02,-1.047177375736630482e-10,2.584653755877473825e-14,6.040536306708347951e-03,2.998815354934062510e-02,2.247777394453681346e-13,-2.394761724204533954e-02,2.134235501629703800e-11
1.757354817113020662e+00,-3.805063769847932265e-01,-1.671576085836187428e-02,-4.096950961537963454e-01,1.115524162356767446e-09,-1.177816992759842307e+00,3.805063763676229116e-01,-1.705264166503480833e-14,8.727521919234652176e-03,-7.802063148849129604e-02,4.002144258369138484e-11,8.674815340774345851e-02,-1.046837962669238307e-10,2.914924589423880449e-14,6.006055155506607318e-03,3.017072840320416185e-02,1.127062083126078381e-13,-2.416467324710692283e-02,2.161166468555471061e-11
1.758935172164381111e+00,-3.805063769847932265e-01,-1.670196078927075473e-02,-4.098183587009295858e-01,1.115587410539774344e-09,-1.177679930143618048e+00,3.805063763674574329e-01,-1.700397192971580786e-14,8.736986299617208185e-03,-7.797280692276854774e-02,4.002153206657518586e-11,8.670979322240421339e-02,-1.046494293901518675e-10,3.244260481175531154e-14,5.971463202417603283e-03,3.035305432342706722e-02,5.185310610589447647e-16,-2.438159112041517196e-02,2.188092993975594500e-11
1.760515527215742004e+00,-3.805063769847932265e-01,-1.668814580634136666e-02,-4.099415454406910020e-01,1.115650658724051584e-09,-1.177542928420927115e+00,3.805063763672921207e-01,-1.695010498403592889e-14,8.746395925174097613e-03,-7.792469441465123270e-02,4.002144416188695005e-11,8.667109033984472799e-02,-1.046146370149328550e-10,3.572649538950232133e-14,5.936760896100136062e-03,3.053513041038622561e-02,-1.117844317819329601e-13,-2.459836951368814598e-02,2.215014901456610564e-11
1.762095882267102454e+00,-3.805063769847932820e-01,-1.667431599624337804e-02,-4.100646559183419582e-01,1.115713906629121453e-09,-1.177405988133177983e+00,3.805063763671268084e-01,-1.689105588497654513e-14,8.755750621864021727e-03,-7.787629435967391434e-02,4.002117868811689112e-11,8.663204498155829825e-02,-1.045794192156423503e-10,3.900079920189436343e-14,5.901948687460603811e-03,3.071695576638703087e-02,-2.242018158502127777e-13,-2.481500707832486399e-02,2.241932014269813940e-11
1.763676237318463125e+00,-3.805063769847932820e-01,-1.666047144592095255e-02,-4.101876896797698735e-01,1.115777153974218379e-09,-1.177269109821427628e+00,3.805063763669614962e-01,-1.682683987627854269e-14,8.765050216360075613e-03,-7.782760715478878599e-02,4.002073546512445221e-11,8.659265737117018136e-02,-1.045437760694517680e-10,4.226539832409947144e-14,5.867027029646124450e-03,3.089852949565809886e-02,-3.367327529417061810e-13,-2.503150246540681093e-02,2.268844155391513136e-11
1.765256592369823574e+00,-3.805063769847933375e-01,-1.664661224259162201e-02,-4.103106462714902758e-01,1.115840400478294306e-09,-1.177132294026377979e+00,3.805063763667963506e-01,-1.675747238764724610e-14,8.774294536053222834e-03,-7.777863319836186839e-02,4.002011431414403164e-11,8.655292773443734600e-02,-1.045077076563320767e-10,4.552017533654340212e-14,5.831996378037629727e-03,3.107985070434206992e-02,-4.493763710200998255e-13,-2.524785432569568930e-02,2.295751147502848566e-11
1.766836947421184467e+00,-3.805063769847933375e-01,-1.663273847374509978e-02,-4.104335252406499102e-01,1.115903645860019731e-09,-1.176995541288371694e+00,3.805063763666312604e-01,-1.668296903395032351e-14,8.783483409055894975e-03,-7.772937289017045615e-02,4.001931505779131591e-11,8.651285629924959641e-02,-1.044712140590590981e-10,4.876501332939779320e-14,5.796857190242869079e-03,3.126091850048935000e-02,-5.621317942176621642e-13,-2.546406130963417558e-02,2.322652812989966069e-11
1.768417302472544916e+00,-3.805063769847933375e-01,-1.661885022714219839e-02,-4.105563261350279602e-01,1.115966889837785565e-09,-1.176858852147390833e+00,3.805063763664661702e-01,-1.660334561440886974e-14,8.792616664205417723e-03,-7.767982663139988420e-02,4.001833752006908942e-11,8.647244329562950305e-02,-1.044342953632178110e-10,5.199979590702458682e-14,5.761609926089379663e-03,3.144173199405028707e-02,-6.749981428376652130e-13,-2.568012206734506669e-02,2.349548973944019810e-11
1.769997657523905588e+00,-3.805063769847934485e-01,-1.660494759081363944e-02,-4.106790485030389348e-01,1.116030132129705612e-09,-1.176722227143051303e+00,3.805063763663011356e-01,-1.651861811178111829e-14,8.801694131067572258e-03,-7.762999482464053025e-02,4.001718152637344476e-11,8.643168895573327681e-02,-1.043969516572070428e-10,5.522440719242054759e-14,5.726255047617545731e-03,3.162229029686700055e-02,-7.879745333565785177e-13,-2.589603524863010042e-02,2.376439452161126728e-11
1.771578012575266037e+00,-3.805063769847934485e-01,-1.659103065305891564e-02,-4.108016918937347772e-01,1.116093372453619258e-09,-1.176585666814600639e+00,3.805063763661362120e-01,-1.642880269153936281e-14,8.810715639940090715e-03,-7.757987787388501144e-02,4.001584690349977977e-11,8.639059351385125485e-02,-1.043591830322443942e-10,5.843873183162642704e-14,5.690793019073473250e-03,3.180259252266652570e-02,-9.010600784269739797e-13,-2.611179950297020172e-02,2.403324069142503207e-11
1.773158367626626930e+00,-3.805063769847934485e-01,-1.657709950244512856e-02,-4.109242558568068082e-01,1.116156610527092923e-09,-1.176449171700914675e+00,3.805063763659712883e-01,-1.633391570103999020e-14,8.819681021856075331e-03,-7.752947618452485368e-02,4.001433347964878815e-11,8.634915720640806702e-02,-1.043209895823704005e-10,6.164265499810683302e-14,5.655224306901796005e-03,3.198263778705335431e-02,-1.014253886880504999e-12,-2.632741347952525027e-02,2.430202646094555231e-11
1.774738722677987379e+00,-3.805063769847935040e-01,-1.656315422780582636e-02,-4.110467399425881130e-01,1.116219846067422328e-09,-1.176312742340494211e+00,3.805063763658064757e-01,-1.623397366868641399e-14,8.828590108587556357e-03,-7.747879016334803526e-02,4.001264108443262452e-11,8.630738027196373230e-02,-1.042823714044538697e-10,6.483606239712152251e-14,5.619549379738766198e-03,3.216242520750075412e-02,-1.127555063729890415e-12,-2.654287582713223126e-02,2.457075003928768847e-11
1.776319077729348272e+00,-3.805063769847935040e-01,-1.654919491823983110e-02,-4.111691437020559281e-01,1.116283078791636638e-09,-1.176176379271460348e+00,3.805063763656417186e-01,-1.612899330308531508e-14,8.837442732648878238e-03,-7.742782021853578112e-02,4.001076954888084332e-11,8.626526295121379750e-02,-1.042433285981961217e-10,6.801884027005776260e-14,5.583768708404865388e-03,3.234195390334444753e-02,-1.240962710172672362e-12,-2.675818519430639766e-02,2.483940963261979642e-11
1.777899432780708722e+00,-3.805063769847935040e-01,-1.653522166311006264e-02,-4.112914666868335289e-01,1.116346308416496802e-09,-1.176040083031552719e+00,3.805063763654770170e-01,-1.601899149219575107e-14,8.846238727300160393e-03,-7.737656675965925990e-02,4.000871870544633128e-11,8.622280548698955938e-02,-1.042038612661353184e-10,7.119087539875056827e-14,5.547882765897637486e-03,3.252122299577395181e-02,-1.354475923593734970e-12,-2.697334022923972979e-02,2.510800344416321369e-11
1.779479787832069393e+00,-3.805063769847936150e-01,-1.652123455204235203e-02,-4.114137084491925611e-01,1.116409534658501556e-09,-1.175903854158125705e+00,3.805063763653123710e-01,-1.590398530247192953e-14,8.854977926550761450e-03,-7.732503019767737740e-02,4.000648838801156939e-11,8.618000812425928581e-02,-1.041639695136518658e-10,7.435205510976836280e-14,5.511892027384513934e-03,3.270023160782550148e-02,-1.468093797568467683e-12,-2.718833957980103591e-02,2.537652967419366827e-11
1.781060142883429842e+00,-3.805063769847935595e-01,-1.650723367492426541e-02,-4.115358685420552054e-01,1.116472757233888038e-09,-1.175767693188145113e+00,3.805063763651477804e-01,-1.578399197799882157e-14,8.863660165162672369e-03,-7.727321094493332099e-02,4.000407843189445551e-11,8.613687111012817421e-02,-1.041236534489726276e-10,7.750226727868004632e-14,5.475796970195496646e-03,3.287897886437388811e-02,-1.581815421865830030e-12,-2.740318189353508141e-02,2.564498652004178588e-11
1.782640497934790735e+00,-3.805063769847935595e-01,-1.649321912190390010e-02,-4.116579465189966203e-01,1.116535975858634271e-09,-1.175631600658183284e+00,3.805063763649832453e-01,-1.565902893962107634e-14,8.872285278653944257e-03,-7.722110941515186733e-02,4.000148867385436603e-11,8.609339469383896215e-02,-1.040829131831755267e-10,8.064140033429997624e-14,5.439598073815792370e-03,3.305746389212504271e-02,-1.695639882451763743e-12,-2.761786581766260268e-02,2.591337217609449235e-11
1.784220852986151185e+00,-3.805063769847936705e-01,-1.647919098338870847e-02,-4.117799419342463851e-01,1.116599190248461028e-09,-1.175495577104418432e+00,3.805063763648188213e-01,-1.552911378406567524e-14,8.880853103302069340e-03,-7.716872602343638476e-02,3.999871895209819172e-11,8.604957912677264897e-02,-1.040417488301943525e-10,8.376934326289553677e-14,5.403295819878554604e-03,3.323568581960797963e-02,-1.809566261492273684e-12,-2.783238999907947445e-02,2.618168483379559192e-11
1.785801208037512078e+00,-3.805063769847936150e-01,-1.646514935004427319e-02,-4.119018543426917200e-01,1.116662400118835340e-09,-1.175359623062628422e+00,3.805063763646543973e-01,-1.539426428305740105e-14,8.889363476147420923e-03,-7.711606118626637696e-02,3.999576910628643817e-11,8.600542466244900930e-02,-1.040001605068237248e-10,8.688598561238641587e-14,5.366890692157461583e-03,3.341364377716750378e-02,-1.923593637357062913e-12,-2.804675308435680692e-02,2.644992268164749278e-11
1.787381563088872527e+00,-3.805063769847936705e-01,-1.645109431279309642e-02,-4.120236832998787624e-01,1.116725605184971124e-09,-1.175223739068190332e+00,3.805063763644900843e-01,-1.525449838242794266e-14,8.897816234996545892e-03,-7.706311532149384691e-02,3.999263897753893854e-11,8.596093155652666240e-02,-1.039581483327228800e-10,8.999121749650568878e-14,5.330383176559294264e-03,3.359133689695535663e-02,-2.037721084622678237e-12,-2.826095371973956841e-02,2.671808390521126837e-11
1.788961918140233198e+00,-3.805063769847937261e-01,-1.643702596281340286e-02,-4.121454283620151759e-01,1.116788805161832695e-09,-1.175087925656074006e+00,3.805063763643258268e-01,-1.510983420121850578e-14,8.906211218425599471e-03,-7.700988884834109038e-02,3.998932840844107028e-11,8.591610006680400202e-02,-1.039157124304210355e-10,9.308492959894228443e-14,5.293773761116416302e-03,3.376876431292387404e-02,-2.151947674076696199e-12,-2.847499055114773026e-02,2.698616668710971738e-11
1.790542273191593647e+00,-3.805063769847936705e-01,-1.642294439153791849e-02,-4.122670890859723714e-01,1.116851999764137246e-09,-1.174952183360841174e+00,3.805063763641615693e-01,-1.496029003077583520e-14,8.914548265783682826e-03,-7.695638218739769831e-02,3.998583724304977163e-11,8.587093045321975149e-02,-1.038728529253220161e-10,9.616701317745442170e-14,5.257062935979479532e-03,3.394592516081653549e-02,-2.266272472720569739e-12,-2.868886222417412271e-02,2.725416920702657530e-11
1.792122628242954541e+00,-3.805063769847937816e-01,-1.640884969065263196e-02,-4.123886650292873379e-01,1.116915188706356092e-09,-1.174816512716641004e+00,3.805063763639974783e-01,-1.480588433384162314e-14,8.922827217196165062e-03,-7.690259576061755920e-02,3.998216532689931896e-11,8.582542297785311636e-02,-1.038295699457083775e-10,9.923736006796075567e-14,5.220251193409682772e-03,3.412281857816128194e-02,-2.380694543774096911e-12,-2.890256738408547924e-02,2.752208964170962281e-11
1.793702983294314990e+00,-3.805063769847937816e-01,-1.639474195209558380e-02,-4.125101557501649752e-01,1.116978371702717357e-09,-1.174680914257206110e+00,3.805063763638334984e-01,-1.464663574363573929e-14,8.931047913568017360e-03,-7.684852999131605578e-02,3.997831250700744011e-11,8.577957790492450607e-02,-1.037858636227464469e-10,1.022958626885999569e-13,5.183339027771361948e-03,3.429944370426183525e-02,-2.495212946678826537e-12,-2.911610467582118056e-02,2.778992616497114787e-11
1.795283338345675883e+00,-3.805063769847937261e-01,-1.638062126805562430e-02,-4.126315608074803687e-01,1.117041548467209281e-09,-1.174545388515850775e+00,3.805063763636694629e-01,-1.448256306293309947e-14,8.939210196587185284e-03,-7.679418530416799726e-02,3.997427863188149242e-11,8.573339550079671356e-02,-1.037417340904915568e-10,1.053424140437695150e-13,5.146326935524431906e-03,3.447579968019062052e-02,-2.609826737102189267e-12,-2.932947274399376816e-02,2.805767694769033352e-11
1.796863693397036332e+00,-3.805063769847938371e-01,-1.636648773097115761e-02,-4.127528797607807887e-01,1.117104718713581672e-09,-1.174409936025465839e+00,3.805063763635055940e-01,-1.431368526313336197e-14,8.947313908727787604e-03,-7.673956212520337272e-02,3.997006355152381357e-11,8.568687603397374952e-02,-1.036971814858909413e-10,1.083769077281396145e-13,5.109215415216581888e-03,3.465188564877946797e-02,-2.724534966941352369e-12,-2.954267023288734834e-02,2.832534015781371350e-11
1.798444048448397004e+00,-3.805063769847938371e-01,-1.635234143352892744e-02,-4.128741121702877437e-01,1.117167882155348588e-09,-1.174274557318516710e+00,3.805063763633417251e-01,-1.414002148332560830e-14,8.955358893253519831e-03,-7.668466088180607432e-02,3.996566711743838421e-11,8.564001977510325714e-02,-1.036522059487903137e-10,1.113992379306339291e-13,5.072004967475837907e-03,3.482770075461313897e-02,-2.839336684327502648e-12,-2.975569578645867810e-02,2.859291396035819014e-11
1.800024403499757453e+00,-3.805063769847938926e-01,-1.633818246866274720e-02,-4.129952575968993123e-01,1.117231038505790204e-09,-1.174139252927038690e+00,3.805063763631779672e-01,-1.396159102934567335e-14,8.963344994220832224e-03,-7.662948200270990051e-02,3.996108918263614655e-11,8.559282699697547125e-02,-1.036068076219369303e-10,1.144092994383876204e-13,5.034696095002766034e-03,3.500324414401949358e-02,-2.954230933629584917e-12,-2.996854804833503846e-02,2.886039651741094393e-11
1.801604758551118346e+00,-3.805063769847938926e-01,-1.632401092955224065e-02,-4.131163156021921967e-01,1.117294187477955292e-09,-1.174004023382635431e+00,3.805063763630142648e-01,-1.377841337282801662e-14,8.971272056482312504e-03,-7.657402591799696012e-02,3.995632960164155065e-11,8.554529797452507800e-02,-1.035609866509855613e-10,1.174069876406795260e-13,4.997289302562751140e-03,3.517851496506395337e-02,-3.069216755459405638e-12,-3.018122566181647565e-02,2.912778598813408315e-11
1.803185113602478795e+00,-3.805063769847938926e-01,-1.630982690962159282e-02,-4.132372857484238327e-01,1.117357328784665354e-09,-1.173868869216472932e+00,3.805063763628506179e-01,-1.359050815025045897e-14,8.979139925689843052e-03,-7.651829305909392531e-02,3.995138823049799575e-11,8.549743298483067355e-02,-1.035147431845020194e-10,1.203921985328397467e-13,4.959785096978317279e-03,3.535351236753871140e-02,-3.184293186674973952e-12,-3.039372726987265433e-02,2.939508052876331584e-11
1.804765468653839466e+00,-3.805063769847939481e-01,-1.629563050253827333e-02,-4.133581675985344983e-01,1.117420462138514004e-09,-1.173733790959278878e+00,3.805063763626870821e-01,-1.339789516197400325e-14,8.986948448297902084e-03,-7.646228385876999156e-02,3.994626492677400826e-11,8.544923230711586049e-02,-1.034680773739684719e-10,1.233648287201201017e-13,4.922183987121273724e-03,3.552823550295683419e-02,-3.299459260385784654e-12,-3.060605151514482827e-02,2.966227829261257044e-11
1.806345823705200138e+00,-3.805063769847939481e-01,-1.628142180221179430e-02,-4.134789607161495906e-01,1.117483587251871725e-09,-1.173598789141337306e+00,3.805063763625235462e-01,-1.320059437127547468e-14,8.994697471566774627e-03,-7.640599875113375516e-02,3.994095954956909669e-11,8.540069622274960859e-02,-1.034209893737876666e-10,1.263247754215493608e-13,4.884486483904939072e-03,3.570268352454281091e-02,-3.414714005956824843e-12,-3.081819703994418194e-02,2.992937743007437700e-11
1.807926178756560809e+00,-3.805063769847939481e-01,-1.626720090279238501e-02,-4.135996646655812903e-01,1.117546703836887523e-09,-1.173463864292486170e+00,3.805063763623602324e-01,-1.299862590337447037e-14,9.002386843565786043e-03,-7.634943817163075686e-02,3.993547195951969046e-11,8.535182501524672671e-02,-1.033734793412878183e-10,1.292719364737572130e-13,4.846693100276294221e-03,3.587685558722494839e-02,-3.530056449013370607e-12,-3.103016248625203172e-02,3.019637608862262342e-11
1.809506533807921258e+00,-3.805063769847940036e-01,-1.625296789866974984e-02,-4.137202790118313378e-01,1.117609811605491407e-09,-1.173329016942113334e+00,3.805063763621968631e-01,-1.279201004445477263e-14,9.010016413176492184e-03,-7.629260255704070626e-02,3.992980201880502075e-11,8.530261897026848728e-02,-1.033255474367270149e-10,1.322062103347633234e-13,4.808804351208089377e-03,3.605075084762731502e-02,-3.645485611445743306e-12,-3.124194649571968366e-02,3.046327241281484308e-11
1.811086888859282151e+00,-3.805063769847940036e-01,-1.623872288449383292e-02,-4.138408033206141257e-01,1.117672910269399558e-09,-1.173194247619154584e+00,3.805063763620336048e-01,-1.258126871719241924e-14,9.017585906694923839e-03,-7.623549246563333937e-02,3.992394960624554473e-11,8.525307837238066400e-02,-1.032771939043049483e-10,1.332581794450648574e-13,4.770360761087281271e-03,3.622392055779003611e-02,-3.760944252058756374e-12,-3.145355979601412860e-02,3.072976258039962460e-11
1.812667243910642600e+00,-3.805063769847940036e-01,-1.622446595641795566e-02,-4.139612371595706719e-01,1.117735999540267983e-09,-1.173059556852122043e+00,3.805063763618704575e-01,-1.237271753453480011e-14,9.025093625590913798e-03,-7.617810984519317319e-02,3.991791477657968094e-11,8.520320347083756851e-02,-1.032284199270303213e-10,1.306724666634616677e-13,4.730930918682889688e-03,3.639594329646569926e-02,-3.876378558097126077e-12,-3.166501237713076344e-02,3.099556118786908566e-11
1.814247598962003272e+00,-3.805063769847940591e-01,-1.621019721275611739e-02,-4.140815800989120499e-01,1.117799079129778123e-09,-1.172924945169118605e+00,3.805063763617073103e-01,-1.216824738020574138e-14,9.032538961011445447e-03,-7.612045558458541139e-02,3.991169745293405831e-11,8.515299454565131154e-02,-1.031792259760726684e-10,1.280934956235140899e-13,4.691412172061803013e-03,3.656769148819582343e-02,-3.991897226631802376e-12,-3.187627931551841043e-02,3.126125509657876929e-11
1.815827954013363721e+00,-3.805063769847940591e-01,-1.619591675220713803e-02,-4.142018317096934354e-01,1.117862148749419306e-09,-1.172790413097788420e+00,3.805063763615443295e-01,-1.196784753249917077e-14,9.039921772905107344e-03,-7.606253011831788646e-02,3.990529750276559173e-11,8.510245189127839394e-02,-1.031296122183442157e-10,1.255213515013266535e-13,4.651805089546332331e-03,3.673916434043909829e-02,-4.107499270205075522e-12,-3.208735925031350189e-02,3.152684246919684373e-11
1.817408309064724614e+00,-3.805063769847941146e-01,-1.618162467369047008e-02,-4.143219915636579542e-01,1.117925208110473238e-09,-1.172655961165307126e+00,3.805063763613814043e-01,-1.177150713543937263e-14,9.047241922120082686e-03,-7.600433388215044328e-02,3.989871479509508441e-11,8.505157580432681774e-02,-1.030795788236642643e-10,1.229561190436991696e-13,4.612110241181624146e-03,3.691036106205360101e-02,-4.223183697617114293e-12,-3.229825082032891648e-02,3.179232146531531529e-11
1.818988664116085063e+00,-3.805063769847941146e-01,-1.616732107634473448e-02,-4.144420592332380693e-01,1.117988256924015658e-09,-1.172521589898381178e+00,3.805063763612185346e-01,-1.157921519946175914e-14,9.054499270406711486e-03,-7.594586731309155292e-02,3.989194920051240428e-11,8.500036658355539232e-02,-1.030291259647621234e-10,1.203978825651542020e-13,4.572328198725831433e-03,3.708128086328540268e-02,-4.338949513930741677e-12,-3.250895266405261219e-02,3.205769024145023517e-11
1.820569019167445957e+00,-3.805063769847941146e-01,-1.615300605952636054e-02,-4.145620342915579126e-01,1.118051294900919231e-09,-1.172387299823242746e+00,3.805063763610557204e-01,-1.139096060209843460e-14,9.061693680420286959e-03,-7.588713084939693876e-02,3.988500059118282995e-11,8.494882452987513599e-02,-1.029782538172832760e-10,1.178467259449892772e-13,4.532459535640588275e-03,3.725192295575897872e-02,-4.454795720476299396e-12,-3.271946341964740435e-02,3.232294695104314702e-11
1.822149374218806406e+00,-3.805063769847941701e-01,-1.613867972280809415e-02,-4.146819163124353391e-01,1.118114321751855204e-09,-1.172253091465647046e+00,3.805063763608930172e-01,-1.120673208866817737e-14,9.068825015723695759e-03,-7.582812493056693970e-02,3.987786884085275703e-11,8.489694994634923442e-02,-1.029269625597935274e-10,1.153027326243456283e-13,4.492504827081107190e-03,3.742228655246770952e-02,-4.570721314857286311e-12,-3.292978172495145128e-02,3.258808974446367833e-11
1.823729729270166855e+00,-3.805063769847941701e-01,-1.612434216597757874e-02,-4.148017048703835918e-01,1.118177337187297748e-09,-1.172118965350868125e+00,3.805063763607303695e-01,-1.102651827297144997e-14,9.075893140790141506e-03,-7.576884999734492809e-02,3.987055382485586314e-11,8.484474313819431734e-02,-1.028752523737848083e-10,1.127659856033045688e-13,4.452464649886577440e-03,3.759237086776415215e-02,-4.686725290955463674e-12,-3.313990621747814336e-02,3.285311676901121421e-11
1.825310084321527526e+00,-3.805063769847941701e-01,-1.610999348903591546e-02,-4.149213995406135780e-01,1.118240340917524165e-09,-1.171984922003696417e+00,3.805063763605678884e-01,-1.085030763798927937e-14,9.082897921005719105e-03,-7.570930649171433990e-02,3.986305542011851697e-11,8.479220441277993126e-02,-1.028231234436786262e-10,1.102365674379933194e-13,4.412339582570330883e-03,3.776217511734886872e-02,-4.802806638935916767e-12,-3.334983553441472903e-02,3.311802616891545309e-11
1.826890439372887975e+00,-3.805063769847942257e-01,-1.609563379219623031e-02,-4.150409998990355342e-01,1.118303332652619024e-09,-1.171850961948434522e+00,3.805063763604054072e-01,-1.067808853658758986e-14,9.089839222672150415e-03,-7.564949485689757835e-02,3.985537350516620180e-11,8.473933407963013531e-02,-1.027705759568324236e-10,1.077145602377269718e-13,4.372130205310095427e-03,3.793169851826217603e-02,-4.918964345252998641e-12,-3.355956831262373041e-02,3.338281608534010327e-11
1.828470794424248869e+00,-3.805063769847942257e-01,-1.608126317588221693e-02,-4.151605055222611917e-01,1.118366312102476022e-09,-1.171717085708894990e+00,3.805063763602430371e-01,-1.050984919222535564e-14,9.096716913009311734e-03,-7.558941553735294694e-02,3.984750796012893741e-11,8.468613245042319604e-02,-1.027176101035433140e-10,1.052000456621601698e-13,4.331837099938093232e-03,3.810094028887354989e-02,-5.035197392655882894e-12,-3.376910318864245752e-02,3.364748465638453074e-11
1.830051149475609318e+00,-3.805063769847942257e-01,-1.606688174072666217e-02,-4.152799159876056634e-01,1.118429278976800880e-09,-1.171583293808394766e+00,3.805063763600807780e-01,-1.034557769966734603e-14,9.103530860157896601e-03,-7.552906897877312287e-02,3.983945866674727073e-11,8.463259983899235062e-02,-1.026642260770532255e-10,1.026931049184623445e-13,4.291460849931366152e-03,3.826989964887109186e-02,-5.151504760193688311e-12,-3.397843879868192585e-02,3.391203001708465748e-11
1.831631504526970211e+00,-3.805063769847942257e-01,-1.605248958757002353e-02,-4.153992308730894423e-01,1.118492232985113615e-09,-1.171449586769754303e+00,3.805063763599185189e-01,-1.018526202570166081e-14,9.110280933181981455e-03,-7.546845562808275620e-02,3.983122550837816945e-11,8.457873656132647300e-02,-1.026104240735539284e-10,1.001938187585198577e-13,4.251002040401831439e-03,3.843857581925243239e-02,-5.267885423221745726e-12,-3.418757377862789715e-02,3.417645029941660625e-11
1.833211859578330660e+00,-3.805063769847942257e-01,-1.603808681745896511e-02,-4.155184497574400670e-01,1.118555173836751026e-09,-1.171315965115292457e+00,3.805063763597564264e-01,-1.002889000986138013e-14,9.116967002071619045e-03,-7.540757593343673515e-02,3.982280837000080583e-11,8.452454293557040699e-02,-1.025562042921917272e-10,9.770226747615498306e-14,4.210461258086507438e-03,3.860696802231434327e-02,-5.384338353407091020e-12,-3.439650676404008844e-02,3.444074363229803177e-11
1.834792214629691331e+00,-3.805063769847942257e-01,-1.602367353164483796e-02,-4.156375722200946754e-01,1.118618101240869792e-09,-1.171182429366823818e+00,3.805063763595943893e-01,-9.876449365150445929e-15,9.123588937745411021e-03,-7.534643034421800722e-02,3.981420713822244392e-11,8.447001928202572951e-02,-1.025015669350724495e-10,9.521853090436436324e-14,4.169839091337564085e-03,3.877507548164332157e-02,-5.500862518734693209e-12,-3.460523639015282427e-02,3.470490814159142305e-11
1.836372569681051781e+00,-3.805063769847942812e-01,-1.600924983158229231e-02,-4.157565978412011698e-01,1.118681014906448128e-09,-1.171048980045654497e+00,3.805063763594324633e-01,-9.727927678774383800e-15,9.130146612052981656e-03,-7.528501931103517841e-02,3.980542170128404887e-11,8.441516592315068124e-02,-1.024465122072656721e-10,9.274268841258707702e-14,4.129136130112487889e-03,3.894289742210456373e-02,-5.617456883513039528e-12,-3.481376129187383622e-02,3.496894195010520839e-11
1.837952924732412674e+00,-3.805063769847942812e-01,-1.599481581892775450e-02,-4.158755262016207155e-01,1.118743914542289506e-09,-1.170915617672580344e+00,3.805063763592705928e-01,-9.583312412874953354e-15,9.136639897777638908e-03,-7.522334328572145845e-02,3.979645194906654894e-11,8.435998318356179027e-02,-1.023910403168108991e-10,9.027481890398890050e-14,4.088352965964178395e-03,3.911043306983384704e-02,-5.734120408380802959e-12,-3.502208010378596997e-02,3.523284317759828554e-11
1.839533279783773123e+00,-3.805063769847943367e-01,-1.598037159553794551e-02,-4.159943568829295168e-01,1.118806799857024313e-09,-1.170782342767881401e+00,3.805063763591088333e-01,-9.442590905268932251e-15,9.143068668638730176e-03,-7.516140272133135791e-02,3.978729777309597951e-11,8.430447139003287294e-02,-1.023351514747204702e-10,8.781500081276562715e-14,4.047490192031009959e-03,3.927768165222505353e-02,-5.850852050312262526e-12,-3.523019146014476355e-02,3.549660994077994411e-11
1.841113634835134016e+00,-3.805063769847943367e-01,-1.596591726346842030e-02,-4.161130894674208158e-01,1.118869670559112947e-09,-1.170649155851320788e+00,3.805063763589471293e-01,-9.305750370191650730e-15,9.149432799294270405e-03,-7.509919807213982779e-02,3.977795906654984855e-11,8.424863087149694896e-02,-1.022788458949860873e-10,8.536331210147762670e-14,4.006548403026903918e-03,3.944464239792251636e-02,-5.967650762624253552e-12,-3.543809399488061923e-02,3.576024035331505485e-11
1.842693989886494466e+00,-3.805063769847943367e-01,-1.595145292497208642e-02,-4.162317235381064462e-01,1.118932526356848306e-09,-1.170516057442138713e+00,3.805063763587855363e-01,-9.172777899044453093e-15,9.155732165343341208e-03,-7.503672979363971984e-02,3.976843572426257786e-11,8.419246195904590835e-02,-1.022221237945826536e-10,8.291983025840201138e-14,3.965528195231366945e-03,3.961131453680979964e-02,-6.084515494982214801e-12,-3.564578634159758230e-02,3.602373252582550431e-11
1.844274344937855137e+00,-3.805063769847943922e-01,-1.593697868249768432e-02,-4.163502586787192761e-01,1.118995366958358262e-09,-1.170383048059051356e+00,3.805063763586240544e-01,-9.043660461145929948e-15,9.161966643328623566e-03,-7.497399834254005191e-02,3.975872764273147431e-11,8.413596498593146900e-02,-1.021649853934735852e-10,8.048463229489936781e-14,3.924430166479540676e-03,3.977769730000010190e-02,-6.201445193406662135e-12,-3.585326713357372269e-02,3.628708456589346476e-11
1.845854699989215586e+00,-3.805063769847943922e-01,-1.592249463868833370e-02,-4.164686944737148733e-01,1.119058192071608562e-09,-1.170250128220246433e+00,3.805063763584626280e-01,-8.918384904488208621e-15,9.168136110738769190e-03,-7.491100417676387069e-02,3.974883472012226807e-11,8.407914028756534319e-02,-1.021074309146151539e-10,7.805779474282066385e-14,3.883254916152225310e-03,3.994378991982588945e-02,-6.318438800279642783e-12,-3.606053500376069088e-02,3.655029457806387575e-11
1.847435055040576479e+00,-3.805063769847943367e-01,-1.590800089638000001e-02,-4.165870305082735037e-01,1.119121001404405304e-09,-1.170117298443379417e+00,3.805063763583013126e-01,-8.796937956496285424e-15,9.174240446010905464e-03,-7.484774775544644765e-02,3.973875685627498041e-11,8.402198820151984826e-02,-1.020494605839614635e-10,7.563939365191613719e-14,3.842003045165810413e-03,4.010959162982943166e-02,-6.435495254351611286e-12,-3.626758858478434933e-02,3.681336066384819226e-11
1.849015410091936928e+00,-3.805063769847943922e-01,-1.589349755860002336e-02,-4.167052663683016855e-01,1.119183794664397426e-09,-1.169984559245570876e+00,3.805063763581400527e-01,-8.679306224792416092e-15,9.180279528533018957e-03,-7.478422953893346103e-02,3.972849395270971398e-11,8.396450906752879473e-02,-1.019910746304695934e-10,7.322950458728636581e-14,3.800675155962383520e-03,4.027510166475246900e-02,-6.552613490747861142e-12,-3.647442650894441168e-02,3.707628092172694380e-11
1.850595765143297600e+00,-3.805063769847943922e-01,-1.587898472856558510e-02,-4.168234016404347431e-01,1.119246571559080420e-09,-1.169851911143403367e+00,3.805063763579789038e-01,-8.565476197963587517e-15,9.186253238646387501e-03,-7.472044998877912236e-02,3.971804591263234611e-11,8.390670322748755572e-02,-1.019322732861040452e-10,7.082820262683730178e-14,3.759271852499603689e-03,4.044031926052637366e-02,-6.669792440975515454e-12,-3.668104740821453297e-02,3.733905344715315300e-11
1.852176120194658271e+00,-3.805063769847943922e-01,-1.586446250968222976e-02,-4.169414359120381941e-01,1.119309331795796752e-09,-1.169719354652916321e+00,3.805063763578178659e-01,-8.455434246333777858e-15,9.192161457647915132e-03,-7.465640956774394210e-02,3.970741264094005418e-11,8.384857102545355267e-02,-1.018730567858412527e-10,6.843556235877459653e-14,3.717793740240653115e-03,4.060524365426197713e-02,-6.787031032930386718e-12,-3.688744991424237202e-02,3.760167633255554736e-11
1.853756475246018942e+00,-3.805063769847944477e-01,-1.584993100554232467e-02,-4.170593687712099706e-01,1.119372075081740822e-09,-1.169586890289604719e+00,3.805063763576569391e-01,-8.349166622739634012e-15,9.198004067792567642e-03,-7.459210873979339740e-02,3.969659404422733844e-11,8.379011280764729619e-02,-1.018134253676750887e-10,6.605165787910876834e-14,3.676241426144283286e-03,4.076987408423957820e-02,-6.904328190903794592e-12,-3.709363265834950130e-02,3.786414766734171293e-11
1.855336830297379391e+00,-3.805063769847944477e-01,-1.583539031992358195e-02,-4.171771998067819176e-01,1.119434801123961033e-09,-1.169454518568413759e+00,3.805063763574960678e-01,-8.246659463310502000e-15,9.203780952295646800e-03,-7.452754797009557286e-02,3.968559003079134708e-11,8.373132892245209458e-02,-1.017533792726207159e-10,6.367656278919425920e-14,3.634615518654648637e-03,4.093420978989863873e-02,-7.021682835589701952e-12,-3.729959427153118484e-02,3.812646553790134482e-11
1.856917185348740285e+00,-3.805063769847944477e-01,-1.582084055678749379e-02,-4.172949286083222908e-01,1.119497509629361444e-09,-1.169322240003737301e+00,3.805063763573353630e-01,-8.147898788251780054e-15,9.209491995335251924e-03,-7.446272772501996706e-02,3.967440051063802184e-11,8.367221972041563594e-02,-1.016929187447205841e-10,6.131035019327754152e-14,3.592916627691192244e-03,4.109825001182926263e-02,-7.139093884092388925e-12,-3.750533338445811993e-02,3.838862802761156575e-11
1.858497540400100734e+00,-3.805063769847944477e-01,-1.580628182027781631e-02,-4.174125547661370894e-01,1.119560200304705907e-09,-1.169190055109412762e+00,3.805063763571746582e-01,-8.052870502632586759e-15,9.215137082054465634e-03,-7.439764847213486965e-02,3.966302539548719686e-11,8.361278555424921100e-02,-1.016320440310476874e-10,5.895309269608018719e-14,3.551145364638700654e-03,4.126199399175922711e-02,-7.256560249932477417e-12,-3.771084862747327293e-02,3.865063321683682910e-11
1.860077895451461405e+00,-3.805063769847945032e-01,-1.579171421471908809e-02,-4.175300778712723870e-01,1.119622872856619102e-09,-1.169057964398718674e+00,3.805063763570141200e-01,-7.961560397177225204e-15,9.220716098563770322e-03,-7.433231068020643151e-02,3.965146459877883482e-11,8.355302677882950335e-02,-1.015707553817117680e-10,5.660486240040422663e-14,3.509302342336988352e-03,4.142544097254739766e-02,-7.374080843055797456e-12,-3.791613863059572348e-02,3.891247918293699037e-11
1.861658250502821854e+00,-3.805063769847945587e-01,-1.577713784461505855e-02,-4.176474975155157754e-01,1.119685526991591705e-09,-1.168925968384371128e+00,3.805063763568536372e-01,-7.873954149060058156e-15,9.226228931943270331e-03,-7.426671481919625006e-02,3.963971803567820975e-11,8.349294375119818701e-02,-1.015090530498629995e-10,5.426573090475348074e-14,3.467388175070913563e-03,4.158859019817126579e-02,-7.491654569839663744e-12,-3.812120202351807624e-02,3.917416400026788237e-11
1.863238605554182747e+00,-3.805063769847945587e-01,-1.576255281464715441e-02,-4.177648132913985290e-01,1.119748162415980803e-09,-1.168794067578520446e+00,3.805063763566933210e-01,-7.790037322704437993e-15,9.231675470244993936e-03,-7.420086136025978718e-02,3.962778562308172960e-11,8.343253683056274517e-02,-1.014469372916971184e-10,5.193576930098455399e-14,3.425403478560240522e-03,4.175144091371708194e-02,-7.609280333100530313e-12,-3.832603743560681481e-02,3.943568574018551569e-11
1.864818960605543197e+00,-3.805063769847945587e-01,-1.574795922967293926e-02,-4.178820247921977704e-01,1.119810778836013614e-09,-1.168662262492746740e+00,3.805063763565330048e-01,-7.709795370585191232e-15,9.237055602495177972e-03,-7.413475077574481487e-02,3.961566727962268129e-11,8.337180637829724739e-02,-1.013844083664604645e-10,4.961504817197862191e-14,3.383348869949336958e-03,4.191399236537164674e-02,-7.726957032102407731e-12,-3.853064349590439724e-02,3.969704247105228261e-11
1.866399315656904090e+00,-3.805063769847945587e-01,-1.573335719472461827e-02,-4.179991316119377465e-01,1.119873375957789972e-09,-1.168530553638058356e+00,3.805063763563728552e-01,-7.633213634034913265e-15,9.242369218696463995e-03,-7.406838353918955564e-02,3.960336292567660735e-11,8.331075275794246060e-02,-1.013214665364542458e-10,4.730363758934137143e-14,3.341224967797197694e-03,4.207624380041016104e-02,-7.844683562563541939e-12,-3.873501883312698707e-02,3.995823225823818491e-11
1.867979670708264539e+00,-3.805063769847945587e-01,-1.571874681500743526e-02,-4.181161333453918827e-01,1.119935953487285839e-09,-1.168398941524886991e+00,3.805063763562127055e-01,-7.560277344053606275e-15,9.247616209830130871e-03,-7.400176012532062864e-02,3.959087248336693465e-11,8.324937633520637648e-02,-1.012581120670391663e-10,4.500160711111831458e-14,3.299032392067164678e-03,4.223819446718675430e-02,-7.962458816664561662e-12,-3.893916207566541082e-02,4.021925316412585511e-11
1.869560025759625210e+00,-3.805063769847945587e-01,-1.570412819589813921e-02,-4.182330295880852811e-01,1.119998511130354963e-09,-1.168267426663084141e+00,3.805063763560527779e-01,-7.490971622122143144e-15,9.252796467858353385e-03,-7.393488101005196711e-02,3.957819587657073880e-11,8.318767747796505796e-02,-1.011943452266407630e-10,4.270902577953989578e-14,3.256771764116636603e-03,4.239984361512584565e-02,-8.080281683056953772e-12,-3.914307185158667768e-02,4.048010324811646310e-11
1.871140380810985659e+00,-3.805063769847946142e-01,-1.568950144294346122e-02,-4.183498199362954972e-01,1.120061048592732597e-09,-1.168136009561919320e+00,3.805063763558928502e-01,-7.425281481019284377e-15,9.257909885726365445e-03,-7.386774667048290333e-02,3.956533303092423718e-11,8.312565655626308336e-02,-1.011301662867538137e-10,4.042596211879218364e-14,3.214443706687170575e-03,4.256119049470971638e-02,-8.198151046869761517e-12,-3.934674678863149533e-02,4.074078056663067899e-11
1.872720735862346553e+00,-3.805063769847946142e-01,-1.567486666185852195e-02,-4.184665039870555936e-01,1.120123565580037362e-09,-1.168004690730074069e+00,3.805063763557330891e-01,-7.363191825642003511e-15,9.262956357364611135e-03,-7.380035758489614239e-02,3.955228387382815910e-11,8.306331394231357412e-02,-1.010655755219465765e-10,3.815248413280561803e-14,3.172048843893907240e-03,4.272223435747031506e-02,-8.316065789718793366e-12,-3.955018551421668471e-02,4.100128317311586570e-11
1.874301090913707002e+00,-3.805063769847945587e-01,-1.566022395852531557e-02,-4.185830813381548055e-01,1.120186061797774761e-09,-1.167873470675641734e+00,3.805063763555734391e-01,-7.304687453829510714e-15,9.267935777690987711e-03,-7.373271423275687408e-02,3.953904833445370412e-11,8.300065001049963809e-02,-1.010005732098665666e-10,3.588865930307252232e-14,3.129587801215585711e-03,4.288297445597886309e-02,-8.434024789714288971e-12,-3.975338665543472205e-02,4.126160911804958806e-11
1.875881445965067895e+00,-3.805063769847946142e-01,-1.564557343899108596e-02,-4.186995515881413721e-01,1.120248536951340077e-09,-1.167742349906120580e+00,3.805063763554139555e-01,-7.249753057190469676e-15,9.272848042612885644e-03,-7.366481709471016381e-02,3.952562634374753096e-11,8.293766513737373114e-02,-1.009351596312438913e-10,3.363455458648425500e-14,3.087061205484195950e-03,4.304341004383474556e-02,-8.552026921468924398e-12,-3.995634883905300333e-02,4.152175644894319290e-11
1.877461801016428344e+00,-3.805063769847946142e-01,-1.563091520946682453e-02,-4.188159143363242576e-01,1.120310990746020439e-09,-1.167611328928413350e+00,3.805063763552544720e-01,-7.198373221933836964e-15,9.277693049029407321e-03,-7.359666665258011997e-02,3.951201783443774169e-11,8.287435970165908661e-02,-1.008693350698969883e-10,3.139023641319687391e-14,3.044469684874769912e-03,4.320354037565658778e-02,-8.670071056106474910e-12,-4.015907069151512104e-02,4.178172321034756704e-11
1.879042156067789016e+00,-3.805063769847946142e-01,-1.561624937632565858e-02,-4.189321691827744276e-01,1.120373422886998750e-09,-1.167480408248822155e+00,3.805063763550950440e-01,-7.150532429702949901e-15,9.282470694833433109e-03,-7.352826338936795103e-02,3.949822274103913553e-11,8.281073408424974303e-02,-1.008030998127367619e-10,2.915577068451977848e-14,3.001813868895048670e-03,4.336336470707204127e-02,-8.788156061270219250e-12,-4.036155083894097523e-02,4.204150744385772553e-11
1.880622511119149465e+00,-3.805063769847946142e-01,-1.560157604610129360e-02,-4.190483157283272919e-01,1.120435833079354515e-09,-1.167349588373044922e+00,3.805063763549358380e-01,-7.106215058412954477e-15,9.287180878913755058e-03,-7.345960778925048063e-02,3.948424099985886348e-11,8.274678866821139067e-02,-1.007364541497715844e-10,2.693122277082815024e-14,2.959094388375346427e-03,4.352288229470708397e-02,-8.906280801131067655e-12,-4.056378790712625304e-02,4.230110718811669553e-11
1.882202866170510358e+00,-3.805063769847946697e-01,-1.558689532548645021e-02,-4.191643535745842586e-01,1.120498221028069219e-09,-1.167218869806172954e+00,3.805063763547766875e-01,-7.065405383091455767e-15,9.291823501157130821e-03,-7.339070033757862099e-02,3.947007254900178557e-11,8.268252383878160749e-02,-1.006693983741118332e-10,2.471665750949827977e-14,2.916311875458162985e-03,4.368209239617645845e-02,-9.024444136396376506e-12,-4.076578052154317122e-02,4.256052047882101579e-11
1.883783221221870807e+00,-3.805063769847946697e-01,-1.557220732133127172e-02,-4.192802823239146770e-01,1.120560586438027776e-09,-1.167088253052687152e+00,3.805063763546176481e-01,-7.028087576722526522e-15,9.296398462450342765e-03,-7.332154152087549948e-02,3.945571732837591865e-11,8.261793998337037259e-02,-1.006019327819742332e-10,2.251213920287299666e-14,2.873466963587817911e-03,4.384099427007396438e-02,-9.142644924318932606e-12,-4.096752730734122550e-02,4.281974534872624901e-11
1.885363576273231700e+00,-3.805063769847947253e-01,-1.555751214064174034e-02,-4.193961015794578917e-01,1.120622929014021003e-09,-1.166957738616454465e+00,3.805063763544587196e-01,-6.994245711093813617e-15,9.300905664682302190e-03,-7.325213182683566748e-02,3.944117527969817491e-11,8.255303749156113480e-02,-1.005340576726873368e-10,2.031773161624336885e-14,2.830560287500389141e-03,4.399958717596154367e-02,-9.260882018704964872e-12,-4.116902688934627463e-02,4.307877982765047150e-11
1.886943931324592150e+00,-3.805063769847946697e-01,-1.554280989057807774e-02,-4.195118109451247967e-01,1.120685248460749560e-09,-1.166827327000723891e+00,3.805063763542998467e-01,-6.963863757646733684e-15,9.305345010745971410e-03,-7.318247174432218616e-02,3.942644634649915698e-11,8.248781675510989675e-02,-1.004657733486945744e-10,1.813349797585790486e-14,2.787592483213101671e-03,4.415787037435903173e-02,-9.379154269923421046e-12,-4.137027789206091516e-02,4.333762194247985022e-11
1.888524286375952821e+00,-3.805063769847946697e-01,-1.552810067845322717e-02,-4.196274100255995565e-01,1.120747544482826007e-09,-1.166697018708124256e+00,3.805063763541411404e-01,-6.936925588330196526e-15,9.309716404540520004e-03,-7.311256176336700108e-02,3.941153047412944578e-11,8.242227816794776840e-02,-1.003970801155611041e-10,1.595950096696991477e-14,2.744564188014197645e-03,4.431584312673635118e-02,-9.497460524915339704e-12,-4.157127893966683363e-02,4.359626971717584826e-11
1.890104641427313270e+00,-3.805063769847947253e-01,-1.551338461173113782e-02,-4.197428984263419927e-01,1.120809816784778328e-09,-1.166566814240659333e+00,3.805063763539825450e-01,-6.913414976456766902e-15,9.314019750973243431e-03,-7.304240237516786138e-02,3.939642760976435682e-11,8.235642212617984292e-02,-1.003279782819765263e-10,1.379580273187832530e-14,2.701476040452562705e-03,4.447350469550015450e-02,-9.615799627201786030e-12,-4.177202865602181597e-02,4.385472117277691801e-11
1.891684996478674163e+00,-3.805063769847947253e-01,-1.549866179802528166e-02,-4.198582757535891941e-01,1.120872065071051789e-09,-1.166436714099706284e+00,3.805063763538240607e-01,-6.893315597562459014e-15,9.318254955961540603e-03,-7.297199407208752875e-02,3.938113770240954303e-11,8.229024902808623754e-02,-1.002584681597603119e-10,1.164246486802856498e-14,2.658328680327312447e-03,4.463085434398611495e-02,-9.734170416893907226e-12,-4.197252566466239815e-02,4.411297432740658553e-11
1.893265351530034613e+00,-3.805063769847947253e-01,-1.548393234509703835e-02,-4.199735416143566824e-01,1.120934289046013487e-09,-1.166306718786010777e+00,3.805063763536656318e-01,-6.876611030269245469e-15,9.322421926434888012e-03,-7.290133734765230633e-02,3.936566070290637795e-11,8.222375927412275964e-02,-1.001885500638663518e-10,9.499548426120172032e-15,2.615122748677528065e-03,4.478789133644805326e-02,-9.852571730701672838e-12,-4.217276858880332491e-02,4.437102719627778681e-11
1.894845706581395284e+00,-3.805063769847947808e-01,-1.546919636085400222e-02,-4.200886956164416874e-01,1.120996488413953589e-09,-1.166176828799682541e+00,3.805063763535073695e-01,-6.863284757150539453e-15,9.326520570336845062e-03,-7.283043269655038732e-02,3.934999656393737755e-11,8.215695326692115663e-02,-1.001182243123874028e-10,7.367113908229554738e-15,2.571858887771802035e-03,4.494461493804779301e-02,-9.971002401943253241e-12,-4.237275605133781348e-02,4.462887779169844476e-11
1.896426061632755733e+00,-3.805063769847947808e-01,-1.545445395334852506e-02,-4.202037373684233690e-01,1.121058662879088646e-09,-1.166047044640195374e+00,3.805063763533492183e-01,-6.853320165599763721e-15,9.330550796626939716e-03,-7.275928061463098062e-02,3.933414524003157056e-11,8.208983141129012895e-02,-1.000474912265602320e-10,5.245221265990209991e-15,2.528537741097987637e-03,4.510102441484559882e-02,-1.008946126055438843e-11,-4.257248667483828908e-02,4.488652412307736288e-11
1.898006416684116626e+00,-3.805063769847947808e-01,-1.543970523077596579e-02,-4.203186664796659811e-01,1.121120812145566138e-09,-1.165917366806380251e+00,3.805063763531911780e-01,-6.846700548701560692e-15,9.334512515282566286e-03,-7.268788159890179901e-02,3.931810668756957130e-11,8.202239411421484439e-02,-9.997635113076898988e-11,3.133929898756277207e-15,2.485159953352596325e-03,4.525711903378959455e-02,-1.020794713309801529e-11,-4.277195908155637799e-02,4.514396419692978287e-11
1.899586771735477075e+00,-3.805063769847947808e-01,-1.542495030147318993e-02,-4.204334825603198156e-01,1.121182935917465096e-09,-1.165787795796423332e+00,3.805063763530332488e-01,-6.843409106106120121e-15,9.338405637300935258e-03,-7.261623614752889255e-02,3.930188086478925369e-11,8.195464178485849238e-02,-9.990480435255103940e-11,1.033298651831586612e-15,2.441726170430706840e-03,4.541289806270566720e-02,-1.032645884277327776e-11,-4.297117189342284510e-02,4.540119601688239296e-11
1.901167126786837969e+00,-3.805063769847947808e-01,-1.541018927391687478e-02,-4.205481852213235894e-01,1.121245033898799203e-09,-1.165658332107863293e+00,3.805063763528754306e-01,-6.843428944906117906e-15,9.342230074700957204e-03,-7.254434475983444208e-02,3.928546773179087587e-11,8.188657483456225628e-02,-9.983285122260088517e-11,-1.056614185310964691e-15,2.398237039415288853e-03,4.556836077028793980e-02,-1.044499520942580677e-11,-4.317012373204889147e-02,4.565821758368044942e-11
1.902747481838198418e+00,-3.805063769847947808e-01,-1.539542225672199151e-02,-4.206627740744055544e-01,1.121307105793522587e-09,-1.165528976237586223e+00,3.805063763527176679e-01,-6.846743080516494785e-15,9.345985740525062507e-03,-7.247220793629594038e-02,3.926886725054241167e-11,8.181819367684597943e-02,-9.976049207477492967e-11,-3.135750880750666196e-15,2.354693208567002795e-03,4.572350642608831450e-02,-1.056355504955698081e-11,-4.336881321872572415e-02,4.591502689519268793e-11
1.904327836889559089e+00,-3.805063769847948363e-01,-1.538064935864003925e-02,-4.207772487320865507e-01,1.121369151305529197e-09,-1.165399728681823621e+00,3.805063763525600717e-01,-6.853334437556996055e-15,9.349672548841118230e-03,-7.239982617854420766e-02,3.925207938488477857e-11,8.174949872740837342e-02,-9.968772724609564793e-11,-5.204054261855642091e-15,2.311095327313549518e-03,4.587833430050673733e-02,-1.068213717633415907e-11,-4.356723897442559695e-02,4.617162194641818661e-11
1.905908191940919538e+00,-3.805063769847948363e-01,-1.536587068855757750e-02,-4.208916088076805617e-01,1.121431170138657768e-09,-1.165270589936147072e+00,3.805063763524025866e-01,-6.863185850737306637e-15,9.353290414744199269e-03,-7.232719998936260053e-02,3.923510410053709169e-11,8.168049040412785067e-02,-9.961455707675647311e-11,-7.261467716949300990e-15,2.267444046239490071e-03,4.603284366478054002e-02,-1.080074039960002759e-11,-4.376539961980127624e-02,4.642800072949136141e-11
1.907488546992280432e+00,-3.805063769847948363e-01,-1.535108635549450352e-02,-4.210058539152971013e-01,1.121493161996694715e-09,-1.165141560495467354e+00,3.805063763522452680e-01,-6.876280065744973983e-15,9.356839254358498281e-03,-7.225432987268576301e-02,3.921794136510220194e-11,8.161116912706331550e-02,-9.954098191012673371e-11,-9.307935196986500476e-15,2.223740017075723739e-03,4.618703379097509332e-02,-1.091936352588292448e-11,-4.396329377518724824e-02,4.668416123368898422e-11
1.909068902043640881e+00,-3.805063769847948363e-01,-1.533629646860246339e-02,-4.211199836698431564e-01,1.121555126583375790e-09,-1.165012640854029335e+00,3.805063763520879494e-01,-6.892599740135749619e-15,9.360318984838999698e-03,-7.218121633359766975e-02,3.920059114807134897e-11,8.154153531845366454e-02,-9.946700209275488471e-11,-1.134340121718529564e-14,2.179983892689005970e-03,4.634090395197280887e-02,-1.103800535840665300e-11,-4.416092006059914310e-02,4.694010144543546260e-11
1.910649257095001774e+00,-3.805063769847948363e-01,-1.532150113716319699e-02,-4.212339976870248526e-01,1.121617063602391455e-09,-1.164883831505408196e+00,3.805063763519307973e-01,-6.912127444226734315e-15,9.363729524373406998e-03,-7.210785987833107091e-02,3.918305342082997725e-11,8.147158940271938266e-02,-9.939261797437438839e-11,-1.336781085864368031e-14,2.136176327071426413e-03,4.649445342146499988e-02,-1.115666469710139811e-11,-4.435827709573620520e-02,4.719581934831147997e-11
1.912229612146362223e+00,-3.805063769847948363e-01,-1.530670047058695429e-02,-4.213478955833488970e-01,1.121678972757386885e-09,-1.164755132942507876e+00,3.805063763517738118e-01,-6.934845661991745458e-15,9.367070792183780290e-03,-7.203426101426564643e-02,3.916532815666242772e-11,8.140133180646218214e-02,-9.931782990790712635e-11,-1.538110976991666515e-14,2.092317975330184460e-03,4.664768147393923148e-02,-1.127534033861273977e-11,-4.455536349997879508e-02,4.745131292305703934e-11
1.913809967197722894e+00,-3.805063769847948918e-01,-1.529189457841077099e-02,-4.214616769761251880e-01,1.121740853751967965e-09,-1.164626545657555523e+00,3.805063763516169373e-01,-6.960736791959587451e-15,9.370342708528421952e-03,-7.196042024992725661e-02,3.914741533075756656e-11,8.133076295846626558e-02,-9.924263824946886673e-11,-1.738324416859053480e-14,2.048409493676938038e-03,4.680058738467125778e-02,-1.139403107631288294e-11,-4.475217789239101934e-02,4.770658014758051060e-11
1.915390322249083344e+00,-3.805063769847948918e-01,-1.527708357029692980e-02,-4.215753414834680357e-01,1.121802706289701286e-09,-1.164498070142098829e+00,3.805063763514601738e-01,-6.989783148114278474e-15,9.373545194703510747e-03,-7.188633809498638783e-02,3.912931492021363835e-11,8.125988328969824259e-02,-9.916704335837289604e-11,-1.937416084280219081e-14,2.004451539417370989e-03,4.695317042971455801e-02,-1.151273570031091168e-11,-4.494871889172062651e-02,4.796161899696462115e-11
1.916970677300444237e+00,-3.805063769847948918e-01,-1.526226755603125700e-02,-4.216888887242977724e-01,1.121864530074120974e-09,-1.164369706887003142e+00,3.805063763513035213e-01,-7.021966960798091117e-15,9.376678173044867767e-03,-7.181201506025711168e-02,3.911102690404357815e-11,8.118869323330803189e-02,-9.909104559713509853e-11,-2.135380715275832424e-14,1.960444770940790796e-03,4.710542988588969915e-02,-1.163145299746298354e-11,-4.514498511639891687e-02,4.821642744347237539e-11
1.918551032351804686e+00,-3.805063769847948918e-01,-1.524744664552149867e-02,-4.218023183183434166e-01,1.121926324808727035e-09,-1.164241456382447915e+00,3.805063763511469244e-01,-7.057270377616696119e-15,9.379741566929623506e-03,-7.173745165769540577e-02,3.909255126317992286e-11,8.111719322462879189e-02,-9.901464533147762684e-11,-2.332213103221400281e-14,1.916389847709525085e-03,4.725736503077474643e-02,-1.175018175138320403e-11,-4.534097518454163755e-02,4.847100345655451872e-11
1.920131387403165579e+00,-3.805063769847949473e-01,-1.523262094879563461e-02,-4.219156298861438947e-01,1.121988090196992588e-09,-1.164113319117921597e+00,3.805063763509905495e-01,-7.095675464346912497e-15,9.382735300777999415e-03,-7.166264840039880679e-02,3.907388798048030427e-11,8.104538370117821133e-02,-9.893784293033438204e-11,-2.527908098993617522e-14,1.872287430248527167e-03,4.740897514269545865e-02,-1.186892074245422167e-11,-4.553668771394955850e-02,4.872534500285625841e-11
1.921711742454526028e+00,-3.805063769847949473e-01,-1.521779057600031182e-02,-4.220288230490493731e-01,1.122049825942364493e-09,-1.163985295582220747e+00,3.805063763508342300e-01,-7.137164205846247606e-15,9.385659300054846610e-03,-7.158760580260445372e-02,3.905503704073216004e-11,8.097326510265830113e-02,-9.886063876585456796e-11,-2.722460611112134561e-14,1.828138180134844526e-03,4.756025950071491454e-02,-1.198766874783797812e-11,-4.573212132210871528e-02,4.897945004622408136e-11
1.923292097505886700e+00,-3.805063769847949473e-01,-1.520295563739910635e-02,-4.221418974292242554e-01,1.122111531748267480e-09,-1.163857386263444482e+00,3.805063763506780772e-01,-7.181718506965311012e-15,9.388513491271425690e-03,-7.151232437968853273e-02,3.903599843065816214e-11,8.090083787095656009e-02,-9.878303321340782227e-11,-2.915865605881533711e-14,1.783942759987182727e-03,4.771121738462340972e-02,-1.210642454148636454e-11,-4.592727462619074219e-02,4.923331654771240386e-11
1.924872452557247149e+00,-3.805063769847949473e-01,-1.518811624337093082e-02,-4.222548526496479049e-01,1.122173207318106015e-09,-1.163729591648992701e+00,3.805063763505220353e-01,-7.229320193461845542e-15,9.391297801986924626e-03,-7.143680464816451470e-02,3.901677213892083738e-11,8.082810245014553086e-02,-9.870502665158762860e-11,-3.108118107528188023e-14,1.739701833455220385e-03,4.786184807492899901e-02,-1.222518689415262123e-11,-4.612214624305394084e-02,4.948694246559152027e-11
1.926452807608608042e+00,-3.805063769847950028e-01,-1.517327250440833088e-02,-4.223676883341170862e-01,1.122234852355269673e-09,-1.163601912225560975e+00,3.805063763503661045e-01,-7.279951012917367875e-15,9.394012160810196951e-03,-7.136104712568261399e-02,3.899735815612816382e-11,8.075505928648438192e-02,-9.862661946221693878e-11,-3.299213198336182657e-14,1.695416065209317917e-03,4.801215085284692846e-02,-1.234395457340185347e-11,-4.631673478924325238e-02,4.974032575535389736e-11
1.928033162659968491e+00,-3.805063769847950028e-01,-1.515842453111585462e-02,-4.224804041072474092e-01,1.122296466563132935e-09,-1.163474348479138332e+00,3.805063763502102292e-01,-7.333592635655580916e-15,9.396656497401253624e-03,-7.128505233102813698e-02,3.897775647483802335e-11,8.068170882841840807e-02,-9.854781203035128773e-11,-3.489146018779563306e-14,1.651086120929881086e-03,4.816212500028931726e-02,-1.246272634362216289e-11,-4.651103888099037548e-02,4.999346436972108905e-11
1.929613517711329385e+00,-3.805063769847949473e-01,-1.514357243420836642e-02,-4.225929995944753270e-01,1.122358049645061388e-09,-1.163346900895002811e+00,3.805063763500546314e-01,-7.390226655663225335e-15,9.399230742472989078e-03,-7.120882078412117677e-02,3.895796708956386267e-11,8.060805152658058470e-02,-9.846860474428468705e-11,-3.677911767652900254e-14,1.606712667296792199e-03,4.831176979985706693e-02,-1.258150096603656730e-11,-4.670505713421631289e-02,5.024635625865343631e-11
1.931193872762689834e+00,-3.805063769847950028e-01,-1.512871632444531649e-02,-4.227054744219959637e-01,1.122419601304414416e-09,-1.163219569957719024e+00,3.805063763498990337e-01,-7.449674893936601424e-15,9.401735268580513338e-03,-7.113235256958855279e-02,3.893799000745272906e-11,8.053408783815285688e-02,-9.838899803637111756e-11,-3.792334520005124568e-14,1.564316000286558594e-03,4.846308417727347717e-02,-1.270022829300841069e-11,-4.689876817864694486e-02,5.049881234322221890e-11
1.932774227814050505e+00,-3.805063769847950028e-01,-1.511385630662900013e-02,-4.228178282108256414e-01,1.122481121244694299e-09,-1.163092356151073092e+00,3.805063763497436580e-01,-7.508993525387152345e-15,9.404178082704420585e-03,-7.105564021535841490e-02,3.891782542246073057e-11,8.045981829804403629e-02,-9.830899304909372637e-11,-3.714717788162575541e-14,1.527145249084192226e-03,4.861928373086782385e-02,-1.281882841733804784e-11,-4.709213848339733471e-02,5.075052974668167742e-11
1.934354582865410954e+00,-3.805063769847950028e-01,-1.509899247475091251e-02,-4.229300605719976680e-01,1.122542609169667393e-09,-1.162965259958023134e+00,3.805063763495883378e-01,-7.567087994150495441e-15,9.406562088434563748e-03,-7.097868130442540335e-02,3.889747340690864297e-11,8.038524339283864562e-02,-9.822859045549254252e-11,-3.637412339423446460e-14,1.489891801909110428e-03,4.877511100349443685e-02,-1.293742865613458767e-11,-4.728521920315294919e-02,5.100199807268458159e-11
1.935934937916771847e+00,-3.805063769847950583e-01,-1.508412492185224642e-02,-4.230421711163302456e-01,1.122604064783126937e-09,-1.162838281860791856e+00,3.805063763494331286e-01,-7.623963234162122776e-15,9.408887155471730435e-03,-7.090147642582919629e-02,3.887693396160064090e-11,8.031036358127716102e-02,-9.814779065081378511e-11,-3.560420013124422354e-14,1.452556152518984234e-03,4.893056510533823344e-02,-1.305602776235344886e-11,-4.747800895434098334e-02,5.125321527658755961e-11
1.937515292968132297e+00,-3.805063769847950583e-01,-1.506925374117950786e-02,-4.231541594555735530e-01,1.122665487788869069e-09,-1.162711422340876100e+00,3.805063763492781415e-01,-7.679624208286436312e-15,9.411153154299365178e-03,-7.082402617001319622e-02,3.885620708931390573e-11,8.023517932428643473e-02,-9.806659403353676037e-11,-3.483742630997900135e-14,1.415138797730890706e-03,4.908564514931208073e-02,-1.317462448578997455e-11,-4.767050635305726536e-02,5.150417931082517895e-11
1.939095648019492968e+00,-3.805063769847950583e-01,-1.505437902618326704e-02,-4.232660252024119107e-01,1.122726877890696332e-09,-1.162584681879041515e+00,3.805063763491232098e-01,-7.734075908038346280e-15,9.413359956188556768e-03,-7.074633112882111607e-02,3.883529279480422191e-11,8.015969108498126328e-02,-9.798500100537972944e-11,-3.407381997128192300e-14,1.377640237415009815e-03,4.924035025105358288e-02,-1.329321757309198391e-11,-4.786271001506920558e-02,5.175488812492012450e-11
1.940676003070853417e+00,-3.805063769847950583e-01,-1.503950087051690414e-02,-4.233777679704660568e-01,1.122788234792419959e-09,-1.162458060955321004e+00,3.805063763489683892e-01,-7.787323353303894505e-15,9.415507433202702919e-03,-7.066839189549165012e-02,3.881419108481030031e-11,8.008389932866370742e-02,-9.790301197130298451e-11,-3.331339897908426730e-14,1.340060974488375099e-03,4.939467952891724717e-02,-1.341180576777071283e-11,-4.805461855581428382e-02,5.200533966548833620e-11
1.942256358122214310e+00,-3.805063769847951138e-01,-1.502461936803533779e-02,-4.234893873742955894e-01,1.122849558197863795e-09,-1.162331560049009838e+00,3.805063763488137352e-01,-7.839371592060503828e-15,9.417595458202431685e-03,-7.059020906465476863e-02,3.879290196805912259e-11,8.000780452282439670e-02,-9.782062733951449686e-11,-3.255618101998343888e-14,1.302401514908539323e-03,4.954863210396941164e-02,-1.353038781021270789e-11,-4.824623059040127060e-02,5.225553187624739711e-11
1.943836713173574759e+00,-3.805063769847951138e-01,-1.500973461279382637e-02,-4.236008830294002991e-01,1.122910847810866783e-09,-1.162205179638663655e+00,3.805063763486591921e-01,-7.890225700096126260e-15,9.419623904850352863e-03,-7.051178323232765166e-02,3.877142545527086546e-11,7.993140713714312617e-02,-9.773784752147441465e-11,-3.180218360283238825e-14,1.264662367667005946e-03,4.970220709998311032e-02,-1.364896243769208385e-11,-4.843754473361171209e-02,5.250546269802510251e-11
1.945417068224935653e+00,-3.805063769847951138e-01,-1.499484669904657154e-02,-4.237122545522239991e-01,1.122972103335286475e-09,-1.162078920202092913e+00,3.805063763485048156e-01,-7.939890780728484236e-15,9.421592647615852772e-03,-7.043311499590954039e-02,3.874976155916351486e-11,7.985470764348850947e-02,-9.765467293189883698e-11,-3.105142405832765596e-14,1.226844044782689214e-03,4.985540364343044040e-02,-1.376752838438188440e-11,-4.862855959989880600e-02,5.275513006876546343e-11
1.946997423276296102e+00,-3.805063769847951138e-01,-1.497995572124560977e-02,-4.238235015601546363e-01,1.123033324475001724e-09,-1.161952782216361113e+00,3.805063763483505501e-01,-7.988371964522606346e-15,9.423501561779885558e-03,-7.035420495417861464e-02,3.872791029445818443e-11,7.977770651591965800e-02,-9.757110398876557827e-11,-3.030391953862120886e-14,1.188947061295249352e-03,5.000822086347814222e-02,-1.388608438136652225e-11,-4.881927380338960121e-02,5.300453192353824506e-11
1.948577778327656773e+00,-3.805063769847951138e-01,-1.496506177403934129e-02,-4.239346236715282323e-01,1.123094510933917235e-09,-1.161826766157781465e+00,3.805063763481964512e-01,-8.035674409008918419e-15,9.425350523439705516e-03,-7.027505370728642786e-02,3.870587167788343237e-11,7.970040423068543156e-02,-9.748714111331710216e-11,-2.955968701692241878e-14,1.150971935258193572e-03,5.016065789198013297e-02,-1.400462915665373602e-11,-4.900968595788452592e-02,5.325366619454573930e-11
1.950158133379017222e+00,-3.805063769847951693e-01,-1.495016495227141293e-02,-4.240456205056301053e-01,1.123155662415964591e-09,-1.161700872501911785e+00,3.805063763480424077e-01,-8.081803298399733231e-15,9.427139409513708712e-03,-7.019566185675538139e-02,3.868364572818088368e-11,7.962280126622656162e-02,-9.740278473006726824e-11,-2.881874328712608622e-14,1.112919187732227741e-03,5.031271386347224706e-02,-1.412316143518666198e-11,-4.919979467685870606e-02,5.350253081113152771e-11
1.951738488430378116e+00,-3.805063769847951693e-01,-1.493526535097926787e-02,-4.241564916826972564e-01,1.123216778625107020e-09,-1.161575101723552716e+00,3.805063763478885863e-01,-8.126763843305841177e-15,9.428868097746073360e-03,-7.011603000547263209e-02,3.866123246610927563e-11,7.954489810317445786e-02,-9.731803526680351628e-11,-2.808110496343304553e-14,1.074789342777954931e-03,5.046438791516538042e-02,-1.424167993885654058e-11,-4.938959857346245791e-02,5.375112369978855942e-11
1.953318843481738565e+00,-3.805063769847951693e-01,-1.492036306539293485e-02,-4.242672368239205904e-01,1.123277859265342489e-09,-1.161449454296742845e+00,3.805063763477348204e-01,-8.170561280452083318e-15,9.430536466711542457e-03,-7.003615875768696986e-02,3.863863191444962110e-11,7.946669522435260979e-02,-9.723289315459257896e-11,-2.734678847999030240e-14,1.036582927449064030e-03,5.061567918693860718e-02,-1.436018338651439556e-11,-4.957909626052112856e-02,5.399944278416637607e-11
1.954899198533099458e+00,-3.805063769847951693e-01,-1.490545819093366635e-02,-4.243778555514470807e-01,1.123338904040705980e-09,-1.161323930694757145e+00,3.805063763475812211e-01,-8.213200872392634122e-15,9.432144395820211621e-03,-6.995604871900479305e-02,3.861584409801028158e-11,7.938819311477750273e-02,-9.714735882778545790e-11,-2.661581009053451921e-14,9.983004717850074705e-04,5.076658682133413508e-02,-1.447867049398428823e-11,-4.976828635053750366e-02,5.424748598508145154e-11
1.956479553584459907e+00,-3.805063769847951693e-01,-1.489055082321264975e-02,-4.244883474883814900e-01,1.123399912655273838e-09,-1.161198531390101651e+00,3.805063763474277883e-01,-8.254687907225435399e-15,9.433691765322096620e-03,-6.987570049638494596e-02,3.859286904363112891e-11,7.930939226165800715e-02,-9.706143272402040924e-11,-2.588818586804493512e-14,9.599425088038255477e-04,5.091710996354839591e-02,-1.459713997407485112e-11,-4.995716745568994782e-02,5.449525122052259449e-11
1.958059908635820578e+00,-3.805063769847952249e-01,-1.487564105802960217e-02,-4.245987122587893681e-01,1.123460884813166244e-09,-1.161073256854511015e+00,3.805063763472744665e-01,-8.295027698306565542e-15,9.435178456311985387e-03,-6.979511469813524938e-02,3.856970678018879917e-11,7.923029315439673870e-02,-9.697511528422859174e-11,-2.516393170440182723e-14,9.215095744945760864e-04,5.106724776142785444e-02,-1.471559053659313844e-11,-5.014573818783590875e-02,5.474273640566285847e-11
1.959640263687181028e+00,-3.805063769847952249e-01,-1.486072899137153881e-02,-4.247089494876983840e-01,1.123521820218550532e-09,-1.160948107558944065e+00,3.805063763471212557e-01,-8.334225583963472808e-15,9.436604350734048921e-03,-6.971429193390842050e-02,3.854635733860130680e-11,7.915089628459058557e-02,-9.688840695263844826e-11,-2.444306331006017138e-14,8.830022078100893679e-04,5.121699936546062620e-02,-1.483402088835628899e-11,-5.033399715851064049e-02,5.498993945286570698e-11
1.961220618738541921e+00,-3.805063769847952249e-01,-1.484581471941132970e-02,-4.248190588011007129e-01,1.123582718575644078e-09,-1.160823083973581582e+00,3.805063763469682669e-01,-8.372286927208154964e-15,9.437969331386492078e-03,-6.963323281469706305e-02,3.852282075183245836e-11,7.907120214603034769e-02,-9.680130817677906616e-11,-2.372559621372330939e-14,8.444209506591983036e-04,5.136636392876969825e-02,-1.495242973320479498e-11,-5.052194297892831365e-02,5.523685827169422234e-11
1.962800973789902370e+00,-3.805063769847952249e-01,-1.483089833850641595e-02,-4.249290398259552015e-01,1.123643579588719061e-09,-1.160698186567822088e+00,3.805063763468153892e-01,-8.409217115449690483e-15,9.439273281926331000e-03,-6.955193795283076685e-02,3.849909705489716461e-11,7.899121123470261019e-02,-9.671381940748641997e-11,-2.301154576203182224e-14,8.057663478992522360e-04,5.151534060710671187e-02,-1.507081577201523123e-11,-5.070957425998320195e-02,5.548349076892036622e-11
1.964381328841263263e+00,-3.805063769847952249e-01,-1.481597994519739427e-02,-4.250388921901895878e-01,1.123704402962103906e-09,-1.160573415810278952e+00,3.805063763466625670e-01,-8.445021560206179671e-15,9.440516086873889517e-03,-6.947040796197050117e-02,3.847518628486536961e-11,7.891092404878871647e-02,-9.662594109890560731e-11,-2.230092711925554940e-14,7.670389473281085876e-04,5.166392855884415630e-02,-1.518917770271339959e-11,-5.089688961224996672e-02,5.572983484853334194e-11
1.965961683892623713e+00,-3.805063769847952804e-01,-1.480105963620670373e-02,-4.251486155227022778e-01,1.123765188400187216e-09,-1.160448772168775511e+00,3.805063763465099114e-01,-8.479705696816381299e-15,9.441697631617595662e-03,-6.938864345710588077e-02,3.845108848086734983e-11,7.883034108866668332e-02,-9.653767370849724664e-11,-2.159375526699862735e-14,7.282392996764471688e-04,5.181212694496908217e-02,-1.530751422028726012e-11,-5.108388764598496140e-02,5.597588841174921040e-11
1.967542038943984384e+00,-3.805063769847953359e-01,-1.478613750843719640e-02,-4.252582094533646773e-01,1.123825935607420874e-09,-1.160324256110343732e+00,3.805063763463574777e-01,-8.513274984150774942e-15,9.442817802418495415e-03,-6.930664505455003122e-02,3.842680368409794055e-11,7.874946285691065972e-02,-9.644901769704047582e-11,-2.089004500390842203e-14,6.893679585997765716e-04,5.195993492907451106e-02,-1.542582401679976206e-11,-5.127056697112569034e-02,5.622164935701839292e-11
1.969122393995344833e+00,-3.805063769847953359e-01,-1.477121365897078771e-02,-4.253676736130234670e-01,1.123886644288324385e-09,-1.160199868101218668e+00,3.805063763462050996e-01,-8.545734904322232039e-15,9.443876486414946869e-03,-6.922441337193599442e-02,3.840233193782136968e-11,7.866828985829209253e-02,-9.635997352863803145e-11,-2.018981094539606697e-14,6.504254806703061234e-04,5.210735167735340567e-02,-1.554410578140246001e-11,-5.145692619729294592e-02,5.646711558003626299e-11
1.970702749046705726e+00,-3.805063769847953359e-01,-1.475628818506707386e-02,-4.254770076335018802e-01,1.123947314147486323e-09,-1.160075608606836672e+00,3.805063763460528325e-01,-8.577090962396128447e-15,9.444873571627161735e-03,-6.914194902821246824e-02,3.837767328737570386e-11,7.858682259977986528e-02,-9.627054167072033313e-11,-1.949306752336495629e-14,6.114124253687441141e-04,5.225437635859117580e-02,-1.566235820034890067e-11,-5.164296393379139843e-02,5.671228497375240686e-11
1.972283104098066175e+00,-3.805063769847953359e-01,-1.474136118416187642e-02,-4.255862111476030885e-01,1.124007944889569502e-09,-1.159951478091830523e+00,3.805063763459007875e-01,-8.607348686100285016e-15,9.445808946961831848e-03,-6.905925264363953209e-02,3.835282778017743674e-11,7.850506159054072841e-02,-9.618072259404959350e-11,-1.879982898594432431e-14,5.723293550761099011e-04,5.240100814415733083e-02,-1.578057995700757341e-11,-5.182867878960953356e-02,5.695715542837876603e-11
1.973863459149426847e+00,-3.805063769847953914e-01,-1.472643275386593606e-02,-4.256952837891108121e-01,1.124068536219311802e-09,-1.159827477020026754e+00,3.805063763457488535e-01,-8.636513625534152442e-15,9.446682502216720984e-03,-6.897632483978521911e-02,3.832779546572627755e-11,7.842300734194049272e-02,-9.609051677272502688e-11,-1.811010939723846979e-14,5.331768350654887689e-04,5.254724620799819390e-02,-1.589876973187523239e-11,-5.201406937342061693e-02,5.720172483139906588e-11
1.975443814200787518e+00,-3.805063769847953914e-01,-1.471150299196340855e-02,-4.258042251927925959e-01,1.124129087841532787e-09,-1.159703605854442543e+00,3.805063763455970305e-01,-8.664591352877915651e-15,9.447494128085147380e-03,-6.889316623952038143e-02,3.830257639560918364e-11,7.834066036754334938e-02,-9.599992468418573147e-11,-1.742392263707470542e-14,4.939554334931648902e-04,5.269308972663044183e-02,-1.601692620259156607e-11,-5.219913429358501167e-02,5.744599106758045434e-11
1.977024169252148189e+00,-3.805063769847953914e-01,-1.469657199641048566e-02,-4.259130349944013072e-01,1.124189599461133913e-09,-1.159579865057281056e+00,3.805063763454454295e-01,-8.691587462101079111e-15,9.448243716160646677e-03,-6.880977746701565090e-02,3.827717062350538169e-11,7.825802118311342426e-02,-9.590894680921628579e-11,-1.674128240076770929e-14,4.546657213905522590e-04,5.283853787913131428e-02,-1.613504804395129799e-11,-5.238387215814855474e-02,5.768995201897983496e-11
1.978604524303508638e+00,-3.805063769847953914e-01,-1.468163986533399176e-02,-4.260217128306768575e-01,1.124250070783103696e-09,-1.159456255089929222e+00,3.805063763452939396e-01,-8.717507568670583570e-15,9.448931158941418010e-03,-6.872615914773690105e-02,3.825157820519055535e-11,7.817509030661486114e-02,-9.581758363195039339e-11,-1.606220219888969500e-14,4.153082726552556614e-04,5.298358984713223002e-02,-1.625313392791884339e-11,-5.256828157484509656e-02,5.793360556495558321e-11
1.980184879354869532e+00,-3.805063769847954469e-01,-1.466670669702987984e-02,-4.261302583393490884e-01,1.124310501512520401e-09,-1.159332776412952848e+00,3.805063763451426162e-01,-8.742357309258829699e-15,9.449556349834896743e-03,-6.864231190844119479e-02,3.822579919854133009e-11,7.809186825821205769e-02,-9.572583563987504463e-11,-1.538669535704567152e-14,3.758836640422929740e-04,5.312824481481077943e-02,-1.637118252364209332e-11,-5.275236115109714630e-02,5.817694958217730458e-11
1.981765234406229981e+00,-3.805063769847954469e-01,-1.465177258996189051e-02,-4.262386711591391042e-01,1.124370891354554524e-09,-1.159209429486095067e+00,3.805063763449913483e-01,-8.766142341451035940e-15,9.450119183162257810e-03,-6.855823637717320396e-02,3.819983366353997132e-11,7.800835556027092832e-02,-9.563370332383551854e-11,-1.471477501566447072e-14,3.363924751554467005e-04,5.327250196888222433e-02,-1.648919249746583704e-11,-5.293610949401623272e-02,5.841998194463472677e-11
1.983345589457590652e+00,-3.805063769847954469e-01,-1.463683764275997175e-02,-4.263469509297619364e-01,1.124431240014474995e-09,-1.159086214768270340e+00,3.805063763448403025e-01,-8.788868343452605819e-15,9.450619554162887834e-03,-6.847393318326035205e-02,3.817368166227831995e-11,7.792455273735829357e-02,-9.554118717803829087e-11,-1.404645412978780603e-14,2.968352884381436629e-04,5.341636049859103952e-02,-1.660716251294584341e-11,-5.311952521040338993e-02,5.866270052364741262e-11
1.984925944508951101e+00,-3.805063769847954469e-01,-1.462190195421900207e-02,-4.264550972919274874e-01,1.124491547197648972e-09,-1.158963132717563793e+00,3.805063763446893677e-01,-8.810541013795736378e-15,9.451057358998867647e-03,-6.838940295730983054e-02,3.814734325896265214e-11,7.784046031624337891e-02,-9.544828770005661754e-11,-1.338174546888148378e-14,2.572126891644656646e-04,5.355981959570407097e-02,-1.672509123086322670e-11,-5.330260690675137775e-02,5.890510318787625663e-11
1.986506299560311994e+00,-3.805063769847954469e-01,-1.460696562329714260e-02,-4.265631098873438609e-01,1.124551812609546804e-09,-1.158840183791225886e+00,3.805063763445386549e-01,-8.831166071046286929e-15,9.451432494759470435e-03,-6.830464633120389428e-02,3.812081851991782159e-11,7.775607882589775921e-02,-9.535500539083385633e-11,-1.272066161663966002e-14,2.175252654299866806e-04,5.370287845450127939e-02,-1.684297730923831805e-11,-5.348535318924459159e-02,5.914718780333240945e-11
1.988086654611672444e+00,-3.805063769847955024e-01,-1.459202874911449954e-02,-4.266709883587185836e-01,1.124612035955745960e-09,-1.158717368445668194e+00,3.805063763443879976e-01,-8.850749253509844744e-15,9.451744859465576604e-03,-6.821966393809612839e-02,3.809410751359160872e-11,7.767140879749584448e-02,-9.526134075468780955e-11,-1.206321497080987432e-14,1.777736081425779560e-04,5.384553627176733720e-02,-1.696081940334474366e-11,-5.366776266375983262e-02,5.938895223338733330e-11
1.989667009663033337e+00,-3.805063769847955024e-01,-1.457709143095158207e-02,-4.267787323497607144e-01,1.124672216941933303e-09,-1.158594687136463408e+00,3.805063763442375069e-01,-8.869296318937850705e-15,9.451994352074170186e-03,-6.813445641240786776e-02,3.806721031055931543e-11,7.758645076441599009e-02,-9.516729429931559665e-11,-1.140941774302014089e-14,1.379583110130968779e-04,5.398779224678375982e-02,-1.707861616572383586e-11,-5.384983393586775108e-02,5.963039433878367163e-11
1.991247364714393786e+00,-3.805063769847955024e-01,-1.456215376824785898e-02,-4.268863415051830645e-01,1.124732355273909640e-09,-1.158472140318337562e+00,3.805063763440871827e-01,-8.886813044233164862e-15,9.452180872482614932e-03,-6.804902438982311785e-02,3.804012698352738400e-11,7.750120526223956696e-02,-9.507286653579601945e-11,-1.075928195861634864e-14,9.807997054579482149e-05,5.412964558131962145e-02,-1.719636624619904411e-11,-5.403156561083317933e-02,5.987151197764498144e-11
1.992827719765754457e+00,-3.805063769847955024e-01,-1.454721586060023046e-02,-4.269938154707039746e-01,1.124792450657591377e-09,-1.158349728445169147e+00,3.805063763439370805e-01,-8.903305225155827621e-15,9.452304321533301634e-03,-6.796336850728634804e-02,3.801285760733874789e-11,7.741567282875341793e-02,-9.497805797859624420e-11,-1.011281945650724992e-14,5.813918602903724725e-05,5.427109547962401942e-02,-1.731406829189029440e-11,-5.421295629361685270e-02,6.011230300548688727e-11
1.994408074817114906e+00,-3.805063769847955024e-01,-1.453227780776158648e-02,-4.271011538930491458e-01,1.124852502799015069e-09,-1.158227451969985333e+00,3.805063763437870339e-01,-8.918778676027991057e-15,9.452364601017794118e-03,-6.787748940299707934e-02,3.798540225897610172e-11,7.732985400394863651e-02,-9.488286914557363688e-11,-9.470041889020143254e-15,1.813655952544786926e-05,5.441214114841652627e-02,-1.743172094722860053e-11,-5.439400458887568707e-02,6.035276527522709786e-11
1.995988429868475800e+00,-3.805063769847956134e-01,-1.451733970963922649e-02,-4.272083564199542494e-01,1.124912511404341346e-09,-1.158105311344957977e+00,3.805063763436370983e-01,-8.933239229439178396e-15,9.452361613681355135e-03,-6.779138771640656758e-02,3.795776101756659938e-11,7.724374933002176036e-02,-9.478730055798093312e-11,-8.830960721760695826e-15,-2.192730413766875303e-05,5.455278179687839124e-02,-1.754932285397045585e-11,-5.457470910096369476e-02,6.059289663719577173e-11
1.997568784919836249e+00,-3.805063769847956134e-01,-1.450240166629341611e-02,-4.273154227001663141e-01,1.124972476179856984e-09,-1.157983307021400288e+00,3.805063763434874402e-01,-8.946692735950996017e-15,9.452295263227267555e-03,-6.770506408821409805e-02,3.792993396438606751e-11,7.715735935137529866e-02,-9.469135274047024480e-11,-8.195587233485602445e-15,-6.205179737817350522e-05,5.469301663664417196e-02,-1.766687265121267721e-11,-5.475506843393324052e-02,6.083269493914663244e-11
1.999149139971197142e+00,-3.805063769847956134e-01,-1.448746377793582243e-02,-4.274223523834458360e-01,1.125032396831979040e-09,-1.157861439449763052e+00,3.805063763433378932e-01,-8.959145063801788667e-15,9.452165454321193733e-03,-6.761851916036280830e-02,3.790192118286315426e-11,7.707068461461810682e-02,-9.459502622109706673e-11,-7.563932515980804339e-15,-1.022363098690543676e-04,5.483284488179283878e-02,-1.778436897540731041e-11,-5.493508119153629743e-02,6.107215802626808386e-11
2.000729495022557369e+00,-3.805063769847956134e-01,-1.447252614492804297e-02,-4.275291451205689430e-01,1.125092273067258368e-09,-1.157739709079632640e+00,3.805063763431884016e-01,-8.970602098611015411e-15,9.451972092595475883e-03,-6.753175357603612150e-02,3.787372275858348466e-11,7.698372566856591381e-02,-9.449832153132436088e-11,-6.936007473950677865e-15,-1.424802285482761749e-04,5.497226574883777583e-02,-1.790181046037588288e-11,-5.511474597722420404e-02,6.131128374119252879e-11
2.002309850073918263e+00,-3.805063769847956134e-01,-1.445758886777999408e-02,-4.276358005633291715e-01,1.125152104592382306e-09,-1.157618116359724336e+00,3.805063763430391877e-01,-8.981069743083541969e-15,9.451715084653438195e-03,-6.744476797965312520e-02,3.784533877929353153e-11,7.689648306424115565e-02,-9.440123920602582627e-11,-6.311822824910885108e-15,-1.827829376292011004e-04,5.511127845671894010e-02,-1.801919573732522999e-11,-5.529406139415030119e-02,6.155006992400948761e-11
2.003890205125278712e+00,-3.805063769847956689e-01,-1.444265204714851453e-02,-4.277423183645389648e-01,1.125211891114178813e-09,-1.157496661737883015e+00,3.805063763428900847e-01,-8.990553916713735836e-15,9.451394338073763543e-03,-6.735756301686633696e-02,3.781676933490548161e-11,7.680895735487505704e-02,-9.430377978349176684e-11,-5.691389099099070100e-15,-2.231438186103195873e-04,5.524988222679295957e-02,-1.813652343486153771e-11,-5.547302604516971686e-02,6.178851441227482648e-11
2.005470560176639605e+00,-3.805063769847956689e-01,-1.442771578383560127e-02,-4.278486981780330045e-01,1.125271632339619570e-09,-1.157375345661076471e+00,3.805063763427410928e-01,-8.999060555489484086e-15,9.451009761414703655e-03,-6.727013933455605610e-02,3.778801451750046032e-11,7.672114909590609100e-02,-9.420594380543086212e-11,-5.074716639378440288e-15,-2.635622502859900212e-04,5.538807628282378659e-02,-1.825379217900611079e-11,-5.565163853284070539e-02,6.202661504102262222e-11
2.007050915228000054e+00,-3.805063769847956134e-01,-1.441278017878707546e-02,-4.279549396586684873e-01,1.125331327975823912e-09,-1.157254168575392317e+00,3.805063763425923229e-01,-9.006595611595914579e-15,9.450561264218362151e-03,-6.718249758082775469e-02,3.775907442133316520e-11,7.663305884498193554e-02,-9.410773181697571188e-11,-4.461815601167655737e-15,-3.040376087565296176e-04,5.552585985097355931e-02,-1.837100059321013269e-11,-5.582989745942581322e-02,6.226436964277626461e-11
2.008631270279360947e+00,-3.805063769847956134e-01,-1.439784533309092229e-02,-4.280610424623280674e-01,1.125390977730061303e-09,-1.157133130926036868e+00,3.805063763424436085e-01,-9.013165053119153444e-15,9.450048757014939405e-03,-6.709463840500799747e-02,3.772994914283572400e-11,7.654468716195926559e-02,-9.400914436668617077e-11,-3.852695952366944416e-15,-3.445692674388257243e-04,5.566323215979333133e-02,-1.848814729837014621e-11,-5.600780142689289892e-02,6.250177604755990768e-11
2.010211625330721397e+00,-3.805063769847956134e-01,-1.438291134797572632e-02,-4.281670062459214665e-01,1.125450581309755481e-09,-1.157012233157328263e+00,3.805063763422951162e-01,-9.018774863749973700e-15,9.449472151327006908e-03,-6.700656245764070873e-02,3.770063878062182408e-11,7.645603460890458558e-02,-9.391018200655360049e-11,-3.247367473295666223e-15,-3.851565970768135519e-04,5.580019244021300340e-02,-1.860523091284302994e-11,-5.618534903691582011e-02,6.273883208290924893e-11
2.011791980382082290e+00,-3.805063769847956689e-01,-1.436797832480907200e-02,-4.282728306673878049e-01,1.125510138422487759e-09,-1.156891475712695350e+00,3.805063763421468459e-01,-9.023431042487241937e-15,9.448831359673649788e-03,-6.691827039048285630e-02,3.767114343549042825e-11,7.636710175009399360e-02,-9.381084529200398468e-11,-2.645839756638467710e-15,-4.257989657523381447e-04,5.593673992553224728e-02,-1.872225005246194734e-11,-5.636253889087611962e-02,6.297553557388394992e-11
2.013372335433442739e+00,-3.805063769847956689e-01,-1.435304636509606400e-02,-4.283785153856966565e-01,1.125569648776000958e-09,-1.156770859034673471e+00,3.805063763419986866e-01,-9.027139603341371298e-15,9.448126295574718614e-03,-6.682976285650166215e-02,3.764146321043013044e-11,7.627788915201455522e-02,-9.371113478190293076e-11,-2.048122207403231059e-15,-4.664957388956329776e-04,5.607287385141030561e-02,-1.883920333055107766e-11,-5.653936958986326838e-02,6.321188434307784682e-11
2.014952690484803188e+00,-3.805063769847957245e-01,-1.433811557047766361e-02,-4.284840600608507688e-01,1.125629112078201680e-09,-1.156650383564901130e+00,3.805063763418506384e-01,-9.029906575037730292e-15,9.447356873555017021e-03,-6.674104050987045289e-02,3.761159821062295551e-11,7.618839738336437295e-02,-9.361105103855917251e-11,-1.454224042881755680e-15,-5.072462792963536651e-04,5.620859345585672157e-02,-1.895608935794166199e-11,-5.671583973467644174e-02,6.344787621063175875e-11
2.016533045536163637e+00,-3.805063769847957245e-01,-1.432318604272910835e-02,-4.285894643538875060e-01,1.125688528037164859e-09,-1.156530049744115995e+00,3.805063763417027567e-01,-9.031738000719901716e-15,9.446523009148409533e-03,-6.665210400596456586e-02,3.758154854344813331e-11,7.609862701505265559e-02,-9.351059462772784006e-11,-8.641542926215067330e-16,-5.480499471145457505e-04,5.634389797922114557e-02,-1.907290674298759363e-11,-5.689194792582535215e-02,6.368350899424469354e-11
2.018113400587524531e+00,-3.805063769847957245e-01,-1.430825788375831957e-02,-4.286947279268810695e-01,1.125747896361136654e-09,-1.156409858012151792e+00,3.805063763415550970e-01,-9.032639937653025205e-15,9.445624618902049088e-03,-6.656295400135833762e-02,3.755131431848627331e-11,7.600857862020089784e-02,-9.340976611861524197e-11,-2.779217984065578278e-16,-5.889060998915786674e-04,5.647878666418356536e-02,-1.918965409158090511e-11,-5.706769276353136633e-02,6.391878050918566085e-11
2.019693755638884980e+00,-3.805063769847957800e-01,-1.429333119560430992e-02,-4.287998504429441637e-01,1.125807216758538383e-09,-1.156289808807934749e+00,3.805063763414075484e-01,-9.032618456926978850e-15,9.444661620380401593e-03,-6.647359115382074635e-02,3.752089564752291245e-11,7.591825277414254725e-02,-9.330856608388176042e-11,3.044647857542142797e-16,-6.298140925612904714e-04,5.661325875574345357e-02,-1.930633000716734895e-11,-5.724307284772778281e-02,6.415368856830465819e-11
2.021274110690245873e+00,-3.805063769847957800e-01,-1.427840608043557530e-02,-4.289048315662297162e-01,1.125866488937969410e-09,-1.156169902569480490e+00,3.805063763412601108e-01,-9.031679643159726474e-15,9.443633932169489056e-03,-6.638401612231267790e-02,3.749029264455283200e-11,7.582765005442450301e-02,-9.320699509964685302e-11,8.829969936300342733e-16,-6.707732774613710952e-04,5.674731350121209328e-02,-1.942293309076326112e-11,-5.741808677806356509e-02,6.438823098204756017e-11
2.022854465741606322e+00,-3.805063769847957800e-01,-1.426348264054841906e-02,-4.290096709619335980e-01,1.125925712608211702e-09,-1.156050139733889814e+00,3.805063763411129507e-01,-9.029829594200481896e-15,9.442541473880889866e-03,-6.629422956698216574e-02,3.745950542578344382e-11,7.573677104080636657e-02,-9.310505374549157317e-11,1.457666546765127265e-15,-7.117830043443960572e-04,5.688095015019868639e-02,-1.953946194096983641e-11,-5.759273315390050357e-02,6.462240555846360192e-11
2.024434820792966772e+00,-3.805063769847957800e-01,-1.424856097836545675e-02,-4.291143682962950123e-01,1.125984887478231688e-09,-1.155930520737345368e+00,3.805063763409658462e-01,-9.027074420832978904e-15,9.441384166155813648e-03,-6.620423214916176802e-02,3.742853410963882286e-11,7.564561631526195429e-02,-9.300274260446332631e-11,2.028465354460346223e-15,-7.528426203894352312e-04,5.701416795460316489e-02,-1.965591515399040545e-11,-5.776701057431762182e-02,6.485621010322121178e-11
2.026015175844327665e+00,-3.805063769847957800e-01,-1.423364119643378937e-02,-4.292189232366000473e-01,1.126044013257185839e-09,-1.155811046015108756e+00,3.805063763408189637e-01,-9.023420246478768044e-15,9.440161930669193485e-03,-6.611402453136382140e-02,3.739737881676323562e-11,7.555418646197846477e-02,-9.290006226307841611e-11,2.595385513759002455e-15,-7.939514702136364621e-04,5.714696616860432538e-02,-1.977229132364621908e-11,-5.794091763811080875e-02,6.508964241961866131e-11
2.027595530895688114e+00,-3.805063769847958355e-01,-1.421872339742356536e-02,-4.293233354511821753e-01,1.126103089654421706e-09,-1.155691716001516323e+00,3.805063763406722477e-01,-9.018873206900620696e-15,9.438874690133767717e-03,-6.602360737727845652e-02,3.736603967002546989e-11,7.546248206735879649e-02,-9.279701331132780885e-11,3.158419309408758100e-15,-8.351088958835567802e-04,5.727934404865045459e-02,-1.988858904139243613e-11,-5.811445294379494197e-02,6.532270030859714509e-11
2.029175885947049007e+00,-3.805063769847958355e-01,-1.420380768412623194e-02,-4.294276046094250843e-01,1.126162116379484123e-09,-1.155572531129976266e+00,3.805063763405256427e-01,-9.013439449905759607e-15,9.437522368303972661e-03,-6.593298135176829666e-02,3.733451679452179455e-11,7.537050372002006282e-02,-9.269359634267855520e-11,3.717559213827461357e-15,-8.763142369270166335e-04,5.741130085344712392e-02,-2.000480689633410808e-11,-5.828761508960345755e-02,6.555538156875146938e-11
2.030756240998409456e+00,-3.805063769847958910e-01,-1.418889415945289410e-02,-4.295317303817637877e-01,1.126221093142116033e-09,-1.155453491832964419e+00,3.805063763403792598e-01,-9.007125135049444398e-15,9.436104889980069521e-03,-6.584214712086608468e-02,3.730281031758020530e-11,7.527825201079517414e-02,-9.258981195407899882e-11,4.272797887055898444e-15,-9.175668303448821297e-04,5.754283584394842554e-02,-2.012094347524304901e-11,-5.846040267349124353e-02,6.578768399634457954e-11
2.032336596049770350e+00,-3.805063769847958910e-01,-1.417398292643267180e-02,-4.296357124396869009e-01,1.126280019652264488e-09,-1.155334598542021141e+00,3.805063763402330435e-01,-8.999936433338440335e-15,9.434622181012057920e-03,-6.575110535177054738e-02,3.727092036876386264e-11,7.518572753273293496e-02,-9.248566074596183952e-11,4.824128176701614872e-15,-9.588660106228464111e-04,5.767394828334498208e-02,-2.023699736257367481e-11,-5.863281429313466075e-02,6.601960538531842968e-11
2.033916951101130799e+00,-3.805063769847958910e-01,-1.415907408821105197e-02,-4.297395504557383616e-01,1.126338895620082504e-09,-1.155215851687748208e+00,3.805063763400869936e-01,-8.991879526934717435e-15,9.433074168303728219e-03,-6.565985671284360614e-02,3.723884707987507268e-11,7.509293088109898762e-02,-9.238114332224856645e-11,5.371543117875700078e-15,-1.000211109743368888e-03,5.780463743705402391e-02,-2.035296714047963727e-11,-5.880484854593335392e-02,6.625114352730746311e-11
2.035497306152491248e+00,-3.805063769847959465e-01,-1.414416774804819893e-02,-4.298432441035191509e-01,1.126397720755933411e-09,-1.155097251699804595e+00,3.805063763399410548e-01,-8.982960608859053336e-15,9.431460779816470963e-03,-6.556840187360570005e-02,3.720659058495833089e-11,7.499986265337521552e-02,-9.227626029035174576e-11,5.915035933121384464e-15,-1.041601457197911980e-03,5.793490257270822452e-02,-2.046885138883058420e-11,-5.897650402901150751e-02,6.648229621165145950e-11
2.037077661203851697e+00,-3.805063769847959465e-01,-1.412926400931725952e-02,-4.299467930576895136e-01,1.126456494770393538e-09,-1.154978799006903367e+00,3.805063763397952825e-01,-8.973185882694972224e-15,9.429781944573287569e-03,-6.547674150473292709e-02,3.717415102030425769e-11,7.490652344926070072e-02,-9.217101226117935037e-11,6.454600032334542734e-15,-1.083036379998836111e-03,5.806474296014398767e-02,-2.058464868522806968e-11,-5.914777933921787356e-02,6.671306122540668890e-11
2.038658016255212591e+00,-3.805063769847959465e-01,-1.411436297550274291e-02,-4.300501969939703462e-01,1.126515217374257586e-09,-1.154860494036807905e+00,3.805063763396497323e-01,-8.962561562292768953e-15,9.428037592662736818e-03,-6.538487627805410207e-02,3.714152852445336602e-11,7.481291387067280640e-02,-9.206539984913901220e-11,6.990229012673737713e-15,-1.124515202691792580e-03,5.819415787139246149e-02,-2.070035760502308324e-11,-5.931867307312922027e-02,6.694343635336144720e-11
2.040238371306573040e+00,-3.805063769847959465e-01,-1.409946475019878062e-02,-4.301534555891452505e-01,1.126573888278540084e-09,-1.154742337216329240e+00,3.805063763395042931e-01,-8.951093871473552099e-15,9.426227655242737369e-03,-6.529280686654631571e-02,3.710872323819920842e-11,7.471903452174656624e-02,-9.195942367214047787e-11,7.521916658464821034e-15,-1.166037247367958558e-03,5.832314658066631990e-02,-2.081597672133205059e-11,-5.948918382704945079e-02,6.717341937804647347e-11
2.041818726357933933e+00,-3.805063769847959465e-01,-1.408456943710744563e-02,-4.302565685210621438e-01,1.126632507194479930e-09,-1.154624328971321168e+00,3.805063763393590204e-01,-8.938789043733588361e-15,9.424352064544498642e-03,-6.520053394433214522e-02,3.707573530459217053e-11,7.462488600883573908e-02,-9.185308435159989969e-11,8.049656941096088791e-15,-1.207601833676456848e-03,5.845170836434989553e-02,-2.093150460505398797e-11,-5.965931019701198323e-02,6.740300807974930927e-11
2.043399081409294382e+00,-3.805063769847960020e-01,-1.406967714003707834e-02,-4.303595354686352570e-01,1.126691073833543913e-09,-1.154506469726677587e+00,3.805063763392139697e-01,-8.925653321948730576e-15,9.422410753876311190e-03,-6.510805818667582401e-02,3.704256486894274098e-11,7.453046894051285065e-02,-9.174638251244280834e-11,8.573444018904253272e-15,-1.249208278836846757e-03,5.857984250098708517e-02,-2.104693982488712971e-11,-5.982905077878026417e-02,6.763220023652646080e-11
2.044979436460655275e+00,-3.805063769847960020e-01,-1.405478796290054837e-02,-4.304623561118470221e-01,1.126749587907430225e-09,-1.154388759906329387e+00,3.805063763390690856e-01,-8.911692958079134463e-15,9.420403657627456767e-03,-6.501538026998034125e-02,3.700921207882526601e-11,7.443578392757017881e-02,-9.163931878310841678e-11,9.093272237054020974e-15,-1.290855897651712117e-03,5.870754827127101089e-02,-2.116228094734618600e-11,-5.999840416785003766e-02,6.786099362421768070e-11
2.046559791512015725e+00,-3.805063769847960020e-01,-1.403990200971357884e-02,-4.305650301317493489e-01,1.126808049128072389e-09,-1.154271199933240011e+00,3.805063763389243126e-01,-8.896914212874049517e-15,9.418330711271960531e-03,-6.492250087178366713e-02,3.697567708408118716e-11,7.434083158301973970e-02,-9.153189379555246374e-11,9.609136127407735706e-15,-1.332544002519351657e-03,5.883482495803211282e-02,-2.127752653677920957e-11,-6.016736895945003216e-02,6.808938601645855668e-11
2.048140146563376618e+00,-3.805063769847960020e-01,-1.402501938723017295e-02,-4.306675572130624907e-01,1.126866457207666353e-09,-1.154153790229443866e+00,3.805063763387797615e-01,-8.882040214846246495e-15,9.416186765604215442e-03,-6.482942567744341689e-02,3.694196008324746759e-11,7.424561244301344787e-02,-9.142410889279677840e-11,9.199992640139482588e-15,-1.380806218844956960e-03,5.895523913481278550e-02,-2.139261550733228809e-11,-6.033604535257488383e-02,6.831646611275697507e-11
2.049720501614737067e+00,-3.805063769847960575e-01,-1.401014021333816043e-02,-4.307699370524428195e-01,1.126924811858750932e-09,-1.154036531216171335e+00,3.805063763386353215e-01,-8.867834148860346471e-15,9.413966388388718062e-03,-6.473616065314954926e-02,3.690806127972852434e-11,7.415012704150578116e-02,-9.131596546091432194e-11,8.778883656601814914e-15,-1.429164229642541223e-03,5.907516699081498401e-02,-2.150760554962620901e-11,-6.050433121939459424e-02,6.854313286733760931e-11
2.051300856666097516e+00,-3.805063769847960575e-01,-1.399526460881258746e-02,-4.308721693503677064e-01,1.126983112794136254e-09,-1.153919423313721104e+00,3.805063763384911590e-01,-8.854290955446294487e-15,9.411669598862443253e-03,-6.464270640059105455e-02,3.687398082945300811e-11,7.405437599942266136e-02,-9.120746413123486413e-11,8.361102658892870436e-15,-1.477508805524128076e-03,5.919471466222377132e-02,-2.162249621236199315e-11,-6.067222346670473471e-02,6.876939914694334397e-11
2.052881211717457965e+00,-3.805063769847960575e-01,-1.398039269439495594e-02,-4.309742538082644292e-01,1.127041359726880396e-09,-1.153802466941406868e+00,3.805063763383471076e-01,-8.841405371874550719e-15,9.409296418858081185e-03,-6.454906352110519052e-02,3.683971889061618670e-11,7.395835993993409019e-02,-9.109860553840960217e-11,7.946653834798497276e-15,-1.525839186182996292e-03,5.931388150253669167e-02,-2.173728605196961671e-11,-6.083972068769622626e-02,6.899526272532214701e-11
2.054461566768818859e+00,-3.805063769847960575e-01,-1.396552459079126486e-02,-4.310761901285113940e-01,1.127099552370294345e-09,-1.153685662517555999e+00,3.805063763382031672e-01,-8.829172128924610085e-15,9.406846871409840077e-03,-6.445523261705135565e-02,3.680527562369649498e-11,7.386207948843361015e-02,-9.098939032061018811e-11,7.535541211139280760e-15,-1.574154611433788500e-03,5.943266686490759898e-02,-2.185197362277589744e-11,-6.100682147533747351e-02,6.922072137374242203e-11
2.056041921820179308e+00,-3.805063769847961130e-01,-1.395066041867021843e-02,-4.311779780144396890e-01,1.127157690437942619e-09,-1.153569010459506661e+00,3.805063763380595043e-01,-8.817585951139252122e-15,9.404320980753147832e-03,-6.436121429181139442e-02,3.677065119145857230e-11,7.376553527253854048e-02,-9.087981911953230898e-11,7.127768653920127223e-15,-1.622454321223295096e-03,5.955107010213645663e-02,-2.196655747702163609e-11,-6.117352442237529442e-02,6.944577286100642412e-11
2.057622276871540201e+00,-3.805063769847961130e-01,-1.393580029866122762e-02,-4.312796171703347503e-01,1.127215773643650504e-09,-1.153452511183602702e+00,3.805063763379160080e-01,-8.806641557078592057e-15,9.401718772324516721e-03,-6.426700914979043000e-02,3.673584575895684253e-11,7.366872792209047671e-02,-9.076989258039993899e-11,6.723339868482277503e-15,-1.670737555641618050e-03,5.966909056666189898e-02,-2.208103616488025704e-11,-6.133982812133838280e-02,6.967041495346716533e-11
2.059202631922900650e+00,-3.805063769847961130e-01,-1.392094435135263035e-02,-4.313811073014378050e-01,1.127273801701504676e-09,-1.153336165105190991e+00,3.805063763377725672e-01,-8.796333659573862099e-15,9.399040272761258891e-03,-6.417261779641746100e-02,3.670085949353859669e-11,7.357165806915576256e-02,-9.065961135196913943e-11,6.322258399667300082e-15,-1.719003554932584457e-03,5.978672761054932422e-02,-2.219540823447398351e-11,-6.150573116453600386e-02,6.989464541503923267e-11
2.060782986974261544e+00,-3.805063769847961130e-01,-1.390609269728961851e-02,-4.314824481139480361e-01,1.127331774325859610e-09,-1.153219972638617863e+00,3.805063763376294039e-01,-8.786656965980787245e-15,9.396285509901174116e-03,-6.407804083814490348e-02,3.666569256484687509e-11,7.347432634802460172e-02,-9.054897608653066945e-11,5.924527631980504411e-15,-1.767251559505024841e-03,5.990398058548212362e-02,-2.230967223189242981e-11,-6.167123214406033255e-02,7.011846200721463379e-11
2.062363342025621993e+00,-3.805063769847961685e-01,-1.389124545697251190e-02,-4.315836393150236372e-01,1.127389691231337582e-09,-1.153103934197225122e+00,3.805063763374864072e-01,-8.777606178433096782e-15,9.393454512782469998e-03,-6.398327888245108896e-02,3.663034514482452573e-11,7.337673339521351423e-02,-9.043798743991615113e-11,5.530150789771049684e-15,-1.815480809943249146e-03,6.002084884275367405e-02,-2.242382670121031457e-11,-6.183632965178907648e-02,7.034186248907835830e-11
2.063943697076982886e+00,-3.805063769847961685e-01,-1.387640275085477194e-02,-4.316846806127836444e-01,1.127447552132836524e-09,-1.152988050193347380e+00,3.805063763373435770e-01,-8.769175994095226406e-15,9.390547311643245021e-03,-6.388833253783914035e-02,3.659481740771644025e-11,7.327887984946378219e-02,-9.032664607149959459e-11,5.139130937411585828e-15,-1.863690547017922590e-03,6.013733173325561121e-02,-2.253787018450463125e-11,-6.200102227938457389e-02,7.056484461732028141e-11
2.065524052128343335e+00,-3.805063769847961685e-01,-1.386156469934110742e-02,-4.317855717163098239e-01,1.127505356745530028e-09,-1.152872321038307613e+00,3.805063763372008578e-01,-8.761361105415157614e-15,9.387563937921361915e-03,-6.379320241383863721e-02,3.655910953007332149e-11,7.318076635174276812e-02,-9.021495264420255496e-11,4.751470979487337932e-15,-1.911880011696797527e-03,6.025342860746975282e-02,-2.265180122187291717e-11,-6.216530861829632632e-02,7.078740614625138445e-11
2.067104407179704229e+00,-3.805063769847961685e-01,-1.384673142278564258e-02,-4.318863123356474487e-01,1.127563104784873545e-09,-1.152756747142414717e+00,3.805063763370584162e-01,-8.754156200376692260e-15,9.384504424254007035e-03,-6.369788912100578238e-02,3.652322169075446226e-11,7.308239354524392883e-02,-9.010290782449719553e-11,4.367173660994481105e-15,-1.960048445155562410e-03,6.036913881545919597e-02,-2.276561835145156136e-11,-6.232918725976317048e-02,7.100954482781898015e-11
2.068684762231064678e+00,-3.805063769847962241e-01,-1.383190304148993605e-02,-4.319869021818079635e-01,1.127620795966606253e-09,-1.152641328914958629e+00,3.805063763369161411e-01,-8.747555962751597749e-15,9.381368804477494341e-03,-6.360239327092472028e-02,3.648715407093122863e-11,7.298376207538767590e-02,-8.999051228241085016e-11,3.986241567540149843e-15,-2.008195088788267482e-03,6.048446170685746470e-02,-2.287932010943277467e-11,-6.249265679481267460e-02,7.123125841161922374e-11
2.070265117282425127e+00,-3.805063769847962241e-01,-1.381707967570110565e-02,-4.320873409667703724e-01,1.127678430006756012e-09,-1.152526066764207213e+00,3.805063763367739771e-01,-8.741555072351181089e-15,9.378157113626727631e-03,-6.350671547620691249e-02,3.645090685408943153e-11,7.288487258982040418e-02,-8.987776669152815586e-11,3.608677125553975819e-15,-2.056319184218402714e-03,6.059939663086030132e-02,-2.299290503008371833e-11,-6.265571581426401804e-02,7.145254464491407016e-11
2.071845472333785576e+00,-3.805063769847962241e-01,-1.380226144561001039e-02,-4.321876284034819049e-01,1.127736006621642266e-09,-1.152410961097404485e+00,3.805063763366320351e-01,-8.736148205277799832e-15,9.374869387934945536e-03,-6.341085635049310831e-02,3.641448022603293924e-11,7.278572573841608773e-02,-8.976467172899613218e-11,3.234482602506145598e-15,-2.104419973309214209e-03,6.071394293621595190e-02,-2.310637164576387476e-11,-6.281836290872877537e-02,7.167340127264496131e-11
2.073425827385146469e+00,-3.805063769847962241e-01,-1.378744847134927287e-02,-4.322877642058609027e-01,1.127793525527879760e-09,-1.152296012320764618e+00,3.805063763364902596e-01,-8.731330034175902865e-15,9.371505664833374577e-03,-6.331481650845392772e-02,3.637787437488669531e-11,7.268632217327659906e-02,-8.965122807552789064e-11,2.863660107129806563e-15,-2.152496698174453417e-03,6.082809997121636086e-02,-2.321971848694359449e-11,-6.298059666861258177e-02,7.189382603744846495e-11
2.075006182436506919e+00,-3.805063769847962796e-01,-1.377264087299142140e-02,-4.323877480887978741e-01,1.127850986442382474e-09,-1.152181220839470166e+00,3.805063763363487062e-01,-8.727095228482643624e-15,9.368065982950727830e-03,-6.321859656579001396e-02,3.634108949109936163e-11,7.258666254873123724e-02,-8.953743641540540057e-11,2.496211589652164502e-15,-2.200548601189067366e-03,6.094186708368747735e-02,-2.333294408222227474e-11,-6.314241568411635419e-02,7.211381667967100882e-11
2.076586537487867812e+00,-3.805063769847962796e-01,-1.375783877054699567e-02,-4.324875797681568823e-01,1.127908389082367963e-09,-1.152066587057666736e+00,3.805063763362072637e-01,-8.723438454678223528e-15,9.364550382112837162e-03,-6.312219713923314379e-02,3.630412576744646564e-11,7.248674752133768551e-02,-8.942329743648370258e-11,2.132138842032669119e-15,-2.248574924999724098e-03,6.105524362098047053e-02,-2.344604695834674483e-11,-6.330381854523796370e-02,7.233337093738454542e-11
2.078166892539228261e+00,-3.805063769847962796e-01,-1.374304228396263164e-02,-4.325872589607776542e-01,1.127965733165358802e-09,-1.151952111378461430e+00,3.805063763360660434e-01,-8.720354376535746317e-15,9.360958903342122411e-03,-6.302561884654639401e-02,3.626698339903292061e-11,7.238657774988135896e-02,-8.930881183019340303e-11,1.771443498206198546e-15,-2.296574912535404890e-03,6.116822892996139072e-02,-2.355902564022925087e-11,-6.346480384177234646e-02,7.255248654640020044e-11
2.079747247590589154e+00,-3.805063769847962796e-01,-1.372825153311918109e-02,-4.326867853844773570e-01,1.128023018409189003e-09,-1.151837794203918408e+00,3.805063763359249895e-01,-8.717837655370919344e-15,9.357291588857325967e-03,-6.292886230652601498e-02,3.622966258329667689e-11,7.228615389537730584e-02,-8.919398029154615411e-11,1.414127034335368621e-15,-2.344547807017954844e-03,6.128082235700401531e-02,-2.367187865096661662e-11,-6.362537016331522299e-02,7.277116124028614766e-11
2.081327602641949603e+00,-3.805063769847962796e-01,-1.371346663782987453e-02,-4.327861587580512648e-01,1.128080244532005872e-09,-1.151723635935055334e+00,3.805063763357841577e-01,-8.715882950291062262e-15,9.353548482072900419e-03,-6.283192813900166651e-02,3.619216352001104831e-11,7.218547662106963858e-02,-8.907880351913704486e-11,1.060190769069604271e-15,-2.392492851972562347e-03,6.139302324797970417e-02,-2.378460451185825409e-11,-6.378551609926309818e-02,7.298939275038163220e-11
2.082907957693310497e+00,-3.805063769847963351e-01,-1.369868771783837487e-02,-4.328853788012753112e-01,1.128137411252274350e-09,-1.151609636971839823e+00,3.805063763356434370e-01,-8.714484918443776481e-15,9.349729627598474258e-03,-6.273481696483659831e-02,3.615448641128737474e-11,7.208454659243124230e-02,-8.896328221514749638e-11,7.096358638088675472e-16,-2.440409291238299257e-03,6.150483094824753943e-02,-2.389720174242464582e-11,-6.394524023881413555e-02,7.320717880581174351e-11
2.084488312744670946e+00,-3.805063769847963351e-01,-1.368391489281685879e-02,-4.329844452349074779e-01,1.128194518288780947e-09,-1.151495797713185887e+00,3.805063763355029383e-01,-8.713638215265390609e-15,9.345835071238501462e-03,-6.263752940592932916e-02,3.611663146157823383e-11,7.198336447716503772e-02,-8.884741708534982419e-11,3.624633229745508839e-16,-2.488296368978633322e-03,6.161624480264652620e-02,-2.400966886042632482e-11,-6.410454117097079407e-02,7.342451713350432081e-11
2.086068667796031395e+00,-3.805063769847963351e-01,-1.366914828236422304e-02,-4.330833577806894041e-01,1.128251565360636219e-09,-1.151382118556951495e+00,3.805063763353626616e-01,-8.713337494728766900e-15,9.341864859991682105e-03,-6.254006608521460453e-02,3.607859887768027797e-11,7.188193094520450854e-02,-8.873120883911096055e-11,1.867399429043148440e-17,-2.536153329691753257e-03,6.172726415548650258e-02,-2.412200438188244088e-11,-6.426341748454109104e-02,7.364140545820550156e-11
2.087649022847391844e+00,-3.805063769847963351e-01,-1.365438800600412943e-02,-4.331821161613477744e-01,1.128308552187280563e-09,-1.151268599899932799e+00,3.805063763352224959e-01,-8.713577409590602839e-15,9.337819042050313559e-03,-6.244242762666304264e-02,3.604038886873628935e-11,7.178024666871256343e-02,-8.861465818939413469e-11,-3.217314309335643655e-16,-2.583979418221185251e-03,6.183788835053827954e-02,-2.423420682108947556e-11,-6.442186776813940696e-02,7.385784150249476573e-11
2.089229377898752738e+00,-3.805063769847963906e-01,-1.363963418318310354e-02,-4.332807201005967057e-01,1.128365478488486072e-09,-1.151155242137863022e+00,3.805063763350824968e-01,-8.714352611638565484e-15,9.333697666799903661e-03,-6.234461465528316759e-02,3.600200164623861792e-11,7.167831232208325687e-02,-8.849776585276404268e-11,-6.587524175101367285e-16,-2.631773879766038243e-03,6.194811673102521010e-02,-2.434627469063998619e-11,-6.457989061018817867e-02,7.407382298680097545e-11
2.090809732950113187e+00,-3.805063769847963906e-01,-1.362488693326875666e-02,-4.333791693231380804e-01,1.128422343984360885e-09,-1.151042045665407132e+00,3.805063763349427197e-01,-8.715657751937674820e-15,9.329500784818513248e-03,-6.224662779712212407e-02,3.596343742403162415e-11,7.157612858194177530e-02,-8.838053254938983303e-11,-9.923885860728277547e-16,-2.679535959891398388e-03,6.205794863961472396e-02,-2.445820650144165690e-11,-6.473748459891991158e-02,7.428934762941898315e-11
2.092390088001474080e+00,-3.805063769847963906e-01,-1.361014637554774573e-02,-4.334774635546647104e-01,1.128479148395354142e-09,-1.150929010876159619e+00,3.805063763348031647e-01,-8.717487481076324225e-15,9.325228447876142066e-03,-6.214846767926572590e-02,3.592469641831402487e-11,7.147369612714392362e-02,-8.826295900304748484e-11,-1.322639712774377048e-15,-2.727264904538846679e-03,6.216738341840852972e-02,-2.457000076273619132e-11,-6.489464832237792913e-02,7.450441314652484400e-11
2.093970443052834529e+00,-3.805063769847963906e-01,-1.359541262922403862e-02,-4.335756025218608922e-01,1.128535891442255785e-09,-1.150816138162639835e+00,3.805063763346637762e-01,-8.719836449411897053e-15,9.320880708934255188e-03,-6.205013492984082224e-02,3.588577884764219551e-11,7.137101563877799870e-02,-8.814504594112504229e-11,-1.649505728971453407e-15,-2.774959960036555914e-03,6.227642040893499598e-02,-2.468165598211835059e-11,-6.505138036841871807e-02,7.471901725219282476e-11
2.095550798104195422e+00,-3.805063769847964461e-01,-1.358068581341690360e-02,-4.336735859524043502e-01,1.128592572846206065e-09,-1.150703427916289101e+00,3.805063763345246097e-01,-8.722699307315614853e-15,9.316457622144941678e-03,-6.195163017801412486e-02,3.584668493293173402e-11,7.126808780016284650e-02,-8.802679409462317044e-11,-1.972986720908364199e-15,-2.822620373109876839e-03,6.238505895213854874e-02,-2.479317066555486872e-11,-6.520767932471209505e-02,7.493315765841018966e-11
2.097131153155555872e+00,-3.805063769847964461e-01,-1.356596604715912951e-02,-4.337714135749682343e-01,1.128649192328694717e-09,-1.150590880527467386e+00,3.805063763343855543e-01,-8.726070705417290936e-15,9.311959242850539886e-03,-6.185295405399548335e-02,3.580741489746117671e-11,7.116491329685063760e-02,-8.790820419816156582e-11,-2.293082929389690705e-15,-2.870245390891323217e-03,6.249329838837285045e-02,-2.490454331740371682e-11,-6.536354377874421806e-02,7.514683207509501064e-11
2.098711508206916765e+00,-3.805063769847964461e-01,-1.355125344939508980e-02,-4.338690851192222864e-01,1.128705749611566131e-09,-1.150478496385449301e+00,3.805063763342467764e-01,-8.729945294849110481e-15,9.307385627582761417e-03,-6.175410718903695528e-02,3.576796896687354918e-11,7.106149281662516026e-02,-8.778927698997962857e-11,-2.609794749449201623e-15,-2.917834260931055634e-03,6.260113805739041248e-02,-2.501577244043316381e-11,-6.551897231781778075e-02,7.536003821011118583e-11
2.100291863258277214e+00,-3.805063769847964461e-01,-1.353654813897891065e-02,-4.339666003158345053e-01,1.128762244417023277e-09,-1.150366275878420996e+00,3.805063763341081096e-01,-8.734317727489248136e-15,9.302736834062189791e-03,-6.165509021543508217e-02,3.572834736917964280e-11,7.095782704950348574e-02,-8.767001321194159350e-11,-2.923122730010483527e-15,-2.965386231207004473e-03,6.270857729833533012e-02,-2.512685653584127654e-11,-6.567396352905480184e-02,7.557277376928626270e-11
2.101872218309638107e+00,-3.805063769847965016e-01,-1.352185023467248129e-02,-4.340639588964733120e-01,1.128818676467631848e-09,-1.150254219393475719e+00,3.805063763339696647e-01,-8.739182656204764604e-15,9.298012921197491149e-03,-6.155590376653079926e-02,3.568855033475982409e-11,7.085391668773527440e-02,-8.755041360953826205e-11,-3.233067573543966234e-15,-3.012900550135129071e-03,6.281561544973290889e-02,-2.523779410327468323e-11,-6.582851599939654186e-02,7.578503645642608177e-11
2.103452573360998556e+00,-3.805063769847965016e-01,-1.350715985514375217e-02,-4.341611605938086038e-01,1.128875045486322939e-09,-1.150142327316611590e+00,3.805063763338313865e-01,-8.744534735093908425e-15,9.293213949084753317e-03,-6.145654847671125354e-02,3.564857809636693638e-11,7.074976242580370556e-02,-8.743047893189125446e-11,-3.539630135711253821e-15,-3.060376466579602280e-03,6.292225184948287142e-02,-2.534858364084867137e-11,-6.598262831560687547e-02,7.599682397333354324e-11
2.105032928412359006e+00,-3.805063769847965016e-01,-1.349247711896468631e-02,-4.342582051415138644e-01,1.128931351196397606e-09,-1.150030600032727612e+00,3.805063763336932747e-01,-8.750368619728028060e-15,9.288339979006736413e-03,-6.135702498140996330e-02,3.560843088912832248e-11,7.064536496042510272e-02,-8.731020993175514237e-11,-3.842811425010877168e-15,-3.107813229863036660e-03,6.302848583484929601e-02,-2.545922364516612889e-11,-6.613629906427252736e-02,7.620813401982380648e-11
2.106613283463719455e+00,-3.805063769847965016e-01,-1.347780214460951240e-02,-4.343550922742673848e-01,1.128987593321530374e-09,-1.149919037925618781e+00,3.805063763335553850e-01,-8.756678967392803979e-15,9.283391073432246607e-03,-6.125733391710903863e-02,3.556810895054877152e-11,7.054072499055037693e-02,-8.718960736552211466e-11,-4.142612602410490718e-15,-3.155210089776345518e-03,6.313431674245240099e-02,-2.556971261133672112e-11,-6.628952683180459882e-02,7.641896429374075602e-11
2.108193638515080348e+00,-3.805063769847965571e-01,-1.346313505045277324e-02,-4.344518217277543726e-01,1.129043771585772757e-09,-1.149807641377974976e+00,3.805063763334176619e-01,-8.763460437328873326e-15,9.278367296015247942e-03,-6.115747592133900096e-02,3.552761252051223151e-11,7.043584321736401366e-02,-8.706867199322343790e-11,-4.439034980977387383e-15,-3.202566296589262271e-03,6.323974390826064829e-02,-2.568004903299732480e-11,-6.644231020444134328e-02,7.662931249097554856e-11
2.109773993566440797e+00,-3.805063769847965571e-01,-1.344847595476746094e-02,-4.345483932386683956e-01,1.129099885713557598e-09,-1.149696410771375632e+00,3.805063763332801607e-01,-8.770707690971886601e-15,9.273268711594119876e-03,-6.105745163267989328e-02,3.548694184128420034e-11,7.033072034428440589e-02,-8.694740457853273924e-11,-4.732080025500219231e-15,-3.249881101060217090e-03,6.334476666758094565e-02,-2.579023140233079146e-11,-6.659464776824801369e-02,7.683917630548164437e-11
2.111354348617801691e+00,-3.805063769847965571e-01,-1.343382497572323878e-02,-4.346448065447125475e-01,1.129155935429702382e-09,-1.149585346486287074e+00,3.805063763331428817e-01,-8.778415392192081563e-15,9.268095386191046656e-03,-6.095726169076398637e-02,3.544609715751482778e-11,7.022535707696603291e-02,-8.682580588877118922e-11,-5.021749352103397538e-15,-3.297153754446171918e-03,6.344938435505148577e-02,-2.590025821008573840e-11,-6.674653810911981844e-02,7.704855342929278551e-11
2.112934703669162140e+00,-3.805063769847965571e-01,-1.341918223138439600e-02,-4.347410613846023897e-01,1.129211920459412538e-09,-1.149474448902058299e+00,3.805063763330058246e-01,-8.786578207533009896e-15,9.262847387010941791e-03,-6.085690673627409258e-02,3.540507871623977492e-11,7.011975412329660151e-02,-8.670387669490685553e-11,-5.308044727859474944e-15,-3.344383508513257795e-03,6.355359630463236487e-02,-2.601012794559682106e-11,-6.689797981278293448e-02,7.725744155254021160e-11
2.114515058720523033e+00,-3.805063769847966126e-01,-1.340454783970816688e-02,-4.348371574980661181e-01,1.129267840528286822e-09,-1.149363718396918532e+00,3.805063763328688786e-01,-8.795190806449891529e-15,9.257524782440913758e-03,-6.075638741094741002e-02,3.536388676688385250e-11,7.001391219340045990e-02,-8.658161777156144969e-11,-5.590968070388888471e-15,-3.391569615546045219e-03,6.365740184959725600e-02,-2.611983909680342534e-11,-6.704897146479570080e-02,7.746583836346858295e-11
2.116095413771883482e+00,-3.805063769847966126e-01,-1.338992191854273053e-02,-4.349330946258473940e-01,1.129323695362319174e-09,-1.149253155347971678e+00,3.805063763327320991e-01,-8.804247861547129611e-15,9.252127642049230369e-03,-6.065570435757462742e-02,3.532252156126217119e-11,6.990783199963652994e-02,-8.645902989701053387e-11,-5.870521447458689645e-15,-3.438711328358187540e-03,6.376080032252579022e-02,-2.622939015027070259e-11,-6.719951165055133846e-02,7.767374154845518676e-11
2.117675768823244375e+00,-3.805063769847966126e-01,-1.337530458562537911e-02,-4.350288725097065101e-01,1.129379484687904097e-09,-1.149142760131195207e+00,3.805063763325955417e-01,-8.813744048815341129e-15,9.246656036584579783e-03,-6.055485822000182539e-02,3.528098335358273299e-11,6.980151425659959774e-02,-8.633611385318761799e-11,-6.146707076572532465e-15,-3.485807900302036536e-03,6.386379105529414735e-02,-2.633877959120854628e-11,-6.734959895527839469e-02,7.788114879202544668e-11
2.119256123874604825e+00,-3.805063769847966126e-01,-1.336069595858071189e-02,-4.351244908924216670e-01,1.129435208231839137e-09,-1.149032533121435495e+00,3.805063763324592618e-01,-8.823674047867570254e-15,9.241110037975184058e-03,-6.045384964313179482e-02,3.523927240044860263e-11,6.969495968112064677e-02,-8.621287042568723584e-11,-6.419527324552944732e-15,-3.532858585278495639e-03,6.396637337906692367e-02,-2.644800590349145723e-11,-6.749923196404231107e-02,7.808805777687038411e-11
2.120836478925965274e+00,-3.805063769847966682e-01,-1.334609615491869246e-02,-4.352199495177916377e-01,1.129490865721329434e-09,-1.148922474692403606e+00,3.805063763323230930e-01,-8.834032542175029965e-15,9.235489719327921385e-03,-6.035267927292462670e-02,3.519738896085981388e-11,6.958816899226670516e-02,-8.608930040376727147e-11,-6.688984707120966159e-15,-3.579862637747232255e-03,6.406854662428948521e-02,-2.655706756967923933e-11,-6.764840926174821301e-02,7.829446618386543657e-11
2.122416833977325723e+00,-3.805063769847966682e-01,-1.333150529203282718e-02,-4.353152481306364341e-01,1.129546456883991443e-09,-1.148812585216672622e+00,3.805063763321871462e-01,-8.844814219302031131e-15,9.229795154927437906e-03,-6.025134775639914841e-02,3.515533329621552157e-11,6.948114291134119269e-02,-8.596540458035207407e-11,-6.955081888466507903e-15,-3.626819312736364459e-03,6.417031012067909990e-02,-2.666596307103641562e-11,-6.779712943314142315e-02,7.850037169208676863e-11
2.123997189028686616e+00,-3.805063769847966682e-01,-1.331692348719828480e-02,-4.354103864767998044e-01,1.129601981447856658e-09,-1.148702865065674983e+00,3.805063763320513659e-01,-8.856013771140335734e-15,9.224026420235290763e-03,-6.014985574163435322e-02,3.511310567031617939e-11,6.937388216188465628e-02,-8.584118375203566332e-11,-7.217821680813846400e-15,-3.673727865852350651e-03,6.427166319721711041e-02,-2.677469088755253303e-11,-6.794539106280977903e-02,7.870577197882950869e-11
2.125577544080047065e+00,-3.805063769847966682e-01,-1.330235085757006802e-02,-4.355053643031500665e-01,1.129657439141375126e-09,-1.148593314609696270e+00,3.805063763319158077e-01,-8.867625894142621831e-15,9.218183591888924611e-03,-6.004820387776999002e-02,3.507070634936527179e-11,6.926638746967432592e-02,-8.571663871908382315e-11,-7.477207043979757128e-15,-3.720587553289774266e-03,6.437260518213995530e-02,-2.688324949796198883e-11,-6.809319273518427140e-02,7.891066471962434427e-11
2.127157899131407959e+00,-3.805063769847966682e-01,-1.328778752018112963e-02,-4.356001813575828274e-01,1.129712829693419581e-09,-1.148483934217874536e+00,3.805063763317804160e-01,-8.879645289555473622e-15,9.212266747700790376e-03,-5.994639281500797195e-02,3.502813560197131731e-11,6.915865956272455872e-02,-8.559177028543706152e-11,-7.733241084926623326e-15,-3.767397631841354864e-03,6.447313540293225786e-02,-2.699163737976488464e-11,-6.824053303454226393e-02,7.911504758825719343e-11
2.128738254182768408e+00,-3.805063769847967237e-01,-1.327323359194049548e-02,-4.356948373890216497e-01,1.129768152833289585e-09,-1.148374724258195201e+00,3.805063763316453018e-01,-8.892066663651601591e-15,9.206275966657411977e-03,-5.984442320461366011e-02,3.498539369914997533e-11,6.905069917128721368e-02,-8.546657925871364769e-11,-7.985927057309749743e-15,-3.814157358907422322e-03,6.457325318631687572e-02,-2.709985300924619056e-11,-6.838741054500693806e-02,7.931891825678436539e-11
2.130318609234129301e+00,-3.805063769847967237e-01,-1.325868918963149512e-02,-4.357893321474202164e-01,1.129823408290714214e-09,-1.148265685097487276e+00,3.805063763315103542e-01,-8.904884727961194897e-15,9.200211328918401002e-03,-5.974229569891726516e-02,3.494248091432592657e-11,6.894250702785215124e-02,-8.534106645021239110e-11,-8.235268361015591860e-15,-3.860865992505864604e-03,6.467295785824864196e-02,-2.720789486149691898e-11,-6.853382385055102610e-02,7.952227439555276188e-11
2.131898964285489750e+00,-3.805063769847967237e-01,-1.324415442990978416e-02,-4.358836653837643293e-01,1.129878595795856810e-09,-1.148156817101421590e+00,3.805063763313755176e-01,-8.918094199502817810e-15,9.194072915815488731e-03,-5.964001095131474250e-02,3.489939752333468902e-11,6.883408386714703897e-02,-8.521523267491509698e-11,-8.481268541698615657e-15,-3.907522791281912468e-03,6.477224874390566378e-02,-2.731576141043433890e-11,-6.867977153499785214e-02,7.972511367321735132e-11
2.133479319336850644e+00,-3.805063769847967237e-01,-1.322962942930163560e-02,-4.359778368500725199e-01,1.129933715079318711e-09,-1.148048120634505231e+00,3.805063763312409586e-01,-8.931689801013081824e-15,9.187860809851398566e-03,-5.953756961626870819e-02,3.485614380442409788e-11,6.872543042613718511e-02,-8.508907875148849218e-11,-8.723931290306179308e-15,-3.954127014517623204e-03,6.487112516768016313e-02,-2.742345112882164075e-11,-6.882525218202166506e-02,7.992743375675745389e-11
2.135059674388211093e+00,-3.805063769847968347e-01,-1.321511430420193797e-02,-4.360718462993992683e-01,1.129988765872143175e-09,-1.147939596060078893e+00,3.805063763311065661e-01,-8.945666261176373003e-15,9.181575094699108777e-03,-5.943497234931084672e-02,3.481272003825703256e-11,6.861654744402731487e-02,-8.496260550228885220e-11,-8.963260442604443554e-15,-4.000677922141681817e-03,6.496958645317194025e-02,-2.753096248828901992e-11,-6.897026437515102470e-02,8.012923231149686536e-11
2.136640029439571986e+00,-3.805063769847968347e-01,-1.320060917087246405e-02,-4.361656934858353374e-01,1.130043747905817655e-09,-1.147831243740313312e+00,3.805063763309724512e-01,-8.960018314852887998e-15,9.175215855200539311e-03,-5.933221980704184162e-02,3.476912650791219874e-11,6.850743566225997450e-02,-8.483581375336244064e-11,-9.199259978690969263e-15,-4.047174774739242115e-03,6.506763192318057443e-02,-2.763829395935455326e-11,-6.911480669777061991e-02,8.033050700112240398e-11
2.138220384490932435e+00,-3.805063769847968347e-01,-1.318611414543999563e-02,-4.362593781645099367e-01,1.130098660912280419e-09,-1.147723064036206164e+00,3.805063763308384472e-01,-8.974740703306553321e-15,9.168783177365663617e-03,-5.922931264713362370e-02,3.472536349888650642e-11,6.839809582451711334e-02,-8.470870433444955460e-11,-9.431934022506221622e-15,-4.093616833561053957e-03,6.516526089969544577e-02,-2.774544401144315970e-11,-6.925887773312057460e-02,8.053125548769903238e-11
2.139800739542292884e+00,-3.805063769847968347e-01,-1.317162934389441188e-02,-4.363529000915931100e-01,1.130153504623921994e-09,-1.147615057307577402e+00,3.805063763307047209e-01,-8.989828174431980623e-15,9.162277148371408830e-03,-5.912625152832992614e-02,3.468143129909643354e-11,6.828852867671936222e-02,-8.458127807898608861e-11,-9.661286841338197045e-15,-4.140003360533591435e-03,6.526247270388983723e-02,-2.785241111290877898e-11,-6.940247606430065275e-02,8.073147543169129967e-11
2.141381094593653334e+00,-3.805063769847968902e-01,-1.315715488208696847e-02,-4.364462590242960127e-01,1.130208278773590134e-09,-1.147507223913067032e+00,3.805063763305711610e-01,-9.005275482980416975e-15,9.155697856560538611e-03,-5.902303711044802614e-02,3.463733019887983540e-11,6.817873496702678282e-02,-8.445353582410658480e-11,-9.887322845318191168e-15,-4.186333618268299819e-03,6.535926665611231645e-02,-2.795919373105419172e-11,-6.954560027427088287e-02,8.093116449198050539e-11
2.142961449645014227e+00,-3.805063769847968902e-01,-1.314269087572834602e-02,-4.365394547208737985e-01,1.130262983094592916e-09,-1.147399564210130229e+00,3.805063763304377678e-01,-9.021077390785329101e-15,9.149045391440645270e-03,-5.891967005437996618e-02,3.459306049099764426e-11,6.806871544583897871e-02,-8.432547841064671452e-11,-1.011004658691544509e-14,-4.232606870071193780e-03,6.545564207587840910e-02,-2.806579033215155023e-11,-6.968824894585276541e-02,8.113032032588243224e-11
2.144541804696374676e+00,-3.805063769847968902e-01,-1.312823744038685465e-02,-4.366324869406269515e-01,1.130317617320703501e-09,-1.147292078555035788e+00,3.805063763303045410e-01,-9.037228666986854824e-15,9.142319843683048217e-03,-5.881615102209424017e-02,3.454862247063560130e-11,6.795847086579580310e-02,-8.419710668314610878e-11,-1.032946276042198765e-14,-4.278822379952445208e-03,6.555159828186415960e-02,-2.817219938146369785e-11,-6.983042066173256179e-02,8.132894058916772832e-11
2.146122159747735569e+00,-3.805063769847968902e-01,-1.311379469148658654e-02,-4.367253554439030072e-01,1.130372181186163234e-09,-1.147184767302859454e+00,3.805063763301716473e-01,-9.053724088255434084e-15,9.135521305121524147e-03,-5.871248067663596693e-02,3.450401643540530343e-11,6.784800198177613761e-02,-8.406842148984936642e-11,-1.054557620143320206e-14,-4.324979412635912047e-03,6.564713459189686073e-02,-2.827841934326451890e-11,-6.997211400446141927e-02,8.152702293607882553e-11
2.147702514799096019e+00,-3.805063769847968902e-01,-1.309936274430562389e-02,-4.368180599920978291e-01,1.130426674425685573e-09,-1.147077630807483928e+00,3.805063763300389201e-01,-9.070558439014780474e-15,9.128649868751356408e-03,-5.860865968212968652e-02,3.445924268534636180e-11,6.773730955089976580e-02,-8.393942368271013827e-11,-1.075839188632188922e-14,-4.371077233568344475e-03,6.574225032294779558e-02,-2.838444868085936611e-11,-7.011332755645731385e-02,8.172456501934846068e-11
2.149282869850456912e+00,-3.805063769847969457e-01,-1.308494171397413253e-02,-4.369106003476579403e-01,1.130481096774460639e-09,-1.146970669421591982e+00,3.805063763299063040e-01,-9.087726511663937695e-15,9.121705628728061718e-03,-5.850468870377968644e-02,3.441430152292755851e-11,6.762639433252656818e-02,-8.381011411739243260e-11,-1.096791493170758357e-14,-4.417115108929098484e-03,6.583694479112474351e-02,-2.849028585660654150e-11,-7.025405990000746503e-02,8.192156449021951491e-11
2.150863224901817361e+00,-3.805063769847969457e-01,-1.307053171547253693e-02,-4.370029762740820778e-01,1.130535447968157491e-09,-1.146863883496666237e+00,3.805063763297740209e-01,-9.105223106798561354e-15,9.114688680366290346e-03,-5.840056840787171549e-02,3.436919325304841051e-11,6.751525708825689698e-02,-8.368049365327323880e-11,-1.117415059391982641e-14,-4.463092305639509462e-03,6.593121731166440291e-02,-2.859592933193808576e-11,-7.039430961726986236e-02,8.211801899846345721e-11
2.152443579953178254e+00,-3.805063769847969457e-01,-1.305613286362977861e-02,-4.370951875359227468e-01,1.130589727742930122e-09,-1.146757273382982723e+00,3.805063763296417934e-01,-9.123043033431126328e-15,9.107599120138632626e-03,-5.829629946177468380e-02,3.432391818304075291e-11,6.740389858193224226e-02,-8.355056315344525448e-11,-1.137710426845365774e-14,-4.509008091372061940e-03,6.602506719892425879e-02,-2.870137756738018632e-11,-7.053407529027445888e-02,8.231392619239852950e-11
2.154023935004538703e+00,-3.805063769847969457e-01,-1.304174527312140786e-02,-4.371872338987876638e-01,1.130643935835418907e-09,-1.146650839429609547e+00,3.805063763295098989e-01,-9.141181109210507774e-15,9.100437045674409850e-03,-5.819188253394169674e-02,3.427847662267001845e-11,6.729231957963505151e-02,-8.342032348471874667e-11,-1.157678148942199537e-14,-4.554861734559909753e-03,6.611849376637529696e-02,-2.880662902257456776e-11,-7.067335550092541940e-02,8.250928371890910779e-11
2.155604290055899597e+00,-3.805063769847970012e-01,-1.302736905846773804e-02,-4.372791151293422551e-01,1.130698071982757014e-09,-1.146544581984401123e+00,3.805063763293781709e-01,-9.159632160640669151e-15,9.093202555758446090e-03,-5.808731829391115820e-02,3.423286888413647833e-11,6.718052084968859083e-02,-8.328977551762338706e-11,-1.177318792900203918e-14,-4.600652504406292989e-03,6.621149632659431572e-02,-2.891168215629959134e-11,-7.081214883100279966e-02,8.270408922346489536e-11
2.157184645107260046e+00,-3.805063769847970012e-01,-1.301300433403209181e-02,-4.373708309953105444e-01,1.130752135922571853e-09,-1.146438501393997056e+00,3.805063763292466095e-01,-9.178391023298327875e-15,9.085895750329919807e-03,-5.798260741230914367e-02,3.418709528207699998e-11,6.706850316265801359e-02,-8.315892012641165128e-11,-1.196632939687407540e-14,-4.646379670893554213e-03,6.630407419125632085e-02,-2.901653542649076652e-11,-7.095045386216390637e-02,8.289834035013912079e-11
2.158765000158620495e+00,-3.805063769847970012e-01,-1.299865121401888417e-02,-4.374623812654777621e-01,1.130806127392990242e-09,-1.146332598003816816e+00,3.805063763291153256e-01,-9.197452542049893647e-15,9.078516730481033317e-03,-5.787775056084957376e-02,3.414115613356586771e-11,6.695626729134954158e-02,-8.302775818905960723e-11,-1.215621183965703250e-14,-4.692042504792783529e-03,6.639622667112725363e-02,-2.912118729026265186e-11,-7.108826917594579520e-02,8.309203474162892011e-11
2.160345355209980944e+00,-3.805063769847970012e-01,-1.298430981233279422e-02,-4.375537657095530109e-01,1.130860046132646682e-09,-1.146226872158055521e+00,3.805063763289842083e-01,-9.216605670389507648e-15,9.071066116766706572e-03,-5.777274789913842273e-02,3.409505177367166549e-11,6.684381401592401351e-02,-8.289628981029917720e-11,-1.183181145273467528e-14,-4.736353870580357374e-03,6.648922679502615452e-02,-2.922559759736428310e-11,-7.122558066564334267e-02,8.328709842130133167e-11
2.161925710261341838e+00,-3.805063769847970012e-01,-1.296998023966223004e-02,-4.376449840952864601e-01,1.130913891880773727e-09,-1.146121324199651292e+00,3.805063763288533130e-01,-9.234661601348763381e-15,9.063546992217067638e-03,-5.766759715082410420e-02,3.404878261377000753e-11,6.673114414305997277e-02,-8.276451140895368114e-11,-1.101982300062416599e-14,-4.779380223267339252e-03,6.658300735188070474e-02,-2.932976681955810873e-11,-7.136238757519708376e-02,8.348342831936735853e-11
2.163506065312702287e+00,-3.805063769847970567e-01,-1.295566260359083677e-02,-4.377360361885827000e-01,1.130967664377203013e-09,-1.146015954470283704e+00,3.805063763287226397e-01,-9.251439802904998768e-15,9.055959902922735422e-03,-5.756229855370367798e-02,3.400234899150730215e-11,6.661825845664511025e-02,-8.263242321228706324e-11,-1.021479492509947573e-14,-4.822365738671839305e-03,6.667633502581132854e-02,-2.943373077258966807e-11,-7.149870076454432899e-02,8.367915590953940499e-11
2.165086420364063180e+00,-3.805063769847970567e-01,-1.294135701147573932e-02,-4.378269217563537929e-01,1.131021363362282548e-09,-1.145910763310397540e+00,3.805063763285921330e-01,-9.266951270553077684e-15,9.048304914018735767e-03,-5.745685282401670479e-02,3.395575123250387605e-11,6.650515773805405761e-02,-8.250002617399056745e-11,-9.416721645352755132e-15,-4.865309660429029126e-03,6.676920915395460898e-02,-2.953748790958736216e-11,-7.163451881445682956e-02,8.387427887474264918e-11
2.166666775415423629e+00,-3.805063769847970567e-01,-1.292706357057017003e-02,-4.379176405666447836e-01,1.131074988576877117e-09,-1.145805751059200794e+00,3.805063763284618483e-01,-9.281206990738032770e-15,9.040582091835627776e-03,-5.735126067905033792e-02,3.390898966482531809e-11,6.639184277090444397e-02,-8.236732125141704316e-11,-8.625597289425664369e-15,-4.908211231938241180e-03,6.686162907356041352e-02,-2.964103668293198230e-11,-7.176984030558371253e-02,8.406879489822591658e-11
2.168247130466784522e+00,-3.805063769847970567e-01,-1.291278238802160035e-02,-4.380081923886348649e-01,1.131128539762371391e-09,-1.145700918054662232e+00,3.805063763283317857e-01,-9.294217940395755898e-15,9.032791503899817789e-03,-5.724552283713885831e-02,3.386206461898350045e-11,6.627831434105702080e-02,-8.223430940558024731e-11,-7.841415695335898069e-15,-4.951069696376510058e-03,6.695359412198051419e-02,-2.974437554427841067e-11,-7.190466381845384003e-02,8.426270166357521217e-11
2.169827485518144972e+00,-3.805063769847971122e-01,-1.289851357086982744e-02,-4.380985769926395434e-01,1.131182016660674885e-09,-1.145596264633505834e+00,3.805063763282019451e-01,-9.305995086495652912e-15,9.024933218933961845e-03,-5.713964001766387579e-02,3.381497642793789040e-11,6.616457323661600887e-02,-8.210099160115457292e-11,-7.064170412213514209e-15,-4.993884296711903828e-03,6.704510363665645845e-02,-2.984750294457671338e-11,-7.203898793347679463e-02,8.445599685472557238e-11
2.171407840569505865e+00,-3.805063769847971122e-01,-1.288425722604510243e-02,-4.381887941501120265e-01,1.131235419014224650e-09,-1.145491791131208359e+00,3.805063763280723266e-01,-9.316549385584920253e-15,9.017007306857234561e-03,-5.703361294105389889e-02,3.376772542709648737e-11,6.605062024792912601e-02,-8.196736880647423486e-11,-6.293854701450727281e-15,-5.036654275717128600e-03,6.713615695510846693e-02,-2.995041733409408666e-11,-7.217281123094554385e-02,8.464867815597507543e-11
2.172988195620866314e+00,-3.805063769847971122e-01,-1.287001346036623951e-02,-4.382788436336446103e-01,1.131288746565990441e-09,-1.145387497881997119e+00,3.805063763279428746e-01,-9.325891783334725909e-15,9.009013838785617095e-03,-5.692744232878421684e-02,3.372031195431687633e-11,6.593645616758762873e-02,-8.183344199353259777e-11,-5.530461537862898557e-15,-5.079378875982955288e-03,6.722675341492345691e-02,-3.005311716243616963e-11,-7.230613229103774464e-02,8.484074325199714569e-11
2.174568550672226763e+00,-3.805063769847971122e-01,-1.285578238053870954e-02,-4.383687252169708448e-01,1.131341999059477198e-09,-1.145283385218843097e+00,3.805063763278137001e-01,-9.334033214088343575e-15,9.000952887032261443e-03,-5.682112890337726735e-02,3.367273634990749438e-11,6.582208179042710328e-02,-8.169921213798222773e-11,-4.773983610859652161e-15,-5.122057339931697546e-03,6.731689235374353764e-02,-3.015560087856863504e-11,-7.243894969381781124e-02,8.503218982785353006e-11
2.176148905723587212e+00,-3.805063769847971678e-01,-1.284156409315277171e-02,-4.384584386749668661e-01,1.131395176238729803e-09,-1.145179453473461395e+00,3.805063763276846367e-01,-9.340984600410946577e-15,8.992824525107655231e-03,-5.671467338840203987e-02,3.362499895662839334e-11,6.570749791352704927e-02,-8.156468021913359984e-11,-4.024413325628848009e-15,-5.164688909830776435e-03,6.740657310925417256e-02,-3.025786693083890925e-11,-7.257126201923864983e-02,8.522301556900723557e-11
2.177729260774948106e+00,-3.805063769847971678e-01,-1.282735870468153239e-02,-4.385479837836532280e-01,1.131448277848337011e-09,-1.145075702976303678e+00,3.805063763275558508e-01,-9.346756852641408664e-15,8.984628827719873256e-03,-5.660807650847403394e-02,3.357710011969217027e-11,6.559270533621100463e-02,-8.142984721995440024e-11,-3.281742804330024223e-15,-5.207272827806278155e-03,6.749579501917254976e-02,-3.035991376699787272e-11,-7.270306784714353210e-02,8.541321816133536361e-11
2.179309615826308555e+00,-3.805063769847971678e-01,-1.281316632147913755e-02,-4.386373603201961791e-01,1.131501303633435169e-09,-1.144972134056558399e+00,3.805063763274272315e-01,-9.351360868445933371e-15,8.976365870774801262e-03,-5.650133898925554371e-02,3.352904018676504678e-11,6.547770486004717005e-02,-8.129471412706937103e-11,-2.545963887303667261e-15,-5.249808335856478818e-03,6.758455742123627152e-02,-3.046173983422163172e-11,-7.283436575726834339e-02,8.560279529114253873e-11
2.180889970877669448e+00,-3.805063769847972233e-01,-1.279898704977877610e-02,-4.387265680629099940e-01,1.131554253339711527e-09,-1.144868747042144141e+00,3.805063763272988897e-01,-9.354807532373761252e-15,8.968035731376371861e-03,-5.639446155745551220e-02,3.348081950796774134e-11,6.536249728884842292e-02,-8.115928193075941848e-11,-1.817068134283839433e-15,-5.292294675865324115e-03,6.767285965319086438e-02,-3.056334357913285056e-11,-7.296515432924252642e-02,8.579174464517248911e-11
2.182470325929029897e+00,-3.805063769847972233e-01,-1.278482099569090008e-02,-4.388156067912578062e-01,1.131607126713408580e-09,-1.144765542259708280e+00,3.805063763271707700e-01,-9.357107715414476912e-15,8.959638487826625253e-03,-5.628744494082932315e-02,3.343243843587618667e-11,6.524708342867217847e-02,-8.102355162496060487e-11,-1.095046825631763294e-15,-5.334731089616161388e-03,6.776070105277906541e-02,-3.066472344782320817e-11,-7.309543214259220378e-02,8.598006391062259981e-11
2.184050680980390791e+00,-3.805063769847972233e-01,-1.277066826520118457e-02,-4.389044762858541615e-01,1.131659923501328616e-09,-1.144662520034622100e+00,3.805063763270428168e-01,-9.358272274557731539e-15,8.951174219625979839e-03,-5.618028986817898141e-02,3.338389732552251847e-11,6.513146408782087560e-02,-8.088752420726381248e-11,-3.798909635680697132e-16,-5.377116818805150779e-03,6.784808095772770775e-02,-3.076587788587438790e-11,-7.322519777674034447e-02,8.616775077515466611e-11
2.185631036031751240e+00,-3.805063769847972233e-01,-1.275652896416879303e-02,-4.389931763284659061e-01,1.131712643450836202e-09,-1.144559680690978132e+00,3.805063763269150856e-01,-9.358312052354453223e-15,8.942643007473287733e-03,-5.607299706935332112e-02,3.333519653439579916e-11,6.501564007684218494e-02,-8.075120067891398103e-11,3.284087265691930197e-16,-5.419451105055012041e-03,6.793499870573781185e-02,-3.086680533838074092e-11,-7.335444981101069128e-02,8.635480292691013171e-11
2.187211391083112133e+00,-3.805063769847972788e-01,-1.274240319832439447e-02,-4.390817067020140185e-01,1.131765286309862935e-09,-1.144457024551585489e+00,3.805063763267875765e-01,-9.357237876480359178e-15,8.934044933265937113e-03,-5.596556727524774899e-02,3.328633642244272880e-11,6.489961220852888402e-02,-8.061458204480909953e-11,1.029861795067613472e-15,-5.461733189928567531e-03,6.802145363447172077e-02,-3.096750424997071536e-11,-7.348318682462838536e-02,8.654121805452142372e-11
2.188791746134472582e+00,-3.805063769847972788e-01,-1.272829107326824138e-02,-4.391700671905757192e-01,1.131817851826911993e-09,-1.144354551937967424e+00,3.805063763266602894e-01,-9.355060559301400660e-15,8.925380080099984056e-03,-5.585800121780436917e-02,3.323731735206841406e-11,6.478338129791921807e-02,-8.047766931349952129e-11,1.724478066569615794e-15,-5.503962314942344169e-03,6.810744508154112364e-02,-3.106797306482867972e-11,-7.361140739672174249e-02,8.672699384712469636e-11
2.190372101185833476e+00,-3.805063769847972788e-01,-1.271419269446836045e-02,-4.392582575793856359e-01,1.131870339751060414e-09,-1.144252263170357997e+00,3.805063763265332244e-01,-9.351790897441121679e-15,8.916648532270152541e-03,-5.575029963001221917e-02,3.318813968813701450e-11,6.466694816229685838e-02,-8.034046349718713674e-11,2.412267638785953796e-15,-5.546137721580232660e-03,6.819297238449607834e-02,-3.116821022671711453e-11,-7.373911010632461238e-02,8.691212799437329858e-11
2.191952456237193925e+00,-3.805063769847972788e-01,-1.270010816725861136e-02,-4.393462776548373583e-01,1.131922749831963639e-09,-1.144150158567696307e+00,3.805063763264063814e-01,-9.347439671350166551e-15,8.907850375269905571e-03,-5.564246324590716580e-02,3.313880379797234999e-11,6.455031362119113825e-02,-8.020296561172448161e-11,3.093240881204482911e-15,-5.588258651307118074e-03,6.827803488081278516e-02,-3.126821417899835167e-11,-7.386629353237808560e-02,8.709661818645012996e-11
2.193532811288554374e+00,-3.805063769847973343e-01,-1.268603759683677862e-02,-4.394341272044857694e-01,1.131975081819860272e-09,-1.144048238447626042e+00,3.805063763262797050e-01,-9.342017644877888989e-15,8.898985695791533646e-03,-5.553449280057254356e-02,3.308931005135883775e-11,6.443347849637774682e-02,-8.006517667661460772e-11,3.767408433786295394e-15,-5.630324345582599782e-03,6.836263190788270661e-02,-3.136798336465710217e-11,-7.399295625373325525e-02,8.728046211408157365e-11
2.195113166339914823e+00,-3.805063769847973343e-01,-1.267198108826270847e-02,-4.395218060170479890e-01,1.132027335465574768e-09,-1.143946503126489711e+00,3.805063763261532506e-01,-9.335535564845799233e-15,8.890054581726015981e-03,-5.542638903013857865e-02,3.303965882054159578e-11,6.431644361187782710e-02,-7.992709771500892450e-11,4.434781205650449374e-15,-5.672334045874494537e-03,6.844676280299910598e-02,-3.146751622632158161e-11,-7.411909684915121699e-02,8.746365746854800403e-11
2.196693521391275716e+00,-3.805063769847973343e-01,-1.265793874645640589e-02,-4.396093138824054281e-01,1.132079510520521776e-09,-1.143844952919326197e+00,3.805063763260270737e-01,-9.328004160623333585e-15,8.881057122163089901e-03,-5.531815267178299272e-02,3.298985048022725711e-11,6.419920979395887795e-02,-7.978872975370730243e-11,5.095370373748832422e-15,-5.714286993672697788e-03,6.853042690334706921e-02,-3.156681120628641913e-11,-7.424471389730691318e-02,8.764620194169893458e-11
2.198273876442636166e+00,-3.805063769847973343e-01,-1.264391067619612813e-02,-4.396966505916050649e-01,1.132131606736710480e-09,-1.143743588139866096e+00,3.805063763259011189e-01,-9.319434143705640279e-15,8.871993407391193590e-03,-5.520978446373119020e-02,3.293988540758450616e-11,6.408177787113471247e-02,-7.965007382315692274e-11,5.749187381531741006e-15,-5.756182430502702375e-03,6.861362354599048752e-02,-3.166586674653413827e-11,-7.436980597678971572e-02,8.782809322596409422e-11
2.199854231493997059e+00,-3.805063769847973898e-01,-1.262989698211646090e-02,-4.397838159368619437e-01,1.132183623866747910e-09,-1.143642409100529722e+00,3.805063763257753306e-01,-9.309836207293380096e-15,8.862863528897327314e-03,-5.510128514525580723e-02,3.288976398224416273e-11,6.396414867416497230e-02,-7.951113095745054546e-11,6.396243937603031998e-15,-5.798019597939485861e-03,6.869635206786077475e-02,-3.176468128875772999e-11,-7.449437166610606287e-02,8.800932901436714052e-11
2.201434586545357508e+00,-3.805063769847973898e-01,-1.261589776870655245e-02,-4.398708097115595628e-01,1.132235561663842247e-09,-1.143541416112421993e+00,3.805063763256498199e-01,-9.299221025874989805e-15,8.853667579367150570e-03,-5.499265545667857830e-02,3.283948658630057792e-11,6.384632303605708437e-02,-7.937190219432785366e-11,7.036552014359506433e-15,-5.839797737620956372e-03,6.877861180574580680e-02,-3.186325327438259877e-11,-7.461840954368173517e-02,8.818990700053867480e-11
2.203014941596718401e+00,-3.805063769847973898e-01,-1.260191314030802145e-02,-4.399576317102528167e-01,1.132287419881808826e-09,-1.143440609485330217e+00,3.805063763255244202e-01,-9.287599254810543837e-15,8.844405652684595234e-03,-5.488389613936823369e-02,3.278905360431069058e-11,6.372830179206369350e-02,-7.923238857517113651e-11,7.670123846632559654e-15,-5.881516091261906713e-03,6.886040209627634912e-02,-3.196158114458852816e-11,-7.474191818786229957e-02,8.836982487872734447e-11
2.204595296648078850e+00,-3.805063769847973898e-01,-1.258794320111325006e-02,-4.400442817286686625e-01,1.132339198275071577e-09,-1.143339989527719425e+00,3.805063763253993536e-01,-9.274981529918399058e-15,8.835077843931981798e-03,-5.477500793574281712e-02,3.273846542329555894e-11,6.361008577968513267e-02,-7.909259114500727979e-11,8.296971930304875067e-15,-5.923173900667571233e-03,6.894172227591618962e-02,-3.205966334033228605e-11,-7.486489617691670373e-02,8.854908034381460305e-11
2.206175651699439744e+00,-3.805063769847974453e-01,-1.257398805516336121e-02,-4.401307595637082293e-01,1.132390896598668613e-09,-1.143239556546730151e+00,3.805063763252745090e-01,-9.261378467063535595e-15,8.825684249389708844e-03,-5.466599158926861018e-02,3.268772243273999217e-11,6.349167583866811848e-02,-7.895251095250484480e-11,8.917109020929468692e-15,-5.964770407747417742e-03,6.902257168094882989e-02,-3.215749830236940926e-11,-7.498734208903799769e-02,8.872767109132568321e-11
2.207756006750800193e+00,-3.805063769847974453e-01,-1.256004780634641972e-02,-4.402170650134485386e-01,1.132442514608254712e-09,-1.143139310848172885e+00,3.805063763251498310e-01,-9.246800661748496170e-15,8.816224966536242644e-03,-5.455684784446180463e-02,3.263682502459352630e-11,6.337307281100730549e-02,-7.881214904997492147e-11,9.530548132330189962e-15,-6.006304854528819737e-03,6.910294964746721558e-02,-3.225508447127685409e-11,-7.510925450234648415e-02,8.890559481744399489e-11
2.209336361802160642e+00,-3.805063769847974453e-01,-1.254612255839542521e-02,-4.403031978771440591e-01,1.132494052060107516e-09,-1.143039252736526290e+00,3.805063763250253750e-01,-9.231258688706012015e-15,8.806700094047652250e-03,-5.444757744688673295e-02,3.258577359326962925e-11,6.325427754094306576e-02,-7.867150649336722507e-11,1.013730253520022750e-14,-6.047776483170982757e-03,6.918285551136033051e-02,-3.235242028747503933e-11,-7.523063199489030128e-02,8.908284921902229224e-11
2.210916716853521091e+00,-3.805063769847974453e-01,-1.253221241488657565e-02,-4.403891579552280944e-01,1.132545508711127948e-09,-1.142939382514933211e+00,3.805063763249011410e-01,-9.214763101494508134e-15,8.797109731797652862e-03,-5.433818114315832476e-02,3.253456853564699985e-11,6.313529087496408398e-02,-7.853058434227198322e-11,1.073738575568048236e-14,-6.089184535978355538e-03,6.926228860830230261e-02,-3.244950419124991527e-11,-7.535147314464811508e-02,8.925943199359580514e-11
2.212497071904881984e+00,-3.805063769847975563e-01,-1.251831747923720303e-02,-4.404749450493150587e-01,1.132596884318848071e-09,-1.142839700485197119e+00,3.805063763247771291e-01,-9.197324432095392965e-15,8.787453980857302255e-03,-5.422865968094149614e-02,3.248321025106940622e-11,6.301611366180631668e-02,-7.838938365991749310e-11,1.133081157394217591e-14,-6.130528255414741112e-03,6.934124827374103794e-02,-3.254633462277594374e-11,-7.547177652953152016e-02,8.943534083939587469e-11
2.214077426956242434e+00,-3.805063769847975563e-01,-1.250443785470400394e-02,-4.405605589622014762e-01,1.132648178641431501e-09,-1.142740206947777448e+00,3.805063763246533948e-01,-9.178953190512642054e-15,8.777732943494596582e-03,-5.411901380895114272e-02,3.243169914134544669e-11,6.289674675245265911e-02,-7.824790551316850591e-11,1.191759402274575553e-14,-6.171806884116851077e-03,6.941973384288527282e-02,-3.264291002213779868e-11,-7.559154072738610841e-02,8.961057345536127531e-11
2.215657782007603327e+00,-3.805063769847975563e-01,-1.249057364438113313e-02,-4.406459994978680350e-01,1.132699391437679195e-09,-1.142640902201788045e+00,3.805063763245298269e-01,-9.159659864374901342e-15,8.767946723174331602e-03,-5.400924427695322910e-02,3.238003561074913139e-11,6.277719100013387510e-02,-7.810615097252604588e-11,1.249774738599860450e-14,-6.213019664908046337e-03,6.949774465069331886e-02,-3.273922882935276470e-11,-7.571076431599341183e-02,8.978512754115107478e-11
2.217238137058963776e+00,-3.805063769847975563e-01,-1.247672495119823630e-02,-4.407312664614812525e-01,1.132750522467034002e-09,-1.142541786544991833e+00,3.805063763244064812e-01,-9.139454918539657279e-15,8.758095424557759204e-03,-5.389935183576485822e-02,3.232822006601984353e-11,6.265744726032830558e-02,-7.796412111212584642e-11,1.307128619730360257e-14,-6.254165840812289483e-03,6.957528003186172483e-02,-3.283528948439366542e-11,-7.582944587307405282e-02,8.995900079715834736e-11
2.218818492110324669e+00,-3.805063769847976118e-01,-1.246289187791866163e-02,-4.408163596593948630e-01,1.132801571489581699e-09,-1.142442860273798599e+00,3.805063763242834129e-01,-9.118348794699847665e-15,8.748179153502273417e-03,-5.378933723725498606e-02,3.227625291636246856e-11,6.253751639076231272e-02,-7.782181700973753582e-11,1.363822523849314316e-14,-6.295244655067706863e-03,6.965233932081274504e-02,-3.293109042721058993e-11,-7.594758397628835478e-02,9.013219092452148288e-11
2.220398847161685119e+00,-3.805063769847976118e-01,-1.244907452713748218e-02,-4.409012788991517051e-01,1.132852538266058432e-09,-1.142344123683260548e+00,3.805063763241605113e-01,-9.096351910992652903e-15,8.738198017061032247e-03,-5.367920123434444246e-02,3.222413457344726501e-11,6.241739925140987744e-02,-7.767923974676291830e-11,1.419857953815951548e-14,-6.336255351140553105e-03,6.972892185168311219e-02,-3.302663009775385997e-11,-7.606517720323929810e-02,9.030469562513780939e-11
2.221979202213046012e+00,-3.805063769847976118e-01,-1.243527300127965883e-02,-4.409860239894854428e-01,1.132903422557851339e-09,-1.142245577067068973e+00,3.805063763240378871e-01,-9.073474661610724839e-15,8.728152123482570829e-03,-5.356894458100654871e-02,3.217186545140985152e-11,6.229709670449285613e-02,-7.753639040823491419e-11,1.475236437017185706e-14,-6.377197172738852116e-03,6.980502695831147797e-02,-3.312190693599596312e-11,-7.618222413147358874e-02,9.047651260167505735e-11
2.223559557264406461e+00,-3.805063769847976118e-01,-1.242148740259816156e-02,-4.410705947403218419e-01,1.132954224127004959e-09,-1.142147220717551148e+00,3.805063763239154850e-01,-9.049727416415745891e-15,8.718041582210426729e-03,-5.345856803226760323e-02,3.211944596685116805e-11,6.217660961448109175e-02,-7.739327008281637081e-11,1.529959525218564053e-14,-6.418069363826274000e-03,6.988065397422725533e-02,-3.321691938195435847e-11,-7.629872333848428112e-02,9.064763955758487888e-11
2.225139912315766910e+00,-3.805063769847976118e-01,-1.240771783317200748e-02,-4.411549909627811572e-01,1.133004942736224543e-09,-1.142049054925665663e+00,3.805063763237932495e-01,-9.025120520554383160e-15,8.707866503882794734e-03,-5.334807234420770733e-02,3.206687653883765687e-11,6.205593884809288557e-02,-7.724987986279931289e-11,1.584028794414595991e-14,-6.458871168635940858e-03,6.995580223263904440e-02,-3.331166587571405600e-11,-7.641467340171310962e-02,9.081807419711559149e-11
2.226720267367127803e+00,-3.805063769847976674e-01,-1.239396439490445326e-02,-4.412392124691789097e-01,1.133055578148878327e-09,-1.141951079981000428e+00,3.805063763236712915e-01,-8.999664294076503419e-15,8.697627000331976943e-03,-5.323745827396071661e-02,3.201415758890070677e-11,6.193508527429437971e-02,-7.710622084410282290e-11,1.637445844677572759e-14,-6.499601831684113755e-03,7.003047106642176778e-02,-3.340614485744958864e-11,-7.653007289855127959e-02,9.098781422532347430e-11
2.228300622418488253e+00,-3.805063769847976674e-01,-1.238022718952107130e-02,-4.413232590730282734e-01,1.133106130129003320e-09,-1.141853296171767784e+00,3.805063763235495555e-01,-8.973369031555868278e-15,8.687323184583962965e-03,-5.312672657971501122e-02,3.196128954103668538e-11,6.181404976429994563e-02,-7.696229412627209753e-11,1.690212300006089894e-14,-6.540260597784094791e-03,7.010465980810555442e-02,-3.350035476744790185e-11,-7.664492040634218739e-02,9.115685734808614506e-11
2.229880977469848702e+00,-3.805063769847976674e-01,-1.236650631856788495e-02,-4.414071305890413521e-01,1.133156598441308619e-09,-1.141755703784801401e+00,3.805063763234280416e-01,-8.946245001713328466e-15,8.676955170858018790e-03,-5.301587802071446032e-02,3.190827282170697795e-11,6.169283319157272544e-02,-7.681810081247776272e-11,1.742329808172310502e-14,-6.580846712060039842e-03,7.017836778986465129e-02,-3.359429404613114636e-11,-7.675921450238427923e-02,9.132520127211600186e-11
2.231461332521209151e+00,-3.805063769847976674e-01,-1.235280188340945329e-02,-4.414908268331307895e-01,1.133206982851179124e-09,-1.141658303105553385e+00,3.805063763233067498e-01,-8.918302447042160648e-15,8.666523074566084839e-03,-5.290491335725829025e-02,3.185510785983732816e-11,6.157143643182388937e-02,-7.667364200951344378e-11,1.793800040568651402e-14,-6.621359419960615167e-03,7.025159434350372600e-02,-3.368796113407830764e-11,-7.687295376393085689e-02,9.149284370497021392e-11
2.233041687572570044e+00,-3.805063769847977229e-01,-1.233911398522696649e-02,-4.415743476224121555e-01,1.133257283124679887e-09,-1.141561094418089617e+00,3.805063763231856799e-01,-8.889551583436056404e-15,8.656027012312286772e-03,-5.279383335070193112e-02,3.180179508681778001e-11,6.144986036301298971e-02,-7.652891882779492530e-11,1.844624692053540314e-14,-6.661797967273105046e-03,7.032433880044812458e-02,-3.378135447204902610e-11,-7.698613676819454632e-02,9.165978235506624414e-11
2.234622042623930493e+00,-3.805063769847977229e-01,-1.232544272501647463e-02,-4.416576927752044468e-01,1.133307499028558589e-09,-1.141464078005086868e+00,3.805063763230648322e-01,-8.860002599819629249e-15,8.645467101892439360e-03,-5.268263876345809921e-02,3.174833493650252268e-11,6.132810586534857139e-02,-7.638393238135932396e-11,1.894805480795899500e-14,-6.702161600136790839e-03,7.039660049173036838e-02,-3.387447250100476775e-11,-7.709876209234718669e-02,9.182601493169140046e-11
2.236202397675291387e+00,-3.805063769847976674e-01,-1.231178820358686844e-02,-4.417408621110326394e-01,1.133357630330251748e-09,-1.141367254147829025e+00,3.805063763229442619e-01,-8.829665657781086280e-15,8.634843462293411570e-03,-5.257133035899681783e-02,3.169472784520932831e-11,6.120617382128747813e-02,-7.623868378786289136e-11,1.944344148119553053e-14,-6.742449565057155765e-03,7.046837874797969026e-02,-3.396731366213264445e-11,-7.721082831352342468e-02,9.199153914501786728e-11
2.237782752726651836e+00,-3.805063769847976674e-01,-1.229815052155807699e-02,-4.418238554506291327e-01,1.133407676797886782e-09,-1.141270623126203754e+00,3.805063763228239138e-01,-8.798550891207599315e-15,8.624156213692550643e-03,-5.245990890184614591e-02,3.164097425171917722e-11,6.108406511553517160e-02,-7.609317416857974737e-11,1.993242458346220218e-14,-6.782661108919484268e-03,7.053967289940914209e-02,-3.405987639686718551e-11,-7.732233400882168595e-02,9.215635270611314861e-11
2.239363107778012729e+00,-3.805063769847977229e-01,-1.228452977935916464e-02,-4.419066726159353031e-01,1.133457638200286355e-09,-1.141174185218698511e+00,3.805063763227037876e-01,-8.766668405923153049e-15,8.613405477457123510e-03,-5.234837515759330900e-02,3.158707459727610924e-11,6.096178063504611999e-02,-7.594740464840111758e-11,2.041502198637896574e-14,-6.822795479002756285e-03,7.061048227580493664e-02,-3.415215914691349234e-11,-7.743327775530708945e-02,9.232045332695418187e-11
2.240943462829373178e+00,-3.805063769847977229e-01,-1.227092607722643676e-02,-4.419893134301035031e-01,1.133507514306972719e-09,-1.141077940702397875e+00,3.805063763225838835e-01,-8.734028279328701421e-15,8.602591376143588209e-03,-5.223672989288459523e-02,3.153302932558632545e-11,6.083932126902309029e-02,-7.580137635583267081e-11,2.089125178838444766e-14,-6.862851922993352428e-03,7.068080620651284729e-02,-3.424416035426911344e-11,-7.754365813001186380e-02,9.248383872043744494e-11
2.242523817880734072e+00,-3.805063769847977229e-01,-1.225733951520161305e-02,-4.420717777174979490e-01,1.133557304888171231e-09,-1.140981889852978437e+00,3.805063763224642015e-01,-8.700640560045141786e-15,8.591714033497009281e-03,-5.212497387542680549e-02,3.147883888281813002e-11,6.071668790891791151e-02,-7.565509042299418308e-11,2.136113231314178967e-14,-6.902829688999067952e-03,7.075064402042888223e-02,-3.433587846124778065e-11,-7.765347370993971876e-02,9.264650660039447878e-11
2.244104172932094521e+00,-3.805063769847977229e-01,-1.224377019312988292e-02,-4.421540653036976076e-01,1.133607009714813866e-09,-1.140886032944707029e+00,3.805063763223447970e-01,-8.666515267558598882e-15,8.580773574450448887e-03,-5.201310787398803065e-02,3.142450371760147786e-11,6.059388144843175922e-02,-7.550854798561820636e-11,2.182468210794029669e-14,-6.942728025562661803e-03,7.081999504598561479e-02,-3.442731191050102570e-11,-7.776272307206606726e-02,9.280845468160174896e-11
2.245684527983454970e+00,-3.805063769847977784e-01,-1.223021821065804239e-02,-4.422361760154968624e-01,1.133656628558544180e-09,-1.140790370250436059e+00,3.805063763222255591e-01,-8.631662391868067477e-15,8.569770125124033522e-03,-5.190113265839710333e-02,3.137002428102668860e-11,6.047090278351360121e-02,-7.536175018304661767e-11,2.228191994208622372e-14,-6.982546181675875797e-03,7.088885861114029019e-02,-3.451845914504113445e-11,-7.787140479333985732e-02,9.296968067979314382e-11
2.247264883034815863e+00,-3.805063769847977784e-01,-1.221668366723267091e-02,-4.423181096809074564e-01,1.133706161191720621e-09,-1.140694902041599956e+00,3.805063763221065987e-01,-8.596091893136226254e-15,8.558703812824556764e-03,-5.178904899954646368e-02,3.131540102664498942e-11,6.034775281236264693e-02,-7.521469815823209250e-11,2.273286480528579079e-14,-7.022283406793181429e-03,7.095723404336519435e-02,-3.460931860826435968e-11,-7.797951745068786022e-02,9.313018231167470864e-11
2.248845238086176312e+00,-3.805063769847977784e-01,-1.220316666209824742e-02,-4.423998661291604351e-01,1.133755607387419217e-09,-1.140599628588212955e+00,3.805063763219878048e-01,-8.559813701342083412e-15,8.547574766044388136e-03,-5.167685766939076469e-02,3.126063441046668623e-11,6.022443243542594665e-02,-7.506739305773351655e-11,2.317753590602004437e-14,-7.061938950845501536e-03,7.102512066963290183e-02,-3.469988874397258284e-11,-7.808705962101357423e-02,9.328995729493353784e-11
2.250425593137536762e+00,-3.805063769847977784e-01,-1.218966729429518323e-02,-4.424814451907074786e-01,1.133804966919439570e-09,-1.140504550158862651e+00,3.805063763218692885e-01,-8.522837715936624689e-15,8.536383114461032484e-03,-5.156455944094935628e-02,3.120572489096151906e-11,6.010094255540032737e-02,-7.491983603171683875e-11,2.361595266991839017e-14,-7.101512064254135795e-03,7.109251781640678336e-02,-3.479016799639677241e-11,-7.819402988120165154e-02,9.344900334825267715e-11
2.252005948188897655e+00,-3.805063769847978894e-01,-1.217618566265803864e-02,-4.425628466972230113e-01,1.133854239562308169e-09,-1.140409667020709783e+00,3.805063763217509942e-01,-8.485173805500957331e-15,8.525128988936158531e-03,-5.145215508830622980e-02,3.115067292905745364e-11,5.997728407723147692e-02,-7.477202823395226659e-11,2.404813473811552221e-14,-7.141001997944593400e-03,7.115942480962877958e-02,-3.488015481021971843e-11,-7.830042680811957756e-02,9.360731819132318234e-11
2.253586303240258104e+00,-3.805063769847978894e-01,-1.216272186581364087e-02,-4.426440704816055893e-01,1.133903425091280662e-09,-1.140314979439483123e+00,3.805063763216329775e-01,-8.446831807406943705e-15,8.513812521514745393e-03,-5.133964538661062171e-02,3.109547898813972496e-11,5.985345790811356925e-02,-7.462397082181218528e-11,2.447410196560533191e-14,-7.180408003360166415e-03,7.122584097470589792e-02,-3.496984763059769430e-11,-7.840624897861761533e-02,9.376489954485381274e-11
2.255166658291618997e+00,-3.805063769847978894e-01,-1.214927600217921740e-02,-4.427251163779792886e-01,1.133952523282347853e-09,-1.140220487679475037e+00,3.805063763215151273e-01,-8.407821527480788417e-15,8.502433845424499717e-03,-5.122703111207922710e-02,3.104014353405097297e-11,5.972946495749106161e-02,-7.447566495627168762e-11,2.489387441958839284e-14,-7.219729332476007046e-03,7.129176563650174714e-02,-3.505924490318468409e-11,-7.851149496953455098e-02,9.392174513058765244e-11
2.256747013342979447e+00,-3.805063769847978894e-01,-1.213584816996051211e-02,-4.428059842216959807e-01,1.134001533912238186e-09,-1.140126192003539485e+00,3.805063763213975547e-01,-8.368152739668627545e-15,8.490993095074653510e-03,-5.111431304199502701e-02,3.098466703508915524e-11,5.960530613705613406e-02,-7.432711180190385651e-11,2.530747237780976771e-14,-7.258965237812650684e-03,7.135719811932075829e-02,-3.514834507415334647e-11,-7.861616335769533448e-02,9.407785267130925761e-11
2.258327368394340340e+00,-3.805063769847978894e-01,-1.212243846714986320e-02,-4.428866738493368316e-01,1.134050456758422705e-09,-1.140032092673088027e+00,3.805063763212802597e-01,-8.327835185705334861e-15,8.479490406055468013e-03,-5.100149195471024438e-02,3.092904996200803811e-11,5.948098236075127082e-02,-7.417831252688113498e-11,2.571491632689478003e-14,-7.298114972450164308e-03,7.142213774690070460e-02,-3.523714659021968141e-11,-7.872025271991782425e-02,9.423321989086236333e-11
2.259907723445700789e+00,-3.805063769847979449e-01,-1.210904699152449276e-02,-4.429671850987136894e-01,1.134099291599117744e-09,-1.139938189948085823e+00,3.805063763211630756e-01,-8.286878574785803488e-15,8.467925915137036741e-03,-5.088856862964583755e-02,3.087329278801532908e-11,5.935649454476754627e-02,-7.402926830297159091e-11,2.611622696066732359e-14,-7.337177790041488241e-03,7.148658384239729713e-02,-3.532564789866382607e-11,-7.882376163301067773e-02,9.438784451415709561e-11
2.261488078497061682e+00,-3.805063769847979449e-01,-1.209567384064446673e-02,-4.430475178088713606e-01,1.134148038213289477e-09,-1.139844484087048082e+00,3.805063763210462247e-01,-8.245292583238527879e-15,8.456299760268480570e-03,-5.077554384729268677e-02,3.081739598877206932e-11,5.923184360754491645e-02,-7.387998030553763752e-11,2.651142517847429670e-14,-7.376152944826609714e-03,7.155053572837442866e-02,-3.541384744735403011e-11,-7.892668867377770903e-02,9.454172426718519663e-11
2.263068433548422131e+00,-3.805063769847979449e-01,-1.208231911185095667e-02,-4.431276718200884979e-01,1.134196696380658051e-09,-1.139750975347037398e+00,3.805063763209295402e-01,-8.203086854202562123e-15,8.444612080577128949e-03,-5.066241838921354407e-02,3.076136004239218133e-11,5.910703046977350966e-02,-7.373044971353567149e-11,2.690053208349303480e-14,-7.415039691646075487e-03,7.161399272679237760e-02,-3.550174368476892493e-11,-7.902903241901984566e-02,9.469485687703147609e-11
2.264648788599782581e+00,-3.805063769847979449e-01,-1.206898290226428999e-02,-4.432076469738802094e-01,1.134245265881701521e-09,-1.139657663983659308e+00,3.805063763208131888e-01,-8.160270997306191654e-15,8.432863016367257020e-03,-5.054919303804190911e-02,3.070518542944031697e-11,5.898205605439108684e-02,-7.358067770951149757e-11,2.728356898103748098e-14,-7.453837285954915612e-03,7.167695415899454081e-02,-3.558933506001994801e-11,-7.913079144553543387e-02,9.484724007188470665e-11
2.266229143651143030e+00,-3.805063769847980004e-01,-1.205566530878219265e-02,-4.432874431129989468e-01,1.134293746497657910e-09,-1.139564550251058295e+00,3.805063763206970040e-01,-8.116854588349426203e-15,8.421052709119426424e-03,-5.043586857748530439e-02,3.064887263293214180e-11,5.885692128658571998e-02,-7.343066547960159523e-11,2.766055737685391191e-14,-7.492544983836326930e-03,7.173941934569778855e-02,-3.567662002287468494e-11,-7.923196433012458240e-02,9.499887158105166022e-11
2.267809498702503923e+00,-3.805063769847980004e-01,-1.204236642807781331e-02,-4.433670600814366702e-01,1.134342138010532041e-09,-1.139471634401916234e+00,3.805063763205810967e-01,-8.072847168988188798e-15,8.409181301489368141e-03,-5.032244579232526133e-02,3.059242213833271303e-11,5.873162709379467494e-02,-7.328041421353019768e-11,2.803151897541531965e-14,-7.531162042015515298e-03,7.180138760698011324e-02,-3.576359702377936485e-11,-7.933254964959048083e-02,9.514974913496888231e-11
2.269389853753864372e+00,-3.805063769847980004e-01,-1.202908635659796430e-02,-4.434464977244265138e-01,1.134390440203096978e-09,-1.139378916687446619e+00,3.805063763204654115e-01,-8.028258246421735946e-15,8.397248937306854913e-03,-5.020892546841791010e-02,3.053583443355511597e-11,5.860617440570386333e-02,-7.312992510460665524e-11,2.839647567820282131e-14,-7.569687717873363475e-03,7.186285826226794515e-02,-3.585026451388122010e-11,-7.943254598074042661e-02,9.529987046521334202e-11
2.270970208805225266e+00,-3.805063769847980004e-01,-1.201582519056129499e-02,-4.435257558884441176e-01,1.134438652858899407e-09,-1.139286397357392566e+00,3.805063763203499483e-01,-7.983108414366569104e-15,8.385255759821085703e-03,-5.009530839440361205e-02,3.047911000911967692e-11,5.848056415420282983e-02,-7.297919936315980489e-11,2.855373913385473663e-14,-7.608153076018949260e-03,7.192379964970417594e-02,-3.593661804251661180e-11,-7.953195272632367085e-02,9.544898962215585395e-11
2.272550563856585715e+00,-3.805063769847980004e-01,-1.200258302618772976e-02,-4.436048344214353900e-01,1.134486775762283003e-09,-1.139194076660027477e+00,3.805063763202347626e-01,-7.939977378917182475e-15,8.373201509916130408e-03,-4.998159575305870239e-02,3.042224939481813634e-11,5.835479726295204200e-02,-7.282824129475628058e-11,2.603548704097417409e-14,-7.646946515385990781e-03,7.198383205219867353e-02,-3.602262055097904354e-11,-7.963077856814315680e-02,9.559412298597409119e-11
2.274130918907946608e+00,-3.805063769847980004e-01,-1.198935996021127139e-02,-4.436837331733189949e-01,1.134534808698441576e-09,-1.139101954842167475e+00,3.805063763201197991e-01,-7.900801238353299294e-15,8.361086031128050003e-03,-4.986778862939066775e-02,3.036525311362573654e-11,5.822887466049509603e-02,-7.267705443105453852e-11,2.354865018378854999e-14,-7.685640458625261559e-03,7.204337054002739327e-02,-3.610830944401394285e-11,-7.972901099916961110e-02,9.573853845354849984e-11
2.275711273959307057e+00,-3.805063769847980559e-01,-1.197615608927075220e-02,-4.437624519953963786e-01,1.134582751453365303e-09,-1.139010032149149865e+00,3.805063763200050020e-01,-7.865530429221232331e-15,8.348909481264790017e-03,-4.975388780451583948e-02,3.030812166238942362e-11,5.810279728575621500e-02,-7.252563990849774344e-11,2.109312237300179821e-14,-7.724234186197295390e-03,7.210241441010499519e-02,-3.619368317394645376e-11,-7.982664859677818248e-02,9.588223360546707530e-11
2.277291629010667950e+00,-3.805063769847980559e-01,-1.196297150975473948e-02,-4.438409907402041110e-01,1.134630603813831838e-09,-1.138918308824826031e+00,3.805063763198904825e-01,-7.834115556696052126e-15,8.336672019270624859e-03,-4.963989406066198623e-02,3.025085554040117328e-11,5.797656607990748362e-02,-7.237399886735223717e-11,1.866879639319910058e-14,-7.762726979478493279e-03,7.216096295845013386e-02,-3.627874019389888330e-11,-7.992368993836394819e-02,9.602520602205168057e-11
2.278871984062028400e+00,-3.805063769847980559e-01,-1.194980631779966884e-02,-4.439193492615161607e-01,1.134678365567409618e-09,-1.138826785111558770e+00,3.805063763197762960e-01,-7.806507396196161221e-15,8.324373805224849834e-03,-4.952580818117041650e-02,3.019345524939713129e-11,5.785018198636947967e-02,-7.222213245170896035e-11,1.627556401177971419e-14,-7.801118120773217063e-03,7.221901548017611860e-02,-3.636347895781400474e-11,-8.002013360134459241e-02,9.616745328338403775e-11
2.280452339113389293e+00,-3.805063769847980559e-01,-1.193666060928809565e-02,-4.439975274143453943e-01,1.134726036502462003e-09,-1.138735461250218295e+00,3.805063763196622206e-01,-7.782656894983640504e-15,8.312015000340112342e-03,-4.941163095049638104e-02,3.013592129355564248e-11,5.772364595081010130e-02,-7.207004180948225042e-11,1.391331598794649584e-14,-7.839406893325663594e-03,7.227657126947932553e-02,-3.644789792047701017e-11,-8.011597816316062826e-02,9.630897296932830752e-11
2.282032694164749742e+00,-3.805063769847981114e-01,-1.192353447984696203e-02,-4.440755250549447419e-01,1.134773616408151201e-09,-1.138644337480177571e+00,3.805063763195484783e-01,-7.762515173750710020e-15,8.299595766961157667e-03,-4.929736315421222315e-02,3.007825417949688236e-11,5.759695892114646137e-02,-7.191772809241263339e-11,1.158194208172535894e-14,-7.877592581331929744e-03,7.233362961963167581e-02,-3.653199553753944707e-11,-8.021122220128015790e-02,9.644976265955925206e-11
2.283613049216110191e+00,-3.805063769847981114e-01,-1.191042802484571124e-02,-4.441533420408100286e-01,1.134821105074441785e-09,-1.138553414039311429e+00,3.805063763194349580e-01,-7.746033528191357622e-15,8.287116268563135893e-03,-4.918300557900735781e-02,3.002045441628067292e-11,5.747012184754311109e-02,-7.176519245606494972e-11,9.281331062986784660e-15,-7.915674469951965511e-03,7.239018982296854809e-02,-3.661577026554115148e-11,-8.030586429319847008e-02,9.658981993358440088e-11
2.285193404267470640e+00,-3.805063769847981114e-01,-1.189734133939451995e-02,-4.442309782306813060e-01,1.134868502292104830e-09,-1.138462691163988794e+00,3.805063763193216597e-01,-7.733163430559154659e-15,8.274576669750172489e-03,-4.906855901269051301e-02,2.996252251540545502e-11,5.734313568241288656e-02,-7.161243605982972436e-11,7.011370720519106808e-15,-7.953651845321634689e-03,7.244625117088036859e-02,-3.669922056193387437e-11,-8.039990301644181492e-02,9.672914237077119271e-11
2.286773759318831534e+00,-3.805063769847981114e-01,-1.188427451834259824e-02,-4.443084334845438521e-01,1.134915807852721842e-09,-1.138372169089074459e+00,3.805063763192085835e-01,-7.723856531210375199e-15,8.261977136253678689e-03,-4.895402424419065951e-02,2.990445899080644670e-11,5.721600138041620098e-02,-7.145946006692243003e-11,4.771947871143599974e-15,-7.991523994564417310e-03,7.250181295380092594e-02,-3.678234488510298866e-11,-8.049333694856752874e-02,9.686772755036927058e-11
2.288354114370191983e+00,-3.805063769847981114e-01,-1.187122765627632824e-02,-4.443857076636313352e-01,1.134963021548688063e-09,-1.138281848047920652e+00,3.805063763190957848e-01,-7.718064660133024606e-15,8.249317834930986262e-03,-4.883940206355947417e-02,2.984626435885476427e-11,5.708871989846202311e-02,-7.130626564438514159e-11,2.562948368826534557e-15,-8.029290205803627303e-03,7.255687446119983564e-02,-3.686514169439167136e-11,-8.058616466716843341e-02,9.700557305153896787e-11
2.289934469421552876e+00,-3.805063769847981670e-01,-1.185820084751749472e-02,-4.444628006304263690e-01,1.135010143173217026e-09,-1.138191728272366809e+00,3.805063763189832082e-01,-7.715739828461124317e-15,8.236598933763581570e-03,-4.872469326197183259e-02,2.978793913835530264e-11,5.696129219570675306e-02,-7.115285396308515309e-11,3.842571138368673741e-16,-8.066949768174047283e-03,7.261143498157011933e-02,-3.694760945012235852e-11,-8.067838474987246156e-02,9.714267645337278916e-11
2.291514824472913325e+00,-3.805063769847981670e-01,-1.184519418612155553e-02,-4.445397122486631769e-01,1.135057172520344482e-09,-1.138101809992734026e+00,3.805063763188709092e-01,-7.716834229974637761e-15,8.223820601855554718e-03,-4.860989863172790471e-02,2.972948385054541703e-11,5.683371923355462485e-02,-7.099922619771571449e-11,-1.764241938062237432e-15,-8.104501971834017840e-03,7.266549380242000311e-02,-3.702974661362044267e-11,-8.076999577434611222e-02,9.727903533492277178e-11
2.293095179524274219e+00,-3.805063769847981670e-01,-1.183220776587582367e-02,-4.446164423833285917e-01,1.135104109384930464e-09,-1.138012093437823058e+00,3.805063763187587766e-01,-7.721300242584953825e-15,8.210983009432029633e-03,-4.849501896625485475e-02,2.967089901909344309e-11,5.670600197565792838e-02,-7.084538352679643232e-11,-3.882665766410903380e-15,-8.141946107977301311e-03,7.271905021026318916e-02,-3.711155164723702033e-11,-8.086099631829685164e-02,9.741464727522554683e-11
2.294675534575634668e+00,-3.805063769847981670e-01,-1.181924168029767179e-02,-4.446929909006647752e-01,1.135150953562666326e-09,-1.137922578834908771e+00,3.805063763186469772e-01,-7.729090429805695921e-15,8.198086327837462300e-03,-4.838005506010801399e-02,2.961218517009684219e-11,5.657814138791647518e-02,-7.069132713267264928e-11,-5.971132276818910553e-15,-8.179281468844808514e-03,7.277210349060753147e-02,-3.719302301437096088e-11,-8.095138495947344637e-02,9.754950985332561657e-11
2.296255889626995561e+00,-3.805063769847982225e-01,-1.180629602263288426e-02,-4.447693576681698291e-01,1.135197704850075356e-09,-1.137833266409739030e+00,3.805063763185353998e-01,-7.740157542208694160e-15,8.185130729533938998e-03,-4.826500770897271253e-02,2.955334283208058585e-11,5.645013843847761920e-02,-7.053705820151557352e-11,-8.029760291681484326e-15,-8.216507347736573541e-03,7.282465292794682021e-02,-3.727415917949246184e-11,-8.104116027566966862e-02,9.768362064830236700e-11
2.297836244678356010e+00,-3.805063769847982225e-01,-1.179337088585376454e-02,-4.448455425546005704e-01,1.135244363044518569e-09,-1.137744156386529149e+00,3.805063763184240444e-01,-7.754454518865800629e-15,8.172116388099582088e-03,-4.814987770966585451e-02,2.949437253599550782e-11,5.632199409773647192e-02,-7.038257792332249831e-11,-1.005866954091383215e-14,-8.253623039023490898e-03,7.287669780574984602e-02,-3.735495860816522766e-11,-8.113032084472532324e-02,9.781697723929390101e-11
2.299416599729716459e+00,-3.805063769847982225e-01,-1.178046636265740743e-02,-4.449215454299740302e-01,1.135290927944197603e-09,-1.137655248987959222e+00,3.805063763183129111e-01,-7.771934488775593246e-15,8.159043478226785800e-03,-4.803466586013750705e-02,2.943527481521648819e-11,5.619370933833541665e-02,-7.022788749191628510e-11,-1.205798065262752078e-14,-8.290627838159168872e-03,7.292823740645118513e-02,-3.743541976706946920e-11,-8.121886524452848199e-02,9.794957720552261638e-11
2.300996954781076909e+00,-3.805063769847982225e-01,-1.176758254546398513e-02,-4.449973661655689527e-01,1.135337399348159890e-09,-1.137566544435171245e+00,3.805063763182020553e-01,-7.792550772275446248e-15,8.145912175720521411e-03,-4.791937295947260728e-02,2.937605020554072790e-11,5.606528513516441381e-02,-7.007298810494553153e-11,-1.402781514378844466e-14,-8.327521041691675341e-03,7.297927101144123518e-02,-3.751554112402450904e-11,-8.130679205301764856e-02,9.808141812632016334e-11
2.302577309832437802e+00,-3.805063769847982225e-01,-1.175471952641490327e-02,-4.450730046339281820e-01,1.135383777056300719e-09,-1.137478042947762891e+00,3.805063763180914216e-01,-7.816256882438995706e-15,8.132722657496590374e-03,-4.780399980789247494e-02,2.931669924518586179e-11,5.593672246536055687e-02,-6.991788096388408026e-11,-1.596829541086475839e-14,-8.364301947275410223e-03,7.302979790105673663e-02,-3.759532114801170343e-11,-8.139409984818395116e-02,9.821249758115310013e-11
2.304157664883798251e+00,-3.805063769847982780e-01,-1.174187739737122052e-02,-4.451484607088592726e-01,1.135430060869367791e-09,-1.137389744743787956e+00,3.805063763179810654e-01,-7.843006526458184388e-15,8.119475101579842757e-03,-4.768854720675674147e-02,2.925722247478814909e-11,5.580802230830834293e-02,-6.976256727403113534e-11,-1.787954472041557998e-14,-8.400969853682573735e-03,7.307981735457022565e-02,-3.767475830919644656e-11,-8.148078720807215569e-02,9.834281314964653223e-11
2.305738019935159144e+00,-3.805063769847982780e-01,-1.172905624991158954e-02,-4.452237342654385421e-01,1.135476250588965558e-09,-1.137301650039749035e+00,3.805063763178709868e-01,-7.872753607011850234e-15,8.106169687102478955e-03,-4.757301595856472387e-02,2.919762043740061230e-11,5.567918564563926337e-02,-6.960704824451064179e-11,-1.976168719972850086e-14,-8.437524060815455168e-03,7.312932865018219319e-02,-3.775385107895232687e-11,-8.156685271078499555e-02,9.847236241161224946e-11
2.307318374986519594e+00,-3.805063769847982780e-01,-1.171625617533089865e-02,-4.452988251800098496e-01,1.135522346017558326e-09,-1.137213759050597295e+00,3.805063763177610747e-01,-7.905452223617218633e-15,8.092806594302169240e-03,-4.745740686695762434e-02,2.913789367849114370e-11,5.555021346123220627e-02,-6.945132508827151826e-11,-2.161484782732722109e-14,-8.473963869717330427e-03,7.317833106500865048e-02,-3.783259792988156739e-11,-8.165229493448179776e-02,9.860114294706959932e-11
2.308898730037880487e+00,-3.805063769847982780e-01,-1.170347726463818495e-02,-4.453737333301890366e-01,1.135568346958474186e-09,-1.137126071989725373e+00,3.805063763176514402e-01,-7.941056673968862862e-15,8.079386004520265271e-03,-4.734172073671948783e-02,2.907804274594031785e-11,5.542110674121258906e-02,-6.929539902208639039e-11,-2.343915242357127766e-14,-8.510288582584960709e-03,7.322682387507406521e-02,-3.791099733583984770e-11,-8.173711245738375653e-02,9.872915233627467103e-11
2.310479085089240936e+00,-3.805063769847983335e-01,-1.169071960855509046e-02,-4.454484585948643161e-01,1.135614253215909767e-09,-1.137038589068967154e+00,3.805063763175420277e-01,-7.979521455260912269e-15,8.065908100199964750e-03,-4.722595837377946415e-02,2.901806819003954659e-11,5.529186647395272630e-02,-6.913927126655182348e-11,-2.523472764114989194e-14,-8.546497502779713817e-03,7.327480635529984299e-02,-3.798904777195737758e-11,-8.182130385777366954e-02,9.885638815974268102e-11
2.312059440140601829e+00,-3.805063769847983335e-01,-1.167798329751404060e-02,-4.455230008541985476e-01,1.135660064594932100e-09,-1.136951310498591994e+00,3.805063763174329483e-01,-8.020801265495305511e-15,8.052373064884559353e-03,-4.711012058521392432e-02,2.895797056348938917e-11,5.516249365007228761e-02,-6.898294304608850344e-11,-2.700170095559859314e-14,-8.582589934839420995e-03,7.332227777949602843e-02,-3.806674771466230367e-11,-8.190486771399936583e-02,9.898284799827471420e-11
2.313639795191962278e+00,-3.805063769847983335e-01,-1.166526842165654596e-02,-4.455973599896309589e-01,1.135705780901484819e-09,-1.136864236487301838e+00,3.805063763173240354e-01,-8.064851004774410143e-15,8.038781083215392961e-03,-4.699420817924725852e-02,2.889775042139679920e-11,5.503298926243700706e-02,-6.882641558893932390e-11,-2.874020065577817200e-14,-8.618565184490006512e-03,7.336923742035073026e-02,-3.814409564170295287e-11,-8.198780260447494084e-02,9.910852943298203527e-11
2.315220150243323172e+00,-3.805063769847983335e-01,-1.165257507083143108e-02,-4.456715358838790886e-01,1.135751401942389199e-09,-1.136777367242228998e+00,3.805063763172154001e-01,-8.111625776578967820e-15,8.025132340930047140e-03,-4.687822196525404106e-02,2.883740832127332177e-11,5.490335430615905093e-02,-6.866969012716945086e-11,-3.045035583434100020e-14,-8.654422558657084291e-03,7.341568454942100364e-02,-3.822109003217053457e-11,-8.207010710768300465e-02,9.923343004531160209e-11
2.316800505294683621e+00,-3.805063769847983335e-01,-1.163990333459312583e-02,-4.457455284209402291e-01,1.135796927525351389e-09,-1.136690702968929267e+00,3.805063763171069313e-01,-8.161080889030887054e-15,8.011427024860542229e-03,-4.676216275376148673e-02,2.877694482303332591e-11,5.477358977859762140e-02,-6.851276789666673627e-11,-3.213229637817559604e-14,-8.690161365477490352e-03,7.346161843712342709e-02,-3.829772936652162316e-11,-8.215177980217699960e-02,9.935754741707139808e-11
2.318380860346044070e+00,-3.805063769847983890e-01,-1.162725330219996876e-02,-4.458193374860936475e-01,1.135842357458962417e-09,-1.136604243871382813e+00,3.805063763169987956e-01,-8.213171856140534863e-15,7.997665322931236595e-03,-4.664603135645024878e-02,2.871636048899122904e-11,5.464369667935778385e-02,-6.835565013713963716e-11,-3.378615295882645149e-14,-8.725780914310801370e-03,7.350703835272366649e-02,-3.837401212660035618e-11,-8.223281926658217167e-02,9.948087913045438170e-11
2.319961215397404519e+00,-3.805063769847983890e-01,-1.161462506261243428e-02,-4.458929629659021399e-01,1.135887691552705010e-09,-1.136517990151986846e+00,3.805063763168908819e-01,-8.267854399039549651e-15,7.983847424157069356e-03,-4.652982858615731937e-02,2.865565588385988140e-11,5.451367601029141752e-02,-6.819833809211813330e-11,-3.541205702290862752e-14,-8.761280515751031922e-03,7.355194356432857850e-02,-3.844993679566161481e-11,-8.231322407959937304e-02,9.960342276806589970e-11
2.321541570448765412e+00,-3.805063769847984445e-01,-1.160201870449137709e-02,-4.459664047482144178e-01,1.135932929616956283e-09,-1.136431942011553620e+00,3.805063763167832458e-01,-8.325084447198192435e-15,7.969973518641378096e-03,-4.641355525687632100e-02,2.859483157474753194e-11,5.438352877549552239e-02,-6.804083300895093544e-11,-3.701014078250209144e-14,-8.796659481638140904e-03,7.359633333887510842e-02,-3.852550185839304749e-11,-8.239299282000552005e-02,9.972517591294697746e-11
2.323121925500125862e+00,-3.805063769847984445e-01,-1.158943431619644665e-02,-4.460396627221658306e-01,1.135978071462990845e-09,-1.136346099649307329e+00,3.805063763166758317e-01,-8.384818139626821440e-15,7.956043797574120779e-03,-4.629721218376108005e-02,2.853388813115633879e-11,5.425325598131384292e-02,-6.788313613880702339e-11,-3.858053720550543745e-14,-8.831917125069234376e-03,7.364020694212126961e-02,-3.860070580093711305e-11,-8.247212406665570261e-02,9.984613614859930241e-11
2.324702280551486755e+00,-3.805063769847984445e-01,-1.157687198578421887e-02,-4.461127367781813624e-01,1.136023116902985343e-09,-1.136260463262879439e+00,3.805063763165686397e-01,-8.447011826063597924e-15,7.942058453229818363e-03,-4.618080018312652885e-02,2.847282612497972291e-11,5.412285863633584798e-02,-6.772524873667372019e-11,-4.012338000601456663e-14,-8.867052760410436274e-03,7.368356363863748371e-02,-3.867554711091445499e-11,-8.255061639848647326e-02,9.996630105901221079e-11
2.326282635602847204e+00,-3.805063769847985000e-01,-1.156433180100658979e-02,-4.461856268079770205e-01,1.136068065750022394e-09,-1.136175033048306249e+00,3.805063763164617807e-01,-8.511622068145466574e-15,7.928017678965488743e-03,-4.606432007245064852e-02,2.841164613049991884e-11,5.399233775139654357e-02,-6.756717206135595543e-11,-4.163880363464735217e-14,-8.902065703308070441e-03,7.372640269179596417e-02,-3.875002427744547280e-11,-8.262846839451640224e-02,1.000856682286859780e-10
2.327862990654208097e+00,-3.805063769847985000e-01,-1.155181384930900612e-02,-4.462583327045612780e-01,1.136112917818094309e-09,-1.136089809200024447e+00,3.805063763163551438e-01,-8.578605640564770741e-15,7.913921669218653560e-03,-4.594777267037657154e-02,2.835034872438567413e-11,5.386169433957657682e-02,-6.740890737547555442e-11,-4.312694326887452706e-14,-8.936955270700141021e-03,7.376872336376188999e-02,-3.882413579117288851e-11,-8.270567863384865881e-02,1.002042352426575257e-10
2.329443345705568547e+00,-3.805063769847984445e-01,-1.153931821782879646e-02,-4.463308543622375169e-01,1.136157672922105568e-09,-1.136004791910868228e+00,3.805063763162487289e-01,-8.647919532210245079e-15,7.899770619505358873e-03,-4.583115879671477433e-02,2.828893448569012000e-11,5.373092941620248586e-02,-6.725045594547105718e-11,-4.458793480332755597e-14,-8.971720780827797254e-03,7.381052491548446837e-02,-3.889788014428444888e-11,-8.278224569567356472e-02,1.003219996865264265e-10
2.331023700756929440e+00,-3.805063769847984445e-01,-1.152684499339343312e-02,-4.464031916766057484e-01,1.136202330877878826e-09,-1.135919981372064402e+00,3.805063763161425361e-01,-8.719520947292671145e-15,7.885564726417881865e-03,-4.571447927244377124e-02,2.822740399584742383e-11,5.360004399884502058e-02,-6.709181904159466825e-11,-4.602191484009427670e-14,-9.006361553246647333e-03,7.385180660668604069e-02,-3.897125583053454199e-11,-8.285816815926907997e-02,1.004389591464779743e-10
2.332604055808289889e+00,-3.805063769847985000e-01,-1.151439426251890663e-02,-4.464753445445638902e-01,1.136246891502156975e-09,-1.135835377773231736e+00,3.805063763160366763e-01,-8.793367306455047663e-15,7.871304187622989168e-03,-4.559773491971418069e-02,2.816575783867167114e-11,5.346903910732160592e-02,-6.693299793791473825e-11,-4.742902067899386708e-14,-9.040876908838152079e-03,7.389256769585531015e-02,-3.904426134526741643e-11,-8.293344460400536855e-02,1.005551112093113992e-10
2.334184410859650338e+00,-3.805063769847985000e-01,-1.150196611140790436e-02,-4.465473128643106526e-01,1.136291354612607279e-09,-1.135750981302373841e+00,3.805063763159310386e-01,-8.869416247868067461e-15,7.856989201859444077e-03,-4.548092656184817006e-02,2.810399660035282026e-11,5.333791576369317083e-02,-6.677399391231089122e-11,-4.880939030785662710e-14,-9.075266169820838183e-03,7.393280744023449091e-02,-3.911689518543813874e-11,-8.300807360934321644e-02,1.006704534624607536e-10
2.335764765911010787e+00,-3.805063769847985000e-01,-1.148956062594821449e-02,-4.466190965353464826e-01,1.136335720027825516e-09,-1.135666792145878734e+00,3.805063763158256229e-01,-8.947625628309452745e-15,7.842619968936252739e-03,-4.536405502334374396e-02,2.804212086945547436e-11,5.320667499226669483e-02,-6.661480824647649329e-11,-5.016316239277068576e-14,-9.109528659761813307e-03,7.397252509581382640e-02,-3.918915584963628431e-11,-8.308205375483987409e-02,1.007849834940246259e-10
2.337345120962371681e+00,-3.805063769847985000e-01,-1.147717789171106770e-02,-4.466906954584756728e-01,1.136379987567339486e-09,-1.135582810488512395e+00,3.805063763157204848e-01,-9.027953524227552585e-15,7.828196689730239008e-03,-4.524712112987517437e-02,2.798013123691535633e-11,5.307531781959329287e-02,-6.645544222591513710e-11,-5.149047626831674234e-14,-9.143663703587760760e-03,7.401171991731922417e-02,-3.926104183810681729e-11,-8.315538362014802953e-02,1.008986988927872601e-10
2.338925476013732130e+00,-3.805063769847985000e-01,-1.146481799394931909e-02,-4.467621095358085270e-01,1.136424157051612327e-09,-1.135499036513417659e+00,3.805063763156155687e-01,-9.110358232791250517e-15,7.813719566184049517e-03,-4.513012570829566528e-02,2.791802829603712770e-11,5.294384527446881206e-02,-6.629589713994074526e-11,-5.279147192781715242e-14,-9.177670627596437244e-03,7.405039115820477580e-02,-3.933255165277307716e-11,-8.322806178501948593e-02,1.010115972482460587e-10
2.340505831065093023e+00,-3.805063769847985555e-01,-1.145248101759586447e-02,-4.468333386707630250e-01,1.136468228302047266e-09,-1.135415470402109772e+00,3.805063763155109302e-01,-9.194798272922491965e-15,7.799188801303931495e-03,-4.501306958663927466e-02,2.785581264249162599e-11,5.281225838793354721e-02,-6.613617428167612277e-11,-5.406629001354214402e-14,-9.211548759467776820e-03,7.408853807064294528e-02,-3.940368379725859556e-11,-8.330008682930659103e-02,1.011236761506356751e-10
2.342086186116453472e+00,-3.805063769847985555e-01,-1.144016704726197320e-02,-4.469043827680664882e-01,1.136512201140990516e-09,-1.135332112334472399e+00,3.805063763154065137e-01,-9.281232386314011043e-15,7.784604599157544415e-03,-4.489595359412304476e-02,2.779348487431317313e-11,5.268055819327223388e-02,-6.597627494805196176e-11,-5.531507180691732743e-14,-9.245297428275007015e-03,7.412615990551514600e-02,-3.947443677690897788e-11,-8.337145733296408290e-02,1.012349331909528026e-10
2.343666541167814366e+00,-3.805063769847986110e-01,-1.142787616723554486e-02,-4.469752417337575223e-01,1.136556075391735204e-09,-1.135248962488754954e+00,3.805063763153023748e-01,-9.369619538432114765e-15,7.769967164871650206e-03,-4.477877856114834826e-02,2.773104559189648973e-11,5.254874572601296590e-02,-6.581620043980454099e-11,-5.653795921872867445e-14,-9.278915964496051161e-03,7.416325591240299775e-02,-3.954480909881445680e-11,-8.344217187605142139e-02,1.013453659609818821e-10
2.345246896219174815e+00,-3.805063769847986110e-01,-1.141560846147944390e-02,-4.470459154751886266e-01,1.136599850878525510e-09,-1.135166021041567497e+00,3.805063763151985134e-01,-9.459918919503781536e-15,7.755276704630100978e-03,-4.466154531930411481e-02,2.766849539799460447e-11,5.241682202392853457e-02,-6.565595206147629445e-11,-5.773509477931406168e-14,-9.312403700024510927e-03,7.419982533957926452e-02,-3.961479927183165104e-11,-8.351222903873500858e-02,1.014549720533200851e-10
2.346827251270535708e+00,-3.805063769847986110e-01,-1.140336401362993836e-02,-4.471164039010266378e-01,1.136643527426559145e-09,-1.135083288167880289e+00,3.805063763150948741e-01,-9.552089945486898542e-15,7.740533425671452909e-03,-4.454425470136846171e-02,2.760583489771571016e-11,5.228478812703560991e-02,-6.549553112141364007e-11,-5.890662162872791683e-14,-9.345759968180680083e-03,7.423586743399827881e-02,-3.968440580660531117e-11,-8.358162740128945167e-02,1.015637490614013668e-10
2.348407606321896157e+00,-3.805063769847986666e-01,-1.139114290699487324e-02,-4.471867069212558388e-01,1.136687104861992937e-09,-1.135000764041016019e+00,3.805063763149915124e-01,-9.646092259027263614e-15,7.725737536286574926e-03,-4.442690754130958208e-02,2.754306469851971613e-11,5.215264507759328344e-02,-6.533493893176417502e-11,-6.005268350692846435e-14,-9.378984103722837543e-03,7.427138144128626884e-02,-3.975362721559036264e-11,-8.365036554409928382e-02,1.016716945795214625e-10
2.349987961373257050e+00,-3.805063769847986666e-01,-1.137894522455215607e-02,-4.472568244471794019e-01,1.136730583011945103e-09,-1.134918448832649585e+00,3.805063763148883726e-01,-9.741885730398074399e-15,7.710889245816717960e-03,-4.430950467429028289e-02,2.748018541021669397e-11,5.202039392010558705e-02,-6.517417680847849813e-11,-6.117342474393067765e-14,-9.412075442858207353e-03,7.430636660573441965e-02,-3.982246201307431082e-11,-8.371844204766287767e-02,1.017788062028646545e-10
2.351568316424617500e+00,-3.805063769847986666e-01,-1.136677104894796494e-02,-4.473267563914213318e-01,1.136773961704499594e-09,-1.134836342712803425e+00,3.805063763147855105e-01,-9.839430458425449943e-15,7.695988764650867758e-03,-4.419204693666774209e-02,2.741719764496268999e-11,5.188803570131868270e-02,-6.501324607130569913e-11,-6.226899024997177110e-14,-9.445033323254008878e-03,7.434082217028741002e-02,-3.989090871519845680e-11,-8.378585549259216780e-02,1.018850815275263776e-10
2.353148671475977949e+00,-3.805063769847986666e-01,-1.135462046249521677e-02,-4.473965026679282420e-01,1.136817240768709405e-09,-1.134754445849843973e+00,3.805063763146828149e-01,-9.938686771396606815e-15,7.681036304223574744e-03,-4.407453516599676296e-02,2.735410201725732440e-11,5.175557147022192411e-02,-6.485214804379322944e-11,-6.333952550564733374e-14,-9.477857084048423725e-03,7.437474737653559931e-02,-3.995896583997995992e-11,-8.385260445961560671e-02,1.019905181505390035e-10
2.354729026527338398e+00,-3.805063769847986666e-01,-1.134249354717180129e-02,-4.474660631919714082e-01,1.136860420034600914e-09,-1.134672758410477211e+00,3.805063763145805078e-01,-1.003961522795464509e-14,7.666032077012724030e-03,-4.395697020103225827e-02,2.729089914394112242e-11,5.162300227804810654e-02,-6.469088405328613959e-11,-6.438517655206924817e-14,-9.510546065861623377e-03,7.440814146470617341e-02,-4.002663190733384849e-11,-8.391868752958066280e-02,1.020951136698974064e-10
2.356309381578699291e+00,-3.805063769847987221e-01,-1.133039038461912743e-02,-4.475354378801481015e-01,1.136903499333176778e-09,-1.134591280559747783e+00,3.805063763144784228e-01,-1.014217661797443168e-14,7.650976296536955018e-03,-4.383935288173057554e-02,2.722758964419183390e-11,5.149032917827223166e-02,-6.452945543092400315e-11,-6.540608998097663128e-14,-9.543099610806609484e-03,7.444100367365366622e-02,-4.009390543909435847e-11,-8.398410328345480569e-02,1.021988656845824983e-10
2.357889736630059740e+00,-3.805063769847987776e-01,-1.131831105614015086e-02,-4.476046266503850291e-01,1.136946478496420279e-09,-1.134510012461032114e+00,3.805063763143766153e-01,-1.024633196342852343e-14,7.635869177353506870e-03,-4.372168404925205754e-02,2.716417413952187107e-11,5.135755322661187533e-02,-6.436786351164037390e-11,-6.640241292490770015e-14,-9.575517062500246701e-03,7.447333324085074480e-02,-4.016078495903682145e-11,-8.404885030232758791e-02,1.023017717945864713e-10
2.359470091681420634e+00,-3.805063769847987776e-01,-1.130625564269809556e-02,-4.476736294219381129e-01,1.136989357357298628e-09,-1.134428954276036849e+00,3.805063763142750299e-01,-1.035204251923016289e-14,7.620710935055618161e-03,-4.360396454596292271e-02,2.710065325377474775e-11,5.122467548102647289e-02,-6.420610963416018793e-11,-6.737429304728252834e-14,-9.607797766074076956e-03,7.450512940237999371e-02,-4.022726899289939754e-11,-8.411292716741310127e-02,1.024038296009378068e-10
2.361050446732781083e+00,-3.805063769847987776e-01,-1.129422422491459417e-02,-4.477424461153958202e-01,1.137032135749766278e-09,-1.134348106164795533e+00,3.805063763141736111e-01,-1.045926977406692595e-14,7.605501786270389697e-03,-4.348619521543839461e-02,2.703702761312272058e-11,5.109169700171838774e-02,-6.404419514099982833e-11,-6.832187853255427525e-14,-9.639941068185222187e-03,7.453639139292533855e-02,-4.029335606840487285e-11,-8.417633246005244707e-02,1.025050367057267112e-10
2.362630801784141976e+00,-3.805063769847987776e-01,-1.128221688306810071e-02,-4.478110766526811615e-01,1.137074813508770711e-09,-1.134267468285663938e+00,3.805063763140724697e-01,-1.056797545121588180e-14,7.590241948656204114e-03,-4.336837690246415911e-02,2.697329784606312491e-11,5.095861885113163459e-02,-6.388212137846419122e-11,-6.924531807632180547e-14,-9.671946317027124013e-03,7.456711844576209558e-02,-4.035904471528184308e-11,-8.423906476171429125e-02,1.026053907121283678e-10
2.364211156835502425e+00,-3.805063769847988331e-01,-1.127023369709229984e-02,-4.478795209570525793e-01,1.137117390470252440e-09,-1.134187040795316515e+00,3.805063763139717170e-01,-1.067812150934284630e-14,7.574931640900144612e-03,-4.325051045303779373e-02,2.690946458341463629e-11,5.082544209395093576e-02,-6.371988969664376480e-11,-7.014476087543676720e-14,-9.703812862340361473e-03,7.459730979274779850e-02,-4.042433346528600050e-11,-8.430112265399683502e-02,1.027048892244273379e-10
2.365791511886863319e+00,-3.805063769847988331e-01,-1.125827474657447452e-02,-4.479477789531066123e-01,1.137159866471151833e-09,-1.134106823848744616e+00,3.805063763138711308e-01,-1.078967014328737117e-14,7.559571082715978337e-03,-4.313259671437354864e-02,2.684552845831568399e-11,5.069216779710425391e-02,-6.355750144941655511e-11,-7.102035661812672555e-14,-9.735540055423538147e-03,7.462696466431638365e-02,-4.048922085222301064e-11,-8.436250471863256106e-02,1.028035298480456471e-10
2.367371866938223768e+00,-3.805063769847988331e-01,-1.124634011075381634e-02,-4.480158505667800051e-01,1.137202241349411800e-09,-1.134026817599250503e+00,3.805063763137708222e-01,-1.090258378483169245e-14,7.544160494841159643e-03,-4.301463653490142369e-02,2.678149010621921971e-11,5.055879702975907275e-02,-6.339495799444171420e-11,-7.187225547410391960e-14,-9.767127249143732134e-03,7.465608228946458980e-02,-4.055370541196778304e-11,-8.442320953748531920e-02,1.029013101895617578e-10
2.368952221989584217e+00,-3.805063769847988886e-01,-1.123442986851996145e-02,-4.480837357253507069e-01,1.137244514943980688e-09,-1.133947022198446231e+00,3.805063763136707911e-01,-1.101682510345246285e-14,7.528700099034728484e-03,-4.289663076427198407e-02,2.671735016489090492e-11,5.042533086332499220e-02,-6.323226069316123320e-11,-7.270060808466518434e-14,-9.798573797947535829e-03,7.468466189574818337e-02,-4.061778568248810406e-11,-8.448323569255744570e-02,1.029982278567410335e-10
2.370532577040944666e+00,-3.805063769847988886e-01,-1.122254409841119509e-02,-4.481514343574407033e-01,1.137286687094817041e-09,-1.133867437796247435e+00,3.805063763135709265e-01,-1.113235700706014167e-14,7.513190118074605101e-03,-4.277858025335710968e-02,2.665310927440498461e-11,5.029177037145180634e-02,-6.306941091079594864e-11,-7.350556555281717909e-14,-9.829879057871410489e-03,7.471270270926930190e-02,-4.068146020386420485e-11,-8.454258176598754282e-02,1.030942804585555003e-10
2.372112932092305559e+00,-3.805063769847989441e-01,-1.121068287861294414e-02,-4.482189463930177920e-01,1.137328757642893111e-09,-1.133788064540871776e+00,3.805063763134713950e-01,-1.124914264271994421e-14,7.497630775755241214e-03,-4.266048585425344375e-02,2.658876807714156667e-11,5.015811663003060666e-02,-6.290641001634530977e-11,-7.428727943337750850e-14,-9.861042386552507436e-03,7.474020395467025069e-02,-4.074472751831115987e-11,-8.460124634005507238e-02,1.031894656052115703e-10
2.373693287143666009e+00,-3.805063769847989441e-01,-1.119884628695621241e-02,-4.482862717633970817e-01,1.137370726430197136e-09,-1.133708902578835831e+00,3.805063763133721411e-01,-1.136714539735715284e-14,7.482022296884871353e-03,-4.254234842028366270e-02,2.652432721778253769e-11,5.002437071719231104e-02,-6.274325938258369506e-11,-7.504590172307379870e-14,-9.892063143239223852e-03,7.476716485512385768e-02,-4.080758617019972794e-11,-8.465922799718123004e-02,1.032837809081730349e-10
2.375273642195026902e+00,-3.805063769847988886e-01,-1.118703440091583720e-02,-4.483534104012434351e-01,1.137412593299738507e-09,-1.133629952054948875e+00,3.805063763132731092e-01,-1.148632889844975424e-14,7.466364907283151893e-03,-4.242416880599959167e-02,2.645978734330874536e-11,4.989053371330839232e-02,-6.257996038605977886e-11,-7.578158485067254829e-14,-9.922940688801744694e-03,7.479358463232486931e-02,-4.087003470607762632e-11,-8.471652531993094370e-02,1.033772239801858282e-10
2.376853997246387351e+00,-3.805063769847988886e-01,-1.117524729760912411e-02,-4.484203622405726342e-01,1.137454358095551077e-09,-1.133551213112313105e+00,3.805063763131743548e-01,-1.160665701470038480e-14,7.450658833778414994e-03,-4.230594786718400169e-02,2.639514910299603379e-11,4.975660670098997623e-02,-6.241651440709348117e-11,-7.649448166706298268e-14,-9.953674385742487460e-03,7.481946250648124908e-02,-4.093207167469037176e-11,-8.477313689101464989e-02,1.034697924353019381e-10
2.378434352297748244e+00,-3.805063769847989441e-01,-1.116348505379396137e-02,-4.484871272167545442e-01,1.137496020662696682e-09,-1.133472685892315868e+00,3.805063763130758225e-01,-1.172809385669923570e-14,7.434904304205219167e-03,-4.218768646085315627e-02,2.633041314841207705e-11,4.962259076508786226e-02,-6.225292282977435208e-11,-7.718474543539976374e-14,-9.984263598206782886e-03,7.484479769630562884e-02,-4.099369562700277430e-11,-8.482906129329027822e-02,1.035614838889041695e-10
2.380014707349108694e+00,-3.805063769847989996e-01,-1.115174774586746159e-02,-4.485537052665142799e-01,1.137537580847268235e-09,-1.133394370534629658e+00,3.805063763129775678e-01,-1.185060377756516961e-14,7.419101547401701219e-03,-4.206938544525944818e-02,2.626558013341286033e-11,4.948848699269257218e-02,-6.208918704195972349e-11,-7.785252982119671439e-14,-1.001470769199321563e-02,7.486958941900731523e-02,-4.105490511621994633e-11,-8.488429710976569398e-02,1.036522959577308439e-10
2.381595062400469587e+00,-3.805063769847989996e-01,-1.114003544986429117e-02,-4.486200963279339260e-01,1.137579038496393867e-09,-1.133316267177206793e+00,3.805063763128795906e-01,-1.197415137357445703e-14,7.403250793206943813e-03,-4.195104567989348804e-02,2.620065071413899966e-11,4.935429647313382268e-02,-6.192530843527216301e-11,-7.849798888244918196e-14,-1.004500603456418006e-02,7.489383689028382418e-02,-4.111569869780846034e-11,-8.493884292360080746e-02,1.037422262599004336e-10
2.383175417451830036e+00,-3.805063769847989996e-01,-1.112834824143399577e-02,-4.486863003404336636e-01,1.137620393458241061e-09,-1.133238375956276967e+00,3.805063763127818355e-01,-1.209410554436289426e-14,7.387352319476416483e-03,-4.183266797758073557e-02,2.613562554991446076e-11,4.922002029709246496e-02,-6.176129030104063222e-11,-7.230140175409654865e-14,-1.007508822525417409e-02,7.491761041078494332e-02,-4.117607359028439083e-11,-8.499269863482505905e-02,1.038284590405429142e-10
2.384755772503190929e+00,-3.805063769847990551e-01,-1.111668619572868562e-02,-4.487523172446601372e-01,1.137661645582022235e-09,-1.133160697006345030e+00,3.805063763126844134e-01,-1.220259090689580077e-14,7.371406438254042917e-03,-4.171425311857131918e-02,2.607050530297822610e-11,4.908565955686256671e-02,-6.159713727280712021e-11,-6.500920324811035190e-14,-1.010501242141590393e-02,7.494084929722745481e-02,-4.123602948210752441e-11,-8.504586171746782164e-02,1.039133624092556296e-10
2.386336127554551378e+00,-3.805063769847990551e-01,-1.110504938748463517e-02,-4.488181469825743286e-01,1.137702794717996399e-09,-1.133083230460186774e+00,3.805063763125871579e-01,-1.229963819338472678e-14,7.355413381696779100e-03,-4.159580196676677250e-02,2.600529063629036964e-11,4.895121534850258721e-02,-6.143285072649630987e-11,-5.782597426445858544e-14,-1.013479031727776251e-02,7.496354020647588712e-02,-4.129556517216842379e-11,-8.509833052261613073e-02,1.039974308451020418e-10
2.387916482605911828e+00,-3.805063769847990551e-01,-1.109343789107269419e-02,-4.488837894975051812e-01,1.137743840717471840e-09,-1.133005976448843599e+00,3.805063763124901799e-01,-1.238541912525937605e-14,7.339373381511938958e-03,-4.147731538878336038e-02,2.593998221505323227e-11,4.881668877033610437e-02,-6.126843198372833471e-11,-5.075109550155226988e-14,-1.016442127913362234e-02,7.498568235616967503e-02,-4.135467922503463213e-11,-8.515010363420331962e-02,1.040806616523209426e-10
2.389496837657272277e+00,-3.805063769847991106e-01,-1.108185178049667444e-02,-4.489492447341525971e-01,1.137784783432810882e-09,-1.132928935101620072e+00,3.805063763123934795e-01,-1.246010444372561794e-14,7.323286670407106597e-03,-4.135879425247541985e-02,2.587458070673613057e-11,4.868208092292503064e-02,-6.110388237038392879e-11,-4.378394575611001349e-14,-1.019390467496981111e-02,7.500727496241796355e-02,-4.141337020763893155e-11,-8.520117963632485580e-02,1.041630521357259885e-10
2.391077192708633170e+00,-3.805063769847991106e-01,-1.107029112939191852e-02,-4.490145126385884922e-01,1.137825622717431330e-09,-1.132852106546079263e+00,3.805063763122971121e-01,-1.252386390679212713e-14,7.307153482087179464e-03,-4.124023942693676864e-02,2.580908678107083320e-11,4.854739290906809335e-02,-6.093920321660175129e-11,-3.692390196590652973e-14,-1.022323987447562935e-02,7.502831723978917178e-02,-4.147163668929916316e-11,-8.525155711323846586e-02,1.042445996007493086e-10
2.392657547759993619e+00,-3.805063769847991106e-01,-1.105875601102361203e-02,-4.490795931582593492e-01,1.137866358425811641e-09,-1.132775490908040084e+00,3.805063763122009113e-01,-1.257686628636792452e-14,7.290974051252079383e-03,-4.112165178250504205e-02,2.574350111004906642e-11,4.841262583380287476e-02,-6.077439585678033813e-11,-3.017033925236578086e-14,-1.025242624905433123e-02,7.504880840130481734e-02,-4.152947724174010852e-11,-8.530123464936892330e-02,1.043253013534903857e-10
2.394237902811354513e+00,-3.805063769847991662e-01,-1.104724649828515634e-02,-4.491444862419887163e-01,1.137906990413494234e-09,-1.132699088311572400e+00,3.805063763121049880e-01,-1.261927936542479720e-14,7.274748613593401067e-03,-4.100303219076054800e-02,2.567782436791645562e-11,4.827778080440123243e-02,-6.060946162957170430e-11,-2.352263096313656461e-14,-1.028146317183370809e-02,7.506874765842690145e-02,-4.158689043911270873e-11,-8.535021082930605019e-02,1.044051547007574672e-10
2.395818257862714962e+00,-3.805063769847991662e-01,-1.103576266369689363e-02,-4.492091918399773731e-01,1.137947518537088590e-09,-1.132622898878995477e+00,3.805063763120092868e-01,-1.265126993522721185e-14,7.258477405792387697e-03,-4.088438152453335167e-02,2.561205723117138799e-11,4.814285893037450331e-02,-6.044440187788679802e-11,-1.698014871486402233e-14,-1.031035001767644302e-02,7.508813422105259372e-02,-4.164387485801509288e-11,-8.539848423780964370e-02,1.044841569501159422e-10
2.397398612914075855e+00,-3.805063769847991662e-01,-1.102430457940415179e-02,-4.492737099038076054e-01,1.137987942654275390e-09,-1.132546922730872208e+00,3.805063763119139186e-01,-1.267300379263175668e-14,7.242160665516687856e-03,-4.076570065790204034e-02,2.554620037855907681e-11,4.800786132346892415e-02,-6.027921794888910303e-11,-1.054226243552557286e-14,-1.033908616319125472e-02,7.510696729750385159e-02,-4.170042907751350959e-11,-8.544605345981041988e-02,1.045623054099333712e-10
2.398978967965436304e+00,-3.805063769847992217e-01,-1.101287231717598160e-02,-4.493380403864433159e-01,1.138028262623809202e-09,-1.132471159986008225e+00,3.805063763118188280e-01,-1.268464573745063576e-14,7.225798631417669309e-03,-4.064699046619748429e-02,2.548025449106817521e-11,4.787278909766672086e-02,-6.011391119399488419e-11,-4.208340407128810563e-15,-1.036767098674296061e-02,7.512524609451812219e-02,-4.175655167916155897e-11,-8.549291708041066584e-02,1.046395973894228741e-10
2.400559323016797197e+00,-3.805063769847992217e-01,-1.100146594840349483e-02,-4.494021832422330220e-01,1.138068478305522823e-09,-1.132395610761445903e+00,3.805063763117239040e-01,-1.268635956988502175e-14,7.209391543127873295e-03,-4.052825182600627157e-02,2.541422025192757728e-11,4.773764336918703138e-02,-5.994848296887339424e-11,2.022250691850826194e-15,-1.039610386846313503e-02,7.514296981724084834e-02,-4.181224124702118234e-11,-8.553907368488737617e-02,1.047160301986900599e-10
2.402139678068157647e+00,-3.805063769847992217e-01,-1.099008554409827178e-02,-4.494661384269116877e-01,1.138108589560331002e-09,-1.132320275172461921e+00,3.805063763116293130e-01,-1.267830808802409854e-14,7.192939641257983970e-03,-4.040948561517194310e-02,2.534809834660157779e-11,4.760242525648407386e-02,-5.978293463344346170e-11,8.150145744035649188e-15,-1.042438419026096331e-02,7.516013766921759987e-02,-4.186749636768371653e-11,-8.558452185869526441e-02,1.047916011487797755e-10
2.403720033119518540e+00,-3.805063769847992772e-01,-1.097873117489097695e-02,-4.495299058976020001e-01,1.138148596250232925e-09,-1.132245153332564591e+00,3.805063763115349995e-01,-1.266065308541135288e-14,7.176443167394076263e-03,-4.029069271279821923e-02,2.528188946278625651e-11,4.746713588024765312e-02,-5.961726755187289632e-11,1.417598115063983743e-14,-1.045251133583302745e-02,7.517674885238297133e-02,-4.192231563028822113e-11,-8.562926018746559731e-02,1.048663075517171800e-10
2.405300388170878989e+00,-3.805063769847992772e-01,-1.096740291102959834e-02,-4.495934856128176449e-01,1.138188498238316343e-09,-1.132170245353487203e+00,3.805063763114409081e-01,-1.263355534867823454e-14,7.159902364094678125e-03,-4.017187399925045699e-02,2.521559429040483177e-11,4.733177636340164807e-02,-5.945148309257554227e-11,2.010039478921123764e-14,-1.048048469067428164e-02,7.519280256705350440e-02,-4.197669762654293993e-11,-8.567328725700981695e-02,1.049401467205554760e-10
2.406880743222239438e+00,-3.805063769847993327e-01,-1.095610082237809257e-02,-4.496568775324641942e-01,1.138228295388761717e-09,-1.132095551345189355e+00,3.805063763113470943e-01,-1.259717465524493766e-14,7.143317474888275127e-03,-4.005303035616063906e-02,2.514921352160502059e-11,4.719634783110654430e-02,-5.928558262821288078e-11,2.592402597119207380e-14,-1.050830364208808418e-02,7.520829801191997177e-02,-4.203064095074514682e-11,-8.571660165332206649e-02,1.050131159694211200e-10
2.408461098273599887e+00,-3.805063769847993882e-01,-1.094482497841478032e-02,-4.497200816178415494e-01,1.138267987566844278e-09,-1.132021071415848290e+00,3.805063763112535025e-01,-1.255166977108694298e-14,7.126688744269945100e-03,-3.993416266642697832e-02,2.508274785075309978e-11,4.706085141075561779e-02,-5.911956753568809770e-11,3.164751539968689992e-14,-1.053596757919665269e-02,7.522323438403687168e-02,-4.208414419980063619e-11,-8.575920196257910688e-02,1.050852126135566418e-10
2.410041453324960781e+00,-3.805063769847993882e-01,-1.093357544823085961e-02,-4.497830978316458284e-01,1.138307574638939203e-09,-1.131946805671860012e+00,3.805063763111601882e-01,-1.249719844856981086e-14,7.110016417698847985e-03,-3.981527181421865708e-02,2.501619797443112715e-11,4.692528823197718996e-02,-5.895343919614744064e-11,3.727150512719237516e-14,-1.056347589295129896e-02,7.523761087881569720e-02,-4.213720597324415046e-11,-8.580108677114364757e-02,1.051564339693673806e-10
2.411621808376321230e+00,-3.805063769847993882e-01,-1.092235230052875962e-02,-4.498459261379720853e-01,1.138347056472523885e-09,-1.131872754217831512e+00,3.805063763110672070e-01,-1.243391742434939759e-14,7.093300741595177060e-03,-3.969635868497731201e-02,2.494956459143210441e-11,4.678965942663314281e-02,-5.878719899497671631e-11,4.279663851347575176e-14,-1.059082797614279911e-02,7.525142669001577689e-02,-4.218982487325919360e-11,-8.584225466556588691e-02,1.052267773544654802e-10
2.413202163427682123e+00,-3.805063769847994437e-01,-1.091115560362082917e-02,-4.499085665023146996e-01,1.138386432936181038e-09,-1.131798917156580986e+00,3.805063763109743924e-01,-1.236198241733988857e-14,7.076541963337310524e-03,-3.957742416542052444e-02,2.488284840275621934e-11,4.665396612881941157e-02,-5.862084832180050216e-11,4.822356018334169819e-14,-1.061802322341126419e-02,7.526468100973561504e-02,-4.224199950469715324e-11,-8.588270423258440034e-02,1.052962400877135230e-10
2.414782518479042572e+00,-3.805063769847994437e-01,-1.089998542542768359e-02,-4.499710188915710396e-01,1.138425703899604488e-09,-1.131725294589131403e+00,3.805063763108819108e-01,-1.228154812674725955e-14,7.059740331258774863e-03,-3.945846914354351337e-02,2.481605011160607658e-11,4.651820947486472180e-02,-5.845438857047886349e-11,5.355291598462553801e-14,-1.064506103125664044e-02,7.527737302840509237e-02,-4.229372847509779279e-11,-8.592243405912902698e-02,1.053648194892703223e-10
2.416362873530403466e+00,-3.805063769847994437e-01,-1.088884183347668504e-02,-4.500332832740426836e-01,1.138464869233599582e-09,-1.131651886614708502e+00,3.805063763107897068e-01,-1.219276823016979111e-14,7.042896094645442404e-03,-3.933949450862253561e-02,2.474917042338300114e-11,4.638239060333122776e-02,-5.828782113910643582e-11,5.878535294617918067e-14,-1.067194079804875337e-02,7.528950193477737529e-02,-4.234501039470882587e-11,-8.596144273232277089e-02,1.054325128806355511e-10
2.417943228581763915e+00,-3.805063769847994437e-01,-1.087772489490054437e-02,-4.500953596194376405e-01,1.138503928810089604e-09,-1.131578693330737462e+00,3.805063763106977248e-01,-1.209579538176502252e-14,7.026009503732382790e-03,-3.922050115121679392e-02,2.468221004568209471e-11,4.624651065501320796e-02,-5.812114743000901271e-11,6.392151923585829559e-14,-1.069866192403714361e-02,7.530106691591920143e-02,-4.239584387650460542e-11,-8.599972883948192592e-02,1.054993175846917475e-10
2.419523583633124808e+00,-3.805063769847994437e-01,-1.086663467643571995e-02,-4.501572478988722370e-01,1.138542882502116391e-09,-1.131505714832837795e+00,3.805063763106059649e-01,-1.199078121048262603e-14,7.009080809701114315e-03,-3.910148996317213549e-02,2.461516968828871695e-11,4.611057077293800183e-02,-5.795436884974297716e-11,6.896206411868648142e-14,-1.072522381136136425e-02,7.531206715720450973e-02,-4.244622753620669984e-11,-8.603729096811993382e-02,1.055652309257513218e-10
2.421103938684485257e+00,-3.805063769847994437e-01,-1.085557124442104726e-02,-4.502189480848731162e-01,1.138581730183846335e-09,-1.131432951214822236e+00,3.805063763105144270e-01,-1.187787631836406451e-14,6.992110264676416366e-03,-3.898246183762290457e-02,2.454805006317347065e-11,4.597457210236476077e-02,-5.778748680909164384e-11,7.390763791496234059e-14,-1.075162586406079937e-02,7.532250184230510071e-02,-4.249615999230267257e-11,-8.607412770594803642e-02,1.056302502295988846e-10
2.422684293735845706e+00,-3.805063769847994992e-01,-1.084453466479600066e-02,-4.502804601513800686e-01,1.138620471730572237e-09,-1.131360402568690082e+00,3.805063763104232777e-01,-1.175723027890612001e-14,6.975098121723364783e-03,-3.886341766899441275e-02,2.448085188448786877e-11,4.583851579078385141e-02,-5.762050272306277759e-11,7.875889195861188345e-14,-1.077786748808476185e-02,7.533237015318236529e-02,-4.254563986606565651e-11,-8.611023764087688548e-02,1.056943728235356049e-10
2.424264648787206156e+00,-3.805063769847994992e-01,-1.083352500309957625e-02,-4.503417840737465871e-01,1.138659107018717451e-09,-1.131288068984626971e+00,3.805063763103323504e-01,-1.162899163549488810e-14,6.958044634844394970e-03,-3.874435835300684555e-02,2.441357586856040207e-11,4.570240298791791028e-02,-5.745341801088770162e-11,8.351647855533621337e-14,-1.080394809130217834e-02,7.534167127008023490e-02,-4.259466578157354725e-11,-8.614561936101940154e-02,1.057575960364237223e-10
2.425845003838567049e+00,-3.805063769847995547e-01,-1.082254232446853981e-02,-4.504029198287430313e-01,1.138697635925838773e-09,-1.131215950550999771e+00,3.805063763102416452e-01,-1.149330789990074648e-14,6.940950058976138627e-03,-3.862528478667680981e-02,2.434622273389157281e-11,4.556623484572017851e-02,-5.728623409601716805e-11,8.818105094110619718e-14,-1.082986708351150150e-02,7.535040437151548087e-02,-4.264323636572793126e-11,-8.618027145469078776e-02,1.058199171987287721e-10
2.427425358889927498e+00,-3.805063769847995547e-01,-1.081158669363599736e-02,-4.504638673945585148e-01,1.138736058330630166e-09,-1.131144047354351478e+00,3.805063763101512730e-01,-1.135032555084144321e-14,6.923814649986586613e-03,-3.850619786832133740e-02,2.427879320115012398e-11,4.543001251837566062e-02,-5.711895240612071168e-11,9.275326324061174762e-14,-1.085562387645072277e-02,7.535856863427210783e-02,-4.269135024827415791e-11,-8.621419251041302634e-02,1.058813336425661921e-10
2.429005713941287947e+00,-3.805063769847996102e-01,-1.080065817492994844e-02,-4.505246267508031810e-01,1.138774374112926896e-09,-1.131072359479400546e+00,3.805063763100611784e-01,-1.120019003260992842e-14,6.906638664671572655e-03,-3.838709849755823217e-02,2.421128799316708099e-11,4.529373716229800201e-02,-5.695157437308040737e-11,9.723377042576938059e-14,-1.088121788380680237e-02,7.536616323338966861e-02,-4.273900606181883313e-11,-8.624738111691263032e-02,1.059418427017403157e-10
2.430586068992648840e+00,-3.805063769847996102e-01,-1.078975683227198848e-02,-4.505851978785087031e-01,1.138812583153707392e-09,-1.131000887009037115e+00,3.805063763099713059e-01,-1.104304575377102198e-14,6.889422360752206834e-03,-3.826798757531204437e-02,2.414370783493305367e-11,4.515740993613288207e-02,-5.678410143299280227e-11,1.016232282742710077e-13,-1.090664852122552944e-02,7.537318734215922578e-02,-4.278620244185013050e-11,-8.627983586312651387e-02,1.060014417117923750e-10
2.432166424044009290e+00,-3.805063769847996102e-01,-1.077888272917545444e-02,-4.506455807601331132e-01,1.138850685335098003e-09,-1.130929630024316124e+00,3.805063763098817109e-01,-1.087903608591524203e-14,6.872165996871376636e-03,-3.814886600381386939e-02,2.407605345359212931e-11,4.502103200075427414e-02,-5.661653502616203342e-11,1.059222933284479954e-13,-1.093191520632140479e-02,7.537964013211291558e-02,-4.283293802675635760e-11,-8.631155533820124293e-02,1.060601280100414068e-10
2.433746779095370183e+00,-3.805063769847996102e-01,-1.076803592874436138e-02,-4.507057753795604138e-01,1.138888680540376308e-09,-1.130858588604457537e+00,3.805063763097923379e-01,-1.070830336248826635e-14,6.854869832590885538e-03,-3.802973468660635070e-02,2.400832557843833133e-11,4.488460451926661043e-02,-5.644887659709999579e-11,1.101316228538732720e-13,-1.095701735868672387e-02,7.538552077301621801e-02,-4.287921145784383087e-11,-8.634253813149464496e-02,1.061178989356266591e-10
2.435327134146730632e+00,-3.805063769847996102e-01,-1.075721649367178921e-02,-4.507657817221036867e-01,1.138926568653973179e-09,-1.130787762826841458e+00,3.805063763097032981e-01,-1.053098887767808788e-14,6.837534128388204728e-03,-3.791059452854549788e-02,2.394052494091055925e-11,4.474812865700338732e-02,-5.628112759452203188e-11,1.142518747983061792e-13,-1.098195439990175791e-02,7.539082843286221136e-02,-4.292502137935732249e-11,-8.637278283258002787e-02,1.061747518295540679e-10
2.436907489198091525e+00,-3.805063769847996102e-01,-1.074642448623841680e-02,-4.508255997745070909e-01,1.138964349561477752e-09,-1.130717152767004574e+00,3.805063763096144247e-01,-1.034723288536911767e-14,6.820159145653247393e-03,-3.779144643580305274e-02,2.387265227458761913e-11,4.461160558152624245e-02,-5.611328947134337096e-11,1.182837077506417401e-13,-1.100672575354377618e-02,7.539556227786052556e-02,-4.297036643849687538e-11,-8.640228803124429258e-02,1.062306840347347083e-10
2.438487844249451975e+00,-3.805063769847997213e-01,-1.073565996831112902e-02,-4.508852295249479725e-01,1.139002023149640108e-09,-1.130646758498636384e+00,3.805063763095258844e-01,-1.015717459816230444e-14,6.802745146685460452e-03,-3.767229131587072899e-02,2.380470831518443019e-11,4.447503646262637028e-02,-5.594536368467821787e-11,1.222277808999431694e-13,-1.103133084519683157e-02,7.539972147243244327e-02,-4.301524528543769435e-11,-8.643105231749284578e-02,1.062856928960314141e-10
2.440068199300812868e+00,-3.805063769847997213e-01,-1.072492300134157521e-02,-4.509446709630387518e-01,1.139039589306374378e-09,-1.130576580093576089e+00,3.805063763094375662e-01,-9.960952186458359933e-15,6.785292394690282253e-03,-3.755313007756116983e-02,2.373669380054610529e-11,4.433842247232184369e-02,-5.577735169583369138e-11,1.260847539945708889e-13,-1.105576910246105354e-02,7.540330517920124098e-02,-4.305965657334788520e-11,-8.645907428154905872e-02,1.063397757602989603e-10
2.441648554352173317e+00,-3.805063769847997213e-01,-1.071421364636473625e-02,-4.510039240798291993e-01,1.139077047920762882e-09,-1.130506617621808596e+00,3.805063763093495810e-01,-9.758702777606357072e-15,6.767801153776297624e-03,-3.743396363101259006e-02,2.366860947064434817e-11,4.420176478485943194e-02,-5.560925497030941054e-11,1.298552873014289628e-13,-1.108003995496205027e-02,7.540631255898572194e-02,-4.310359895840720851e-11,-8.648635251385729250e-02,1.063929299764280590e-10
2.443228909403533766e+00,-3.805063769847997768e-01,-1.070353196399742232e-02,-4.510629888678087118e-01,1.139114398883059017e-09,-1.130436871151461631e+00,3.805063763092618179e-01,-9.550562455115121507e-15,6.750271688951797917e-03,-3.731479288769027486e-02,2.360045606757186998e-11,4.406506457671273413e-02,-5.544107497779225378e-11,1.335400415653083683e-13,-1.110414283436026231e-02,7.540874277079163968e-02,-4.314707109982514831e-11,-8.651288560508382797e-02,1.064451528953866925e-10
2.444809264454894215e+00,-3.805063769847997213e-01,-1.069287801443707248e-02,-4.511218653209076446e-01,1.139151642084689744e-09,-1.130367340748802185e+00,3.805063763091743323e-01,-9.336666257933792046e-15,6.732704266121736572e-03,-3.719561876039080561e-02,2.353223433553833418e-11,4.392832302658329635e-02,-5.527281319215497591e-11,1.371396779682405652e-13,-1.112807717436024683e-02,7.541059497180574445e-02,-4.319007165985973694e-11,-8.653867214611993264e-02,1.064964418702645098e-10
2.446389619506255109e+00,-3.805063769847997213e-01,-1.068225185746003725e-02,-4.511805534345005309e-01,1.139188777418261171e-09,-1.130298026478232298e+00,3.805063763090871243e-01,-9.117148179787254254e-15,6.715099152084274409e-03,-3.707644216324320480e-02,2.346394502086457914e-11,4.379154131539829409e-02,-5.510447109145035973e-11,1.406548580891394474e-13,-1.115184241071983523e-02,7.541186831738562468e-02,-4.323259930383458978e-11,-8.656371072808105582e-02,1.065467942563115487e-10
2.447969974557615558e+00,-3.805063769847997213e-01,-1.067165355242046670e-02,-4.512390532054071368e-01,1.139225804777559585e-09,-1.130228928402285948e+00,3.805063763090001938e-01,-8.892141168586520563e-15,6.697456614527668405e-03,-3.695726401171320341e-02,2.339558887197842416e-11,4.365472062631171185e-02,-5.493605015790955518e-11,1.440862438633206112e-13,-1.117543798125923867e-02,7.541256196105378118e-02,-4.327465270015749746e-11,-8.658799994230986785e-02,1.065962074109820637e-10
2.449550329608976451e+00,-3.805063769847998323e-01,-1.066108315824864858e-02,-4.512973646318954590e-01,1.139262724057556001e-09,-1.130160046581625499e+00,3.805063763089134854e-01,-8.661777125892309593e-15,6.679776922027043373e-03,-3.683808522260575286e-02,2.332716663940975478e-11,4.351786214470361458e-02,-5.476755187793833768e-11,1.474344975423491685e-13,-1.119886332587061335e-02,7.541267505449125719e-02,-4.331623052033936696e-11,-8.661153838037959074e-02,1.066446786939785734e-10
2.451130684660336900e+00,-3.805063769847998323e-01,-1.065054073344980784e-02,-4.513554877136830012e-01,1.139299535154409269e-09,-1.130091381075039259e+00,3.805063763088270545e-01,-8.426186906451102856e-15,6.662060344041062163e-03,-3.671890671406818907e-02,2.325867907578560174e-11,4.338096705818002968e-02,-5.459897774211359903e-11,1.507002816538029934e-13,-1.122211788652644274e-02,7.541220674752754927e-02,-4.335733143901013839e-11,-8.663432463409220796e-02,1.066922054672889412e-10
2.452711039711697794e+00,-3.805063769847997768e-01,-1.064002633610263565e-02,-4.514134224519395500e-01,1.139336237965468962e-09,-1.130022931939435260e+00,3.805063763087409567e-01,-8.185500317788515354e-15,6.644307150908493505e-03,-3.659972940559218929e-02,2.319012693582460596e-11,4.324403655657137885e-02,-5.443032924517831972e-11,1.538842589612672007e-13,-1.124520110728919296e-02,7.541115618813544474e-02,-4.339795413393832067e-11,-8.665635729548300248e-02,1.067387850952319219e-10
2.454291394763058243e+00,-3.805063769847998323e-01,-1.062954002385783393e-02,-4.514711688492892283e-01,1.139372832389279310e-09,-1.129954699229840820e+00,3.805063763086550810e-01,-7.939846119867267583e-15,6.626517613845210944e-03,-3.648055421801821990e-02,2.312151097633310885e-11,4.310707183193402542e-02,-5.426160788604027648e-11,1.569870924244354539e-13,-1.126811243431992751e-02,7.540952252242266729e-02,-4.343809728604770966e-11,-8.667763495682073716e-02,1.067844149444966343e-10
2.455871749814419136e+00,-3.805063769847998323e-01,-1.061908185393680044e-02,-4.515287269098124390e-01,1.139409318325582714e-09,-1.129886682999396319e+00,3.805063763085694273e-01,-7.689352024809331364e-15,6.608692004940483998e-03,-3.636138207353669521e-02,2.305283195619889024e-11,4.297007407854763761e-02,-5.409281516776533434e-11,1.600094451592625193e-13,-1.129085131588739022e-02,7.540730489462453556e-02,-4.347775957943534696e-11,-8.669815621060945887e-02,1.068290923841840229e-10
2.457452104865779585e+00,-3.805063769847998323e-01,-1.060865188313036243e-02,-4.515860966390475850e-01,1.139445695675321194e-09,-1.129818883299354537e+00,3.805063763084841066e-01,-7.434144696683524313e-15,6.590830597154000506e-03,-3.624221389569293877e-02,2.298409063638739121e-11,4.283304449291722160e-02,-5.392395259757666468e-11,1.629519803982424803e-13,-1.131341720237666326e-02,7.540450244709712146e-02,-4.351693970138871628e-11,-8.671791964959035814e-02,1.068728147858481526e-10
2.459032459917140034e+00,-3.805063769847998878e-01,-1.059825016779715294e-02,-4.516432780439942341e-01,1.139481964340642179e-09,-1.129751300179074880e+00,3.805063763083990080e-01,-7.174349751346671118e-15,6.572933664312292229e-03,-3.612305060938855034e-02,2.291528777993578159e-11,4.269598427377092886e-02,-5.375502168684856079e-11,1.658153614509173516e-13,-1.133580954629829704e-02,7.540111432031001981e-02,-4.355563634240374749e-11,-8.673692386674355936e-02,1.069155795235376715e-10
2.460612814968500484e+00,-3.805063769847998878e-01,-1.058787676386243465e-02,-4.517002711331144504e-01,1.139518124224900366e-09,-1.129683933686019603e+00,3.805063763083141870e-01,-6.910091756357337656e-15,6.555001481105411122e-03,-3.600389314088495857e-02,2.284642415194810998e-11,4.255889462206022961e-02,-5.358602395110316143e-11,1.686002516643564603e-13,-1.135802780229687274e-02,7.539713965283896535e-02,-4.359384819620166403e-11,-8.675516745528939755e-02,1.069573839738359415e-10
2.462193170019861377e+00,-3.805063769847998878e-01,-1.057753172681669997e-02,-4.517570759163351823e-01,1.139554175232661035e-09,-1.129616783865752927e+00,3.805063763082296435e-01,-6.641494230946991029e-15,6.537034323083723564e-03,-3.588474241780734153e-02,2.277750051959079953e-11,4.242177674096066220e-02,-5.341696091000780775e-11,1.713073143838507505e-13,-1.138007142715966383e-02,7.539257758135910203e-02,-4.363157395974632131e-11,-8.677264900869030573e-02,1.069982255159020485e-10
2.463773525071221826e+00,-3.805063769847998323e-01,-1.056721511171425550e-02,-4.518136924050505931e-01,1.139590117269703144e-09,-1.129549850761935037e+00,3.805063763081453776e-01,-6.368679646052110145e-15,6.519032466654057535e-03,-3.576559936914494586e-02,2.270851765208585275e-11,4.228463183586832208e-02,-5.324783408736701057e-11,1.739372129137054122e-13,-1.140193987982545884e-02,7.538742724063671186e-02,-4.366881233326122860e-11,-8.678936712065134229e-02,1.070381015315102359e-10
2.465353880122582719e+00,-3.805063769847998878e-01,-1.055692697317194527e-02,-4.518701206121240044e-01,1.139625950243023673e-09,-1.129483134416319423e+00,3.805063763080612782e-01,-6.091769424411892449e-15,6.500996189076936604e-03,-3.564646492525781751e-02,2.263947632070797253e-11,4.214746111440375448e-02,-5.307864501112371057e-11,1.764906104781762716e-13,-1.142363262139296266e-02,7.538168776352394129e-02,-4.370556202024674532e-11,-8.680532038512332738e-02,1.070770094050917935e-10
2.466934235173943168e+00,-3.805063769847999433e-01,-1.054666736536773175e-02,-4.519263605518899496e-01,1.139661674060839696e-09,-1.129416634868749103e+00,3.805063763079775674e-01,-5.810883940723643752e-15,6.482925768462589194e-03,-3.552734001787651724e-02,2.257037729877734694e-11,4.201026578640778414e-02,-5.290939521335023743e-11,1.789681701825171018e-13,-1.144514911512961239e-02,7.537535828095077994e-02,-4.374182172749730966e-11,-8.682050739630375880e-02,1.071149465237746585e-10
2.468514590225304062e+00,-3.805063769847999433e-01,-1.053643634203942775e-02,-4.519824122401567834e-01,1.139697288632592101e-09,-1.129350352157153736e+00,3.805063763078940786e-01,-5.526142521863360298e-15,6.464821483767922358e-03,-3.540822558010758847e-02,2.250122136165586875e-11,4.187304706394381210e-02,-5.274008623024743745e-11,1.813705549741682217e-13,-1.146648882647978082e-02,7.536843792191845470e-02,-4.377759016511770429e-11,-8.683492674863818594e-02,1.071519102774229523e-10
2.470094945276664511e+00,-3.805063769847999433e-01,-1.052623395648339365e-02,-4.520382756942080138e-01,1.139732793868948690e-09,-1.129284286317546293e+00,3.805063763078109229e-01,-5.237663447166579818e-15,6.446683614792784317e-03,-3.528912254643502139e-02,2.243200928674092512e-11,4.173580616129571319e-02,-5.257071960213811421e-11,1.836984276040541217e-13,-1.148765122307326622e-02,7.536092581349201902e-02,-4.381286604653985204e-11,-8.684857703682148655e-02,1.071878980586765561e-10
2.471675300328025404e+00,-3.805063769847999433e-01,-1.051606026155299002e-02,-4.520939509328058548e-01,1.139768189681807076e-09,-1.129218437384018170e+00,3.805063763077278782e-01,-4.945563948763620591e-15,6.428512442176737007e-03,-3.517003185272422200e-02,2.236274185346079317e-11,4.159854429496844669e-02,-5.240129687346395256e-11,1.859524505881268604e-13,-1.150863577473400928e-02,7.535282108079498220e-02,-4.384764808854050978e-11,-8.686145685580107245e-02,1.072229072629928833e-10
2.473255655379385853e+00,-3.805063769847999433e-01,-1.050591530965753334e-02,-4.521494379761921145e-01,1.139803475984299232e-09,-1.129152805388736303e+00,3.805063763076452776e-01,-4.649960211988931622e-15,6.410308247395259638e-03,-3.505095443622387869e-02,2.229341984326840059e-11,4.146126268368618278e-02,-5.223181959277909499e-11,1.881332861688531688e-13,-1.152944195348780919e-02,7.534412284699965046e-02,-4.388193501125580875e-11,-8.687356480077509935e-02,1.072569352886820476e-10
2.474836010430746747e+00,-3.805063769847999433e-01,-1.049579915276080237e-02,-4.522047368460909711e-01,1.139838652690792114e-09,-1.129087390361940502e+00,3.805063763075628436e-01,-4.350967375838596471e-15,6.392071312756751091e-03,-3.493189123557128434e-02,2.222404403963756455e-11,4.132396254839461325e-02,-5.206228931274911415e-11,1.902415962770442347e-13,-1.155006923357115162e-02,7.533483023332415707e-02,-4.391572553819992422e-11,-8.688489946719819834e-02,1.072899795369513888e-10
2.476416365482107196e+00,-3.805063769847999988e-01,-1.048571184237972499e-02,-4.522598475657113593e-01,1.139873719716894686e-09,-1.129022192331939012e+00,3.805063763074807426e-01,-4.048699533493058520e-15,6.373801921398573878e-03,-3.481284319079307882e-02,2.215461522805610605e-11,4.118664511225774566e-02,-5.189270759014278626e-11,1.922780424937073997e-13,-1.157051709143915030e-02,7.532494235902298385e-02,-4.394901839628001647e-11,-8.689545945077992162e-02,1.073220374119408601e-10
2.477996720533467645e+00,-3.805063769847999433e-01,-1.047565342958320898e-02,-4.523147701597484693e-01,1.139908676979456686e-09,-1.128957211325105403e+00,3.805063763073988081e-01,-3.743269732903741606e-15,6.355500357283742560e-03,-3.469381124330959965e-02,2.208513419602120998e-11,4.104931160065891649e-02,-5.172307598582925417e-11,1.942432860120466658e-13,-1.159078500577361698e-02,7.531445834138084106e-02,-4.398181231581259996e-11,-8.690524334748682411e-02,1.073531063207626561e-10
2.479577075584828094e+00,-3.805063769847999433e-01,-1.046562396499074211e-02,-4.523695046543864118e-01,1.139943524396574826e-09,-1.128892447365874574e+00,3.805063763073172067e-01,-3.434789977433385776e-15,6.337166905197373634e-03,-3.457479633593776858e-02,2.201560173303390951e-11,4.091196324120019434e-02,-5.155339606477299314e-11,1.961379875996641413e-13,-1.161087245749127701e-02,7.530337729570671379e-02,-4.401410603053998993e-11,-8.691424975354462845e-02,1.073831836735405547e-10
2.481157430636188987e+00,-3.805063769847999988e-01,-1.045562349877101130e-02,-4.524240510773007151e-01,1.139978261887595480e-09,-1.128827900476740531e+00,3.805063763072359384e-01,-3.123371226555686444e-15,6.318801850743236033e-03,-3.445579941289448472e-02,2.194601863059390324e-11,4.077460126370220650e-02,-5.138366939602950051e-11,1.979628075609163810e-13,-1.163077892975195038e-02,7.529169833532765865e-02,-4.404589827764679436e-11,-8.692247726544015396e-02,1.074122668834493508e-10
2.482737785687549437e+00,-3.805063769847999988e-01,-1.044565208064077502e-02,-4.524784094576601023e-01,1.140012889373116961e-09,-1.128763570678250838e+00,3.805063763071548366e-01,-2.809123396621791879e-15,6.300405480340002390e-03,-3.433682141979900460e-02,2.187638568219351296e-11,4.063722690020290379e-02,-5.121389755273918872e-11,1.997184056993308060e-13,-1.165050390796623994e-02,7.527942057158097666e-02,-4.407718779777486140e-11,-8.692992447992138605e-02,1.074403533667511876e-10
2.484318140738910330e+00,-3.805063769847999988e-01,-1.043570975986353108e-02,-4.525325798261285448e-01,1.140047406774993035e-09,-1.128699457989005062e+00,3.805063763070740124e-01,-2.492155361680158060e-15,6.281978081217798673e-03,-3.421786330367663359e-02,2.180670368331258806e-11,4.049984138495772018e-02,-5.104408211212332055e-11,2.014054412802555504e-13,-1.167004687980354762e-02,7.526654311380857887e-02,-4.410797333503960319e-11,-8.693658999399958565e-02,1.074674405428347312e-10
2.485898495790270779e+00,-3.805063769847999433e-01,-1.042579658524813054e-02,-4.525865622148681489e-01,1.140081814016336850e-09,-1.128635562425649885e+00,3.805063763069935212e-01,-2.172574954353107251e-15,6.263519941414730403e-03,-3.409892601296221626e-02,2.173697343141326778e-11,4.036244595443962829e-02,-5.087422465547961470e-11,2.030245729936807628e-13,-1.168940733519997256e-02,7.525306506935050543e-02,-4.413825363704571239e-11,-8.694247240495095452e-02,1.074935258342532082e-10
2.487478850841631672e+00,-3.805063769847999988e-01,-1.041591260514768830e-02,-4.526403566575405435e-01,1.140116111021522592e-09,-1.128571884002876891e+00,3.805063763069131966e-01,-1.850488966781453825e-15,6.245031349773080137e-03,-3.398001049750256491e-02,2.166719572593385497e-11,4.022504184733768223e-02,-5.070432676817589328e-11,2.045764589171135999e-13,-1.170858476636612612e-02,7.523898554353912471e-02,-4.416802745490299485e-11,-8.694757031031839778e-02,1.075186066667627272e-10
2.489059205892992122e+00,-3.805063769847999433e-01,-1.040605786745811383e-02,-4.526939631893100446e-01,1.140150297716189618e-09,-1.128508422733417893e+00,3.805063763068332050e-01,-1.526003151614626273e-15,6.226512595935862308e-03,-3.386111770855997072e-02,2.159737136828365257e-11,4.008763030455719800e-02,-5.053439003964580378e-11,2.060617564787507162e-13,-1.172757866779476285e-02,7.522430363969145883e-02,-4.419729354324127828e-11,-8.695188230791171813e-02,1.075426804693584035e-10
2.490639560944353015e+00,-3.805063769847999988e-01,-1.039623241961699224e-02,-4.527473818468452649e-01,1.140184374027245975e-09,-1.128445178628041390e+00,3.805063763067534910e-01,-1.199222223071027008e-15,6.207963970343147349e-03,-3.374224859881540944e-02,2.152750116183727361e-11,3.995021256921924696e-02,-5.036441606338346820e-11,2.074811224206928089e-13,-1.174638853626855557e-02,7.520901845910429873e-02,-4.422605066022640011e-11,-8.695540699581043309e-02,1.075657446743131718e-10
2.492219915995713464e+00,-3.805063769848000543e-01,-1.038643630860231273e-02,-4.528006126683212784e-01,1.140218339882870053e-09,-1.128382151695550339e+00,3.805063763066740545e-01,-8.702498580505153752e-16,6.189385764228502035e-03,-3.362340412237209419e-02,2.145758591192924509e-11,3.981278988666057950e-02,-5.019440643693877850e-11,2.088352127623822656e-13,-1.176501387086762405e-02,7.519312910104775094e-02,-4.425429756757520660e-11,-8.695814297236470480e-02,1.075877967172145831e-10
2.493800271047073913e+00,-3.805063769847999988e-01,-1.037666958093111554e-02,-4.528536556934225077e-01,1.140252195212514925e-09,-1.128319341942778165e+00,3.805063763065948401e-01,-5.391886973020145782e-16,6.170778269615221669e-03,-3.350458523475767503e-02,2.138762642584788494e-11,3.967536350443215398e-02,-5.002436276191082434e-11,2.101246827642123164e-13,-1.178345417297717301e-02,7.517663466275825712e-02,-4.428203303057077811e-11,-8.696008883619621432e-02,1.076088340370012649e-10
2.495380626098434806e+00,-3.805063769847999988e-01,-1.036693228265167348e-02,-4.529065109633371167e-01,1.140285939946933372e-09,-1.128256749374584089e+00,3.805063763065159033e-01,-2.154784659515893101e-16,6.152141792482279312e-03,-3.338579287889632125e-02,2.131762355743173012e-11,3.953793467143708329e-02,-4.985427842579638570e-11,1.991342696012292037e-13,-1.180169171835411535e-02,7.515955259633275154e-02,-4.430919747151993768e-11,-8.696124431521434772e-02,1.076396048720123867e-10
2.496960981149795256e+00,-3.805063769847999988e-01,-1.035722445931936200e-02,-4.529591785207353061e-01,1.140319574018259363e-09,-1.128194373993853583e+00,3.805063763064372995e-01,9.030993910267748051e-17,6.133476641187803925e-03,-3.326702799744194611e-02,2.124757816786959607e-11,3.940050463868734892e-02,-4.968414582371703126e-11,1.878860756742249019e-13,-1.181974296670066163e-02,7.514186393025382160e-02,-4.433584708060635219e-11,-8.696160689754944828e-02,1.076695270168469483e-10
2.498541336201155705e+00,-3.805063769847999988e-01,-1.034754615601745850e-02,-4.530116584097950705e-01,1.140353097359934842e-09,-1.128132215801491478e+00,3.805063763063589177e-01,3.784800091501037305e-16,6.114783109534197188e-03,-3.314829155082249512e-02,2.117749106835316260e-11,3.926307466041329547e-02,-4.951396692408333560e-11,1.768373133565477662e-13,-1.183760807024136427e-02,7.512356706954792518e-02,-4.436198281455456273e-11,-8.696117514045029195e-02,1.076981961187812419e-10
2.500121691252516598e+00,-3.805063769847999988e-01,-1.033789741736430325e-02,-4.530639506762135782e-01,1.140386509906685540e-09,-1.128070274796419969e+00,3.805063763062807580e-01,6.493456050753712152e-16,6.096061492085927402e-03,-3.302958450091843939e-02,2.110736307196122843e-11,3.912564599305987795e-02,-4.934374370755365871e-11,1.659863226769555214e-13,-1.185528653639564278e-02,7.510466110673449935e-02,-4.438760344202084696e-11,-8.695994764385570064e-02,1.077256116650914749e-10
2.501702046303877047e+00,-3.805063769847999988e-01,-1.032827828751220478e-02,-4.531160553672090030e-01,1.140419811594523661e-09,-1.128008550975572399e+00,3.805063763062029314e-01,9.032179656170595070e-16,6.077312084184029184e-03,-3.291090781104594881e-02,2.103719499371556195e-11,3.898821989528428872e-02,-4.917347815559538848e-11,1.553314451994398056e-13,-1.187277787492784474e-02,7.508514513226439979e-02,-4.441270773531243160e-11,-8.695792300798087238e-02,1.077517731444071996e-10
2.503282401355237941e+00,-3.805063769847999988e-01,-1.031868881014604347e-02,-4.531679725315231333e-01,1.140453002360750774e-09,-1.127947044333891924e+00,3.805063763061253268e-01,1.140405709872748561e-15,6.058535181942378139e-03,-3.279226244595990353e-02,2.096698765057505608e-11,3.885079762795528441e-02,-4.900317225048259485e-11,1.448710241166103632e-13,-1.189008159795536777e-02,7.506501823451730560e-02,-4.443729447040499890e-11,-8.695509983332293247e-02,1.077766800466392197e-10
2.504862756406598390e+00,-3.805063769847999988e-01,-1.030912902848216996e-02,-4.532197022194234814e-01,1.140486082143961540e-09,-1.127885754864327517e+00,3.805063763060480553e-01,1.361214839943204580e-15,6.039731082244008918e-03,-3.267364937185751605e-02,2.089674186143008342e-11,3.871338045415315121e-02,-4.883282797529449819e-11,1.346034043429208092e-13,-1.190719721995542150e-02,7.504427949979371182e-02,-4.446136242695612834e-11,-8.695147672065961508e-02,1.078003318628984999e-10
2.506443111457959283e+00,-3.805063769847999988e-01,-1.029959898526711104e-02,-4.532712444827056153e-01,1.140519050884045779e-09,-1.127824682557830194e+00,3.805063763059710058e-01,1.565948743728933237e-15,6.020900082737505252e-03,-3.255506955638224481e-02,2.082645844709706458e-11,3.857596963916989224e-02,-4.866244731391457758e-11,1.245269326072231171e-13,-1.192412425777235330e-02,7.502292801230947550e-02,-4.448491038832043790e-11,-8.694705227105108125e-02,1.078227280854201051e-10
2.508023466509319732e+00,-3.805063769847999988e-01,-1.029009872277643518e-02,-4.533225993746956561e-01,1.140551908522191982e-09,-1.127763827403349461e+00,3.805063763058942339e-01,1.754908197868681325e-15,6.002042481833002284e-03,-3.243652396862579945e-02,2.075613823031179587e-11,3.843856645050736098e-02,-4.849203225102693888e-11,1.146399575449936624e-13,-1.194086223062500868e-02,7.500096285419069475e-02,-4.450793714156502265e-11,-8.694182508584233360e-02,1.078438682074877451e-10
2.509603821560680625e+00,-3.805063769847999988e-01,-1.028062828281346014e-02,-4.533737669502522771e-01,1.140584655000891039e-09,-1.127703189387829763e+00,3.805063763058177395e-01,1.928391370827038927e-15,5.983158578698649470e-03,-3.231801357913248463e-02,2.068578203572426001e-11,3.830117215787803148e-02,-4.832158477211628249e-11,1.049408297899425924e-13,-1.195741066011364248e-02,7.497838310546715845e-02,-4.453044147748340691e-11,-8.693579376666342451e-02,1.078637517233561365e-10
2.511184176612041075e+00,-3.805063769847999433e-01,-1.027118770670819130e-02,-4.534247472657690348e-01,1.140617290263937887e-09,-1.127642768496207593e+00,3.805063763057414672e-01,2.086693826121779232e-15,5.964248673256614640e-03,-3.219953935990155225e-02,2.061539068989204100e-11,3.816378803320330526e-02,-4.815110686346492416e-11,9.542790206534448138e-14,-1.197376907022683172e-02,7.495518784406604573e-02,-4.455242219060978082e-11,-8.692895691543009451e-02,1.078823781281742300e-10
2.512764531663401524e+00,-3.805063769847999433e-01,-1.026177703531599462e-02,-4.534755403791769224e-01,1.140649814256435445e-09,-1.127582564711407720e+00,3.805063763056655279e-01,2.230108525700717269e-15,5.945313066179592869e-03,-3.208110228439182976e-02,2.054496502127531900e-11,3.802641535061473260e-02,-4.798060051215346064e-11,8.609952927462863029e-14,-1.198993698734879959e-02,7.493137614580845651e-02,-4.457387807923471035e-11,-8.692131313434772744e-02,1.078997469179129996e-10
2.514344886714761973e+00,-3.805063769847999433e-01,-1.025239630901650725e-02,-4.535261463499462575e-01,1.140682226924797504e-09,-1.127522578014338528e+00,3.805063763055898662e-01,2.358925833456554802e-15,5.926352058886827888e-03,-3.196270332752421117e-02,2.047450586023030788e-11,3.788905538645242349e-02,-4.781006770605821057e-11,7.695406859170420854e-14,-1.200591394026594150e-02,7.490694708440166771e-02,-4.459480794541804254e-11,-8.691286102590994878e-02,1.079158575892869387e-10
2.515925241766122866e+00,-3.805063769847999433e-01,-1.024304556771248563e-02,-4.535765652390891245e-01,1.140714528216751421e-09,-1.127462808383891790e+00,3.805063763055143711e-01,2.473433518885990547e-15,5.907365953540274009e-03,-3.184434346568485591e-02,2.040401403900319025e-11,3.775170941926449253e-02,-4.763951043384985096e-11,6.798987955071051162e-14,-1.202169946017363211e-02,7.488189973143366540e-02,-4.461521059500309686e-11,-8.690359919290015223e-02,1.079307096396793419e-10
2.517505596817483315e+00,-3.805063769847999433e-01,-1.023372485082840386e-02,-4.536267971091625384e-01,1.140746718081341214e-09,-1.127403255796934234e+00,3.805063763054392645e-01,2.573916760893119932e-15,5.888355053040938460e-03,-3.172602367672894275e-02,2.033349039172454048e-11,3.761437872980716302e-02,-4.746893068499325557e-11,5.920532413505600700e-14,-1.203729308068354764e-02,7.485623315636989739e-02,-4.463508483763238166e-11,-8.689352623839551037e-02,1.079443025670718008e-10
2.519085951868844209e+00,-3.805063769847999433e-01,-1.022443419730971817e-02,-4.536768420242689448e-01,1.140778796468930878e-09,-1.127343920228309093e+00,3.805063763053643799e-01,2.660658151725352855e-15,5.869319661024927082e-03,-3.160774493998411150e-02,2.026293575440308529e-11,3.747706460104416326e-02,-4.729833044974630589e-11,5.059876686652146713e-14,-1.205269433782946153e-02,7.482994642654494655e-02,-4.465442948675903247e-11,-8.688264076576435180e-02,1.079566358699646660e-10
2.520666306920204658e+00,-3.805063769847999433e-01,-1.021517364562117558e-02,-4.537267000500607717e-01,1.140810763331207274e-09,-1.127284801650828561e+00,3.805063763052897730e-01,2.733937701060343075e-15,5.850260081859685185e-03,-3.148950823625328715e-02,2.019235096491961622e-11,3.733976831814586617e-02,-4.712771171915877314e-11,4.216857489302200732e-14,-1.206790277007469860e-02,7.480303860715920017e-02,-4.467324335966259310e-11,-8.687094137867043542e-02,1.079677090473078991e-10
2.522246661971565551e+00,-3.805063769847999433e-01,-1.020594323374614427e-02,-4.537763712537408178e-01,1.140842618621182201e-09,-1.127225900035273343e+00,3.805063763052153880e-01,2.794032840220789591e-15,5.831176620640038909e-03,-3.137131454781830892e-02,2.012173686302085686e-11,3.720249116848894227e-02,-4.695707648507167850e-11,3.391311807673929501e-14,-1.208291791831795671e-02,7.477550876127170287e-02,-4.469152527746099036e-11,-8.685842668107152109e-02,1.079775215984239130e-10
2.523827017022926000e+00,-3.805063769847998878e-01,-1.019674299918517553e-02,-4.538258557040658059e-01,1.140874362293196322e-09,-1.127167215350387552e+00,3.805063763051413361e-01,2.841218426535832838e-15,5.812069583184597404e-03,-3.125316485844414210e-02,2.005109429031405066e-11,3.706523444165694958e-02,-4.678642674011818490e-11,2.583076908104342871e-14,-1.209773932590036544e-02,7.474735594979751985e-02,-4.470927406512570766e-11,-8.684509527722372724e-02,1.079860730229388637e-10
2.525407372074286894e+00,-3.805063769847999433e-01,-1.018757297895500451e-02,-4.538751534713478808e-01,1.140905994302922271e-09,-1.127108747562875157e+00,3.805063763050675618e-01,2.875766747835102966e-15,5.792939276031597307e-03,-3.113506015338097718e-02,1.998042409025996863e-11,3.692799942943834207e-02,-4.661576447772118656e-11,1.791990345730264093e-14,-1.211236653861145693e-02,7.471857923149975711e-02,-4.472648855149364339e-11,-8.683094577167983774e-02,1.079933628207064724e-10
2.526987727125647343e+00,-3.805063769847999433e-01,-1.017843320958727871e-02,-4.539242646274581072e-01,1.140937514607366713e-09,-1.127050496637397092e+00,3.805063763049940651e-01,2.897947527081793414e-15,5.773786006435147923e-03,-3.101700141936807043e-02,1.990972710816711584e-11,3.679078742582646971e-02,-4.644509169209369677e-11,1.017889973088757723e-14,-1.212679910469584635e-02,7.468917766298639738e-02,-4.474316756928153492e-11,-8.681597676929235508e-02,1.079993904917385294e-10
2.528568082177008236e+00,-3.805063769847999433e-01,-1.016932372712755009e-02,-4.539731892458277462e-01,1.140968923164873454e-09,-1.126992462536567707e+00,3.805063763049207903e-01,2.908027927139677942e-15,5.754610082361356731e-03,-3.089898964463736256e-02,1.983900419118570211e-11,3.665359972701939112e-02,-4.627441037823891246e-11,2.606139486895704025e-15,-1.214103657485911605e-02,7.465915029870349995e-02,-4.475930995509788808e-11,-8.680018687521298681e-02,1.080041555361308096e-10
2.530148437228368685e+00,-3.805063769847999433e-01,-1.016024456713417179e-02,-4.540219274014506423e-01,1.141000219935126745e-09,-1.126934645220951436e+00,3.805063763048477932e-01,2.906272555676124126e-15,5.735411812484494769e-03,-3.078102581891727432e-02,1.976825618830168043e-11,3.651643763141981802e-02,-4.610372253195070540e-11,-4.799992544779757588e-15,-1.215507850227431907e-02,7.462849619093232800e-02,-4.477491454945720725e-11,-8.678357469489607345e-02,1.080076574539946882e-10
2.531728792279729134e+00,-3.805063769847999433e-01,-1.015119576467703351e-02,-4.540704791708866650e-01,1.141031404879154177e-09,-1.126877044649058357e+00,3.805063763047750736e-01,2.892943470198907919e-15,5.716191506182985091e-03,-3.066311093343533981e-02,1.969748395033012307e-11,3.637930243963367200e-02,-4.593303014981249769e-11,-1.204110840503611724e-14,-1.216892444258803677e-02,7.459721438978307584e-02,-4.478998019679224798e-11,-8.676613883409838024e-02,1.080098957453847749e-10
2.533309147331089584e+00,-3.805063769847998878e-01,-1.014217735433662650e-02,-4.541188446322627081e-01,1.141062477959328959e-09,-1.126819660777341969e+00,3.805063763047026315e-01,2.868300183225859370e-15,5.696949473535430249e-03,-3.054524598092156137e-02,1.962668832990891757e-11,3.624219545446957097e-02,-4.576233522919726178e-11,-1.911881682143063387e-14,-1.218257395392619881e-02,7.456530394318935939e-02,-4.480450574546624373e-11,-8.674787789887940248e-02,1.080108699102273242e-10
2.534889502382450477e+00,-3.805063769847998878e-01,-1.013318937020276506e-02,-4.541670238652762426e-01,1.141093439139374052e-09,-1.126762493560194311e+00,3.805063763046303560e-01,2.832599667587053935e-15,5.677686025316962433e-03,-3.042743195561304140e-02,1.955587018149337715e-11,3.610511798093976599e-02,-4.559163976826962724e-11,-2.603472312489430662e-14,-1.219602659690031607e-02,7.453276389690483006e-02,-4.481849004778637343e-11,-8.672879049560444642e-02,1.080105794482526267e-10
2.536469857433810926e+00,-3.805063769847998878e-01,-1.012423184587366194e-02,-4.542150169511969260e-01,1.141124288384362995e-09,-1.126705542949944627e+00,3.805063763045584690e-01,2.786096361858487579e-15,5.658401472995076668e-03,-3.030966985325649066e-02,1.948503036134930012e-11,3.596807132625846198e-02,-4.542094576598473039e-11,-3.279042916671801203e-14,-1.220928193461318090e-02,7.449959329449758194e-02,-4.483193196001555527e-11,-8.670887523094435168e-02,1.080090238589237157e-10
2.538050212485171819e+00,-3.805063769847998878e-01,-1.011530481445470885e-02,-4.542628239728692119e-01,1.141155025660724869e-09,-1.126648808896853371e+00,3.805063763044868597e-01,2.729042175925887889e-15,5.639096128725616663e-03,-3.019196067111108023e-02,1.941416972754638151e-11,3.583105679984066594e-02,-4.525025522208783306e-11,-3.938753323632489178e-14,-1.222233953266480509e-02,7.446579117734518360e-02,-4.484483034238493839e-11,-8.668813071187665698e-02,1.080062026413674533e-10
2.539630567536532268e+00,-3.805063769847998323e-01,-1.010640830855746679e-02,-4.543104450147148476e-01,1.141185650936245539e-09,-1.126592291349110431e+00,3.805063763044154168e-01,2.661686496678822527e-15,5.619770305349141432e-03,-3.007430540795369076e-02,1.934328913995305941e-11,3.569407571330383139e-02,-4.507957013711759256e-11,-4.582762997946540430e-14,-1.223519895915812887e-02,7.443135658463106985e-02,-4.485718405910625893e-11,-8.666655554568783448e-02,1.080021152943068308e-10
2.541210922587893162e+00,-3.805063769847998878e-01,-1.009754236029855243e-02,-4.543578801627350949e-01,1.141216164180071789e-09,-1.126535990252831354e+00,3.805063763043443070e-01,2.584276193833021253e-15,5.600424316386661341e-03,-2.995670506408075820e-02,1.927238946022916397e-11,3.555712938046538818e-02,-4.490889251240429094e-11,-5.211231031703973209e-14,-1.224785978470477148e-02,7.439628855333954571e-02,-4.486899197838396334e-11,-8.664414833997377552e-02,1.079967613159923512e-10
2.542791277639253611e+00,-3.805063769847998878e-01,-1.008870700129858508e-02,-4.544051295045133387e-01,1.141246565362713182e-09,-1.126479905552052907e+00,3.805063763042735303e-01,2.497055625880800663e-15,5.581058476035813919e-03,-2.983916064131251350e-02,1.920147155182010780e-11,3.542021911734322820e-02,-4.473822435007181898e-11,-5.824316136448257125e-14,-1.226032158243025097e-02,7.436058611824959697e-02,-4.488025297242585194e-11,-8.662090770263899953e-02,1.079901402041316672e-10
2.544371632690614504e+00,-3.805063769847998878e-01,-1.007990226268101926e-02,-4.544521931292177519e-01,1.141276854456045991e-09,-1.126424037188731297e+00,3.805063763042029756e-01,2.400266646167544969e-15,5.561673099166900003e-03,-2.972167314299639304e-02,1.913053627995052053e-11,3.528334624215507392e-02,-4.456756765303848395e-11,-6.422176635177623921e-14,-1.227258392798017891e-02,7.432424831193366888e-02,-4.489096591745705691e-11,-8.659683224190158068e-02,1.079822514558271165e-10
2.545951987741974953e+00,-3.805063769847998323e-01,-1.007112817507133107e-02,-4.544990711276025719e-01,1.141307031433313818e-09,-1.126368385102736402e+00,3.805063763041326430e-01,2.294148609097264527e-15,5.542268501318821025e-03,-2.960424357401053932e-02,1.905958451161778970e-11,3.514651207531797883e-02,-4.439692442501786268e-11,-7.004970454381899070e-14,-1.228464639952498577e-02,7.428727416475050527e-02,-4.490112969372949675e-11,-8.657192056629070542e-02,1.079730945675039763e-10
2.547532342793335403e+00,-3.805063769847998323e-01,-1.006238476859566862e-02,-4.545457635920120421e-01,1.141337096269132972e-09,-1.126312949231851546e+00,3.805063763040625879e-01,2.178938376458243067e-15,5.522844998695115165e-03,-2.948687294076697205e-02,1.898861711558562105e-11,3.500971793944750166e-02,-4.422629667051966747e-11,-7.572855116175417271e-14,-1.229650857776587794e-02,7.424966270484251174e-02,-4.491074318553497547e-11,-8.654617128465000309e-02,1.079626690348474946e-10
2.549112697844695852e+00,-3.805063769847998323e-01,-1.005367207288005230e-02,-4.545922706163814109e-01,1.141367048939493708e-09,-1.126257729511766614e+00,3.805063763039928104e-01,2.054870323878421369e-15,5.503402908160016926e-03,-2.936956225121582428e-02,1.891763496237798326e-11,3.487296515935800478e-02,-4.405568639485190454e-11,-8.125987730449955440e-14,-1.230817004593952498e-02,7.421141295812974659e-02,-4.491980528121480496e-11,-8.651958300613621367e-02,1.079509743527332904e-10
2.550693052896056745e+00,-3.805063769847999433e-01,-1.004499011704909628e-02,-4.546385922962410397e-01,1.141396889421763745e-09,-1.126202725876076061e+00,3.805063763039233105e-01,1.922176347398171738e-15,5.483942547234197523e-03,-2.925231251484714662e-02,1.884663892427173446e-11,3.473625506206021868e-02,-4.388509560411976896e-11,-8.664524987121242279e-14,-1.231963038982394204e-02,7.417252394830738116e-02,-4.492831487317272977e-11,-8.649215434022251847e-02,1.079380100151651990e-10
2.552273407947417194e+00,-3.805063769847998878e-01,-1.003633892972523832e-02,-4.546847287287168471e-01,1.141426617694690124e-09,-1.126147938256276237e+00,3.805063763038541436e-01,1.781085870172368346e-15,5.464464234091247728e-03,-2.913512474269756153e-02,1.877562987529206621e-11,3.459958897676437134e-02,-4.371452630523158357e-11,-9.188623148400904507e-14,-1.233088919774309906e-02,7.413299469684171694e-02,-4.493627085788513111e-11,-8.646388389669923402e-02,1.079237755152090070e-10
2.553853762998778087e+00,-3.805063769847998878e-01,-1.002771853902746993e-02,-4.547306800125345272e-01,1.141456233738402726e-09,-1.126093366581760957e+00,3.805063763037851987e-01,1.631825849286501827e-15,5.444968287553078254e-03,-2.901799994735035360e-02,1.870460869120395065e-11,3.446296823487562250e-02,-4.354398050589535449e-11,-9.698438041160446018e-14,-1.234194606057224114e-02,7.409282422296450954e-02,-4.494367213591182544e-11,-8.643477028567331244e-02,1.079082703449266788e-10
2.555434118050138537e+00,-3.805063769847998878e-01,-1.001912897257050891e-02,-4.547764462480206049e-01,1.141485737534417580e-09,-1.126039010779818161e+00,3.805063763037165314e-01,1.474620782699574063e-15,5.425455027086253414e-03,-2.890093914294121491e-02,1.863357624950705782e-11,3.432639416999626325e-02,-4.337346021462365028e-11,-1.019412504932999120e-13,-1.235280057174260177e-02,7.405201154366954086e-02,-4.495051761190653995e-11,-8.640481211756988189e-02,1.078914939953122106e-10
2.557014473101499430e+00,-3.805063769847998878e-01,-1.001057025746359373e-02,-4.548220275371062105e-01,1.141515129065637276e-09,-1.125984870775625479e+00,3.805063763036480862e-01,1.309692716300647722e-15,5.405924772797721101e-03,-2.878394334516037184e-02,1.856253342942840797e-11,3.418986811792347480e-02,-4.320296744073327228e-11,-1.067583910637935629e-13,-1.236345232724672498e-02,7.401055567370973254e-02,-4.495680619462859000e-11,-8.637400800313436988e-02,1.078734459562298900e-10
2.558594828152859879e+00,-3.805063769847998878e-01,-1.000204242030970810e-02,-4.548674239833282451e-01,1.141544408316356756e-09,-1.125930946492249785e+00,3.805063763035799740e-01,1.137261251091162104e-15,5.386377845431170736e-03,-2.866701357125862187e-02,1.849148111191737295e-11,3.405339141665170849e-02,-4.303250419435067010e-11,-1.114373468783600536e-13,-1.237390092564286635e-02,7.396845562559307974e-02,-4.496253679695252743e-11,-8.634235655343296123e-02,1.078541257163497367e-10
2.560175183204220772e+00,-3.805063769847998878e-01,-9.993545487204328476e-03,-4.549126356918327674e-01,1.141573575272263728e-09,-1.125877237850639867e+00,3.805063763035120838e-01,9.575435504755907571e-16,5.366814566362323492e-03,-2.855015084004701095e-02,1.842042017963684219e-11,3.391696540636776613e-02,-4.286207248640834209e-11,-1.159796580389218418e-13,-1.238414596805998552e-02,7.392571040957712780e-02,-4.496770833587840278e-11,-8.630985637985232051e-02,1.078335327630838223e-10
2.561755538255581222e+00,-3.805063769847998878e-01,-9.985079483734584510e-03,-4.549576627693771580e-01,1.141602629920442594e-09,-1.125823744769625767e+00,3.805063763034445268e-01,7.707543476767970973e-16,5.347235257595408207e-03,-2.843335617190358502e-02,1.834935151695859885e-11,3.378059142945390864e-02,-4.269167432865138813e-11,-1.203868599205085842e-13,-1.239418705820215932e-02,7.388231903366655751e-02,-4.497231973254184651e-11,-8.627650609410109084e-02,1.078116665825242582e-10
2.563335893306942115e+00,-3.805063769847998878e-01,-9.976644434978271941e-03,-4.550025053243325068e-01,1.141631572249376311e-09,-1.125770467165914113e+00,3.805063763033771362e-01,5.771059532638986474e-16,5.327640241758867072e-03,-2.831663058877571457e-02,1.827827600995604648e-11,3.364427083048596862e-02,-4.252131173363796206e-11,-1.246604830984215592e-13,-1.240402380235347546e-02,7.383828050361031237e-02,-4.497636991222491931e-11,-8.624230430821239191e-02,1.077885266593833408e-10
2.564916248358302564e+00,-3.805063769847998878e-01,-9.968240365502770151e-03,-4.550471634666862220e-01,1.141660402248949908e-09,-1.125717404954085010e+00,3.805063763033100788e-01,3.768082627927021260e-16,5.308029842101414340e-03,-2.819997511418430650e-02,1.820719454639804716e-11,3.350800495623353081e-02,-4.235098671474236707e-11,-1.288020532760882348e-13,-1.241365580938233112e-02,7.379359382289710223e-02,-4.497985780436526281e-11,-8.620724963454327872e-02,1.077641124769304921e-10
2.566496603409663013e+00,-3.805063769847998878e-01,-9.959867299364169591e-03,-4.550916373080445276e-01,1.141689119910452139e-09,-1.125664558046588271e+00,3.805063763032432989e-01,1.700687645634443958e-16,5.288404382487620591e-03,-2.808339077322574012e-02,1.813610801574131210e-11,3.337179515565757981e-02,-4.218070128615502990e-11,-1.328130912134199910e-13,-1.242308269074560677e-02,7.374825799275000482e-02,-4.498278234256497233e-11,-8.617134068577379791e-02,1.077384235169289933e-10
2.568076958461023462e+00,-3.805063769847998878e-01,-9.951525260106203197e-03,-4.551359269616347958e-01,1.141717725226579412e-09,-1.125611926353740078e+00,3.805063763031767410e-01,-4.290745251214543807e-17,5.268764187394288888e-03,-2.796687859257784847e-02,1.806501730912534157e-11,3.323564277991275517e-02,-4.201045746288841386e-11,-1.366951126559301784e-13,-1.243230406049373668e-02,7.370227201212804780e-02,-4.498514246460282369e-11,-8.613457607491339929e-02,1.077114592595825283e-10
2.569657313512384356e+00,-3.805063769847998878e-01,-9.943214270759382495e-03,-4.551800325423084326e-01,1.141746218191437240e-09,-1.125559509783719880e+00,3.805063763031104607e-01,-2.619176909289096950e-16,5.249109581905937565e-03,-2.785043960050143444e-02,1.799392331936445689e-11,3.309954918234435384e-02,-4.184025726077648893e-11,-1.404496282643632318e-13,-1.244131953527404660e-02,7.365563487771717432e-02,-4.498693711244043179e-11,-8.609695441529531534e-02,1.076832191834671738e-10
2.571237668563744805e+00,-3.805063769847998878e-01,-9.934934353840003604e-03,-4.552239541665424882e-01,1.141774598800543957e-09,-1.125507308242566396e+00,3.805063763030445689e-01,-4.867616364976725906e-16,5.229440891710933521e-03,-2.773407482684506209e-02,1.792282694094200044e-11,3.296351571848932238e-02,-4.167010269647913911e-11,-1.440781435450464817e-13,-1.245012873433546524e-02,7.360834558393034022e-02,-4.498816523223350161e-11,-8.605847432058144619e-02,1.076537027654769867e-10
2.572818023615105698e+00,-3.805063769847998878e-01,-9.926685531349115077e-03,-4.552676919524436538e-01,1.141802867050832584e-09,-1.125455321634174499e+00,3.805063763029788437e-01,-7.172413501475621010e-16,5.209758443097325421e-03,-2.761778530304827978e-02,1.785172907000346295e-11,3.282754374607525782e-02,-4.149999578748435310e-11,-1.475821587809173318e-13,-1.245873127953259218e-02,7.356040312290368366e-02,-4.498882577434070741e-11,-8.601913440476259554e-02,1.076229094807642913e-10
2.574398378666466147e+00,-3.805063769847998878e-01,-9.918467824771709518e-03,-4.553112460197492606e-01,1.141831022940653310e-09,-1.125403549860291674e+00,3.805063763029133406e-01,-9.531612596127671743e-16,5.190062562948692497e-03,-2.750157206214524225e-02,1.778063060434980466e-11,3.269163462501991496e-02,-4.132993855211096438e-11,-1.509631689630524044e-13,-1.246712679532946053e-02,7.351180648449279209e-02,-4.498891769333203569e-11,-8.597893328215841513e-02,1.075908388026801360e-10
2.575978733717827041e+00,-3.805063769847998323e-01,-9.910281255075696627e-03,-4.553546164898307769e-01,1.141859066469777212e-09,-1.125351992820514013e+00,3.805063763028482260e-01,-1.194328151018935700e-15,5.170353578739957795e-03,-2.738543613876790253e-02,1.770953244343055356e-11,3.255578971743013084e-02,-4.115993300951099700e-11,-1.542226637229945837e-13,-1.247531490880356142e-02,7.346255465626951031e-02,-4.498843994799774841e-11,-8.593786956741818195e-02,1.075574902027165581e-10
2.577559088769187490e+00,-3.805063769847998878e-01,-9.902125842710966450e-03,-4.553978034856959733e-01,1.141886997639396878e-09,-1.125300650412284220e+00,3.805063763027832779e-01,-1.440551160360069936e-15,5.150631818533335862e-03,-2.726937856915000527e-02,1.763843548833739146e-11,3.242001038760190801e-02,-4.098998117967319409e-11,-1.573621272656737116e-13,-1.248329524964974721e-02,7.341264662351960901e-02,-4.498739150135734631e-11,-8.589594187552254678e-02,1.075228631504500387e-10
2.579139443820548383e+00,-3.805063769847998878e-01,-9.894001607608523749e-03,-4.554408071319916429e-01,1.141914816452131989e-09,-1.125249522530886281e+00,3.805063763027186630e-01,-1.691641764868135875e-15,5.130897610974357627e-03,-2.715340039113168721e-02,1.756734064179805036e-11,3.228429800202088640e-02,-4.082008508342756082e-11,-1.603830383029618565e-13,-1.249106745018394547e-02,7.336208136924028678e-02,-4.498577132066813150e-11,-8.585314882178469997e-02,1.074869571134850729e-10
2.580719798871908832e+00,-3.805063769847998878e-01,-9.885908569179552990e-03,-4.554836275550055436e-01,1.141942522912028699e-09,-1.125198609069443689e+00,3.805063763026542700e-01,-1.947413774280645566e-15,5.111151285287320219e-03,-2.703750264416091009e-02,1.749624880816823771e-11,3.214865392935933180e-02,-4.065024674244526104e-11,-1.632868699878977120e-13,-1.249863114534647407e-02,7.331085787413453569e-02,-4.498357837743208339e-11,-8.580948902184787341e-02,1.074497715573939156e-10
2.582300153923269281e+00,-3.805063769847998878e-01,-9.877846746314518020e-03,-4.555262648826695626e-01,1.141970117024563977e-09,-1.125147909918914557e+00,3.805063763025900991e-01,-2.207683322003683631e-15,5.091393171271571191e-03,-2.692168636929940378e-02,1.742516089342638573e-11,3.201307954047832860e-02,-4.048046817924530581e-11,-1.660750898496031238e-13,-1.250598597270633980e-02,7.325897511661318140e-02,-4.498081164740678010e-11,-8.576496109169197413e-02,1.074113059456676221e-10
2.583880508974629731e+00,-3.805063769847999433e-01,-9.869816157382121230e-03,-4.555687192445625477e-01,1.141997598796648505e-09,-1.125097424968089399e+00,3.805063763025263168e-01,-2.472268856177775689e-15,5.071623599296905434e-03,-2.680595260922375572e-02,1.735407780516535059e-11,3.187757620842426864e-02,-4.031075141719417856e-11,-1.687491597288891184e-13,-1.251313157246390466e-02,7.320643207278607068e-02,-4.497747011061003837e-11,-8.571956364762724212e-02,1.073715597396523167e-10
2.585460864025990624e+00,-3.805063769847998878e-01,-9.861816820228569772e-03,-4.556109907719123053e-01,1.142024968236627707e-09,-1.125047154103586244e+00,3.805063763024627010e-01,-2.740991130632170832e-15,5.051842900299920516e-03,-2.669030240823199590e-02,1.728300045258751388e-11,3.174214530843176563e-02,-4.014109848051362872e-11,-1.713105357144291045e-13,-1.252006758745489133e-02,7.315322771646501354e-02,-4.497355275133060233e-11,-8.567329530630114764e-02,1.073305323985015781e-10
2.587041219077351073e+00,-3.805063769847998878e-01,-9.853848752176676967e-03,-4.556530795975977655e-01,1.142052225354285682e-09,-1.124997097209849084e+00,3.805063763023994738e-01,-3.013673195744985779e-15,5.032051405779410999e-03,-2.657473681224490486e-02,1.721192974649649793e-11,3.160678821792040072e-02,-3.997151139428063292e-11,-1.737606680796459109e-13,-1.252679366315333394e-02,7.309936101915771867e-02,-4.496905855813406945e-11,-8.562615468469550462e-02,1.072882233791176838e-10
2.588621574128711966e+00,-3.805063769847998878e-01,-9.845911970024920357e-03,-4.556949858561523681e-01,1.142079370160846651e-09,-1.124947254169142763e+00,3.805063763023363577e-01,-3.290140389204889919e-15,5.012249447792386375e-03,-2.645925686881062111e-02,1.714086659929108794e-11,3.147150631649531238e-02,-3.980199218443249377e-11,-1.761010012203190232e-13,-1.253330944767498331e-02,7.304483095006682192e-02,-4.496398652387122699e-11,-8.557814040012867718e-02,1.072446321360996915e-10
2.590201929180072415e+00,-3.805063769847998878e-01,-9.838006490046518823e-03,-4.557367096837664500e-01,1.142106402668978471e-09,-1.124897624861550760e+00,3.805063763022736301e-01,-3.570220326676019994e-15,4.992437358949919010e-03,-2.634386362710826324e-02,1.706981192495843361e-11,3.133630098594671759e-02,-3.963254287777056868e-11,-1.783329735928696600e-13,-1.253961459178035663e-02,7.298963647608673611e-02,-4.495833564568499251e-11,-8.552925107025563523e-02,1.071997581216892974e-10
2.591782284231433309e+00,-3.805063769847999433e-01,-9.830132327988606866e-03,-4.557782512182897983e-01,1.142133322892795119e-09,-1.124848209164969415e+00,3.805063763022111245e-01,-3.853742892360713249e-15,4.972615472412801260e-03,-2.622855813795092403e-02,1.699876663906681130e-11,3.120117361024848934e-02,-3.946316550196292583e-11,-1.804580176532468731e-13,-1.254570874887780962e-02,7.293377656180133339e-02,-4.495210492501767118e-11,-8.547948531306859277e-02,1.071536007857180391e-10
2.593362639282793758e+00,-3.805063769847998878e-01,-9.822289499071394994e-03,-4.558196105992340930e-01,1.142160130847857102e-09,-1.124799006955108371e+00,3.805063763021488965e-01,-4.140540229468634324e-15,4.952784121887527854e-03,-2.611334145379013219e-02,1.692773165875936523e-11,3.106612557555864934e-02,-3.929386208554950119e-11,-1.824775597965504310e-13,-1.255159157502642661e-02,7.287725016948165546e-02,-4.494529336761787040e-11,-8.542884174689772958e-02,1.071061595755550279e-10
2.594942994334154651e+00,-3.805063769847999433e-01,-9.814478017987342262e-03,-4.558607879677752384e-01,1.142186826551177871e-09,-1.124750018105483251e+00,3.805063763020868906e-01,-4.430446730589676520e-15,4.932943641622156844e-03,-2.599821462871992894e-02,1.685670790274751269e-11,3.093115827021928818e-02,-3.912463465794651869e-11,-1.843930202973189957e-13,-1.255726272893907362e-02,7.282005625908535840e-02,-4.493789998354816420e-11,-8.537731899041348105e-02,1.070574339360571632e-10
2.596523349385515100e+00,-3.805063769847998878e-01,-9.806697898900222990e-03,-4.559017834667563052e-01,1.142213410021221546e-09,-1.124701242487415209e+00,3.805063763020252177e-01,-4.723299027977369545e-15,4.913094366401833148e-03,-2.588317871847885948e-02,1.678569629130312133e-11,3.079627308475412634e-02,-3.895548524944821573e-11,-1.862058132505308755e-13,-1.256272187198481140e-02,7.276219378825121709e-02,-4.492992378719017262e-11,-8.532491566262383198e-02,1.070074233095138141e-10
2.598103704436875994e+00,-3.805063769847999433e-01,-9.798949155444268075e-03,-4.559425972406906946e-01,1.142239881277910150e-09,-1.124652679970024938e+00,3.805063763019638223e-01,-5.018935983738120145e-15,4.893236631544858536e-03,-2.576823478045507307e-02,1.671469774625258321e-11,3.066147141186960010e-02,-3.878641589123291130e-11,-1.879173465133117221e-13,-1.256796866819202482e-02,7.270366171230023544e-02,-4.492136379725271722e-11,-8.527163038287809138e-02,1.069561271356001880e-10
2.599684059488236443e+00,-3.805063769847999988e-01,-9.791231800723399978e-03,-4.559832294357636373e-01,1.142266240342621546e-09,-1.124604330420231557e+00,3.805063763019025935e-01,-5.317198679923746281e-15,4.873370772898366100e-03,-2.565338387368946982e-02,1.664371319096959958e-11,3.052675464645373052e-02,-3.861742861536648917e-11,-1.895290216472555709e-13,-1.257300278425064685e-02,7.264445898423171899e-02,-4.491221903677702324e-11,-8.521746177086550467e-02,1.069035448513245325e-10
2.601264414539596892e+00,-3.805063769847999433e-01,-9.783545847310349750e-03,-4.560236801998355238e-01,1.142292487238196260e-09,-1.124556193702746842e+00,3.805063763018417533e-01,-5.617930408539932932e-15,4.853497126834084921e-03,-2.553862705887912851e-02,1.657274355036822740e-11,3.039212418557534628e-02,-3.844852545480627534e-11,-1.910422338615174507e-13,-1.257782388951492539e-02,7.258458455472246995e-02,-4.490248853314365372e-11,-8.516240844661718268e-02,1.068496758909801464e-10
2.602844769590957341e+00,-3.805063769847999988e-01,-9.775891307245909365e-03,-4.560639496824441252e-01,1.142318621988936029e-09,-1.124508269680073891e+00,3.805063763017810796e-01,-5.920976661458849970e-15,4.833616030244287758e-03,-2.542396539838195219e-02,1.650178975089657853e-11,3.025758142848461452e-02,-3.827970844340678950e-11,-1.924583719565521264e-13,-1.258243165600563505e-02,7.252403737212467782e-02,-4.489217131807811235e-11,-8.510646903050606005e-02,1.067945196860956321e-10
2.604425124642318234e+00,-3.805063769847999433e-01,-9.768268192037993236e-03,-4.561040380348077017e-01,1.142344644620608565e-09,-1.124460558212502681e+00,3.805063763017207390e-01,-6.226185120252364884e-15,4.813727820537247806e-03,-2.530939995621844449e-02,1.643085272052879028e-11,3.012312777661031726e-02,-3.811097961592134767e-11,-1.937788182686053525e-13,-1.258682575841234448e-02,7.246281638246251933e-02,-4.488126642765606505e-11,-8.504964214324593763e-02,1.067380756653843609e-10
2.606005479693678684e+00,-3.805063769847999988e-01,-9.760676512660881876e-03,-4.561439454098272783e-01,1.142370555160449616e-09,-1.124413059158106298e+00,3.805063763016606759e-01,-6.533405645930996080e-15,4.793832835633524657e-03,-2.519493179807813857e-02,1.635993338875988784e-11,2.998876463356254032e-02,-3.794234100801065721e-11,-1.950049486148972543e-13,-1.259100587409601839e-02,7.240092052943412904e-02,-4.486977290231078460e-11,-8.499192640589582626e-02,1.066803432547012128e-10
2.607585834745039577e+00,-3.805063769847999988e-01,-9.753116279554439536e-03,-4.561836719620893099e-01,1.142396353637164210e-09,-1.124365772372738048e+00,3.805063763016007794e-01,-6.842490268596602677e-15,4.773931413961149568e-03,-2.508056199132016606e-02,1.628903268659689855e-11,2.985449340512845440e-02,-3.777379465624273269e-11,-1.961381322394327833e-13,-1.259497168309072629e-02,7.233834875440610379e-02,-4.485768978683676953e-11,-8.493332043985651891e-02,1.066213218769902844e-10
2.609166189796400026e+00,-3.805063769847999988e-01,-9.745587502623751647e-03,-4.562232178478686784e-01,1.142422040080929965e-09,-1.124318697710028125e+00,3.805063763015412714e-01,-7.152810199543655333e-15,4.754023891069982140e-03,-2.496629160832384078e-02,1.621815154140944257e-11,2.972031549923725979e-02,-3.760534354809996797e-11,-1.945341206496458583e-13,-1.259874139399627495e-02,7.227508168169163860e-02,-4.484504431133460813e-11,-8.487382307797797232e-02,1.065558071407011939e-10
2.610746544847760919e+00,-3.805063769847999988e-01,-9.738090191298100218e-03,-4.562625832251910873e-01,1.142447614523307543e-09,-1.124271835021380506e+00,3.805063763014819855e-01,-7.452058738945905989e-15,4.734110521219224606e-03,-2.485212180400228968e-02,1.614729075764957444e-11,2.958623232506154416e-02,-3.743701364619146207e-11,-1.842129198609334493e-13,-1.260235657659899804e-02,7.221107684101170376e-02,-4.483189924242672005e-11,-8.481343341962738203e-02,1.064720333860764300e-10
2.612326899899121369e+00,-3.805063769847999988e-01,-9.730624354591124042e-03,-4.563017682538948461e-01,1.142473076997150489e-09,-1.124225184155969837e+00,3.805063763014229217e-01,-7.735168610970987666e-15,4.714191609842578734e-03,-2.473805368485123765e-02,1.607645121835403042e-11,2.945224529453086687e-02,-3.726881667859897926e-11,-1.741095968887626787e-13,-1.260575436061047751e-02,7.214639501202055327e-02,-4.481815847643861983e-11,-8.475214937438094176e-02,1.063875722936835500e-10
2.613907254950482262e+00,-3.805063769848000543e-01,-9.723190000988821483e-03,-4.563407730955246211e-01,1.142498427536776873e-09,-1.124178744960737886e+00,3.805063763013641909e-01,-8.002482149284930949e-15,4.694267500730279520e-03,-2.462408832161693331e-02,1.600563386564448927e-11,2.931835582218171241e-02,-3.710075373802854170e-11,-1.642216343944049840e-13,-1.260893446380538345e-02,7.208103510003223413e-02,-4.480382111677876606e-11,-8.468996956532735820e-02,1.063024156823689741e-10
2.615487610001842711e+00,-3.805063769848000543e-01,-9.715787138433462644e-03,-4.563795979133185021e-01,1.142523666177994724e-09,-1.124132517280389099e+00,3.805063763013056821e-01,-8.254337718272226939e-15,4.674338538116657241e-03,-2.451022678677780911e-02,1.593483964305655282e-11,2.918456532472680359e-02,-3.693282593009015680e-11,-1.545465264505784060e-13,-1.261189660651304903e-02,7.201499600814997848e-02,-4.478888627104784622e-11,-8.462689261589902145e-02,1.062165554037267246e-10
2.617067965053203160e+00,-3.805063769848000543e-01,-9.708415774323015182e-03,-4.564182428722108331e-01,1.142548792958104511e-09,-1.124086500957386381e+00,3.805063763012473954e-01,-8.491069731139647027e-15,4.654405066675914270e-03,-2.439647015454710077e-02,1.586406949553252432e-11,2.905087522105360281e-02,-3.676503437324452867e-11,-1.450817786362631915e-13,-1.261464051161811754e-02,7.194827663726656442e-02,-4.477335305104190446e-11,-8.456291714987336505e-02,1.061299833423396528e-10
2.618648320104564053e+00,-3.805063769848000543e-01,-9.701075915510419187e-03,-4.564567081388347103e-01,1.142573807915900383e-09,-1.124040695831950210e+00,3.805063763011894418e-01,-8.713008668175925800e-15,4.634467431518358993e-03,-2.428281950087783289e-02,1.579332436941573448e-11,2.891728693222540489e-02,-3.659738019875292327e-11,-1.358249081300632670e-13,-1.261716590456120335e-02,7.188087588606616174e-02,-4.475722057275617377e-11,-8.449804179137503091e-02,1.060426914160184034e-10
2.620228675155924503e+00,-3.805063769848000543e-01,-9.693767568302834314e-03,-4.564949938815254793e-01,1.142598711091674515e-09,-1.123995101742052194e+00,3.805063763011317657e-01,-8.920481095158121598e-15,4.614525978185912876e-03,-2.416927590346372792e-02,1.572260521244227936e-11,2.878380188147785027e-02,-3.642986455062068740e-11,-1.267734438021364789e-13,-1.261947251333875482e-02,7.181279265101973841e-02,-4.474048795638520522e-11,-8.443226516487134514e-02,1.059546715760283594e-10
2.621809030207284952e+00,-3.805063769848001098e-01,-9.686490738461058653e-03,-4.565331002703222896e-01,1.142623502527216486e-09,-1.123949718523413743e+00,3.805063763010743672e-01,-9.113809681897865761e-15,4.594581052648654025e-03,-2.405584044174595773e-02,1.565191297373644506e-11,2.865042149422220366e-02,-3.626248858554903323e-11,-1.179249263050658917e-13,-1.262156006850382976e-02,7.174402582638975123e-02,-4.472315432632765013e-11,-8.436558589517784146e-02,1.058659158073256340e-10
2.623389385258645845e+00,-3.805063769848001098e-01,-9.679245431198602381e-03,-4.565710274769728683e-01,1.142648182265818239e-09,-1.123904546009501182e+00,3.805063763010171352e-01,-9.293313220938999031e-15,4.574633001300097007e-03,-2.394251419691277583e-02,1.558124860380164099e-11,2.851714719804019152e-02,-3.609525347287587541e-11,-1.092769081629444365e-13,-1.262342830316643544e-02,7.167457430422830011e-02,-4.470521881118803717e-11,-8.429800260745644314e-02,1.057764161287805389e-10
2.624969740310006294e+00,-3.805063769848001098e-01,-9.672031651181503889e-03,-4.566087756749335202e-01,1.142672750352273881e-09,-1.123859584031523751e+00,3.805063763009602362e-01,-9.459306646375321485e-15,4.554682170953863046e-03,-2.382929825190723688e-02,1.551061305451633509e-11,2.838398042268849147e-02,-3.592816039452826819e-11,-1.008269538599739113e-13,-1.262507695299302374e-02,7.160443697437737787e-02,-4.468668054377787099e-11,-8.422951392721556019e-02,1.056861645934004056e-10
2.626550095361367188e+00,-3.805063769848001654e-01,-9.664849402527224756e-03,-4.566463450393740131e-01,1.142697206832883399e-09,-1.123814832418429166e+00,3.805063763009035593e-01,-9.612101052832906741e-15,4.534728908839089079e-03,-2.371619369142738409e-02,1.544000727912540720e-11,2.825092260009427411e-02,-3.576121054496347533e-11,-9.257263992669010356e-14,-1.262650575620697345e-02,7.153361272446864816e-02,-4.466753866111815900e-11,-8.416011848031015874e-02,1.055951532885479489e-10
2.628130450412727637e+00,-3.805063769848001654e-01,-9.657698688804158826e-03,-4.566837357471799086e-01,1.142721551755454315e-09,-1.123770290996900512e+00,3.805063763008472155e-01,-9.752003714570922010e-15,4.514773562596684220e-03,-2.360320160193137701e-02,1.536943223223450745e-11,2.811797516435660463e-02,-3.559440513111690289e-11,-8.451155502552510477e-14,-1.262771445358878281e-02,7.146210043992594352e-02,-4.464779230444224186e-11,-8.408981489294448108e-02,1.055033743361601070e-10
2.629710805464088530e+00,-3.805063769848002209e-01,-9.650579513030960871e-03,-4.567209479769551717e-01,1.142745785169303966e-09,-1.123725959591352463e+00,3.805063763007910937e-01,-9.879318104720776483e-15,4.494816480275064079e-03,-2.349032307163985075e-02,1.529888886980266973e-11,2.798513955174451728e-02,-3.542774537234558603e-11,-7.664130003482186808e-14,-1.262870278847533050e-02,7.138989900396219834e-02,-4.462744061919534758e-11,-8.401860179166828480e-02,1.054108198929551347e-10
2.631291160515448979e+00,-3.805063769848002209e-01,-9.643491877676038312e-03,-4.567579819090242244e-01,1.142769907125260740e-09,-1.123681838023928625e+00,3.805063763007352495e-01,-9.994343914654978959e-15,4.474858010326427174e-03,-2.337755919054121737e-02,1.522837814913677354e-11,2.785241720069861829e-02,-3.526123250037573409e-11,-6.895948813166278570e-14,-1.262947050676022955e-02,7.131700729758391755e-02,-4.460648275503816521e-11,-8.394647780338156118e-02,1.053174821506469458e-10
2.632871515566809428e+00,-3.805063769848002209e-01,-9.636435784656713355e-03,-4.567948377254361647e-01,1.142793917675668004e-09,-1.123637926114497532e+00,3.805063763006796274e-01,-1.009737707349197616e-14,4.454898501602418126e-03,-2.326491105039332763e-02,1.515790102888377620e-11,2.771980955182838310e-02,-3.509486775924459536e-11,-6.146374487300932157e-14,-1.263001735689326527e-02,7.124342419958881734e-02,-4.458491786584690301e-11,-8.387344155533178747e-02,1.052233533361461318e-10
2.634451870618170322e+00,-3.805063769848002209e-01,-9.629411235338678279e-03,-4.568315156099666541e-01,1.142817816874384729e-09,-1.123594223680649540e+00,3.805063763006242827e-01,-1.018870976772253243e-14,4.434938303350203712e-03,-2.315237974472768301e-02,1.508745846902449607e-11,2.758731804791249298e-02,-3.492865240524575324e-11,-5.415170827577654287e-14,-1.263034308988012118e-02,7.116914858656761544e-02,-4.456274510971490401e-11,-8.379949167511527297e-02,1.051284257117629951e-10
2.636032225669530771e+00,-3.805063769848002209e-01,-9.622418230535417782e-03,-4.568680157481209703e-01,1.142841604776787762e-09,-1.123550730537691944e+00,3.805063763005692157e-01,-1.026863046096206842e-14,4.414977765208441367e-03,-2.303996636885302651e-02,1.501705143086698219e-11,2.745494413389831800e-02,-3.476258770687311711e-11,-4.702102889553431420e-14,-1.263044745928182042e-02,7.109417933290448910e-02,-4.453996364895341504e-11,-8.372462679067714519e-02,1.050326915754054010e-10
2.637612580720891220e+00,-3.805063769848002764e-01,-9.615456770507515086e-03,-4.569043383271368941e-01,1.142865281439774929e-09,-1.123507446498648310e+00,3.805063763005143707e-01,-1.033742391382920335e-14,4.395017237203268506e-03,-2.292767201985885031e-02,1.494668087703990007e-11,2.732268925690148689e-02,-3.459667494476459646e-11,-4.006936990371365713e-14,-1.263033022121436838e-02,7.101851531077844892e-02,-4.451657265009293738e-11,-8.364884553031234904e-02,1.049361432607738496e-10
2.639192935772251669e+00,-3.805063769848003319e-01,-9.608526854962244276e-03,-4.569404835359863748e-01,1.142888846921765240e-09,-1.123464371374254034e+00,3.805063763004599142e-01,-1.039537120394024556e-14,4.375057069744244138e-03,-2.281549779661902477e-02,1.487634777148587225e-11,2.719055486620542555e-02,-3.443091541164554247e-11,-3.329440716372045529e-14,-1.262999113434781079e-02,7.094215539016349159e-02,-4.449257128388310395e-11,-8.357214652266485577e-02,1.048387731375516372e-10
2.640773290823612562e+00,-3.805063769848003319e-01,-9.601628483052501717e-03,-4.569764515653813031e-01,1.142912301282703232e-09,-1.123421504972949236e+00,3.805063763004056243e-01,-1.044274974603260668e-14,4.355097613620149098e-03,-2.270344479979388014e-02,1.480605307945409503e-11,2.705854241325923726e-02,-3.426531041226976608e-11,-2.669382930509661520e-14,-1.262942995990584336e-02,7.086509843882894677e-02,-4.446795872529368098e-11,-8.349452839672759363e-02,1.047405736115910751e-10
2.642353645874973012e+00,-3.805063769848003319e-01,-9.594761653376816454e-03,-4.570122426077727895e-01,1.142935644584059800e-09,-1.123378847100882760e+00,3.805063763003516120e-01,-1.047983331218996458e-14,4.335139219995239046e-03,-2.259151413183590681e-02,1.473579776749485197e-11,2.692665335167964552e-02,-3.409986126336535773e-11,-2.026533779726855183e-14,-1.262864646166482301e-02,7.078734332234259963e-02,-4.444273415351516255e-11,-8.341598978184462665e-02,1.046415371251006394e-10
2.643934000926333905e+00,-3.805063769848002764e-01,-9.587926363978279895e-03,-4.570478568573562717e-01,1.142958876888833432e-09,-1.123336397561900846e+00,3.805063763002978217e-01,-1.050689205219667021e-14,4.315182240405026487e-03,-2.247970689699167399e-02,1.466558280345204664e-11,2.679488913724873897e-02,-3.393456929357495584e-11,-1.400664702098797834e-14,-1.262764040595289183e-02,7.070888890406958061e-02,-4.441689675195837639e-11,-8.333652930770919787e-02,1.045416561568217032e-10
2.645514355977694354e+00,-3.805063769848002764e-01,-9.581122612344228351e-03,-4.570832945100735678e-01,1.142981998261553936e-09,-1.123294156157549573e+00,3.805063763002442534e-01,-1.052419251399521591e-14,4.295227026752330805e-03,-2.236802420130611091e-02,1.459540915645691150e-11,2.666325122791425237e-02,-3.376943584339889108e-11,-7.915484339035413817e-15,-1.262641156164896403e-02,7.062973404517464138e-02,-4.439044570825470360e-11,-8.325614560436489509e-02,1.044409232222068331e-10
2.647094711029055247e+00,-3.805063769848003874e-01,-9.574350395405540476e-03,-4.571185557636159857e-01,1.143005008768283676e-09,-1.123252122687068866e+00,3.805063763001910182e-01,-1.053199766425827312e-14,4.275273931303156562e-03,-2.225646715262530329e-02,1.452527779692097690e-11,2.653174108378826904e-02,-3.360446226513613986e-11,-1.989590165243007046e-15,-1.262495970018173187e-02,7.054987760462309854e-02,-4.436338021425606572e-11,-8.317483730220560922e-02,1.043393308735924883e-10
2.648675066080415696e+00,-3.805063769848003874e-01,-9.567609709536042256e-03,-4.571536408174274313e-01,1.143027908476619854e-09,-1.123210296947388054e+00,3.805063763001381161e-01,-1.053056690906796795e-14,4.255323306682742661e-03,-2.214503686060037904e-02,1.445518969652967012e-11,2.640036016714715147e-02,-3.343964992282649928e-11,3.773281967776870152e-15,-1.262328459552855553e-02,7.046931843918242955e-02,-4.433569946603480195e-11,-8.309260303197613107e-02,1.042368717003688520e-10
2.650255421131776590e+00,-3.805063769848003874e-01,-9.560900550552201699e-03,-4.571885498727055741e-01,1.143050697455695330e-09,-1.123168678733126313e+00,3.805063763000854360e-01,-1.052015611469891236e-14,4.235375505871481414e-03,-2.203373443669098819e-02,1.438514582823552824e-11,2.626910994243091685e-02,-3.327500019219179266e-11,9.375365342021741621e-15,-1.262138602421376821e-02,7.038805540342235600e-02,-4.430740266388187905e-11,-8.300944142477044430e-02,1.041335383291438191e-10
2.651835776183137039e+00,-3.805063769848003874e-01,-9.554222913712193815e-03,-4.572232831324073432e-01,1.143073375776182140e-09,-1.123127267836584897e+00,3.805063763000329780e-01,-1.050101762851030641e-14,4.215430882201015410e-03,-2.192256099416895615e-02,1.431514716625183440e-11,2.613799187624304618e-02,-3.311051446057735296e-11,1.481887998941283970e-14,-1.261926376530807768e-02,7.030608734971892371e-02,-4.427848901230850700e-11,-8.292535111203525044e-02,1.040293234239088466e-10
2.653416131234497932e+00,-3.805063769848003874e-01,-9.547576793715539800e-03,-4.572578408012500928e-01,1.143095943510293566e-09,-1.123086064047745580e+00,3.805063762999807420e-01,-1.047340029993395035e-14,4.195489789349943210e-03,-2.181151764812059093e-02,1.424519468604509239e-11,2.600700743734843390e-02,-3.294619412689103116e-11,2.010603262796825261e-14,-1.261691760042641525e-02,7.022341312825243487e-02,-4.424895772004286896e-11,-8.284033072556566679e-02,1.039242196861927055e-10
2.654996486285858381e+00,-3.805063769848004984e-01,-9.540962184702668145e-03,-4.572922230857145998e-01,1.143118400731783925e-09,-1.123045067154268439e+00,3.805063762999288390e-01,-1.043754950156528962e-14,4.175552581340159081e-03,-2.170060551545210242e-02,1.417528936432959983e-11,2.587615809667518155e-02,-3.278204060154658609e-11,2.523901659947633074e-14,-1.261434731372677170e-02,7.014003158701222207e-02,-4.421880800003070942e-11,-8.275437889750902887e-02,1.038182198552207518e-10
2.656576841337218831e+00,-3.805063769848004984e-01,-9.534379080254088909e-03,-4.573264301940486720e-01,1.143140747515953951e-09,-1.123004276941485857e+00,3.805063762998771026e-01,-1.039370715035084150e-14,4.155619612532602918e-03,-2.158982571489157301e-02,1.410543217905991801e-11,2.574544532731228713e-02,-3.261805530640191080e-11,3.022001180879458803e-14,-1.261155269190871071e-02,7.005594157179736992e-02,-4.418803906943416446e-11,-8.266749426036382187e-02,1.037113167080651504e-10
2.658157196388579280e+00,-3.805063769848004984e-01,-9.527827473390256680e-03,-4.573604623362685917e-01,1.143162983939648929e-09,-1.122963693192402301e+00,3.805063762998256993e-01,-1.034211172887030230e-14,4.135691237623305948e-03,-2.147917936699313135e-02,1.403562410942453872e-11,2.561487060450991574e-02,-3.245423967469998614e-11,3.505118466404795225e-14,-1.260853352421116569e-02,6.997114192621756157e-02,-4.415665014962922856e-11,-8.257967544697863982e-02,1.036035030597912730e-10
2.659737551439940173e+00,-3.805063769848004429e-01,-9.521307356570573102e-03,-4.573943197241642222e-01,1.143185110081264282e-09,-1.122923315687687218e+00,3.805063762997745180e-01,-1.028299830671217089e-14,4.115767811639291576e-03,-2.136866759413947811e-02,1.396586613583878216e-11,2.548443540567777929e-02,-3.229059515100753364e-11,3.973468801881649718e-14,-1.260528960241110233e-02,6.988563149169532696e-02,-4.412464046620521172e-11,-8.249092109055290722e-02,1.034947717636026357e-10
2.661317906491300622e+00,-3.805063769848004984e-01,-9.514818721693320963e-03,-4.574280025712995079e-01,1.143207126020744742e-09,-1.122883144205674810e+00,3.805063762997236698e-01,-1.021659856194043518e-14,4.095849689934709555e-03,-2.125829152054654198e-02,1.389615923993876109e-11,2.535414121038596230e-02,-3.212712319115625983e-11,4.427266111503556347e-14,-1.260182072082133807e-02,6.979940910746865179e-02,-4.409200924896272967e-11,-8.240122982463735091e-02,1.033851157109822564e-10
2.662898261542661515e+00,-3.805063769848004984e-01,-9.508361560094843665e-03,-4.574615110930170259e-01,1.143229031839587449e-09,-1.122843178522358931e+00,3.805063762996729881e-01,-1.014314080264941226e-14,4.075937228186827035e-03,-2.114805227226664031e-02,1.382650440457463899e-11,2.522398950036402326e-02,-3.196382526218187758e-11,4.866722952781844724e-14,-1.259812667628859573e-02,6.971247361059190739e-02,-4.405875573191165536e-11,-8.231060028313300081e-02,1.032745278318280671e-10
2.664478616594021965e+00,-3.805063769848005539e-01,-9.501935862549071646e-03,-4.574948455064407615e-01,1.143250827620844648e-09,-1.122803418411389753e+00,3.805063762996226395e-01,-1.006284998860418144e-14,4.056030782391802786e-03,-2.103795097719074123e-02,1.375690261380320647e-11,2.509398175949909340e-02,-3.180070284226159574e-11,5.292050511141802701e-14,-1.259420726819172366e-02,6.962482383593918134e-02,-4.402487915326992335e-11,-8.221903110029273043e-02,1.031630010945883901e-10
2.666058971645382858e+00,-3.805063769848005539e-01,-9.495541619267175437e-03,-4.575280060304779961e-01,1.143272513449123059e-09,-1.122763863644070437e+00,3.805063762995725130e-01,-9.975947752967812594e-15,4.036130708861026054e-03,-2.092798876505387248e-02,1.368735485288245767e-11,2.496411947383758365e-02,-3.163775742065591279e-11,5.703458594646641479e-14,-1.259006229843896880e-02,6.953645861620490198e-02,-4.399037875545994972e-11,-8.212652091071914739e-02,1.030505285063889624e-10
2.667639326696743307e+00,-3.805063769848006094e-01,-9.489178819896961978e-03,-4.575609928858231368e-01,1.143294089410589466e-09,-1.122724513989355355e+00,3.805063762995226084e-01,-9.882652424108004329e-15,4.016237364216789299e-03,-2.081816676743671393e-02,1.361786210826376444e-11,2.483440413158245763e-02,-3.147499049764464607e-11,6.101155628878706563e-14,-1.258569157146603723e-02,6.944737678190672503e-02,-4.395525378510699709e-11,-8.203306834936556491e-02,1.029371031131603339e-10
2.669219681748104200e+00,-3.805063769848006094e-01,-9.482847453522447873e-03,-4.575938062949600482e-01,1.143315555592968235e-09,-1.122685369213844098e+00,3.805063762994729815e-01,-9.783179047485921516e-15,3.996351105388594969e-03,-2.070848611777066639e-02,1.354842536758629603e-11,2.470483722309460561e-02,-3.131240358446798218e-11,6.485348651947664411e-14,-1.258109489423382861e-02,6.935757716138930828e-02,-4.391950349303726820e-11,-8.193867205153741728e-02,1.028227179997621908e-10
2.670800036799464650e+00,-3.805063769848005539e-01,-9.476547508663262648e-03,-4.576264464821656053e-01,1.143336912085547722e-09,-1.122646429081779251e+00,3.805063762994236320e-01,-9.677739407620203333e-15,3.976472289608899355e-03,-2.059894795133975637e-02,1.347904561966942589e-11,2.457542024089051647e-02,-3.114999820326260321e-11,6.856243309645696135e-14,-1.257627207622565024e-02,6.926705858082386758e-02,-4.388312713427369249e-11,-8.184333065288920683e-02,1.027073662900983200e-10
2.672380391850825099e+00,-3.805063769848006094e-01,-9.470278973274284459e-03,-4.576589136735122465e-01,1.143358158979177794e-09,-1.122607693355043956e+00,3.805063762993745047e-01,-9.566542050129283127e-15,3.956601274409335227e-03,-2.048955340528526431e-02,1.340972385450682181e-11,2.444615467964308952e-02,-3.098777588700160622e-11,7.214043850727510475e-14,-1.257122292944475028e-02,6.917581986421211804e-02,-4.384612396803364487e-11,-8.174704278942585001e-02,1.025910411472337074e-10
2.673960746902185548e+00,-3.805063769848006650e-01,-9.464041834745064163e-03,-4.576912080968710828e-01,1.143379296366275619e-09,-1.122569161793155912e+00,3.805063762993257104e-01,-9.449792303844560605e-15,3.936738417616602280e-03,-2.038030361860838913e-02,1.334046106325938098e-11,2.431704203618022947e-02,-3.082573817943148244e-11,7.558953122341098606e-14,-1.256594726841189780e-02,6.908385983338943825e-02,-4.380849325772645128e-11,-8.164980709750339904e-02,1.024737357735071376e-10
2.675541101953546441e+00,-3.805063769848006650e-01,-9.457836079899599804e-03,-4.577233299819140067e-01,1.143400324340824631e-09,-1.122530834153267598e+00,3.805063762992771381e-01,-9.327692302998851867e-15,3.916884077348611708e-03,-2.027119973217451909e-02,1.327125823824906973e-11,2.418808380948520367e-02,-3.066388663501102867e-11,7.891172565575961080e-14,-1.256044491016233659e-02,6.899117730802704906e-02,-4.377023427094944662e-11,-8.155162221382822318e-02,1.023554434106383398e-10
2.677121457004906890e+00,-3.805063769848006650e-01,-9.451661694995439761e-03,-4.577552795601187441e-01,1.143421242998378046e-09,-1.122492710190158505e+00,3.805063762992287879e-01,-9.200441009475573833e-15,3.897038612010206206e-03,-2.016224288871460921e-02,1.320211637295112999e-11,2.405928150069383542e-02,-3.050222281884632965e-11,8.210902211187870461e-14,-1.255471567424290731e-02,6.889777110563236051e-02,-4.373134627948374192e-11,-8.145248677545459393e-02,1.022361573398292010e-10
2.678701812056267784e+00,-3.805063769848006650e-01,-9.445518665723766014e-03,-4.577870570647690207e-01,1.143442052436058655e-09,-1.122454789656236684e+00,3.805063762991807153e-01,-9.068234235137647809e-15,3.877202380289722188e-03,-2.005343423283188070e-02,1.313303646198943117e-11,2.393063661309764376e-02,-3.034074830663281657e-11,8.518340675406345728e-14,-1.254875938270926840e-02,6.880364004155575808e-02,-4.369182855929213059e-11,-8.135239941978836264e-02,1.021158708818697355e-10
2.680282167107628233e+00,-3.805063769848006650e-01,-9.439406977208587499e-03,-4.578186627309593915e-01,1.143462752752563581e-09,-1.122417072301531205e+00,3.805063762991328646e-01,-8.931264664208889114e-15,3.857375741154647764e-03,-1.994477491100290004e-02,1.306401950112847148e-11,2.380215065214071057e-02,-3.017946468458937701e-11,8.813685155929604192e-14,-1.254257586012294881e-02,6.870878292899183781e-02,-4.365168039051495244e-11,-8.125135878458576710e-02,1.019945773972332108e-10
2.681862522158989126e+00,-3.805063769848006650e-01,-9.433326614006233568e-03,-4.578500967955985712e-01,1.143483344048164485e-09,-1.122379557873689704e+00,3.805063762990853471e-01,-8.789721875720884790e-15,3.837559053847576507e-03,-1.983626607158046201e-02,1.299506648726644373e-11,2.367382512541840039e-02,-3.001837354939478479e-11,9.097131428040437593e-14,-1.253616493354788725e-02,6.861319857898043328e-02,-4.361090105746483337e-11,-8.114936350795039222e-02,1.018722702861666723e-10
2.683442877210349575e+00,-3.805063769848007760e-01,-9.427277560105406032e-03,-4.578813594974101009e-01,1.143503826424707567e-09,-1.122342246117977504e+00,3.805063762990379961e-01,-8.643792366030635288e-15,3.817752677882639122e-03,-1.972790886479944272e-02,1.292617841843010754e-11,2.354566154267971612e-02,-2.985747650812822700e-11,9.368873840829149870e-14,-1.252952643254713096e-02,6.851688580041187526e-02,-4.356948984862322803e-11,-8.104641222833557090e-02,1.017489429887836261e-10
2.685023232261710469e+00,-3.805063769848007205e-01,-9.421259798926204243e-03,-4.579124510769376766e-01,1.143524199985619146e-09,-1.122305136777270729e+00,3.805063762989909781e-01,-8.493659571378724673e-15,3.797956973041233860e-03,-1.961970444277799652e-02,1.285735629376693432e-11,2.341766141582420427e-02,-2.969677517820322002e-11,9.629105313611078524e-14,-1.252266018918005847e-02,6.841984340003037790e-02,-4.352744605663705290e-11,-8.094250358454484207e-02,1.016245889851512678e-10
2.686603587313070918e+00,-3.805063769848007205e-01,-9.415273313319951626e-03,-4.579433717765474254e-01,1.143544464835905047e-09,-1.122268229592054523e+00,3.805063762989441822e-01,-8.339503890516549291e-15,3.778172299368182368e-03,-1.951165395952168466e-02,1.278860111353894379e-11,2.328982625890224645e-02,-2.953627118730536416e-11,9.878017332436348325e-14,-1.251556603799809653e-02,6.832207018243414975e-02,-4.348476897831171989e-11,-8.083763621572780111e-02,1.014992017953680048e-10
2.688183942364431811e+00,-3.805063769848007760e-01,-9.409318085568871282e-03,-4.579741218404300152e-01,1.143564621082151626e-09,-1.122231524300420835e+00,3.805063762988975529e-01,-8.181502707385633339e-15,3.758399017167957101e-03,-1.940375857092780862e-02,1.271991387911670371e-11,2.316215758811560749e-02,-2.937596617333038914e-11,1.011579994674751941e-13,-1.250824381604194110e-02,6.822356495008317923e-02,-4.344145791460913302e-11,-8.073180876138506823e-02,1.013727749796491214e-10
2.689764297415792260e+00,-3.805063769848007760e-01,-9.403394097385579450e-03,-4.580047015146045397e-01,1.143584668832529293e-09,-1.122195020638063090e+00,3.805063762988513121e-01,-8.019830413844258745e-15,3.738637487000384414e-03,-1.929601943478678056e-02,1.265129559297150561e-11,2.303465692181452112e-02,-2.921586178431777933e-11,1.034264176618117410e-13,-1.250069336283733332e-02,6.812432650329880435e-02,-4.339751217064053459e-11,-8.062501986136362542e-02,1.012453021383966496e-10
2.691344652467152709e+00,-3.805063769848007205e-01,-9.397501329912447132e-03,-4.580351110469221831e-01,1.143604608196794367e-09,-1.122158718338272188e+00,3.805063762988052378e-01,-7.854658432441475598e-15,3.718888069677028958e-03,-1.918843771078688337e-02,1.258274725866978774e-11,2.290732578049883839e-02,-2.905595967838932322e-11,1.055872995751625076e-13,-1.249291452039167152e-02,6.802435364026855613e-02,-4.335293105566254378e-11,-8.051726815585838470e-02,1.011167769122731431e-10
2.692925007518513159e+00,-3.805063769848007760e-01,-9.391639763721773559e-03,-4.580653506870668301e-01,1.143624439286288876e-09,-1.122122617131936950e+00,3.805063762987594411e-01,-7.686155239254428144e-15,3.699151126257329159e-03,-1.908101456051844794e-02,1.251426988086692478e-11,2.278016568681830514e-02,-2.889626152368643837e-11,1.076425024171660930e-13,-1.248490713318986013e-02,6.792364515705050232e-02,-4.330771388307146329e-11,-8.040855228541222977e-02,1.009871929822705275e-10
2.694505362569874052e+00,-3.805063769848008315e-01,-9.385809378814809548e-03,-4.580954206865609502e-01,1.143644162213943445e-09,-1.122086716747535906e+00,3.805063762987139775e-01,-7.514486386746880623e-15,3.679427018044312877e-03,-1.897375114747474126e-02,1.244586446529927430e-11,2.265317816556923491e-02,-2.873676899830294039e-11,1.095938689116660260e-13,-1.247667104819057821e-02,6.782219984757519027e-02,-4.326185997039777345e-11,-8.029887089091437835e-02,1.008565440697729527e-10
2.696085717621234501e+00,-3.805063769848008315e-01,-9.380010154621786986e-03,-4.581253212987660972e-01,1.143663777094280196e-09,-1.122051016911137511e+00,3.805063762986686249e-01,-7.339814526691986359e-15,3.659716106580927168e-03,-1.886664863705694167e-02,1.237753201877855613e-11,2.252636474369574052e-02,-2.857748379022334039e-11,1.114432272699633818e-13,-1.246820611482196695e-02,6.772001650365004621e-02,-4.321536863930010928e-11,-8.018822261360028514e-02,1.007248239366179787e-10
2.697666072672595394e+00,-3.805063769848008315e-01,-9.374242070001228416e-03,-4.581550527788884608e-01,1.143683284043411920e-09,-1.122015517346394375e+00,3.805063762986236053e-01,-7.162299433120929921e-15,3.640018753646330311e-03,-1.875970819657819116e-02,1.230927354918589892e-11,2.239972695029010183e-02,-2.841840759726011821e-11,1.131923911657747398e-13,-1.245951218497794340e-02,6.761709391496482924e-02,-4.316823921556083382e-11,-8.007660609505355687e-02,1.005920263851566109e-10
2.699246427723955843e+00,-3.805063769848008315e-01,-9.368505103239908871e-03,-4.581846153839790881e-01,1.143702683179045590e-09,-1.121980217774542377e+00,3.805063762985788078e-01,-6.982098025323333533e-15,3.620335321251594470e-03,-1.865293099526511497e-02,1.224109006546405141e-11,2.227326631659002146e-02,-2.825954212698677573e-11,1.148431597112175661e-13,-1.245058911301322180e-02,6.751343086909231128e-02,-4.312047102907768227e-11,-7.996401997720166410e-02,1.004581452583023489e-10
2.700826782775316737e+00,-3.805063769848008870e-01,-9.362799232052177595e-03,-4.582140093729393238e-01,1.143721974620483605e-09,-1.121945117914394441e+00,3.805063762985342324e-01,-6.799364390870788161e-15,3.600666171636103096e-03,-1.854631820426238392e-02,1.217298257761173753e-11,2.214698437597956496e-02,-2.810088909667560768e-11,1.163973174344870786e-13,-1.244143675573936535e-02,6.740902615149392541e-02,-4.307206341385876663e-11,-7.985046290231756494e-02,1.003231744395836355e-10
2.702407137826677186e+00,-3.805063769848008315e-01,-9.357124433579793246e-03,-4.582432350065224758e-01,1.143741158488625029e-09,-1.121910217482338545e+00,3.805063762984900455e-01,-6.614249808686022572e-15,3.581011667263552401e-03,-1.843987099663561835e-02,1.210495209667684837e-11,2.202088266398802632e-02,-2.794245023323278412e-11,1.178566342586324046e-13,-1.243205497242051184e-02,6.730387854552542792e-02,-4.302301570801698575e-11,-7.973593351302105114e-02,1.001871078531929184e-10
2.703987492878038079e+00,-3.805063769848008870e-01,-9.351480684391531850e-03,-4.582722925473370901e-01,1.143760234905967660e-09,-1.121875516192335498e+00,3.805063762984459697e-01,-6.426902772139208412e-15,3.561372170818274171e-03,-1.833359054737561736e-02,1.203699963475057917e-11,2.189496271829053167e-02,-2.778422727313543946e-11,1.192228654818117080e-13,-1.242244362476810360e-02,6.719798683243752291e-02,-4.297332725376112668e-11,-7.962043045227422400e-02,1.000499394640240930e-10
2.705567847929398528e+00,-3.805063769848009425e-01,-9.345867960482836384e-03,-4.583011822598503926e-01,1.143779203996609888e-09,-1.121841013755913385e+00,3.805063762984021714e-01,-6.237469012174398987e-15,3.541748045200954036e-03,-1.822747803339956965e-02,1.196912620495955982e-11,2.176922607870496185e-02,-2.762622196236413126e-11,1.204977517588471320e-13,-1.241260257693680043e-02,6.709134979138263455e-02,-4.292299739739083696e-11,-7.950395236338414495e-02,9.991166327771621422e-11
2.707148202980758978e+00,-3.805063769848008870e-01,-9.340286237275374423e-03,-4.583299044103911757e-01,1.143798065886251734e-09,-1.121806709882164910e+00,3.805063762983586506e-01,-6.046091520463087503e-15,3.522139653525199754e-03,-1.812153463355648669e-02,1.190133282146080774e-11,2.164367428719392653e-02,-2.746843605634164174e-11,1.216830190842052955e-13,-1.240253169551955130e-02,6.698396619941908436e-02,-4.287202548928932864e-11,-7.938649789000197521e-02,9.977227334068850907e-11
2.708728558032119427e+00,-3.805063769848008870e-01,-9.334735489616944465e-03,-4.583584592671522961e-01,1.143816820702196502e-09,-1.121772604277745167e+00,3.805063762983153519e-01,-5.852910572591440988e-15,3.502547359113553950e-03,-1.801576152862996438e-02,1.183362049943487782e-11,2.151830888786355686e-02,-2.731087131986758854e-11,1.227803787761610050e-13,-1.239223084954233986e-02,6.687583483151403330e-02,-4.282041088391509354e-11,-7.926806567612085241e-02,9.963176374017069810e-11
2.710308913083480320e+00,-3.805063769848009425e-01,-9.329215691780858369e-03,-4.583868471001948386e-01,1.143835468573353259e-09,-1.121738696646866540e+00,3.805063762982722753e-01,-5.658063751256913771e-15,3.482971525493440933e-03,-1.791015990134015023e-02,1.176599025507862620e-11,2.139313142696143075e-02,-2.715352952705205319e-11,1.237915274625119302e-13,-1.238169991045962037e-02,6.676695446054910221e-02,-4.276815293979559599e-11,-7.914865436607679272e-02,9.949012860423362698e-11
2.711889268134840769e+00,-3.805063769848008870e-01,-9.323726817465951763e-03,-4.584150681814495587e-01,1.143854009630237250e-09,-1.121704986691296924e+00,3.805063762982294762e-01,-5.461685969505417881e-15,3.463412516393756663e-03,-1.780473093634953388e-02,1.169844310560031502e-11,2.126814345287892163e-02,-2.699641246125459263e-11,1.247181470674144468e-13,-1.237093875214875620e-02,6.665732385732472953e-02,-4.271525101951882657e-11,-7.902826260454748342e-02,9.934736210181333225e-11
2.713469623186201662e+00,-3.805063769848009425e-01,-9.318268839795786074e-03,-4.584431227847224899e-01,1.143872444004972793e-09,-1.121671474110353284e+00,3.805063762981870101e-01,-5.263909493962471273e-15,3.443870695740615211e-03,-1.769947582026357852e-02,1.163098006921162497e-11,2.114334651614759378e-02,-2.683952191501586763e-11,1.255619047998305224e-13,-1.235994725090539328e-02,6.654694179056526437e-02,-4.266170448972671046e-11,-7.890688903655292130e-02,9.920345844273422823e-11
2.715049978237562112e+00,-3.805063769848009425e-01,-9.312841731318936486e-03,-4.584710111856950543e-01,1.143890771831293280e-09,-1.121638158600903656e+00,3.805063762981447106e-01,-5.064863968115491073e-15,3.424346427653861963e-03,-1.759439574163621997e-02,1.156360216512252419e-11,2.101874216944124921e-02,-2.668285968999612118e-11,1.263244531429314337e-13,-1.234872528543729323e-02,6.643580702692238049e-02,-4.260751272110512318e-11,-7.878453230745251223e-02,9.905841187772428062e-11
2.716630333288923005e+00,-3.805063769848009425e-01,-9.307445464008360508e-03,-4.584987336619285592e-01,1.143908993244543658e-09,-1.121605039857359154e+00,3.805063762981026332e-01,-4.864676435582793720e-15,3.404840076443033017e-03,-1.748949189097166040e-02,1.149631041353401429e-11,2.089433196757361014e-02,-2.652642759690840632e-11,1.270074298451604396e-13,-1.233727273685952461e-02,6.632391833098169598e-02,-4.255267508837745403e-11,-7.866119106294686136e-02,9.891221669843259703e-11
2.718210688340283454e+00,-3.805063769848009980e-01,-9.302080009260874083e-03,-4.585262904928684158e-01,1.143927108381683116e-09,-1.121572117571671745e+00,3.805063762980608333e-01,-4.663471363398662630e-15,3.385352006603563942e-03,-1.738476546072750470e-02,1.142910583563172290e-11,2.077011746749770488e-02,-2.637022745545382044e-11,1.276124579125798711e-13,-1.232558948868869853e-02,6.621127446526584026e-02,-4.249719097029517110e-11,-7.853686394907515023e-02,9.876486723743789261e-11
2.719791043391644347e+00,-3.805063769848009425e-01,-9.296745337897358019e-03,-4.585536819598453051e-01,1.143945117381283844e-09,-1.121539391433331145e+00,3.805063762980192554e-01,-4.461370665333238546e-15,3.365882582813311229e-03,-1.728021764531999585e-02,1.136198945358074191e-11,2.064610022830764419e-02,-2.621426109425961863e-11,1.281411456023062940e-13,-1.231367542683729777e-02,6.609787419024182320e-02,-4.244105974963001476e-11,-7.841154961221682984e-02,9.861635786825866183e-11
2.721371398443004797e+00,-3.805063769848009980e-01,-9.291441420162168188e-03,-4.585809083460789526e-01,1.143963020383535173e-09,-1.121506861129361932e+00,3.805063762979780106e-01,-4.258493725194497226e-15,3.346432169928431882e-03,-1.717584964112529866e-02,1.129496229051803741e-11,2.052228181123573122e-02,-2.605853035081166273e-11,1.285950864175187235e-13,-1.230153043960778396e-02,6.598371626432396331e-02,-4.238428081316420713e-11,-7.828524669908858147e-02,9.846668300535463894e-11
2.722951753494365690e+00,-3.805063769848009425e-01,-9.286168225722831945e-03,-4.586079699366819584e-01,1.143980817530243983e-09,-1.121474526344319100e+00,3.805063762979369324e-01,-4.054957420147566289e-15,3.327001132979554889e-03,-1.707166264648241408e-02,1.122802537054593404e-11,2.039866377965161154e-02,-2.590303707138920980e-11,1.289758591036827189e-13,-1.228915441768678972e-02,6.586879944387942498e-02,-4.232685355168176033e-11,-7.815795385674427498e-02,9.831583710412762518e-11
2.724532108545726139e+00,-3.805063769848009425e-01,-9.280925723670035987e-03,-4.586348670186614074e-01,1.143998508964836155e-09,-1.121442386760286736e+00,3.805063762978961317e-01,-3.850876144048269170e-15,3.307589837168477872e-03,-1.696765786169902174e-02,1.116117971872742817e-11,2.027524769906473984e-02,-2.574778311100408198e-11,1.292850276460420841e-13,-1.227654725413917722e-02,6.575312248323568476e-02,-4.226877735995997840e-11,-7.802966973257607908e-02,9.816381466092106226e-11
2.726112463597086588e+00,-3.805063769848009980e-01,-9.275713882517031342e-03,-4.586615998809236983e-01,1.144016094832358429e-09,-1.121410442056871126e+00,3.805063762978555530e-01,-3.646361830759028570e-15,3.288198647863938701e-03,-1.686383648905192753e-02,1.109442636107817784e-11,2.015203513712067462e-02,-2.559277033333192333e-11,1.295241412685420026e-13,-1.226370884440178451e-02,6.563668413468308482e-02,-4.221005163675898834e-11,-7.790039297431118615e-02,9.801061021301024832e-11
2.727692818648447037e+00,-3.805063769848009980e-01,-9.270532670199636838e-03,-4.586881688142760427e-01,1.144033575279479855e-09,-1.121378691911201209e+00,3.805063762978152520e-01,-3.441523977486288448e-15,3.268827930598110481e-03,-1.676019973279178205e-02,1.102776632456109695e-11,2.002902766360221964e-02,-2.543800061064963777e-11,1.296947344339163302e-13,-1.225063908627721174e-02,6.551948314848204946e-02,-4.215067578481259588e-11,-7.777012223001253388e-02,9.785621833859418252e-11
2.729273173699807931e+00,-3.805063769848010535e-01,-9.265382054075730831e-03,-4.587145741114312947e-01,1.144050950454492616e-09,-1.121347135997921685e+00,3.805063762977751729e-01,-3.236469668098174264e-15,3.249478051062651158e-03,-1.665674879914491938e-02,1.096120063707929359e-11,1.990622685042738038e-02,-2.528347582376883015e-11,1.297983268452047572e-13,-1.223733787992747901e-02,6.540151827286724839e-02,-4.209064921081808790e-11,-7.763885614807680691e-02,9.770063365678070156e-11
2.730853528751168380e+00,-3.805063769848009980e-01,-9.260262000883246608e-03,-4.587408160669670942e-01,1.144068220507378413e-09,-1.121315773989192799e+00,3.805063762977353159e-01,-3.033977666253439704e-15,3.230149469313269971e-03,-1.655348480270694284e-02,1.089473046964589763e-11,1.978363427224719487e-02,-2.512917767071230529e-11,1.258584190763898004e-13,-1.222366498223555545e-02,6.528292751367761881e-02,-4.202975982357759380e-11,-7.750659249161967468e-02,9.757388778895923979e-11
2.732433883802529273e+00,-3.805063769848009980e-01,-9.255172476516812866e-03,-4.587668949771102622e-01,1.144085385590144918e-09,-1.121284605554683012e+00,3.805063762976957364e-01,-2.838699044180257491e-15,3.210842711602750459e-03,-1.645040879442773510e-02,1.082835709387398405e-11,1.966125150626386875e-02,-2.497507370268250173e-11,1.212923834824910460e-13,-1.220974064005363180e-02,6.516359003393638882e-02,-4.196818865271907631e-11,-7.737333067017859722e-02,9.745018292523798724e-11
2.734014238853889722e+00,-3.805063769848009980e-01,-9.250113446200363895e-03,-4.587928111399089404e-01,1.144102445856567075e-09,-1.121253630361567444e+00,3.805063762976563790e-01,-2.650550505257471140e-15,3.191558137622466530e-03,-1.634752199289940533e-02,1.076208153070716555e-11,1.953908013076091285e-02,-2.482116720961887273e-11,1.168347401225319068e-13,-1.219559058584358639e-02,6.504347891384715252e-02,-4.190597409115972021e-11,-7.723906949634613828e-02,9.732397876245504988e-11
2.735594593905250616e+00,-3.805063769848009980e-01,-9.245084874593752222e-03,-4.588185648553435581e-01,1.144119401462027247e-09,-1.121222848074525880e+00,3.805063762976172992e-01,-2.469362098236471048e-15,3.172296104237494301e-03,-1.624482562165571395e-02,1.069590479752099831e-11,1.941712172613717369e-02,-2.466746212652854415e-11,1.124837868790148742e-13,-1.218121461771282457e-02,6.492259300432640101e-02,-4.184311539318951475e-11,-7.710380761914648051e-02,9.719529396487017760e-11
2.737174948956611065e+00,-3.805063769848009980e-01,-9.240086725792719113e-03,-4.588441564253293303e-01,1.144136252563516868e-09,-1.121192258355738769e+00,3.805063762975783859e-01,-2.294966549871721481e-15,3.153056968629552436e-03,-1.614232090605015671e-02,1.062982791286604374e-11,1.929537787492789994e-02,-2.451396235907043207e-11,1.082378367579606678e-13,-1.216661253714642309e-02,6.480093115325027964e-02,-4.177961181859713231e-11,-7.696754368794109236e-02,9.706414701209386688e-11
2.738755304007971958e+00,-3.805063769848010535e-01,-9.235118963328044564e-03,-4.588695861537203657e-01,1.144152999319637482e-09,-1.121161860864882565e+00,3.805063762975397501e-01,-2.127199241012907729e-15,3.133841088290996967e-03,-1.604000907325703676e-02,1.056385189645685339e-11,1.917385016179977072e-02,-2.436067178384150542e-11,1.040952178823649567e-13,-1.215178414900000732e-02,6.467849220546126321e-02,-4.171546263265896823e-11,-7.683027635242836717e-02,9.693055619917372365e-11
2.740335659059332407e+00,-3.805063769848010535e-01,-9.230181550165580256e-03,-4.588948543463102769e-01,1.144169641890603635e-09,-1.121131655259129500e+00,3.805063762975013919e-01,-1.965898182737815715e-15,3.114648821020180904e-03,-1.593789135228015560e-02,1.049797776916570207e-11,1.905254017355495488e-02,-2.420759424867403138e-11,1.000542734849328490e-13,-1.213672926149121645e-02,6.455527500277422059e-02,-4.165066710612520157e-11,-7.669200426264100035e-02,9.679453963668719796e-11
2.741916014110692856e+00,-3.805063769848010535e-01,-9.225274448705390873e-03,-4.589199613108370102e-01,1.144186180438242871e-09,-1.121101641193142706e+00,3.805063762974633113e-01,-1.810903992467911478e-15,3.095480524915977718e-03,-1.583596897395639705e-02,1.043220655301329181e-11,1.893144949912925132e-02,-2.405473357292544402e-11,9.611336189885657841e-14,-1.212144768619232392e-02,6.443127838398506058e-02,-4.158522451520889308e-11,-7.655272606894754361e-02,9.665611525086290812e-11
2.743496369162053750e+00,-3.805063769848010535e-01,-9.220397620781287454e-03,-4.589449073569854542e-01,1.144202615126000085e-09,-1.121071818319069768e+00,3.805063762974253416e-01,-1.662059870113200412e-15,3.076336558372147825e-03,-1.573424317095880806e-02,1.036653927115899688e-11,1.881057972958947305e-02,-2.390209354776693023e-11,9.227085654750924398e-14,-1.210593923802191253e-02,6.430650118487717115e-02,-4.151913414157253063e-11,-7.641244042205014297e-02,9.651530078371040468e-11
2.745076724213414199e+00,-3.805063769848010535e-01,-9.215551027660542904e-03,-4.589696927963896056e-01,1.144218946118937926e-09,-1.121042186286544284e+00,3.805063762973877051e-01,-1.519211574237957409e-15,3.057217280072428885e-03,-1.563271517780335379e-02,1.030097694789354524e-11,1.868993245813534848e-02,-2.374967793647746648e-11,8.852514593291457987e-14,-1.209020373523606029e-02,6.418094223822788658e-02,-4.145239527231376030e-11,-7.627114597298247090e-02,9.637211379316536645e-11
2.746657079264774648e+00,-3.805063769848010535e-01,-9.210734630043447904e-03,-4.589943179426354547e-01,1.144235173583738044e-09,-1.121012744742680978e+00,3.805063762973503461e-01,-1.382207398241670365e-15,3.038123048985233617e-03,-1.553138623085350938e-02,1.023552060863032989e-11,1.856950928009878585e-02,-2.359749047473435964e-11,8.487463362279404843e-14,-1.207424099942005363e-02,6.405460037381791039e-02,-4.138500719995289470e-11,-7.612884137311078103e-02,9.622657165325592844e-11
2.748237434316135541e+00,-3.805063769848010535e-01,-9.205948388062563242e-03,-4.590187831112655381e-01,1.144251297688703983e-09,-1.120983493332069481e+00,3.805063762973130981e-01,-1.250898146552973875e-15,3.019054224358130346e-03,-1.543025756832341541e-02,1.017017127989589302e-11,1.844931179294152096e-02,-2.344553487090143210e-11,8.131773823610797902e-14,-1.205805085547975546e-02,6.392747441843917022e-02,-4.131696922241932912e-11,-7.598552527413313107e-02,9.607869155428445480e-11
2.749817789367495990e+00,-3.805063769848010535e-01,-9.201192261282707674e-03,-4.590430886197793825e-01,1.144267318603761801e-09,-1.120954431696775444e+00,3.805063762972761832e-01,-1.125137110866158136e-15,3.000011165712938941e-03,-1.532933043028461735e-02,1.010492998932261234e-11,1.832934159625692824e-02,-2.329381480632217982e-11,7.785289342769984152e-14,-1.204163313163183861e-02,6.379956319590077141e-02,-4.124828064303529513e-11,-7.584119632807549694e-02,9.592849050301751894e-11
2.751398144418856884e+00,-3.805063769848010535e-01,-9.196466208700180764e-03,-4.590672347876386672e-01,1.144283236500463176e-09,-1.120925559476332989e+00,3.805063762972395458e-01,-1.004780046383939629e-15,2.980994232840213521e-03,-1.522860605866902840e-02,1.003979776563913509e-11,1.820960029176750539e-02,-2.314233393560709153e-11,7.447854787120915305e-14,-1.202498765939529445e-02,6.367086552703987712e-02,-4.117894077050338184e-11,-7.569585318729431245e-02,9.577598532290368466e-11
2.752978499470217333e+00,-3.805063769848009980e-01,-9.191770188742494005e-03,-4.590912219362688340e-01,1.144299051551986225e-09,-1.120896876307744705e+00,3.805063762972031305e-01,-8.896851481002923370e-16,2.962003785794265539e-03,-1.512808569727491781e-02,9.974775638662699225e-12,1.809008948332585173e-02,-2.299109588692514916e-11,7.119316524096223558e-14,-1.200811427358146333e-02,6.354138022972832811e-02,-4.110894891889005688e-11,-7.554949450447299986e-02,9.562119265429718099e-11
2.754558854521578226e+00,-3.805063769848009980e-01,-9.187104159267945810e-03,-4.591150503890627510e-01,1.144314763933137167e-09,-1.120868381825475879e+00,3.805063762971668817e-01,-7.797130271088539204e-16,2.943040184887855959e-03,-1.502777059177103081e-02,9.909864639290291268e-12,1.797081077691348172e-02,-2.284010426229209052e-11,6.799522419247051410e-14,-1.199101281228430807e-02,6.341110611888102488e-02,-4.103830440761009864e-11,-7.540211893262062370e-02,9.546412895470062798e-11
2.756139209572938675e+00,-3.805063769848009980e-01,-9.182468077565314468e-03,-4.591387204713825443e-01,1.144330373820352179e-09,-1.120840075661453161e+00,3.805063762971308550e-01,-6.747266869458176465e-16,2.924103790686975041e-03,-1.492766198970110064e-02,9.845065799490104719e-12,1.785176578064014835e-02,-2.268936263785894678e-11,6.488321834170789799e-14,-1.197368311687104642e-02,6.328004200646754340e-02,-4.096700656141279909e-11,-7.525372512507422229e-02,9.530481049902758899e-11
2.757719564624299569e+00,-3.805063769848010535e-01,-9.177861900353202415e-03,-4.591622325105644276e-01,1.144345881391699465e-09,-1.120811957445058793e+00,3.805063762970951613e-01,-5.745914999585792417e-16,2.905194964005823784e-03,-1.482776114048906142e-02,9.780380152293542889e-12,1.773295610474400277e-02,-2.253887456420131652e-11,6.185565624293321251e-14,-1.195612503197150331e-02,6.314818670151786661e-02,-4.089505471036381758e-11,-7.510431173549389494e-02,9.514325337987327850e-11
2.759299919675660018e+00,-3.805063769848010535e-01,-9.173285583779885316e-03,-4.591855868359201454e-01,1.144361286826880704e-09,-1.120784026803129274e+00,3.805063762970596342e-01,-4.791751837213336897e-16,2.886314065901411999e-03,-1.472806929544255572e-02,9.715808731786022985e-12,1.761438336158971038e-02,-2.238864356660547656e-11,5.891106136547731664e-14,-1.193833840546791591e-02,6.301553901013254300e-02,-4.082244818982927695e-11,-7.495387741786259383e-02,9.497947350780448886e-11
2.760880274727020467e+00,-3.805063769848010535e-01,-9.168739083422800321e-03,-4.592087837787405258e-01,1.144376590307232499e-09,-1.120756283359951588e+00,3.805063762970243291e-01,-3.883477774806854264e-16,2.867461457668776977e-03,-1.462858770775925764e-02,9.651352573099791588e-12,1.749604916567000165e-02,-2.223867314535843149e-11,5.604797206911182378e-14,-1.192032308848475428e-02,6.288209773549405246e-02,-4.074918634046031853e-11,-7.480242082648749791e-02,9.481348661166799948e-11
2.762460629778380916e+00,-3.805063769848010535e-01,-9.164222354288299732e-03,-4.592318236722983671e-01,1.144391792015727615e-09,-1.120728726737258762e+00,3.805063762969893570e-01,-3.019816186459320225e-16,2.848637500835435408e-03,-1.452931763252936215e-02,9.587012712404118045e-12,1.737795513360261210e-02,-2.208896677603158822e-11,5.326494157824648390e-14,-1.190207893537719580e-02,6.274786167787203828e-02,-4.067526850817312703e-11,-7.464994061599369846e-02,9.464530823890402653e-11
2.764040984829741809e+00,-3.805063769848010535e-01,-9.159735350811224266e-03,-4.592547068518511022e-01,1.144406892136977874e-09,-1.120701356554228756e+00,3.805063762969545516e-01,-2.199513193177275038e-16,2.829842557156795040e-03,-1.443026032674271306e-02,9.522790186898719025e-12,1.726010288413281149e-02,-2.193952790977108342e-11,5.056053795483030946e-14,-1.188360580372109683e-02,6.261282963463836448e-02,-4.060069404413482322e-11,-7.449643544132911188e-02,9.447495375588980019e-11
2.765621339881102259e+00,-3.805063769848010535e-01,-9.155278026854429471e-03,-4.592774336546447955e-01,1.144421890857234573e-09,-1.120674172427477799e+00,3.805063762969199681e-01,-1.421337428595543902e-16,2.811076988610726728e-03,-1.433141704929154214e-02,9.458686034804257251e-12,1.714249403813070810e-02,-2.179035997358083761e-11,4.793334406995250708e-14,-1.186490355430140815e-02,6.247700040027413804e-02,-4.052546230474395410e-11,-7.434190395776002491e-02,9.430243834828637304e-11
2.767201694932463152e+00,-3.805063769848010535e-01,-9.150850335708608785e-03,-4.593000044199161969e-01,1.144436788364391166e-09,-1.120647173971060173e+00,3.805063762968856622e-01,-6.840798052049831894e-17,2.792341157392423147e-03,-1.423278906097474351e-02,9.394701295353883906e-12,1.702513021859040909e-02,-2.164146637060742841e-11,4.538195757436090275e-14,-1.184597205110056624e-02,6.234037276637892366e-02,-4.044957265161164873e-11,-7.418634482086862436e-02,9.412777702140198498e-11
2.768782049983823601e+00,-3.805063769848010535e-01,-9.146452230091944857e-03,-4.593224194888958500e-01,1.144451584847983685e-09,-1.120620360796463766e+00,3.805063762968515784e-01,1.344671898105028824e-18,2.773635425909722844e-03,-1.413437762450427126e-02,9.330837008786223748e-12,1.690801305063172402e-02,-2.149285048042763598e-11,4.290499086767655663e-14,-1.182681116128720192e-02,6.220294552168319918e-02,-4.037302445154421505e-11,-7.402975668655426000e-02,9.395098460057559071e-11
2.770362405035184494e+00,-3.805063769848010535e-01,-9.142083662149556172e-03,-4.593446792048120897e-01,1.144466280499193214e-09,-1.120593732512604523e+00,3.805063762968177721e-01,6.724073732962464372e-17,2.754960156777741271e-03,-1.403618400450779360e-02,9.267094216336011170e-12,1.679114416149745520e-02,-2.134451565932971997e-11,4.050107106627631367e-14,-1.180742075520447611e-02,6.206471745205836138e-02,-4.029581707652446376e-11,-7.387213821103172373e-02,9.377207573157262688e-11
2.771942760086544943e+00,-3.805063769848009980e-01,-9.137744583453616745e-03,-4.593667839128920405e-01,1.144480875510846306e-09,-1.120567288725828226e+00,3.805063762967841323e-01,1.293945806666372440e-16,2.736315712814152770e-03,-1.393820946753495868e-02,9.203473960226955767e-12,1.667452518055493466e-02,-2.119646524059948183e-11,3.816883997028526038e-14,-1.178780070635761235e-02,6.192568734052680129e-02,-4.021794990369135835e-11,-7.371348805082879319e-02,9.359106488099158426e-11
2.773523115137905837e+00,-3.805063769848009980e-01,-9.133434945002358654e-03,-4.593887339603678344e-01,1.144495370077419122e-09,-1.120541029039900716e+00,3.805063762967507701e-01,1.879184319497228682e-16,2.717702457033720556e-03,-1.384045528205897317e-02,9.139977283661875945e-12,1.655815773929214876e-02,-2.104870253479879851e-11,3.590695402885089738e-14,-1.176795089140226548e-02,6.178585396727311052e-02,-4.013942231532166206e-11,-7.355380486278595420e-02,9.340796633669281044e-11
2.775103470189266286e+00,-3.805063769848009980e-01,-9.129154697220651440e-03,-4.594105296964755003e-01,1.144509764395035357e-09,-1.120514953056011453e+00,3.805063762967176300e-01,2.429224094774051611e-16,2.699120752644034501e-03,-1.374292271848528459e-02,9.076605230817136454e-12,1.644204347132215485e-02,-2.090123083005392719e-11,3.371408430492837594e-14,-1.174787119013142103e-02,6.164521610965542631e-02,-4.006023369880889643e-11,-7.339308730405454118e-02,9.322279420823298645e-11
2.776683825240627179e+00,-3.805063769848009980e-01,-9.124903789958815556e-03,-4.594321714724622363e-01,1.144524058661471207e-09,-1.120489060372762191e+00,3.805063762966847118e-01,2.945145428845393673e-16,2.680570963039996448e-03,-1.364561304915255444e-02,9.013358846832499271e-12,1.632618401237852582e-02,-2.075405339233184826e-11,3.158891643810159085e-14,-1.172756148546350886e-02,6.150377254221710277e-02,-3.998038344664454235e-11,-7.323133403209652892e-02,9.303556242732412149e-11
2.778264180291987628e+00,-3.805063769848010535e-01,-9.120682172492965839e-03,-4.594536596415863539e-01,1.144538253076153507e-09,-1.120463350586172080e+00,3.805063762966520158e-01,3.428007961400630856e-16,2.662053451799124316e-03,-1.354852754833870201e-02,8.950239177803995629e-12,1.621058100031670668e-02,-2.060717346572324831e-11,2.953015060688468526e-14,-1.170702166342881684e-02,6.136152203669665434e-02,-3.989987095639570622e-11,-7.306854370468092441e-02,9.284628474829558505e-11
2.779844535343348078e+00,-3.805063769848010535e-01,-9.116489793524338442e-03,-4.594749945591222740e-01,1.144552347840165109e-09,-1.120437823289667456e+00,3.805063762966195418e-01,3.878850904980089490e-16,2.643568582676465457e-03,-1.345166749226417262e-02,8.887247270775237387e-12,1.609523607511221741e-02,-2.046059427272078885e-11,2.753650148941905029e-14,-1.168625161315708406e-02,6.121846336204134209e-02,-3.981869563068580391e-11,-7.290471497988493255e-02,9.265497474858108361e-11
2.781424890394708527e+00,-3.805063769848010535e-01,-9.112326601179377566e-03,-4.594961765823618038e-01,1.144566343156243016e-09,-1.120412478074082729e+00,3.805063762965873453e-01,4.298693273760246362e-16,2.625116719600059916e-03,-1.335503415909835428e-02,8.824384173730701038e-12,1.598015087886249172e-02,-2.031431901450128802e-11,2.560669822333153520e-14,-1.166525122686364914e-02,6.107459528441770008e-02,-3.973685687717198140e-11,-7.273984651609061158e-02,9.246164582921088482e-11
2.783005245446069420e+00,-3.805063769848011090e-01,-9.108192543009005146e-03,-4.595172060706194661e-01,1.144580239228781077e-09,-1.120387314527654166e+00,3.805063762965553709e-01,4.688534111789653368e-16,2.606698226665732365e-03,-1.325862882896193182e-02,8.761650935586544711e-12,1.586532705578404950e-02,-2.016835087120105862e-11,2.373948436410674652e-14,-1.164402039983644666e-02,6.092991656722417798e-02,-3.965435410852436410e-11,-7.257393697198455396e-02,9.226631121532494090e-11
2.784585600497429869e+00,-3.805063769848010535e-01,-9.104087565988815134e-03,-4.595380833852337199e-01,1.144594036263832258e-09,-1.120362332236019665e+00,3.805063762965236185e-01,5.049352720459825839e-16,2.588313468132369746e-03,-1.316245278393214820e-02,8.699048606183200701e-12,1.575076625221303456e-02,-2.002269300219478107e-11,2.193361784267067244e-14,-1.162255903042204962e-02,6.078442597110349233e-02,-3.957118674240374889e-11,-7.240698500655620706e-02,9.206898395669508517e-11
2.786165955548790762e+00,-3.805063769848010535e-01,-9.100011616518495841e-03,-4.595588088895707912e-01,1.144607734469109260e-09,-1.120337530782212099e+00,3.805063762964920882e-01,5.382108885375964016e-16,2.569962808417014608e-03,-1.306650730804653944e-02,8.636578236277169906e-12,1.563647011660403846e-02,-1.987734854637134877e-11,2.018787092155763923e-14,-1.160086702001180033e-02,6.063812225395426997e-02,-3.948735420143901816e-11,-7.223898927909576384e-02,9.186967692826303548e-11
2.787746310600151212e+00,-3.805063769848010535e-01,-9.095964640421807385e-03,-4.595793829490274485e-01,1.144621334053985147e-09,-1.120312909746658425e+00,3.805063762964607244e-01,5.687743102474905976e-16,2.551646612090493604e-03,-1.297079368730958207e-02,8.574240877534672567e-12,1.552244029953238173e-02,-1.973232062241318694e-11,1.850103015015528803e-14,-1.157894427302774178e-02,6.049100417094507853e-02,-3.940285591320501925e-11,-7.206994844919402399e-02,9.166840283069269238e-11
2.789326665651512105e+00,-3.805063769848010535e-01,-9.091946582946172292e-03,-4.595998059310348327e-01,1.144634835229496439e-09,-1.120288468707175245e+00,3.805063762964296936e-01,5.967176803459921101e-16,2.533365243871845557e-03,-1.287531320969283188e-02,8.512037582521140489e-12,1.540867845368866854e-02,-1.958761232906497647e-11,1.687189631867846329e-14,-1.155679069690834955e-02,6.034307047452599354e-02,-3.931769131019923530e-11,-7.189986117673972943e-02,9.146517419093437969e-11
2.790907020702872554e+00,-3.805063769848010535e-01,-9.087957388762517644e-03,-4.596200782050607336e-01,1.144648238208344360e-09,-1.120264207238965248e+00,3.805063762963988294e-01,6.221312580480924557e-16,2.515119068624309916e-03,-1.278006716514307715e-02,8.449969404695977693e-12,1.529518623388292572e-02,-1.944322674541353178e-11,1.529928441115206783e-14,-1.153440620209379014e-02,6.019431991444175456e-02,-3.923185982981807494e-11,-7.172872612191789898e-02,9.126000336280281112e-11
2.792487375754233447e+00,-3.805063769848010535e-01,-9.083997001965000984e-03,-4.596402001426135864e-01,1.144661543204895039e-09,-1.120240124914614999e+00,3.805063762963682428e-01,6.451034410070293050e-16,2.496908451350155541e-03,-1.268505684558430061e-02,8.388037398403358033e-12,1.518196529704143351e-02,-1.929916693115751985e-11,1.378202355723758346e-14,-1.151179070201145682e-02,6.004475123774571238e-02,-3.914536091433396326e-11,-7.155654194520955080e-02,9.105290252757045016e-11
2.794067730805593897e+00,-3.805063769848010535e-01,-9.080065366071020730e-03,-4.596601721172440258e-01,1.144674750435180550e-09,-1.120216221304090265e+00,3.805063762963378227e-01,6.657207876292850870e-16,2.478733757186227672e-03,-1.259028354492338665e-02,8.326242618865425188e-12,1.506901730220792414e-02,-1.915543592688181599e-11,1.231895698307055100e-14,-1.148894411306084634e-02,5.989436318881328353e-02,-3.905819401087095290e-11,-7.138330730738971786e-02,9.084388369457141655e-11
2.795648085856954346e+00,-3.805063769848009980e-01,-9.076162424020569122e-03,-4.596799945045506042e-01,1.144687860116903248e-09,-1.120192495974733138e+00,3.805063762963077356e-01,6.840680393151302384e-16,2.460595351399110647e-03,-1.249574855905330115e-02,8.264586122174070937e-12,1.495634391054195995e-02,-1.901203675432722935e-11,1.090894196081412710e-14,-1.146586635459826906e-02,5.974315450935346189e-02,-3.897035857137945625e-11,-7.120902086952389520e-02,9.063295870181836919e-11
2.797228440908314795e+00,-3.805063769848009980e-01,-9.072288118176504573e-03,-4.596996676821800132e-01,1.144700872469433708e-09,-1.120168948491259586e+00,3.805063762962777596e-01,7.002281426129695952e-16,2.442493599380419871e-03,-1.240145318585732931e-02,8.203068965283233660e-12,1.484394678531845112e-02,-1.886897241666074544e-11,9.550849757428418585e-15,-1.144255734892183837e-02,5.959112393842583982e-02,-3.888185405261320076e-11,-7.103368129296998290e-02,9.042013921663648833e-11
2.798808795959675688e+00,-3.805063769848009980e-01,-9.068442390323946251e-03,-4.597191920298328016e-01,1.144713787713814440e-09,-1.120145578415754128e+00,3.805063762962480611e-01,7.142822712971769664e-16,2.424428866642373923e-03,-1.230739872521407173e-02,8.141692206001975545e-12,1.473182759192822808e-02,-1.872624589874605938e-11,8.243565582119306346e-15,-1.141901702125550089e-02,5.943827021245157161e-02,-3.879267991610248123e-11,-7.085728723937322060e-02,9.020543673630439840e-11
2.800389151011036137e+00,-3.805063769848010535e-01,-9.064625181670513468e-03,-4.597385679292642080e-01,1.144726606072759689e-09,-1.120122385307668944e+00,3.805063762962185847e-01,7.263098483574919919e-16,2.406401518813057472e-03,-1.221358647900122954e-02,8.080456902986592057e-12,1.461998799787708400e-02,-1.858386016741117207e-11,6.985988532986072044e-15,-1.139524529973353489e-02,5.928459206523022107e-02,-3.870283562813014575e-11,-7.067983737066764471e-02,8.998886258871331462e-11
2.801969506062397031e+00,-3.805063769848010535e-01,-9.060836432845801799e-03,-4.597577957642889901e-01,1.144739327770657499e-09,-1.120099368723819655e+00,3.805063762961893303e-01,7.363885679071465772e-16,2.388411921631755294e-03,-1.212001775109910855e-02,8.019364115732808658e-12,1.450842967278462119e-02,-1.844181817171467128e-11,5.777031542410308920e-15,-1.137124211538417633e-02,5.913008822795100955e-02,-3.861232065970415011e-11,-7.050133034907087037e-02,8.977042793303293634e-11
2.803549861113757480e+00,-3.805063769848010535e-01,-9.057076083901197464e-03,-4.597768759207847000e-01,1.144751953033571162e-09,-1.120076528218379108e+00,3.805063762961602980e-01,7.445944170020915360e-16,2.370460440944535240e-03,-1.202669384739546085e-02,7.958414904568798236e-12,1.439715428838466739e-02,-1.830012284321289160e-11,4.615621321521815639e-15,-1.134700740211403922e-02,5.897475742921082925e-02,-3.852113448653370525e-11,-7.032176483708654779e-02,8.955014376039838175e-11
2.805130216165118373e+00,-3.805063769848010535e-01,-9.053344074310014367e-03,-4.597958087866935162e-01,1.144764482089240664e-09,-1.120053863342879152e+00,3.805063762961314877e-01,7.510016973706251013e-16,2.352547442699596137e-03,-1.193361607578917981e-02,7.897610330647444058e-12,1.428616351852432520e-02,-1.815877709622432787e-11,3.500698303730906388e-15,-1.132254109669086385e-02,5.881859839502546344e-02,-3.842927658900021609e-11,-7.014113949749839483e-02,8.932802089459801440e-11
2.806710571216478822e+00,-3.805063769848009980e-01,-9.049640342967103790e-03,-4.598145947520262955e-01,1.144776915167082894e-09,-1.120031373646203532e+00,3.805063762961029550e-01,7.556830470550302153e-16,2.334673292942866796e-03,-1.184078574619474265e-02,7.836951455939302274e-12,1.417545903916400847e-02,-1.801778382809415206e-11,2.431216587112411648e-15,-1.129784313872761285e-02,5.866160984884764146e-02,-3.833674645213279571e-11,-6.995945299337223700e-02,8.910406999278536140e-11
2.808290926267839716e+00,-3.805063769848009980e-01,-9.045964828188779797e-03,-4.598332342088655156e-01,1.144789252498194123e-09,-1.120009058674585667e+00,3.805063762960744778e-01,7.587094619602020609e-16,2.316838357813488791e-03,-1.174820417054614138e-02,7.776439343225163753e-12,1.406504252837685945e-02,-1.787714591945678492e-11,1.406143875879351633e-15,-1.127291347066523841e-02,5.850379051158036137e-02,-3.824354356557984391e-11,-6.977670398805220497e-02,8.887830154619458582e-11
2.809871281319200165e+00,-3.805063769848010535e-01,-9.042317467712591983e-03,-4.598517275513689384e-01,1.144801494315350421e-09,-1.119986917971606211e+00,3.805063762960463891e-01,7.601503173094230169e-16,2.299043003539310518e-03,-1.165587266280059854e-02,7.716075056088607842e-12,1.395491566634795948e-02,-1.773686623449710090e-11,4.244614208329238545e-16,-1.124775203775560395e-02,5.834513910159180167e-02,-3.814966742358144006e-11,-6.959289114515848640e-02,8.865072588087066750e-11
2.811451636370561058e+00,-3.805063769848010535e-01,-9.038698198697372316e-03,-4.598700751757718863e-01,1.144813640853010136e-09,-1.119964951078187942e+00,3.805063762960184670e-01,7.600733890047879955e-16,2.281287596432527397e-03,-1.156379253894300289e-02,7.655859658909016567e-12,1.384508013537439491e-02,-1.759694762121154904e-11,-5.148360410944338909e-16,-1.122235878804451678e-02,5.818565433473282811e-02,-3.805511752494264716e-11,-6.940801312858789485e-02,8.842135315841425332e-11
2.813031991421921507e+00,-3.805063769848010535e-01,-9.035106957722749410e-03,-4.598882774803921270e-01,1.144825692347313685e-09,-1.119943157532592881e+00,3.805063762959907114e-01,7.585448748921145008e-16,2.263572502885143837e-03,-1.147196511698899551e-02,7.595794216853874744e-12,1.373553761986382425e-02,-1.745739291166613960e-11,-1.412740348384422818e-15,-1.119673367235387955e-02,5.802533492434962942e-02,-3.795989337300373334e-11,-6.922206860250866567e-02,8.819019337673215558e-11
2.814612346473281956e+00,-3.805063769848010535e-01,-9.031543680789608231e-03,-4.599063348656303174e-01,1.144837649036085216e-09,-1.119921536870421841e+00,3.805063762959632889e-01,7.556294159267242296e-16,2.245898089364825080e-03,-1.138039171699037344e-02,7.535879795872478887e-12,1.362628980633571844e-02,-1.731820492225670545e-11,-2.270229977208516109e-15,-1.117087664426435339e-02,5.786417958130324335e-02,-3.786399447561348232e-11,-6.903505623136270419e-02,8.795725637080683679e-11
2.816192701524642406e+00,-3.805063769848009980e-01,-9.028008303319305997e-03,-4.599242477339762769e-01,1.144849511158834875e-09,-1.119900088624605550e+00,3.805063762959360329e-01,7.513901172413540515e-16,2.228264722410421613e-03,-1.128907366103797279e-02,7.476117462688271240e-12,1.351733838341976669e-02,-1.717938645396423596e-11,-3.088270104937937916e-15,-1.114478766009719020e-02,5.770218701398206751e-02,-3.776742034509861362e-11,-6.884697467985977093e-02,8.772255181347015956e-11
2.817773056576003299e+00,-3.805063769848009980e-01,-9.024500760154114537e-03,-4.599420164900099861e-01,1.144861278956758601e-09,-1.119878812325406869e+00,3.805063762959089435e-01,7.458885691118418579e-16,2.210672768627539985e-03,-1.119801227326532207e-02,7.416508284791527635e-12,1.340868504185511144e-02,-1.704094029261011387e-11,-3.867812674293275630e-15,-1.111846667889630075e-02,5.753935592832052498e-02,-3.767017049823581349e-11,-6.865782261297828648e-02,8.748608921619384815e-11
2.819353411627363748e+00,-3.805063769848009980e-01,-9.021020985556701607e-03,-4.599596415404063054e-01,1.144872952672740197e-09,-1.119857707500413246e+00,3.805063762958821871e-01,7.391848678213832384e-16,2.193122594684408528e-03,-1.110720887985301893e-02,7.357053330432767510e-12,1.330033147449058775e-02,-1.690286920911130053e-11,-4.609796458635972651e-15,-1.109191366240991176e-02,5.737568502781408702e-02,-3.757224445622160101e-11,-6.846759869596216741e-02,8.724787792988837694e-11
2.820933766678724641e+00,-3.805063769848009980e-01,-9.017568913210403242e-03,-4.599771232939368071e-01,1.144884532551352156e-09,-1.119836773674536490e+00,3.805063762958555973e-01,7.313376364207267554e-16,2.175614567307694504e-03,-1.101666480903319527e-02,7.297753668616133234e-12,1.319227937628500436e-02,-1.676517595973436438e-11,-5.315147127989947823e-15,-1.106512857507196447e-02,5.721117301353673829e-02,-3.747364174464262709e-11,-6.827630159431949397e-02,8.700792714571372373e-11
2.822514121730085090e+00,-3.805063769848009980e-01,-9.014144476218819563e-03,-4.599944621614743823e-01,1.144896018838856898e-09,-1.119816010370007220e+00,3.805063762958291740e-01,7.224040453831296511e-16,2.158149053278136508e-03,-1.092638139109244379e-02,7.238610369091949520e-12,1.308453044430569340e-02,-1.662786328634595508e-11,-5.984777316106968162e-15,-1.103811138398370396e-02,5.704581858415826157e-02,-3.737436189344618680e-11,-6.808392997382137213e-02,8.676624589590281512e-11
2.824094476781445984e+00,-3.805063769848009980e-01,-9.010747607105894577e-03,-4.600116585559957394e-01,1.144907411783208637e-09,-1.119795417106373092e+00,3.805063762958030282e-01,7.124398331527484058e-16,2.140726419426104872e-03,-1.083635995837448247e-02,7.179624502349076849e-12,1.297708637772675491e-02,-1.649093391666160718e-11,-6.619586688308803460e-15,-1.101086205889401440e-02,5.687962043595766459e-02,-3.727440443690722262e-11,-6.789048250049585509e-02,8.652284305458800922e-11
2.825674831832806433e+00,-3.805063769848009980e-01,-9.007378237815819033e-03,-4.600287128925846791e-01,1.144918711634052963e-09,-1.119774993400494356e+00,3.805063762957769935e-01,7.014993265853888315e-16,2.123347032628134391e-03,-1.074660184528746475e-02,7.120797139610453261e-12,1.286994887783287321e-02,-1.635439056450030172e-11,-7.220462010242918890e-15,-1.098338057218135530e-02,5.671257726284656409e-02,-3.717376891360131830e-11,-6.769595784063313360e-02,8.627772733865362154e-11
2.827255186884167326e+00,-3.805063769848009980e-01,-9.004036299713077257e-03,-4.600456255884349255e-01,1.144929918642729533e-09,-1.119754738766541191e+00,3.805063762957512918e-01,6.896354612796984725e-16,2.106011259802128676e-03,-1.065710838830444609e-02,7.062129352824153694e-12,1.276311964801502691e-02,-1.621823593002738913e-11,-7.788277217470645422e-15,-1.095566689883344796e-02,5.654468775638118311e-02,-3.707245486637018341e-11,-6.750035466077733415e-02,8.603090730858127776e-11
2.828835541935527775e+00,-3.805063769848010535e-01,-9.000721723582070719e-03,-4.600623970628550663e-01,1.144941033062272275e-09,-1.119734652715990375e+00,3.805063762957258122e-01,6.768998017971131504e-16,2.088719467903255803e-03,-1.056788092596694720e-02,7.003622214656606132e-12,1.265660039376989739e-02,-1.608247270000079505e-11,-8.323893485984720688e-15,-1.092772101642799920e-02,5.637595060578047546e-02,-3.697046184229061472e-11,-6.730367162772517287e-02,8.578239136931531267e-11
2.830415896986888225e+00,-3.805063769848010535e-01,-8.997434439627331401e-03,-4.600790277372700521e-01,1.144952055147411665e-09,-1.119714734757620844e+00,3.805063762957004991e-01,6.633425617709631299e-16,2.071472023920485368e-03,-1.047892079889188414e-02,6.945276798488055848e-12,1.255039282270338681e-02,-1.594710354802112932e-11,-8.828159303451599744e-15,-1.089954290511358122e-02,5.620636449794852441e-02,-3.686778939264535100e-11,-6.710590740852952207e-02,8.553218777114345903e-11
2.831996252038248674e+00,-3.805063769848010535e-01,-8.994174377473403842e-03,-4.600955180352251928e-01,1.144962985154573901e-09,-1.119694984397511917e+00,3.805063762956754081e-01,6.490126239013321078e-16,2.054269294871907334e-03,-1.039022934977198477e-02,6.887094178403797609e-12,1.244449864452630908e-02,-1.581213113477045690e-11,-9.301910541340065255e-15,-1.087113254758863626e-02,5.603592811748640129e-02,-3.676443707288705834e-11,-6.690706067048994565e-02,8.528030461057209511e-11
2.833576607089609123e+00,-3.805063769848010535e-01,-8.990941466164801762e-03,-4.601118683823893774e-01,1.144973823341884415e-09,-1.119675401139039295e+00,3.805063762956504836e-01,6.339575598357220795e-16,2.037111647800939930e-03,-1.030180792338050884e-02,6.829075429188351486e-12,1.233891957105535259e-02,-1.567755810825632578e-11,-9.745970527850373738e-15,-1.084248992908170769e-02,5.586464014671244094e-02,-3.666040444260721395e-11,-6.670713008115347620e-02,8.502674983122376152e-11
2.835156962140970016e+00,-3.805063769848009980e-01,-8.987735634165962967e-03,-4.601280792065582936e-01,1.144984569969166428e-09,-1.119655984482871736e+00,3.805063762956258366e-01,6.182236499336900770e-16,2.019999449772519762e-03,-1.021365786657572709e-02,6.771221626319523147e-12,1.223365731621372382e-02,-1.554338710405396615e-11,-1.016115012164936836e-14,-1.081361503733162949e-02,5.569249926568378001e-02,-3.655569106550522261e-11,-6.650611430831619708e-02,8.477153122474605179e-11
2.836737317192330465e+00,-3.805063769848009980e-01,-8.984556809361141788e-03,-4.601441509376580918e-01,1.144995225297944877e-09,-1.119636733926967276e+00,3.805063762956013562e-01,6.018559029140328869e-16,2.002933067868815746e-03,-1.012578052830273752e-02,6.713533845960813830e-12,1.212871359602870312e-02,-1.540962074554313547e-11,-1.054824778639429171e-14,-1.078450786256601041e-02,5.551950415220938129e-02,-3.645029650935188498e-11,-6.630401202001480476e-02,8.451465643171720704e-11
2.838317672243691359e+00,-3.805063769848009980e-01,-8.981404919054627664e-03,-4.601600840077478827e-01,1.145005789591443937e-09,-1.119617648966571455e+00,3.805063762955771534e-01,5.848980753847929882e-16,1.985912869185493812e-03,-1.003817725959804674e-02,6.656013164955644619e-12,1.202409012863246175e-02,-1.527626164414768739e-11,-1.090804966598923107e-14,-1.075516839748093603e-02,5.534565348187216183e-02,-3.634422034595776444e-11,-6.610082188452844065e-02,8.425613294257390250e-11
2.839898027295051808e+00,-3.805063769848009980e-01,-8.978279889970335742e-03,-4.601758788510241782e-01,1.145016263114592186e-09,-1.119598729094211098e+00,3.805063762955530615e-01,5.673926912515294480e-16,1.968939220828054473e-03,-9.950849413594021337e-03,6.598660660821698656e-12,1.191978863426286853e-02,-1.514331239957357365e-11,-1.124132966070194584e-14,-1.072559663722018677e-02,5.517094592804817205e-02,-3.623746215113978965e-11,-6.589654257037699803e-02,8.399596809854523781e-11
2.841478382346412701e+00,-3.805063769848009980e-01,-8.975181648252320357e-03,-4.601915359038223907e-01,1.145026646134020128e-09,-1.119579973799694983e+00,3.805063762955292472e-01,5.493810610078480728e-16,1.952012489907497964e-03,-9.863798345520122940e-03,6.541477411743056465e-12,1.181581083526039681e-02,-1.501077560004050304e-11,-1.154884950388927595e-14,-1.069579257935320341e-02,5.499538016192215967e-02,-3.613002150468452901e-11,-6.569117274631484926e-02,8.373416909258798100e-11
2.843058737397773150e+00,-3.805063769848009980e-01,-8.972110119464086347e-03,-4.602070556046232719e-01,1.145036938918063500e-09,-1.119561382570106067e+00,3.805063762955055995e-01,5.309033008995899638e-16,1.935133043536836368e-03,-9.777025412707742932e-03,6.484464496564967909e-12,1.171215845606944812e-02,-1.487865382251760069e-11,-1.183135883964421431e-14,-1.066575622385481335e-02,5.481895485251124522e-02,-3.602189799031702282e-11,-6.548471108133399610e-02,8.347074297034545178e-11
2.844639092449134044e+00,-3.805063769848009980e-01,-8.969065228589277738e-03,-4.602224383940527463e-01,1.145047141736763271e-09,-1.119542954889802155e+00,3.805063762954822293e-01,5.119983519713047685e-16,1.918301248827257270e-03,-9.690531974593647596e-03,6.427622994787570792e-12,1.160883322323797914e-02,-1.474694963295553563e-11,-1.208959530096515152e-14,-1.063548757308244858e-02,5.464166866668011824e-02,-3.591309119566248730e-11,-6.527715624465668665e-02,8.320569663109952890e-11
2.846219447500494493e+00,-3.805063769848009980e-01,-8.966046900031290900e-03,-4.602376847148870187e-01,1.145057254861866470e-09,-1.119524690240410125e+00,3.805063762954590811e-01,4.927039989841045010e-16,1.901517472884489950e-03,-9.604319392723766752e-03,6.370953986560089281e-12,1.150583686541765613e-02,-1.461566558651766278e-11,-1.232428458879820347e-14,-1.060498663175528031e-02,5.446352026916451150e-02,-3.580360071221409988e-11,-6.506850690573794116e-02,8.293903682874570217e-11
2.847799802551855386e+00,-3.805063769848009980e-01,-8.963055057613330059e-03,-4.602527950120560707e-01,1.145067278566828668e-09,-1.119506588100823263e+00,3.805063762954360440e-01,4.730568892096796107e-16,1.884782082804611252e-03,-9.518389030754132243e-03,6.314458552673143713e-12,1.140317111336059189e-02,-1.448480422780534735e-11,-1.253614055170935126e-14,-1.057425340693157745e-02,5.428450832258756992e-02,-3.569342613529522672e-11,-6.485876173425926539e-02,8.267077017276481586e-11
2.849380157603215835e+00,-3.805063769848009980e-01,-8.960089624578483625e-03,-4.602677697326464923e-01,1.145077213126812736e-09,-1.119488647947198601e+00,3.805063762954132844e-01,4.530925510982849558e-16,1.868095445671062510e-03,-9.432742254457764791e-03,6.258137774555067058e-12,1.130083769992324544e-02,-1.435436809109082099e-11,-1.272586526625594417e-14,-1.054328790798686293e-02,5.410463148748257539e-02,-3.558256706402513994e-11,-6.464791940012956650e-02,8.240090312921258346e-11
2.850960512654576284e+00,-3.805063769848009980e-01,-8.957150523589703373e-03,-4.602826093259050344e-01,1.145087058818692775e-09,-1.119470869252951584e+00,3.805063762953906359e-01,4.328454128183872792e-16,1.851457928550390370e-03,-9.347380431724809299e-03,6.201992734263873025e-12,1.119883836006231766e-02,-1.422435970053829749e-11,-1.289414911803168007e-14,-1.051209014659103616e-02,5.392388842231009977e-02,-3.547102310128110953e-11,-6.443597857347944935e-02,8.212944202170899915e-11
2.852540867705936734e+00,-3.805063769848009425e-01,-8.954237676729863427e-03,-4.602973142432421616e-01,1.145096815921051843e-09,-1.119453251488754963e+00,3.805063762953682649e-01,4.123488206683084641e-16,1.834869898489059886e-03,-9.262304932567952398e-03,6.146024514482751805e-12,1.109717483083695957e-02,-1.409478157043153797e-11,-1.304167088337566460e-14,-1.048066013668620851e-02,5.374227778348124318e-02,-3.535879385366357772e-11,-6.422293792466217399e-02,8.185639303244452541e-11
2.854121222757297627e+00,-3.805063769848009980e-01,-8.951351005501919852e-03,-4.603118849382339950e-01,1.145106484714184433e-09,-1.119435794122535244e+00,3.805063762953461159e-01,3.916350573586515009e-16,1.818331722509673254e-03,-9.177517129124644624e-03,6.090234198513547141e-12,1.099584885140723195e-02,-1.396563620539505702e-11,-1.316909781171461023e-14,-1.044899789446358286e-02,5.355979822537688950e-02,-3.524587893145852873e-11,-6.400879612424997811e-02,8.158176220318794800e-11
2.855701577808658076e+00,-3.805063769848009980e-01,-8.948490430828705960e-03,-4.603263218666278078e-01,1.145116065480098955e-09,-1.119418496619468684e+00,3.805063762953241335e-01,3.707353601620606089e-16,1.801843767607536366e-03,-9.093018395660705175e-03,6.034622870271262521e-12,1.089486216303425271e-02,-1.383692610061584108e-11,-1.327708570858541516e-14,-1.041710343834032805e-02,5.337644840036740584e-02,-3.513227794859975513e-11,-6.379355184303044102e-02,8.130555543630283877e-11
2.857281932860018969e+00,-3.805063769848009980e-01,-8.945655873053078022e-03,-4.603406254863442459e-01,1.145125558502516293e-09,-1.119401358441977079e+00,3.805063762953023732e-01,3.496799389331363818e-16,1.785406400746985525e-03,-9.008810108572642972e-03,5.979191614277759582e-12,1.079421650907887859e-02,-1.370865374206159966e-11,-1.336627901923714953e-14,-1.038497678893661978e-02,5.319222695883510377e-02,-3.501799052263241664e-11,-6.357720375200620611e-02,8.102777849577528876e-11
2.858862287911379418e+00,-3.805063769848010535e-01,-8.942847251938130376e-03,-4.603547962574802144e-01,1.145134964066871039e-09,-1.119384379049726652e+00,3.805063762952808348e-01,3.284979939963521194e-16,1.769019988858219847e-03,-8.924893646392345614e-03,5.923941515657092291e-12,1.069391363500319346e-02,-1.358082160670099580e-11,-1.343731091284384402e-14,-1.035261796905196860e-02,5.300713254919489636e-02,-3.490301627467468610e-11,-6.335975052239173344e-02,8.074843700824591945e-11
2.860442642962740312e+00,-3.805063769848010535e-01,-8.940064486666798177e-03,-4.603688346423143729e-01,1.145144282460315429e-09,-1.119367557899621390e+00,3.805063762952594075e-01,3.072177338962688677e-16,1.752684898833432609e-03,-8.841270389787736841e-03,5.868873660128345054e-12,1.059395528836731999e-02,-1.345343216271617323e-11,-1.349080336736844366e-14,-1.032002700364156172e-02,5.282116381791391452e-02,-3.478735482937911754e-11,-6.314119082560946949e-02,8.046753646404826585e-11
2.862022998014100761e+00,-3.805063769848009980e-01,-8.937307495863697562e-03,-4.603827411053278973e-01,1.145153513971683560e-09,-1.119350894445805267e+00,3.805063762952383133e-01,2.859036000256352322e-16,1.736401349018776817e-03,-8.757941868910932778e-03,5.813988907502355409e-12,1.049434321766955745e-02,-1.332648964494800440e-11,-1.335280117909841890e-14,-1.028790066942245757e-02,5.263362811688070825e-02,-3.467206849512452320e-11,-6.292152879012591349e-02,8.017675329608429290e-11
2.863603353065461654e+00,-3.805063769848009980e-01,-8.934576199669457680e-03,-4.603965161152703822e-01,1.145162658888330741e-09,-1.119334388139668901e+00,3.805063762952173301e-01,2.652824667922966540e-16,1.720166909913182964e-03,-8.674912243122143846e-03,5.759284079754720597e-12,1.039507915276960577e-02,-1.320002993162606952e-11,-1.274741001982276365e-14,-1.025734257322905019e-02,5.244342915436375763e-02,-3.455884007648023792e-11,-6.270077173082377886e-02,7.986290059439083339e-11
2.865183708116822103e+00,-3.805063769848009980e-01,-8.931870521336959454e-03,-4.604101601467429639e-01,1.145171717493699713e-09,-1.119318038429864215e+00,3.805063762951965689e-01,2.456021928153921976e-16,1.703981060125383433e-03,-8.592183780714950786e-03,5.704758909756047025e-12,1.029616484056995740e-02,-1.307406608277981017e-11,-1.216202648460789272e-14,-1.022640973956360534e-02,5.225249336018067403e-02,-3.444470574096805056e-11,-6.247890310241092926e-02,7.954921008584163304e-11
2.866764063168182997e+00,-3.805063769848009980e-01,-8.929190383611451676e-03,-4.604236736766143534e-01,1.145180690072843119e-09,-1.119301844762268017e+00,3.805063762951760298e-01,2.268315417343607915e-16,1.687844388490791596e-03,-8.509757650550103109e-03,5.650414824342868729e-12,1.019760203876673120e-02,-1.294859787827804120e-11,-1.159616745452483487e-14,-1.019510643732245321e-02,5.206081517084372445e-02,-3.432967158705242984e-11,-6.225592161029522287e-02,7.923563609436299716e-11
2.868344418219543446e+00,-3.805063769848009980e-01,-8.926535708313315318e-03,-4.604370571836052251e-01,1.145189576913059192e-09,-1.119285806579979337e+00,3.805063762951556572e-01,2.089400344625097629e-16,1.671757477155891031e-03,-8.427635030224950308e-03,5.596253240801842028e-12,1.009939250710372230e-02,-1.282362516957622559e-11,-1.104935768198482430e-14,-1.016343686307761944e-02,5.186838909480328413e-02,-3.421374360312517886e-11,-6.203182595949831984e-02,7.892213370175884245e-11
2.869924773270903895e+00,-3.805063769848009980e-01,-8.923906416347847370e-03,-4.604503111483054800e-01,1.145198378303879757e-09,-1.119269923323314098e+00,3.805063762951354511e-01,1.918979367931929044e-16,1.655720901691754747e-03,-8.345817105958349899e-03,5.542275567041858863e-12,1.000153800737081308e-02,-1.269914787852074610e-11,-1.052112972751550534e-14,-1.013140514165665647e-02,5.167520971187093692e-02,-3.409692766838792699e-11,-6.180661485465858279e-02,7.860865874156916526e-11
2.871505128322264344e+00,-3.805063769848009980e-01,-8.921302427715951944e-03,-4.604634360531860149e-01,1.145207094537053897e-09,-1.119254194429802007e+00,3.805063762951155226e-01,1.756762471125309857e-16,1.639735231206943152e-03,-8.264305072478354483e-03,5.488483201765856412e-12,9.904040303404594223e-03,-1.257516599616578172e-11,-1.001102389633163587e-14,-1.009901532672418528e-02,5.148127167264003601e-02,-3.397922955373679301e-11,-6.158028700003333189e-02,7.829516779290388837e-11
2.873085483373625237e+00,-3.805063769848009980e-01,-8.918723661524205135e-03,-4.604764323826124883e-01,1.145215725906534099e-09,-1.119238619334184337e+00,3.805063762950957051e-01,1.602466842101612484e-16,1.623801028459873584e-03,-8.183100132912663957e-03,5.434877534642513615e-12,9.806901161091122893e-03,-1.245167958160275666e-11,-9.518588174513786621e-15,-1.006627140136696213e-02,5.128656969790235109e-02,-3.386065492265246378e-11,-6.135284109950030901e-02,7.798161817423838601e-11
2.874665838424985687e+00,-3.805063769848009980e-01,-8.916170035994829685e-03,-4.604893006228579777e-01,1.145224272708461776e-09,-1.119223197468409703e+00,3.805063762950761652e-01,1.455816751914672013e-16,1.607918849969472257e-03,-8.102203498676010737e-03,5.381459946473879646e-12,9.710122348364031916e-03,-1.232868876079355198e-11,-9.043378164859011792e-15,-1.003317727868206430e-02,5.109109857806232169e-02,-3.374120933209509383e-11,-6.112427585656033530e-02,7.766796793717800250e-11
2.876246193476346580e+00,-3.805063769848009980e-01,-8.913641468475131877e-03,-4.605020412621178560e-01,1.145232735241154238e-09,-1.119207928261630514e+00,3.805063762950567363e-01,1.316543434896906296e-16,1.592089246125473825e-03,-8.021616389361307595e-03,5.328231809363508067e-12,9.613705635205936628e-03,-1.220619372541792962e-11,-8.584957022376082492e-15,-9.999736802368286784e-03,5.089485317254773683e-02,-3.362089823340414214e-11,-6.089458997433937204e-02,7.735417586018799738e-11
2.877826548527707029e+00,-3.805063769848009980e-01,-8.911137875447731199e-03,-4.605146547905197840e-01,1.145241113805090012e-09,-1.119192811140201638e+00,3.805063762950375850e-01,1.184384969850143024e-16,1.576312761297817607e-03,-7.941340032632209292e-03,5.275194486883357480e-12,9.517652793650388174e-03,-1.208419473173153679e-11,-8.142895389586445870e-15,-9.965953747319226952e-03,5.069782840921869399e-02,-3.349972697320056768e-11,-6.066378215559039416e-02,7.704020144230054921e-11
2.879406903579067922e+00,-3.805063769848009980e-01,-8.908659172539371007e-03,-4.605271417001389200e-01,1.145249408702895402e-09,-1.119177845527674853e+00,3.805063762950186002e-01,1.059086162200120758e-16,1.560589933944525479e-03,-7.861375664113271627e-03,5.222349334237213012e-12,9.421965597779934087e-03,-1.196269209942892528e-11,-7.716771331375888512e-15,-9.931831820220640011e-03,5.050001928377261667e-02,-3.337770079429577814e-11,-6.043185110269594373e-02,7.672600489678273960e-11
2.880987258630428371e+00,-3.805063769848009980e-01,-8.906205274530626034e-03,-4.605395024850084118e-01,1.145257620239332695e-09,-1.119163030844796847e+00,3.805063762949997819e-01,9.403984272341873214e-17,1.544921296719558310e-03,-7.781724527286057978e-03,5.169697698425858290e-12,9.326645823730068258e-03,-1.184168621052410951e-11,-7.306170269690683799e-15,-9.897374660149208317e-03,5.030142085914844630e-02,-3.325482483660282107e-11,-6.019879551767098880e-02,7.641154714478518912e-11
2.882567613681789265e+00,-3.805063769848009980e-01,-8.903776095364697440e-03,-4.605517376411336072e-01,1.145265748721285899e-09,-1.119148366509506332e+00,3.805063762949811856e-01,8.280796743385684039e-17,1.529307376578641249e-03,-7.702387873380527397e-03,5.117240918407118731e-12,9.231695249686438023e-03,-1.172117750823261896e-11,-6.910684917863335147e-15,-9.862585839174355107e-03,5.010202826492539396e-02,-3.313110413805149766e-11,-5.996461410216351318e-02,7.609678980895450398e-11
2.884147968733149714e+00,-3.805063769848009980e-01,-8.901371548156447253e-03,-4.605638476665027126e-01,1.145273794457749986e-09,-1.119133851936929380e+00,3.805063762949627559e-01,7.218941922936495094e-17,1.513748694884872606e-03,-7.623366961271168044e-03,5.064980325256950933e-12,9.137115655886601448e-03,-1.160116649586943517e-11,-6.529915214722667554e-15,-9.827468862962478180e-03,4.990183669672208777e-02,-3.300654363550805832e-11,-5.972930555745792347e-02,7.578169520702563768e-11
2.885728323784510163e+00,-3.805063769848009980e-01,-8.898991545201189943e-03,-4.605758330610996709e-01,1.145281757759815591e-09,-1.119119486539377650e+00,3.805063762949444373e-01,6.216125356100182440e-17,1.498245767513379937e-03,-7.544663057374113337e-03,5.012917242329088525e-12,9.042908824621788064e-03,-1.148165373575711004e-11,-6.163468258441996027e-15,-9.792027171383164627e-03,4.970084141559143187e-02,-3.288114816569710845e-11,-5.949286858447610377e-02,7.546622634538566337e-11
2.887308678835870612e+00,-3.805063769848009980e-01,-8.896635997983130123e-03,-4.605876943269159862e-01,1.145289638940660531e-09,-1.119105269726343499e+00,3.805063762949263961e-01,5.270114119030482707e-17,1.482799104954463879e-03,-7.466277435542358586e-03,4.961052985411355077e-12,8.949076540235271701e-03,-1.136263984813974073e-11,-5.810958240115341308e-15,-9.756264139118295611e-03,4.949903774741485490e-02,-3.275492246612868398e-11,-5.925530188378078100e-02,7.515034691261413941e-11
2.888889033887231506e+00,-3.805063769848009980e-01,-8.894304817184159329e-03,-4.605994319679609927e-01,1.145297438315534711e-09,-1.119091200904499983e+00,3.805063762949085215e-01,4.378735703403674376e-17,1.467409212416653091e-03,-7.388211376966500113e-03,4.909388862883489995e-12,8.855620589126140044e-03,-1.124412551011407296e-11,-5.472006377162143306e-15,-9.720183076272414027e-03,4.929642108229374819e-02,-3.262787117602676809e-11,-5.901660415557727357e-02,7.483402127300202012e-11
2.890469388938591955e+00,-3.805063769848009980e-01,-8.891997912691552985e-03,-4.606110464902758439e-01,1.145305156201750818e-09,-1.119077279477693088e+00,3.805063762948909245e-01,3.539876911075354857e-17,1.452076589927625474e-03,-7.310466170070299696e-03,4.857926175869514543e-12,8.762542759745811302e-03,-1.112611145456162538e-11,-5.146240846403535431e-15,-9.683787228986155682e-03,4.909298687393786470e-02,-3.249999883726241558e-11,-5.877677409971539951e-02,7.451721446004164088e-11
2.892049743989952848e+00,-3.805063769848009980e-01,-8.889715193606590252e-03,-4.606225384019427271e-01,1.145312792918672327e-09,-1.119063504846941504e+00,3.805063762948734385e-01,2.751482759733469577e-17,1.436801732435376375e-03,-7.233043110413648474e-03,4.806666218392795092e-12,8.669844842602145510e-03,-1.100859846910077294e-11,-4.833296717043639299e-15,-9.647079780050603348e-03,4.888873063905375266e-02,-3.237130989528863496e-11,-5.853581041569223820e-02,7.419989216990367526e-11
2.893630099041313297e+00,-3.805063769848009980e-01,-8.887456568252301292e-03,-4.606339082130967433e-01,1.145320348787700678e-09,-1.119049876410433519e+00,3.805063762948561190e-01,2.011555398894878787e-17,1.421585129907462124e-03,-7.155943500591492416e-03,4.755610277526366228e-12,8.577528630257616124e-03,-1.089158739504163157e-11,-4.532815883370307357e-15,-9.610063849523816162e-03,4.868364795672815853e-02,-3.224180870007768104e-11,-5.829371180265200542e-02,7.388202075488542511e-11
2.895210454092674190e+00,-3.805063769848009980e-01,-8.885221944181162512e-03,-4.606451564359376749e-01,1.145327824132268454e-09,-1.119036393563521692e+00,3.805063762948389661e-01,1.318153036598552227e-17,1.406427267429879481e-03,-7.079168650136870820e-03,4.704759633543840327e-12,8.485595917331240773e-03,-1.077507912635607786e-11,-4.244446997280451255e-15,-9.572742495349943759e-03,4.847773446781517004e-02,-3.211149950706423467e-11,-5.805047695939245800e-02,7.356356721684848661e-11
2.896790809144034640e+00,-3.805063769848009980e-01,-8.883011228182925365e-03,-4.606562835847397563e-01,1.145335219277823869e-09,-1.119023055698721736e+00,3.805063762948219797e-01,6.693888768707186916e-18,1.391328625304704119e-03,-7.002719875423658175e-03,4.654115560067963213e-12,8.394048500498943813e-03,-1.065907460865616962e-11,-3.967845400650661167e-15,-9.535118713978574592e-03,4.827098587431605942e-02,-3.198038647808666969e-11,-5.780610458436385990e-02,7.324449920063070897e-11
2.898371164195395533e+00,-3.805063769848009980e-01,-8.880824326291942086e-03,-4.606672901758631089e-01,1.145342534551824154e-09,-1.119009862205707861e+00,3.805063762948052708e-01,6.343006777289618083e-19,1.376289679146647281e-03,-6.926598499569708474e-03,4.603679324217319971e-12,8.302888178493263160e-03,-1.054357483818217767e-11,-3.702673057502871962e-15,-9.497195440986299503e-03,4.806339793875888389e-02,-3.184847368233250094e-11,-5.756059337567036999e-02,7.292478498744135120e-11
2.899951519246755982e+00,-3.805063769848009980e-01,-8.878661143794619806e-03,-4.606781767277640660e-01,1.145349770283723559e-09,-1.118996812471310109e+00,3.805063762947887285e-01,-5.015033397196507053e-18,1.361310899978871933e-03,-6.850805852342246004e-03,4.553452186752373524e-12,8.212116752104569803e-03,-1.042858086080294776e-11,-3.448598486041732976e-15,-9.458975551700108883e-03,4.785496648358045918e-02,-3.171576509728769039e-11,-5.731394203107528090e-02,7.260439348824693296e-11
2.901531874298116875e+00,-3.805063769848009980e-01,-8.876521585236572809e-03,-4.606889437610053872e-01,1.145356926804963636e-09,-1.118983905879511020e+00,3.805063762947723527e-01,-1.027139422148403337e-17,1.346392754327690447e-03,-6.775343270063556231e-03,4.503435402219552386e-12,8.121736024181439029e-03,-1.031409377102571531e-11,-3.205296690524631594e-15,-9.420461861821239138e-03,4.764568739050143581e-02,-3.158226460968478348e-11,-5.706614924799997129e-02,7.228329423713236051e-11
2.903112229349477325e+00,-3.805063769848009980e-01,-8.874405554429457346e-03,-4.606995917982676381e-01,1.145364004448964761e-09,-1.118971141811441861e+00,3.805063762947561434e-01,-1.515155403248592654e-17,1.331535704316388425e-03,-6.700212095518196312e-03,4.453630219094200235e-12,8.031747799631692997e-03,-1.020011471101725991e-11,-2.972449092986586937e-15,-9.381657128051477251e-03,4.743555659990568441e-02,-3.144797601645682934e-11,-5.681721372352962346e-02,7.196145738465612025e-11
2.904692584400837774e+00,-3.805063769848009980e-01,-8.872312954458243597e-03,-4.607101213643575166e-01,1.145371003551114343e-09,-1.118958519645381067e+00,3.805063762947400452e-01,-1.967178662688576058e-17,1.316740207757903817e-03,-6.625413677860514383e-03,4.404037879921542354e-12,7.942153885422596760e-03,-1.008664486963445288e-11,-2.749743464882852731e-15,-9.342564048718837375e-03,4.722457011021242990e-02,-3.131290302568792763e-11,-5.656713415441098902e-02,7.163885369118476686e-11
2.906272939452198223e+00,-3.805063769848009980e-01,-8.870243687687658432e-03,-4.607205329862192889e-01,1.145377924448759384e-09,-1.118946038756749140e+00,3.805063762947242245e-01,-2.384787734170198023e-17,1.302006718246392783e-03,-6.550949372522418650e-03,4.354659621455693978e-12,7.852956090580200804e-03,-9.973685481464340048e-12,-2.536873858558841685e-15,-9.303185264406120536e-03,4.701272397725297925e-02,-3.117704925757045743e-11,-5.631590923705773188e-02,7.131545452022136266e-11
2.907853294503559116e+00,-3.805063769848009980e-01,-8.868197655768865831e-03,-4.607308271929441701e-01,1.145384767481196756e-09,-1.118933698518105757e+00,3.805063762947085704e-01,-2.769513292585247131e-17,1.287335685248411311e-03,-6.476820541125279454e-03,4.305496674799213094e-12,7.764156226192408909e-03,-9.861237825879469142e-12,-2.333540538653060188e-15,-9.263523358579292197e-03,4.680001431364337605e-02,-3.104041824536069061e-11,-5.606353766755136497e-02,7.099123183171924755e-11
2.909433649554919565e+00,-3.805063769848009980e-01,-8.866174759645869749e-03,-4.607410045157800393e-01,1.145391532989665346e-09,-1.118921498299147110e+00,3.805063762946930273e-01,-3.122839130363782477e-17,1.272727554192204904e-03,-6.403028551388268222e-03,4.256550265538138487e-12,7.675756105406622391e-03,-9.749303226096934704e-12,-2.139449913388109174e-15,-9.223580858216983910e-03,4.658643728815640983e-02,-3.090301343633634386e-11,-5.581001814164288782e-02,7.066615817538576628e-11
2.911014004606280459e+00,-3.805063769848009980e-01,-8.864174899561863205e-03,-4.607510654881413203e-01,1.145398221317335300e-09,-1.118909437466702128e+00,3.805063762946777062e-01,-3.446203122935652181e-17,1.258182766556790316e-03,-6.329574777041665525e-03,4.207821613878138496e-12,7.587757543432120146e-03,-9.637883048254010214e-12,-1.954314465790279261e-15,-9.183360234440768669e-03,4.637198912509366000e-02,-3.076483819275545544e-11,-5.555534935475498620e-02,7.034020668397815064e-11
2.912594359657640908e+00,-3.805063769848009980e-01,-8.862197975065558286e-03,-4.607610106456173082e-01,1.145404832809302233e-09,-1.118897515384730035e+00,3.805063762946626627e-01,-3.740998183298256637e-17,1.243701759959866789e-03,-6.256460597740317459e-03,4.159311934778580513e-12,7.500162357541432546e-03,-9.526978700493069842e-12,-1.777852684843453903e-15,-9.142863903146263710e-03,4.615666610365854600e-02,-3.062589579281712968e-11,-5.529953000198629953e-02,7.001335106659392138e-11
2.914174714709001801e+00,-3.805063769848009980e-01,-8.860243885016895124e-03,-4.607708405259831053e-01,1.145411367812576891e-09,-1.118885731414316131e+00,3.805063762946476191e-01,-4.008573205781243777e-17,1.229284968244068231e-03,-6.183687398974666884e-03,4.111022438082840203e-12,7.412972367067623136e-03,-9.416591632052051668e-12,-1.609788996547444202e-15,-9.102094225633962712e-03,4.594046455732229278e-02,-3.048618943161964477e-11,-5.504255877810812492e-02,6.968556560194351879e-11
2.915755069760362250e+00,-3.805063769848009980e-01,-8.858312527593238325e-03,-4.607805556692073923e-01,1.145417826676078325e-09,-1.118874084913668243e+00,3.805063762946328532e-01,-4.250233998808385973e-17,1.214932821563298026e-03,-6.111256571988329771e-03,4.062954328650742491e-12,7.326189393408196956e-03,-9.306723332373821651e-12,-1.449853694970926341e-15,-9.061053509241762810e-03,4.572338087319881977e-02,-3.034572222212434430e-11,-5.478443437757189033e-02,6.935682513163216153e-11
2.917335424811723144e+00,-3.805063769848009980e-01,-8.856403800294877782e-03,-4.607901566174625319e-01,1.145424209750626240e-09,-1.118862575238114720e+00,3.805063762946181982e-01,-4.467244206846902276e-17,1.200645746467066512e-03,-6.039169513691550716e-03,4.015108806486104894e-12,7.239815260022889644e-03,-9.197375330218532903e-12,-1.297782873225811033e-15,-9.019744007977096092e-03,4.550541149141300312e-02,-3.020449719611676950e-11,-5.452515549450946686e-02,6.902710505342635079e-11
2.918915779863083593e+00,-3.805063769848009980e-01,-8.854517599950907647e-03,-4.607996439151325063e-01,1.145430517388932105e-09,-1.118851201740101109e+00,3.805063762946037098e-01,-4.660826221371603512e-17,1.186424165984632231e-03,-5.967427626579760273e-03,3.967487066865487699e-12,7.153851792436382272e-03,-9.088549192792759596e-12,-1.153318354447413067e-15,-8.978167923148693344e-03,4.528655290446789022e-02,-3.006251730516685433e-11,-5.426472082273223890e-02,6.869638131451585097e-11
2.920496134914444042e+00,-3.805063769848009980e-01,-8.852653822724590102e-03,-4.608090181088221327e-01,1.145436749945593565e-09,-1.118839963769185264e+00,3.805063762945894990e-01,-4.832162080976353724e-17,1.172268499707505157e-03,-5.896032318649893633e-03,3.920090300463259798e-12,7.068300818237107860e-03,-8.980246524884414679e-12,-1.016207622730265968e-15,-8.936327403999902094e-03,4.506680165661713922e-02,-2.991978542159350855e-11,-5.400312905573689815e-02,6.836463040478042651e-11
2.922076489965804491e+00,-3.805063769848009980e-01,-8.850812364118887388e-03,-4.608182797473649450e-01,1.145442907777085552e-09,-1.118828860672037129e+00,3.805063762945753991e-01,-4.982394360529731530e-17,1.158179163871622067e-03,-5.824985003321075591e-03,3.872919693477396374e-12,6.983164167080108467e-03,-8.872468968013400176e-12,-8.862037540782049861e-16,-8.894224548340963835e-03,4.484615434323337840e-02,-2.977630433942606657e-11,-5.374037888670585295e-02,6.803182935004874645e-11
2.923656845017165384e+00,-3.805063769848009980e-01,-8.848993118981147293e-03,-4.608274293818346856e-01,1.145448991241755531e-09,-1.118817891792429853e+00,3.805063762945614103e-01,-5.112627049498436863e-17,1.144156571437488813e-03,-5.754287099351073666e-03,3.825976427750298167e-12,6.898443670683653342e-03,-8.765218199585123541e-12,-7.630653473150217240e-16,-8.851861403181848081e-03,4.462460761017700978e-02,-2.963207677536693179e-11,-5.347646900850917817e-02,6.769795570535628082e-11
2.925237200068525834e+00,-3.805063769848009980e-01,-8.847195981509101831e-03,-4.608364675655486353e-01,1.145455000699814186e-09,-1.118807056471244010e+00,3.805063762945476435e-01,-5.223926419198520914e-17,1.130201132170570227e-03,-5.683940030760137666e-03,3.779261680892279681e-12,6.814141162833443899e-03,-8.658495932064034364e-12,-6.465564550919739297e-16,-8.809239965363910296e-03,4.440215815316513742e-02,-2.948710536975199149e-11,-5.321139811370498296e-02,6.736298754820521327e-11
2.926817555119886727e+00,-3.805063769848009980e-01,-8.845420845255006284e-03,-4.608453948540809364e-01,1.145460936513329847e-09,-1.118796354046457830e+00,3.805063762945340433e-01,-5.317321879326662595e-17,1.116313252719663409e-03,-5.613945226750572705e-03,3.732776626400105620e-12,6.730258479380571077e-03,-8.552303912150216153e-12,-5.364465148246641330e-16,-8.766362182192838706e-03,4.417880271714265394e-02,-2.934139268751421755e-11,-5.294516489454346303e-02,6.702690347182576253e-11
2.928397910171247176e+00,-3.805063769848009980e-01,-8.843667603131207672e-03,-4.608542118052663672e-01,1.145466799046223105e-09,-1.118785783853148530e+00,3.805063762945206651e-01,-5.393806823427312115e-17,1.102493336695151323e-03,-5.544304121631842518e-03,3.686522433776974084e-12,6.646797458244873766e-03,-8.446643919973179279e-12,-4.325102797504335976e-16,-8.723229952069977422e-03,4.395453809565238318e-02,-2.919494121914382935e-11,-5.267776804296848969e-02,6.668968257844021802e-11
2.929978265222608069e+00,-3.805063769848009980e-01,-8.841936147414374003e-03,-4.608629189792118330e-01,1.145472588664258546e-09,-1.118775345223486539e+00,3.805063762945073980e-01,-5.454339463578067046e-17,1.088741784745208543e-03,-5.475018154741302136e-03,3.640500268647447821e-12,6.563759939411868347e-03,-8.341517768288395563e-12,-3.345277499678035252e-16,-8.679845125123616598e-03,4.372936113020398780e-02,-2.904775338164819803e-11,-5.240920625061767230e-02,6.635130447252570889e-11
2.931558620273968518e+00,-3.805063769848009980e-01,-8.840226369750150276e-03,-4.608715169383029719e-01,1.145478305735042056e-09,-1.118765037486731062e+00,3.805063762944942418e-01,-5.499843654129782666e-17,1.075058994631952801e-03,-5.406088770370722808e-03,3.594711292874041053e-12,6.481147764935438378e-03,-8.236927301691664100e-12,-2.422841035658390069e-16,-8.636209503839925236e-03,4.350326870964627002e-02,-2.889983151951199967e-11,-5.213947820882566114e-02,6.601174925408651142e-11
2.933138975325329412e+00,-3.805063769848009980e-01,-8.838538161158156214e-03,-4.608800062472104275e-01,1.145483950628009662e-09,-1.118754859969231852e+00,3.805063762944813632e-01,-5.531209704544646170e-17,1.061445361306290929e-03,-5.337517417692260943e-03,3.549156664671249231e-12,6.398962778938638643e-03,-8.132874395841629345e-12,-1.555696278388924258e-16,-8.592324843692754691e-03,4.327625776953880621e-02,-2.875117790565514211e-11,-5.186858260862561160e-02,6.567099751192988490e-11
2.934719330376689861e+00,-3.805063769848009980e-01,-8.836871412035802661e-03,-4.608883874728998964e-01,1.145489523714427113e-09,-1.118744811994420107e+00,3.805063762944685402e-01,-5.549295181435774298e-17,1.047901276981499756e-03,-5.269305550684008979e-03,3.503837538717158239e-12,6.317206827612827785e-03,-8.029360956691021739e-12,-7.417965053450238793e-17,-8.548192853773140323e-03,4.304832529152385207e-02,-2.860179474239026528e-11,-5.159651814075047471e-02,6.532903031694632778e-11
2.936299685428050754e+00,-3.805063769848009980e-01,-8.835226012162753287e-03,-4.608966611846386230e-01,1.145495025367382023e-09,-1.118734892882808474e+00,3.805063762944559946e-01,-5.554925699698926163e-17,1.034427131205970657e-03,-5.201454628057367718e-03,3.458755066264071315e-12,6.235881759217793210e-03,-7.926388919729625896e-12,2.085528774484779967e-18,-8.503815197417640900e-03,4.281946830269959398e-02,-2.845168416237849671e-11,-5.132328349563471809e-02,6.498582921539891981e-11
2.937880040479411203e+00,-3.805063769848009980e-01,-8.833601850705185068e-03,-4.609048279540026161e-01,1.145500455961778082e-09,-1.118725101951986822e+00,3.805063762944435601e-01,-5.548895702818810995e-17,1.021023310935500247e-03,-5.133966113188120559e-03,3.413910395249432847e-12,6.154989424085106041e-03,-7.823960249241949006e-12,7.342070722158716166e-17,-8.459193492835947667e-03,4.258968387499509345e-02,-2.830084822958435724e-11,-5.104887736341680304e-02,6.464137622222147892e-11
2.939460395530771653e+00,-3.805063769848009980e-01,-8.831998816219792034e-03,-4.609128883548838096e-01,1.145505815874331125e-09,-1.118715438516620475e+00,3.805063762944312922e-01,-5.531969232354170535e-17,1.007690200603491822e-03,-5.066841474042963617e-03,3.369304670401567331e-12,6.074531674614858101e-03,-7.722076937567118758e-12,1.400158470727959893e-16,-8.414329313736991153e-03,4.235896912454384378e-02,-2.814928894022758091e-11,-5.077329843393887238e-02,6.429565381432290893e-11
2.941040750582132102e+00,-3.805063769848009980e-01,-8.830416796657542672e-03,-4.609208429634983339e-01,1.145511105483563549e-09,-1.118705901888443766e+00,3.805063762944190797e-01,-5.504880686628632380e-17,9.944281821912699919e-04,-5.000082183112539332e-03,3.324939033347594135e-12,5.994510365279015138e-03,-7.620741004377787022e-12,2.020561440357687360e-16,-8.369224189954867568e-03,4.212732121106287086e-02,-2.799700822373622419e-11,-5.049654539675181575e-02,6.394864492390778075e-11
2.942621105633492995e+00,-3.805063769848009980e-01,-8.828855679367728776e-03,-4.609286923583924556e-01,1.145516325169799559e-09,-1.118696491376259816e+00,3.805063762944071448e-01,-5.468335568617829103e-17,9.812376352965562851e-04,-4.933689717341222664e-03,3.280814622717001579e-12,5.914927352619663882e-03,-7.519954495963022421e-12,2.597220954210891444e-16,-8.323879608072003514e-03,4.189473733722645643e-02,-2.784400794369313178e-11,-5.021861694111204311e-02,6.360033293179887811e-11
2.944201460684853444e+00,-3.805063769848009980e-01,-8.827315351101540711e-03,-4.609364371204500710e-01,1.145521475315159582e-09,-1.118687206285935876e+00,3.805063762943953765e-01,-5.423011223091621116e-17,9.681189372016681767e-04,-4.867665558061411504e-03,3.236932574246091407e-12,5.835784495251515255e-03,-7.419719484527203675e-12,3.131895681734020852e-16,-8.278297012042554887e-03,4.166121474804827807e-02,-2.769028989878538815e-11,-4.993951175598716069e-02,6.325070166078240028e-11
2.945781815736214337e+00,-3.805063769848009980e-01,-8.825795698015776250e-03,-4.609440778328994792e-01,1.145526556303558612e-09,-1.118678045920400876e+00,3.805063762943836636e-01,-5.369557563008655439e-17,9.550724629402834991e-04,-4.802011190926543799e-03,3.193294020879408178e-12,5.757083653861681458e-03,-7.320038067495934287e-12,3.626298667411251886e-16,-8.232477803813562783e-03,4.142675073026159255e-02,-2.753585582374906762e-11,-4.965922853005719922e-02,6.289973536896143661e-11
2.947362170787574787e+00,-3.805063769848009980e-01,-8.824296605676228492e-03,-4.609516150813203206e-01,1.145531568520697321e-09,-1.118669009579640328e+00,3.805063762943722283e-01,-5.308597785201078277e-17,9.420985853631119776e-04,-4.736728105844526665e-03,3.149900092869313960e-12,5.678826691208772176e-03,-7.220912366831647525e-12,4.082098007893106223e-16,-8.186423343943961817e-03,4.119134261169713623e-02,-2.738070739030941562e-11,-4.937776595171162325e-02,6.254741874311816523e-11
2.948942525838935680e+00,-3.805063769848009980e-01,-8.822817959061111937e-03,-4.609590494536501271e-01,1.145536512354063503e-09,-1.118660096560695427e+00,3.805063762943608485e-01,-5.240729075370947771e-17,9.291976752030118702e-04,-4.671817796914258525e-03,3.106751917875477395e-12,5.601015472124542573e-03,-7.122344528362850182e-12,4.500917527317453079e-16,-8.140134952223496492e-03,4.095498776067108687e-02,-2.722484620812382812e-11,-4.909512270905608960e-02,6.219373689210377520e-11
2.950522880890296129e+00,-3.805063769848009980e-01,-8.821359642564408771e-03,-4.609663815401910947e-01,1.145541388192922565e-09,-1.118651306157657732e+00,3.805063762943497463e-01,-5.166523302429677027e-17,9.163701011390999263e-04,-4.607281762362986505e-03,3.063850621062789591e-12,5.523651863515351319e-03,-7.024336721123616437e-12,4.884337450790812813e-16,-8.093613908288641717e-03,4.071768358536807103e-02,-2.706827382571797452e-11,-4.881129748991150374e-02,6.183867534023476062e-11
2.952103235941657022e+00,-3.805063769848009980e-01,-8.819921539999064225e-03,-4.609736119336159121e-01,1.145546196428317937e-09,-1.118642637661667827e+00,3.805063762943386441e-01,-5.086527702206814704e-17,9.036162298593287175e-04,-4.543121504481802478e-03,3.021197325195914741e-12,5.446737734360240259e-03,-6.926891136699186206e-12,5.233895075924363550e-16,-8.046861452237132062e-03,4.047942753322830711e-02,-2.691099173142056663e-11,-4.852628898181558098e-02,6.148222002071004923e-11
2.953683590993017472e+00,-3.805063769848009980e-01,-8.818503534600017138e-03,-4.609807412289750328e-01,1.145550937453064250e-09,-1.118634090360909328e+00,3.805063762943278194e-01,-5.001265550565434371e-17,8.909364261227980131e-04,-4.479338529565646786e-03,2.978793150734725280e-12,5.370274955713245056e-03,-6.830009988587371211e-12,5.551085442330209398e-16,-7.999878785240471801e-03,4.024021709033585859e-02,-2.675300135429480613e-11,-4.824009587202369997e-02,6.112435726904508831e-11
2.955263946044377921e+00,-3.805063769848010535e-01,-8.817105509027228782e-03,-4.609877700237025588e-01,1.145555611661745889e-09,-1.118625663540609105e+00,3.805063762943170502e-01,-4.911236825951577604e-17,8.783310528206757749e-04,-4.415934347852154898e-03,2.936639215926849986e-12,5.294265400703167083e-03,-6.733695511567051854e-12,5.837361998938404135e-16,-7.952667070154559315e-03,4.000004978080993340e-02,-2.659430406506729539e-11,-4.795271684751074848e-02,6.076507381652653253e-11
2.956844301095738370e+00,-3.805063769848010535e-01,-8.815727345368701284e-03,-4.609946989176216259e-01,1.145560219450712648e-09,-1.118617356483031289e+00,3.805063762943065031e-01,-4.816918861418911482e-17,8.658004710362690289e-04,-4.352910473462020223e-03,2.894736636899130752e-12,5.218710944534005365e-03,-6.637949961077845884e-12,6.094137269022252621e-16,-7.905227432128084097e-03,3.975892316619752259e-02,-2.643490117705330366e-11,-4.766415059497222662e-02,6.040435678368629295e-11
2.958424656147099263e+00,-3.805063769848010535e-01,-8.814368925143162975e-03,-4.610015285129517304e-01,1.145564761218076215e-09,-1.118609168467475712e+00,3.805063762942961225e-01,-4.718766986158908144e-17,8.533450401043047879e-04,-4.290268424341181844e-03,2.853086527748194420e-12,5.143613464486422419e-03,-6.542775612611432707e-12,6.322783512934900913e-16,-7.857560959209006907e-03,3.951683484486955694e-02,-2.627479394707965826e-11,-4.737439580082683510e-02,6.004219367379835936e-11
2.960005011198459712e+00,-3.805063769848010535e-01,-8.813030129302597618e-03,-4.610082594143150581e-01,1.145569237363708108e-09,-1.118601098770271696e+00,3.805063762942857974e-01,-4.617215156568962446e-17,8.409651176684387365e-04,-4.228009722199843785e-03,2.811690000626833781e-12,5.068974839914276546e-03,-6.448174761106907791e-12,6.524633388373235951e-16,-7.809668702947970310e-03,3.927378245141516927e-02,-2.611398357640136090e-11,-4.708345115121415070e-02,5.967857236639215335e-11
2.961585366249820606e+00,-3.805063769848010535e-01,-8.811710838235359972e-03,-4.610148922287402584e-01,1.145573648289235118e-09,-1.118593146664779159e+00,3.805063762942756944e-01,-4.512676576932485991e-17,8.286610597395815134e-04,-4.166135892461383071e-03,2.770548165834865773e-12,4.994796952251851288e-03,-6.354149720369764214e-12,6.700980607946124276e-16,-7.761551679000345746e-03,3.902976365604467202e-02,-2.595247121161842689e-11,-4.679131533199967774e-02,5.931348111079704278e-11
2.963165721301181055e+00,-3.805063769848010535e-01,-8.810410931768332052e-03,-4.610214275656700500e-01,1.145577994398037869e-09,-1.118585311421382400e+00,3.805063762942657579e-01,-4.405544309695523265e-17,8.164332207510564127e-04,-4.104648464200992553e-03,2.729662131901122531e-12,4.921081685007667669e-03,-6.260702822484251119e-12,6.853080594258765402e-16,-7.713210867724970728e-03,3.878477616398929434e-02,-2.579025794558574181e-11,-4.649798702877334239e-02,5.894690851970396851e-11
2.964746076352541948e+00,-3.805063769848010535e-01,-8.809130289169421132e-03,-4.610278660369668824e-01,1.145582276095247711e-09,-1.118577592307486324e+00,3.805063762942559324e-01,-4.296191875431472313e-17,8.042819536145837892e-04,-4.043548970094220339e-03,2.689033005669921241e-12,4.847830923768986673e-03,-6.167836417249371436e-12,6.982151132143491729e-16,-7.664647214780777491e-03,3.853881771490672709e-02,-2.562734481832070809e-11,-4.620346492685158818e-02,5.857884356275564775e-11
2.966326431403902397e+00,-3.805063769848010535e-01,-8.807868789150031727e-03,-4.610342082569178768e-01,1.145586493787743000e-09,-1.118569988587515995e+00,3.805063762942462735e-01,-4.184973842518230294e-17,7.922076097743969503e-04,-3.982838946361750079e-03,2.648661892383012778e-12,4.775046556200727640e-03,-6.075552871617854709e-12,7.089373018019728101e-16,-7.615861631720553283e-03,3.829188608228812490e-02,-2.546373281790623538e-11,-4.590774771127820869e-02,5.820927556016137300e-11
2.967906786455263290e+00,-3.805063769848010535e-01,-8.806626309867294708e-03,-4.610404548422404325e-01,1.145590647884148271e-09,-1.118562499522910647e+00,3.805063762942367256e-01,-4.072226406573506743e-17,7.802105392606449672e-04,-3.922519932716253370e-03,2.608549895760847359e-12,4.702730472045711131e-03,-5.983854569146949562e-12,7.175890706322750337e-16,-7.566854996581999677e-03,3.804397907286800884e-02,-2.529942288138963065e-11,-4.561083406682527042e-02,5.783819417633870734e-11
2.969487141506623740e+00,-3.805063769848010535e-01,-8.805402728926242650e-03,-4.610466064120882224e-01,1.145594738794831134e-09,-1.118555124372121679e+00,3.805063762942273997e-01,-3.958267959699558945e-17,7.682910907420352443e-04,-3.862593472311036738e-03,2.568698118082990387e-12,4.630884563125949559e-03,-5.892743909460549505e-12,7.242812952871440588e-16,-7.517628154475953887e-03,3.779509452603698610e-02,-2.513441589567713585e-11,-4.531272267799407033e-02,5.746558941358298073e-11
2.971067496557984633e+00,-3.805063769848010535e-01,-8.804197923381823845e-03,-4.610526635880569657e-01,1.145598766931900207e-09,-1.118547862390608438e+00,3.805063762942180738e-01,-3.843399649579785810e-17,7.564496115773219551e-04,-3.803061111688461372e-03,2.529107660266381901e-12,4.559510723342557852e-03,-5.802223307719585696e-12,7.291213455093479202e-16,-7.468181918171667988e-03,3.754523031325731480e-02,-2.496871269842402271e-11,-4.501341222901596162e-02,5.709145160576520770e-11
2.972647851609345082e+00,-3.805063769848010535e-01,-8.803011769741278872e-03,-4.610586269941876481e-01,1.145602732709202638e-09,-1.118540712830836892e+00,3.805063762942089700e-01,-3.727905928503721332e-17,7.446864478659287424e-04,-3.743924400729578897e-03,2.489779621942373016e-12,4.488610848676011927e-03,-5.712295194102678690e-12,7.322131488935436399e-16,-7.418517068678969102e-03,3.729438433748135523e-02,-2.480231407891984726e-11,-4.471290140385301981e-02,5.671577141205923429e-11
2.974228206660705531e+00,-3.805063769848010535e-01,-8.801844143965611642e-03,-4.610644972569745148e-01,1.145606636542322237e-09,-1.118533674942274292e+00,3.805063762942000882e-01,-3.612055092316281802e-17,7.330019444976813977e-04,-3.685184892604828361e-03,2.450715101532463844e-12,4.418186837186577169e-03,-5.622962013297097627e-12,7.336572542549726194e-16,-7.368634355827583318e-03,3.704255453257371961e-02,-2.463522077896963305e-11,-4.441118888619946525e-02,5.633853981070069907e-11
2.975808561712065980e+00,-3.805063769848010535e-01,-8.800694921471802906e-03,-4.610702750053684573e-01,1.145610478848578448e-09,-1.118526747971386515e+00,3.805063762941912064e-01,-3.496099809416822606e-17,7.213964452018818869e-04,-3.626844143726903804e-03,2.411915196323502207e-12,4.348240589016249581e-03,-5.534226224001298337e-12,7.335508946428844378e-16,-7.318534498842985819e-03,3.678973886273589899e-02,-2.446743349376951940e-11,-4.410827335948211414e-02,5.595974809277555301e-11
2.977388916763426874e+00,-3.805063769848010535e-01,-8.799563977134492940e-03,-4.610759608707826751e-01,1.145614260047023036e-09,-1.118519931161634728e+00,3.805063762941826022e-01,-3.380277639804755502e-17,7.098702925948266549e-04,-3.568903713701292515e-03,2.373381002539334926e-12,4.278774006386814634e-03,-5.446090298432408368e-12,7.319880500065063713e-16,-7.268218186918890857e-03,3.653593532193342291e-02,-2.429895287277699413e-11,-4.380415350686010095e-02,5.557938785604035465e-11
2.978969271814787323e+00,-3.805063769848010535e-01,-8.798451185287789120e-03,-4.610815554870970612e-01,1.145617980558440506e-09,-1.118513223753473396e+00,3.805063762941739980e-01,-3.264811544262770152e-17,6.984238282269015488e-04,-3.511365165280101470e-03,2.335113615412688930e-12,4.209788993600764063e-03,-5.358556721847054346e-12,7.290595094964346323e-16,-7.217686079786777079e-03,3.628114193332843129e-02,-2.412977952057742668e-11,-4.349882801122691850e-02,5.519745099877840550e-11
2.980549626866148216e+00,-3.805063769848010535e-01,-8.797356419726681462e-03,-4.610870594906648079e-01,1.145621640805344374e-09,-1.118506624984344278e+00,3.805063762941655603e-01,-3.149910383704717235e-17,6.870573926290048615e-04,-3.454230064317928561e-03,2.297114129256438436e-12,4.141287457043596985e-03,-5.271627992073702008e-12,7.248529333985948090e-16,-7.166938808281499325e-03,3.602535674871319010e-02,-2.395991399774368002e-11,-4.319229555520960606e-02,5.481392971368618094e-11
2.982129981917508665e+00,-3.805063769848010535e-01,-8.796279553708954285e-03,-4.610924735203148495e-01,1.145625241211977998e-09,-1.118500134088676656e+00,3.805063762941574002e-01,-3.035769408797818364e-17,6.757713253574875118e-04,-3.397499979725639597e-03,2.259383637531545239e-12,4.073271305182530992e-03,-5.185306619049931038e-12,7.194529146801361841e-16,-7.115976974903967869e-03,3.576857784795051814e-02,-2.378935682169252368e-11,-4.288455482117178863e-02,5.442881648179953681e-11
2.983710336968869559e+00,-3.805063769848010535e-01,-8.795220459956306844e-03,-4.610977982173591339e-01,1.145628782204311477e-09,-1.118493750297879341e+00,3.805063762941492400e-01,-2.922570739847286679e-17,6.645659650384897572e-04,-3.341176483426452903e-03,2.221923232914587422e-12,4.005742448566925427e-03,-5.099595124371636179e-12,7.129410401537593585e-16,-7.064801154379254933e-03,3.551080333841255543e-02,-2.361810846753218692e-11,-4.257560449121055440e-02,5.404210406644811776e-11
2.985290692020230008e+00,-3.805063769848010535e-01,-8.794179010656140091e-03,-4.611030342255954539e-01,1.145632264210040820e-09,-1.118487472840342889e+00,3.805063762941412464e-01,-2.810483837089178462e-17,6.534416494114528295e-04,-3.285261150313184900e-03,2.184734007364141413e-12,3.938702799829040327e-03,-5.014496040851997793e-12,7.053959512363051019e-16,-7.013411894211948189e-03,3.525203135442835090e-02,-2.344616936890756285e-11,-4.226544324715948014e-02,5.365378550725341871e-11
2.986871047071590901e+00,-3.805063769848010535e-01,-8.793155077462805683e-03,-4.611081821913126100e-01,1.145635687658588366e-09,-1.118481300941432055e+00,3.805063762941333638e-01,-2.699665961387857161e-17,6.423987153718713032e-04,-3.229755558206929417e-03,2.147817052186212857e-12,3.872154273685464530e-03,-4.930011912090886694e-12,6.968934043045987478e-16,-6.961809715237461497e-03,3.499226005673365669e-02,-2.327353991883871427e-11,-4.195406977058960957e-02,5.326385411416209850e-11
2.988451402122951350e+00,-3.805063769848010535e-01,-8.792148531498858444e-03,-4.611132427632954611e-01,1.145639052981099053e-09,-1.118475233823485127e+00,3.805063762941256478e-01,-2.590262625427927561e-17,6.314374990126683101e-04,-3.174661287814069515e-03,2.111173458096648765e-12,3.806098786935507156e-03,-4.846145292049764394e-12,6.875063306338172692e-16,-6.909995112168849235e-03,3.473148763192140942e-02,-2.310022047055137598e-11,-4.164148274280687206e-02,5.287230346151293641e-11
2.990031757174311799e+00,-3.805063769848010535e-01,-8.791159243356178737e-03,-4.611182165928297549e-01,1.145642360610442493e-09,-1.118469270705808150e+00,3.805063762941180983e-01,-2.482408035466865596e-17,6.205583356653853562e-04,-3.119979922687533304e-03,2.074804315284503674e-12,3.740538258463640096e-03,-4.762898744641131724e-12,6.773048959120261403e-16,-6.857968554140628226e-03,3.446971229190081559e-02,-2.292621133830465557e-11,-4.132768084485491378e-02,5.247912738214971024e-11
2.991612112225672693e+00,-3.805063769848010535e-01,-8.790187083097429632e-03,-4.611231043337052915e-01,1.145645610981210489e-09,-1.118463410804673819e+00,3.805063762941106043e-01,-2.376225523737691220e-17,6.097615599397579770e-04,-3.065713049185094657e-03,2.038710713471557871e-12,3.675474609237372545e-03,-4.680274843321317664e-12,6.663565593182063270e-16,-6.805730485247800561e-03,3.420693227335677711e-02,-2.275151279820999394e-11,-4.101266275751354329e-02,5.208431996156804041e-11
2.993192467277033142e+00,-3.805063769848010535e-01,-8.789231920256939876e-03,-4.611279066422214190e-01,1.145648804529715996e-09,-1.118457653333316815e+00,3.805063762941032213e-01,-2.271827971522846168e-17,5.990475057635100782e-04,-3.011862256433890314e-03,2.002893741974128549e-12,3.610909762311570025e-03,-4.598276170700810237e-12,6.547261321632607177e-16,-6.753281325081495444e-03,3.394314583721659562e-02,-2.257612508904628717e-11,-4.069642716130114635e-02,5.168787553210797463e-11
2.994772822328393591e+00,-3.805063769848010535e-01,-8.788293623841855751e-03,-4.611326241771909751e-01,1.145651941693993751e-09,-1.118451997501931805e+00,3.805063762940961158e-01,-2.169318223010983298e-17,5.884165064199548250e-04,-2.958429136288998149e-03,1.967354489759072519e-12,3.546845642824625420e-03,-4.516905318153306227e-12,6.424758360773180516e-16,-6.700621469259772020e-03,3.367835126811785651e-02,-2.240004841306642318e-11,-4.037897273647328422e-02,5.128978866718341437e-11
2.996353177379754484e+00,-3.805063769848010535e-01,-8.787372062333157624e-03,-4.611372575999444501e-01,1.145655022913799229e-09,-1.118446442517669670e+00,3.805063762940890104e-01,-2.068789489994564063e-17,5.778688945859432368e-04,-2.905415283298785206e-03,1.932094045502482508e-12,3.483284178001757551e-03,-4.436164885442923335e-12,6.296653607410412235e-16,-6.647751289954262344e-03,3.341254687388064970e-02,-2.222328293679765326e-11,-4.006029816302162511e-02,5.089005417555372110e-11
2.997933532431114934e+00,-3.805063769848010535e-01,-8.786467103686483940e-03,-4.611418075743343725e-01,1.145658048630607821e-09,-1.118440987584632840e+00,3.805063762940820715e-01,-1.970325747468891147e-17,5.674050023683058479e-04,-2.852822294667692674e-03,1.897113497644851382e-12,3.420227297154241827e-03,-4.356057480355269549e-12,6.163519211503486212e-16,-6.594671136413100300e-03,3.314573098498734688e-02,-2.204582879183740120e-11,-3.974040212067660172e-02,5.048866709564331193e-11
2.999513887482475827e+00,-3.805063769848010535e-01,-8.785578615332922253e-03,-4.611462747667401940e-01,1.145661019287615664e-09,-1.118435631903873295e+00,3.805063762940751881e-01,-1.874002120220956113e-17,5.570251613397274402e-04,-2.800651770221118577e-03,1.862413934445844593e-12,3.357676931680163551e-03,-4.276585718339415300e-12,6.025903144069283943e-16,-6.541381335478666306e-03,3.287790195406260080e-02,-2.186768607563973116e-11,-3.941928328890521166e-02,5.008562268989885319e-11
3.001094242533836276e+00,-3.805063769848010535e-01,-8.784706464180211394e-03,-4.611506598460707318e-01,1.145663935329737979e-09,-1.118430374673390126e+00,3.805063762940685268e-01,-1.779885260512681301e-17,5.467297025735803982e-04,-2.748905312369976511e-03,1.827996444037073731e-12,3.295635015063811627e-03,-4.197752222156895046e-12,5.884329760254214916e-16,-6.487882192101457508e-03,3.260905815536112307e-02,-2.168885485229708823e-11,-3.909694034691260645e-02,4.968091643919490870e-11
3.002674597585197169e+00,-3.805063769848010535e-01,-8.783850516613025960e-03,-4.611549634837699974e-01,1.145666797203609283e-09,-1.118425215088123092e+00,3.805063762940619765e-01,-1.688033716846729515e-17,5.365189566785689805e-04,-2.697584526079186123e-03,1.793862114475712613e-12,3.234103482878812347e-03,-4.119559621544479298e-12,5.739300357540551130e-16,-6.434173989849025291e-03,3.233919798425748116e-02,-2.150933515331368002e-11,-3.877337197364084942e-02,4.927454403728237525e-11
3.004254952636557618e+00,-3.805063769848010535e-01,-8.783010638494079605e-03,-4.611591863538196390e-01,1.145669605357584009e-09,-1.118420152339954399e+00,3.805063762940554817e-01,-1.598498294007712713e-17,5.263932538315327240e-04,-2.646691018831720966e-03,1.760012033793417665e-12,3.173084272784980862e-03,-4.042010552877472539e-12,5.591293728944088480e-16,-6.380256991410334852e-03,3.206831985674112040e-02,-2.132912697837205012e-11,-3.844857684776831902e-02,4.886650138528244533e-11
3.005835307687918512e+00,-3.805063769848010535e-01,-8.782186695164517082e-03,-4.611633291327442152e-01,1.145672360241736505e-09,-1.118415185617700036e+00,3.805063762940492089e-01,-1.511322404356639776e-17,5.163529238105795532e-04,-2.596226400599111264e-03,1.726447290047802144e-12,3.112579324531960200e-03,-3.965107658850491778e-12,5.440766711194449653e-16,-6.326131439095782766e-03,3.179642220891733262e-02,-2.114823029609360605e-11,-3.812255364771065941e-02,4.845678458623003912e-11
3.007415662739278961e+00,-3.805063769848010535e-01,-8.781378551444623745e-03,-4.611673924996143592e-01,1.145675062307859794e-09,-1.118410314107109782e+00,3.805063762940429362e-01,-1.426542410527077785e-17,5.063982960263939620e-04,-2.546192283807504481e-03,1.693168971369232628e-12,3.052590579956583616e-03,-3.888853588158725751e-12,5.288154727772575985e-16,-6.271797555331959199e-03,3.152350349651065337e-02,-2.096664504479021627e-11,-3.779530105161895553e-02,4.804538993966050193e-11
3.008996017790639410e+00,-3.805063769848010535e-01,-8.780586071634328624e-03,-4.611713771360511083e-01,1.145677712009467227e-09,-1.118405536990862537e+00,3.805063762940368854e-01,-1.344187959571029431e-17,4.965296995538063781e-04,-2.496590283309733666e-03,1.660178166009931155e-12,2.993119982986517085e-03,-3.813250995195769238e-12,5.133872326772726760e-16,-6.217255543152300570e-03,3.124956219437641930e-02,-2.078437113321086988e-11,-3.746681773738194665e-02,4.763231393624943506e-11
3.010576372841999859e+00,-3.805063769848010535e-01,-8.779809119513762999e-03,-4.611752837262293458e-01,1.145680309801792484e-09,-1.118400853448563437e+00,3.805063762940309458e-01,-1.264282308651045716e-17,4.867474631615796121e-04,-2.447422016353060711e-03,1.627475962388508271e-12,2.934169479637789481e-03,-3.738302539752067259e-12,4.978313713486397546e-16,-6.162505586681877971e-03,3.097459679601227353e-02,-2.060140844127757015e-11,-3.713710238262232094e-02,4.721755325249376935e-11
3.012156727893360753e+00,-3.805063769848010535e-01,-8.779047558343718374e-03,-4.611791129568816316e-01,1.145682856141788334e-09,-1.118396262656741191e+00,3.805063762940251171e-01,-1.186842642356912746e-17,4.770519153422758630e-04,-2.398689102551940320e-03,1.595063449136166000e-12,2.875741018017420689e-03,-3.664010886728229949e-12,4.821853277666605303e-16,-6.107547851618105525e-03,3.069860581307887193e-02,-2.041775682081657829e-11,-3.680615366469812411e-02,4.680110474544836324e-11
3.013737082944721202e+00,-3.805063769848010535e-01,-8.778301250866184235e-03,-4.611828655173013103e-01,1.145685351488128907e-09,-1.118391763788843640e+00,3.805063762940193439e-01,-1.111880381736425682e-17,4.674433843406370108e-04,-2.350393163857847963e-03,1.562941715139306124e-12,2.817836548321632235e-03,-3.590378705850983254e-12,4.664846115383189944e-16,-6.052382485706004310e-03,3.042158777492338234e-02,-2.023341609628064236e-11,-3.647397026070153120e-02,4.638296544750934304e-11
3.015317437996082095e+00,-3.805063769848010535e-01,-8.777570059304462546e-03,-4.611865420993473408e-01,1.145687796301209078e-09,-1.118387356015235756e+00,3.805063762940137373e-01,-1.039401485102673413e-17,4.579221981820338102e-04,-2.302535824533969832e-03,1.531111849583725379e-12,2.760458022838981930e-03,-3.517408671403663959e-12,4.507628545418885839e-16,-5.997009619208563090e-03,3.014354122810873962e-02,-2.004838606546392678e-11,-3.614055084745842333e-02,4.596313256124927113e-11
3.016897793047442544e+00,-3.805063769848010535e-01,-8.776853845363551121e-03,-4.611901433974477937e-01,1.145690191043145910e-09,-1.118383038503194316e+00,3.805063762940081862e-01,-9.694067407391558065e-18,4.484886846994149290e-04,-2.255118711126806279e-03,1.499574941995154574e-12,2.703607395948923187e-03,-3.445103461958934933e-12,4.350518620124316976e-16,-5.941429365372111714e-03,2.986446473594881607e-02,-1.986266650020974624e-11,-3.580589410152899138e-02,4.554160345430449131e-11
3.018478148098803437e+00,-3.805063769848010535e-01,-8.776152470230525263e-03,-4.611936701086027934e-01,1.145692536177778243e-09,-1.118378810416905900e+00,3.805063762940028016e-01,-9.018920515806348014e-18,4.391431715596391281e-04,-2.208143452439073270e-03,1.468332082279054339e-12,2.647286624121033497e-03,-3.373465760120407507e-12,4.193816630682298904e-16,-5.885641820885679359e-03,2.958435687804442799e-02,-1.967625714710748468e-11,-3.546999869920305914e-02,4.511837565430761348e-11
3.020058503150163887e+00,-3.805063769848010535e-01,-8.775465794574822259e-03,-4.611971229323879595e-01,1.145694832170667314e-09,-1.118374670917464897e+00,3.805063762939975835e-01,-8.368487119537245434e-18,4.298859862899293070e-04,-2.161611679507577290e-03,1.437384360762147427e-12,2.591497665919346906e-03,-3.302498252278711652e-12,4.037805606728739207e-16,-5.829647066336662159e-03,2.930321624983241169e-02,-1.948915772818685511e-11,-3.513286331650488509e-02,4.469344684388379481e-11
3.021638858201524780e+00,-3.805063769848010535e-01,-8.774793678548355874e-03,-4.612005025709583483e-01,1.145697079489097585e-09,-1.118370619162867952e+00,3.805063762939923655e-01,-7.742636764507535008e-18,4.207174563024836762e-04,-2.115525025576145413e-03,1.406732868229087295e-12,2.536242481999890271e-03,-3.232203628366831053e-12,3.882751810235452500e-16,-5.773445166659453044e-03,2.902104146213120919e-02,-1.930136794159815547e-11,-3.479448662918724344e-02,4.426681485568750734e-11
3.023219213252885229e+00,-3.805063769848009980e-01,-8.774135981785592675e-03,-4.612038097290523941e-01,1.145699278602079635e-09,-1.118366654308010855e+00,3.805063762939873140e-01,-7.141198210496583648e-18,4.116379089187207946e-04,-2.069885126070954932e-03,1.376378695959191703e-12,2.481523035110264324e-03,-3.162584581625805822e-12,3.728905223622507213e-16,-5.717036171579821524e-03,2.873783114069727515e-02,-1.911288746228812373e-11,-3.445486731273224995e-02,4.383847766750067221e-11
3.024799568304246122e+00,-3.805063769848009980e-01,-8.773492563403872957e-03,-4.612070451139939631e-01,1.145701429980346028e-09,-1.118362775504687434e+00,3.805063762939823735e-01,-6.563961965832945792e-18,4.026476713934180841e-04,-2.024693618579542775e-03,1.346322935764091552e-12,2.427341290092785257e-03,-3.093643808382654695e-12,3.576500032054313735e-16,-5.660420116053783111e-03,2.845358392578612242e-02,-1.892371594266717852e-11,-3.411400404235168798e-02,4.340843339738369456e-11
3.026379923355606572e+00,-3.805063769848009980e-01,-8.772863282003346558e-03,-4.612102094356972937e-01,1.145703534096358341e-09,-1.118358981901583116e+00,3.805063762939775440e-01,-6.010682746096313587e-18,3.937470709374562769e-04,-1.979952142826959128e-03,1.316566680021977291e-12,2.373699213883387078e-03,-3.025384007830556226e-12,3.425755099827615720e-16,-5.603597020700545536e-03,2.816829847171690993e-02,-1.873385301326684036e-11,-3.377189549298378196e-02,4.297668029887757687e-11
3.027960278406967021e+00,-3.805063769848009980e-01,-8.772247995667031839e-03,-4.612133034066694948e-01,1.145705591424303031e-09,-1.118355272644274478e+00,3.805063762939728256e-01,-5.481081858112599846e-18,3.849364347401944210e-04,-1.935662340654165136e-03,1.287111021711848156e-12,2.320598775512394425e-03,-2.957807881818925863e-12,3.276874440826527067e-16,-5.546566892230554366e-03,2.788197344644501377e-02,-1.854329828339070342e-11,-3.342854033929434920e-02,4.254321675626593180e-11
3.029540633458327470e+00,-3.805063769848009980e-01,-8.771646561960950994e-03,-4.612163277420138763e-01,1.145707602440094326e-09,-1.118351646875223926e+00,3.805063762939682181e-01,-4.974849510142715541e-18,3.762160899910606824e-04,-1.891825855996538382e-03,1.257957054446365936e-12,2.268041946104616246e-03,-2.890918134650058756e-12,3.130047682987774167e-16,-5.489329723867310100e-03,2.759460753113691933e-02,-1.835205134175472819e-11,-3.308393725567339294e-02,4.210804127988667115e-11
3.031120988509688363e+00,-3.805063769848009980e-01,-8.771058837934012087e-03,-4.612192831594332243e-01,1.145709567621376506e-09,-1.118348103733777688e+00,3.805063762939637217e-01,-4.491647049002653742e-18,3.675863639005642371e-04,-1.848444334863463649e-03,1.229105872503982544e-12,2.216030698879948614e-03,-2.824717472883812146e-12,2.985450526714342097e-16,-5.431885495763878746e-03,2.730619941975220843e-02,-1.816011175712007027e-11,-3.273808491623354106e-02,4.167115250150252152e-11
3.032701343561048812e+00,-3.805063769848009980e-01,-8.770484680118028134e-03,-4.612221703792334093e-01,1.145711487447522447e-09,-1.118344642356161378e+00,3.805063762939592809e-01,-4.031109125333754071e-18,3.590475837206819586e-04,-1.805519425318724037e-03,1.200558570860167295e-12,2.164567009154156653e-03,-2.759208605149754987e-12,2.843245197204907330e-16,-5.374234175414317055e-03,2.701674781863376909e-02,-1.796747907891900722e-11,-3.239098199481177387e-02,4.123254916973165918e-11
3.034281698612409262e+00,-3.805063769848009980e-01,-8.769923944527429141e-03,-4.612249901243268280e-01,1.145713362399636939e-09,-1.118341261875476889e+00,3.805063762939550065e-01,-3.592845787690342956e-18,3.506000767644304353e-04,-1.763052777460691074e-03,1.172316245217092310e-12,2.113652854338630375e-03,-2.694394241965240718e-12,2.703580890628154143e-16,-5.316375718058424273e-03,2.672625144609886219e-02,-1.777415283786906853e-11,-3.204262716496514285e-02,4.079223014552844118e-11
3.035862053663770155e+00,-3.805063769848009980e-01,-8.769376486659484146e-03,-4.612277431202347344e-01,1.145715192960556885e-09,-1.118337961421701054e+00,3.805063762939507876e-01,-3.176444506953290173e-18,3.422441704250289186e-04,-1.721046043404281635e-03,1.144379992033103045e-12,2.063290213941508348e-03,-2.630277095562216321e-12,2.566594214144254528e-16,-5.258310067081303600e-03,2.643470903203844896e-02,-1.758013254658015382e-11,-3.169301909996970201e-02,4.035019439772417800e-11
3.037442408715130604e+00,-3.805063769848009980e-01,-8.768842161494056625e-03,-4.612304300950902936e-01,1.145716979614851719e-09,-1.118334740121679660e+00,3.805063762939466798e-01,-2.781472131414052493e-18,3.339801921943501674e-04,-1.679500877263120006e-03,1.116750908550955527e-12,2.013481069568293525e-03,-2.566859879720459806e-12,2.432409619678048595e-16,-5.200037154407236364e-03,2.614211931752262116e-02,-1.738541770015314992e-11,-3.134215647281988343e-02,3.990644099862718545e-11
3.039022763766491497e+00,-3.805063769848009980e-01,-8.768320823493004276e-03,-4.612330517796443541e-01,1.145718722848826713e-09,-1.118331597099124775e+00,3.805063762939426830e-01,-2.407476773606629736e-18,3.258084696804140496e-04,-1.638418935130628524e-03,1.089430092823982197e-12,1.964227404920429031e-03,-2.504145309605171695e-12,2.301139831400549456e-16,-5.141556900887576595e-03,2.584848105441111057e-02,-1.719000777676915162e-11,-3.099003795622675209e-02,3.946096911968034486e-11
3.040603118817851946e+00,-3.805063769848009980e-01,-8.767812326600780970e-03,-4.612356089072640608e-01,1.145720423150521944e-09,-1.118328531474612531e+00,3.805063762939387417e-01,-2.053989630829967002e-18,3.177293306251218375e-04,-1.597801875065964824e-03,1.062418643744164757e-12,1.915531205798977517e-03,-2.442136101617695983e-12,2.172886266984038005e-16,-5.082869216682626978e-03,2.555379300496837813e-02,-1.699390223826914084e-11,-3.063666222261508809e-02,3.901377802717280502e-11
3.042183473869212840e+00,-3.805063769848009980e-01,-8.767316524243489589e-03,-4.612381022139401821e-01,1.145722081009715810e-09,-1.118325542365578906e+00,3.805063762939349670e-01,-1.720526738676643624e-18,3.097431029204567900e-04,-1.557651357075897020e-03,1.035717661066182390e-12,1.867394460102694094e-03,-2.380834973246050862e-12,2.047739452417614641e-16,-5.023974001638162323e-03,2.525805394148747038e-02,-1.679710053072654744e-11,-3.028202794412374749e-02,3.856486707801808455e-11
3.043763828920573289e+00,-3.805063769848009980e-01,-8.766833269329019074e-03,-4.612405324382877203e-01,1.145723696917925648e-09,-1.118322628886316616e+00,3.805063762939312477e-01,-1.406590660170576567e-18,3.018501146242963200e-04,-1.517969043098260510e-03,1.009328245431227932e-12,1.819819157827294066e-03,-2.320244642923440855e-12,1.925779430509763900e-16,-4.964871145655155513e-03,2.496126264591504856e-02,-1.659960208500773517e-11,-2.992613379260035747e-02,3.811423571558181820e-11
3.045344183971933738e+00,-3.805063769848009980e-01,-8.766362414246636758e-03,-4.612429003215497425e-01,1.145725271368407322e-09,-1.118319790147972004e+00,3.805063762939276395e-01,-1.111672110556570578e-18,2.940506939765985908e-04,-1.478756596990811944e-03,9.832514983931414122e-13,1.772807291070495773e-03,-2.260367829900744981e-12,1.807076162962012089e-16,-4.905560529054855262e-03,2.466341790948886267e-02,-1.640140631732784770e-11,-2.956897843960395664e-02,3.766188346557981339e-11
3.046924539023294187e+00,-3.805063769848009980e-01,-8.765903810866801024e-03,-4.612452066076001556e-01,1.145726804856160186e-09,-1.118317025258541708e+00,3.805063762939240868e-01,-8.352515191762746110e-19,2.863451694135551485e-04,-1.440015684513294572e-03,9.574885224387832101e-13,1.726360854028236936e-03,-2.201207254114160184e-12,1.691689925997488037e-16,-4.846042022936520796e-03,2.436451853237422624e-02,-1.620251262979289621e-11,-2.921056055639913163e-02,3.720780993202503322e-11
3.048504894074655081e+00,-3.805063769848009980e-01,-8.765457310540621799e-03,-4.612474520429472591e-01,1.145728297877924809e-09,-1.118314333322868226e+00,3.805063762939206451e-01,-5.768005291773632718e-19,2.787338695820532584e-04,-1.401747973314459690e-03,9.320404210104689072e-13,1.680481842996159152e-03,-2.142765636065945964e-12,1.579671699511208450e-16,-4.786315489530131896e-03,2.406456332331134707e-02,-1.600292041093604710e-11,-2.885087881395609344e-02,3.675201479324246004e-11
3.050085249126015530e+00,-3.805063769848009980e-01,-8.765022764099822394e-03,-4.612496373767356883e-01,1.145729750932187940e-09,-1.118311713442638800e+00,3.805063762939173144e-01,-3.357834364888860311e-19,2.712171233536167384e-04,-1.363955132919778945e-03,9.069082985276628858e-13,1.635172256371260867e-03,-2.085045696711573997e-12,1.471063549753505902e-16,-4.726380782542624961e-03,2.376355109926614473e-02,-1.580262903624310142e-11,-2.848993188294771800e-02,3.629449779793943173e-11
3.051665604177376423e+00,-3.805063769848009980e-01,-8.764600021856082043e-03,-4.612517633607504663e-01,1.145731164519181263e-09,-1.118309164716380089e+00,3.805063762939140948e-01,-1.116585685464069219e-19,2.637952598373227101e-04,-1.326638834717305685e-03,8.820932604062464271e-13,1.590434094650675914e-03,-2.028050157349436848e-12,1.365899005453139897e-16,-4.666237747498070548e-03,2.346148068508721249e-02,-1.560163786866879123e-11,-2.812771843374670122e-02,3.583525876133784215e-11
3.053245959228736872e+00,-3.805063769848009980e-01,-8.764188933600749673e-03,-4.612538307494197798e-01,1.145732539140885538e-09,-1.118306686239455505e+00,3.805063762939109306e-01,9.612039572588193622e-20,2.564686083928630371e-04,-1.289800751947462213e-03,8.575964130792367076e-13,1.546269360434520410e-03,-1.971781739521762399e-12,1.264203427425760386e-16,-4.605886222072461990e-03,2.315835091317200792e-02,-1.539994625914611936e-11,-2.776423713642650615e-02,3.537429756137095848e-11
3.054826314280097765e+00,-3.805063769848009980e-01,-8.763789348604568083e-03,-4.612558402998168106e-01,1.145733875301029768e-09,-1.118304277104062106e+00,3.805063762939078220e-01,2.881031637974090710e-19,2.492374986421811746e-04,-1.253442559688825245e-03,8.334188640136972502e-13,1.502680058423318211e-03,-1.916243164914566188e-12,1.165994371615264482e-16,-4.545326036421064655e-03,2.285416062313220045e-02,-1.519755354708177267e-11,-2.739948666075410141e-02,3.491161413493082597e-11
3.056406669331458215e+00,-3.805063769848009980e-01,-8.763401115617080669e-03,-4.612577927716638992e-01,1.145735173505094307e-09,-1.118301936399227259e+00,3.805063762939048799e-01,4.648416244240062779e-19,2.421022604815796725e-04,-1.217565934849388753e-03,8.095617217301654610e-13,1.459668195421369094e-03,-1.861437155271096739e-12,1.071281945544039743e-16,-4.484557013501112681e-03,2.254890866147243877e-02,-1.499445906084721859e-11,-2.703346567619141841e-02,3.444720847418820596e-11
3.057987024382819108e+00,-3.805063769848009980e-01,-8.763024082866305298e-03,-4.612596889273347101e-01,1.145736434260312511e-09,-1.118299663210805539e+00,3.805063762939019378e-01,6.268886982063681545e-19,2.350632240924799060e-04,-1.182172556154081769e-03,7.860260958184882101e-13,1.417235780335025092e-03,-1.807366432304515898e-12,9.800691581787654284e-17,-4.423578969387523437e-03,2.224259388127067943e-02,-1.479066211825744880e-11,-2.666617285189131978e-02,3.398108062296627427e-11
3.059567379434179557e+00,-3.805063769848009980e-01,-8.762658098058154904e-03,-4.612615295318574504e-01,1.145737658075671563e-09,-1.118297456621474506e+00,3.805063762938991068e-01,7.747972430370450764e-19,2.281207199523620005e-04,-1.147264104136185838e-03,7.628130969551669769e-13,1.375384824175051885e-03,-1.754033717621490652e-12,8.923522631780103501e-17,-4.362391713582894348e-03,2.193521514186666868e-02,-1.458616202704187442e-11,-2.629760685669621512e-02,3.351323067317934372e-11
3.061147734485540450e+00,-3.805063769848009980e-01,-8.762303008376080143e-03,-4.612633153529176466e-01,1.145738845461915376e-09,-1.118295315710732041e+00,3.805063762938963867e-01,9.091190131519123235e-19,2.212750788444893665e-04,-1.112842261125560148e-03,7.399238369175214003e-13,1.334117340054574025e-03,-1.701441732645709015e-12,8.081210955313513685e-17,-4.300995049320637149e-03,2.162677130855278351e-02,-1.438095808530331914e-11,-2.592776635913190270e-02,3.304365876132663286e-11
3.062728089536900900e+00,-3.805063769848009980e-01,-8.761958660480595809e-03,-4.612650471608603087e-01,1.145739996931545203e-09,-1.118293239554893903e+00,3.805063762938937222e-01,1.030403670907787809e-18,2.145266318681422399e-04,-1.078908711242298948e-03,7.173594286004240340e-13,1.293435343192968299e-03,-1.649593198554467014e-12,7.273594015752283045e-17,-4.239388773863493436e-03,2.131726125227860480e-02,-1.417504958197282159e-11,-2.555665002741073014e-02,3.257236506505930495e-11
3.064308444588261349e+00,-3.805063769848009980e-01,-8.761624900508514086e-03,-4.612667257286943712e-01,1.145741112998822126e-09,-1.118291227227087514e+00,3.805063762938911687e-01,1.139197850319342723e-18,2.078757104473160191e-04,-1.045465140385480997e-03,6.951209860287524854e-13,1.253340850913312174e-03,-1.598490836212451236e-12,6.500451623453821190e-17,-4.177572678794050538e-03,2.100668384935224647e-02,-1.396843579724885040e-11,-2.518425652942344814e-02,3.209934979979537986e-11
3.065888799639621798e+00,-3.805063769848009980e-01,-8.761301574072699952e-03,-4.612683518320942477e-01,1.145742194179769537e-09,-1.118289277797251957e+00,3.805063762938886707e-01,1.236044270922785589e-18,2.013226463397817527e-04,-1.012513236226485029e-03,6.732096243718812316e-13,1.213835882644758411e-03,-1.548137366117029989e-12,5.761509103427197950e-17,-4.115546550300463492e-03,2.069503798115459106e-02,-1.376111600303168394e-11,-2.481058453273913417e-02,3.162461321540529895e-11
3.067469154690982691e+00,-3.805063769848009980e-01,-8.760988526261576786e-03,-4.612699262494020513e-01,1.145743240992172719e-09,-1.118287390332132647e+00,3.805063762938862837e-01,1.321480901296336956e-18,1.948677716451927466e-04,-9.800546882002053248e-04,6.516264599558012492e-13,1.174922459921855710e-03,-1.498535508344869864e-12,5.056440396413046069e-17,-4.053310169455408112e-03,2.038232253385640139e-02,-1.355308946334629185e-11,-2.443563270460123033e-02,3.114815559295463647e-11
3.069049509742343140e+00,-3.805063769848009980e-01,-8.760685601638323189e-03,-4.612714497616319242e-01,1.145744253955582782e-09,-1.118285563895279333e+00,3.805063762938839522e-01,1.396040171182386226e-18,1.885114188132894534e-04,-9.480911874993985756e-04,6.303726102763661126e-13,1.136602606387104820e-03,-1.449687982507791434e-12,4.384871093477360842e-17,-3.990863312489448256e-03,2.006853639814445284e-02,-1.334435543475784628e-11,-2.405939971192711663e-02,3.066997724151321796e-11
3.070629864793704034e+00,-3.805063769848009980e-01,-8.760392644240510424e-03,-4.612729231524719253e-01,1.145745233591317899e-09,-1.118283797547041436e+00,3.805063762938816763e-01,1.460248230845659191e-18,1.822539206507783828e-04,-9.166244270649344123e-04,6.094491940088797964e-13,1.098878347788083886e-03,-1.401597507706651306e-12,3.746381404588178829e-17,-3.928205751056914295e-03,1.975367846894684684e-02,-1.313491316677323890e-11,-2.368188422129928125e-02,3.019007849501436079e-11
3.072210219845064483e+00,-3.805063769848009980e-01,-8.760109497579417204e-03,-4.612743472082869722e-01,1.145746180422464549e-09,-1.118282090344565383e+00,3.805063762938795113e-01,1.514624256963666483e-18,1.760956103288062664e-04,-8.856561015815605110e-04,5.888573310204399633e-13,1.061751711980689350e-03,-1.354266802497951573e-12,3.140509060838905869e-17,-3.865337252497686327e-03,1.943774764517476258e-02,-1.292476190224017780e-11,-2.330308489896879345e-02,2.970845970919159163e-11
3.073790574896425376e+00,-3.805063769848009980e-01,-8.759836004639474580e-03,-4.612757227181217279e-01,1.145747094973881031e-09,-1.118280441341790388e+00,3.805063762938774019e-01,1.559679803793884727e-18,1.700368213894929174e-04,-8.551879074713925012e-04,5.685981423798762484e-13,1.025224728929159798e-03,-1.307698584861128414e-12,2.566752150644341690e-17,-3.802257580091048406e-03,1.912074282946107581e-02,-1.271390087773083287e-11,-2.292300041084786855e-02,2.922512125856246811e-11
3.075370929947785825e+00,-3.805063769848009980e-01,-8.759572007877948485e-03,-4.612770504737020438e-01,1.145747977772196638e-09,-1.118278849589448676e+00,3.805063762938754035e-01,1.595918198559048153e-18,1.640778877521236248e-04,-8.252215428880881141e-04,5.486727503672744482e-13,9.892994307064396052e-04,-1.261895572170966347e-12,2.024571890148255275e-17,-3.738966493304326892e-03,1.880266292790954905e-02,-1.250232932391919817e-11,-2.254162942250760582e-02,2.874006353347987379e-11
3.076951284999146718e+00,-3.805063769848009980e-01,-8.759317349223676857e-03,-4.612783312694408444e-01,1.145748829345817034e-09,-1.118277314135055489e+00,3.805063762938734051e-01,1.623833980420198602e-18,1.582191437188103689e-04,-7.957587077107082128e-04,5.290822784824389656e-13,9.539778514937045971e-04,-1.216860481173613427e-12,1.513395327165149995e-17,-3.675463748035418671e-03,1.848350684985020087e-02,-1.229004646594919866e-11,-2.215897059917597278e-02,2.825328693724605284e-11
3.078531640050507168e+00,-3.805063769848009980e-01,-8.759071870077253519e-03,-4.612795659024370165e-01,1.145749650224922807e-09,-1.118275834022912640e+00,3.805063762938715177e-01,1.643912381165501389e-18,1.524609239803698503e-04,-7.668011035409324529e-04,5.098278514547634424e-13,9.192620275834524580e-04,-1.172596027971550020e-12,1.032617980557360377e-17,-3.611749096848779900e-03,1.816327350759799203e-02,-1.207705152379183506e-11,-2.177502260573241713e-02,2.776479188328076693e-11
3.080111995101867617e+00,-3.805063769848009980e-01,-8.758835411309777441e-03,-4.612807551724809607e-01,1.145750440941474426e-09,-1.118274408294101185e+00,3.805063762938697414e-01,1.656628847562519146e-18,1.468035636207313144e-04,-7.383504336951285602e-04,4.909105952488669359e-13,8.851539973759827611e-04,-1.129104928004641407e-12,5.816064131616634970e-18,-3.547822289205738739e-03,1.784196181621985552e-02,-1.186334371259455783e-11,-2.138978410670523342e-02,2.727457879235601750e-11
3.081692350153228066e+00,-3.805063769848009980e-01,-8.758607813262687947e-03,-4.612818998820556460e-01,1.145751202029211219e-09,-1.118273035986479425e+00,3.805063762938679650e-01,1.662448603523957558e-18,1.412473981224521855e-04,-7.104084032041483926e-04,4.723316370745848116e-13,8.516558013847068485e-04,-1.086389896046698392e-12,1.597007403857139849e-18,-3.483683071688724840e-03,1.751957069330713906e-02,-1.164892224302115926e-11,-2.100325376626824628e-02,2.678264808988828297e-11
3.083272705204588959e+00,-3.805063769848009980e-01,-8.758388915746708261e-03,-4.612830008363405510e-01,1.145751934023656115e-09,-1.118271716134678240e+00,3.805063762938662997e-01,1.661826251652622171e-18,1.357927633705304741e-04,-6.829767188066837320e-04,4.540921053919073904e-13,8.187694822333163288e-04,-1.044453646195933228e-12,-2.337829267275060011e-18,-3.419331188219430339e-03,1.719609905875400802e-02,-1.143378632158239202e-11,-2.061543024823733750e-02,2.628900020329224192e-11
3.084853060255949408e+00,-3.805063769848009980e-01,-8.758178558041625206e-03,-4.612840588432131628e-01,1.145752637462115864e-09,-1.118270447770100429e+00,3.805063762938646899e-01,1.655205412648714627e-18,1.304399956566957240e-04,-6.560570889470719678e-04,4.361931299181379593e-13,7.864970846578798157e-04,-1.003298891875776898e-12,-5.995501024070139636e-18,-3.354766380270781789e-03,1.687154583454046272e-02,-1.121793515095676179e-11,-2.022631221606546043e-02,2.579363555939095786e-11
3.086433415307310302e+00,-3.805063769848009980e-01,-8.757976578895211930e-03,-4.612850747132531959e-01,1.145753312883684335e-09,-1.118269229920914043e+00,3.805063762938631355e-01,1.643018402052149454e-18,1.251894316829733542e-04,-6.296512237714591053e-04,4.186358416332277431e-13,7.548406555065706848e-04,-9.629283458367634993e-13,-9.383256118926394286e-18,-3.289988387073456821e-03,1.654590994452398781e-02,-1.100136793030391724e-11,-1.983589833284082893e-02,2.529655458189090069e-11
3.088013770358670751e+00,-3.805063769848009980e-01,-8.757782816523132507e-03,-4.612860492597428141e-01,1.145753960829242111e-09,-1.118268061612052167e+00,3.805063762938616367e-01,1.625685942771857256e-18,1.200414085650422562e-04,-6.037608351248517115e-04,4.014213727850044991e-13,7.238022437400766854e-04,-9.233447201631648493e-13,-1.250851340364379864e-17,-3.224996945815723857e-03,1.621919031423304375e-02,-1.078408385556648207e-11,-1.944418726128020747e-02,2.479775768890841174e-11
3.089594125410031644e+00,-3.805063769848009980e-01,-8.757597108607673847e-03,-4.612869832986721264e-01,1.145754581841461860e-09,-1.118266941865207365e+00,3.805063762938601934e-01,1.603616913016434926e-18,1.149962638356727185e-04,-5.783876365504757181e-04,3.845508568952432382e-13,6.933839004343952299e-04,-8.845507262865854528e-13,-1.537884046104143825e-17,-3.159791791838470129e-03,1.589138587067201111e-02,-1.056608211976652981e-11,-1.905117766372889723e-02,2.429724529056505091e-11
3.091174480461392093e+00,-3.805063769848009980e-01,-8.757419292297468141e-03,-4.612878776487403520e-01,1.145755176464807715e-09,-1.118265869698828796e+00,3.805063762938588612e-01,1.577208128004215609e-18,1.100543354470749028e-04,-5.535333432854730061e-04,3.680254287626462754e-13,6.635876787788798793e-04,-8.465490749971980002e-13,-1.800193236074321335e-17,-3.094372658823201037e-03,1.556249554212573230e-02,-1.034736191328917588e-11,-1.865686820215326294e-02,2.379501778663050681e-11
3.092754835512752987e+00,-3.805063769848009980e-01,-8.757249204206700097e-03,-4.612887331313585415e-01,1.145755745245538173e-09,-1.118264844128119773e+00,3.805063762938575289e-01,1.546844154893259959e-18,1.052159617733195563e-04,-5.291996722587424340e-04,3.518462244666008842e-13,6.344156340765026107e-04,-8.093424764614942280e-13,-2.038559104389534861e-17,-3.028739278974862219e-03,1.523251825797303401e-02,-1.012792242415941336e-11,-1.826125753813713851e-02,2.329107556422882486e-11
3.094335190564113436e+00,-3.805063769848009980e-01,-8.757086680414518862e-03,-4.612895505706524069e-01,1.145756288731708780e-09,-1.118263864165033761e+00,3.805063762938563077e-01,1.512897159760267274e-18,1.004814816132060782e-04,-5.053883420927517568e-04,3.360143813729548685e-13,6.058698237485316083e-04,-7.729336402492359408e-13,-2.253770532708210816e-17,-2.962891383199378094e-03,1.490145294850831088e-02,-9.907762838311778619e-12,-1.786434433288086598e-02,2.278541899560525876e-11
3.095915545615474329e+00,-3.805063769848009980e-01,-8.756931556464415262e-03,-4.612903307934645425e-01,1.145756807473172545e-09,-1.118262928818271273e+00,3.805063762938550864e-01,1.475726785679114679e-18,9.585123419133575854e-05,-4.821010730979855344e-04,3.205310381342926269e-13,5.779523073300543755e-04,-7.373252753522064248e-13,-2.446623152264906180e-17,-2.896828701274300078e-03,1.456929854476278138e-02,-9.686882339847326689e-12,-1.746612724719324994e-02,2.227804843594104675e-11
3.097495900666834778e+00,-3.805063769848009980e-01,-8.756783667363144535e-03,-4.612910746293590325e-01,1.145757302021583869e-09,-1.118262037093275429e+00,3.805063762938539762e-01,1.435680061053853296e-18,9.132555916018446037e-05,-4.593395872740375203e-04,3.053973346940433374e-13,5.506651464731420875e-04,-7.025200902161259674e-13,-2.617917467102262628e-17,-2.830550962014634440e-03,1.423605397833565059e-02,-9.465280111284867942e-12,-1.706660494148854249e-02,2.176896422123147679e-11
3.099076255718195227e+00,-3.805063769848009980e-01,-8.756642847580604905e-03,-4.612917829106215062e-01,1.145757772930399790e-09,-1.118261187992230621e+00,3.805063762938528660e-01,1.393091336932645823e-18,8.690479660166645990e-05,-4.371056083096931688e-04,2.906144122893550373e-13,5.240104049484956266e-04,-6.685207927738884229e-13,-2.768457037143922538e-17,-2.764057893433043579e-03,1.390171818123045987e-02,-9.242955333803454810e-12,-1.666577607578296691e-02,2.125816666621789955e-11
3.100656610769555677e+00,-3.805063769848009980e-01,-8.756508931048850516e-03,-4.612924564722629128e-01,1.145758220754881008e-09,-1.118260380514057406e+00,3.805063762938518668e-01,1.348282252731702422e-18,8.258928702782874229e-05,-4.154008615801516925e-04,2.761834134515199258e-13,4.979901486433625053e-04,-6.353300904772981086e-13,-2.899046721575095142e-17,-2.697349222894278916e-03,1.356629008569596936e-02,-9.019907187475784041e-12,-1.626363930969007207e-02,2.074565606237463895e-11
3.102236965820916570e+00,-3.805063769848009980e-01,-8.756381751161407961e-03,-4.612930961520227968e-01,1.145758646052095616e-09,-1.118259613654409845e+00,3.805063762938508676e-01,1.301561729196299128e-18,7.837937138206640584e-05,-3.942270741483189190e-04,2.621054820085797007e-13,4.726064455640454384e-04,-6.029506903377770474e-13,-3.010490981098192797e-17,-2.630424677263759094e-03,1.322976862407053943e-02,-8.796134851491952284e-12,-1.586019330241368597e-02,2.023143267594686481e-11
3.103817320872277019e+00,-3.805063769848009980e-01,-8.756261140772762797e-03,-4.612937027903709075e-01,1.145759049380919510e-09,-1.118258886405673058e+00,3.805063762938499239e-01,1.253225987698748621e-18,7.427539103974087407e-05,-3.735859747644977515e-04,2.483817630863580192e-13,4.478613658362094979e-04,-5.713852989673053594e-13,-3.103592238521482379e-17,-2.563283983051908074e-03,1.289215272863775824e-02,-8.571637504378877055e-12,-1.545543671274783593e-02,1.971549674605115355e-11
3.105397675923637912e+00,-3.805063769848009980e-01,-8.756146932197386365e-03,-4.612942772305110850e-01,1.145759431302041144e-09,-1.118258197756957673e+00,3.805063762938490912e-01,1.203558595070002951e-18,7.027768780868762764e-05,-3.534792938668741618e-04,2.350134031095325413e-13,4.237569817058778440e-04,-5.406366226232129099e-13,-3.179149297269101080e-17,-2.495926866551877437e-03,1.255344133148105119e-02,-8.346414324207394011e-12,-1.504936819906914532e-02,1.919784848282010266e-11
3.106978030974998362e+00,-3.805063769848009980e-01,-8.756038957209414872e-03,-4.612948203183823703e-01,1.145759792377959672e-09,-1.118257546694098270e+00,3.805063762938482586e-01,1.152830532854342701e-18,6.638660392922879458e-05,-3.339087635808098034e-04,2.220015498014426240e-13,4.002953675387348003e-04,-5.107073672536656609e-13,-3.237955816410418144e-17,-2.428353053972658222e-03,1.221363336434677649e-02,-8.120464488793449237e-12,-1.464198641933297726e-02,1.867848806560336477e-11
3.108558386026359255e+00,-3.805063769848009980e-01,-8.755937047041695287e-03,-4.612953329026628357e-01,1.145760133172990116e-09,-1.118256932199649833e+00,3.805063762938474259e-01,1.101300290337038965e-18,6.260248207445769921e-05,-3.148761177207540555e-04,2.093473521851861034e-13,3.774785998223245610e-04,-4.816002385496609190e-13,-3.280798842127562294e-17,-2.360562271566461669e-03,1.187272775850988643e-02,-7.893787175889698197e-12,-1.423329003106653910e-02,1.815741564121725910e-11
3.110138741077719704e+00,-3.805063769848009980e-01,-8.755841032385160844e-03,-4.612958158347723048e-01,1.145760454253264400e-09,-1.118256353252883972e+00,3.805063762938467042e-01,1.049213980280698422e-18,5.892566534995991723e-05,-2.963830917905221213e-04,1.970519605831938146e-13,3.553087571660488064e-04,-4.533179419969171674e-13,-3.308457394248568054e-17,-2.292554245752194235e-03,1.153072344465081757e-02,-7.666381563373327423e-12,-1.382327769136920334e-02,1.763463132225403695e-11
3.111719096129080597e+00,-3.805063769848009980e-01,-8.755750743388183988e-03,-4.612962699688743506e-01,1.145760756186733003e-09,-1.118255808829784925e+00,3.805063762938460381e-01,9.968054765728513920e-19,5.535649729345719659e-05,-2.784314229843358620e-04,1.851165266168946348e-13,3.337879203018522976e-04,-4.258631829312735076e-13,-3.321701107132809792e-17,-2.224328703232076113e-03,1.118761935272817414e-02,-7.438246829420111417e-12,-1.341194805690182346e-02,1.711013518542711011e-11
3.113299451180441046e+00,-3.805063769848009980e-01,-8.755666009656062898e-03,-4.612966961618784612e-01,1.145761039543167444e-09,-1.118255297903048451e+00,3.805063762938453720e-01,9.442965729185396093e-19,5.189532187429767246e-05,-2.610228501881964509e-04,1.735422032062006414e-13,3.129181720850851968e-04,-3.992386665968673056e-13,-3.321288923944187577e-17,-2.155885371104785970e-03,1.084341441186381996e-02,-7.209382152675919338e-12,-1.299929978388497144e-02,1.658392726997667960e-11
3.114879806231801940e+00,-3.805063769848009980e-01,-8.755586660249734324e-03,-4.612970952734457009e-01,1.145761304894163589e-09,-1.118254819442075165e+00,3.805063762938447613e-01,8.918971618374223849e-19,4.854248349248984983e-05,-2.441591139800227176e-04,1.623301445677873700e-13,2.927015974936758211e-04,-3.734470982046544437e-13,-3.307967843774795706e-17,-2.087223976973080156e-03,1.049810755022962012e-02,-6.979786712418623491e-12,-1.258533152809329474e-02,1.605600757611947322e-11
3.116460161283162389e+00,-3.805063769848009980e-01,-8.755512523686042464e-03,-4.612974681659864906e-01,1.145761552813139995e-09,-1.118254372412970543e+00,3.805063762938442062e-01,8.398054328867452732e-19,4.529832697847229866e-05,-2.278419566344956344e-04,1.514815062161382407e-13,2.731402836327443567e-04,-3.484911830002309610e-13,-3.282471719470863935e-17,-2.018344249046917678e-03,1.015169769494006675e-02,-6.749459688713600400e-12,-1.217004194485127137e-02,1.552637606354575832e-11
3.118040516334522838e+00,-3.805063769848009980e-01,-8.755443427936188128e-03,-4.612978157046678795e-01,1.145761783875344324e-09,-1.118253955778539144e+00,3.805063762938436511e-01,7.882080896699653871e-19,4.216319759154039520e-05,-2.120731221221217283e-04,1.409974449603931285e-13,2.542363197320938518e-04,-3.243736263249451619e-13,-3.245520106799149999e-17,-1.949245916241529319e-03,9.804183771947977064e-03,-6.518400262560956833e-12,-1.175342968902698924e-02,1.499503264996214365e-11
3.119620871385883287e+00,-3.805063769848009980e-01,-8.755379200425503217e-03,-4.612981387574138781e-01,1.145761998657852512e-09,-1.118253568498282613e+00,3.805063762938431515e-01,7.372805845015129090e-19,3.913744101857302818e-05,-1.968543561107236148e-04,1.308791189024769578e-13,2.359917971464263258e-04,-3.010971336827063336e-13,-3.197817162330132518e-17,-1.879928708270936586e-03,9.455564705944718984e-03,-6.286607616035812047e-12,-1.133549341502584559e-02,1.446197720967803754e-11
3.121201226437244181e+00,-3.805063769848009980e-01,-8.755319668032748165e-03,-4.612984381949080670e-01,1.145762197739572080e-09,-1.118253209528395464e+00,3.805063762938427074e-01,6.871873701675593234e-19,3.622140337303652197e-05,-1.821874059692051885e-04,1.211276874364223930e-13,2.184088093581128243e-04,-2.786644108122518778e-13,-3.140050589781738514e-17,-1.810392355737581614e-03,9.105839420267828471e-03,-6.054080932423749418e-12,-1.091623177678785993e-02,1.392720957224141540e-11
3.122781581488604630e+00,-3.805063769848009980e-01,-8.755264657089128350e-03,-4.612987148905980939e-01,1.145762381701243791e-09,-1.118252877821761970e+00,3.805063762938422633e-01,6.380821679784619178e-19,3.341543119337248214e-05,-1.680740207690573627e-04,1.117443112458856460e-13,2.014894519770866522e-04,-2.570781637578636799e-13,-3.072890633572385855e-17,-1.740636590216785651e-03,8.755006836809096915e-03,-5.820819396346960679e-12,-1.049564342778016440e-02,1.339072952111171026e-11
3.124361936539965523e+00,-3.805063769848009980e-01,-8.755213993378143170e-03,-4.612989697206956730e-01,1.145762551125443917e-09,-1.118252572327953276e+00,3.805063762938418748e-01,5.901082512978537221e-19,3.071987144145244821e-05,-1.545159512869933042e-04,1.027301523021257930e-13,1.852358227419330242e-04,-2.363410989436462417e-13,-2.996989117907923942e-17,-1.670661144337570909e-03,8.403065875929848980e-03,-5.586822193885957789e-12,-1.007372702099312671e-02,1.285253679237853257e-11
3.125942291591325972e+00,-3.805063769848009980e-01,-8.755167502134507049e-03,-4.612992035641814703e-01,1.145762706596585074e-09,-1.118252291993223846e+00,3.805063762938415417e-01,5.433987439759057471e-19,2.813507150087983657e-05,-1.415149500075744526e-04,9.408637386170308065e-14,1.696500215208175482e-04,-2.164559232495985709e-13,-2.912978530878746648e-17,-1.600465751859058003e-03,8.050015456379063655e-03,-5.352088512694058285e-12,-9.650481208934877028e-03,1.231263107351982494e-11
3.127522646642686865e+00,-3.805063769848009980e-01,-8.755125008043578710e-03,-4.612994173028071021e-01,1.145762848700920355e-09,-1.118252035760507246e+00,3.805063762938412086e-01,4.980769328661645630e-19,2.566137917475238433e-05,-1.290727711238395196e-04,8.581414046258966476e-14,1.547341503098771339e-04,-1.974253440863616425e-13,-2.821471151718363495e-17,-1.530050147742339876e-03,7.695854495212987173e-03,-5.116617542104103702e-12,-9.225904643622773182e-03,1.177101200219526897e-11
3.129103001694047315e+00,-3.805063769848009980e-01,-8.755086335240807802e-03,-4.612996118210975216e-01,1.145762978026544362e-09,-1.118251802569414144e+00,3.805063762938409311e-01,4.542565938210116536e-19,2.329914268435492679e-05,-1.171911705432920095e-04,7.791461792359687234e-14,1.404903132379007377e-04,-1.792520694798490368e-13,-2.723058220067515799e-17,-1.459414068219803528e-03,7.340581907725383243e-03,-4.880408473233715069e-12,-8.799995976582984311e-03,1.122767916508814837e-11
3.130683356745408208e+00,-3.805063769848009980e-01,-8.755051307311001105e-03,-4.612997880063539613e-01,1.145763095163393830e-09,-1.118251591356227870e+00,3.805063762938406535e-01,4.120423304845084086e-19,2.104871066667709622e-05,-1.058719058886214303e-04,7.038897334006779371e-14,1.269206165645679943e-04,-1.619388081494615020e-13,-2.618309145975547596e-17,-1.388557250858948313e-03,6.984196607372915658e-03,-4.643460499079064011e-12,-8.372753858839702620e-03,1.068263209677110986e-11
3.132263711796768657e+00,-3.805063769848009980e-01,-8.755019747287593954e-03,-4.612999467486568195e-01,1.145763200703252173e-09,-1.118251401053901528e+00,3.805063762938404315e-01,3.715299252642509026e-19,1.891043217231038977e-05,-9.511673650093982718e-05,6.323837508102204780e-14,1.140271686815829815e-04,-1.454882695917369560e-13,-2.507770759121658932e-17,-1.317479434624120637e-03,6.626697505712017371e-03,-4.405772814608311044e-12,-7.944176940913726115e-03,1.013587027861940457e-11
3.133844066848129106e+00,-3.805063769848009980e-01,-8.754991477652067366e-03,-4.613000889408687688e-01,1.145763295239749695e-09,-1.118251230592054224e+00,3.805063762938402094e-01,3.328067018616445564e-19,1.688465666322339680e-05,-8.492742344297939236e-05,5.646399278606676692e-14,1.018120801136468434e-04,-1.299031641654817050e-13,-2.391966595775524624e-17,-1.246180359933517397e-03,6.268083512333137534e-03,-4.167344616845629829e-12,-7.514263872813713857e-03,9.587393137748865647e-12
3.135424421899489555e+00,-3.805063769848009980e-01,-8.754966320333521304e-03,-4.613002154786353115e-01,1.145763379368366273e-09,-1.118251078896968842e+00,3.805063762938399874e-01,2.959518987767929346e-19,1.497173401042082171e-05,-7.530572950224569140e-05,5.006699736208226396e-14,9.027746351927031909e-05,-1.151862031783301186e-13,-2.271396221990622275e-17,-1.174659768713488036e-03,5.908353534801688046e-03,-3.928175104952334698e-12,-7.083013304031450172e-03,9.037200045991617989e-12
3.137004776950850449e+00,-3.805063769848009980e-01,-8.754944096707432608e-03,-4.613003272603913851e-01,1.145763453686433430e-09,-1.118250944891586940e+00,3.805063762938398209e-01,2.610370532659368263e-19,1.317201449171631247e-05,-6.625341919525454888e-05,4.404856098044293222e-14,7.942543369278325734e-05,-1.013400989764228928e-13,-2.146534591745809229e-17,-1.102917404449477732e-03,5.547506478601693658e-03,-3.688263480302701764e-12,-6.650423883536420167e-03,8.485290318902668206e-12
3.138585132002210898e+00,-3.805063769848009980e-01,-8.754924627595766021e-03,-4.613004251873600303e-01,1.145763518793135573e-09,-1.118250827495506527e+00,3.805063762938396543e-01,2.281263951183334771e-19,1.148584878872396388e-05,-5.777225876831584535e-05,3.840985707176948389e-14,6.925810756211000954e-05,-8.836756503020794178e-14,-2.017831437851217558e-17,-1.030953012233684586e-03,5.185541247081339004e-03,-3.447608946554375410e-12,-6.216494259769026962e-03,7.931663214793710838e-12
3.140165487053571791e+00,-3.805063769848009980e-01,-8.754907733265758149e-03,-4.613005101635577754e-01,1.145763575289512474e-09,-1.118250725624978736e+00,3.805063762938395433e-01,1.972772498754080388e-19,9.913587984986811885e-06,-4.986401620448886393e-05,3.315206032462040022e-14,5.977760419385320646e-05,-7.627131603106634209e-14,-1.885710694686663661e-17,-9.587663388100431741e-04,4.822456741402897547e-03,-3.206210709715222085e-12,-5.781223080635489869e-03,7.376317933797965121e-12
3.141745842104932240e+00,-3.805063769848009980e-01,-8.754893233429520208e-03,-4.613005830957966347e-01,1.145763623778462994e-09,-1.118250638192903601e+00,3.805063762938394323e-01,1.685404508792474815e-19,8.455583562516656501e-06,-4.253046122296939765e-05,2.827634667899836305e-14,5.098604478922079012e-05,-6.505406797769594634e-14,-1.750569950528274288e-17,-8.863571326162185144e-04,4.458251860494285949e-03,-2.964067978205234353e-12,-5.344608993501407702e-03,6.819253616959432175e-12
3.143326197156293134e+00,-3.805063769848009980e-01,-8.754880947243455155e-03,-4.613006448936862181e-01,1.145763664864743016e-09,-1.118250564108827838e+00,3.805063762938393213e-01,1.419607597899012669e-19,7.112187399817839099e-06,-3.577336528633862350e-05,2.378389332493957583e-14,4.288555268929856350e-05,-5.471853827582711889e-14,-1.612779927979575612e-17,-8.137251438228666539e-04,4.092925501002658492e-03,-2.721179962914065997e-12,-4.906650645184603907e-03,6.260469345346217966e-12
3.144906552207653583e+00,-3.805063769848009980e-01,-8.754870693307428495e-03,-4.613006964696379497e-01,1.145763699154971644e-09,-1.118250502278940184e+00,3.805063762938392102e-01,1.175772950877471361e-19,5.883751768837128434e-06,-2.959450160278450734e-05,1.967587869762491808e-14,3.547825337422151447e-05,-4.526744583152284228e-14,-1.472683990732020491e-17,-7.408701243710729290e-04,3.726476557253662752e-03,-2.477545877256952327e-12,-4.467346681951821045e-03,5.699964139192066044e-12
3.146486907259014476e+00,-3.805063769848009980e-01,-8.754862289664527147e-03,-4.613007387388655678e-01,1.145763727257629764e-09,-1.118250451606069618e+00,3.805063762938391547e-01,9.542396816699631784e-20,4.770629331913399989e-06,-2.399564512867260311e-05,1.595348247259643489e-14,2.876627446269435450e-05,-3.670351114625519336e-14,-1.330597674649898302e-17,-6.677918280066124290e-04,3.358903921208420199e-03,-2.233164937224161692e-12,-4.026695749509971722e-03,5.137736957052141372e-12
3.148067262310374925e+00,-3.805063769848009980e-01,-8.754855553799937087e-03,-4.613007726193905644e-01,1.145763749783064789e-09,-1.118250410989680033e+00,3.805063762938390992e-01,7.552992668246646857e-20,3.773173139237128788e-06,-1.897857257401184121e-05,1.261788556277870537e-14,2.275174571491671307e-05,-2.902945641762959015e-14,-1.186808241568560132e-17,-5.944900103125831800e-04,2.990206482425131988e-03,-1.988036361428868153e-12,-3.584696493000362385e-03,4.573786694982600442e-12
3.149647617361735819e+00,-3.805063769848009980e-01,-8.754850302640643234e-03,-4.613007990320435736e-01,1.145763767343491083e-09,-1.118250379325867572e+00,3.805063762938390437e-01,5.792000476254547505e-20,2.891736625809640219e-06,-1.454506240571438905e-05,9.670270113921130980e-15,1.743679903280230236e-05,-2.224800563792427897e-14,-1.041574253573772633e-17,-5.209644287401773207e-04,2.620383128022906512e-03,-1.742159371152308759e-12,-3.141347556993303973e-03,4.008112185738116224e-12
3.151227972413096268e+00,-3.805063769848009980e-01,-8.754846352554968014e-03,-4.613008189004659809e-01,1.145763780552991402e-09,-1.118250355507359517e+00,3.805063762938390437e-01,4.261517980621174394e-20,2.126673608467936029e-06,-1.069689485147883967e-05,7.111819500348321290e-15,1.282356846088692806e-05,-1.636188469475425551e-14,-8.951251659641874679e-18,-4.472148426375851735e-04,2.249432742646778269e-03,-1.495533190385897056e-12,-2.696647585482028677e-03,3.440712197984528237e-12
3.152808327464456717e+00,-3.805063769848009980e-01,-8.754843519351504511e-03,-4.613008331511155302e-01,1.145763790027520826e-09,-1.118250338423506518e+00,3.805063762938389882e-01,2.963303557803253761e-20,1.478338282668090940e-06,-7.435851902736568463e-06,4.943718319987007561e-15,8.914190186058231719e-06,-1.137382147145323919e-14,-7.476609368911949591e-18,-3.732410132768972815e-04,1.877354208432101138e-03,-1.248157045869497359e-12,-2.250595221873990300e-03,2.871585435522278684e-12
3.154388682515817166e+00,-3.805063769848009980e-01,-8.754841618279033191e-03,-4.613008427132663236e-01,1.145763796384906553e-09,-1.118250326960283259e+00,3.805063762938389882e-01,1.898823136103455285e-20,9.470852198178502936e-07,-4.763717320623713514e-06,3.167152391309157827e-15,5.710802540860283004e-06,-7.286545953215603715e-15,-5.993516514065723662e-18,-2.990427038806314211e-04,1.504146404975296829e-03,-1.000030167130935544e-12,-1.803189108988131851e-03,2.300730536529174243e-12
3.155969037567178059e+00,-3.805063769848009980e-01,-8.754840464025529650e-03,-4.613008485190136510e-01,1.145763800244851410e-09,-1.118250320000282461e+00,3.805063762938389882e-01,1.069297693922417175e-20,5.332693638090951642e-07,-2.682276638180105345e-06,1.783308747675423742e-15,3.215546002224972130e-06,-4.102790328587278402e-15,-4.503371579926257070e-18,-2.246196796459318853e-04,1.129808209300014977e-03,-7.511517865198840795e-13,-1.354427889045254360e-03,1.728146072804497681e-12
3.157549392618538509e+00,-3.805063769848009980e-01,-8.754839870717848888e-03,-4.613008515032753776e-01,1.145763802228934685e-09,-1.118250316422713109e+00,3.805063762938389882e-01,4.757513250890703166e-21,2.372460281313801054e-07,-1.193317165711850281e-06,7.933756336946055790e-16,1.430563193948123691e-06,-1.825289096902785643e-15,-3.007267152284062731e-18,-1.499717077687187866e-04,7.543384958288892449e-04,-5.015211392433435416e-13,-9.043102036639143670e-04,1.153830549027905317e-12
3.159129747669899402e+00,-3.805063769848009980e-01,-8.754839651920929069e-03,-4.613008526037958301e-01,1.145763802960614608e-09,-1.118250315103395787e+00,3.805063762938389882e-01,1.190598553052544644e-21,5.937089255442813014e-08,-2.986279942186376238e-07,1.985425002120837617e-16,3.579988867993154373e-07,-4.567791738614324701e-16,-1.505986464414984115e-18,-7.509855746624199654e-05,3.777361363519132027e-04,-2.511374633971980663e-13,-4.528346938513585248e-04,5.777824020177551986e-13
3.160710102721259851e+00,-3.805063769848009980e-01,-8.754839620637399483e-03,-4.613008527611480170e-01,1.145763803065230001e-09,-1.118250314914760013e+00,3.805063762938389882e-01,0.000000000000000000e+00,0.000000000000000000e+00,-0.000000000000000000e+00,0.000000000000000000e+00,0.000000000000000000e+00,-0.000000000000000000e+00,0.000000000000000000e+00,0.000000000000000000e+00,-0.000000000000000000e+00,0.000000000000000000e+00,0.000000000000000000e+00,-0.000000000000000000e+00
