time_s,q1,q2,q3,q4,q5,q6,dq1,dq2,dq3,dq4,dq5,dq6,ddq1,ddq2,ddq3,ddq4,ddq5,ddq6
0.000000000000000000e+00,3.804964273917990081e-01,-2.123761160006770038e-02,-3.239228190795240270e-01,2.383402286978900166e-09,-1.268108665265869961e+00,-3.805142693487629790e-01,0.000000000000000000e+00,-0.000000000000000000e+00,-0.000000000000000000e+00,-0.000000000000000000e+00,0.000000000000000000e+00,0.000000000000000000e+00,0.000000000000000000e+00,0.000000000000000000e+00,0.000000000000000000e+00,-0.000000000000000000e+00,0.000000000000000000e+00,0.000000000000000000e+00
2.875543426902122095e-03,3.804964273918487461e-01,-2.123761160017911820e-02,-3.239228192659124317e-01,2.383402274387960546e-09,-1.268108665079605180e+00,-3.805142693487235661e-01,5.185124376254470739e-11,-1.162116262798757203e-10,-1.944068561951513705e-07,-1.313260352758476646e-14,1.942778547729903173e-07,4.112968753917306528e-11,3.604557294242692922e-08,-8.078714537803297880e-08,-1.351463534193573341e-04,-9.129428419728050502e-12,1.350566751561024553e-04,2.859223896501530154e-08
5.751086853804244191e-03,3.804964273921964124e-01,-2.123761160095838027e-02,-3.239228205695127150e-01,2.383402186326941605e-09,-1.268108663776869927e+00,-3.805142693484477312e-01,2.071975182311757793e-10,-4.643811889709516768e-10,-7.768496026021006223e-07,-5.247787057916247190e-14,7.763341134015765814e-07,1.643541902823454182e-10,7.198295507694259256e-08,-1.613315010130357789e-07,-2.698870646561108821e-04,-1.823145486669989385e-11,2.697079776060396297e-04,5.709865830808945174e-08
8.626630280706365853e-03,3.804964273931392138e-01,-2.123761160307148163e-02,-3.239228241044624368e-01,2.383401947533443430e-09,-1.268108660244265939e+00,-3.805142693476998850e-01,4.657278717694598162e-10,-1.043809879103701437e-09,-1.746162380326246404e-06,-1.179570450735215383e-13,1.745003692500466102e-06,3.694268537078997175e-10,1.078122547188470783e-07,-2.416325235509348663e-07,-4.042225389866009903e-04,-2.730610680488079095e-11,4.039543131427886517e-04,8.551934394695845619e-08
1.150217370760848838e-02,3.804964273949734688e-01,-2.123761160718241198e-02,-3.239228309815483930e-01,2.383401482971417466e-09,-1.268108653371743388e+00,-3.805142693462449377e-01,8.271316642216635650e-10,-1.853796579688149615e-09,-3.101180495130865031e-06,-2.094914499360443862e-13,3.099122675573433142e-06,6.561012703659733548e-10,1.435335801940986108e-07,-3.216891519758408320e-07,-5.381531811790490677e-04,-3.635341172098781868e-11,5.377960875688668702e-04,1.138543818073939368e-07
1.437771713451061091e-02,3.804964273979944411e-01,-2.123761161395314526e-02,-3.239228423082096686e-01,2.383400717830943591e-09,-1.268108642052597990e+00,-3.805142693438485768e-01,1.291098566943238685e-09,-2.893636384926561534e-09,-4.840740415983624472e-06,-3.270024871637890394e-13,4.837528313040613915e-06,1.024131279901441816e-09,1.791470398391993403e-07,-4.014998129990302517e-07,-6.716793954988472181e-04,-4.537339712425225747e-11,6.712337066962325953e-04,1.421038578231167310e-07
1.725326056141273171e-02,3.804964274024966731e-01,-2.123761162404360497e-02,-3.239228591885416342e-01,2.383399577527998089e-09,-1.268108625183467009e+00,-3.805142693402773224e-01,1.857318562830974102e-09,-4.162619134767301911e-09,-6.963679773618145296e-06,-4.704116378898923169e-13,6.959059022265507353e-06,1.473270969076651783e-09,2.146527420010800732e-07,-4.810624263353923372e-07,-8.048015857137372307e-04,-5.436609054618613732e-11,8.042675763461880085e-04,1.702678579357104251e-07
2.012880398831485423e-02,3.804964274087737630e-01,-2.123761163811167807e-02,-3.239228827232985553e-01,2.383397987704228659e-09,-1.268108601664326374e+00,-3.805142693352981942e-01,2.525481946352821352e-09,-5.660027964436253539e-09,-9.468837359110286628e-06,-6.396404624473104056e-13,9.462554387581718158e-06,2.003274671793906357e-09,2.500507950369850230e-07,-5.603744098396093259e-07,-9.375201550988549381e-04,-6.333151954035422999e-11,9.368981023492867341e-04,1.983464680945337193e-07
2.300434741521697676e-02,3.804964274171183658e-01,-2.123761165681317328e-02,-3.239229140098974224e-01,2.383395874226724461e-09,-1.268108570398487345e+00,-3.805142693286790445e-01,3.295279323577378397e-09,-7.385137868503321962e-09,-1.235505312246867146e-05,-8.346106004319118298e-13,1.234685516031941218e-05,2.613896969117693782e-09,2.853413073143540594e-07,-6.394326844749792815e-07,-1.069835506441605332e-03,-7.226971168215210286e-11,1.069125690545240544e-03,2.263397742566319525e-07
2.587989084211910276e-02,3.804964274278223035e-01,-2.123761168080180034e-02,-3.239229541424210601e-01,2.383393163187791117e-09,-1.268108530292592739e+00,-3.805142693201883919e-01,4.166401612203043713e-09,-9.337214278964658040e-09,-1.562116817123901098e-05,-1.055243770764942108e-12,1.561080325883155539e-05,3.304892689296666460e-09,3.205243872107036738e-07,-7.182336790884495607e-07,-1.201748042046352823e-03,-8.118069456859129755e-11,1.200950746782834680e-03,2.542478623866471580e-07
2.875543426902122182e-02,3.804964274411765102e-01,-2.123761171072913873e-02,-3.239230042116215125e-01,2.383389780904718692e-09,-1.268108480256613602e+00,-3.805142693095955320e-01,5.138540041586806721e-09,-1.151551165674603445e-08,-1.926602476912154608e-05,-1.301461771754880797e-12,1.925324176851983985e-05,4.076016907785345340e-09,3.556001431135065149e-07,-7.967733349660453953e-07,-1.333258163738894114e-03,-9.006449581809284498e-11,1.332373676919845241e-03,2.820708184567266105e-07
3.163097769592333741e-02,3.804964274574710315e-01,-2.123761174724461687e-02,-3.239230653049234854e-01,2.383385653919558353e-09,-1.268108419203846315e+00,-3.805142692966703155e-01,6.211386152772715209e-09,-1.391927209595963082e-08,-2.328846633460111381e-05,-1.573186481158723035e-12,2.327301494186047163e-05,4.927024947265578024e-09,3.905686834200678019e-07,-8.750471101435259105e-07,-1.464366272870692553e-03,-9.892114307028973719e-11,1.463394886822962093e-03,3.098087284464293346e-07
3.450652112282546341e-02,3.804964274769949695e-01,-2.123761179099545315e-02,-3.239231385064272328e-01,2.383380708998887037e-09,-1.268108346050909274e+00,-3.805142692811834260e-01,7.384631798519961837e-09,-1.654772394017482564e-08,-2.768733743958889286e-05,-1.870339856242699165e-12,2.766896819842966991e-05,5.857672377667710860e-09,4.254301165373988514e-07,-9.530499834477051592e-07,-1.595072770322844254e-03,-1.077506639858390539e-10,1.594014782367715686e-03,3.374616783426310255e-07
3.738206454972758941e-02,3.804964275000366491e-01,-2.123761184262663165e-02,-3.239232248969125538e-01,2.383374873133585766e-09,-1.268108259717738662e+00,-3.805142692629062129e-01,8.657969143330607923e-09,-1.940008040989400739e-08,-3.246148380807523993e-05,-2.192843933842475544e-12,3.243994812492902375e-05,6.867715016191488080e-09,4.601845508820888582e-07,-1.030776458244507798e-06,-1.725378056509764167e-03,-1.165530862462451400e-10,1.724233769438413737e-03,3.650297541394256875e-07
4.025760797662970847e-02,3.804964275268833407e-01,-2.123761190278084313e-02,-3.239233255538415124e-01,2.383368073538606382e-09,-1.268108159127586010e+00,-3.805142692416107475e-01,1.003109066347693003e-08,-2.247553824035637250e-08,-3.760975231479263470e-05,-2.540620830422858170e-12,3.758480247521054729e-05,7.956908927326654798e-09,4.948320948801718047e-07,-1.108220565870423330e-06,-1.855282531382556645e-03,-1.253284375536942723e-10,1.854052253928078781e-03,3.925130418380255249e-07
4.313315140353182753e-02,3.804964275578216482e-01,-2.123761197209846421e-02,-3.239234415513619347e-01,2.383360237652743658e-09,-1.268108043207014424e+00,-3.805142692170697116e-01,1.150368914702839929e-08,-2.577327632872664823e-08,-4.313099098388788796e-05,-2.913592742137045946e-12,4.310238017030183669e-05,9.125010422873298212e-09,5.293728569669909894e-07,-1.185375868724638206e-06,-1.984786594432055330e-03,-1.340767456309018126e-10,1.983470641738400032e-03,4.199116274466575513e-07
4.600869483043395353e-02,3.804964275931371209e-01,-2.123761205121744988e-02,-3.239235739603109065e-01,2.383351293138405345e-09,-1.268107910885895695e+00,-3.805142691890566198e-01,1.307545769387824467e-08,-2.929245438966071990e-08,-4.902404898760255906e-05,-3.311681944885457652e-12,4.899153129843074583e-05,1.037177606196185296e-08,5.638069455870587361e-07,-1.262235462999706674e-06,-2.113890644691507857e-03,-1.427980382209724138e-10,2.112489338779684374e-03,4.472255969804572868e-07
4.888423825733607953e-02,3.804964276331145312e-01,-2.123761214077333689e-02,-3.239237238482177705e-01,2.383341167881384693e-09,-1.268107761097405417e+00,-3.805142691573455416e-01,1.474608971576961502e-08,-3.303221161817799760e-08,-5.528777664496054283e-05,-3.734810794374176203e-12,5.525110711505025186e-05,1.169696265107281946e-08,5.981344691939125579e-07,-1.338791981029225838e-06,-2.242595080738887369e-03,-1.514923430872743534e-10,2.241108750970819720e-03,4.744550364613592263e-07
5.175978168423820552e-02,3.804964276780376520e-01,-2.123761224139915013e-02,-3.239238922793076791e-01,2.383329789990629672e-09,-1.268107592778022319e+00,-3.805142691217114348e-01,1.651527893632129610e-08,-3.699166535870872591e-08,-6.192102542046177530e-05,-4.182901726173054457e-12,6.187996004286300559e-05,1.310032724405613400e-08,6.323555362499661318e-07,-1.415037593231553927e-06,-2.370900300698808739e-03,-1.601596880133286910e-10,2.369329284239250506e-03,5.016000319179833898e-07
5.463532511114031764e-02,3.804964277281894791e-01,-2.123761235372533321e-02,-3.239240803145045366e-01,2.383317087798012183e-09,-1.268107404867522270e+00,-3.805142690819297568e-01,1.838271939105303892e-08,-4.116990977912516924e-08,-6.892264792278075065e-05,-4.655877255773524156e-12,6.887694367184582088e-05,1.458162714215023854e-08,6.664702552263569392e-07,-1.490964009629182203e-06,-2.498806702244023466e-03,-1.688001008027136772e-10,2.497151344520950368e-03,5.286606693855186437e-07
5.751086853804244364e-02,3.804964277838521203e-01,-2.123761247837969990e-02,-3.239242890114348294e-01,2.383302989858099763e-09,-1.268107196308976281e+00,-3.805142690377767423e-01,2.034810542741043465e-08,-4.556601454850819931e-08,-7.629149790346901586e-05,-5.153659978646159694e-12,7.624091275927446902e-05,1.614061989400081471e-08,7.004787346027869171e-07,-1.566562480923959649e-06,-2.626314682596486965e-03,-1.774136092789856290e-10,2.624575337760416509e-03,5.556370349056021044e-07
6.038641196494456964e-02,3.804964278453067950e-01,-2.123761261598735087e-02,-3.239245194244304571e-01,2.383287424947925210e-09,-1.268106966048746953e+00,-3.805142689890294028e-01,2.241113170478926848e-08,-5.017902351734356348e-08,-8.402643025565968455e-05,-5.676172570298021770e-12,8.397072322974789707e-05,1.777706329567910921e-08,7.343810828673596168e-07,-1.641823799108907192e-06,-2.753424638527969624e-03,-1.860002412856163739e-10,2.751601669910667090e-03,5.825292145261939365e-07
6.326195539184667482e-02,3.804964279128337790e-01,-2.123761276717058694e-02,-3.239247726045320075e-01,2.383270322066755801e-09,-1.268106713036485145e+00,-3.805142689354653052e-01,2.457149319455944502e-08,-5.500795339878908071e-08,-9.212630101277322493e-05,-6.223337786329862097e-12,9.206523217521283252e-05,1.949071539069996294e-08,7.681774085164102673e-07,-1.716738297597938261e-06,-2.880136966360191675e-03,-1.945600246859484789e-10,2.878230746933246875e-03,6.093372943014482328e-07
6.613749881874880776e-02,3.804964279867125709e-01,-2.123761293254886051e-02,-3.239250495994923651e-01,2.383251610435863749e-09,-1.268106436225126199e+00,-3.805142688768628489e-01,2.682888518008846368e-08,-6.005179244959982145e-08,-1.005899673472231528e-04,-6.795078462493223907e-12,1.005232978549884082e-04,2.128133447003943834e-08,8.018678200543328751e-07,-1.791295850855342010e-06,-3.006452061964473652e-03,-2.030929873631689616e-10,3.004462974798250210e-03,6.360613602915798186e-07
6.901304224565092682e-02,3.804964280672217258e-01,-2.123761311273866109e-02,-3.239253514537798195e-01,2.383231219498293768e-09,-1.268106134570887056e+00,-3.805142688130009887e-01,2.918300325676423558e-08,-6.530949914924731410e-08,-1.094162875691194340e-04,-7.391317514747482673e-12,1.093437796957906380e-04,2.314867907215198163e-08,8.354524259933958883e-07,-1.865485873507424691e-06,-3.132370320760872063e-03,-2.115991572203009150e-10,3.130298759484342278e-03,6.627014985627239622e-07
7.188858567255305976e-02,3.804964281546390215e-01,-2.123761330835343200e-02,-3.239256792085811187e-01,2.383209078918636008e-09,-1.268105807033263366e+00,-3.805142687436594562e-01,3.163354333201754654e-08,-7.078000087571944104e-08,-1.186041211249692717e-04,-8.011977939316898961e-12,1.185255382917572184e-04,2.509250798298733376e-08,8.689313348535592379e-07,-1.939297318919266243e-06,-3.257892137716804620e-03,-2.200785621802158379e-10,3.255738506978809836e-03,6.892577951867962960e-07
7.476412909945517882e-02,3.804964282492411809e-01,-2.123761352000349753e-02,-3.239260339018051882e-01,2.383185118582790312e-09,-1.268105452575024161e+00,-3.805142686686186493e-01,3.418020162534386478e-08,-7.646219257643864555e-08,-1.281523285963728244e-04,-8.656982812747737506e-12,1.280674354044724240e-04,2.711258023600688537e-08,9.023046551622782493e-07,-2.012718677220042753e-06,-3.383017907345121662e-03,-2.285312301856650415e-10,3.380782623277602851e-03,7.157303362413411986e-07
7.763967252635729788e-02,3.804964283513041501e-01,-2.123761374829595885e-02,-3.239264165680859064e-01,2.383159268597739152e-09,-1.268105070162211190e+00,-3.805142685876597430e-01,3.682267466832457969e-08,-8.235493543268982826e-08,-1.380597716987124737e-04,-9.326255291965494543e-12,1.379683339629918682e-04,2.920865511219964474e-08,9.355724954543038486e-07,-2.085737972760933626e-06,-3.507748023701622031e-03,-2.369571891993319946e-10,3.505431514385401286e-03,7.421192078093809160e-07
8.051521595325941694e-02,3.804964284611030978e-01,-2.123761399383457954e-02,-3.239268282387857689e-01,2.383131459291314365e-09,-1.268104658764132919e+00,-3.805142685005645231e-01,3.956065930464775409e-08,-8.845705551590414082e-08,-1.483253132798346508e-04,-1.001971861433233758e-11,1.482270980638681853e-04,3.138049214009780530e-08,9.687349642714769453e-07,-2.158342760990128413e-06,-3.632082880382016005e-03,-2.453564672039063048e-10,3.629685586315694462e-03,7.684244959792550499e-07
8.339075938016154987e-02,3.804964285789121936e-01,-2.123761425721969881e-02,-3.239272699419988299e-01,2.383101621211968025e-09,-1.268104217353364316e+00,-3.805142684071154413e-01,4.239385269012813540e-08,-9.476734243410016420e-08,-1.589478173187214315e-04,-1.073729609770472856e-11,1.588425929711759807e-04,3.362785109579172751e-08,1.001792170162512651e-06,-2.230520124729946965e-06,-3.756022870518275006e-03,-2.537290922021784820e-10,3.753545245090858691e-03,7.946462868444568678e-07
8.626630280706365506e-02,3.804964287050048299e-01,-2.123761453904813093e-02,-3.239277427025542000e-01,2.383069685128535456e-09,-1.268103744905739960e+00,-3.805142683070957266e-01,4.532195229272664402e-08,-1.012845479667433804e-07,-1.699261489241510998e-04,-1.147891114049142180e-11,1.698136851165377430e-04,3.595049200294458991e-08,1.034744221682781425e-06,-2.302256669841650699e-06,-3.879568386774406245e-03,-2.620750922171581479e-10,3.877010896742264824e-03,8.207846665034638968e-07
8.914184623396578799e-02,3.804964288396534000e-01,-2.123761483991303683e-02,-3.239282475420191543e-01,2.383035582030011890e-09,-1.268103240400352494e+00,-3.805142682002891630e-01,4.834465589256917347e-08,-1.080073846862419524e-07,-1.812591743333460655e-04,-1.224448722171178185e-11,1.811392420991499196e-04,3.834817513280642802e-08,1.067591227394077205e-06,-2.373538520263943290e-06,-4.002719821341599836e-03,-2.703944952922135452e-10,4.000082947310385807e-03,8.468397210595604701e-07
9.201738966086790705e-02,3.804964289831295199e-01,-2.123761516040381311e-02,-3.239287854787023524e-01,2.382999243125312589e-09,-1.268102702819550398e+00,-3.805142680864803117e-01,5.146166158196473543e-08,-1.149345245642591872e-07,-1.929457609106049543e-04,-1.303394790105456018e-11,1.928181326858092353e-04,4.082066100422768687e-08,1.100333295864384677e-06,-2.444351312411741699e-06,-4.125477565932753575e-03,-2.786873294912359397e-10,4.122761802844927652e-03,8.728115366206573090e-07
9.489293308777002611e-02,3.804964291357039730e-01,-2.123761550110598098e-02,-3.239293575276570580e-01,2.382960599843046195e-09,-1.268102131148932443e+00,-3.805142679654545113e-01,5.467266776542292984e-08,-1.220645975609838548e-07,-2.049847771459191925e-04,-1.384721681893719043e-11,2.048492268109394993e-04,4.336771038367233677e-08,1.132970535667632794e-06,-2.514680188922210042e-06,-4.247842011776356737e-03,-2.869536228988263043e-10,4.245047869404964744e-03,8.987001992991039049e-07
9.776847651467215905e-02,3.804964292976465434e-01,-2.123761586260107179e-02,-3.239299647006848026e-01,2.382919583831279397e-09,-1.268101524377344802e+00,-3.805142678369976550e-01,5.797737315967054798e-08,-1.293961901954633384e-07,-2.173750926535699410e-04,-1.468421769656559425e-11,2.172313955766182495e-04,4.598908428523019499e-08,1.165503055383443628e-06,-2.584509791735590552e-06,-4.369813549609725956e-03,-2.951934036205069229e-10,4.366941553059087294e-03,9.245057952114927492e-07
1.006440199415742781e-01,3.804964294692264049e-01,-2.123761624546647436e-02,-3.239306080063377724e-01,2.382876126957305734e-09,-1.268100881496879717e+00,-3.805142677008962471e-01,6.137547679366780515e-08,-1.369278440950699558e-07,-2.301155781707055680e-04,-1.554487433599472703e-11,2.299635112526053214e-04,4.868454397062901584e-08,1.197930963596872758e-06,-2.653824254498816858e-06,-4.491392569671570634e-03,-3.034066997829571361e-10,4.488443259885580017e-03,9.502284104784605980e-07
1.035195633684764110e-01,3.804964296507115651e-01,-2.123761665027532053e-02,-3.239312884499229162e-01,2.382830161307413573e-09,-1.268100201502869284e+00,-3.805142675569377353e-01,6.486667800862336883e-08,-1.446580545221356012e-07,-2.432051055558964888e-04,-1.642911062018975856e-11,2.430444472763702238e-04,5.145385094924578665e-08,1.230254368898140756e-06,-2.722607194280368790e-06,-4.612579461693895252e-03,-3.115935395342749893e-10,4.609553395972595599e-03,9.758681312244819017e-07
1.063951067953785162e-01,3.804964298423691993e-01,-2.123761707759634632e-02,-3.239320070335045543e-01,2.382781619186651600e-09,-1.268099483393883453e+00,-3.805142674049101226e-01,6.845067645800891049e-08,-1.525852688757584076e-07,-2.566425477876649601e-04,-1.733685051308804532e-11,2.564730782531206266e-04,5.429676697811727596e-08,1.262473379882356210e-06,-2.790841702585299239e-06,-4.733374614893203457e-03,-3.197539510442627129e-10,4.730272367418346391e-03,1.001425043577652706e-06
1.092706502222806353e-01,3.804964300444659275e-01,-2.123761752799375319e-02,-3.239327647559078205e-01,2.382730433118598868e-09,-1.268098726171727586e+00,-3.805142672446020224e-01,7.212717210757277055e-08,-1.607078851667545742e-07,-2.704267789629903997e-04,-1.826801805966205120e-11,2.702482799558327182e-04,5.721305406195048250e-08,1.294588105149230273e-06,-2.858510335659832461e-06,-4.853778417961016924e-03,-3.278879625047395524e-10,4.850600580331320376e-03,1.026899233669474447e-06
1.121461936491827543e-01,3.804964302572672041e-01,-2.123761800202706232e-02,-3.239335626127219925e-01,2.382676535845127390e-09,-1.268097928841436906e+00,-3.805142670758027701e-01,7.589586523535271686e-08,-1.690242504636956657e-07,-2.845566742957841302e-04,-1.922253738598306295e-11,2.843689293252797744e-04,6.020247445313172091e-08,1.326598653302785074e-06,-2.925595104075367317e-06,-4.973791259053678658e-03,-3.359956021298799293e-10,4.970538440830507554e-03,1.052290787634623982e-06
1.150217370760848873e-01,3.804964304810377618e-01,-2.123761850025097583e-02,-3.239344015963035450e-01,2.382619860326173431e-09,-1.268097090411275385e+00,-3.805142668983024778e-01,7.975645643168793552e-08,-1.775326593079477874e-07,-2.990311101153357446e-04,-2.020033269928605928e-11,2.988339044700633832e-04,6.326479065173572071e-08,1.358505132951046876e-06,-2.992077461582186064e-06,-5.093413525781450256e-03,-3.440768981565781250e-10,5.090086355045624587e-03,1.077599791610721393e-06
1.178972805029870063e-01,3.804964307160413339e-01,-2.123761902321519637e-02,-3.239352826957792586e-01,2.382560339739500927e-09,-1.268096209892730641e+00,-3.805142667118918132e-01,8.370864659923009521e-08,-1.862313520955973046e-07,-3.138489638647257531e-04,-2.120132828803553312e-11,3.136420846666445076e-04,6.639976540553354745e-08,1.390307652705738395e-06,-3.057938293223617412e-06,-5.212645605196875379e-03,-3.521318788448399508e-10,5.209244729117389755e-03,1.102826331738089013e-06
1.207728239298891393e-01,3.804964309625409880e-01,-2.123761957146430568e-02,-3.239362068970498276e-01,2.382497907480468227e-09,-1.268095286300511493e+00,-3.805142665163622206e-01,8.775213695295353807e-08,-1.951185134241243210e-07,-3.290091140992045925e-04,-2.222544852199259983e-11,3.287923503593754692e-04,6.960716171000012669e-08,1.422006321181955867e-06,-3.123157902701813789e-06,-5.331487883782419848e-03,-3.601605724782014041e-10,5.328013969197773619e-03,1.127970494159501757e-06
1.236483673567912583e-01,3.804964312207987365e-01,-2.123762014553757030e-02,-3.239371751827924140e-01,2.382432497161796063e-09,-1.268094318652544850e+00,-3.805142663115058110e-01,9.188662902016445150e-08,-2.041922704016603564e-07,-3.445104404845346097e-04,-2.327261785228326872e-11,3.442835831605327995e-04,7.288674280832086805e-08,1.453601246997840612e-06,-3.187715998986780891e-06,-5.449940747437369282e-03,-3.681630073641755534e-10,5.446394481450302603e-03,1.153032365019936189e-06
1.265239107836933496e-01,3.804964314910758705e-01,-2.123762074596879240e-02,-3.239381885324644772e-01,2.382364042613331393e-09,-1.268093305969971496e+00,-3.805142660971153057e-01,9.611182464050915314e-08,-2.134506909166415164e-07,-3.603518237952930145e-04,-2.434276081146805546e-11,3.601146658503506337e-04,7.623827219139766067e-08,1.485092538774238103e-06,-3.251591682160663120e-06,-5.568004581463961711e-03,-3.761392118347252716e-10,5.564386672050340016e-03,1.178012030466304135e-06
1.293994542105954826e-01,3.804964317736328483e-01,-2.123762137328612590e-02,-3.239392479223067167e-01,2.382292477881813310e-09,-1.268092247277143203e+00,-3.805142658729841476e-01,1.004274259659815422e-07,-2.228917818656481983e-07,-3.765321459131350961e-04,-2.543580201361305499e-11,3.762844823770561636e-04,7.966151359785412743e-08,1.516480305134352798e-06,-3.314763428489784849e-06,-5.685679770552789017e-03,-3.840892142467665758e-10,5.681990947185426057e-03,1.202909576647186495e-06
1.322749976374976155e-01,3.804964320687291290e-01,-2.123762202801191337e-02,-3.239403543253459583e-01,2.382217737230640186e-09,-1.268091141601618954e+00,-3.805142656389065015e-01,1.048331354609290551e-07,-2.325134873371990835e-07,-3.930502898250121742e-04,-2.655166615436237475e-11,3.927919178569032484e-04,8.315623101403979392e-08,1.547764654703386038e-06,-3.377209074717292620e-06,-5.802966698767416005e-03,-3.920130429826976604e-10,5.799207713055583996e-03,1.227725089712553095e-06
1.351505410643997485e-01,3.804964323766234502e-01,-2.123762271066247445e-02,-3.239415087113988179e-01,2.382139755139633930e-09,-1.268089987974162947e+00,-3.805142653946771425e-01,1.093286559020581183e-07,-2.423136867492503332e-07,-4.099051396213468325e-04,-2.769027801101225780e-11,4.096358585742107409e-04,8.672218867403392660e-08,1.578945696108172875e-06,-3.438905801569711808e-06,-5.919865749528241405e-03,-3.999107264509584337e-10,5.916037375873695742e-03,1.252458655813481467e-06
1.380260844913018536e-01,3.804964326975735500e-01,-2.123762342174796702e-02,-3.239427120470746435e-01,2.382058466304804241e-09,-1.268088785428739262e+00,-3.805142651400916232e-01,1.139136903784382642e-07,-2.522901929381286404e-07,-4.270955804941587667e-04,-2.885156244258681190e-11,4.268151919813991876e-04,9.035915105964821946e-08,1.610023537976800704e-06,-3.499830116471092955e-06,-6.036377305595566969e-03,-4.077822930866175055e-10,6.032480341865848784e-03,1.277110361101861871e-06
1.409016279182039866e-01,3.804964330318364452e-01,-2.123762416177212009e-02,-3.239439652957785132e-01,2.381973805638115341e-09,-1.268087533002509870e+00,-3.805142648749459955e-01,1.185879422915050563e-07,-2.624407501966116271e-07,-4.446204987351408682e-04,-3.003544438991540254e-11,4.443288066990288307e-04,9.406688290042858072e-08,1.640998288938227453e-06,-3.559957835458863421e-06,-6.152501749051907630e-03,-4.156277713519889022e-10,6.148537017271725642e-03,1.301680291730100833e-06
1.437771713451061195e-01,3.804964333796683196e-01,-2.123762493123211581e-02,-3.239452694177147318e-01,2.381885708267248574e-09,-1.268086229735830850e+00,-3.805142645990371442e-01,1.233511153550621800e-07,-2.727630322588522651e-07,-4.624787817336847287e-04,-3.124184887571199123e-11,4.621755925158404273e-04,9.784514917365632400e-08,1.671870057621878193e-06,-3.619264064295850288e-06,-6.268239461283486337e-03,-4.234471897372770610e-10,6.264207808344998511e-03,1.326168533850810498e-06
1.466527147720082247e-01,3.804964337413244135e-01,-2.123762573061831541e-02,-3.239466253698897735e-01,2.381794109535369558e-09,-1.268084874672249507e+00,-3.805142643121626200e-01,1.282029135952821577e-07,-2.832546402298287272e-07,-4.806693179748501468e-04,-3.247070100465624121e-11,4.803544403887943901e-04,1.016937151043483139e-07,1.702638952657247872e-06,-3.677723178773394835e-06,-6.383590822960970822e-03,-4.312405767612524807e-10,6.379493121353742129e-03,1.350575173616498400e-06
1.495282581989103576e-01,3.804964341170590791e-01,-2.123762656041408917e-02,-3.239480341061155011e-01,2.381698945000888299e-09,-1.268083466858499486e+00,-3.805142640141206400e-01,1.331430413507059248e-07,-2.939131004569849009e-07,-4.991909970372796108e-04,-3.372192596347670075e-11,4.988642424431151846e-04,1.056123461652560659e-07,1.733305082673476533e-06,-3.735308804200772442e-06,-6.498556214019377691e-03,-4.390079609719553432e-10,6.494393362580880465e-03,1.374900297179239453e-06
1.524038016258124628e-01,3.804964345071259468e-01,-2.123762742109557358e-02,-3.239494965770122192e-01,2.381600150437227584e-09,-1.268082005344499441e+00,-3.805142637047099208e-01,1.381712032722410963e-07,-3.047358623417178523e-07,-5.180427095910520663e-04,-3.499544902103600927e-11,5.177038919723321499e-04,1.096008080768641320e-07,1.763868556298926220e-06,-3.791993794076614138e-06,-6.613136013637198503e-03,-4.467493709474299455e-10,6.608908938324610863e-03,1.399143990690349205e-06
1.552793450527145958e-01,3.804964349117777034e-01,-2.123762831313146665e-02,-3.239510137300119497e-01,2.381497661832585162e-09,-1.268080489183348147e+00,-3.805142633837301225e-01,1.432871043231594654e-07,-3.157202960883531457e-07,-5.372233473954778115e-04,-3.629119552841826182e-11,5.368722834383260652e-04,1.136588668073875197e-07,1.794329482160747505e-06,-3.847750207938323760e-06,-6.727330600214717453e-03,-4.544648352964882400e-10,6.723040254898887159e-03,1.423306340300045238e-06
1.581548884796167009e-01,3.804964353312663139e-01,-2.123762923698278501e-02,-3.239525865093613732e-01,2.381391415389693038e-09,-1.268078917431322283e+00,-3.805142630509815160e-01,1.484904497790924237e-07,-3.268636903882379699e-07,-5.567318032968276900e-04,-3.760909091901863536e-11,5.563683124713744146e-04,1.177862885727678802e-07,1.824687968884426967e-06,-3.902549288385876420e-06,-6.841140351351511148e-03,-4.621543826595035135e-10,6.836787718633893264e-03,1.447387432157098401e-06
1.610304319065188339e-01,3.804964357658427443e-01,-2.123763019310263150e-02,-3.239542158561251606e-01,2.381281347525588756e-09,-1.268077289147872655e+00,-3.805142627062647609e-01,1.537809452280258534e-07,-3.381632500365749776e-07,-5.765669712259965810e-04,-3.894906070863526400e-11,5.761908758701978460e-04,1.219828398366687707e-07,1.854944125093336566e-06,-3.956361437276785502e-06,-6.954565643823142594e-03,-4.698180417092343114e-10,6.950151735876547096e-03,1.471387352408481928e-06
1.639059753334209668e-01,3.804964362157571833e-01,-2.123763118193593494e-02,-3.239559027081889142e-01,2.381167394871370556e-09,-1.268075603395619311e+00,-3.805142623493815712e-01,1.591582965702931385e-07,-3.496160934796084167e-07,-5.967277461961014579e-04,-4.031103049556364744e-11,5.963388716020105859e-04,1.262482873104702013e-07,1.885098059408263540e-06,-4.009156191089309978e-06,-7.067606853557049408e-03,-4.774558411516782945e-10,7.063132712991015798e-03,1.495306187199007426e-06
1.667815187603230997e-01,3.804964366812589316e-01,-2.123763220391922807e-02,-3.239576480002624437e-01,2.381049494271964932e-09,-1.268073859240351320e+00,-3.805142619801341053e-01,1.646222100185672773e-07,-3.612192502897674636e-07,-6.172130243000052870e-04,-4.169492596069351511e-11,6.168111988025699877e-04,1.305823979532618457e-07,1.915149880446933316e-06,-4.060902195451405849e-06,-7.180264355607592422e-03,-4.850678097269562885e-10,7.175731056359241355e-03,1.519144022670955564e-06
1.696570621872252049e-01,3.804964371625965125e-01,-2.123763325948036310e-02,-3.239594526638828187e-01,2.380927582785887167e-09,-1.268072055751020333e+00,-3.805142615983252430e-01,1.701723920978512736e-07,-3.729696585663636179e-07,-6.380217027077699117e-04,-4.310067286760814603e-11,6.376067577762285733e-04,1.349849389718350472e-07,1.945099696823524371e-06,-4.111567178833219425e-06,-7.292538524130305448e-03,-4.926539762102265252e-10,7.287947172381502650e-03,1.542900944963697034e-06
1.725326056141273101e-01,3.804964376600175613e-01,-2.123763434903824798e-02,-3.239613176274172002e-01,2.380801597685002688e-09,-1.268070191999739471e+00,-3.805142612037585859e-01,1.758085496454670195e-07,-3.848641622594348922e-07,-6.591526796640335842e-04,-4.452819706268655786e-11,6.587244499959870507e-04,1.394556778206739911e-07,1.974947617148169539e-06,-4.161117925401305970e-06,-7.404429732355318448e-03,-5.002143694126294898e-10,7.399781467476974038e-03,1.566577040213309047e-06
1.754081490410294430e-01,3.804964381737688250e-01,-2.123763547300258972e-02,-3.239632438160662264e-01,2.380671476454290497e-09,-1.268068267061778220e+00,-3.805142607962383461e-01,1.815303898110434370e-07,-3.968995084143253480e-07,-6.806048544853111936e-04,-4.597742447520839090e-11,6.801631781035505841e-04,1.439943822019457256e-07,2.004693750026448217e-06,-4.209520247033053303e-06,-7.515938352559959311e-03,-5.077490181822639938e-10,7.511234348084316892e-03,1.590172394552177873e-06
1.782836924679315760e-01,3.804964387040963847e-01,-2.123763663177358207e-02,-3.239652321518672329e-01,2.380537156791604524e-09,-1.268066280015560654e+00,-3.805142603755694020e-01,1.873376200565021576e-07,-4.090723443345802135e-07,-7.023771275572133956e-04,-4.744828111746157076e-11,7.019218459093852806e-04,1.486008200654890179e-07,2.034338204058868618e-06,-4.256738954490166852e-06,-7.627064756040513420e-03,-5.152579514051912689e-10,7.622306220662274610e-03,1.613687094108599033e-06
1.811592358948336812e-01,3.804964392512453775e-01,-2.123763782574164885e-02,-3.239672835536967499e-01,2.380398576607432095e-09,-1.268064229942660548e+00,-3.805142599415574645e-01,1.932299481560425408e-07,-4.213792146607403188e-07,-7.244684003315846445e-04,-4.894069308485294380e-11,7.239993583927761952e-04,1.532747596088018342e-07,2.063881087840340488e-06,-4.302737827750386071e-06,-7.737809313083198262e-03,-5.227411980064723548e-10,7.732997491690299721e-03,1.637121225006366493e-06
1.840347793217358141e-01,3.804964398154598859e-01,-2.123763905528711082e-02,-3.239693989372742222e-01,2.380255674024658596e-09,-1.268062115927799605e+00,-3.805142594940085221e-01,1.992070821961242830e-07,-4.338165583626117450e-07,-7.468775753235541628e-04,-5.045458655602196919e-11,7.463946217018876126e-04,1.580159692770277605e-07,2.093322509959633433e-06,-4.347479585496907054e-06,-7.848172392934267202e-03,-5.301987869512346457e-10,7.843308567669177514e-03,1.660474873364353803e-06
1.869103227486379470e-01,3.804964403969836040e-01,-2.123764032077990124e-02,-3.239715792151645624e-01,2.380108387378324696e-09,-1.268059937058842568e+00,-3.805142590327296181e-01,2.052687305754496832e-07,-4.463807056425921955e-07,-7.696035561085048373e-04,-5.198988779295756467e-11,7.691065431538275567e-04,1.628242177629416825e-07,2.122662578998831850e-06,-4.390925853765352121e-06,-7.958154363769325695e-03,-5.376307472457692481e-10,7.953239855121706919e-03,1.683748125296089526e-06
1.897858661755400522e-01,3.804964409960589489e-01,-2.123764162257924318e-02,-3.239738252967813148e-01,2.379956655215389775e-09,-1.268057692426795002e+00,-3.805142585575282954e-01,2.114146020049431020e-07,-4.590678747476261776e-07,-7.926452473189458383e-04,-5.354652314111793787e-11,7.921340312347090488e-04,1.676992740069330570e-07,2.151901403532772924e-06,-4.433037133748395615e-06,-8.067755592661795747e-03,-5.450371079386574977e-10,8.062791760593329346e-03,1.706941066909319104e-06
1.926614096024421852e-01,3.804964416129277827e-01,-2.123764296103330604e-02,-3.239761380883901531e-01,2.379800416294488317e-09,-1.268055381125798853e+00,-3.805142580682127074e-01,2.176444055077293892e-07,-4.718741686873728297e-07,-8.160015546412992607e-04,-5.512441902955402361e-11,8.154759955997179779e-04,1.726409071969894206e-07,2.181039092128478264e-06,-4.473772768758509269e-06,-8.176976445550579800e-03,-5.524178981219310804e-10,8.171964690652861601e-03,1.730053784305567796e-06
1.955369530293443181e-01,3.804964422478310238e-01,-2.123764433647890373e-02,-3.239785184931111006e-01,2.379639609585690858e-09,-1.268053002253131112e+00,-3.805142575645918401e-01,2.239578504191108017e-07,-4.847955718561627194e-07,-8.396713848125898381e-04,-5.672350197103599088e-11,8.391313470731810806e-04,1.776488867686772263e-07,2.210075753344573268e-06,-4.513090910349549633e-06,-8.285817287206873744e-03,-5.597731469322593462e-10,8.280759051893170700e-03,1.753086363579684334e-06
1.984124964562464510e-01,3.804964429010087024e-01,-2.123764574924111997e-02,-3.239809674109221382e-01,2.379474174270264098e-09,-1.268050554909197158e+00,-3.805142570464751794e-01,2.303546463865417782e-07,-4.978279465563282407e-07,-8.636536456170377293e-04,-5.834369856218344616e-11,8.630989976486360890e-04,1.827229824051224669e-07,2.239011495730698431e-06,-4.550948483598271786e-06,-8.394278481200181941e-03,-5.671028835521696081e-10,8.389175250931912853e-03,1.776038890819387338e-06
2.012880398831485562e-01,3.804964435727001271e-01,-2.123764719963294745e-02,-3.239834857386619804e-01,2.379304049740428958e-09,-1.268048038197530758e+00,-3.805142565136728772e-01,2.368345033696023632e-07,-5.109670294204929876e-07,-8.879472458825536174e-04,-5.998493548359901672e-11,8.873778604889038298e-04,1.878629640369892087e-07,2.267846427826905411e-06,-4.587301151547083912e-06,-8.502360389863490922e-03,-5.744071372112951500e-10,8.497213694412260321e-03,1.798911452104795213e-06
2.041635833100506892e-01,3.804964442631438848e-01,-2.123764868795496169e-02,-3.239860743700332391e-01,2.379129175599117383e-09,-1.268045451224788511e+00,-3.805142559659960289e-01,2.433971316399696464e-07,-5.242084277304107695e-07,-9.125510954771322205e-04,-6.164713950000568193e-11,9.119668499261626010e-04,1.930686018424570917e-07,2.296580658163050977e-06,-4.622103278809719031e-06,-8.610063374257646840e-03,-5.816859371876570472e-10,8.604874789003676833e-03,1.821704133507953083e-06
2.070391267369528221e-01,3.804964449725772857e-01,-2.123765021449488394e-02,-3.239887341956051436e-01,2.378949491659730809e-09,-1.268042793100747634e+00,-3.805142554032559521e-01,2.500422417813876926e-07,-5.375476156299503375e-07,-9.374641053051420425e-04,-6.333023746038779462e-11,9.368648814620259089e-04,1.983396662471976129e-07,2.325214295258171477e-06,-4.655307894341717838e-06,-8.717387794134877702e-03,-5.889393128089723520e-10,8.712158941402677395e-03,1.844417021092349555e-06
2.099146701638548995e-01,3.804964457012373069e-01,-2.123765177952725153e-02,-3.239914661028167608e-01,2.378764937945900690e-09,-1.268040062938301960e+00,-3.805142548252648527e-01,2.567695446896353553e-07,-5.509799302298249585e-07,-9.626851873035072475e-04,-6.503415629813579896e-11,9.620708717676189044e-04,2.036759279243483975e-07,2.353747447619856454e-06,-4.686866653377978310e-06,-8.824334007901545388e-03,-5.961672934539961946e-10,8.819066558333619327e-03,1.867050200912426290e-06
2.127902135907570325e-01,3.804964464493597043e-01,-2.123765338331297728e-02,-3.239942709759798811e-01,2.378575454691241590e-09,-1.268037259853459053e+00,-3.805142542318357135e-01,2.635787515724927382e-07,-5.645005676016813816e-07,-9.882132544377863169e-04,-6.675882303119517466e-11,9.875837386836634930e-04,2.090771577944871794e-07,2.382180223743601094e-06,-4.716729798539825081e-06,-8.930902372580051124e-03,-6.033699085538908703e-10,8.925598046549526252e-03,1.889603759013081004e-06
2.156657570176591376e-01,3.804964472171798451e-01,-2.123765502609896438e-02,-3.239971496962817943e-01,2.378380982339108401e-09,-1.268034382965335993e+00,-3.805142536227819061e-01,2.704695739497051977e-07,-5.781045786591542685e-07,-1.014047220698134806e-03,-6.850416476221896126e-11,1.013402401220558349e-03,2.145431270256029224e-07,2.410512732112161629e-06,-4.744846120114398881e-06,-9.037093243769936043e-03,-6.105471875936268766e-10,9.031753812832894746e-03,1.912077781429156076e-06
2.185413004445612706e-01,3.804964480049317088e-01,-2.123765670811765538e-02,-3.240001031417886757e-01,2.378181461542356464e-09,-1.268031431396157371e+00,-3.805142529979176902e-01,2.774417236529459136e-07,-5.917868649235197975e-07,-1.040186001095155018e-03,-7.027010867872452187e-11,1.039525779558466735e-03,2.200736070330664917e-07,2.438745081194888299e-06,-4.771162915509395022e-06,-9.142906975608180303e-03,-6.176991601134129016e-10,9.137534263996549555e-03,1.934472354184930321e-06
2.214168438714634035e-01,3.804964488128489419e-01,-2.123765842958662275e-02,-3.240031321874479175e-01,2.377976833163090929e-09,-1.268028404271250409e+00,-3.805142523570578805e-01,2.844949128257760789e-07,-6.055421741715763234e-07,-1.066628511655636500e-03,-7.205658205325463652e-11,1.065952795047404649e-03,2.256683694795994462e-07,2.466877379447055777e-06,-4.795625947886455215e-06,-9.248343920728714640e-03,-6.248258557101564186e-10,9.242939806884502285e-03,1.956787563293592143e-06
2.242923872983655087e-01,3.804964496411640251e-01,-2.123766019070810404e-02,-3.240062377050916265e-01,2.377767038272428118e-09,-1.268025300719043180e+00,-3.805142517000178470e-01,2.916288539236038189e-07,-6.193650959633973424e-07,-1.093373669418170550e-03,-7.386351224354249889e-11,1.092682370207330488e-03,2.313271862752414806e-07,2.494909735309180456e-06,-4.818179403976780416e-06,-9.353404430221066296e-03,-6.319273040389521970e-10,9.347970848372811822e-03,1.979023494756709924e-06
2.271679307252676416e-01,3.804964504901088840e-01,-2.123766199166855773e-02,-3.240094205634390656e-01,2.377552018150246542e-09,-1.268022119871059505e+00,-3.805142510266139588e-01,2.988432597136408863e-07,-6.332500570476105880e-07,-1.120420392428652301e-03,-7.569082669268135294e-11,1.119713428728241322e-03,2.370498295773161735e-07,2.522842257206330965e-06,-4.838765851082811077e-06,-9.458088853588305853e-03,-6.390035348146025573e-10,9.452627795370507208e-03,2.001180234563696276e-06
2.300434741521697746e-01,3.804964513599145004e-01,-2.123766383263815324e-02,-3.240126816280998190e-01,2.377331714284942466e-09,-1.268018860861917618e+00,-3.805142503366628071e-01,3.061378432748564981e-07,-6.471913166418665025e-07,-1.147767599735655076e-03,-7.753845292929825254e-11,1.147044895470265705e-03,2.428360717903952001e-07,2.550675053547424710e-06,-4.857326193270027856e-06,-9.562397538704124969e-03,-6.460545778131657498e-10,9.556911054820468876e-03,2.023257868691261704e-06
2.329190175790719075e-01,3.804964522508108016e-01,-2.123766571377032689e-02,-3.240160217615765115e-01,2.377106068373183830e-09,-1.268015522829324393e+00,-3.805142496299818711e-01,3.135123179979306958e-07,-6.611829615861773352e-07,-1.175414211385683756e-03,-7.940631856773269370e-11,1.174675696463764723e-03,2.486856855662612747e-07,2.578408232724515518e-06,-4.873799626753215525e-06,-9.666330831769130022e-03,-6.530804628735323537e-10,9.660821033700356733e-03,2.045256483102858955e-06
2.357945610059740127e-01,3.804964531630272706e-01,-2.123766763520125445e-02,-3.240194418232678619e-01,2.376875022319662499e-09,-1.268012104914074456e+00,-3.805142489063892963e-01,3.209663975852044764e-07,-6.752189013668134057e-07,-1.203359148418298901e-03,-8.129435130821933103e-11,1.202604758909432605e-03,2.545984438038688167e-07,2.606041903112075352e-06,-4.888123594481788614e-06,-9.769889077266405430e-03,-6.600812198990340404e-10,9.764358139023581601e-03,2.067176163748123127e-06
2.386701044328761456e-01,3.804964540967925024e-01,-2.123766959704932386e-02,-3.240229426694713477e-01,2.376638518236848186e-09,-1.268008606260044635e+00,-3.805142481657038389e-01,3.284997960506279645e-07,-6.892928630084617098e-07,-1.231601332861113592e-03,-8.320247893707587698e-11,1.230831011178400375e-03,2.605741196493036633e-07,2.633576173066258665e-06,-4.900233739928942512e-06,-9.873072617916239108e-03,-6.670568788590775652e-10,9.867522777840228090e-03,2.089016996562305426e-06
2.415456478597782786e-01,3.804964550523339262e-01,-2.123767159941463561e-02,-3.240265251533859803e-01,2.376396498444740290e-09,-1.268005026014191738e+00,-3.805142474077448100e-01,3.361122277197069433e-07,-7.033983858323646429e-07,-1.260139687724659086e-03,-8.513062932689524036e-11,1.259353382812343405e-03,2.666124864957407444e-07,2.661011150924167175e-06,-4.910063860089739318e-06,-9.975881794630098512e-03,-6.740074697908092615e-10,9.970315357238055537e-03,2.110779067465691259e-06
2.444211912866803837e-01,3.804964560298785825e-01,-2.123767364237841640e-02,-3.240301901251155803e-01,2.376148905470618921e-09,-1.268001363326550557e+00,-3.805142466323323536e-01,3.438034072294471623e-07,-7.175288160781730280e-07,-1.288973136997115156e-03,-8.707873043674297699e-11,1.288170804523591350e-03,2.727133179834005666e-07,2.688346945003096426e-06,-4.917545857693392756e-06,-1.007831694646384169e-02,-6.809330228008084863e-10,1.007273628434346945e-02,2.132462462363023401e-06
2.472967347135825167e-01,3.804964570296524018e-01,-2.123767572600248829e-02,-3.240339384316708315e-01,2.375895682048797154e-09,-1.267997617350226536e+00,-3.805142458392871685e-01,3.515730495282958389e-07,-7.316773013872570589e-07,-1.318100605638906214e-03,-8.904671031235921220e-11,1.317282208195239392e-03,2.788763879995031555e-07,2.715583663599773463e-06,-4.922609692635250252e-06,-1.018037841057013899e-02,-6.878335680668071220e-10,1.017478596632254498e-02,2.154067267142904838e-06
2.501722781404846496e-01,3.804964580518806483e-01,-2.123767785032867547e-02,-3.240377709169729448e-01,2.375636771120370812e-09,-1.267993787241396886e+00,-3.805142450284306199e-01,3.594208698760817312e-07,-7.458367851452462959e-07,-1.347521019577160384e-03,-9.103449708636592713e-11,1.346686526881265547e-03,2.851014706782209921e-07,2.742721414989593230e-06,-4.925183332634249772e-06,-1.028206652215017496e-02,-6.947091358394402007e-10,1.027646481038203830e-02,2.175593567677202455e-06
2.530478215673866993e-01,3.804964590967877536e-01,-2.123768001537820402e-02,-3.240416884218554339e-01,2.375372115832967413e-09,-1.267989872159303921e+00,-3.805142441995846281e-01,3.673465838439525100e-07,-7.600000006815739840e-07,-1.377233305700026984e-03,-9.304201897847896254e-11,1.376382694806647326e-03,2.913883404006300976e-07,2.769760307425834640e-06,-4.925192703121789127e-06,-1.038338161440456424e-02,-7.015597564440214473e-10,1.037777322377042913e-02,2.197041449820439713e-06
2.559233649942888600e-01,3.804964601645971500e-01,-2.123768222115109822e-02,-3.240456917840679463e-01,2.375101659540497602e-09,-1.267985871266253728e+00,-3.805142433525718904e-01,3.753499073143101729e-07,-7.741594653238291230e-07,-1.407236391850850889e-03,-9.506920429572556732e-11,1.406369647367485551e-03,2.977367717946594750e-07,2.796700449138875376e-06,-4.922561636368197870e-06,-1.048432401848353214e-02,-7.083854602823492218e-10,1.047871161377898763e-02,2.218410999409188906e-06
2.587989084211909652e-01,3.804964612555317149e-01,-2.123768446762555259e-02,-3.240497818382780393e-01,2.374825345802900796e-09,-1.267981783727611722e+00,-3.805142424872157703e-01,3.834305564807442875e-07,-7.883074743047283000e-07,-1.437529206822207905e-03,-9.711598143266679374e-11,1.436646321131126872e-03,3.041465397350380646e-07,2.823541948335394834e-06,-4.917211819853183999e-06,-1.058489406343635607e-02,-7.151862778345369662e-10,1.057928038774281869e-02,2.239702302261440965e-06
2.616744518480931259e-01,3.804964623698134374e-01,-2.123768675475727619e-02,-3.240539594160746217e-01,2.374543118385896615e-09,-1.267977608711798876e+00,-3.805142416033401864e-01,3.915882478479617933e-07,-8.024360945195476659e-07,-1.468110680349784007e-03,-9.918227887162532110e-11,1.467211653836291482e-03,3.106174193432407451e-07,2.850284913197565205e-06,-4.909062743886902143e-06,-1.068509207616007151e-02,-7.219622396608729137e-10,1.067947995304197387e-02,2.260915444175985007e-06
2.645499952749952310e-01,3.804964635076633628e-01,-2.123768908247882295e-02,-3.240582253459701745e-01,2.374254921260729280e-09,-1.267973345390290829e+00,-3.805142407007696681e-01,3.998226982317163275e-07,-8.165371581318671931e-07,-1.498979743106117549e-03,-1.012680251829189016e-10,1.498064584393205174e-03,3.171491859874322707e-07,2.876929451882235783e-06,-4.898031648488386467e-06,-1.078491838134745633e-02,-7.287133764037059571e-10,1.077931071710252695e-02,2.282050510931771791e-06
2.674255387018973362e-01,3.804964646693018149e-01,-2.123769145069892561e-02,-3.240625804534036924e-01,2.373960698603915328e-09,-1.267968992937610562e+00,-3.805142397793295217e-01,4.081336247587338451e-07,-8.306022560255024323e-07,-1.530135326694182299e-03,-1.033731490250989760e-10,1.529204052883732703e-03,3.237416152824093553e-07,2.903475672520112190e-06,-4.884033469528426928e-06,-1.088437330143427785e-02,-7.354397187893588139e-10,1.087877308739770843e-02,2.303107588287271244e-06
2.703010821287994969e-01,3.804964658549482848e-01,-2.123769385930177056e-02,-3.240670255607431827e-01,2.373660394796990493e-09,-1.267964550531329282e+00,-3.805142388388456087e-01,4.165207448666359622e-07,-8.446227311005153972e-07,-1.561576363640819563e-03,-1.054975791451947697e-10,1.560629000561514169e-03,3.303944830895400568e-07,2.929923683214920780e-06,-4.866980784144033626e-06,-1.098345715654584775e-02,-7.421412976300660072e-10,1.097786747144903832e-02,2.324086761979823207e-06
2.731766255557016021e-01,3.804964670648215419e-01,-2.123769630814630743e-02,-3.240715614872886619e-01,2.373353954426252863e-09,-1.267960017352059765e+00,-3.805142378791444013e-01,4.249837763038619231e-07,-8.585896714112316753e-07,-1.593301787390020248e-03,-1.076412443789634888e-10,1.592338369852107924e-03,3.371075655167035846e-07,2.956273592042564142e-06,-4.846783755431927044e-06,-1.108217026444285533e-02,-7.488181438259401773e-10,1.107659427682745022e-02,2.344988117724983105e-06
2.760521689826037073e-01,3.804964682991394120e-01,-2.123769879706544766e-02,-3.240761890492742103e-01,2.373041322282509768e-09,-1.267955392583454133e+00,-3.805142369000532043e-01,4.335224371295866502e-07,-8.724939031441848297e-07,-1.625310532296043650e-03,-1.098040736511455570e-10,1.624331104353130863e-03,3.438806389182252370e-07,2.982525507050274919e-06,-4.823350076428639342e-06,-1.118051294046651378e-02,-7.554702883669619684e-10,1.117495391115446574e-02,2.365811741215859990e-06
2.789277124095058680e-01,3.804964695581189438e-01,-2.123770132586537060e-02,-3.240809090598711362e-01,2.372722443360819695e-09,-1.267950675412201189e+00,-3.805142359013997111e-01,4.421364457136370989e-07,-8.863259834339621994e-07,-1.657601533616380116e-03,-1.119859959757260825e-10,1.656606148834407826e-03,3.507134798948115503e-07,3.008679536255753105e-06,-4.796584913384985543e-06,-1.127848549748300053e-02,-7.620977623349982455e-10,1.127294678210338276e-02,2.386557718122444844e-06
2.818032558364079732e-01,3.804964708419764641e-01,-2.123770389432469430e-02,-3.240857223291901401e-01,2.372397262860235040e-09,-1.267945865028021979e+00,-3.805142348830124477e-01,4.508255207364069195e-07,-9.000761930149288542e-07,-1.690173727504556923e-03,-1.141869404562020500e-10,1.689162449238122742e-03,3.576058652934831712e-07,3.034735787646297407e-06,-4.766390848342885348e-06,-1.137608824582722784e-02,-7.687005969058418187e-10,1.137057329740042561e-02,2.407226134090936764e-06
2.846787992633100783e-01,3.804964721509273562e-01,-2.123770650219368450e-02,-3.240906296642843132e-01,2.372065726183546503e-09,-1.267940960623666680e+00,-3.805142338447204953e-01,4.595893811887665656e-07,-9.137345287068316610e-07,-1.723026051002773300e-03,-1.164068362858552126e-10,1.721998952678971493e-03,3.645575722075045005e-07,3.060694369177934503e-06,-4.732667821022672184e-06,-1.147332149324593702e-02,-7.752788233512806352e-10,1.146783386482600441e-02,2.427817074743061524e-06
2.875543426902122390e-01,3.804964734851863373e-01,-2.123770914919340808e-02,-3.240956318691510796e-01,2.371727778937021704e-09,-1.267935961394912381e+00,-3.805142327863535456e-01,4.684277463719728206e-07,-9.272906957323215189e-07,-1.756157442034377144e-03,-1.186456127480312658e-10,1.755114607444317179e-03,3.715683779763135479e-07,3.086555388774523722e-06,-4.695313070029183614e-06,-1.157018554484009858e-02,-7.818324730411870311e-10,1.156472889221585656e-02,2.448330625675379971e-06
2.904298861171143442e-01,3.804964748449671808e-01,-2.123771183501493159e-02,-3.241007297447354163e-01,2.371383366930149168e-09,-1.267930866540557533e+00,-3.805142317077420122e-01,4.773403358975753592e-07,-9.407340998644375421e-07,-1.789566839396176945e-03,-1.209031992164249659e-10,1.788508362994357514e-03,3.786380601854474460e-07,3.112318954326877403e-06,-4.654221073385155989e-06,-1.166668070300671753e-02,-7.883615774456363474e-10,1.166125878746235994e-02,2.468766872458593887e-06
2.933054295440164494e-01,3.804964762304828829e-01,-2.123771455931840191e-02,-3.241059240889317961e-01,2.371032436175374041e-09,-1.267925675262420393e+00,-3.805142306087169746e-01,4.863268696873193387e-07,-9.540538394021369909e-07,-1.823253182750575029e-03,-1.231795251553711555e-10,1.822179169962281171e-03,3.857663966664678588e-07,3.137985173691849063e-06,-4.609283488400532544e-06,-1.176280726737990653e-02,-7.948661681370444683e-10,1.175742395851571247e-02,2.489125900636848026e-06
2.961809729709186101e-01,3.804964776419458850e-01,-2.123771732173215451e-02,-3.241112156965870739e-01,2.370674932887841253e-09,-1.267920386765334806e+00,-3.805142294891100119e-01,4.953870679730475665e-07,-9.672386969719737005e-07,-1.857215412617542081e-03,-1.254745201201422769e-10,1.856125980154442337e-03,3.929531654968831600e-07,3.163554154691435122e-06,-4.560389090886566108e-06,-1.185856553477138489e-02,-8.013462767923340003e-10,1.185322481338523491e-02,2.509407795727018190e-06
2.990565163978207153e-01,3.804964790795673513e-01,-2.123772012185181496e-02,-3.241166053595025409e-01,2.370310803485130403e-09,-1.267915000257147540e+00,-3.805142283487533694e-01,5.045206512965982741e-07,-9.802771311540523264e-07,-1.891452470366416453e-03,-1.277881137572521030e-10,1.890347746550530500e-03,4.001981450000692891e-07,3.189026005111844430e-06,-4.507423713723603492e-06,-1.195395579911029578e-02,-8.078019351951189598e-10,1.194866176014060255e-02,2.529612643217995056e-06
3.019320598247228205e-01,3.804964805435580022e-01,-2.123772295923935516e-02,-3.241220938664365891e-01,2.369939994586993130e-09,-1.267909514948713623e+00,-3.805142271874801252e-01,5.137273405097004026e-07,-9.931572679304103903e-07,-1.925963298207519379e-03,-1.301202358047654385e-10,1.924843423303742836e-03,4.075011137451877473e-07,3.214400832702588986e-06,-4.450270184791835018e-06,-1.204897835138243889e-02,-8.142331752379179979e-10,1.204373520691316528e-02,2.549740528569973946e-06
3.048076032516249256e-01,3.804964820341276699e-01,-2.123772583342209766e-02,-3.241276820031072092e-01,2.369562453015092140e-09,-1.267903930053894346e+00,-3.805142260051237457e-01,5.230068567738692057e-07,-1.005866891954018547e-06,-1.960746839183616017e-03,-1.324708160926149300e-10,1.959611965740970258e-03,4.148618505471030652e-07,3.239678745175541182e-06,-4.388808264274121599e-06,-1.214363347956885428e-02,-8.206400289243846866e-10,1.213844556189720876e-02,2.569791537213717902e-06
3.076831466785270308e-01,3.804964835514853538e-01,-2.123772874389174073e-02,-3.241333705521942110e-01,2.369178125792733196e-09,-1.267898244789553264e+00,-3.805142248015183637e-01,5.323589215602929590e-07,-1.018393437636594046e-06,-1.995802037161174824e-03,-1.348397845429234341e-10,1.994652330362972625e-03,4.222801344662959816e-07,3.264859850204001651e-06,-4.322914581340521641e-06,-1.223792146858384243e-02,-8.270225283715666519e-10,1.223279323335131098e-02,2.589765754549835594e-06
3.105586901054291915e-01,3.804964850958393874e-01,-2.123773169010334874e-02,-3.241391602933414995e-01,2.368786960144602492e-09,-1.267892458375552867e+00,-3.805142235764990555e-01,5.417832566497234816e-07,-1.030723980053475618e-06,-2.031127836821463445e-03,-1.372270711703334419e-10,2.029963474844570862e-03,4.297557448087760935e-07,3.289944255421745924e-06,-4.252462570223972354e-06,-1.233184260021232166e-02,-8.333807058121783563e-10,1.232677862959961554e-02,2.609663265948036354e-06
3.134342335323312967e-01,3.804964866673969381e-01,-2.123773467147427318e-02,-3.241450520031597948e-01,2.368388903496497814e-09,-1.267886570034750804e+00,-3.805142223299010640e-01,5.512795841323604093e-07,-1.042845225663815314e-06,-2.066723183651462004e-03,-1.396326060823433020e-10,2.065544358034835173e-03,4.372884611259924411e-07,3.314932068422078724e-06,-4.177322405696953607e-06,-1.242539715304668245e-02,-8.397145935969061410e-10,1.242040215903319859e-02,2.629484156746394951e-06
3.163097769592334019e-01,3.804964882663648962e-01,-2.123773768738311182e-02,-3.241510464552282977e-01,2.367983903475061779e-09,-1.267880578992997664e+00,-3.805142210615605758e-01,5.608476264077326106e-07,-1.054743502844380336e-06,-2.102587023934585596e-03,-1.420563194796493633e-10,2.101393939957279990e-03,4.448780632147404928e-07,3.339823396756862414e-06,-4.097360937958950572e-06,-1.251858540242298083e-02,-8.460242241967237109e-10,1.251366423011139595e-02,2.649228512250592224e-06
3.191853203861355626e-01,3.804964898929488748e-01,-2.123774073716858460e-02,-3.241571444200976315e-01,2.367571907907514243e-09,-1.267874484479132313e+00,-3.805142197713143326e-01,5.704871061845789669e-07,-1.066404752235289606e-06,-2.138718304741234373e-03,-1.444981416564956137e-10,2.137511181810063023e-03,4.525243311170690249e-07,3.364618347935562820e-06,-4.012441626944790632e-06,-1.261140762035664609e-02,-8.523096302052388463e-10,1.260656525136318734e-02,2.668896417733175204e-06
3.220608638130376677e-01,3.804964915473539322e-01,-2.123774382012842341e-02,-3.241633466652917850e-01,2.367152864821381392e-09,-1.267868285724978783e+00,-3.805142184589997423e-01,5.801977464807235405e-07,-1.077814516896023650e-06,-2.175115973919145886e-03,-1.469580030010292645e-10,2.173895045966182590e-03,4.602270451201823948e-07,3.389317029424259468e-06,-3.922424476063924072e-06,-1.270386407547754656e-02,-8.585708443410511779e-10,1.269910563138851832e-02,2.688487958432783344e-06
3.249364072399398284e-01,3.804964932297844049e-01,-2.123774693551819595e-02,-3.241696539553101108e-01,2.366726722444226917e-09,-1.267861981965344054e+00,-3.805142171244547677e-01,5.899792706229509553e-07,-1.088957932270101384e-06,-2.211778980083569171e-03,-1.494358339956640635e-10,2.210544495973691854e-03,4.679859857563432912e-07,3.413919548644677426e-06,-3.827165965381026401e-06,-1.279595503296459061e-02,-8.648078994501389125e-10,1.279128577885974699e-02,2.708003219553396780e-06
3.278119506668419336e-01,3.804964949404436858e-01,-2.123775008255013655e-02,-3.241760670516299347e-01,2.366293429203377798e-09,-1.267855572438012945e+00,-3.805142157675180381e-01,5.998314022468764829e-07,-1.099819715956818247e-06,-2.248706272607247161e-03,-1.519315652174497089e-10,2.247458496555904389e-03,4.758009338027712491e-07,3.438426012973190774e-06,-3.726518984248237471e-06,-1.288768075447972034e-02,-8.710208285082588984e-10,1.288310610252298323e-02,2.727442286263557482e-06
3.306874940937440388e-01,3.804964966795342796e-01,-2.123775326039191447e-02,-3.241825867127084981e-01,2.365852933725655059e-09,-1.267849056383745676e+00,-3.805142143880287375e-01,6.097538652968142233e-07,-1.110384157288490964e-06,-2.285896801610206100e-03,-1.544451273384486558e-10,2.284636013611607980e-03,4.836716702815399466e-07,3.462836529739833264e-06,-3.620332763399645216e-06,-1.297904149810143876e-02,-8.772096646233699537e-10,1.297456701119952503e-02,2.746805243695600152e-06
3.335630375206461995e-01,3.804964984472582468e-01,-2.123775646816539533e-02,-3.241892136939851787e-01,2.365405184837095835e-09,-1.267842433046274975e+00,-3.805142129858269384e-01,6.197463840256428500e-07,-1.120635106711677284e-06,-2.323349517949355007e-03,-1.569764511261196951e-10,2.322076014215281037e-03,4.915979764594710616e-07,3.487151206227293319e-06,-3.508452806518623518e-06,-1.307003751825776099e-02,-8.833744410380739799e-10,1.306566891378723762e-02,2.766092176944867444e-06
3.364385809475483047e-01,3.804965002438164823e-01,-2.123775970494536092e-02,-3.241959487478834334e-01,2.364950131562683295e-09,-1.267835701672301640e+00,-3.805142115607531017e-01,6.298086829946677555e-07,-1.130555964970869751e-06,-2.361063373207895194e-03,-1.595254674437087451e-10,2.359777466617321573e-03,4.995796338480286043e-07,3.511370149669909875e-06,-3.390720821288807349e-06,-1.316066906565872136e-02,-8.895151911320759973e-10,1.315641221926202448e-02,2.785303171068934084e-06
3.393141243744504099e-01,3.804965020694093258e-01,-2.123776296975820807e-02,-3.242027926238129631e-01,2.364487723126066648e-09,-1.267828861511491434e+00,-3.805142101126482435e-01,6.399404870734808672e-07,-1.140129672093193695e-06,-2.399037319684525511e-03,-1.620921072506465960e-10,2.397739340244268384e-03,5.076164242032073203e-07,3.535493467252662291e-06,-3.266974649939613715e-06,-1.325093638722831674e-02,-8.956319484246617573e-10,1.324679733667922903e-02,2.804438311086806847e-06
3.421896678013525706e-01,3.804965039242361735e-01,-2.123776626158059219e-02,-3.242097460681720444e-01,2.364017908949286096e-09,-1.267821911816472191e+00,-3.805142086413542679e-01,6.501415214398161226e-07,-1.149338696172669706e-06,-2.437270310382459379e-03,-1.646763016029537112e-10,2.435960605699028728e-03,5.157081295254215709e-07,3.559521266110145445e-06,-3.137048199297290593e-06,-1.334083972603604569e-02,-9.017247465771964485e-10,1.333682467517509178e-02,2.823497681978141898e-06
3.450652112282546202e-01,3.804965058084957552e-01,-2.123776957933806372e-02,-3.242168098243489172e-01,2.363540638652493258e-09,-1.267814851842830493e+00,-3.805142071467135234e-01,6.604115115794049442e-07,-1.158165021952645930e-06,-2.475761298998246668e-03,-1.672779816536528613e-10,2.474440234761123361e-03,5.238545320593910893e-07,3.583453653325550747e-06,-3.000771370352590848e-06,-1.343037932122790115e-02,-9.077936193956356034e-10,1.342649464396820924e-02,2.842481368682437570e-06
3.479407546551567809e-01,3.804965077223860237e-01,-2.123777292190367344e-02,-3.242239846327243380e-01,2.363055862053672398e-09,-1.267807680849106777e+00,-3.805142056285691909e-01,6.707501832858257852e-07,-1.166590139205003672e-06,-2.514509239910383935e-03,-1.698970786531880136e-10,2.513177200386914212e-03,5.320554142940236665e-07,3.607290735929635729e-06,-2.857969987356321423e-06,-1.351955540795694161e-02,-9.138386008330592697e-10,1.351580765236099282e-02,2.861389456098237306e-06
3.508162980820588861e-01,3.804965096661039325e-01,-2.123777628809650486e-02,-3.242312712306731903e-01,2.362563529168360021e-09,-1.267800398096794234e+00,-3.805142040867646736e-01,6.811572626603513460e-07,-1.174595030904823378e-06,-2.553513088167737744e-03,-1.725335239498513122e-10,2.552170476709853756e-03,5.403105589622972020e-07,3.631032620899682614e-06,-2.708465726454070606e-06,-1.360836821731339907e-02,-9.198597249922170381e-10,1.360476410974113988e-02,2.880222029082322014e-06
3.536918415089609913e-01,3.804965116398459357e-01,-2.123777967668021710e-02,-3.242386703525666491e-01,2.362063590209363214e-09,-1.267793002850334139e+00,-3.805142025211444290e-01,6.916324761117947321e-07,-1.182160161199176933e-06,-2.592771799477758092e-03,-1.751872489902171415e-10,2.591419039040731773e-03,5.486197490411375195e-07,3.654679415158464937e-06,-2.552076043871519517e-06,-1.369681797625434128e-02,-9.258570261280940598e-10,1.369336442558313251e-02,2.898979172448894795e-06
3.565673849358631520e-01,3.804965136438073769e-01,-2.123778308636153217e-02,-3.242461827297736798e-01,2.361555995586472198e-09,-1.267785494377112077e+00,-3.805142009315532481e-01,7.021755503563504230e-07,-1.189265463168788216e-06,-2.632284330194493635e-03,-1.778581853195834521e-10,2.630921863867924718e-03,5.569827677512953350e-07,3.678231225573203156e-06,-2.388614103661879493e-06,-1.378490490753293309e-02,-9.318305386504906097e-10,1.378160900944971207e-02,2.917660970968776265e-06
3.594429283627652572e-01,3.804965156781832669e-01,-2.123778651578869456e-02,-3.242538090906633141e-01,2.361040695906183228e-09,-1.267777871947455282e+00,-3.805141993178367543e-01,7.127862124174329132e-07,-1.195890326381307460e-06,-2.672049637306398752e-03,-1.805462645824209466e-10,2.670677928857655061e-03,5.653993985572206844e-07,3.701688158954506701e-06,-2.217888705027036846e-06,-1.387262922962723827e-02,-9.377802971266189162e-10,1.386949827099341094e-02,2.936267509368578695e-06
3.623184717896673623e-01,3.804965177431672840e-01,-2.123778996354988916e-02,-3.242615501606061490e-01,2.360517641971406179e-09,-1.267770134834629081e+00,-3.805141976798410153e-01,7.234641896255127050e-07,-1.202013584235000218e-06,-2.712066678423940679e-03,-1.832514185228291657e-10,2.710686212854248461e-03,5.738694251669332217e-07,3.725050322055321546e-06,-2.039704209224142337e-06,-1.395999115666863785e-02,-9.437063362837108481e-10,1.395703261995801664e-02,2.954798872329878464e-06
3.651940152165695230e-01,3.804965198389528847e-01,-2.123779342817161062e-02,-3.242694066619763449e-01,2.359986784781181657e-09,-1.267762282314833788e+00,-3.805141960174128757e-01,7.342092096179487018e-07,-1.207613501091668281e-06,-2.752334411766991541e-03,-1.859735789850004851e-10,2.750945695880399611e-03,5.823926315318926227e-07,3.748317821569872253e-06,-1.853860466069414034e-06,-1.404699089836985298e-02,-9.496086910116461777e-10,1.404421246618012264e-02,2.973255144488400359e-06
3.680695586434716282e-01,3.804965219657323039e-01,-2.123779690811701537e-02,-3.242773793141530692e-01,2.359448075530388583e-09,-1.267754313667200705e+00,-3.805141943303996799e-01,7.450210003388180606e-07,-1.212667759197663068e-06,-2.792851796152024790e-03,-1.887126779136917633e-10,2.791455359137440684e-03,5.909688018468658126e-07,3.771490764132595143e-06,-1.660152740051009052e-06,-1.413362865995260002e-02,-9.554873963655910803e-10,1.413103821959065670e-02,2.991636410433183681e-06
3.709451020703737334e-01,3.804965241236971107e-01,-2.123780040178424935e-02,-3.242854688335224389e-01,2.358901465609458821e-09,-1.267746228173789014e+00,-3.805141926186494383e-01,7.558992900387430796e-07,-1.217153445391891195e-06,-2.833617790979094369e-03,-1.914686473547034088e-10,2.832214185005621065e-03,5.995977205497912291e-07,3.794569256317072303e-06,-1.458371636062984001e-06,-1.421990464207484317e-02,-9.613424875686525562e-10,1.421751029021640911e-02,3.009942754705750025e-06
3.738206454972758941e-01,3.804965263130382080e-01,-2.123780390750468552e-02,-3.242936759334792973e-01,2.358346906604082287e-09,-1.267738025119582224e+00,-3.805141908820107166e-01,7.668438072747131093e-07,-1.221047037599725046e-06,-2.874631356218600945e-03,-1.942414194553657104e-10,2.873221157044369284e-03,6.082791723216396972e-07,3.817553404634951615e-06,-1.248303024772324150e-06,-1.430581904075769149e-02,-9.671740000145427803e-10,1.430362908818155060e-02,3.028174261799263877e-06
3.766961889241779993e-01,3.804965285339456660e-01,-2.123780742354116485e-02,-3.243020013244282684e-01,2.357784350294915780e-09,-1.267729703792486173e+00,-3.805141891203329130e-01,7.778542809099076287e-07,-1.224324391111801719e-06,-2.915891452397864712e-03,-1.970309264650341114e-10,2.914475259992596601e-03,6.170129420862762570e-07,3.840443315534877806e-06,-1.029727967631171663e-06,-1.439137204731199063e-02,-9.729819692702612345e-10,1.438939502370922136e-02,3.046331016157692780e-06
3.795717323510801045e-01,3.804965307866087221e-01,-2.123781094808618874e-02,-3.243104457137859220e-01,2.357213748657288507e-09,-1.267721263483322591e+00,-3.805141873334657587e-01,7.889304401135104276e-07,-1.226960724646684776e-06,-2.957397040587460973e-03,-1.998371007355904297e-10,2.955975479768963715e-03,6.257988150103162738e-07,3.863239095401406970e-06,-8.024226415464908406e-07,-1.447656384826451897e-02,-9.787664310787861470e-10,1.447480850712305235e-02,3.064413102174973427e-06
3.824472757779822651e-01,3.804965330712158367e-01,-2.123781447926007676e-02,-3.243190098059821613e-01,2.356635053860908021e-09,-1.267712703485828651e+00,-3.805141855212598179e-01,8.000720143605259059e-07,-1.228930606196439919e-06,-2.999147082387368379e-03,-2.026598747219534348e-10,2.997720803472188247e-03,6.346365765029801723e-07,3.885940850553919830e-06,-5.661582632193363040e-07,-1.456139462528391673e-02,-9.845274213617779252e-10,1.455986994884876998e-02,3.082420604194154890e-06
3.853228192048843703e-01,3.804965353879548040e-01,-2.123781801510904801e-02,-3.243276943024615555e-01,2.356048218269560366e-09,-1.267704023096652310e+00,-3.805141836835662095e-01,8.112787334315895503e-07,-1.230207938654180367e-06,-3.041140539912885136e-03,-2.054991809825963269e-10,3.039710219381328363e-03,6.435260122159466876e-07,3.908548687245539649e-06,-3.207010131661611050e-07,-1.464586455510624718e-02,-9.902649762222960307e-10,1.464457975941570525e-02,3.100353606506557092e-06
3.881983626317865310e-01,3.804965377370124746e-01,-2.123782155360331644e-02,-3.243364999016850048e-01,2.355453194440814360e-09,-1.267695221615349421e+00,-3.805141818202364967e-01,8.225503274127760813e-07,-1.230765945222695507e-06,-3.083376375780342259e-03,-2.083549521800723843e-10,3.081942716956091559e-03,6.524669080432029410e-07,3.931062711662034477e-06,-6.581195943449586437e-08,-1.472997380946029951e-02,-9.959791319475253660e-10,1.472893834945842272e-02,3.118212193350919115e-06
3.910739060586886362e-01,3.804965401185750884e-01,-2.123782509263509935e-02,-3.243454272991309062e-01,2.354849935125719263e-09,-1.267686298344379070e+00,-3.805141799311231865e-01,8.338865266954027295e-07,-1.230577154603286138e-06,-3.125853553092593044e-03,-2.112271210815480814e-10,3.124417286837133031e-03,6.614590501208905969e-07,3.953483029920722787e-06,1.987530189745200272e-07,-1.481372255499260014e-02,-1.001669925011513829e-09,1.481294612971826782e-02,3.135996448912541155e-06
3.939494494855907414e-01,3.804965425328279971e-01,-2.123782863001660512e-02,-3.243544771872968746e-01,2.354238393268504922e-09,-1.267677252589101800e+00,-3.805141780160791187e-01,8.452870619758334657e-07,-1.229613385964003970e-06,-3.168571035424297411e-03,-2.141156205593447368e-10,3.167132920846371831e-03,6.705022248271528684e-07,3.975809748069381643e-06,4.732433089642385407e-07,-1.489711095319214834e-02,-1.007337392077921243e-09,1.489660351104498716e-02,3.153706457322437067e-06
3.968249929124929021e-01,3.804965449799557753e-01,-2.123783216347796543e-02,-3.243636502557008527e-01,2.353618522006277782e-09,-1.267668083657775391e+00,-3.805141760749579660e-01,8.567516642552738066e-07,-1.227845733686480929e-06,-3.211527786806969448e-03,-2.170203835914873218e-10,3.210088611987295740e-03,6.795962187819752743e-07,3.998042972085135400e-06,7.579136404686187653e-07,-1.498013916031484642e-02,-1.012981570002776344e-09,1.497991090439828969e-02,3.171342302656468699e-06
3.997005363393950073e-01,3.804965474601423869e-01,-2.123783569066513971e-02,-3.243729471908824991e-01,2.352990274668715657e-09,-1.267658790861551532e+00,-3.805141741076137896e-01,8.682800648395709153e-07,-1.225244551890622821e-06,-3.254722771713837188e-03,-2.199413432622621611e-10,3.253283354445291736e-03,6.887408188470279854e-07,4.020182807873359640e-06,1.053024163833810342e-06,-1.506280732730774438e-02,-1.018602495837242879e-09,1.506286872084945661e-02,3.188904068934486572e-06
4.025760797662971124e-01,3.804965499735707413e-01,-2.123783920913773979e-02,-3.243823686764041314e-01,2.352353604777762502e-09,-1.267649373514472710e+00,-3.805141721139013722e-01,8.798719953390005724e-07,-1.221779438736422354e-06,-3.298154955044456469e-03,-2.228784327627812251e-10,3.296716143587953042e-03,6.979358121255011825e-07,4.042229361266578332e-06,1.358840527442361014e-06,-1.514511559973304514e-02,-1.024200206830398104e-09,1.514547737158294417e-02,3.206391840119476073e-06
4.054516231931992731e-01,3.804965525204232479e-01,-2.123784271636686150e-02,-3.243919153928526145e-01,2.351708466047319456e-09,-1.267639830933468437e+00,-3.805141700936761628e-01,8.915271876680602885e-07,-1.217419220502239115e-06,-3.341823302109120548e-03,-2.258315853915562190e-10,3.340385975965429102e-03,7.071809859619427437e-07,4.064182738023338980e-06,1.675633955567518140e-06,-1.522706411769177148e-02,-1.029774740432014382e-09,1.522773726789800226e-02,3.223805700116678239e-06
4.083271666201013783e-01,3.804965551008814839e-01,-2.123784620973282952e-02,-3.244015880178396372e-01,2.351054812382936311e-09,-1.267630162438351027e+00,-3.805141680467942211e-01,9.032453740452516162e-07,-1.212131935438881354e-06,-3.385726778613045058e-03,-2.288007345550788244e-10,3.384291849310733062e-03,7.164761279420882025e-07,4.086043043827118249e-06,2.003681326444573076e-06,-1.530865301574740357e-02,-1.035326134295353611e-09,1.530964882121025640e-02,3.241145732772736364e-06
4.112027100470034835e-01,3.804965577151260270e-01,-2.123784968652291105e-02,-3.244113872260036002e-01,2.350392597881499243e-09,-1.267620367351815158e+00,-3.805141659731120507e-01,9.150262869928656395e-07,-1.205884817398899843e-06,-3.429864350640334826e-03,-2.317858137684103234e-10,3.428432762540097826e-03,7.258210258926936706e-07,4.107810384285204733e-06,2.343265250546691177e-06,-1.538988242284915903e-02,-1.040854426279965572e-09,1.539121244305336270e-02,3.258412021874823137e-06
4.140782534739056442e-01,3.804965603633369553e-01,-2.123785314392897389e-02,-3.244213136890101712e-01,2.349721776830916905e-09,-1.267610444999430985e+00,-3.805141638724869324e-01,9.268696593367598862e-07,-1.198644279240513579e-06,-3.474234984637731248e-03,-2.347867566557788498e-10,3.472807715753307815e-03,7.352154678813616667e-07,4.129484864927574093e-06,2.694674149052114487e-06,-1.547075246225515337e-02,-1.046359654454496210e-09,1.547242854508058298e-02,3.275604651149769891e-06
4.169537969008076939e-01,3.804965630456935144e-01,-2.123785657904509253e-02,-3.244313680755536722e-01,2.349042303709807746e-09,-1.267600394709641920e+00,-3.805141617447767577e-01,9.387752242061357701e-07,-1.190375896005643024e-06,-3.518837647398133719e-03,-2.378034969511844448e-10,3.517415710234048955e-03,7.446592422163670512e-07,4.151066591205779443e-06,3.058202332489969799e-06,-1.555126325145543206e-02,-1.051841857099501493e-09,1.555329753906647787e-02,3.292723704263208556e-06
4.198293403277097990e-01,3.804965657623741726e-01,-2.123785998886514384e-02,-3.244415510513576906e-01,2.348354133187182792e-09,-1.267590215813763077e+00,-3.805141595898398621e-01,9.507427150333117980e-07,-1.181044387871550923e-06,-3.563671306043905522e-03,-2.408359684990128000e-10,3.562255748450262553e-03,7.541521374464807374e-07,4.172555668491854448e-06,3.434150079551625070e-06,-1.563141490209465218e-02,-1.057301072710262725e-09,1.563381983690843163e-02,3.309769264818669150e-06
4.227048837546119042e-01,3.804965685135565101e-01,-2.123786337028030213e-02,-3.244518632791763557e-01,2.347657220122125111e-09,-1.267579907645974835e+00,-3.805141574075354138e-01,9.627718655534913767e-07,-1.170613602875633506e-06,-3.608734928009948127e-03,-2.438841052546562629e-10,3.607326834054489645e-03,7.636939423607872622e-07,4.193952202077152881e-06,3.822823716054662539e-06,-1.571120751989492359e-02,-1.062737339999617980e-09,1.571399585062838514e-02,3.326741416356746293e-06
4.255804271815140649e-01,3.804965712994175520e-01,-2.123786672007649604e-02,-3.244623054187947275e-01,2.346951519563473832e-09,-1.267569469543321947e+00,-3.805141551977230252e-01,9.748624098045316787e-07,-1.159046499412949365e-06,-3.654027481026569067e-03,-2.469478412851440967e-10,3.652627971884246996e-03,7.732844459885059558e-07,4.215256297171244944e-06,4.224535694046444563e-06,-1.579064120457819229e-02,-1.068150697900787342e-09,1.579382599237438844e-02,3.343640242354198817e-06
4.284559706084161701e-01,3.804965741201335461e-01,-2.123787003493186193e-02,-3.244728781270304618e-01,2.346236986749497818e-09,-1.267558900845708436e+00,-3.805141529602629191e-01,9.870140821267045677e-07,-1.146305128506089594e-06,-3.699547933102105210e-03,-2.500271107697798749e-10,3.698158167962380116e-03,7.829234375988030062e-07,4.236468058900810195e-06,4.639604671034098282e-06,-1.586971604978875197e-02,-1.073541185570212615e-09,1.587331067442231819e-02,3.360465826223086211e-06
4.313315140353182753e-01,3.804965769758796301e-01,-2.123787331141406554e-02,-3.244835820577334218e-01,2.345513577107575552e-09,-1.267548200895894928e+00,-3.805141506950160402e-01,9.992266171624590052e-07,-1.132350615847059899e-06,-3.745295252505345673e-03,-2.531218480007876128e-10,3.743916429497439694e-03,7.926107067006065949e-07,4.257587592308492361e-06,5.068355589328038268e-06,-1.594843214301544868e-02,-1.078908842390391241e-09,1.595245030917742668e-02,3.377218251309884321e-06
4.342070574622204360e-01,3.804965798668307198e-01,-2.123787654597765473e-02,-3.244944178617876762e-01,2.344781246253867573e-09,-1.267537369039495321e+00,-3.805141484018438325e-01,1.011499749856174564e-06,-1.117143143610853456e-06,-3.791268407747707542e-03,-2.562319873839656534e-10,3.789901764884049361e-03,8.023460430424146196e-07,4.278615002351793107e-06,5.511119755485635577e-06,-1.602678956551394779e-02,-1.084253707972724701e-09,1.603124530917604193e-02,3.393897600894620104e-06
4.370826008891225412e-01,3.804965827931604538e-01,-2.123787973496128051e-02,-3.245053861871109446e-01,2.344039949992988908e-09,-1.267526404624973457e+00,-3.805141460806084064e-01,1.023833215453918755e-06,-1.100641932040456790e-06,-3.837466367565213390e-03,-2.593574634393493947e-10,3.836113183703294266e-03,8.121292366121054890e-07,4.299550393901931938e-06,5.968234919842226059e-06,-1.610478839222878947e-02,-1.089575822160359875e-09,1.610969608708718789e-02,3.410503958189986483e-06
4.399581443160246463e-01,3.804965857550419717e-01,-2.123788287458493879e-02,-3.245164876786562069e-01,2.343289644317679859e-09,-1.267515307003638902e+00,-3.805141437311724273e-01,1.036226749503194819e-06,-1.082805220803047920e-06,-3.883888100900222476e-03,-2.624982108018814088e-10,3.882549696723097948e-03,8.219600776367399163e-07,4.320393871742739120e-06,6.440045356115913873e-06,-1.618242869171548221e-02,-1.094875225031043236e-09,1.618780305571423592e-02,3.427037406340471168e-06
4.428336877429268070e-01,3.804965887526478019e-01,-2.123788596094710462e-02,-3.245277229784117035e-01,2.342530285408476369e-09,-1.267504075529644281e+00,-3.805141413533991712e-01,1.048680087852689105e-06,-1.063590250117197666e-06,-3.930532576882947264e-03,-2.656541642220903508e-10,3.929210315898612645e-03,8.318383565823659966e-07,4.341145540569510496e-06,6.926901941073346133e-06,-1.625971052606241599e-02,-1.100151956899967376e-09,1.626556662799653538e-02,3.443498028421474050e-06
4.457092311698289122e-01,3.804965917861493629e-01,-2.123788899002183178e-02,-3.245390927254016566e-01,2.341761829633372533e-09,-1.267492709559982389e+00,-3.805141389471525248e-01,1.061192966652015259e-06,-1.042953241650915289e-06,-3.977398764812747900e-03,-2.688252585667776740e-10,3.976094054372615247e-03,8.417638641538178240e-07,4.361805504987902106e-06,7.429162234243001012e-06,-1.633663395081286218e-02,-1.105406058322627682e-09,1.634298721701107557e-02,3.459885907438436452e-06
4.485847745967310174e-01,3.804965948557175182e-01,-2.123789195765581408e-02,-3.245505975556866596e-01,2.340984233547489726e-09,-1.267481208454480424e+00,-3.805141365122969854e-01,1.073765122351454827e-06,-1.020849379190430486e-06,-4.024485634139197271e-03,-2.720114288197130812e-10,4.023199926475898476e-03,8.517363912945142160e-07,4.382373869512789232e-06,7.947190557662860307e-06,-1.641319901488681385e-02,-1.110637570097676727e-09,1.642006523597411283e-02,3.476201126325961063e-06
4.514603180236331781e-01,3.804965979615223537e-01,-2.123789485956533926e-02,-3.245622381023641201e-01,2.340197453892737045e-09,-1.267469571575800202e+00,-3.805141340486976609e-01,1.086396291701695308e-06,-9.972327890796090226e-07,-4.071792154442924021e-03,-2.752126100823372671e-10,4.070526947727684183e-03,8.617557291862523546e-07,4.402850738567159331e-06,8.481358075649320506e-06,-1.648940576050290235e-02,-1.115846533269777214e-09,1.649680109824284632e-02,3.492443767946934406e-06
4.543358614505352833e-01,3.804966011037332341e-01,-2.123789769133325664e-02,-3.245740149955685938e-01,2.339401447597470924e-09,-1.267457798289431281e+00,-3.805141315562202697e-01,1.099086211753562700e-06,-9.720565204299914179e-07,-4.119317295416227882e-03,-2.784287375744739656e-10,4.118074134836021902e-03,8.718216692490017462e-07,4.423236216480966840e-06,9.032042874573897406e-06,-1.656525422310023421e-02,-1.121032989132460715e-09,1.657319521731702786e-02,3.508613915091650166e-06
4.572114048774373884e-01,3.804966042825186912e-01,-2.123790044840581995e-02,-3.245859288624720618e-01,2.338596171776155990e-09,-1.267445887963689843e+00,-3.805141290347310856e-01,1.111834619857752994e-06,-9.452725251014213371e-07,-4.167060026843477302e-03,-2.816597466350495447e-10,4.165840505698206915e-03,8.819340031406930978e-07,4.443530407490026110e-06,9.599630042634685903e-06,-1.664074443126030423e-02,-1.126196979230983510e-09,1.664924800684064454e-02,3.524711650476938859e-06
4.600869483043395491e-01,3.804966074980465351e-01,-2.123790312608953013e-02,-3.245979803272841524e-01,2.337781583729020957e-09,-1.267433839969713372e+00,-3.805141264840969373e-01,1.124641253664561758e-06,-9.168316374533191629e-07,-4.215019318581274613e-03,-2.849055727228207192e-10,4.213825079401194856e-03,8.920925227570070889e-07,4.463733415734883153e-06,1.018451174960917997e-05,-1.671587640662885316e-02,-1.131338545365179122e-09,1.672495988060351477e-02,3.540737056745283533e-06
4.629624917312416543e-01,3.804966107504837436e-01,-2.123790571954786363e-02,-3.246101700112524746e-01,2.336957640941711208e-09,-1.267421653681459759e+00,-3.805141239041854306e-01,1.137505851123604405e-06,-8.866835538666650208e-07,-4.263194140538393087e-03,-2.881661514171110516e-10,4.262026876222018909e-03,9.022970202311575307e-07,4.483845345259693328e-06,1.078708732657517391e-05,-1.679065016383780862e-02,-1.136457729592317048e-09,1.680033125254299514e-02,3.556690216463954941e-06
4.658380351581438150e-01,3.804966140399967944e-01,-2.123790822379799728e-02,-3.246224985326625623e-01,2.336124301084943450e-09,-1.267409328475701313e+00,-3.805141212948645602e-01,1.150428150483541753e-06,-8.547768120367956518e-07,-4.311583462655512768e-03,-2.914414184185549490e-10,4.310444917628226957e-03,9.125472879336747374e-07,4.503866300011103253e-06,1.140776334558663700e-05,-1.686506571042726416e-02,-1.141554574229951783e-09,1.687536253674559034e-02,3.572571212124129367e-06
4.687135785850459202e-01,3.804966173667510554e-01,-2.123791063370743248e-02,-3.246349665068378743e-01,2.335281522014153745e-09,-1.267396863732023204e+00,-3.805141186560030420e-01,1.163407890291796056e-06,-8.210587700371803059e-07,-4.360186254884698687e-03,-2.947313095498508114e-10,4.359078226278305726e-03,9.228431184721870976e-07,4.523796383837130184e-06,1.204695369929109207e-05,-1.693912304676745140e-02,-1.146629121858775968e-09,1.695005414744858718e-02,3.588380126140022946e-06
4.715891220119480254e-01,3.804966207309114501e-01,-2.123791294399056742e-02,-3.246475745461399609e-01,2.334429261769147615e-09,-1.267384258832818578e+00,-3.805141159874701473e-01,1.176444809394264924e-06,-7.854755851543466501e-07,-4.409001487168681330e-03,-2.980357607565210036e-10,4.407925826022116196e-03,9.331843046911949169e-07,4.543635700486043082e-06,1.270507968047531815e-05,-1.701282216598092034e-02,-1.151681415325467544e-09,1.702440649904171308e-02,3.604117040848012877e-06
4.744646654388501861e-01,3.804966241326419030e-01,-2.123791514920523454e-02,-3.246603232599686306e-01,2.333567478573743528e-09,-1.267371513163285890e+00,-3.805141132891357580e-01,1.189538646935034596e-06,-7.479721924941917422e-07,-4.458028129419902910e-03,-3.013547081076813920e-10,4.456986741901337694e-03,9.435706396718487063e-07,4.563384353605247073e-06,1.338257006152616175e-05,-1.708616305386465375e-02,-1.156711497745536293e-09,1.709842000606878396e-02,3.619782038505778103e-06
4.773402088657522913e-01,3.804966275721058389e-01,-2.123791724374913398e-02,-3.246732132547611172e-01,2.332696130835416794e-09,-1.267358626111426467e+00,-3.805141105608703667e-01,1.202689142356087717e-06,-7.084922833599348287e-07,-4.507265151499332927e-03,-3.046880877968183770e-10,4.506260000149911113e-03,9.540019167317200604e-07,4.583042446740175527e-06,1.407986117379310421e-05,-1.715914568881234809e-02,-1.161719412506166233e-09,1.717209508322931413e-02,3.635375201291420092e-06
4.802157522926543964e-01,3.804966310494656834e-01,-2.123791922185622877e-02,-3.246862451339926903e-01,2.331815177144942639e-09,-1.267345597068038510e+00,-3.805141078025449652e-01,1.215896035397007299e-06,-6.669782834020227209e-07,-4.556711523195079022e-03,-3.080358361425738362e-10,4.555744628194489075e-03,9.644779294245713700e-07,4.602610083333167739e-06,1.479739698683933073e-05,-1.723177004173683663e-02,-1.166705203269052023e-09,1.724543214538017469e-02,3.650896611302599711e-06
4.830912957195565571e-01,3.804966345648833626e-01,-2.123792107759309156e-02,-3.246994194981758231e-01,2.330924576276033899e-09,-1.267332425426716203e+00,-3.805141050140313785e-01,1.229159066094681531e-06,-6.233713305403107861e-07,-4.606366214200756717e-03,-3.113978895895391656e-10,4.605439654654893897e-03,9.749984715401243706e-07,4.622087366722365247e-06,1.553562918756820925e-05,-1.730403607599253352e-02,-1.171668913973234327e-09,1.731843160753721717e-02,3.666346350555673253e-06
4.859668391464586623e-01,3.804966381185198032e-01,-2.123792280485513329e-02,-3.247127369448603584e-01,2.330024287184977059e-09,-1.267319110583844832e+00,-3.805141021952015978e-01,1.242477974782998635e-06,-5.776112526589209428e-07,-4.656228194093644905e-03,-3.147741847090562491e-10,4.655344109344571220e-03,9.855633371038238199e-07,4.641474400140603912e-06,1.629501725921165054e-05,-1.737594374729815178e-02,-1.176610588837929604e-09,1.739109388487691116e-02,3.681724500984828460e-06
4.888423825733607675e-01,3.804966417105353771e-01,-2.123792439736285620e-02,-3.247261980686327876e-01,2.329114269010267055e-09,-1.267305651938597677e+00,-3.805140993459287246e-01,1.255852502092547014e-06,-5.296365450741697886e-07,-4.706296432312621902e-03,-3.181646582000276819e-10,4.705457023271060121e-03,9.961723203766017052e-07,4.660771286714309387e-06,1.707602856016745578e-05,-1.744749300365941447e-02,-1.181530272365351619e-09,1.746341939273795066e-02,3.697031144441222671e-06
4.917179260002629282e-01,3.804966453410896232e-01,-2.123792584865794031e-02,-3.247398034611159723e-01,2.328194481072239179e-09,-1.267292048892933343e+00,-3.805140964660860270e-01,1.269282388950303126e-06,-4.793843477760290220e-07,-4.756569898135867315e-03,-3.215692468897340253e-10,4.755777428636456285e-03,1.006825215854633933e-06,4.679978129462394278e-06,1.787913840267214502e-05,-1.751868378529206419e-02,-1.186428009343531095e-09,1.753540854662290899e-02,3.712266362692120540e-06
4.945934694271650334e-01,3.804966490103414700e-01,-2.123792715209934026e-02,-3.247535537109686454e-01,2.327264882872701394e-09,-1.267278300851591100e+00,-3.805140935555474946e-01,1.282767376579324004e-06,-4.267904224436219861e-07,-4.807047560658361807e-03,-3.249878877346605212e-10,4.806304358837892518e-03,1.017521818269103160e-06,4.699095031295150230e-06,1.870483013129632365e-05,-1.758951602454494889e-02,-1.191303844849126265e-09,1.760706176219981739e-02,3.727430237420039382e-06
4.974690128540671386e-01,3.804966527184488467e-01,-2.123792830085927813e-02,-3.247674494038848558e-01,2.326325434094556730e-09,-1.267264407222088218e+00,-3.805140906141879498e-01,1.296307206498431953e-06,-3.717891292352597875e-07,-4.857728388769144874e-03,-3.284205178213304258e-10,4.857036848468012334e-03,1.028261922585948284e-06,4.718122095013171344e-06,1.955359520124922264e-05,-1.765998964582336100e-02,-1.196157824250229909e-09,1.767837945530383731e-02,3.742522850221899173e-06
5.003445562809692992e-01,3.804966564655690719e-01,-2.123792928791918416e-02,-3.247814911225932466e-01,2.325376094601431050e-09,-1.267250367414716195e+00,-3.805140876418823814e-01,1.309901620521897124e-06,-3.143134033536089085e-07,-4.908611351128367058e-03,-3.318670743671470788e-10,4.907973933315446131e-03,1.039045324005620072e-06,4.737059423306242022e-06,2.042593325647930704e-05,-1.773010456551253264e-02,-1.200989993209163780e-09,1.774936204193880429e-02,3.757544282608158153e-06
5.032200997078714044e-01,3.804966602518589092e-01,-2.123793010606555426e-02,-3.247956794468565556e-01,2.324416824437296682e-09,-1.267236180842537197e+00,-3.805140846385067777e-01,1.323550360759119873e-06,-2.542947313865864115e-07,-4.959695416144125311e-03,-3.353274947212445557e-10,4.959114650365318601e-03,1.049871817962832347e-06,4.755907118752253616e-06,2.132235220755794922e-05,-1.779986069190134246e-02,-1.205800397685270958e-09,1.782000993827888638e-02,3.772494616001975112e-06
5.060956431347733986e-01,3.804966640774740116e-01,-2.123793074788578317e-02,-3.248100149534706715e-01,2.323447583826088612e-09,-1.267221846921381179e+00,-3.805140816039372931e-01,1.337253169614303387e-06,-1.916631274246163173e-07,-5.010979551949058981e-03,-3.388017163653452468e-10,5.010458037799717969e-03,1.060741200126306396e-06,4.774665283816121916e-06,2.224336830933280057e-05,-1.786925792510630703e-02,-1.210589083937697033e-09,1.789032356067016966e-02,3.787373931738353887e-06
5.089711865616756148e-01,3.804966679425695886e-01,-2.123793120576384849e-02,-3.248244982162639127e-01,2.322468333171326458e-09,-1.267207365069842773e+00,-3.805140785380510260e-01,1.351009789786130962e-06,-1.263471089549461700e-07,-5.062462726376748892e-03,-3.422896769146260192e-10,5.062003134998206873e-03,1.071653266398518976e-06,4.793334020848704646e-06,2.318950623833797338e-05,-1.793829615699572833e-02,-1.215356098528163856e-09,1.796030332563225418e-02,3.802182311063307761e-06
5.118467299885777200e-01,3.804966718472999609e-01,-2.123793147187600511e-02,-3.248391298060960275e-01,2.321479033055724454e-09,-1.267192734709275737e+00,-3.805140754407255743e-01,1.364819964267434814e-06,-5.827367253372981750e-08,-5.114143906937890921e-03,-3.457913141185925983e-10,5.113748982538321962e-03,1.082607812915444816e-06,4.811913432085713867e-06,2.416129916994797140e-05,-1.800697527111414648e-02,-1.220101488323733352e-09,1.802994964985983606e-02,3.816919835133008623e-06
5.147222734154798252e-01,3.804966757918187836e-01,-2.123793153818637203e-02,-3.248539102908573062e-01,2.320479644240810123e-09,-1.267177955263791844e+00,-3.805140723118389801e-01,1.378683436344862349e-06,1.263173076336568153e-08,-5.166022060796246658e-03,-3.493065658619610317e-10,5.165694622196071763e-03,1.093604636046295096e-06,4.830403619646650417e-06,2.515928885526208782e-05,-1.807529514260704240e-02,-1.224825300499560583e-09,1.809926295022431728e-02,3.831586585012957718e-06
5.175978168423819303e-01,3.804966797762789898e-01,-2.123793139644243252e-02,-3.248688402354676930e-01,2.319470127666528057e-09,-1.267163026160256889e+00,-3.805140691512699513e-01,1.392599949598542005e-06,8.644522011123859512e-08,-5.218096154744389370e-03,-3.528353701655475812e-10,5.217839096946451892e-03,1.104643532393257834e-06,4.848804685533731563e-06,2.618402569770667692e-05,-1.814325563814582140e-02,-1.229527582541640197e-09,1.816824364377536000e-02,3.846182641677145818e-06
5.204733602692840355e-01,3.804966838008326802e-01,-2.123793103817051692e-02,-3.248839202018754535e-01,2.318450444450849897e-09,-1.267147946828286242e+00,-3.805140659588979180e-01,1.406569247901746137e-06,1.632445099252717355e-07,-5.270365155179226185e-03,-3.563776651871675054e-10,5.270181450963968943e-03,1.115724298791232972e-06,4.867116731630828823e-06,2.723606882934198733e-05,-1.821085661585306048e-02,-1.234208382249540673e-09,1.823689214774248946e-02,3.860708086007226936e-06
5.233489036961862517e-01,3.804966878656312890e-01,-2.123793045467115351e-02,-3.248991507490559538e-01,2.317420555889381014e-09,-1.267132716700242190e+00,-3.805140627346026982e-01,1.420591075420544155e-06,2.431089350702489545e-07,-5.322828028077311244e-03,-3.599333892225392723e-10,5.322720729623144423e-03,1.126846732307565564e-06,4.885339859702393079e-06,2.831598618686068214e-05,-1.827809792522810256e-02,-1.238867747739124917e-09,1.830520887953663092e-02,3.875162998791684852e-06
5.262244471230883569e-01,3.804966919708254736e-01,-2.123792963701437442e-02,-3.249145324330107720e-01,2.316380423454958912e-09,-1.267117335211230378e+00,-3.805140594782647767e-01,1.434665176613462863e-06,3.261194762873422852e-07,-5.375483738969935935e-03,-3.635024807061987484e-10,5.375455979499045578e-03,1.138010630241774934e-06,4.903474171392416968e-06,2.942435458726530299e-05,-1.834497940707290747e-02,-1.243505727445264035e-09,1.837319425675168136e-02,3.889547460725011487e-06
5.290999905499904621e-01,3.804966961165651695e-01,-2.123792857603495551e-02,-3.249300658067660330e-01,2.315330008797255349e-09,-1.267101801799096705e+00,-3.805140561897652485e-01,1.448791296231134944e-06,4.123587858382333414e-07,-5.428331252918021377e-03,-3.670848782124204196e-10,5.428386248367819689e-03,1.149215790125286805e-06,4.921519768223368457e-06,3.056175980321162034e-05,-1.841150089341829152e-02,-1.248122370124535389e-09,1.844084869716608802e-02,3.903861552406889518e-06
5.319755339768925673e-01,3.804967003029996464e-01,-2.123792726232756264e-02,-3.249457514203711317e-01,2.314269273742372679e-09,-1.267086115904423105e+00,-3.805140528689855972e-01,1.462969179315950400e-06,5.019112133653971279e-07,-5.481369534486788854e-03,-3.706805204561462118e-10,5.481510585207217089e-03,1.160462009721156954e-06,4.939476751595149850e-06,3.172879663800515427e-05,-1.847766220745048274e-02,-1.252717724857911971e-09,1.850817261874436112e-02,3.918105354341377530e-06
5.348510774037946724e-01,3.804967045302773410e-01,-2.123792568624185625e-02,-3.249615898208972342e-01,2.313198180292437705e-09,-1.267070276970524656e+00,-3.805140495158082503e-01,1.477198571201701226e-06,5.948628319675299155e-07,-5.534597547720212542e-03,-3.742893462939218589e-10,5.534828040197131531e-03,1.171749087023794443e-06,4.957345222784065249e-06,3.292606900023796029e-05,-1.854346316343799192e-02,-1.257291841053434399e-09,1.857516643963863165e-02,3.932278946936090090e-06
5.377266208306967776e-01,3.804967087985460239e-01,-2.123792383787745722e-02,-3.249775815524360012e-01,2.312116690625191806e-09,-1.267054284443445811e+00,-3.805140461301158017e-01,1.491479217513223964e-06,6.913014644890545558e-07,-5.588014256115282283e-03,-3.779112947248416988e-10,5.588337664720144024e-03,1.183076820258685274e-06,4.975125282941763458e-06,3.415418997805310362e-05,-1.860890356665889298e-02,-1.261844768448874026e-09,1.864183057819018136e-02,3.946382410501397300e-06
5.406021642575989938e-01,3.804967131079527443e-01,-2.123792170707891266e-02,-3.249937271560974228e-01,2.311024767093583146e-09,-1.267038137771957285e+00,-3.805140427117919555e-01,1.505810864166042459e-06,7.913167100226396005e-07,-5.641618622596049522e-03,-3.815463048915004474e-10,5.642038511362071004e-03,1.194445007882111174e-06,4.992817033094227473e-06,3.541378191302400110e-05,-1.867398321332848846e-02,-1.266376557114377232e-09,1.870816545293094851e-02,3.960415825249618425e-06
5.434777076845010990e-01,3.804967174586437184e-01,-2.123791928343054039e-02,-3.250100271700089305e-01,2.309922372225348939e-09,-1.267021836407552060e+00,-3.805140392607202493e-01,1.520193257366001525e-06,8.949999706235841777e-07,-5.695409609487449461e-03,-3.851943160809527804e-10,5.695929633912508172e-03,1.205853448580864783e-06,5.010420574140743643e-06,3.670547647363586426e-05,-1.873870189052732893e-02,-1.270887257455104955e-09,1.877417148258508917e-02,3.974379271294229063e-06
5.463532511114032042e-01,3.804967218507646076e-01,-2.123791655625120040e-02,-3.250264821293127881e-01,2.308809468722601036e-09,-1.267005379804443166e+00,-3.805140357767855530e-01,1.534626143608903567e-06,1.002444478234920895e-06,-5.749386178488941068e-03,-3.888552677256801004e-10,5.750010087365389939e-03,1.217301941271965896e-06,5.027936006852880995e-06,3.802991472835686679e-05,-1.880305937612962094e-02,-1.275376920213842861e-09,1.883984908607044817e-02,3.988272828649053931e-06
5.492287945383053094e-01,3.804967262844601850e-01,-2.123791351458898663e-02,-3.250430925661648152e-01,2.307686019461404891e-09,-1.266988767419557904e+00,-3.805140322598728475e-01,1.549109269680139691e-06,1.113745321822019639e-06,-5.803547290647931116e-03,-3.925290994045658860e-10,5.804278927919546277e-03,1.228790285102373258e-06,5.045363431873480725e-06,3.938774721828630372e-05,-1.886705543873212071e-02,-1.279845596473611097e-09,1.890519868250004412e-02,4.002096577227487586e-06
5.521043379652074146e-01,3.804967307598745019e-01,-2.123791014721587711e-02,-3.250598590097322771e-01,2.306551987491358107e-09,-1.266971998712536740e+00,-3.805140287098679464e-01,1.563642382654317020e-06,1.228999474715495723e-06,-5.857891906332989181e-03,-3.962157508438771420e-10,5.858735212979269968e-03,1.240318279448695728e-06,5.062702949715648226e-06,4.077963402936724690e-05,-1.893068983758339902e-02,-1.284293337660250059e-09,1.897022069118360285e-02,4.015850596841712623e-06
5.549798813921095197e-01,3.804967352771509992e-01,-2.123790644262224178e-02,-3.250767819861919428e-01,2.305407336035166101e-09,-1.266955073145728639e+00,-3.805140251266569407e-01,1.578225229894884720e-06,1.348305822161098063e-06,-5.912418985206873562e-03,-3.999151619182539140e-10,5.913378001154879528e-03,1.251885723916896667e-06,5.079954660761752743e-06,4.220624486415118113e-05,-1.899396232251353983e-02,-1.288720195544990854e-09,1.903491553162899724e-02,4.029534967201903455e-06
5.578554248190117359e-01,3.804967398364322850e-01,-2.123790238901132263e-02,-3.250938620187280303e-01,2.304252028488211134e-09,-1.266937990184187957e+00,-3.805140215101267542e-01,1.592857559053756440e-06,1.471765189075326079e-06,-5.967127486199336889e-03,-4.036272726517066098e-10,5.968206352263294261e-03,1.263492418342004882e-06,5.097118665262438890e-06,4.366825911310228114e-05,-1.905687263386431421e-02,-1.293126222247012740e-09,1.909928362354374951e-02,4.043149767915473307e-06
5.607309682459138411e-01,3.804967444378603569e-01,-2.123789797429361317e-02,-3.251110996275299314e-01,2.303086028418123838e-09,-1.266920749295670667e+00,-3.805140178601649215e-01,1.607539118070931476e-06,1.599480368005390132e-06,-6.022016367479754786e-03,-4.073520232186197830e-10,6.023219327328607590e-03,1.275138162787813299e-06,5.114195063335639849e-06,4.516636592542898327e-05,-1.911942050241983299e-02,-1.297511470235981324e-09,1.916332538683648487e-02,4.056695078486293250e-06
5.636065116728159463e-01,3.804967490815763242e-01,-2.123789318608116858e-02,-3.251284953297902125e-01,2.301909299564348114e-09,-1.266903349950631030e+00,-3.805140141766591988e-01,1.622269655174108522e-06,1.731556147292169961e-06,-6.077084586429528160e-03,-4.110893539447636714e-10,6.078415988582669925e-03,1.286822757546581229e-06,5.131183954965583807e-06,4.670126427943031573e-05,-1.918160564933760887e-02,-1.301875992334567332e-09,1.922704124161834713e-02,4.070170978313919705e-06
5.664820550997180515e-01,3.804967537677206857e-01,-2.123788801168180473e-02,-3.251460496397020616e-01,2.300721805837705626e-09,-1.266885791622218926e+00,-3.805140104594983974e-01,1.637048918878303872e-06,1.868099339434737533e-06,-6.132331099614319811e-03,-4.148392053083130253e-10,6.133795399465674994e-03,1.298546003138735789e-06,5.148085440001841038e-06,4.827366305234511530e-05,-1.924342778608017709e-02,-1.306219841720953167e-09,1.929043160820450090e-02,4.083577546692854985e-06
5.693575985266201567e-01,3.804967584964333294e-01,-2.123788243809325224e-02,-3.251637630684570679e-01,2.299523511319954911e-09,-1.266868073786273863e+00,-3.805140067085714950e-01,1.651876657985460513e-06,2.009218809655003069e-06,-6.187754862756067280e-03,-4.186015179408730698e-10,6.189356624626745317e-03,1.310307700312566334e-06,5.164899618158349822e-06,4.988428108969145223e-05,-1.930488661434719491e-02,-1.310543071931315286e-09,1.935349690711550899e-02,4.096914862811781578e-06
5.722331419535223729e-01,3.804967632678530887e-01,-2.123787645199721671e-02,-3.251816361242426678e-01,2.298314380263349251e-09,-1.266850195921325195e+00,-3.805140029237683019e-01,1.666752621584055526e-06,2.155025504661009150e-06,-6.243354830704809198e-03,-4.223762326285118262e-10,6.245098729924522876e-03,1.322107650043918893e-06,5.181626589012451668e-06,5.153384727408445221e-05,-1.936598182600799897e-02,-1.314845736862292706e-09,1.941623755907879306e-02,4.110183005752821837e-06
5.751086853804244781e-01,3.804967680821183529e-01,-2.123787003975333501e-02,-3.251996693122397586e-01,2.297094377090189997e-09,-1.266832157508585466e+00,-3.805139991049791282e-01,1.681676559048709814e-06,2.305632481607343356e-06,-6.299129957410336440e-03,-4.261632903128013255e-10,6.301020782427771069e-03,1.333945653535890810e-06,5.198266452003951959e-06,5.322310059352044023e-05,-1.942671310303477686e-02,-1.319127890773432363e-09,1.947865398502999015e-02,4.123382054490784973e-06
5.779842288073265832e-01,3.804967729393667897e-01,-2.123786318739307594e-02,-3.252178631346198667e-01,2.295863466392379889e-09,-1.266813958031948850e+00,-3.805139952520947833e-01,1.696648220039786187e-06,2.461154937251128912e-06,-6.355079195893622093e-03,-4.299626320918631131e-10,6.357121850415971449e-03,1.345821512218518191e-06,5.214819306434169577e-06,5.495279020911505974e-05,-1.948708011743621737e-02,-1.323389588289618331e-09,1.954074660611441680e-02,4.136512087892448763e-06
5.808597722342286884e-01,3.804967778397351230e-01,-2.123785588061354382e-02,-3.252362180905423727e-01,2.294621612930968936e-09,-1.266795596977986715e+00,-3.805139913650066319e-01,1.711667354502994856e-06,2.621710237301991811e-06,-6.411201498218080559e-03,-4.337741992214237832e-10,6.413401003379932616e-03,1.357735027748466522e-06,5.231285251465006866e-06,5.672367552228380040e-05,-1.954708253119167433e-02,-1.327630884403477882e-09,1.960251584368840130e-02,4.149573184715815866e-06
5.837353156611307936e-01,3.804967827833596883e-01,-2.123784810477120921e-02,-3.252547346761521241e-01,2.293368781635702363e-09,-1.266777073835943845e+00,-3.805139874436067604e-01,1.726733712668986856e-06,2.787417945964400339e-06,-6.467495815460636704e-03,-4.375979331158750101e-10,6.469857312022393031e-03,1.369686002008716426e-06,5.247664386118016197e-06,5.853652624135273670e-05,-1.960671999618598602e-02,-1.331851834477771217e-09,1.966396211932067151e-02,4.162565423609399763e-06
5.866108590880328988e-01,3.804967877703757106e-01,-2.123783984487551471e-02,-3.252734133845761599e-01,2.292104937604561520e-09,-1.266758388097736665e+00,-3.805139834877877547e-01,1.741847045052953612e-06,2.958399855670706441e-06,-6.523961097682611128e-03,-4.414337753493415943e-10,6.526489848258644651e-03,1.381674237108247715e-06,5.263956809273485174e-06,6.039212244758782272e-05,-1.966599215414476312e-02,-1.336052494247754302e-09,1.972508585479373217e-02,4.175488883111499705e-06
5.894864025149351150e-01,3.804967928009180822e-01,-2.123783108558245994e-02,-3.252922547059208247e-01,2.290830046103300669e-09,-1.266739539257947911e+00,-3.805139794974426448e-01,1.757007102454214222e-06,3.134780017003211392e-06,-6.580596293900393794e-03,-4.452816676567556074e-10,6.583297685217131406e-03,1.393699535381719845e-06,5.280162619669526921e-06,6.229125466063069447e-05,-1.972489863657033923e-02,-1.340232919823528681e-09,1.978588747210519722e-02,4.188343641649501907e-06
5.923619459418372202e-01,3.804967978751207514e-01,-2.123782181118804430e-02,-3.253112591272688259e-01,2.289544072564987890e-09,-1.266720526813823522e+00,-3.805139754724652934e-01,1.772213635955809516e-06,3.316684768803528232e-06,-6.637400352055978885e-03,-4.491415519349380866e-10,6.640279897240087582e-03,1.405761699389154284e-06,5.296281915901178841e-06,6.423472390332970430e-05,-1.978343906467825569e-02,-1.344393167692362551e-09,1.984636739346913592e-02,4.201129777539166346e-06
5.952374893687393254e-01,3.804968029931170004e-01,-2.123781200562164378e-02,-3.253304271326761254e-01,2.288246982589534839e-09,-1.266701350265270420e+00,-3.805139714127499517e-01,1.787466396924087224e-06,3.504242768467482539e-06,-6.694372218987282817e-03,-4.530133702436866216e-10,6.697435559884159714e-03,1.417860531915612215e-06,5.312314796419496284e-06,6.622334176595427474e-05,-1.984161304933437092e-02,-1.348533294720990729e-09,1.990652604131741207e-02,4.213847368983933891e-06
5.981130327956414305e-01,3.804968081550393344e-01,-2.123780165243930804e-02,-3.253497592031685537e-01,2.286938741943225243e-09,-1.266682009114850960e+00,-3.805139673181913151e-01,1.802765137008288195e-06,3.697585022423766408e-06,-6.751510840398288783e-03,-4.568970648068699732e-10,6.754763749921018079e-03,1.429995835970867787e-06,5.328261359530688582e-06,6.825793046978079442e-05,-1.989942019099257692e-02,-1.352653358157896438e-09,1.996636383830093994e-02,4.226496494074231732e-06
6.009885762225435357e-01,3.804968133610196479e-01,-2.123779073481696367e-02,-3.253692558167386450e-01,2.285619316558246314e-09,-1.266662502867781370e+00,-3.805139631886848561e-01,1.818109608140126063e-06,3.896844916794499532e-06,-6.808815160829027359e-03,-4.607925780135286887e-10,6.812263545338005481e-03,1.442167414789085404e-06,5.344121703395222882e-06,7.033932293003902455e-05,-1.995686007963317493e-02,-1.356753415635565575e-09,2.002588120729104429e-02,4.239077230786796605e-06
6.038641196494456409e-01,3.804968186111891693e-01,-2.123777923554350661e-02,-3.253889174483421409e-01,2.284288672532207734e-09,-1.266642831031927097e+00,-3.805139590241266578e-01,1.833499562533369447e-06,4.102158248235933018e-06,-6.866284123625373235e-03,-4.646998524189832658e-10,6.869934025338773897e-03,1.454375071828491705e-06,5.359895926026975422e-06,7.246836281820759102e-05,-2.001393229470188953e-02,-1.360833525172720927e-09,2.008507857138074060e-02,4.251589656984000549e-06
6.067396630763477461e-01,3.804968239056782386e-01,-2.123776713701385627e-02,-3.254087445698946035e-01,2.282946776127662310e-09,-1.266622993117799467e+00,-3.805139548244131364e-01,1.848934752683421181e-06,4.313663254957224939e-06,-6.923916670908652864e-03,-4.686188307459474855e-10,6.927774270343915047e-03,1.466618610771043954e-06,5.375584125292356544e-06,7.464590462364629716e-05,-2.007063640504939961e-02,-1.364893745176529300e-09,2.014395635388595632e-02,4.264033850413166508e-06
6.096152065032498513e-01,3.804968292446166411e-01,-2.123775442122186746e-02,-3.254287376502679741e-01,2.281593593771625794e-09,-1.266602988638552807e+00,-3.805139505894414298e-01,1.864414931366885277e-06,4.531500647915546117e-06,-6.981711743545102045e-03,-4.725494558856482599e-10,6.985783361991603109e-03,1.478897835522098637e-06,5.391186398909466204e-06,7.687281371455502498e-05,-2.012697196887175410e-02,-1.368934134444785477e-09,2.020251497834682844e-02,4.276409888705923737e-06
6.124907499301519564e-01,3.804968346281333846e-01,-2.123774106975317641e-02,-3.254488971552865206e-01,2.280229092055090086e-09,-1.266582817109979997e+00,-3.805139463191092308e-01,1.879939851641146369e-06,4.755813642185520118e-06,-7.039668281115137906e-03,-4.764916708989522521e-10,7.043960383138244373e-03,1.491212550210077733e-06,5.406702844447274041e-06,7.914996639824794914e-05,-2.018293853365130466e-02,-1.372954752168077571e-09,2.026075486852896637e-02,4.288717849377550501e-06
6.153662933570540616e-01,3.804968400563566444e-01,-2.123772706377797040e-02,-3.254692235477234519e-01,2.278853237732529406e-09,-1.266562478050510032e+00,-3.805139420133147321e-01,1.895509266843937937e-06,4.986747988500904848e-06,-7.097785221882476486e-03,-4.804454190174989584e-10,7.102304417859126029e-03,1.503562559186135401e-06,5.422133559324757951e-06,8.147824998073098849e-05,-2.023853563609832179e-02,-1.376955657931915573e-09,2.031867644842460727e-02,4.300957809826315091e-06
6.182418367839562778e-01,3.804968455294141516e-01,-2.123771238404363257e-02,-3.254897172872970312e-01,2.277465997721413503e-09,-1.266541970981202914e+00,-3.805139376719566813e-01,1.911122930592908840e-06,5.224452004966650600e-06,-7.156061502763057768e-03,-4.844106436448387541e-10,7.160814551449077962e-03,1.515947667023817057e-06,5.437478640810110410e-06,8.385856282557254738e-05,-2.029376280209337080e-02,-1.380936911718845411e-09,2.037628014225391013e-02,4.313129847332850706e-06
6.211173802108583830e-01,3.804968510474327492e-01,-2.123769701086732770e-02,-3.255103788306665247e-01,2.276067339101709275e-09,-1.266521295425747873e+00,-3.805139332949345476e-01,1.926780596785188362e-06,5.469076608939165282e-06,-7.214496059293835396e-03,-4.883872883575776075e-10,7.219489870423109398e-03,1.528367678518722885e-06,5.452738186019916854e-06,8.629181441205574282e-05,-2.034861954663035738e-02,-1.384898573910532208e-09,2.043356637446610766e-02,4.325234039059518490e-06
6.239929236377604882e-01,3.804968566105386696e-01,-2.123768092412846656e-02,-3.255312086314283704e-01,2.274657229115379084e-09,-1.266500450910459596e+00,-3.805139288821481891e-01,1.942482019596952113e-06,5.720775349072794622e-06,-7.273087825601392935e-03,-4.923752969065285160e-10,7.278329462517101923e-03,1.540822398688167543e-06,5.467912291918357777e-06,8.877892539260203407e-05,-2.040310537376028091e-02,-1.388840705289818104e-09,2.049053556974071363e-02,4.337270462049785805e-06
6.268684670646625934e-01,3.804968622188573124e-01,-2.123766410326111478e-02,-3.255522071401117934e-01,2.273235635165883621e-09,-1.266479436964273564e+00,-3.805139244334980186e-01,1.958226953482977754e-06,5.979704437530319286e-06,-7.331835734370383169e-03,-4.963746132178664563e-10,7.337332416688435721e-03,1.553311632770832667e-06,5.483001055316419293e-06,9.132082764945405762e-05,-2.045721977653572332e-02,-1.392763367042751323e-09,2.054718815298866436e-02,4.349239193227600278e-06
6.297440104915646986e-01,3.804968678725134112e-01,-2.123764652724626986e-02,-3.255733748041749753e-01,2.271802524817669883e-09,-1.266458253118743160e+00,-3.805139199488851709e-01,1.974015153176206872e-06,6.246022782355397080e-06,-7.390738716811832976e-03,-5.003851813942925384e-10,7.396497823116685195e-03,1.565835186226428058e-06,5.498004572871113868e-06,9.391846435060870928e-05,-2.051096223695607346e-02,-1.396666620760596021e-09,2.060352454935351907e-02,4.361140309396801958e-06
6.326195539184668037e-01,3.804968735716311445e-01,-2.123762817460405142e-02,-3.255947120680004470e-01,2.270357865795666590e-09,-1.266436898908036790e+00,-3.805139154282111691e-01,1.989846373687301558e-06,6.519892020004773342e-06,-7.449795702631285127e-03,-5.044069457162008468e-10,7.455824773204277299e-03,1.578392864735342283e-06,5.512922941084715447e-06,9.657279000498868258e-05,-2.056433222591348003e-02,-1.400550528441804074e-09,2.065954518421254937e-02,4.372973887240503286e-06
6.354950973453690199e-01,3.804968793163338026e-01,-2.123760902338585332e-02,-3.256162193728910359e-01,2.268901625984768852e-09,-1.266415373868933658e+00,-3.805139108713782026e-01,2.005720370304194210e-06,6.801476548037962394e-06,-7.509005619996764018e-03,-5.084398506428522098e-10,7.515312359577160269e-03,1.590984474198293695e-06,5.527756256303994585e-06,9.928477051684155388e-05,-2.061732920313959910e-02,-1.404415152493967849e-09,2.071525048317788067e-02,4.384740003320513116e-06
6.383706407722711251e-01,3.804968851067439539e-01,-2.123758905116630846e-02,-3.256378971570650926e-01,2.267433773429323252e-09,-1.266393677540819995e+00,-3.805139062782889048e-01,2.021636898591644109e-06,7.090943557962321416e-06,-7.568367395506628639e-03,-5.124838408135541730e-10,7.574959676085497515e-03,1.603609820735983996e-06,5.542504614719476444e-06,1.020553832393573880e-04,-2.066995261715304580e-02,-1.408260555735738842e-09,2.077064087209761281e-02,4.396438734076744639e-06
6.412461841991732303e-01,3.804968909429837232e-01,-2.123756823503522920e-02,-3.256597458556519942e-01,2.265954276332608373e-09,-1.266371809465686171e+00,-3.805139016488466308e-01,2.037595714390785107e-06,7.388463068231088308e-06,-7.627879954157245138e-03,-5.165388610488453147e-10,7.634765817804335490e-03,1.616268710688745451e-06,5.557168112364699642e-06,1.048856170274926268e-04,-2.072220190520769265e-02,-1.412086801398723584e-09,2.082571677705689212e-02,4.408070155826647020e-06
6.441217276260753355e-01,3.804968968251741801e-01,-2.123754655158942989e-02,-3.256817659006877030e-01,2.264463103056310779e-09,-1.266349769188123142e+00,-3.805138969829552353e-01,2.053596573818671613e-06,7.694207957392206664e-06,-7.687542219310515394e-03,-5.206048563516849389e-10,7.694729881034281967e-03,1.628960950616185766e-06,5.571746845115494580e-06,1.077764722899915862e-04,-2.077407649324171032e-02,-1.415893953129345621e-09,2.088047862437898000e-02,4.419634344764631960e-06
6.469972710529774407e-01,3.804969027534359505e-01,-2.123752397692446267e-02,-3.257039577211098824e-01,2.262960222120001414e-09,-1.266327556255318898e+00,-3.805138922805189616e-01,2.069639233267827126e-06,8.008353997385590726e-06,-7.747353112661278969e-03,-5.246817719086496949e-10,7.754850963302206864e-03,1.641686347296837841e-06,5.586240908689271933e-06,1.107289610405941792e-04,-2.082557579582742721e-02,-1.419682074990682888e-09,2.093492684062633891e-02,4.431131376961530748e-06
6.498728144798796569e-01,3.804969087278890494e-01,-2.123750048662622486e-02,-3.257263217427528446e-01,2.261445602200602894e-09,-1.266305170217053799e+00,-3.805138875414428856e-01,2.085723449405785145e-06,8.331079886986390027e-06,-7.807311554204551113e-03,-5.287695530911332997e-10,7.815128163361923994e-03,1.654444707727799784e-06,5.600650398644307756e-06,1.137441069484201726e-04,-2.087669921612194182e-02,-1.423451231464268069e-09,2.098906185260162455e-02,4.442561328364026747e-06
6.527483579067817621e-01,3.804969147486523262e-01,-2.123747605576251085e-02,-3.257488583883431099e-01,2.259919212131857629e-09,-1.266282610625699245e+00,-3.805138827656323608e-01,2.101848979174632194e-06,8.662567285392027696e-06,-7.867416462202623736e-03,-5.328681454565523607e-10,7.875560581194878881e-03,1.667235839124379363e-06,5.614975410379065008e-06,1.168229453875197746e-04,-2.092744614581864768e-02,-1.427201487451869516e-09,2.104288408734875798e-02,4.453924274794134470e-06
6.556239013336838672e-01,3.804969208158444083e-01,-2.123745065887445993e-02,-3.257715680774937450e-01,2.258381020903791812e-09,-1.266259877036211901e+00,-3.805138779529935178e-01,2.118015579790545339e-06,9.003000845950444260e-06,-7.927666753152040613e-03,-5.369774947495582982e-10,7.936147318010853061e-03,1.680059548919732540e-06,5.629216039131504918e-06,1.199665234855809836e-04,-2.097781596509950414e-02,-1.430932908277233706e-09,2.109639397215388665e-02,4.465220291948652397e-06
6.584994447605859724e-01,3.804969269295830347e-01,-2.123742426996787572e-02,-3.257944512266999215e-01,2.256830997662174032e-09,-1.266236969006132140e+00,-3.805138731034329314e-01,2.134223008743333101e-06,9.352568250027193841e-06,-7.988061341750427730e-03,-5.410975469032521642e-10,7.996887476248654494e-03,1.692915644764505808e-06,5.643372379978426295e-06,1.231759001717828972e-04,-2.102780804258818151e-02,-1.434645559687801228e-09,2.114959193454642172e-02,4.476449455398659836e-06
6.613749881874880776e-01,3.804969330899851676e-01,-2.123739686250449357e-02,-3.258175082493330876e-01,2.255269111707972222e-09,-1.266213886095578722e+00,-3.805138682168577868e-01,2.150471023795966619e-06,9.711460241008943169e-06,-8.048599140863180526e-03,-5.452282480404057669e-10,8.057780159576821005e-03,1.705803934526470699e-06,5.657444527834798071e-06,1.264521462237862953e-04,-2.107742173530401109e-02,-1.438339507856386576e-09,2.120247840229994712e-02,4.487611840588990916e-06
6.642505316143901828e-01,3.804969392971673248e-01,-2.123736840939310228e-02,-3.258407395556360275e-01,2.253695332496806487e-09,-1.266190627867246121e+00,-3.805138632931756582e-01,2.166759382984117172e-06,1.007987065844078823e-05,-8.109279061490040977e-03,-5.493695444746873466e-10,8.118824472894324573e-03,1.718724226290162734e-06,5.671432577453124021e-06,1.297963443138509788e-04,-2.112665638861685111e-02,-1.442014819382835409e-09,2.125505380343320830e-02,4.498707522837733993e-06
6.671260750412923990e-01,3.804969455512450249e-01,-2.123733888298061714e-02,-3.258641455527173658e-01,2.252109629638398613e-09,-1.266167193886401643e+00,-3.805138583322949519e-01,2.183087844615686078e-06,1.045799647229494575e-05,-8.170100012731530692e-03,-5.535213827118920060e-10,8.180019522331277368e-03,1.731676328356513388e-06,5.685336623422803257e-06,1.332095890540703779e-04,-2.117551133620278192e-02,-1.445671561295641483e-09,2.130731856621104897e-02,4.509736577335742908e-06
6.700016184681945042e-01,3.804969518523333427e-01,-2.123730825504300049e-02,-3.258877266445459608e-01,2.250511972896017852e-09,-1.266143583720880317e+00,-3.805138533341244078e-01,2.199456167270336278e-06,1.084603781736823261e-05,-8.231060901755269527e-03,-5.576837094511760708e-10,8.241364415249644720e-03,1.744660049242487771e-06,5.699156760169517822e-06,1.366929870407145140e-04,-2.122398590000066851e-02,-1.449309801053536076e-09,2.135927311914531668e-02,4.520699079146150793e-06
6.728771618950966094e-01,3.804969582005464646e-01,-2.123727649677613349e-02,-3.259114832319454091e-01,2.248902332185921753e-09,-1.266119796941082898e+00,-3.805138482985733206e-01,2.215864109799018428e-06,1.124419802780578202e-05,-8.292160633762141533e-03,-5.618564715862975506e-10,8.302858260243949420e-03,1.757675197680711934e-06,5.712893081954616896e-06,1.402476568976709166e-04,-2.127207939016960078e-02,-1.452929606547045775e-09,2.141091789099575787e-02,4.531595103203897424e-06
6.757527053219987145e-01,3.804969645959980218e-01,-2.123724357916917382e-02,-3.259354157129635277e-01,2.247280677589009894e-09,-1.266095833119978531e+00,-3.805138432255517622e-01,2.232311450323295563e-06,1.165198620470089682e-05,-8.353398796159849579e-03,-5.660395939428572801e-10,8.364500153877697450e-03,1.770721597646185910e-06,5.726568821724420505e-06,1.430253209990219802e-04,-2.132062436521502125e-02,-1.456503931947887938e-09,2.146223715689730624e-02,4.542443025002248473e-06
6.786282487489008197e-01,3.804969710388011461e-01,-2.123720947907180648e-02,-3.259595244888279231e-01,2.245646979544231945e-09,-1.266071691833217328e+00,-3.805138381149698046e-01,2.248798036377974942e-06,1.206637653830775377e-05,-8.414777464247505043e-03,-5.702329205217534614e-10,8.426289145677815298e-03,1.783799128014463920e-06,5.740179554482036137e-06,1.451930083076337732e-04,-2.136945737912708879e-02,-1.460038141303670604e-09,2.151323450089724296e-02,4.553239345165010257e-06
6.815037921758029249e-01,3.804969775290682477e-01,-2.123717417840461155e-02,-3.259838099631744424e-01,2.244001208823111742e-09,-1.266047372659111936e+00,-3.805138329667383523e-01,2.265323643185412592e-06,1.248701096014239640e-05,-8.476296097471516452e-03,-5.744363805743358365e-10,8.488224337077668671e-03,1.796907610469763388e-06,5.753708585676929016e-06,1.473681591547332725e-04,-2.141797313734421573e-02,-1.463551976391932578e-09,2.156392207289315605e-02,4.563970860237415302e-06
6.843793356027051411e-01,3.804969840669113479e-01,-2.123713765918203503e-02,-3.260082725371681867e-01,2.242343336370610979e-09,-1.266022875178539397e+00,-3.805138277807685876e-01,2.281888036002348322e-06,1.291391045885986609e-05,-8.537953784599455753e-03,-5.786499155449492720e-10,8.550304837891381168e-03,1.810046858815544044e-06,5.767156049692001931e-06,1.495504435172639336e-04,-2.146617237120961724e-02,-1.467045459053668421e-09,2.161430027417202485e-02,4.574637676894001858e-06
6.872548790296072463e-01,3.804969906524415246e-01,-2.123709990335954576e-02,-3.260329126093571284e-01,2.240673333299980003e-09,-1.265998198974934041e+00,-3.805138225569723032e-01,2.298490980472422877e-06,1.334709506556628882e-05,-8.599749616510332650e-03,-5.828734669405410077e-10,8.612529759086877401e-03,1.823216687162389387e-06,5.780522081238319411e-06,1.517395254195865741e-04,-2.151405581792545027e-02,-1.470518610988507732e-09,2.166436950592712588e-02,4.585239902070656799e-06
6.901304224565092404e-01,3.804969972857693561e-01,-2.123706089283640408e-02,-3.260577305756780508e-01,2.238991170892578732e-09,-1.265973343634285930e+00,-3.805138172952619580e-01,2.315132242627110516e-06,1.378658383667124193e-05,-8.661682686211447449e-03,-5.871069763302516154e-10,8.674898212785577684e-03,1.836416909928755255e-06,5.793806815356174136e-06,1.539350629122355975e-04,-2.156162422057371006e-02,-1.473971453754183483e-09,2.171413016925765466e-02,4.595777642965467747e-06
6.930059658834113456e-01,3.804970039670046433e-01,-2.123702060945849984e-02,-3.260827268294626546e-01,2.237296820597698395e-09,-1.265948308745136197e+00,-3.805138119955502329e-01,2.331811588886680399e-06,1.423239483667988518e-05,-8.723752088855361853e-03,-5.913503853450081296e-10,8.737409312262158639e-03,1.849647341841731936e-06,5.807010387416159289e-06,1.561367080511311513e-04,-2.160887832813674497e-02,-1.477404008766015852e-09,2.176358266516846898e-02,4.606251007039583646e-06
6.958815093103135618e-01,3.804970106962565768e-01,-2.123697903502123202e-02,-3.261079017614439413e-01,2.235590254032385760e-09,-1.265923093898574603e+00,-3.805138066577506972e-01,2.348528786061139332e-06,1.468454512092569262e-05,-8.785956921756861090e-03,-5.956036356771125251e-10,8.800062171944261769e-03,1.862907797937796762e-06,5.820132933120166350e-06,1.583441068772470026e-04,-2.165581889551713296e-02,-1.480816297296395033e-09,2.181272739456962748e-02,4.616660102018000821e-06
6.987570527372156670e-01,3.804970174736336808e-01,-2.123693615127240919e-02,-3.261332557597620974e-01,2.233871442981264873e-09,-1.265897698688235096e+00,-3.805138012817771420e-01,2.365283601351185526e-06,1.514305071824560659e-05,-8.848296284410020127e-03,-5.998666690798296775e-10,8.862855907412217626e-03,1.876198093563572838e-06,5.833174588502405781e-06,1.605568993967387381e-04,-2.170244668355736373e-02,-1.484208340474288442e-09,2.186156475827619877e-02,4.627005035890378661e-06
7.016325961641177722e-01,3.804970242992438134e-01,-2.123689193991526447e-02,-3.261587892099713226e-01,2.232140359396365008e-09,-1.265872122710293590e+00,-3.805137958675440801e-01,2.382075802349174640e-06,1.560792661359868455e-05,-8.910769278505327115e-03,-6.041394273669761514e-10,8.925789635398801228e-03,1.889518044376597724e-06,5.846135489930379413e-06,1.627747195615364645e-04,-2.174876245905887559e-02,-1.487580159284750816e-09,2.191009515700787988e-02,4.637285916911815507e-06
7.045081395910198774e-01,3.804970311731941113e-01,-2.123684638261144619e-02,-3.261845024950456584e-01,2.230396975396944474e-09,-1.265846365563463971e+00,-3.805137904149664685e-01,2.398905157040068880e-06,1.607918673062947007e-05,-8.973375007946817264e-03,-6.084218524125039214e-10,8.988862473788919796e-03,1.902867466346081739e-06,5.859015774105813030e-06,1.649971952504012210e-04,-2.179476699480064131e-02,-1.490931774568445075e-09,2.195831899138869087e-02,4.647502853603592341e-06
7.073836830179219826e-01,3.804970380955911002e-01,-2.123679946098411611e-02,-3.262103959953857046e-01,2.228641263269318975e-09,-1.265820426848994984e+00,-3.805137849239599301e-01,2.415771433802404312e-06,1.655684391417774169e-05,-9.036112578869310782e-03,-6.127138861500849208e-10,9.052073541619364699e-03,1.916246175753676223e-06,5.871815578065597427e-06,1.672239482504525327e-04,-2.184046106955745900e-02,-1.494263207021179302e-09,2.200623666194670772e-02,4.657655954753916490e-06
7.102592264448240877e-01,3.804970450665406401e-01,-2.123675115662108925e-02,-3.262364700888248370e-01,2.226873195466694938e-09,-1.265794306170667349e+00,-3.805137793944403657e-01,2.432674401409256900e-06,1.704090991273565249e-05,-9.098981099655666441e-03,-6.170154705726940393e-10,9.115421959078516545e-03,1.929653989194243066e-06,5.884535039182673554e-06,1.694545942391662637e-04,-2.188584546811758735e-02,-1.497574477193448488e-09,2.205384856911374314e-02,4.667745329418634819e-06
7.131347698717263039e-01,3.804970520861478689e-01,-2.123670145107797030e-02,-3.262627251506357018e-01,2.225092744608990837e-09,-1.265768003134789765e+00,-3.805137738263244529e-01,2.449613829029206433e-06,1.753139536085395118e-05,-9.161979680954092375e-03,-6.213265477321900524e-10,9.178906847506078034e-03,1.943090723576622754e-06,5.897174295166889718e-06,1.716887427668476211e-04,-2.193092098129994019e-02,-1.500865605489989921e-09,2.210115511322505860e-02,4.677771086921910514e-06
7.160103132986284091e-01,3.804970591545172587e-01,-2.123665032588141835e-02,-3.262891615535372658e-01,2.223299883482676721e-09,-1.265741517350196244e+00,-3.805137682195293136e-01,2.466589486227312304e-06,1.802830976149838061e-05,-9.225107435695547101e-03,-6.256470597388977917e-10,9.242527329392801611e-03,1.956556196124413003e-06,5.909733484065863858e-06,1.739259972395820221e-04,-2.197568840597099657e-02,-1.504136612169355120e-09,2.214815669451911107e-02,4.687733336856911721e-06
7.188858567255305143e-01,3.804970662717527263e-01,-2.123659776253241857e-02,-3.263157796677005895e-01,2.221494585040601748e-09,-1.265714848428241668e+00,-3.805137625739724583e-01,2.483601142966078708e-06,1.853166146835774812e-05,-9.288363479111100621e-03,-6.299769487611840085e-10,9.306282528380192820e-03,1.970050224376733845e-06,5.922212744265778065e-06,1.761659549026643918e-04,-2.202014854506096839e-02,-1.507387517343480737e-09,2.219485371313726502e-02,4.697632189086443429e-06
7.217614001524326195e-01,3.804970734379574671e-01,-2.123654374250959556e-02,-3.263425798607559325e-01,2.219676822401830816e-09,-1.265687995982800240e+00,-3.805137568895721745e-01,2.500648569606435501e-06,1.904145766810506332e-05,-9.351746928749437790e-03,-6.343161570250379928e-10,9.370171569260251840e-03,1.983572626189012401e-06,5.934612214492169711e-06,1.784082068245132892e-04,-2.206430220757969046e-02,-1.510618340977281167e-09,2.224124656912352879e-02,4.707467753743580209e-06
7.246369435793347247e-01,3.804970806532338989e-01,-2.123648824727261686e-02,-3.263695624977996923e-01,2.217846568851475819e-09,-1.265660959630260152e+00,-3.805137511662469718e-01,2.517731536908711445e-06,1.955770436261314291e-05,-9.415256904494342591e-03,-6.386646268136470229e-10,9.434193577975171635e-03,1.997123219733756646e-06,5.946932033810692929e-06,1.806523378810690752e-04,-2.210815020863196589e-02,-1.513829102888251093e-09,2.228733566242431519e-02,4.717240141232269294e-06
7.275124870062369409e-01,3.804970879176839960e-01,-2.123643125826561381e-02,-3.263967279414003442e-01,2.216003797840537240e-09,-1.265633738989522472e+00,-3.805137454039161926e-01,2.534849816033615493e-06,2.008040635112602062e-05,-9.478892528582241392e-03,-6.430223004669716084e-10,9.498347681617074281e-03,2.010701823501335529e-06,5.959172341627842829e-06,1.828979267406805412e-04,-2.215169336943240141e-02,-1.517019822746072568e-09,2.233312139288818124e-02,4.726949462227910804e-06
7.303880304331390461e-01,3.804970952314089550e-01,-2.123637275692066839e-02,-3.264240765516059906e-01,2.214148482985735823e-09,-1.265606333681996265e+00,-3.805137396024995122e-01,2.552003178543216386e-06,2.060956721238755153e-05,-9.542652925619813861e-03,-6.473891203813207328e-10,9.562633008427724735e-03,2.024308256300762473e-06,5.971333277691659382e-06,1.851445458494818945e-04,-2.219493251731983682e-02,-1.520190520072241343e-09,2.237860416026558191e-02,4.736595827677916783e-06
7.332635738600411512e-01,3.804971025945093621e-01,-2.123631272466134853e-02,-3.264516086859510779e-01,2.212280598069354991e-09,-1.265578743331595257e+00,-3.805137337619171056e-01,2.569191396401924360e-06,2.114518928672879636e-05,-9.606537222601596940e-03,-6.517650290089244079e-10,9.627048687798237664e-03,2.037942337260473805e-06,5.983414982092402501e-06,1.873917614172634092e-04,-2.223786848577118808e-02,-1.523341214239701044e-09,2.242378436420866886e-02,4.746179348802247374e-06
7.361391172869432564e-01,3.804971100070850265e-01,-2.123625114290629209e-02,-3.264793246994628362e-01,2.210400117039078723e-09,-1.265550967564735618e+00,-3.805137278820898139e-01,2.586414241977483448e-06,2.168727365811537840e-05,-9.670544548927679021e-03,-6.561499688575069519e-10,9.691593850268813773e-03,2.051603885829119456e-06,5.995417595263199182e-06,1.896391334038373118e-04,-2.228050211441491568e-02,-1.526471924472488308e-09,2.246866240427102326e-02,4.755700137093925811e-06
7.390146607138453616e-01,3.804971174692353131e-01,-2.123618799307285324e-02,-3.265072249446686614e-01,2.208507014007834799e-09,-1.265523006010331519e+00,-3.805137219629388112e-01,2.603671488041945990e-06,2.223582013615643595e-05,-9.734674036421390661e-03,-6.605438824898568558e-10,9.756267627528437958e-03,2.065292721776342658e-06,6.007341257980651665e-06,1.918862155059014802e-04,-2.232283424904389982e-02,-1.529582669845390337e-09,2.251323867990749628e-02,4.765158304319529703e-06
7.418902041407474668e-01,3.804971249810586431e-01,-2.123612325658078004e-02,-3.265353097716031106e-01,2.206601263253632675e-09,-1.265494858299792691e+00,-3.805137160043859934e-01,2.620962907772674250e-06,2.279082723807645435e-05,-9.798924819347057738e-03,-6.649467125233991308e-10,9.821069152414608691e-03,2.079008665193573188e-06,6.019186111365433753e-06,1.941325551444044221e-04,-2.236486574162788871e-02,-1.532673469283615673e-09,2.255751359047393143e-02,4.774553962519659439e-06
7.447657475676496830e-01,3.804971325426531048e-01,-2.123605691485597191e-02,-3.265635795278145070e-01,2.204682839219412937e-09,-1.265466524067020870e+00,-3.805137100063535893e-01,2.638288274753320433e-06,2.335229217065145155e-05,-9.863296034427771961e-03,-6.693584016297626927e-10,9.885997558913037914e-03,2.092751536494809604e-06,6.030952296882848154e-06,1.963776934524119415e-04,-2.240659745032541270e-02,-1.535744341562472431e-09,2.260148753522701545e-02,4.783887224009380340e-06
7.476412909945517882e-01,3.804971401541160092e-01,-2.123598894933425435e-02,-3.265920345583726569e-01,2.202751716512886826e-09,-1.265438002948406027e+00,-3.805137039687645495e-01,2.655647362974824067e-06,2.392021081211120775e-05,-9.927786820863213416e-03,-6.737788925343498147e-10,9.951051982157383888e-03,2.106521156417414611e-06,6.042639956343352490e-06,1.986211652634802362e-04,-2.244803023949525772e-02,-1.538795305307061617e-09,2.264516091332407707e-02,4.793158201378647874e-06
7.505168344214538934e-01,3.804971478155438902e-01,-2.123591934146525431e-02,-3.266206752058754548e-01,2.200807869906386105e-09,-1.265409294582823918e+00,-3.805136978915419910e-01,2.673039946836404300e-06,2.449457769400846763e-05,-9.992396320347492200e-03,-6.782081280159044424e-10,1.001623155842895282e-02,2.120317346022904914e-06,6.054249231903061592e-06,2.008624991005358048e-04,-2.248916497970733161e-02,-1.541826378991981207e-09,2.268853412382286147e-02,4.802367007492705755e-06
7.533923778483559985e-01,3.804971555270327821e-01,-2.123584807271626518e-02,-3.266495018104564330e-01,2.198851274336706722e-09,-1.265380398611631652e+00,-3.805136917746099745e-01,2.690465801146553474e-06,2.507538598305722910e-05,-1.005712367708702301e-02,-6.826460509060777170e-10,1.008153542515641612e-02,2.134139926697740658e-06,6.065780266064229452e-06,2.031012171652647671e-04,-2.253000254775319039e-02,-1.544837580941044285e-09,2.273160756568142968e-02,4.811513755492467959e-06
7.562679212752581037e-01,3.804971632886780530e-01,-2.123577512457621927e-02,-3.266785147097917563e-01,2.196881904904959920e-09,-1.265351314678665684e+00,-3.805136856178928384e-01,2.707924701124030688e-06,2.566262746294095242e-05,-1.012196803781842402e-02,-6.870926040889945331e-10,1.014696272091551547e-02,2.147988720154118672e-06,6.077233201675670210e-06,2.053368353280146045e-04,-2.257054382665589498e-02,-1.547828929327002555e-09,2.277438163775792612e-02,4.820598558794854147e-06
7.591434647021602089e-01,3.804971711005744051e-01,-2.123570047855969159e-02,-3.267077142391079381e-01,2.194899736876421684e-09,-1.265322042430237381e+00,-3.805136794213153650e-01,2.725416422398866385e-06,2.625629251609274930e-05,-1.018692855182645740e-02,-6.915477305008190615e-10,1.021251258542879570e-02,2.161863548430772068e-06,6.088608181933186743e-06,2.075688631182100305e-04,-2.261078970567942728e-02,-1.550800442171287231e-09,2.281685673881041904e-02,4.829621531093134409e-06
7.620190081290624251e-01,3.804971789628158740e-01,-2.123562411621094520e-02,-3.267371007311883901e-01,2.192904745680383029e-09,-1.265292581515130799e+00,-3.805136731848030029e-01,2.742940741013353803e-06,2.685637010544857206e-05,-1.025200437096199062e-02,-6.960113731293192392e-10,1.027818415956529251e-02,2.175764233893758830e-06,6.099905350379954376e-06,2.097968037152845872e-04,-2.265074108033768990e-02,-1.553752137343762741e-09,2.285903326749679290e-02,4.838582786357227418e-06
7.648945515559645303e-01,3.804971868754958297e-01,-2.123554601910804251e-02,-3.267666745163819164e-01,2.190896906910001930e-09,-1.265262931584598238e+00,-3.805136669082816447e-01,2.760497433423049740e-06,2.746284775617506975e-05,-1.031719464965997514e-02,-7.004834750134297073e-10,1.034397658534026189e-02,2.189690599237262681e-06,6.111124850906858847e-06,2.120201539401308176e-04,-2.269039885240281204e-02,-1.556684032562486638e-09,2.290091162237456457e-02,4.847482438833983342e-06
7.677700949828666355e-01,3.804971948387071423e-01,-2.123546616886700170e-02,-3.267964359226092630e-01,2.188876196322157737e-09,-1.265233092292358252e+00,-3.805136605916777381e-01,2.778086276497778718e-06,2.807571153737373063e-05,-1.038249854495745111e-02,-7.049639792428161973e-10,1.040988900591487999e-02,2.203642467484384639e-06,6.122266827752834274e-06,2.142384042470707722e-04,-2.272976392991310837e-02,-1.559596145393486470e-09,2.294249220190074448e-02,4.856320603047432868e-06
7.706456384097687407e-01,3.804972028525419603e-01,-2.123538454714602938e-02,-3.268263852753710563e-01,2.186842589837306836e-09,-1.265203063294590313e+00,-3.805136542349181195e-01,2.795707047522627819e-06,2.869494604376258181e-05,-1.044791521651158503e-02,-7.094528289574370222e-10,1.047592056559596557e-02,2.217619661987945999e-06,6.133331425505141827e-06,2.164510387163486407e-04,-2.276883722718042735e-02,-1.562488493250546572e-09,2.298377540443174299e-02,4.865097393799031995e-06
7.735211818366708458e-01,3.804972109170915995e-01,-2.123530113564975688e-02,-3.268565228977552417e-01,2.184796063539333341e-09,-1.265172844249934592e+00,-3.805136478379303466e-01,2.813359524198956771e-06,2.932053437733710935e-05,-1.051344382661771257e-02,-7.139499673471063246e-10,1.054207040983567989e-02,2.231622006431284552e-06,6.144318789099646708e-06,2.186575350471479484e-04,-2.280761966479702418e-02,-1.565361093395008303e-09,2.302476162822322120e-02,4.873812926167867866e-06
7.763967252635730620e-01,3.804972190324470982e-01,-2.123521591613358739e-02,-3.268868491104447438e-01,2.182736593675414677e-09,-1.265142434819485073e+00,-3.805136414006421997e-01,2.831043484645390252e-06,2.995245812901175088e-05,-1.057908354022740749e-02,-7.184553376510533966e-10,1.060833768523123874e-02,2.245649324829047398e-06,6.155229063821034148e-06,2.208573645511342374e-04,-2.284611216964188563e-02,-1.568213962935578553e-09,2.306545127142996254e-02,4.882467315510829019e-06
7.792722686904751672e-01,3.804972271986985510e-01,-2.123512887040804320e-02,-3.269173642317251272e-01,2.180664156655874341e-09,-1.265111834666789781e+00,-3.805136349229822912e-01,2.848758707398830937e-06,3.059069736024378687e-05,-1.064483352496657306e-02,-7.229688831574852046e-10,1.067472153952462102e-02,2.259701441527999871e-06,6.166062395303018617e-06,2.230499921465266765e-04,-2.288431567488659682e-02,-1.571047118828156243e-09,2.310584473210581039e-02,4.891060677462784959e-06
7.821478121173772724e-01,3.804972354159355530e-01,-2.123503998034321702e-02,-3.269480685774922013e-01,2.178578729054042524e-09,-1.265081043457844334e+00,-3.805136284048794004e-01,2.866504971415459846e-06,3.123523058464071811e-05,-1.071069295115354390e-02,-7.274905472031465360e-10,1.074122112160229292e-02,2.273778181207820052e-06,6.176818929528511545e-06,2.252348763526991406e-04,-2.292223112000059057e-02,-1.573860577875666060e-09,2.314594240820353616e-02,4.899593127936712364e-06
7.850233555442793776e-01,3.804972436842471994e-01,-2.123494922787321285e-02,-3.269789624612600698e-01,2.176480287606118384e-09,-1.265050060861091508e+00,-3.805136218462630282e-01,2.884282056071740498e-06,3.188603474955302685e-05,-1.077666099181720169e-02,-7.320202731728795252e-10,1.080783558149490259e-02,2.287879368881895824e-06,6.187498812829772086e-06,2.274114692853128751e-04,-2.295985945075599763e-02,-1.576654356727908533e-09,2.318574469757481160e-02,4.908064783123806051e-06
7.878988989711814828e-01,3.804972520037215311e-01,-2.123485659500072217e-02,-3.270100461941685688e-01,2.174368809211031494e-09,-1.265018886547415233e+00,-3.805136152470631195e-01,2.902089741165420957e-06,3.254308521765365641e-05,-1.084273682271509609e-02,-7.365580044991829739e-10,1.087456407037698351e-02,2.302004829898129985e-06,6.198102191888483359e-06,2.295792166519820452e-04,-2.299720161923179268e-02,-1.579428471881414861e-09,2.322525199797001103e-02,4.916475759493560286e-06
7.907744423980835879e-01,3.804972603744464221e-01,-2.123476206380156550e-02,-3.270413200849914825e-01,2.172244270930305771e-09,-1.264987520190139492e+00,-3.805136086072102297e-01,2.919927806916541798e-06,3.320635574850577462e-05,-1.090891962235159170e-02,-7.411036846617711528e-10,1.094140574056667176e-02,2.316154389939736875e-06,6.208629213735865941e-06,2.317375577484755318e-04,-2.303425858381763502e-02,-1.582182939679324076e-09,2.326446470703825639e-02,4.924826173793841630e-06
7.936499858249858042e-01,3.804972687965088585e-01,-2.123466561642935180e-02,-3.270727844401441486e-01,2.170106649987924231e-09,-1.264955961465024092e+00,-3.805136019266351921e-01,2.937796033968444497e-06,3.387581848012044750e-05,-1.097520857199603579e-02,-7.456572571871340523e-10,1.100835974552542666e-02,2.330327875026048755e-06,6.219080025752704134e-06,2.338859254554547028e-04,-2.307103130921701190e-02,-1.584917776311266618e-09,2.330338322232731324e-02,4.933116143050918588e-06
7.965255292518879093e-01,3.804972772699952710e-01,-2.123456723512015185e-02,-3.271044395636917290e-01,2.167955923770196639e-09,-1.264924210050260900e+00,-3.805135952052693948e-01,2.955694203388769665e-06,3.455144391050570018e-05,-1.104160285570089661e-02,-7.502186656480943234e-10,1.107542523985772381e-02,2.344525111513306933e-06,6.229454775669356123e-06,2.360237462357495444e-04,-2.310752076644988218e-02,-1.587632997813256804e-09,2.334200794128350395e-02,4.941345784569463300e-06
7.994010726787900145e-01,3.804972857949914800e-01,-2.123446690219727567e-02,-3.271362857573572591e-01,2.165792069825623443e-09,-1.264892265626471612e+00,-3.805135884430450033e-01,2.973622096670466707e-06,3.523320087920841538e-05,-1.110810166031993111e-02,-7.547878536633661841e-10,1.114260137931076533e-02,2.358745926095472379e-06,6.239753611565754828e-06,2.381504401321749703e-04,-2.314372793285488644e-02,-1.590328620067609486e-09,2.338033926125171469e-02,4.949515215932565096e-06
8.022766161056921197e-01,3.804972943715824729e-01,-2.123436460007601181e-02,-3.271683233205291974e-01,2.163615065864766726e-09,-1.264860127876704432e+00,-3.805135816398942938e-01,2.991579495732796286e-06,3.592105654885089901e-05,-1.117470417552636486e-02,-7.593647648971121538e-10,1.120988732077418497e-02,2.372990145805018120e-06,6.249976681871343524e-06,2.402654207658881463e-04,-2.317965379209088392e-02,-1.593004658802854645e-09,2.341837757947533988e-02,4.957624555001661884e-06
8.051521595325942249e-01,3.804973029998529599e-01,-2.123426031126853658e-02,-3.272005525502702517e-01,2.161424889760121174e-09,-1.264827796486428957e+00,-3.805135747957503201e-01,3.009566182922340413e-06,3.661497638666331213e-05,-1.124140959383107367e-02,-7.639493430585030964e-10,1.127728222227976709e-02,2.387257598013735618e-06,6.260124135364999613e-06,2.423680953352894889e-04,-2.321529933413804536e-02,-1.595661129593673908e-09,2.345612329309618854e-02,4.965673919916491869e-06
8.080277029594963301e-01,3.804973116798868737e-01,-2.123415401838875741e-02,-3.272329737413252060e-01,2.159221519545983788e-09,-1.264795271143535516e+00,-3.805135679105464130e-01,3.027581941013998129e-06,3.731492414601394141e-05,-1.130821711060074099e-02,-7.685415319012727840e-10,1.134478524300114310e-02,2.401548110433530131e-06,6.270196121174923661e-06,2.444578646154672288e-04,-2.325066555529841511e-02,-1.598298047860847813e-09,2.349357679915459185e-02,4.973663429095003772e-06
8.109032463863985463e-01,3.804973204117673702e-01,-2.123404570415732273e-02,-3.272655871861293031e-01,2.157004933418324849e-09,-1.264762551538329838e+00,-3.805135609842166255e-01,3.045626553212001102e-06,3.802086184793846660e-05,-1.137512592407606202e-02,-7.731412752232780431e-10,1.141239554325352082e-02,2.415861511117224129e-06,6.280192788778489471e-06,2.465341229581885746e-04,-2.328575345819583822e-02,-1.600915428871211552e-09,2.353073849458925740e-02,4.981593201233231461e-06
8.137787898133006514e-01,3.804973291955771608e-01,-2.123393535140659025e-02,-3.272983931748161268e-01,2.154775109734665906e-09,-1.264729637363531056e+00,-3.805135540166952879e-01,3.063699803150906772e-06,3.873274976267006156e-05,-1.144213523538990113e-02,-7.777485168660537317e-10,1.148011228449335314e-02,2.430197628459355193e-06,6.290114288002083150e-06,2.485962582924367177e-04,-2.332056405177550598e-02,-1.603513287737629335e-09,2.356760877623736289e-02,4.989463355305171987e-06
8.166543332402027566e-01,3.804973380313982911e-01,-2.123382294308570617e-02,-3.273313919952265949e-01,2.152532027013950735e-09,-1.264696528314267709e+00,-3.805135470079173410e-01,3.081801474896609707e-06,3.945054639117187372e-05,-1.150924424858547866e-02,-7.823632007143719557e-10,1.154793462931808824e-02,2.444556291196973925e-06,6.299960769020880339e-06,2.506436521254981793e-04,-2.335509835130280404e-02,-1.606091639418977428e-09,2.360418804083451103e-02,4.997274010562604314e-06
8.195298766671048618e-01,3.804973469193121405e-01,-2.123370846226570879e-02,-3.273645839329168417e-01,2.150275663936423334e-09,-1.264663224088074855e+00,-3.805135399578183364e-01,3.099931352947338562e-06,4.017420844667332532e-05,-1.157645217063453524e-02,-7.869852706957975621e-10,1.161586174146584521e-02,2.458937328410446083e-06,6.309732382358606499e-06,2.526756795445977326e-04,-2.338935737836172341e-02,-1.608650498720138362e-09,2.364047668501474686e-02,5.005025286534903818e-06
8.224054200940069670e-01,3.804973558593995331e-01,-2.123359189214471185e-02,-3.273979692711669887e-01,2.148005999343505911e-09,-1.264629724384890297e+00,-3.805135328663339367e-01,3.118089222234661082e-06,4.090369083621204582e-05,-1.164375821145551167e-02,-7.916146707802465283e-10,1.168389278581515034e-02,2.473340569524245834e-06,6.319429278887270099e-06,2.546917092190859977e-04,-2.342334216085267817e-02,-1.611189880292010451e-09,2.367647510531058902e-02,5.012717303028822063e-06
8.252809635209090722e-01,3.804973648517406826e-01,-2.123347321605310867e-02,-3.274315482909893604e-01,2.145723012237677286e-09,-1.264596028907051917e+00,-3.805135257334006926e-01,3.136274868124485721e-06,4.163894664218267534e-05,-1.171116158393169758e-02,-7.962513449795425934e-10,1.175202692838461967e-02,2.487765844307757888e-06,6.329051609826850063e-06,2.566911034031783530e-04,-2.345705373298979241e-02,-1.613709798631529912e-09,2.371218369815303317e-02,5.020350180128244544e-06
8.281565069478112884e-01,3.804973738964151364e-01,-2.123335241745884922e-02,-3.274653212711371442e-01,2.143426681782352956e-09,-1.264562137359294125e+00,-3.805135185589555435e-01,3.154488076418056904e-06,4.237992710389453828e-05,-1.177866150392936975e-02,-8.008952373469743028e-10,1.182026333633267104e-02,2.502212982876068629e-06,6.338599526744973043e-06,2.586732179392467359e-04,-2.349049313529768396e-02,-1.616210268081706026e-09,2.374760285987165265e-02,5.027924038193934887e-06
8.310320503747131715e-01,3.804973829935018315e-01,-2.123322947997277610e-02,-3.274992884881133270e-01,2.141116987301766390e-09,-1.264528049448744307e+00,-3.805135113429357618e-01,3.172728633352961302e-06,4.312658159913953555e-05,-1.184625719031595983e-02,-8.055462919768537075e-10,1.188860117795725521e-02,2.516681815690765718e-06,6.348073181556528874e-06,2.606374022616665545e-04,-2.352366141460760993e-02,-1.618691302831663942e-09,2.378273298669457761e-02,5.035438997863215517e-06
8.339075938016153877e-01,3.804973921430790385e-01,-2.123310438735398487e-02,-3.275334502161787453e-01,2.138793908280851156e-09,-1.264493764884919935e+00,-3.805135040852792305e-01,3.190996325604123098e-06,4.387885762577186814e-05,-1.191394786497818048e-02,-8.102044530040728915e-10,1.195703962269554881e-02,2.531172173560735567e-06,6.357472726523264840e-06,2.625829994012191990e-04,-2.355655962405314371e-02,-1.621152916916705475e-09,2.381757447474857139e-02,5.042895180049663571e-06
8.367831372285174929e-01,3.804974013452246395e-01,-2.123297712351528144e-02,-3.275678067273611327e-01,2.136457424365125944e-09,-1.264459283379725241e+00,-3.805134967859242212e-01,3.209290940284795858e-06,4.463670078330110992e-05,-1.198173275284011331e-02,-8.148696646036619477e-10,1.202557784112364900e-02,2.545683887642947698e-06,6.366798314253367242e-06,2.645093459900493393e-04,-2.358918882306531087e-02,-1.623595124218383551e-09,2.385212772005910337e-02,5.050292705942764465e-06
8.396586806554195981e-01,3.804974106000156286e-01,-2.123284767252865690e-02,-3.276023582914640020e-01,2.134107515360581243e-09,-1.264424604647447659e+00,-3.805134894448096716e-01,3.227612264947564576e-06,4.540005475450054740e-05,-1.204961108188133678e-02,-8.195418709903465394e-10,1.209421500495630290e-02,2.560216789443257302e-06,6.376050097700981131e-06,2.664157722671811829e-04,-2.362155007736709694e-02,-1.626017938464582446e-09,2.388639311855043218e-02,5.057631697007534114e-06
8.425342240823217033e-01,3.804974199075285557e-01,-2.123271601863080393e-02,-3.276371051760751940e-01,2.131744161233561466e-09,-1.264389728404755386e+00,-3.805134820618749081e-01,3.245960087585337123e-06,4.616886128703206706e-05,-1.211758208315498811e-02,-8.242210164181071162e-10,1.216295028704660573e-02,2.574770710817191290e-06,6.385228230165709708e-06,2.683016020845926638e-04,-2.365364445896746270e-02,-1.628421373229616842e-09,2.392037106604565089e-02,5.064912274984119134e-06
8.454097675092238084e-01,3.804974292678392489e-01,-2.123258214622874077e-02,-3.276720476465758147e-01,2.129367342110656177e-09,-1.264354654370692499e+00,-3.805134746370597565e-01,3.264334196632336124e-06,4.694306017508932514e-05,-1.218564499080586512e-02,-8.289070451797368900e-10,1.223178286138572324e-02,2.589345483970743653e-06,6.394332865292085780e-06,2.701661529138486991e-04,-2.368547304615484933e-02,-1.630805441934342455e-09,2.395406195826681878e-02,5.072134561887380950e-06
8.482853109361259136e-01,3.804974386810230369e-01,-2.123244603990543863e-02,-3.277071859661493392e-01,2.126977038278588009e-09,-1.264319382266677394e+00,-3.805134671703043758e-01,3.282734380965093373e-06,4.772258924106077854e-05,-1.225379904208844135e-02,-8.335999016064010504e-10,1.230071190310258120e-02,2.603940941461158123e-06,6.403364157068997469e-06,2.720087358532937327e-04,-2.371703692349000359e-02,-1.633170157846275573e-09,2.398746619083499954e-02,5.079298680006424841e-06
8.511608543630281298e-01,3.804974481471545267e-01,-2.123230768442551514e-02,-3.277425203957902711e-01,2.124573230184103471e-09,-1.264283911816498573e+00,-3.805134596615495357e-01,3.301160429903434511e-06,4.850738431721425076e-05,-1.232204347738489157e-02,-8.382995300671951541e-10,1.236973658846359653e-02,2.618556916197722265e-06,6.412322259829094441e-06,2.738286556358062742e-04,-2.374833718179838321e-02,-1.635515534079730981e-09,2.402058415927044166e-02,5.086404751904144244e-06
8.540363977899302350e-01,3.804974576663079366e-01,-2.123216706474099699e-02,-3.277780511943133024e-01,2.122155898433863767e-09,-1.264248242746311091e+00,-3.805134521107366163e-01,3.319612133211468783e-06,4.929737922740457781e-05,-1.239037754022310860e-02,-8.430058749687062021e-10,1.243885609487236678e-02,2.633193241442549291e-06,6.421207328248157717e-06,2.756252106371140788e-04,-2.377937491816197249e-02,-1.637841583595971474e-09,2.405341625899266172e-02,5.093452900416709138e-06
8.569119412168323402e-01,3.804974672385565970e-01,-2.123202416599710360e-02,-3.278137786183625835e-01,2.119725023794338086e-09,-1.264212374784634774e+00,-3.805134445178071645e-01,3.338089281098576676e-06,5.009250576880596708e-05,-1.245880047729468545e-02,-8.477188807545714424e-10,1.250806960086939083e-02,2.647849750811368760e-06,6.430019517344420348e-06,2.773976928846720287e-04,-2.381015123591046986e-02,-1.640148319203362752e-09,2.408596288532052765e-02,5.100443248653029030e-06
8.597874846437344454e-01,3.804974768639735050e-01,-2.123187897353812081e-02,-3.278497029224206050e-01,2.117280587191698137e-09,-1.264176307662349563e+00,-3.805134368827035041e-01,3.356591664220391213e-06,5.089269369367072272e-05,-1.252731153847285415e-02,-8.524384919050400670e-10,1.257737628613179483e-02,2.662526278274305007e-06,6.438758982477885559e-06,2.791453880671028237e-04,-2.384066724461203143e-02,-1.642435753557551672e-09,2.411822443347245992e-02,5.107375919994203232e-06
8.626630280706365506e-01,3.804974865426307695e-01,-2.123173147291328514e-02,-3.278858243588172461e-01,2.114822569711711442e-09,-1.264140041112691959e+00,-3.805134292053682921e-01,3.375119073679778810e-06,5.169787069111584174e-05,-1.259590997683041232e-02,-8.571646529365331528e-10,1.264677533147300775e-02,2.677222658156659373e-06,6.447425879349578812e-06,2.808675755442005886e-04,-2.387092406006339346e-02,-1.644703899161652159e-09,2.415020129856654263e-02,5.114251038092936401e-06
8.655385714975386557e-01,3.804974962746002221e-01,-2.123158164988275809e-02,-3.279221431777393780e-01,2.112350952599642077e-09,-1.264103574871253466e+00,-3.805134214857446850e-01,3.393671301027823108e-06,5.250796236893933762e-05,-1.266459504865763072e-02,-8.618973084012062891e-10,1.271626591884250645e-02,2.691938725139693292e-06,6.456020364000792260e-06,2.825635283574994602e-04,-2.390092280427942237e-02,-1.646952768366440422e-09,2.418189387562064835e-02,5.121068726872922755e-06
8.684141149244408719e-01,3.804975060599528058e-01,-2.123142949042364225e-02,-3.279586596272399124e-01,2.109865717260143135e-09,-1.264066908675975265e+00,-3.805134137237762282e-01,3.412248138264796946e-06,5.332289223546763307e-05,-1.273336601348010015e-02,-8.666364028865113790e-10,1.278584723132551206e-02,2.706674314261405864e-06,6.464542592812280907e-06,2.842325132414063910e-04,-2.393066460548219643e-02,-1.649182373370571879e-09,2.421330255955264285e-02,5.127829110528223497e-06
8.712896583513429771e-01,3.804975158987590200e-01,-2.123127498073602501e-02,-3.279953739532471269e-01,2.107366845257159947e-09,-1.264030042267147103e+00,-3.805134059194070217e-01,3.430849377841142796e-06,5.414258168143585155e-05,-1.280222213407658169e-02,-8.713818810147603015e-10,1.285551845314271066e-02,2.721429260917307618e-06,6.472992722503429131e-06,2.858737906348988783e-04,-2.396015059808942124e-02,-1.651392726220802222e-09,2.424442774518052041e-02,5.134532313522584110e-06
8.741652017782450823e-01,3.804975257910887532e-01,-2.123111810724910217e-02,-3.280322863995741023e-01,2.104854318313829996e-09,-1.263992975387401962e+00,-3.805133980725817211e-01,3.449474812658437114e-06,5.496694996190244412e-05,-1.287116267649678590e-02,-8.761336874426861957e-10,1.292527876964994805e-02,2.736203400861197669e-06,6.481370910131389250e-06,2.874866146937879951e-04,-2.398938192270239078e-02,-1.653583838812225442e-09,2.427526982722261195e-02,5.141178460588770281e-06
8.770407452051471875e-01,3.804975357370112832e-01,-2.123095885662736396e-02,-3.280693972079281595e-01,2.102328118312382411e-09,-1.263955707781714510e+00,-3.805133901832453702e-01,3.468124236070373743e-06,5.579591417820014383e-05,-1.294018691007916763e-02,-8.808917668610111555e-10,1.299512736733796948e-02,2.750996570205935364e-06,6.489677313090185360e-06,2.890702333035488386e-04,-2.401835972609331696e-02,-1.655755722888524665e-09,2.430582920029772040e-02,5.147767676727822514e-06
8.799162886320492927e-01,3.804975457365952218e-01,-2.123079721577677756e-02,-3.281067066179202962e-01,2.099788227294042841e-09,-1.263918239197396209e+00,-3.805133822513434572e-01,3.486797441883713441e-06,5.662938925992429799e-05,-1.300929410746860630e-02,-8.856560639940078237e-10,1.306506343383210915e-02,2.765808605424210654e-06,6.497912089109758731e-06,2.906238880927144931e-04,-2.404708516119210410e-02,-1.657908390042234167e-09,2.433610625892534615e-02,5.154300087208337000e-06
8.827918320589515089e-01,3.804975557899087923e-01,-2.123063317185108767e-02,-3.281442148670748460e-01,2.097234627458936678e-09,-1.263880569384093544e+00,-3.805133742768219141e-01,3.505494224359266432e-06,5.746728794696083481e-05,-1.307848354463413999e-02,-8.904265235990679141e-10,1.313508615789203172e-02,2.780639343349313206e-06,6.506075396255034378e-06,2.921468144468399031e-04,-2.407555938707265156e-02,-1.660041851715016475e-09,2.436610139752590568e-02,5.160775817565684647e-06
8.856673754858536141e-01,3.804975658970193853e-01,-2.123046671225813781e-02,-3.281819221908386930e-01,2.094667301165995583e-09,-1.263842698093784023e+00,-3.805133662596272837e-01,3.524214378212842362e-06,5.830952077155494184e-05,-1.314775450088658156e-02,-8.952030904662671145e-10,1.320519472941142185e-02,2.795488621175898965e-06,6.514167392924896994e-06,2.936382415230297488e-04,-2.410378356893847288e-02,-1.662156119197950024e-09,2.439581501042091538e-02,5.167194993601220805e-06
8.885429189127557192e-01,3.804975760579940025e-01,-2.123029782466621246e-02,-3.282198288225914862e-01,2.092086230932861950e-09,-1.263804625080772848e+00,-3.805133581997064418e-01,3.542957698616209557e-06,5.915599604042260420e-05,-1.321710625889612606e-02,-8.999857094179321611e-10,1.327538833941771176e-02,2.810356276460749095e-06,6.522188237851159265e-06,2.950973922650349315e-04,-2.413175887810785694e-02,-1.664251203631829007e-09,2.442524749183321367e-02,5.173557741381453476e-06
8.914184623396578244e-01,3.804975862728988689e-01,-2.123012649701050761e-02,-3.282579349936547986e-01,2.089491399435798737e-09,-1.263766350101689806e+00,-3.805133500970068194e-01,3.561723981198063185e-06,6.000661981690605992e-05,-1.328653810470993742e-02,-9.047743253082114281e-10,1.334566618007180204e-02,2.825242147123538238e-06,6.530138090097514940e-06,2.965234834189164762e-04,-2.415948649199841855e-02,-1.666327116007481423e-09,2.445439923588719339e-02,5.179864187237202210e-06
8.942940057665599296e-01,3.804975965417998207e-01,-2.122995271749957696e-02,-3.282962409333021747e-01,2.086882789509598482e-09,-1.263727872915486383e+00,-3.805133419514761250e-01,3.580513022044956143e-06,6.086129590317531339e-05,-1.335604932776961705e-02,-9.095688830226410717e-10,1.341602744466776319e-02,2.840146071447584140e-06,6.538017109058405500e-06,2.979157255492752244e-04,-2.418696759411110078e-02,-1.668383867166091686e-09,2.448327063660904468e-02,5.186114457762712958e-06
8.971695491934620348e-01,3.804976068647618614e-01,-2.122977647462185452e-02,-3.283347468687687898e-01,2.084260384147492726e-09,-1.263689193283431544e+00,-3.805133337630629553e-01,3.599324617702271878e-06,6.171992582247721830e-05,-1.342563922092873153e-02,-9.143693274777183081e-10,1.348647132763257719e-02,2.855067888080618449e-06,6.545825454457914777e-06,2.992733230560517101e-04,-2.421420337401364309e-02,-1.670421467799543896e-09,2.451186208792699439e-02,5.192308679814772074e-06
9.000450926203642510e-01,3.804976172418496061e-01,-2.122959775715227079e-02,-3.283734530252613859e-01,2.081624166501063500e-09,-1.263650310969109958e+00,-3.805133255317157404e-01,3.618158565175158238e-06,6.258240880143347835e-05,-1.349530708047018586e-02,-9.191756036204705562e-10,1.355699702452584782e-02,2.870007436035525328e-06,6.553563286348594970e-06,3.005954741918909039e-04,-2.424119502732344569e-02,-1.672439928450773808e-09,2.454017398367159403e-02,5.198446980511752553e-06
9.029206360472663562e-01,3.804976276731272811e-01,-2.122941655415884130e-02,-3.284123596259679312e-01,2.078974119880157719e-09,-1.263611225738416888e+00,-3.805133172573840206e-01,3.637014661929464289e-06,6.344864175238934122e-05,-1.356505220612361402e-02,-9.239876564280269576e-10,1.362760373203948140e-02,2.884964554691096586e-06,6.561230765110240986e-06,3.018813710800754592e-04,-2.426794375568991011e-02,-1.674439259514130519e-09,2.456820671757587934e-02,5.204529487232672985e-06
9.057961794741684614e-01,3.804976381586575029e-01,-2.122923285259572732e-02,-3.284514668896999501e-01,2.076310227771955343e-09,-1.263571937359510899e+00,-3.805133089400177249e-01,3.655892224169170449e-06,6.432119011660596673e-05,-1.363487128088764107e-02,-9.288054097091527975e-10,1.369829069878223012e-02,2.899938700900084482e-06,6.568471812715493504e-06,3.051053245003491855e-04,-2.429251310976467820e-02,-1.676403795099551984e-09,2.459599823903933433e-02,5.210273175135711306e-06
9.086717229010705665e-01,3.804976486985007234e-01,-2.122904662817385463e-02,-3.284907750219397404e-01,2.073632473913398969e-09,-1.263532445602635557e+00,-3.805133005795690027e-01,3.674790433861188431e-06,6.520336381267407080e-05,-1.370476025858263780e-02,-9.336287813744614570e-10,1.376905718869505385e-02,2.914929224818092327e-06,6.575610746340541129e-06,3.084692678303306850e-04,-2.431666745631047566e-02,-1.678347809660748689e-09,2.462351476808093131e-02,5.215935824103081201e-06
9.115472663279726717e-01,3.804976592927160062e-01,-2.122885785307799394e-02,-3.285302842224141484e-01,2.070940842229912156e-09,-1.263492750240262863e+00,-3.805132921759910580e-01,3.693709054325094966e-06,6.609524971905410674e-05,-1.377471825610511805e-02,-9.384577149251760742e-10,1.383990240561131305e-02,2.929935938682284852e-06,6.582667925213335517e-06,3.118603901251013988e-04,-2.434051787542346884e-02,-1.680272201947623954e-09,2.465075456882201768e-02,5.221533616349978634e-06
9.144228097548747769e-01,3.804976699413616936e-01,-2.122866649926771765e-02,-3.285699946883364753e-01,2.068235316809175315e-09,-1.263452851047153880e+00,-3.805132837292375947e-01,3.712647850453777545e-06,6.699692618190438440e-05,-1.384474439989862894e-02,-9.432921539397183823e-10,1.391082555437870780e-02,2.944958655980083420e-06,6.589643336838608413e-06,3.152788248547176773e-04,-2.436406464533831182e-02,-1.682176974099763771e-09,2.467771805297040016e-02,5.227066541849616364e-06
9.172983531817769931e-01,3.804976806444953508e-01,-2.122847253847674406e-02,-3.286099066144093084e-01,2.065515881901101310e-09,-1.263412747800353619e+00,-3.805132752392628714e-01,3.731606587103043942e-06,6.790847193138866312e-05,-1.391483781720658647e-02,-9.481320420023799951e-10,1.398182584102883146e-02,2.959997190169165403e-06,6.596536967928239924e-06,3.187247056322023474e-04,-2.438730804416786024e-02,-1.684062128061186097e-09,2.470440563225526770e-02,5.232534589945533867e-06
9.201738966086790983e-01,3.804976914021741541e-01,-2.122827594221185846e-02,-3.286500201928266307e-01,2.062782521917823050e-09,-1.263372440279189490e+00,-3.805132667060217577e-01,3.750585029089366995e-06,6.882996608208165692e-05,-1.398499763607200484e-02,-9.529773227027636463e-10,1.405290247277728166e-02,2.975051354675668907e-06,6.603348804404423036e-06,3.221981662097019744e-04,-2.441024834990693920e-02,-1.685927665580983774e-09,2.473081771842706653e-02,5.237937749354097780e-06
9.230494400355812035e-01,3.804977022144542809e-01,-2.122807668175178894e-02,-3.286903356132763743e-01,2.060035221433676115e-09,-1.263331928265265525e+00,-3.805132581294693450e-01,3.769582941187595071e-06,6.976148813336344016e-05,-1.405522298533707672e-02,-9.578279396352211202e-10,1.412405465802366034e-02,2.990120962892380959e-06,6.610078831402863701e-06,3.256993404745840053e-04,-2.443288584043599998e-02,-1.687773588213984420e-09,2.475695472325731977e-02,5.243276008167055704e-06
9.259249834624833086e-01,3.804977130813914643e-01,-2.122787472814611012e-02,-3.287308530629424741e-01,2.057273965185186768e-09,-1.263291211542461712e+00,-3.805132495095617240e-01,3.788600088128715900e-06,7.070311796980298402e-05,-1.412551299464292510e-02,-9.626838363982971797e-10,1.419528160635169338e-02,3.005205828176954932e-06,6.616727033276074105e-06,3.292283624454795396e-04,-2.445522079352493647e-02,-1.689599897321424781e-09,2.478281705853842970e-02,5.248549353854145913e-06
9.288005268893854138e-01,3.804977240030406604e-01,-2.122767005221412248e-02,-3.287715727265072552e-01,2.054498738071060368e-09,-1.263250289896928225e+00,-3.805132408462551519e-01,3.807636234597592456e-06,7.165493586152931957e-05,-1.419586679442922869e-02,-9.675449565941728736e-10,1.426658252852924628e-02,3.020305763850119066e-06,6.623293393596762489e-06,3.327853662682663601e-04,-2.447725348683696400e-02,-1.691406594071652597e-09,2.480840513608357362e-02,5.253757773265795998e-06
9.316760703162876300e-01,3.804977349794561592e-01,-2.122746262454376642e-02,-3.288124947861536529e-01,2.051709525152172689e-09,-1.263209163117083644e+00,-3.805132321395067185e-01,3.826691145230739074e-06,7.261702246459194015e-05,-1.426628351593398070e-02,-9.724112438281138073e-10,1.433795663650840914e-02,3.035420583193904055e-06,6.629777895161273802e-06,3.363704862119952597e-04,-2.449898419793249474e-02,-1.693193679440833223e-09,2.483371936772646102e-02,5.258901252635842695e-06
9.345516137431897352e-01,3.804977460106915288e-01,-2.122725241549048777e-02,-3.288536194215677666e-01,2.048906311651561232e-09,-1.263167830993610297e+00,-3.805132233892736804e-01,3.845764584614087822e-06,7.358945882130901999e-05,-1.433676229119314541e-02,-9.772826417079153113e-10,1.440940314342554866e-02,3.050550099449874443e-06,6.636180519993113354e-06,3.399838566647585270e-04,-2.452041320427300955e-02,-1.694961154213678370e-09,2.485876016532113583e-02,5.263979777584344031e-06
9.374271571700918404e-01,3.804977570967997824e-01,-2.122703939517613103e-02,-3.288949468099408024e-01,2.046089082954418195e-09,-1.263126293319452031e+00,-3.805132145955141820e-01,3.864856317280767580e-06,7.457232636060365238e-05,-1.440730225304041358e-02,-9.821590938433558815e-10,1.448092126360135332e-02,3.065694125817358742e-06,6.642501249346593296e-06,3.436256121295010223e-04,-2.454154078322525606e-02,-1.696709018984204635e-09,2.488352794074193131e-02,5.268993333120460931e-06
9.403027005969939456e-01,3.804977682378332116e-01,-2.122682353348784648e-02,-3.289364771259717379e-01,2.043257824608086337e-09,-1.263084549889809782e+00,-3.805132057581868121e-01,3.883966107708903450e-06,7.556570689832795842e-05,-1.447790253510691273e-02,-9.870405438456485519e-10,1.455251021254091656e-02,3.080852475451709635e-06,6.648740063710466389e-06,3.472958872197727618e-04,-2.456236721206509974e-02,-1.698437274156485817e-09,2.490802310588310226e-02,5.273941903645361691e-06
9.431782440238960508e-01,3.804977794338433306e-01,-2.122660480007694875e-02,-3.289782105418692093e-01,2.040412522322056086e-09,-1.263042600502139123e+00,-3.805131968772504369e-01,3.903093720319422093e-06,7.656968263757514743e-05,-1.454856227182097991e-02,-9.919269353268964027e-10,1.462416920693377156e-02,3.096024961462553577e-06,6.654896942811743582e-06,3.509948166554246888e-04,-2.458289276798179476e-02,-1.700145919945446600e-09,2.493224607265876955e-02,5.278825472955238270e-06
9.460537874507981559e-01,3.804977906848810987e-01,-2.122638316435782740e-02,-3.290201472273541761e-01,2.037553161967963050e-09,-1.263000444956146051e+00,-3.805131879526649219e-01,3.922238919473861304e-06,7.758433616897875682e-05,-1.461928059840789454e-02,-9.968182118995493098e-10,1.469589746465396578e-02,3.111211396912055226e-06,6.660971865619519213e-06,3.547225352582460069e-04,-2.460311772808209882e-02,-1.701834956377658922e-09,2.495619725300270153e-02,5.283644024244347130e-06
9.489293308777003721e-01,3.804978019909965870e-01,-2.122615859550680897e-02,-3.290622873496618639e-01,2.034679729579585956e-09,-1.262958083053784097e+00,-3.805131789843902990e-01,3.941401469472196520e-06,7.860975047099957261e-05,-1.469005665088965115e-02,-1.001714317175864209e-09,1.476769420476010085e-02,3.126411594813190342e-06,6.666964810348880916e-06,3.584791779475435085e-04,-2.462304236939445376e-02,-1.703504383292158811e-09,2.497987705886805035e-02,5.288397540108119544e-06
9.518048743046024773e-01,3.804978133522396444e-01,-2.122593106246106406e-02,-3.291046310735444846e-01,2.031792211352852023e-09,-1.262915514599250333e+00,-3.805131699723872662e-01,3.960581134550682586e-06,7.964600891019947180e-05,-1.476088956608474258e-02,-1.006615194767364947e-09,1.483955864749538119e-02,3.141625368128030123e-06,6.672875754464940643e-06,3.622648797356630606e-04,-2.464266696887336752e-02,-1.705154200341286392e-09,2.500328590222722358e-02,5.293086002546358301e-06
9.546804177315045825e-01,3.804978247686588988e-01,-2.122570053391747633e-02,-3.291471785612729573e-01,2.028890593645836965e-09,-1.262872739398982702e+00,-3.805131609166171325e-01,3.979777678879702287e-06,8.069319524150264731e-05,-1.483177848160797431e-02,-1.011520788284310613e-09,1.491149001428772151e-02,3.156852529766037397e-06,6.678704674686900432e-06,3.660797757234547124e-04,-2.466199180340369543e-02,-1.706784406991538708e-09,2.502642419507171770e-02,5.297709392966470827e-06
9.575559611584066877e-01,3.804978362403027004e-01,-2.122546697833153570e-02,-3.291899299726397943e-01,2.025974862978769537e-09,-1.262829757261656027e+00,-3.805131518170415394e-01,3.998990866561624205e-06,8.175139360844325335e-05,-1.490272253587022339e-02,-1.016431041335158281e-09,1.498348752774972606e-02,3.172092892582356466e-06,6.684451546992200320e-06,3.699240010956763290e-04,-2.468101714980498046e-02,-1.708395002524435157e-09,2.504929234941177807e-02,5.302267692186754827e-06
9.604315045853087929e-01,3.804978477672184556e-01,-2.122523036391620391e-02,-3.292328854649610448e-01,2.023045006034039395e-09,-1.262786567998178899e+00,-3.805131426736229061e-01,4.018220461628675817e-06,8.282068854340031135e-05,-1.497372086807830828e-02,-1.021345897526034857e-09,1.505555041167879263e-02,3.187346269376138091e-06,6.690116346620779768e-06,3.737976911163436644e-04,-2.469974328483602599e-02,-1.709985986037414571e-09,2.507189077727634344e-02,5.306760880439799124e-06
9.633070480122108981e-01,3.804978593494530714e-01,-2.122499065864082157e-02,-3.292760451930786259e-01,2.020101009656201233e-09,-1.262743171421691235e+00,-3.805131334863240400e-01,4.037466228040833536e-06,8.390116496781862968e-05,-1.504477261823477900e-02,-1.026265300460207481e-09,1.512767789105715424e-02,3.202612472888845011e-06,6.695699048079364496e-06,3.777009811240188532e-04,-2.471817048519926036e-02,-1.711557356444732499e-09,2.509421989071272327e-02,5.311188937375865011e-06
9.661825914391131143e-01,3.804978709870526776e-01,-2.122474783022996331e-02,-3.293194093093625985e-01,2.017142860851988428e-09,-1.262699567347557394e+00,-3.805131242551083037e-01,4.056727929683717837e-06,8.499290819241638777e-05,-1.511587692713779046e-02,-1.031189193737560325e-09,1.519986919205192945e-02,3.217891315802597258e-06,6.701199625145885452e-06,3.816340065270434987e-04,-2.473629902754538243e-02,-1.713109112478391786e-09,2.511628010178645898e-02,5.315551842066416687e-06
9.690581348660152194e-01,3.804978826800627378e-01,-2.122450184616232749e-02,-3.293629779637135546e-01,2.014170546790317181e-09,-1.262655755593367513e+00,-3.805131149799397261e-01,4.076005330366504468e-06,8.609600391737900495e-05,-1.518703293638096023e-02,-1.036117520954069758e-09,1.527212354201518303e-02,3.233182610738504775e-06,6.706618050873924044e-06,3.855969027987127804e-04,-2.475412918847794477e-02,-1.714641252689078528e-09,2.513807182258105677e-02,5.319849573007640681e-06
9.719336782929173246e-01,3.804978944285282161e-01,-2.122425267366962603e-02,-3.294067513035647821e-01,2.011184054802305950e-09,-1.262611735978931504e+00,-3.805131056607825579e-01,4.095298193819843296e-06,8.721053823253868437e-05,-1.525823978835321067e-02,-1.041050225701284662e-09,1.534444016948395377e-02,3.248486170255015280e-06,6.711954297597270019e-06,3.895898054723909609e-04,-2.477166124455801657e-02,-1.716153775447119532e-09,2.515959546519779683e-02,5.324082108124069452e-06
9.748092217198194298e-01,3.804979062324929662e-01,-2.122400027973544989e-02,-3.294507294738847070e-01,2.008183372381283314e-09,-1.262567508326274401e+00,-3.805130962976019937e-01,4.114606283693802555e-06,8.833659761754006552e-05,-1.532949662623866310e-02,-1.045987251565809241e-09,1.541681830418032036e-02,3.263801806846282029e-06,6.717208336934549655e-06,3.936128501365704596e-04,-2.478889547230888474e-02,-1.717646678943461286e-09,2.518085144175549739e-02,5.328249424772254131e-06
9.776847651467215350e-01,3.804979180920006199e-01,-2.122374463109415882e-02,-3.294949126171790033e-01,2.005168487182803685e-09,-1.262523072459636353e+00,-3.805130868903635055e-01,4.133929363555821569e-06,8.947426894199187700e-05,-1.540080259401659275e-02,-1.050928542128791616e-09,1.548925717701147772e-02,3.279129332940540482e-06,6.722380139793925949e-06,3.976661724298737348e-04,-2.480583214822089030e-02,-1.719119961190660919e-09,2.520184016439029964e-02,5.332351499744497390e-06
9.805603085736236402e-01,3.804979300070939208e-01,-2.122348569422974687e-02,-3.295393008734931461e-01,2.002139387024667161e-09,-1.262478428205466185e+00,-3.805130774390331760e-01,4.153267196888654154e-06,9.062363946560349182e-05,-1.547215683646122573e-02,-1.055874040965405181e-09,1.556175602006972664e-02,3.294468560898471832e-06,6.727469676377861475e-06,4.017499080359936917e-04,-2.482247154875615383e-02,-1.720573620023892058e-09,2.522256204525542833e-02,5.336388309272641379e-06
9.834358520005258564e-01,3.804979419778149463e-01,-2.122322343537472872e-02,-3.295838943804141885e-01,1.999096059886933591e-09,-1.262433575392419849e+00,-3.805130679435776431e-01,4.172619547088376396e-06,9.178479683830729314e-05,-1.554355849914179112e-02,-1.060823691644348163e-09,1.563431406663257778e-02,3.309819303011621597e-06,6.732476916187998997e-06,4.058641926785815611e-04,-2.483881395035359221e-02,-1.722007653101978383e-09,2.524301749652096277e-02,5.340359829031937813e-06
9.863113954274279616e-01,3.804979540042050523e-01,-2.122295782050902940e-02,-3.296286932730736474e-01,1.996038493911943250e-09,-1.262388513851355532e+00,-3.805130584039640440e-01,4.191986177462357163e-06,9.295782910036630843e-05,-1.561500672842236828e-02,-1.065777437727333246e-09,1.570693055116277603e-02,3.325181371500785596e-06,6.737401828030068325e-06,4.100091621160731944e-04,-2.485485962943370306e-02,-1.723422057908431951e-09,2.526320693037357318e-02,5.344266034144942634e-06
9.891869388543300667e-01,3.804979660863049840e-01,-2.122268881535882903e-02,-3.296736976841493916e-01,1.992966677404337938e-09,-1.262343243415332550e+00,-3.805130488201600714e-01,4.211366851227267578e-06,9.414282468246643444e-05,-1.568650067146188515e-02,-1.070735222768585683e-09,1.577960470930834386e-02,3.340554578514436589e-06,6.742244380018910918e-06,4.141849521364589812e-04,-2.487060886240370639e-02,-1.724816831752517773e-09,2.528313075901635759e-02,5.348106899185521627e-06
9.920624822812321719e-01,3.804979782241547648e-01,-2.122241638539547684e-02,-3.297189077438680282e-01,1.989880598831084962e-09,-1.262297763919604465e+00,-3.805130391921340283e-01,4.230761331507109968e-06,9.533987240579412030e-05,-1.575803947621409046e-02,-1.075696990314344297e-09,1.585233577790264720e-02,3.355938736127150909e-06,6.747004539583566313e-06,4.183916985519971167e-04,-2.488606192566250944e-02,-1.726191971770330188e-09,2.530278939466853658e-02,5.351882398182867902e-06
9.949380257081342771e-01,3.804979904177938632e-01,-2.122214049583434278e-02,-3.297643235800074013e-01,1.986780246821495750e-09,-1.262252075201619084e+00,-3.805130295198546064e-01,4.250169381331242589e-06,9.654906148209823475e-05,-1.582962229142749824e-02,-1.080662683902365176e-09,1.592512299496441630e-02,3.371333656338039760e-06,6.751682273472411925e-06,4.226295371938679430e-04,-2.490121909560578939e-02,-1.727547474925888460e-09,2.532218324956519995e-02,5.355592504625598139e-06
9.978135691350364933e-01,3.804980026672608595e-01,-2.122186111163370734e-02,-3.298099453178984231e-01,1.983665610167257287e-09,-1.262206177101012905e+00,-3.805130198032911637e-01,4.269590763632438222e-06,9.777048151373697149e-05,-1.590124826664543120e-02,-1.085632247061428049e-09,1.599796559969780471e-02,3.386739151069216086e-06,6.756277547758429048e-06,4.268986039067722369e-04,-2.491608064863120794e-02,-1.728883338012249957e-09,2.534131273595709513e-02,5.359237191465936935e-06
1.000689112561938598e+00,3.804980149725937233e-01,-2.122157819749362698e-02,-3.298557730804277943e-01,1.980536677822452377e-09,-1.262160069459609124e+00,-3.805130100424136685e-01,4.289025241244943625e-06,9.900422249370873537e-05,-1.597291655220600334e-02,-1.090605623310846392e-09,1.607086283249244130e-02,3.402155032164241962e-06,6.760790327844495117e-06,4.311990345434718727e-04,-2.493064686114360856e-02,-1.730199557652639664e-09,2.536017826611040513e-02,5.362816431123907075e-06
1.003564655988840704e+00,3.804980273338298691e-01,-2.122129171785481702e-02,-3.299018069880401138e-01,1.977393438903593557e-09,-1.262113752121412968e+00,-3.805130002371923115e-01,4.308472576902568623e-06,1.002503748056673754e-04,-1.604462629924217898e-02,-1.095582756159981661e-09,1.614381393492346148e-02,3.417581111386621294e-06,6.765220578468774229e-06,4.355309649592721544e-04,-2.494491800956023103e-02,-1.731496130301592113e-09,2.537878025230637380e-02,5.366330195491623988e-06
1.006440199415742809e+00,3.804980397510058232e-01,-2.122100163689755181e-02,-3.299480471587400432e-01,1.974235882689647915e-09,-1.262067224932608811e+00,-3.805129903875982267e-01,4.327932533236769274e-06,1.015090292239216021e-04,-1.611637665968177618e-02,-1.100563589107757744e-09,1.621681814975156274e-02,3.433017200418267966e-06,6.769568263710191513e-06,4.398945310064490168e-04,-2.495889437031610300e-02,-1.732773052246120387e-09,2.539711910684120874e-02,5.369778455937631709e-06
1.009315742842644914e+00,3.804980522241576124e-01,-2.122070791854049204e-02,-3.299944937080949159e-01,1.971063998622068937e-09,-1.262020487741557062e+00,-3.805129804936028259e-01,4.347404872774771689e-06,1.027802769134181010e-04,-1.618816678624754313e-02,-1.105548065642182843e-09,1.628987472092302199e-02,3.448463110858023950e-06,6.773833346993956631e-06,4.442898685286174082e-04,-2.497257621986934129e-02,-1.734030319606890723e-09,2.541519524202568575e-02,5.373161183311298984e-06
1.012191286269546797e+00,3.804980647533204863e-01,-2.122041052643958842e-02,-3.300411467492366802e-01,1.967877776304832072e-09,-1.261973540398790616e+00,-3.805129705551781871e-01,4.366889357937695012e-06,1.040642094297085184e-04,-1.625999583245724828e-02,-1.110536129239871992e-09,1.636298289356975799e-02,3.463918654220163026e-06,6.778015791097190624e-06,4.487171133550445419e-04,-2.498596383470661972e-02,-1.735267928339421507e-09,2.543300907018494414e-02,5.376478347947283973e-06
1.015066829696449124e+00,3.804980773385289727e-01,-2.122010942398697836e-02,-3.300880063928642860e-01,1.964677205504460792e-09,-1.261926382757010634e+00,-3.805129605722967767e-01,4.386385751038702342e-06,1.053609187189001036e-04,-1.633186295262376367e-02,-1.115527723365575143e-09,1.643614191400939381e-02,3.479383641932924991e-06,6.782115558154617121e-06,4.531764012949058467e-04,-2.499905749134867863e-02,-1.736485874235298196e-09,2.545056100365826815e-02,5.379729919670048942e-06
1.017942373123351230e+00,3.804980899798170446e-01,-2.121980457430982375e-02,-3.301350727472461832e-01,1.961462276150068774e-09,-1.261879014671084542e+00,-3.805129505449317273e-01,4.405893814281149968e-06,1.066704971175893012e-04,-1.640376730185514123e-02,-1.120522791471705057e-09,1.650935102974523949e-02,3.494857885337044785e-06,6.786132609664301835e-06,4.576678681314823717e-04,-2.501185746635575455e-02,-1.737684152923397340e-09,2.546785145479871573e-02,5.382915867798433391e-06
1.020817916550253335e+00,3.804981026772179531e-01,-2.121949594026921806e-02,-3.301823459182223752e-01,1.958232978333392994e-09,-1.261831435998041595e+00,-3.805129404730568377e-01,4.425413309756777258e-06,1.079930373527790264e-04,-1.647570803605477932e-02,-1.125521276997874289e-09,1.658260948946638572e-02,3.510341195684317196e-06,6.790066906493516573e-06,4.621916496163051185e-04,-2.502436403633327006e-02,-1.738862759871138518e-09,2.548488083597289997e-02,5.386036161150294949e-06
1.023693459977155440e+00,3.804981154307641722e-01,-2.121918348445905184e-02,-3.302298260092066950e-01,1.954989302308828875e-09,-1.261783646597069986e+00,-3.805129303566461285e-01,4.444943999443888084e-06,1.093286325417789457e-04,-1.654768431192151987e-02,-1.130523123370429072e-09,1.665591654304770033e-02,3.525833384136149278e-06,6.793918408884641362e-06,4.667478814632403930e-04,-2.503657747793744739e-02,-1.740021690385746203e-09,2.550164955956073926e-02,5.389090768047205322e-06
1.026569003404057545e+00,3.804981282404874543e-01,-2.121886716920488511e-02,-3.302775131211891924e-01,1.951731238493474958e-09,-1.261735646329512850e+00,-3.805129201956744533e-01,4.464485645205581363e-06,1.106773761920885592e-04,-1.661969528694983572e-02,-1.135528274001994364e-09,1.672927144154991164e-02,3.541334261762153005e-06,6.797687076461142808e-06,4.713366993425202427e-04,-2.504849806788093242e-02,-1.741160939615524862e-09,2.551815803795512774e-02,5.392079656319191987e-06
1.029444546830959650e+00,3.804981411064191077e-01,-2.121854695656284068e-02,-3.303254073527385204e-01,1.948458777467166403e-09,-1.261687435058865381e+00,-3.805129099901170542e-01,4.484038008787962130e-06,1.120393622012629898e-04,-1.669174011942999025e-02,-1.140536672291016837e-09,1.680267343721960488e-02,3.556843639538732850e-06,6.801372868233642236e-06,4.759582388747166776e-04,-2.506012608293864755e-02,-1.742280502551161348e-09,2.553440668356166121e-02,5.395002793309564584e-06
1.032320090257861755e+00,3.804981540285894970e-01,-2.121822280831846957e-02,-3.303735088000039344e-01,1.945171909972520485e-09,-1.261639012650771718e+00,-3.805128997399497837e-01,4.503600851818392411e-06,1.134146848567615744e-04,-1.676381796844819347e-02,-1.145548261621311578e-09,1.687612178348925351e-02,3.572361328347689020e-06,6.804975742606045673e-06,4.806126356246591879e-04,-2.507146179995353025e-02,-1.743380374027032886e-09,2.555039590879839770e-02,5.397860145879784508e-06
1.035195633684763861e+00,3.804981670070285427e-01,-2.121789468598562697e-02,-3.304218175567179561e-01,1.941870626914979602e-09,-1.261590378973020066e+00,-3.805128894451489940e-01,4.523173935803763279e-06,1.148034388357787423e-04,-1.683592799388687264e-02,-1.150562985361619340e-09,1.694961573497731980e-02,3.587887138974849924e-06,6.808495657381746667e-06,4.853000250952982679e-04,-2.508250549584237210e-02,-1.744460548722536757e-09,2.556612612609553137e-02,5.400651680414380240e-06
1.038071177111665966e+00,3.804981800417653326e-01,-2.121756255080537931e-02,-3.304703337141982056e-01,1.938554919362852643e-09,-1.261541533895541356e+00,-3.805128791056916482e-01,4.542757022128772830e-06,1.162057192050570573e-04,-1.690806935642483536e-02,-1.155580786865158833e-09,1.702315454748821663e-02,3.603420882108697865e-06,6.811932569769909578e-06,4.900205427215114772e-04,-2.509325744760177931e-02,-1.745521021163436129e-09,2.558159774789512536e-02,5.403377362825945693e-06
1.040946720538568071e+00,3.804981931328281219e-01,-2.121722636374484550e-02,-3.305190573613502325e-01,1.935224778547361715e-09,-1.261492477290403924e+00,-3.805128687215551531e-01,4.562349872054219419e-06,1.176216214206827245e-04,-1.698024121753752280e-02,-1.160601609469187076e-09,1.709673747801236654e-02,3.618962368339022676e-06,6.815286436391810467e-06,4.947743238638551300e-04,-2.510371793231405343e-02,-1.746561785723216629e-09,2.559681118665075097e-02,5.406037158560174970e-06
1.043822263965470176e+00,3.804982062802447773e-01,-2.121688608549610749e-02,-3.305679885846691812e-01,1.931880195862688883e-09,-1.261443209031811730e+00,-3.805128582927175263e-01,4.581952246715329613e-06,1.190512413278626506e-04,-1.705244273949726649e-02,-1.165625396494566160e-09,1.717036378472624331e-02,3.634511408155588071e-06,6.818557213287271158e-06,4.995615038022612310e-04,-2.511388722715327676e-02,-1.747582836624470631e-09,2.561176685482731072e-02,5.408631032600972520e-06
1.046697807392372503e+00,3.804982194840423326e-01,-2.121654167647508277e-02,-3.306171274682426775e-01,1.928521162866023733e-09,-1.261393728996099917e+00,-3.805128478191573405e-01,4.601563907120092077e-06,1.204946751606834665e-04,-1.712467308537357971e-02,-1.170652091245328777e-09,1.724403272699239625e-02,3.650067811946807731e-06,6.821744855921146663e-06,5.043822177296779794e-04,-2.512376560939131448e-02,-1.748584167940284644e-09,2.562646516490061158e-02,5.411158949475602245e-06
1.049573350819274609e+00,3.804982327442472112e-01,-2.121619309682038629e-02,-3.306664740937527713e-01,1.925147671277612589e-09,-1.261344037061731260e+00,-3.805128373008535569e-01,4.621184614147614331e-06,1.219520195418523627e-04,-1.719693141903341424e-02,-1.175681637008251179e-09,1.731774356535947801e-02,3.665631389998443413e-06,6.824849319189899005e-06,5.092366007456572549e-04,-2.513335335640396601e-02,-1.749565773595650481e-09,2.564090652935717071e-02,5.413620873259908615e-06
1.052448894246176714e+00,3.804982460608848371e-01,-2.121584030639226195e-02,-3.307160285404784350e-01,1.921759712980806901e-09,-1.261294133109293281e+00,-3.805128267377860807e-01,4.640814128546500683e-06,1.234233714824191266e-04,-1.726921690514151078e-02,-1.180713977052430289e-09,1.739149556156229307e-02,3.681201952492314073e-06,6.827870557428232028e-06,5.141247878498863763e-04,-2.514265074567711977e-02,-1.750527647368891529e-09,2.565509136069384077e-02,5.416016767583591142e-06
1.055324437673078819e+00,3.804982594339804680e-01,-2.121548326477141339e-02,-3.307657908852975059e-01,1.918357280022118667e-09,-1.261244017021495356e+00,-3.805128161299349832e-01,4.660452210933236935e-06,1.249088283814794777e-04,-1.734152870916066264e-02,-1.185749054628862664e-09,1.746528797852180126e-02,3.696779309505014729e-06,6.830808524415789732e-06,5.190469139356648906e-04,-2.515165805481293232e-02,-1.751469782893101006e-09,2.566902007141752540e-02,5.418346595635519509e-06
1.058199981099980924e+00,3.804982728635583622e-01,-2.121512193125790757e-02,-3.308157612026894623e-01,1.914940364611267587e-09,-1.261193688683163616e+00,-3.805128054772808910e-01,4.680098621790611514e-06,1.264084880258599581e-04,-1.741386599735210775e-02,-1.190786812970028423e-09,1.753912008034514206e-02,3.712363271006661581e-06,6.833663173383958795e-06,5.240031137833283444e-04,-2.516037556153615309e-02,-1.752392173657601108e-09,2.568269307404485655e-02,5.420610320169131715e-06
1.061075524526883029e+00,3.804982863496418899e-01,-2.121475626487008895e-02,-3.308659395647373658e-01,1.911508959121241438e-09,-1.261143147981239609e+00,-3.805127947798052079e-01,4.699753121466154391e-06,1.279224485897836048e-04,-1.748622793677590687e-02,-1.195827195289484274e-09,1.761299113232572822e-02,3.727953646859655344e-06,6.836434457022703283e-06,5.289935220536196893e-04,-2.516880354370042844e-02,-1.753294813009416838e-09,2.569611078110193084e-02,5.422807903507877952e-06
1.063951067953785135e+00,3.804982998922542548e-01,-2.121438622434342058e-02,-3.309163260411302487e-01,1.908063056088344060e-09,-1.261092394804775196e+00,-3.805127840374897263e-01,4.719415470170573459e-06,1.294508086345159308e-04,-1.755861369529124194e-02,-1.200870144781448062e-09,1.768690040094316254e-02,3.743550246817432296e-06,6.839122327487486602e-06,5.340182732810006211e-04,-2.517694227929463333e-02,-1.754177694154757697e-09,2.570927360512390361e-02,5.424939307550695829e-06
1.066826611380687240e+00,3.804983134914174392e-01,-2.121401176812939479e-02,-3.309669206991653900e-01,1.904602648212258213e-09,-1.261041429044929885e+00,-3.805127732503167937e-01,4.739085427976241730e-06,1.309936671079928541e-04,-1.763102244155689835e-02,-1.205915604620405652e-09,1.776084715386335930e-02,3.759152880523272927e-06,6.841726736406266296e-06,5.390775018669180345e-04,-2.518479204644931760e-02,-1.755040810160530383e-09,2.572218195865475301e-02,5.427004493777588081e-06
1.069702154807589345e+00,3.804983271471532036e-01,-2.121363285439442636e-02,-3.310177236037509241e-01,1.901127728356096871e-09,-1.260990250594967721e+00,-3.805127624182694235e-01,4.758762754815692161e-06,1.325511233444280808e-04,-1.770345334503166737e-02,-1.210963517960706853e-09,1.783483065993853381e-02,3.774761357509094071e-06,6.844247634886554068e-06,5.441713420730110622e-04,-2.519235312344320077e-02,-1.755884153955851299e-09,2.573483625424689142e-02,5.429003423255208755e-06
1.072577698234491450e+00,3.804983408594821981e-01,-2.121324944101873541e-02,-3.310687348174076727e-01,1.897638289546467321e-09,-1.260938859350253072e+00,-3.805127515413310180e-01,4.778447210480115011e-06,1.341232770639009999e-04,-1.777590557597471393e-02,-1.216013827936170643e-09,1.790885018920719898e-02,3.790375487194264755e-06,6.846684973522547796e-06,5.492999280142660734e-04,-2.519962578870964948e-02,-1.756707718333584275e-09,2.574723690446090521e-02,5.430936056642536633e-06
1.075453241661393555e+00,3.804983546284247398e-01,-2.121286148559522328e-02,-3.311199544002715878e-01,1.894134324973526174e-09,-1.260887255208247737e+00,-3.805127406194855344e-01,4.798138554617910269e-06,1.357102283719257402e-04,-1.784837830544611093e-02,-1.221066477659699911e-09,1.798290501289424165e-02,3.805995078884456769e-06,6.849038702402325384e-06,5.544633936521215813e-04,-2.520661032084327291e-02,-1.757511495951892777e-09,2.575938432186518703e-02,5.432802354196596942e-06
1.078328785088295660e+00,3.804983684540002020e-01,-2.121246894542840392e-02,-3.311713824100961934e-01,1.890615827991042231e-09,-1.260835438068507397e+00,-3.805127296527176517e-01,4.817836546733231601e-06,1.373120777589990037e-04,-1.792087070530729020e-02,-1.226121410222893304e-09,1.805699440341091561e-02,3.821619941770484239e-06,6.851308771115103836e-06,5.596618727875172063e-04,-2.521330699860651822e-02,-1.758295479335797692e-09,2.577127891903557844e-02,5.434602275778214399e-06
1.081204328515197988e+00,3.804983823362272921e-01,-2.121207177753325554e-02,-3.312230189022548621e-01,1.887082792116458107e-09,-1.260783407832678282e+00,-3.805127186410123818e-01,4.837540946184568415e-06,1.389289261001288710e-04,-1.799338194822151099e-02,-1.231178568695664719e-09,1.813111763435484511e-02,3.837249884927173681e-06,6.853495128758599969e-06,5.648954990538926574e-04,-2.521971610093638391e-02,-1.759059660878767792e-09,2.578292110855509925e-02,5.436335780857856048e-06
1.084079871942100093e+00,3.804983962751241622e-01,-2.121166993863413466e-02,-3.312748639297430908e-01,1.883535211030953511e-09,-1.260731164404494287e+00,-3.805127075843555695e-01,4.857251512183335556e-06,1.405608746543429537e-04,-1.806591120765438374e-02,-1.236237896125868185e-09,1.820527398051008383e-02,3.852884717312259046e-06,6.855597723946414850e-06,5.701644059101338043e-04,-2.522583790695112280e-02,-1.759804032844310400e-09,2.579431130301359371e-02,5.438002828521513055e-06
1.086955415369002198e+00,3.804984102707082982e-01,-2.121126338516368323e-02,-3.313269175431807767e-01,1.879973078579507283e-09,-1.260678707689771860e+00,-3.805126964827332814e-01,4.876968003792503650e-06,1.422080250641760267e-04,-1.813845765787440792e-02,-1.241299335538926035e-09,1.827946271784710447e-02,3.868524247765272107e-06,6.857616504815499542e-06,5.754687266334662741e-04,-2.523167269595695192e-02,-1.760528587367580051e-09,2.580544991500733146e-02,5.439603377476610456e-06
1.089830958795904303e+00,3.804984243229962426e-01,-2.121085207326170799e-02,-3.313791797908144932e-01,1.876396388770965223e-09,-1.260626037596408455e+00,-3.805126853361323613e-01,4.896690179925226062e-06,1.438704793551377943e-04,-1.821102047395353057e-02,-1.246362829937462683e-09,1.835368312352283343e-02,3.884168285006473083e-06,6.859551419033715719e-06,5.808085943123000427e-04,-2.523722074745499838e-02,-1.761233316457012380e-09,2.581633735713877512e-02,5.441137386058025328e-06
1.092706502222806408e+00,3.804984384320040380e-01,-2.121043595877407720e-02,-3.314316507185198768e-01,1.872805135778104202e-09,-1.260573154034378529e+00,-3.805126741445399863e-01,4.916417799343514143e-06,1.455483399351592414e-04,-1.828359883176769798e-02,-1.251428322300942721e-09,1.842793447588066125e-02,3.899816637635784221e-06,6.861402413807408146e-06,5.861841418390197067e-04,-2.524248234114798151e-02,-1.761918211995953255e-09,2.582697404201608066e-02,5.442604812234093943e-06
1.095582045649708514e+00,3.804984525977470056e-01,-2.121001499725164857e-02,-3.314843303698039034e-01,1.869199313937700811e-09,-1.260520056915729104e+00,-3.805126629079441658e-01,4.936150620656910769e-06,1.472417095940186033e-04,-1.835619190799744199e-02,-1.256495755585311931e-09,1.850221605445046338e-02,3.915469114131743709e-06,6.863169435889116907e-06,5.915955019027257502e-04,-2.524745775694731478e-02,-1.762583265744326577e-09,2.583736038225294129e-02,5.444005613612737516e-06
1.098457589076610619e+00,3.804984668202396891e-01,-2.120958914394914172e-02,-3.315372187858072750e-01,1.865578917750595473e-09,-1.260466746154578654e+00,-3.805126516263332981e-01,4.955888402321195234e-06,1.489506915027463826e-04,-1.842879888012849757e-02,-1.261565072722645731e-09,1.857652713994858290e-02,3.931125522850474845e-06,6.864852431585282868e-06,5.970428069819243115e-04,-2.525214727497996844e-02,-1.763228469340298572e-09,2.584749679046808440e-02,5.445339747447586248e-06
1.101333132503512724e+00,3.804984810994961886e-01,-2.120915835382406606e-02,-3.315903160053065846e-01,1.861943941881769366e-09,-1.260413221667110895e+00,-3.805126402996962809e-01,4.975630902637127942e-06,1.506753892130092509e-04,-1.850141892645246894e-02,-1.266636216620803826e-09,1.865086701427791718e-02,3.946785672024686527e-06,6.866451346764054779e-06,6.025261893371683776e-04,-2.525655117559544652e-02,-1.763853814301960066e-09,2.585738367928496276e-02,5.446607170644172835e-06
1.104208675930414829e+00,3.804984954355294935e-01,-2.120872258153561410e-02,-3.316436220647168143e-01,1.858294381160405226e-09,-1.260359483371573441e+00,-3.805126289280226226e-01,4.995377879749179013e-06,1.524159066564725656e-04,-1.857405122606740552e-02,-1.271709130163082171e-09,1.872523496052784509e-02,3.962449369762666986e-06,6.867966126863178538e-06,6.080457810036458532e-04,-2.526066973937295471e-02,-1.764459292029033372e-09,2.586702146133144226e-02,5.447807839766201353e-06
1.107084219357316934e+00,3.804985098283522604e-01,-2.120828178144357201e-02,-3.316971369980935558e-01,1.854630230579966340e-09,-1.260305531188273820e+00,-3.805126175113025533e-01,5.015129091644318720e-06,1.541723481441415269e-04,-1.864669495887853051e-02,-1.276783756207880447e-09,1.879963026297431367e-02,3.978116424047324096e-06,6.869396716897912716e-06,6.136017137837205745e-04,-2.526450324712840520e-02,-1.765044893804581457e-09,2.587641054923940295e-02,5.448941711041834792e-06
1.109959762784219039e+00,3.804985242779763133e-01,-2.120783590760721982e-02,-3.317508608371352863e-01,1.850951485298263339e-09,-1.260251365039575466e+00,-3.805126060495265805e-01,5.034884296150813856e-06,1.559448183656813561e-04,-1.871934930559893129e-02,-1.281860037588367052e-09,1.887405220707980696e-02,3.993786642735222294e-06,6.870743061469026237e-06,6.191941192394238846e-04,-2.526805197992157762e-02,-1.765610610796736741e-09,2.588555135564435394e-02,5.450008740370041866e-06
1.112835306211121367e+00,3.804985387844127542e-01,-2.120738491378428014e-02,-3.318047936111857554e-01,1.847258140637530303e-09,-1.260196984849895063e+00,-3.805125945426858780e-01,5.054643250937027485e-06,1.577334223887145428e-04,-1.879201344775021168e-02,-1.286937917112148227e-09,1.894850007949334253e-02,4.009459833555640684e-06,6.872005104770868068e-06,6.248231286848930817e-04,-2.527131621906337708e-02,-1.766156434060446250e-09,2.589444429318511418e-02,5.451008883327014139e-06
1.115710849638023472e+00,3.804985533476720194e-01,-2.120692875342977679e-02,-3.318589353472364833e-01,1.843550192084497549e-09,-1.260142390545698987e+00,-3.805125829907721746e-01,5.074405713510289852e-06,1.595382656580979263e-04,-1.886468656766331076e-02,-1.292017337560949801e-09,1.902297316805053387e-02,4.025135804109664167e-06,6.873182790599501270e-06,6.304888731787682346e-04,-2.527429624612305067e-02,-1.766682354539227715e-09,2.590308977450346897e-02,5.451942095172617027e-06
1.118586393064925577e+00,3.804985679677640453e-01,-2.120646737976436547e-02,-3.319132860699965937e-01,1.839827635243147006e-09,-1.260087582055500643e+00,-3.805125713937776433e-01,5.094171968710322074e-06,1.613592643881446760e-04,-1.893736803442906333e-02,-1.297098371039322843e-09,1.909747075798626237e-02,4.040814780456406934e-06,6.875238058484476201e-06,6.358456956396932097e-04,-2.527733146123404412e-02,-1.767424257931274472e-09,2.591148130531992222e-02,5.453571711585238942e-06
1.121461936491827682e+00,3.804985826447065400e-01,-2.120600074873116303e-02,-3.319678458047966574e-01,1.836090463816894652e-09,-1.260032559309917977e+00,-3.805125597516882396e-01,5.113947150785199127e-06,1.631945919985771905e-04,-1.901005892749706855e-02,-1.302182278807897874e-09,1.917199210090309719e-02,4.056500836845632910e-06,6.878806375875737244e-06,6.406652884141478222e-04,-2.528064617855257240e-02,-1.768537974414010314e-09,2.591961473535328575e-02,5.456402000157479967e-06
1.124337479918729787e+00,3.804985973785280917e-01,-2.120552882018603147e-02,-3.320226145787589789e-01,1.832338668795930850e-09,-1.259977322241690345e+00,-3.805125480644812597e-01,5.133732557725189710e-06,1.650438011613340771e-04,-1.908275897484713185e-02,-1.307269381436881901e-09,1.924653647713253993e-02,4.072195003309365583e-06,6.882349755448205275e-06,6.455005880723349923e-04,-2.528369853670541997e-02,-1.769646372731251478e-09,2.592750151925595978e-02,5.459212508965392485e-06
1.127213023345631893e+00,3.804986121692580658e-01,-2.120505155414715778e-02,-3.320775924171232019e-01,1.828572241015091103e-09,-1.259921870785604359e+00,-3.805125363321333887e-01,5.153528118610758626e-06,1.669069369153136195e-04,-1.915546742276821521e-02,-1.312359663834154131e-09,1.932110317801994867e-02,4.087897223596920267e-06,6.885868747026632230e-06,6.503515061948684324e-04,-2.528648903253536556e-02,-1.770749592375773091e-09,2.593514206531571595e-02,5.462003674174777579e-06
1.130088566772533998e+00,3.804986270169255502e-01,-2.120456891050356146e-02,-3.321327793429634800e-01,1.824791171352031368e-09,-1.259866204878481888e+00,-3.805125245546215895e-01,5.173333764105052585e-06,1.687840440439676668e-04,-1.922818351897916458e-02,-1.317453111309089248e-09,1.939569149608471807e-02,4.103607442713124320e-06,6.889363901567024899e-06,6.552179535332603106e-04,-2.528901816370495576e-02,-1.771847773102786769e-09,2.594253678181068778e-02,5.464775932848888911e-06
1.132964110199436103e+00,3.804986419215595217e-01,-2.120408084901586818e-02,-3.321881753771929735e-01,1.820995450726073515e-09,-1.259810324459177400e+00,-3.805125127319229361e-01,5.193149426457114697e-06,1.706751670729220541e-04,-1.930090651263107610e-02,-1.322549709573307668e-09,1.947030072502028281e-02,4.119325606920871797e-06,6.892835771134457743e-06,6.600998400130496076e-04,-2.529128642869316393e-02,-1.772941054924261819e-09,2.594968607700921456e-02,5.467529722930839010e-06
1.135839653626338208e+00,3.804986568831885130e-01,-2.120358732931705223e-02,-3.322437805385677900e-01,1.817185070097046658e-09,-1.259754229468575293e+00,-3.805125008640146134e-01,5.212975039505043905e-06,1.725803502676054790e-04,-1.937363565430957196e-02,-1.327649444741398908e-09,1.954493015969401698e-02,4.135051663743618811e-06,6.896284908880789154e-06,6.649970747369623493e-04,-2.529329432679213244e-02,-1.774029578103209006e-09,2.595659035916971988e-02,5.470265483225904746e-06
1.138715197053240313e+00,3.804986719018411678e-01,-2.120308831091316168e-02,-3.322995948436909264e-01,1.813360020464128269e-09,-1.259697919849584791e+00,-3.805124889508741393e-01,5.232810538679080723e-06,1.744996376308883808e-04,-1.944637019603719444e-02,-1.332752303331640816e-09,1.961957909614725493e-02,4.150785561967844156e-06,6.899711869022143080e-06,6.699095659881083766e-04,-2.529504235810377255e-02,-1.775113483147919860e-09,2.596325003654050348e-02,5.472983653383683736e-06
1.141590740480142419e+00,3.804986869775457969e-01,-2.120258375318410243e-02,-3.323556183070167647e-01,1.809520292864680960e-09,-1.259641395547139275e+00,-3.805124769924789208e-01,5.252655861004648087e-06,1.764330729007310345e-04,-1.951910939127570604e-02,-1.337858272266694409e-09,1.969424683159526346e-02,4.166527251645454042e-06,6.903117206816276306e-06,6.748372212332103166e-04,-2.529653102353631930e-02,-1.776192910806163796e-09,2.596966551735957821e-02,5.475684673880127085e-06
1.144466283907044746e+00,3.804987021103305445e-01,-2.120207361538438071e-02,-3.324118509408552358e-01,1.805665878373090915e-09,-1.259584656508189626e+00,-3.805124649888066979e-01,5.272510945105304958e-06,1.783806995478401836e-04,-1.959185249492841757e-02,-1.342967338874283603e-09,1.976893266442718983e-02,4.182276684096126680e-06,6.906501478539794965e-06,6.797799471258649711e-04,-2.529776082480102856e-02,-1.777268002059351943e-09,2.597583720985455202e-02,5.478368985999468779e-06
1.147341827333946851e+00,3.804987173002234990e-01,-2.120155785664390100e-02,-3.324682927553754275e-01,1.801796768099599492e-09,-1.259527702681703554e+00,-3.805124529398350997e-01,5.292375731205644021e-06,1.803425607733358368e-04,-1.966459876334248486e-02,-1.348079490887861305e-09,1.984363589420605825e-02,4.198033811909611972e-06,6.909865241465165212e-06,6.847376495098387488e-04,-2.529873226440855841e-02,-1.778338898116654857e-09,2.598176552224239211e-02,5.481037031815990765e-06
1.150217370760848956e+00,3.804987325472523607e-01,-2.120103643596872936e-02,-3.325249437586104140e-01,1.797912953189137733e-09,-1.259470534018662047e+00,-3.805124408455422547e-01,5.312250161134130096e-06,1.823186995064272539e-04,-1.973734745431118820e-02,-1.353194716447251920e-09,1.991835582166870747e-02,4.213798588947981235e-06,6.913209053837625649e-06,6.897102334223946486e-04,-2.529944584566555868e-02,-1.779405740409082179e-09,2.598745086272931035e-02,5.483689254175700777e-06
1.153092914187751061e+00,3.804987478514447186e-01,-2.120050931224187057e-02,-3.325818039564609196e-01,1.794014424820155069e-09,-1.259413150472052711e+00,-3.805124287059061250e-01,5.332134178325843672e-06,1.843091584020987159e-04,-1.981009782707622222e-02,-1.358313004099283324e-09,1.999309174872576297e-02,4.229570970347810852e-06,6.916533474851902392e-06,6.946976030976523102e-04,-2.529990207267114946e-02,-1.780468670583527144e-09,2.599289363951058987e-02,5.486326096677872103e-06
1.155968457614653166e+00,3.804987632128282726e-01,-2.119997644422409386e-02,-3.326388733526996488e-01,1.790101174203451141e-09,-1.259355551996870881e+00,-3.805124165209049503e-01,5.352027727825204970e-06,1.863139798388049721e-04,-1.988284914233000300e-02,-1.363434342798398762e-09,2.006784297846165091e-02,4.245350912522330345e-06,6.919839064628786063e-06,6.996996619699816754e-04,-2.530010145031327817e-02,-1.781527830496761869e-09,2.599809426077039770e-02,5.488948003656450364e-06
1.158844001041555272e+00,3.804987786314301679e-01,-2.119943779055467534e-02,-3.326961519489756158e-01,1.786173192580998301e-09,-1.259297738550113843e+00,-3.805124042905171367e-01,5.371930756288579411e-06,1.883332059161761467e-04,-1.995560066221787124e-02,-1.368558721907250773e-09,2.014260881513451132e-02,4.261138373163502690e-06,6.923126384191558870e-06,7.047163126774254891e-04,-2.530004448426518768e-02,-1.782583362209407209e-09,2.600305313468162863e-02,5.491555420161361190e-06
1.161719544468457377e+00,3.804987941072776603e-01,-2.119889330975226541e-02,-3.327536397448181416e-01,1.782230471224771779e-09,-1.259239710090777953e+00,-3.805123920147209238e-01,5.391843211986854297e-06,1.903668784527330540e-04,-2.002835165034040285e-02,-1.373686131197279175e-09,2.021738856417618774e-02,4.276933311244061430e-06,6.926395995442270902e-06,7.097474570651575790e-04,-2.529973168098177683e-02,-1.783635407979854421e-09,2.600777066940573173e-02,5.494148791939689148e-06
1.164595087895359482e+00,3.804988096403977282e-01,-2.119834296021564507e-02,-3.328113367376410725e-01,1.778273001435569086e-09,-1.259181466579853748e+00,-3.805123796934949953e-01,5.411765044807923154e-06,1.924150389836125688e-04,-2.010110137175562250e-02,-1.378816560849272312e-09,2.029218153219220638e-02,4.292735687019484261e-06,6.929648461137845333e-06,7.147929961889701918e-04,-2.529916354769588815e-02,-1.784684110258153133e-09,2.601224727309254039e-02,5.496728565416720301e-06
1.167470631322261587e+00,3.804988252308173502e-01,-2.119778670022458983e-02,-3.328692429227469440e-01,1.774300774541835209e-09,-1.259123007980325948e+00,-3.805123673268180351e-01,5.431696206259104859e-06,1.944777287583019699e-04,-2.017384909298119977e-02,-1.383950001453904925e-09,2.036698702696168942e-02,4.308545462029907331e-06,6.932884344866081978e-06,7.198528303187922295e-04,-2.529834059241468230e-02,-1.785729611679861668e-09,2.601648335388011615e-02,5.499295187676904289e-06
1.170346174749163692e+00,3.804988408785633380e-01,-2.119722448794066419e-02,-3.329273582933314213e-01,1.770313781898482020e-09,-1.259064334257167017e+00,-3.805123549146687822e-01,5.451636649469524649e-06,1.965549887383852355e-04,-2.024659408199678406e-02,-1.389086444012270033e-09,2.044180435743743127e-02,4.324362599102019199e-06,6.936104211021446550e-06,7.249268589422433722e-04,-2.529726332391582511e-02,-1.786772055059853525e-09,2.602047931989451626e-02,5.501849106444647016e-06
1.173221718176065798e+00,3.804988565836621150e-01,-2.119665628140806127e-02,-3.329856828404871294e-01,1.766312014885707271e-09,-1.259005445377334498e+00,-3.805123424570261981e-01,5.471586329192358760e-06,1.986468595952977419e-04,-2.031933560824608631e-02,-1.394225879936378336e-09,2.051663283374572516e-02,4.340187062350841303e-06,6.939308624780776908e-06,7.300149807682123791e-04,-2.529593225174380650e-02,-1.787811583386100088e-09,2.602423557924971043e-02,5.504390770065053353e-06
1.176097261602967903e+00,3.804988723461403266e-01,-2.119608203855444586e-02,-3.330442165532080390e-01,1.762295464907812547e-09,-1.258946341309769013e+00,-3.805123299538690218e-01,5.491545201807079910e-06,2.007533817080927262e-04,-2.039207294263913062e-02,-1.399368301049650397e-09,2.059147176718642905e-02,4.356018817181507576e-06,6.942498152078818204e-06,7.351170937304712764e-04,-2.529434788620611371e-02,-1.788848339813404524e-09,2.602775254004735528e-02,5.506920627484496201e-06
1.178972805029870230e+00,3.804988881660243405e-01,-2.119550171719179407e-02,-3.331029594183939069e-01,1.758264123392019162e-09,-1.258887022025389379e+00,-3.805123174051766033e-01,5.511513225321589284e-06,2.028745951612176141e-04,-2.046480535755448513e-02,-1.404513699587388541e-09,2.066632047023289620e-02,4.371857830290958507e-06,6.945673359583584391e-06,7.402330949913197948e-04,-2.529251073836938715e-02,-1.789882467657101354e-09,2.603103061037659316e-02,5.509439128231093233e-06
1.181848348456772335e+00,3.804989040433403580e-01,-2.119491527501723635e-02,-3.331619114208541066e-01,1.754217981787283633e-09,-1.258827487497089725e+00,-3.805123048109280703e-01,5.531490359374286675e-06,2.050105397423004048e-04,-2.053753212684134022e-02,-1.409662068197225397e-09,2.074117825653191624e-02,4.387704069669578465e-06,6.948834814671650268e-06,7.453628809452558270e-04,-2.529042132005561438e-02,-1.790914110386728525e-09,2.603407019831396885e-02,5.511946722395084523e-06
1.184723891883674440e+00,3.804989199781144693e-01,-2.119432266961392836e-02,-3.332210725433120690e-01,1.750157031563111300e-09,-1.258767737699736156e+00,-3.805122921711025508e-01,5.551476565236085583e-06,2.071612549399478730e-04,-2.061025252582180181e-02,-1.414813399939562923e-09,2.081604444090373943e-02,4.403557504602796580e-06,6.951983085403209751e-06,7.505063472226831825e-04,-2.528808014383816805e-02,-1.791943411619647359e-09,2.603687171192312771e-02,5.514443860609067039e-06
1.187599435310576546e+00,3.804989359703728757e-01,-2.119372385845190790e-02,-3.332804427664096125e-01,1.746081264208368490e-09,-1.258707772610163422e+00,-3.805122794856795054e-01,5.571471805812327509e-06,2.093267799415531494e-04,-2.068296583129292446e-02,-1.419967688287984551e-09,2.089091833934197950e-02,4.419418105672612259e-06,6.955118740497085858e-06,7.556633886936429782e-04,-2.528548772303797904e-02,-1.792970515114647834e-09,2.603943555925475328e-02,5.516930994028160512e-06
1.190474978737478651e+00,3.804989520201413900e-01,-2.119311879888896924e-02,-3.333400220687110505e-01,1.741990671230094277e-09,-1.258647592207171373e+00,-3.805122667546382842e-01,5.591476045644648809e-06,2.115071536311148484e-04,-2.075567132152893873e-02,-1.425124927129654092e-09,2.096579926901359636e-02,4.435285844759063088e-06,6.958242349305544187e-06,7.608338994715779877e-04,-2.528264457171953972e-02,-1.793995564765501742e-09,2.604176214834632783e-02,5.519408574310018311e-06
1.193350522164380756e+00,3.804989681274458801e-01,-2.119250744817150617e-02,-3.333998104267072993e-01,1.737885244152309751e-09,-1.258587196471521619e+00,-3.805122539779585700e-01,5.611489250912761165e-06,2.137024145870670641e-04,-2.082836827628333984e-02,-1.430285110765694585e-09,2.104068654825887175e-02,4.451160695041647851e-06,6.961354481788967473e-06,7.660177729171255062e-04,-2.527955120468691405e-02,-1.795018704594487104e-09,2.604385188722196237e-02,5.521877053594755302e-06
1.196226065591282861e+00,3.804989842923119925e-01,-2.119188976343545916e-02,-3.334598078148205968e-01,1.733764974514828122e-09,-1.258526585385934871e+00,-3.805122411556198236e-01,5.631511389436170209e-06,2.159126010801199380e-04,-2.090105597679103519e-02,-1.435448233911549363e-09,2.111557949659135722e-02,4.467042631000691097e-06,6.964455708490436136e-06,7.712149016419404639e-04,-2.527620813747974773e-02,-1.796040078745880742e-09,2.604570518389222669e-02,5.524336884484775756e-06
1.199101609018184744e+00,3.804990005147654841e-01,-2.119126570170712376e-02,-3.335200142054082217e-01,1.729629853872063163e-09,-1.258465758935085832e+00,-3.805122282876016726e-01,5.651542430675801831e-06,2.181377510711110415e-04,-2.097373370577041221e-02,-1.440614291697319335e-09,2.119047743469780823e-02,4.482931628418618775e-06,6.967546600510143644e-06,7.764251775125457534e-04,-2.527261588636926445e-02,-1.797059831479414246e-09,2.604732244635397584e-02,5.526788520024462349e-06
1.201977152445087071e+00,3.804990167948318902e-01,-2.119063521990412896e-02,-3.335804295687669896e-01,1.725479873791833938e-09,-1.258404717105601645e+00,-3.805122153738838553e-01,5.671582345735589515e-06,2.203779022088699037e-04,-2.104640074742552061e-02,-1.445783279668093445e-09,2.126537968443823270e-02,4.498827664381237249e-06,6.970627729479672128e-06,7.816484916542158420e-04,-2.526877496835412684e-02,-1.798078107163695614e-09,2.604870408259013850e-02,5.529232413679796547e-06
1.204852695871989177e+00,3.804990331325366348e-01,-2.118999827483624906e-02,-3.336410538731379161e-01,1.721315025854174280e-09,-1.258343459886057669e+00,-3.805122024144463322e-01,5.691631107363937166e-06,2.226330918280898313e-04,-2.111905638744804997e-02,-1.450955193784243148e-09,2.134028556884572797e-02,4.514730717278879340e-06,6.973699667536166343e-06,7.868847344548819591e-04,-2.526468590115639457e-02,-1.799095050269598836e-09,2.604985050056958518e-02,5.531669019317847707e-06
1.207728239298891282e+00,3.804990495279051421e-01,-2.118935482320639593e-02,-3.337018870847096585e-01,1.717135301650136688e-09,-1.258281987266974156e+00,-3.805121894092687307e-01,5.711688689955158222e-06,2.249033569472148528e-04,-2.119169991301947734e-02,-1.456130030421713577e-09,2.141519441212653627e-02,4.530640766807552049e-06,6.976762987296348395e-06,7.921337955690719787e-04,-2.526034920321737834e-02,-1.800110805363619777e-09,2.605076210824688876e-02,5.534098791186169840e-06
1.210603782725793387e+00,3.804990659809627251e-01,-2.118870482161146207e-02,-3.337629291676237342e-01,1.712940692780595809e-09,-1.258220299240813134e+00,-3.805121763583310113e-01,5.731755069550804642e-06,2.271887342663365288e-04,-2.126433061281312112e-02,-1.461307786372285760e-09,2.149010553965998577e-02,4.546557793969992813e-06,6.979818261830412182e-06,7.973955639218774068e-04,-2.525576539369347659e-02,-1.801125517101199995e-09,2.605143931356218925e-02,5.536522183892095053e-06
1.213479326152695492e+00,3.804990824917348635e-01,-2.118804822654328165e-02,-3.338241800839779061e-01,1.708731190855055027e-09,-1.258158395801973972e+00,-3.805121632616133009e-01,5.751830223840940851e-06,2.294892601651007643e-04,-2.133694777699615686e-02,-1.466488458843823948e-09,2.156501827799838997e-02,4.562481781076671541e-06,6.982866064635818739e-06,8.026699277129442211e-04,-2.525093499245202600e-02,-1.802139330220020382e-09,2.605188252444100641e-02,5.538939652381929565e-06
1.216354869579597597e+00,3.804990990602463707e-01,-2.118738499438953260e-02,-3.338856397938312348e-01,1.704506787490446633e-09,-1.258096276946792491e+00,-3.805121501190953937e-01,5.771914132165325347e-06,2.318049707006293928e-04,-2.140955069723169540e-02,-1.471672045460501638e-09,2.163993195486707891e-02,4.578412711746740985e-06,6.985906969610900995e-06,8.079567744204975378e-04,-2.524585852006705836e-02,-1.803152389533256329e-09,2.605209214879401075e-02,5.541351651920040470e-06
1.219230413006499703e+00,3.804991156865226709e-01,-2.118671508143468371e-02,-3.339473082552080196e-01,1.700267474309937172e-09,-1.258033942673534966e+00,-3.805121369307574719e-01,5.792006775514537254e-06,2.341359016054501638e-04,-2.148213866668080216e-02,-1.476858544263010650e-09,2.171484589916432978e-02,4.594350570908920198e-06,6.988941551028410935e-06,8.132559908053899143e-04,-2.524053649781505398e-02,-1.804164839922808699e-09,2.605206859451688478e-02,5.543758638067849312e-06
1.222105956433401808e+00,3.804991323705887440e-01,-2.118603844386091756e-02,-3.340091854241020730e-01,1.696013242941726791e-09,-1.257971392982395686e+00,-3.805121236965796072e-01,5.812108136531002080e-06,2.364820882854402548e-04,-2.155471098000444688e-02,-1.482047953708744754e-09,2.178975944096128367e-02,4.610295344802310224e-06,6.991970383508915990e-06,8.185674629151774070e-04,-2.523496944767070552e-02,-1.805176826332500892e-09,2.605181226949013912e-02,5.546161066662729963e-06
1.224981499860303913e+00,3.804991491124696812e-01,-2.118535503774907416e-02,-3.340712712544813279e-01,1.691744085017853961e-09,-1.257908627875493401e+00,-3.805121104165418711e-01,5.832218199509966655e-06,2.388435658177809513e-04,-2.162726693336563047e-02,-1.487240272671974209e-09,2.186467191150198372e-02,4.626247020977168290e-06,6.994994041994049735e-06,8.238910760882244694e-04,-2.522915789230258457e-02,-1.806188493761241778e-09,2.605132358157887656e-02,5.548559393796798061e-06
1.227857043287206018e+00,3.804991659121904624e-01,-2.118466481907960511e-02,-3.341335656982917790e-01,1.687459992172993170e-09,-1.257845647356869323e+00,-3.805120970906245570e-01,5.852336950400368182e-06,2.412203689489244695e-04,-2.169980582443125153e-02,-1.492435500443988243e-09,2.193958264320324675e-02,4.642205588295606603e-06,6.998013101719694825e-06,8.292267149578344369e-04,-2.522310235506888126e-02,-1.807199987256165892e-09,2.605060293863269150e-02,5.550954075795638632e-06
1.230732586714108123e+00,3.804991827697761231e-01,-2.118396774373353109e-02,-3.341960687054620904e-01,1.683160956043257168e-09,-1.257782451432481574e+00,-3.805120837188077920e-01,5.872464376805658401e-06,2.436125320925722985e-04,-2.177232695237415680e-02,-1.497633636733228231e-09,2.201449096965468755e-02,4.658171036932225086e-06,7.001028138188991447e-06,8.345742634564070088e-04,-2.521680336001295639e-02,-1.808211451905733504e-09,2.604965074848539577e-02,5.553345569196875306e-06
1.233608130141010450e+00,3.804991996852515324e-01,-2.118326376749339601e-02,-3.342587802239077588e-01,1.678846968264998378e-09,-1.257719040110203634e+00,-3.805120703010717587e-01,5.892600467984521030e-06,2.460200893276655505e-04,-2.184482961787507366e-02,-1.502834681665394401e-09,2.208939622561861132e-02,4.674143358374703457e-06,7.004039727145274612e-06,8.399336048196219670e-04,-2.521026143185903234e-02,-1.809223032832810638e-09,2.604846741895484527e-02,5.555734330728721751e-06
1.236483673567912556e+00,3.804992166586414482e-01,-2.118255284604421765e-02,-3.343217001995356652e-01,1.674518020473606802e-09,-1.257655413399819677e+00,-3.805120568373967505e-01,5.912745214851531598e-06,2.484430743963881856e-04,-2.191731312312458074e-02,-1.508038635783534546e-09,2.216429774703002412e-02,4.690122545424309442e-06,7.007048444544869158e-06,8.453046215906507600e-04,-2.520347709600780084e-02,-1.810234875187714543e-09,2.604705335784284273e-02,5.558120817288391645e-06
1.239359216994814661e+00,3.804992336899710725e-01,-2.118183493497448680e-02,-3.343848285762480166e-01,1.670174104302310396e-09,-1.257591571313021683e+00,-3.805120433277630609e-01,5.932898609977719878e-06,2.508815207021810245e-04,-2.198977677182501964e-02,-1.513245500048114339e-09,2.223919487099654257e-02,4.706108592196351945e-06,7.010054866529762765e-06,8.506871956243905290e-04,-2.519645087853190565e-02,-1.811247124141228780e-09,2.604540897293481511e-02,5.560505485920419723e-06
1.242234760421716766e+00,3.804992507792649969e-01,-2.118110998977712142e-02,-3.344481652959473417e-01,1.665815211380976694e-09,-1.257527513863406998e+00,-3.805120297721509837e-01,5.953060647591077261e-06,2.533354613077690967e-04,-2.206221986919245856e-02,-1.518455275837065514e-09,2.231408693579838357e-02,4.722101494120583384e-06,7.013059569400206985e-06,8.560812080917286002e-04,-2.518918330617160584e-02,-1.812259924877596173e-09,2.604353467199973377e-02,5.562888793794931985e-06
1.245110303848618871e+00,3.804992679265481459e-01,-2.118037796585047275e-02,-3.345117102985401547e-01,1.661441333334908438e-09,-1.257463241066473447e+00,-3.805120161705406456e-01,5.973231323576962481e-06,2.558049289332010238e-04,-2.213464172195856589e-02,-1.523667964945813988e-09,2.238897328088827743e-02,4.738101247941517328e-06,7.016063129587152249e-06,8.614865394838285527e-04,-2.518167490633016481e-02,-1.813273422587476397e-09,2.604143086278984734e-02,5.565271198185768535e-06
1.247985847275520976e+00,3.804992851318453884e-01,-2.117963881849927940e-02,-3.345754635219418405e-01,1.657052461783647052e-09,-1.257398752939615783e+00,-3.805120025229125624e-01,5.993410635478441278e-06,2.582899559539002742e-04,-2.220704163837253220e-02,-1.528883569587287103e-09,2.246385324689144022e-02,4.754107851718702941e-06,7.019066123624624426e-06,8.669030696164439342e-04,-2.517392620706945111e-02,-1.814287762460880000e-09,2.603909795304055336e-02,5.567653156448576767e-06
1.250861390702423082e+00,3.804993023951815379e-01,-2.117889250293569781e-02,-3.346394249020805400e-01,1.652648588339769516e-09,-1.257334049502124795e+00,-3.805119888292469721e-01,6.013598582496547284e-06,2.607905743987293744e-04,-2.227941892820297157e-02,-1.534102092391906180e-09,2.253872617560555291e-02,4.770121304826928263e-06,7.022069128121944686e-06,8.723306776342578880e-04,-2.516593773710534138e-02,-1.815303089680075532e-09,2.603653635047017273e-02,5.570035125998779188e-06
1.253736934129325187e+00,3.804993197165814633e-01,-2.117813897428027711e-02,-3.347035943729021468e-01,1.648229704607688743e-09,-1.257269130775180876e+00,-3.805119750895241126e-01,6.033795165490446346e-06,2.633068159480665888e-04,-2.235177290273974646e-02,-1.539323536407547431e-09,2.261359141000062953e-02,4.786141607956354892e-06,7.025072719735884982e-06,8.777692420152427306e-04,-2.515771002580314414e-02,-1.816319549412465451e-09,2.603374646277973811e-02,5.572417564289469251e-06
1.256612477556227292e+00,3.804993370960699228e-01,-2.117737818756297227e-02,-3.347679718663739146e-01,1.643795802182453548e-09,-1.257203996781853128e+00,-3.805119613037242776e-01,6.054000386977551722e-06,2.658387119318951757e-04,-2.242410287479590023e-02,-1.544547905099494815e-09,2.268844829421909695e-02,4.802168763112606922e-06,7.028077475142681241e-06,8.832186405750524875e-04,-2.514924360317304097e-02,-1.817337286803437634e-09,2.603072869765285166e-02,5.574800928789227556e-06
1.259488020983129397e+00,3.804993545336717853e-01,-2.117661009772414671e-02,-3.348325573124896759e-01,1.639346872648547168e-09,-1.257138647547094035e+00,-3.805119474718278716e-01,6.074214251133514768e-06,2.683862933279046784e-04,-2.249640815870942653e-02,-1.549775202350362075e-09,2.276329617357558677e-02,4.818202773616761627e-06,7.031083971009986403e-06,8.886787504714312603e-04,-2.514053899986553806e-02,-1.818356446969197436e-09,2.602748346275548380e-02,5.577185676959856749e-06
1.262363564410031502e+00,3.804993720294118642e-01,-2.117583465961560968e-02,-3.348973506392735611e-01,1.634882907578689919e-09,-1.257073083097737909e+00,-3.805119335938150771e-01,6.094436763792187664e-06,2.709495907596060939e-04,-2.256868807034517754e-02,-1.555005432460002365e-09,2.283813439455702546e-02,4.834243644105321505e-06,7.034092783968669308e-06,8.941494482086523830e-04,-2.513159674716668179e-02,-1.819377174989558816e-09,2.602401116573572690e-02,5.579572266234016457e-06
1.265239107836933607e+00,3.804993895833151951e-01,-2.117505182800161548e-02,-3.349623517727846056e-01,1.630403898532636887e-09,-1.257007303462495118e+00,-3.805119196696661876e-01,6.114667932445453161e-06,2.735286344944585883e-04,-2.264094192709661946e-02,-1.560238600145388728e-09,2.291296230482249563e-02,4.850291380530084686e-06,7.037104490584549207e-06,8.996306096419777465e-04,-2.512241737699351385e-02,-1.820399615900724084e-09,2.602031221422365995e-02,5.581961153992808261e-06
1.268114651263835935e+00,3.804994071954065915e-01,-2.117426155755989040e-02,-3.350275606371213577e-01,1.625909837055979138e-09,-1.256941308671951862e+00,-3.805119056993614968e-01,6.134907766243009435e-06,2.761234544420103072e-04,-2.271316904788768520e-02,-1.565474710540482154e-09,2.298777925320321519e-02,4.866345990157963666e-06,7.040119667330026087e-06,9.051221099821434675e-04,-2.511300142188938045e-02,-1.821423914688033454e-09,2.601638701583115776e-02,5.584352797543250545e-06
1.270990194690738040e+00,3.804994248657109224e-01,-2.117346380288268395e-02,-3.350929771544259861e-01,1.621400714678947408e-09,-1.256875098758564180e+00,-3.805118916828811870e-01,6.155156275992056689e-06,2.787340801520508406e-04,-2.278536875317455773e-02,-1.570713769196073595e-09,2.306258458970249572e-02,4.882407481570751523e-06,7.043138890555589873e-06,9.106238237998658331e-04,-2.510334941501913761e-02,-1.822450216278685026e-09,2.601223597815163768e-02,5.586747654095702529e-06
1.273865738117640145e+00,3.804994425942532232e-01,-2.117265851847777852e-02,-3.351586012448887764e-01,1.616876522915209587e-09,-1.256808673756655281e+00,-3.805118776202054409e-01,6.175413474156911744e-06,2.813605408127780000e-04,-2.285754036494744290e-02,-1.575955782079605910e-09,2.313737766549566269e-02,4.898475864664799201e-06,7.046162736461278801e-06,9.161356250303755427e-04,-2.509346189016454370e-02,-1.823478665534442989e-09,2.600785950875993471e-02,5.589146180741196819e-06
1.276741281544542250e+00,3.804994603810584741e-01,-2.117184565876956831e-02,-3.352244328267526274e-01,1.612337253260676480e-09,-1.256742033702413552e+00,-3.805118635113144410e-01,6.195679374858523546e-06,2.840028652489764126e-04,-2.292968320673233543e-02,-1.581200755574974518e-09,2.321215783293001031e-02,4.914551150650638578e-06,7.049191781067983640e-06,9.216573869779690802e-04,-2.508333938171938143e-02,-1.824509407244305483e-09,2.600325801521203434e-02,5.591548834428689798e-06
1.279616824971444355e+00,3.804994782261518216e-01,-2.117102517810005510e-02,-3.352904718163174924e-01,1.607782897192302810e-09,-1.256675178633886780e+00,-3.805118493561883142e-01,6.215953993873920893e-06,2.866610819202099398e-04,-2.300179660359277442e-02,-1.586448696482309637e-09,2.328692444552474608e-02,4.930633352052555565e-06,7.052226600188712099e-06,9.271889823205886009e-04,-2.507298242468474284e-02,-1.825542586117164826e-09,2.599843190504494417e-02,5.593956071942269659e-06
1.282492368398346461e+00,3.804994961295581901e-01,-2.117019703072996195e-02,-3.353567181279445419e-01,1.603213446166891521e-09,-1.256608108590980377e+00,-3.805118351548071320e-01,6.236237348635578012e-06,2.893352189190275393e-04,-2.307387988213159546e-02,-1.591699612017733307e-09,2.336167685797096299e-02,4.946722482708067482e-06,7.055267769399736340e-06,9.327302831144206833e-04,-2.506239155466424492e-02,-1.826578346774434642e-09,2.599338158577648578e-02,5.596368349878252641e-06
1.285367911825248566e+00,3.804995140913028373e-01,-2.116936117083973931e-02,-3.354231716740609381e-01,1.598628891619896443e-09,-1.256540823615454494e+00,-3.805118209071510216e-01,6.256529458230689497e-06,2.920253039691819209e-04,-2.314593237049265145e-02,-1.596953509813099237e-09,2.343641442613154588e-02,4.962818557767363172e-06,7.058315864011647326e-06,9.382811607985199094e-04,-2.505156730785914471e-02,-1.827616833742657765e-09,2.598810746490504142e-02,5.598786124622238593e-06
1.288243455252150671e+00,3.804995321114109097e-01,-2.116851755253065445e-02,-3.354898323651641090e-01,1.594029224964229077e-09,-1.256473323750918691e+00,-3.805118066131999432e-01,6.276830343400363931e-06,2.947313644238609958e-04,-2.321795339836250222e-02,-1.602210397915707221e-09,2.351113650704113670e-02,4.978921593692652477e-06,7.061371459040329541e-06,9.438414861994516352e-04,-2.504051022106350971e-02,-1.828658191446088492e-09,2.598260994990941528e-02,5.601209852326069144e-06
1.291118998679052776e+00,3.804995501899077204e-01,-2.116766612982586698e-02,-3.355567001098261337e-01,1.589414437589063946e-09,-1.256405609042830607e+00,-3.805117922729338020e-01,6.297140026538725191e-06,2.974534272639339631e-04,-2.328994229697212495e-02,-1.607470284787998738e-09,2.358584245890604780e-02,4.995031608257462359e-06,7.064435129177867946e-06,9.494111295359599148e-04,-2.502922083165942321e-02,-1.829702564199265748e-09,2.597688944824865995e-02,5.603639988884755367e-06
1.293994542105954881e+00,3.804995683268186379e-01,-2.116680685667146275e-02,-3.356237748146981281e-01,1.584784520858643931e-09,-1.256337679538491514e+00,-3.805117778863326139e-01,6.317458531691962916e-06,3.001915190962105686e-04,-2.336189839909863161e-02,-1.612733179307233314e-09,2.366053164110426890e-02,5.011148620545880494e-06,7.067507448763298243e-06,9.549899604236566746e-04,-2.501769967761190497e-02,-1.830750096199539502e-09,2.597094636736173995e-02,5.606076989913282630e-06
1.296870085532856987e+00,3.804995865221689200e-01,-2.116593968693759181e-02,-3.356910563845150741e-01,1.580139466111089968e-09,-1.256269535287042327e+00,-3.805117634533761173e-01,6.337785884557252547e-06,3.029456661517124531e-04,-2.343382103906688912e-02,-1.617999090765137182e-09,2.373520341418534907e-02,5.027272650951696383e-06,7.070588991753396941e-06,9.605778478797307287e-04,-2.500594729746424480e-02,-1.831800931519608157e-09,2.596478111466754904e-02,5.608521310723421378e-06
1.299745628959759314e+00,3.804996047759842126e-01,-2.116506457441948846e-02,-3.357585447220997610e-01,1.575479264657208243e-09,-1.256201176339462711e+00,-3.805117489740442172e-01,6.358122112481621992e-06,3.057158942839600046e-04,-2.350570955275116738e-02,-1.623268028867535388e-09,2.380985713987034472e-02,5.043403721177501804e-06,7.073680331693253738e-06,9.661746603276777194e-04,-2.499396423033285741e-02,-1.832855214100008780e-09,2.595839409756451124e-02,5.610973406300394759e-06
1.302621172386661419e+00,3.804996230882899400e-01,-2.116418147283860574e-02,-3.358262397283675038e-01,1.570803907779300303e-09,-1.256132602748563976e+00,-3.805117344483164854e-01,6.378467244460729359e-06,3.085022289672717868e-04,-2.357756327757687051e-02,-1.628540003733962813e-09,2.388449218105180225e-02,5.059541854233728581e-06,7.076782041686857452e-06,9.717802656020551027e-04,-2.498175101590242864e-02,-1.833913087741599894e-09,2.595178572343050799e-02,5.613433731279541176e-06
1.305496715813563524e+00,3.804996414591118592e-01,-2.116329033584367705e-02,-3.358941413023308620e-01,1.566113386729974597e-09,-1.256063814568989301e+00,-3.805117198761727160e-01,6.398821311137544973e-06,3.113046952950777923e-04,-2.364938155252203911e-02,-1.633815025897248927e-09,2.395910790179364702e-02,5.075687074437595720e-06,7.079894694367577774e-06,9.773945309532537217e-04,-2.496930819442091942e-02,-1.834974696098024412e-09,2.594495639962262831e-02,5.615902739922896366e-06
1.308372259240465629e+00,3.804996598884756720e-01,-2.116239111701185074e-02,-3.359622493411034694e-01,1.561407692730958026e-09,-1.255994811857208182e+00,-3.805117052575924252e-01,6.419184344800963937e-06,3.141233179782468429e-04,-2.372116371811906418e-02,-1.639093106303085174e-09,2.403370366733117644e-02,5.091839407412009967e-06,7.083018861868542830e-06,9.830173230522918238e-04,-2.495663630669453167e-02,-1.836040182668146314e-09,2.593790653347696415e-02,5.618380886095697550e-06
1.311247802667367734e+00,3.804996783764071910e-01,-2.116148376984974822e-02,-3.360305637399050860e-01,1.556686816971910182e-09,-1.255925594671514656e+00,-3.805116905925551851e-01,6.439556379384312811e-06,3.169581213434267313e-04,-2.379290911645621370e-02,-1.644374256309567542e-09,2.410827884407092114e-02,5.107998880084386729e-06,7.086155115792988792e-06,9.886485079956285928e-04,-2.494373589408276082e-02,-1.837109690788479667e-09,2.593063653230845769e-02,5.620868623242860486e-06
1.314123346094269840e+00,3.804996969229323400e-01,-2.116056824779460888e-02,-3.360990843920658167e-01,1.551950750609236753e-09,-1.255856163072021303e+00,-3.805116758810403454e-01,6.459937450463802084e-06,3.198091293313998110e-04,-2.386461709117928404e-02,-1.649658487686721964e-09,2.418283279959070053e-02,5.124165520685412569e-06,7.089304027184495141e-06,9.942879513099994737e-04,-2.493060749849325408e-02,-1.838183363625585803e-09,2.592314680341065505e-02,5.623366404365362494e-06
1.316998889521171945e+00,3.804997155280772092e-01,-2.115964450421536913e-02,-3.361678111890304410e-01,1.547199484764907281e-09,-1.255786517120659029e+00,-3.805116611230273671e-01,6.480327595256850742e-06,3.226763654954515974e-04,-2.393628698749310224e-02,-1.654945812616000776e-09,2.425736490263942849e-02,5.140339358747728906e-06,7.092466166497168261e-06,9.999355179572697126e-04,-2.491725166237684225e-02,-1.839261344168463258e-09,2.591543775405549810e-02,5.625874681996599223e-06
1.319874432948074050e+00,3.804997341918679443e-01,-2.115871249241381771e-02,-3.362367440203635205e-01,1.542433010525271461e-09,-1.255716656881171511e+00,-3.805116463184953779e-01,6.500726852620363403e-06,3.255598529997529218e-04,-2.400791815216311853e-02,-1.660236243689763042e-09,2.433187452313714805e-02,5.156520425104553902e-06,7.095642103565756421e-06,1.005591072339308278e-03,-2.490366892872239793e-02,-1.840343775220915167e-09,2.590750979149318914e-02,5.628393908178666040e-06
1.322749976374976155e+00,3.804997529143307466e-01,-2.115777216562567120e-02,-3.363058827737530621e-01,1.537651318939878964e-09,-1.255646582419113200e+00,-3.805116314674235611e-01,6.521135263048910894e-06,3.284596146177572629e-04,-2.407950993351695365e-02,-1.665529793910733366e-09,2.440636103217494815e-02,5.172708751888244194e-06,7.098832407575681750e-06,1.011254478302882169e-03,-2.488985984105176325e-02,-1.841430799393901155e-09,2.589936332295192378e-02,5.630924534438590281e-06
1.325625519801878260e+00,3.804997716954902631e-01,-2.115682347698243440e-02,-3.363752273349769339e-01,1.532854401460857926e-09,-1.255576293801843546e+00,-3.805116165697924324e-01,6.541548842134184316e-06,3.313757654942622345e-04,-2.415106159026656624e-02,-1.670825437042293569e-09,2.448082380459239496e-02,5.188901178518963774e-06,7.095698702790171037e-06,1.017071636142705821e-03,-2.487568140063088282e-02,-1.840885848629119112e-09,2.589100281344561966e-02,5.628438710294386512e-06
1.328501063228780366e+00,3.804997905353188492e-01,-2.115586637834038219e-02,-3.364447775867550616e-01,1.528042263078290369e-09,-1.255505791098492141e+00,-3.805116016256239186e-01,6.561936648787971641e-06,3.343090414475180256e-04,-2.422257177222924066e-02,-1.676115186641438962e-09,2.455526223365707417e-02,5.205073161311505564e-06,7.084401924649589653e-06,1.023084790176596957e-03,-2.486109249431445178e-02,-1.838234073486536198e-09,2.588242984777882477e-02,5.619477616973428321e-06
1.331376606655682471e+00,3.804998094337264658e-01,-2.115490082005665878e-02,-3.365145334085327677e-01,1.523214924841103437e-09,-1.255435074379948279e+00,-3.805115866349895182e-01,6.582291615990891577e-06,3.372596279256157101e-04,-2.429403967137041057e-02,-1.681397220518454502e-09,2.462967569852572008e-02,5.221219094437069106e-06,7.072857973233766256e-06,1.029111448673074259e-03,-2.484627290665134686e-02,-1.835519348777082622e-09,2.587363976619635325e-02,5.610320459758594328e-06
1.334252150082584798e+00,3.804998283906175782e-01,-2.115392675229841105e-02,-3.365844946777709623e-01,1.518372409196906456e-09,-1.255364143718895154e+00,-3.805115715979649482e-01,6.602613031162173402e-06,3.402275636232394637e-04,-2.436546462508044561e-02,-1.686671357181960456e-09,2.470406357545914394e-02,5.237338412659151539e-06,7.061065580669219673e-06,1.035151515563316645e-03,-2.483122314171007719e-02,-1.832741342684654377e-09,2.586463297701061675e-02,5.600966232949076425e-06
1.337127693509486903e+00,3.804998474058945979e-01,-2.115294412512189193e-02,-3.366546612700273555e-01,1.513514739116565625e-09,-1.255292999189807190e+00,-3.805115565146275358e-01,6.622900178077492665e-06,3.432128869579808769e-04,-2.443684597219999977e-02,-1.691937414186978253e-09,2.477842524189225945e-02,5.253430547851117682e-06,7.049023480679493453e-06,1.041204894192925652e-03,-2.481594370412056050e-02,-1.829899723780751880e-09,2.585540988850947366e-02,5.591413932110887288e-06
1.340003236936389008e+00,3.804998664794581043e-01,-2.115195288847330352e-02,-3.367250330589601770e-01,1.508641938096944682e-09,-1.255221640868947386e+00,-3.805115413850562178e-01,6.643152336873697632e-06,3.462156360686586588e-04,-2.450818305302161770e-02,-1.697195208136075519e-09,2.485276007643397525e-02,5.269494928999939687e-06,7.036730408671701452e-06,1.047271487324237613e-03,-2.480043509907160423e-02,-1.826994161046911048e-09,2.584597090895598276e-02,5.581662554145498840e-06
1.342878780363291114e+00,3.804998856112064565e-01,-2.115095299218956032e-02,-3.367956099163332828e-01,1.503754030163643896e-09,-1.255150068834364196e+00,-3.805115262093316519e-01,6.663368784053765277e-06,3.492358488136444120e-04,-2.457947520929131685e-02,-1.702444554680579544e-09,2.492706745886716369e-02,5.285530982210141665e-06,7.024185101823214035e-06,1.053351197138649919e-03,-2.478469783230833126e-02,-1.824024323897179241e-09,2.583631644658816034e-02,5.571711097358618791e-06
1.345754323790193219e+00,3.804999048010357932e-01,-2.114994438599914275e-02,-3.368663917120193196e-01,1.498851039873731221e-09,-1.255078283165887321e+00,-3.805115109875361612e-01,6.683548792492019848e-06,3.522735627691956717e-04,-2.465072178421023191e-02,-1.707685268521851350e-09,2.500134677014855672e-02,5.301538130707932367e-06,7.011386299168501820e-06,1.059443925238958339e-03,-2.476873241012956042e-02,-1.820989882200627391e-09,2.582644690961863332e-02,5.561558561529067963e-06
1.348629867217095324e+00,3.804999240488404211e-01,-2.114892701952286042e-02,-3.369373783140046652e-01,1.493932992318474048e-09,-1.255006283945125700e+00,-3.805114957197536785e-01,6.703691631439599621e-06,3.553288152277953417e-04,-2.472192212243614490e-02,-1.712917163412627171e-09,2.507559739240867655e-02,5.317515794845541139e-06,6.998332741686175094e-06,1.065549572651707574e-03,-2.475253933938519751e-02,-1.817890506303915500e-09,2.581636270623443100e-02,5.551203947977823644e-06
1.351505410643997429e+00,3.804999433545123155e-01,-2.114790084227471945e-02,-3.370085695883932031e-01,1.488999913126063331e-09,-1.254934071255462857e+00,-3.805114804060697464e-01,6.723796566530178608e-06,3.584016431964983404e-04,-2.479307557008512963e-02,-1.718140052158425899e-09,2.514981870895179050e-02,5.333463392105755482e-06,6.985023172386157054e-06,1.071668039829556116e-03,-2.473611912747368177e-02,-1.814725867053890995e-09,2.580606424459666939e-02,5.540646259637164581e-06
1.354380954070899534e+00,3.804999627179414534e-01,-2.114686580366270316e-02,-3.370799653994104861e-01,1.484051828464336445e-09,-1.254861645182053342e+00,-3.805114650465717951e-01,6.743862859785913571e-06,3.614920833952845890e-04,-2.486418147473306098e-02,-1.723353746619016505e-09,2.522401010425578266e-02,5.349380337106646649e-06,6.971456336396992571e-06,1.077799226653647835e-03,-2.471947228233925889e-02,-1.811495635820227637e-09,2.579555193284027714e-02,5.529884501119937098e-06
1.357256497497801639e+00,3.804999821390155912e-01,-2.114582185298963940e-02,-3.371515656094084545e-01,1.479088765043494280e-09,-1.254789005811820735e+00,-3.805114496413488645e-01,6.763889769623684966e-06,3.646001722554187766e-04,-2.493523918541722464e-02,-1.728558057709957626e-09,2.529817096397211917e-02,5.365266041606511230e-06,6.957630981053345008e-06,1.083943032436001990e-03,-2.470259931246938587e-02,-1.808199484518105567e-09,2.578482617907370406e-02,5.518917678788941492e-06
1.360132040924703745e+00,3.805000016176204869e-01,-2.114476893945400546e-02,-3.372233700788689337e-01,1.474110750118812729e-09,-1.254716153233453424e+00,-3.805114341904913267e-01,6.783876550861551331e-06,3.677259459178179308e-04,-2.500624805263785069e-02,-1.733752795404195888e-09,2.537230067492577540e-02,5.381119914508991473e-06,6.943545855983608216e-06,1.090099355921911924e-03,-2.468550072689211158e-02,-1.804837085630928585e-09,2.577388739137872337e-02,5.507744800826442952e-06
1.363007584351605850e+00,3.805000211536396781e-01,-2.114370701215075726e-02,-3.372953786664085740e-01,1.469117811493353574e-09,-1.254643087537401502e+00,-3.805114186940918297e-01,6.803822454725479810e-06,3.708694402314246814e-04,-2.507720742835970948e-02,-1.738937768733735568e-09,2.544639862511512834e-02,5.396941361868421752e-06,6.929199713197640520e-06,1.096268095292356540e-03,-2.466817703517332205e-02,-1.801408112233071406e-09,2.576273597781000499e-02,5.496364877303757848e-06
1.365883127778508177e+00,3.805000407469544266e-01,-2.114263602007221757e-02,-3.373675912287822376e-01,1.464109977520665015e-09,-1.254569808815872767e+00,-3.805114031522444651e-01,6.823726728856314695e-06,3.740306907515882203e-04,-2.514811666601357923e-02,-1.744112785791368435e-09,2.552046420371190463e-02,5.412729786895348680e-06,6.914591307174682502e-06,1.102449148166423278e-03,-2.465062874741413140e-02,-1.797912238012672211e-09,2.575137234639498368e-02,5.484776920250990805e-06
1.368758671205410282e+00,3.805000603974441065e-01,-2.114155591210887045e-02,-3.374400076208879384e-01,1.459087277107482011e-09,-1.254496317162829611e+00,-3.805113875650449895e-01,6.843588617317008544e-06,3.772097327384517688e-04,-2.521897512049784545e-02,-1.749277653732471421e-09,2.559449680106109029e-02,5.428484589962270607e-06,6.899719394951345932e-06,1.108642411603742804e-03,-2.463285637424817223e-02,-1.794349137294447734e-09,2.573979690513350516e-02,5.472979943726835301e-06
1.371634214632312387e+00,3.805000801049856496e-01,-2.114046663705023907e-02,-3.375126276957707283e-01,1.454049739716417090e-09,-1.254422612673986803e+00,-3.805113719325909361e-01,6.863407360600100634e-06,3.804066011553479030e-04,-2.528978214817999975e-02,-1.754432178776872328e-09,2.566849580868085443e-02,5.444205168609564308e-06,6.884582736209759413e-06,1.114847782106937130e-03,-2.461486042683886169e-02,-1.790718485062546402e-09,2.572801006199755200e-02,5.460972963888480987e-06
1.374509758059214493e+00,3.805000998694538228e-01,-2.113936814358573918e-02,-3.375854513046270267e-01,1.448997395368649726e-09,-1.254348695446805717e+00,-3.805113562549815587e-01,6.883182195635450376e-06,3.836213306672001154e-04,-2.536053710689816290e-02,-1.759576166210774884e-09,2.574246061926245555e-02,5.459890917551631902e-06,6.869180093365816501e-06,1.121065155624077943e-03,-2.459664141687673000e-02,-1.787019956983430014e-09,2.571601222493097652e-02,5.448754999061629435e-06
1.377385301486116598e+00,3.805001196907214500e-01,-2.113826038030553606e-02,-3.376584782968086174e-01,1.443930274646606399e-09,-1.254274565580494105e+00,-3.805113405323179987e-01,6.902912355798228222e-06,3.868539556389313685e-04,-2.543123935596260446e-02,-1.764709420388757828e-09,2.581639062667018258e-02,5.475541228683225644e-06,6.853510231657555973e-06,1.127294427551156410e-03,-2.457819985657669001e-02,-1.783253229428790568e-09,2.570380380184925095e-02,5.436325069810586955e-06
1.380260844913018481e+00,3.805001395686588572e-01,-2.113714329570140493e-02,-3.377317085198273117e-01,1.438848408696639219e-09,-1.254200223175999218e+00,-3.805113247647030073e-01,6.922597070917154750e-06,3.901045101338805089e-04,-2.550188825615722771e-02,-1.769831744735833560e-09,2.589028522594125428e-02,5.491155491085991261e-06,6.837571919233608161e-06,1.133535492734564490e-03,-2.455953625867523388e-02,-1.779417979498483021e-09,2.569138520063909623e-02,5.423682199008423492e-06
1.383136388339920586e+00,3.805001595031341499e-01,-2.113601683816761570e-02,-3.378051418193587785e-01,1.433751829231691508e-09,-1.254125668336008026e+00,-3.805113089522410008e-01,6.942235567283003189e-06,3.933730279122261086e-04,-2.557248316974107885e-02,-1.774942941749575442e-09,2.596414381328574980e-02,5.506733091035206091e-06,6.821363927241803913e-06,1.139788245473590759e-03,-2.454065113642776505e-02,-1.775513885043501057e-09,2.567875682915834318e-02,5.410825411907265349e-06
1.386011931766822691e+00,3.805001794940134352e-01,-2.113488095600179334e-02,-3.378787780392470963e-01,1.428640568533966910e-09,-1.254050901164940113e+00,-3.805112930950383943e-01,6.961827067657342485e-06,3.966595424294150764e-04,-2.564302346044986664e-02,-1.780042813002312100e-09,2.603796578608652545e-02,5.522273412006726453e-06,6.804885029917814054e-06,1.146052579522921456e-03,-2.452154500360579151e-02,-1.771540624688963399e-09,2.566591909523549542e-02,5.397753736208605696e-06
1.388887475193725018e+00,3.805001995411604887e-01,-2.113373559740579569e-02,-3.379526170215086389e-01,1.423514659457582575e-09,-1.253975921768947899e+00,-3.805112771932033233e-01,6.981370791281558208e-06,3.999640868346021659e-04,-2.571350849349738829e-02,-1.785131159143383974e-09,2.611175054289911757e-02,5.537775834684128133e-06,6.788134004673952315e-06,1.152328388095159514e-03,-2.450221837449415366e-02,-1.767497877857135491e-09,2.565287240666957319e-02,5.384466202133731123e-06
1.391763018620627124e+00,3.805002196444366991e-01,-2.113258071048660855e-02,-3.380266586063369050e-01,1.418374135431220884e-09,-1.253900730255910423e+00,-3.805112612468455335e-01,7.000865953886092831e-06,4.032866939690938203e-04,-2.578393763557701099e-02,-1.790207779901470174e-09,2.618549748345165226e-02,5.553239736966045924e-06,6.771109632187999448e-06,1.158615563863349450e-03,-2.448267176388826266e-02,-1.763385324790469781e-09,2.563961717122978726e-02,5.370961842494199022e-06
1.394638562047529229e+00,3.805002398037013456e-01,-2.113141624325721307e-02,-3.381009026321060151e-01,1.413219030460776025e-09,-1.253825326735432233e+00,-3.805112452560767689e-01,7.020311767699982475e-06,4.066273963647997142e-04,-2.585431025486315676e-02,-1.795272474086979865e-09,2.625920600864477955e-02,5.568664493973737631e-06,6.753810696492167940e-06,1.164913998963516134e-03,-2.446290568709129365e-02,-1.759202646574669177e-09,2.562615379665527174e-02,5.357239692762392036e-06
1.397514105474431334e+00,3.805002600188113204e-01,-2.113024214363751555e-02,-3.381753489353755970e-01,1.408049379131987107e-09,-1.253749711318837612e+00,-3.805112292210104941e-01,7.039707441460625740e-06,4.099862262426935125e-04,-2.592462572101276660e-02,-1.800325039594510643e-09,2.633287552055157965e-02,5.584049478058828493e-06,6.736235985062095530e-06,1.171223584997215048e-03,-2.444292065991136853e-02,-1.754949525161767243e-09,2.561248269065477187e-02,5.343298791142113180e-06
1.400389648901333439e+00,3.805002802896215175e-01,-2.112905835945518354e-02,-3.382499973508950042e-01,1.402865216613070045e-09,-1.253673884119169690e+00,-3.805112131417620058e-01,7.059052180423810034e-06,4.133632155112793201e-04,-2.599488340516671256e-02,-1.805365273405373090e-09,2.640650542241747972e-02,5.599394058811269057e-06,6.718384288905940371e-06,1.177544213034093174e-03,-2.442271719865872492e-02,-1.750625643393234044e-09,2.559860426090639768e-02,5.329138178639263112e-06
1.403265192328235544e+00,3.805003006159839996e-01,-2.112786483844660695e-02,-3.383248477116069797e-01,1.397666578657340963e-09,-1.253597845251185783e+00,-3.805111970184482661e-01,7.078345186374003022e-06,4.167583957650651256e-04,-2.606508267995127914e-02,-1.810392971590180888e-09,2.648009511866013591e-02,5.614697603067495494e-06,6.700254402653553272e-06,1.183875773614458332e-03,-2.440229582014296142e-02,-1.746230685023096256e-09,2.558451891505734987e-02,5.314756899132562304e-06
1.406140735755137650e+00,3.805003209977489975e-01,-2.112666152825777230e-02,-3.383998998486527632e-01,1.392453501605828226e-09,-1.253521594831352948e+00,-3.805111808511882909e-01,7.097585657634893107e-06,4.201717982830451351e-04,-2.613522291947956155e-02,-1.815407929311507510e-09,2.655364401486939863e-02,5.629959474918788120e-06,6.681845124645671955e-06,1.190218156751861756e-03,-2.438165704167007813e-02,-1.741764334741072169e-09,2.557022706072359375e-02,5.300153999444310481e-06
1.409016279182039755e+00,3.805003414347644664e-01,-2.112544837644517171e-02,-3.384751535913757547e-01,1.387226022389882604e-09,-1.253445132977847098e+00,-3.805111646401029279e-01,7.116772789080177240e-06,4.236034540271880686e-04,-2.620530349935288814e-02,-1.820409940826612200e-09,2.662715151780715647e-02,5.645179035719841676e-06,6.663155257023227983e-06,1.196571251935691282e-03,-2.436080138103977402e-02,-1.737226278195731500e-09,2.555572910548967180e-02,5.285328529411231608e-06
1.411891822608941860e+00,3.805003619268755299e-01,-2.112422533047672579e-02,-3.385506087673261222e-01,1.381984178533775243e-09,-1.253368459810548341e+00,-3.805111483853145793e-01,7.135905772144643496e-06,4.270533936409348359e-04,-2.627532379666228449e-02,-1.825398799490229840e-09,2.670061703540731884e-02,5.660355644097535505e-06,6.644183605816658752e-06,1.202934948133776256e-03,-2.433972935654245273e-02,-1.732616202017652527e-09,2.554102545690832213e-02,5.270279541955296857e-06
1.414767366035843965e+00,3.805003824739255913e-01,-2.112299233773269960e-02,-3.386262652022647424e-01,1.376728008157288599e-09,-1.253291575451036310e+00,-3.805111320869477565e-01,7.154983794835454405e-06,4.305216474477008737e-04,-2.634528318998979185e-02,-1.830374297757424938e-09,2.677403997677562861e-02,5.675488655959902787e-06,6.624928981035285567e-06,1.209309133794998509e-03,-2.431844148695640542e-02,-1.727933793842608782e-09,2.552611652250024246e-02,5.255006093154649217e-06
1.417642909462746070e+00,3.805004030757553335e-01,-2.112174934550662200e-02,-3.387021227201681972e-01,1.371457549978300553e-09,-1.253214480022589727e+00,-3.805111157451288029e-01,7.174006041743735209e-06,4.340082454493887827e-04,-2.641518105940997632e-02,-1.835336227186521698e-09,2.684741975218967944e-02,5.690577424505313220e-06,6.605390196756752694e-06,1.215693696851918729e-03,-2.429693829154497622e-02,-1.723178742334761337e-09,2.551100270975384388e-02,5.239507242314526407e-06
1.420518452889648175e+00,3.805004237322031635e-01,-2.112049630100621897e-02,-3.387781811432320489e-01,1.366172843315356112e-09,-1.253137173650180403e+00,-3.805110993599857827e-01,7.192971694056405213e-06,4.375132173249082833e-04,-2.648501678649124377e-02,-1.840284378442089739e-09,2.692075577309876316e-02,5.705621300231857301e-06,6.585566071216474890e-06,1.222088524723414973e-03,-2.427522029005358545e-02,-1.718350737209854813e-09,2.549568442612493158e-02,5.223782052038221912e-06
1.423393996316550503e+00,3.805004444431052679e-01,-2.111923315135433299e-02,-3.388544402918760579e-01,1.360873928090236015e-09,-1.253059656460471016e+00,-3.805110829316487586e-01,7.211879929568235305e-06,4.410365924287000202e-04,-2.655478975429721028e-02,-1.845218541297999692e-09,2.699404745212374140e-02,5.720619630946916948e-06,6.565455426897130665e-06,1.228493504317318581e-03,-2.425328800270688812e-02,-1.713449469258432404e-09,2.548016207903642388e-02,5.207829588298073967e-06
1.426269539743452608e+00,3.805004652082952243e-01,-2.111795984358986328e-02,-3.389308999847479020e-01,1.355560844830511893e-09,-1.252981928581812010e+00,-3.805110664602496806e-01,7.230729922694218871e-06,4.445783997892726485e-04,-2.662449934738812460e-02,-1.850138504640554292e-09,2.706729420305701087e-02,5.735571761776970759e-06,6.545057090618195360e-06,1.234908522033080882e-03,-2.423114195020583186e-02,-1.708474630369055670e-09,2.546443607587809549e-02,5.191648920506480794e-06
1.429145083170354713e+00,3.805004860276044454e-01,-2.111667632466870947e-02,-3.390075600387277843e-01,1.350233634672095224e-09,-1.252903990144236701e+00,-3.805110499459223306e-01,7.249520844482168018e-06,4.481386681077439852e-04,-2.669414495182224553e-02,-1.855044056471673431e-09,2.714049544086243396e-02,5.750477035177590685e-06,6.524369893625479309e-06,1.241333463764433820e-03,-2.420878265372477037e-02,-1.703425913551524113e-09,2.544850682400633113e-02,5.175239121586924322e-06
1.432020626597256818e+00,3.805005069008618457e-01,-2.111538254146472227e-02,-3.390844202689327624e-01,1.344892339361772231e-09,-1.252825841279460617e+00,-3.805110333888023222e-01,7.268251862625543588e-06,4.517174257563894794e-04,-2.676372595515711522e-02,-1.859934983912151806e-09,2.721365058167509940e-02,5.765334790943620837e-06,6.503392671680684627e-06,1.247768214902063386e-03,-2.418621063490848308e-02,-1.698303012960109855e-09,2.543237473074375088e-02,5.158599268045014224e-06
1.434896170024158923e+00,3.805005278278939529e-01,-2.111407844077062973e-02,-3.391614804887206347e-01,1.339537001259738360e-09,-1.252747482120875722e+00,-3.805110167890273787e-01,7.286922141476606185e-06,4.553147007772015789e-04,-2.683324174645100937e-02,-1.864811073204986872e-09,2.728675904280141590e-02,5.780144366219601064e-06,6.482124265150994196e-06,1.254212660336302774e-03,-2.416342641586928866e-02,-1.693105623916788800e-09,2.541604020337903322e-02,5.141728440039542122e-06
1.437771713451061029e+00,3.805005488085249632e-01,-2.111276396929899837e-02,-3.392387405096948250e-01,1.334167663342113326e-09,-1.252668912803547308e+00,-3.805110001467369440e-01,7.305530842059762881e-06,4.589305208804527825e-04,-2.690269171626418626e-02,-1.869672109718766768e-09,2.735982024271886234e-02,5.794905095510364187e-06,6.460563519098644546e-06,1.260666684459821633e-03,-2.414043051918401267e-02,-1.687833442934476341e-09,2.539950364916657155e-02,5.124625721453542574e-06
1.440647256877963134e+00,3.805005698425765193e-01,-2.111143907368320111e-02,-3.393162001417083240e-01,1.328784369203451605e-09,-1.252590133464212219e+00,-3.805109834620723497e-01,7.324077122085202744e-06,4.625649134432695351e-04,-2.697207525666029185e-02,-1.874517877951129377e-09,2.743283360107596006e-02,5.809616310691844984e-06,6.438709283370519927e-06,1.267130171170336578e-03,-2.411722346789115304e-02,-1.682486167740269070e-09,2.538276547532625563e-02,5.107290199965355743e-06
1.443522800304865239e+00,3.805005909298679323e-01,-2.111010370047836093e-02,-3.393938591928683524e-01,1.323387163059242380e-09,-1.252511144241273522e+00,-3.805109667351769809e-01,7.342560135962794114e-06,4.662179055082138739e-04,-2.704139176120765389e-02,-1.879348161532289013e-09,2.750579853869216523e-02,5.824277341022103478e-06,6.416560412687729421e-06,1.273603003873326461e-03,-2.409380578548777491e-02,-1.677063497298674905e-09,2.536582608904311073e-02,5.089720967119680764e-06
1.446398343731767344e+00,3.805006120702161265e-01,-2.110875779616232586e-02,-3.394717174695400796e-01,1.317976089748398114e-09,-1.252431945274798952e+00,-3.805109499661962214e-01,7.360979034816211415e-06,4.698895237818689788e-04,-2.711064062498055177e-02,-1.884162743228622871e-09,2.757871447755775099e-02,5.838887513152536267e-06,6.394115766735200165e-06,1.280085065484755239e-03,-2.407017799592662405e-02,-1.671565131834854792e-09,2.534868589746715195e-02,5.071917118398644342e-06
1.449273887158669449e+00,3.805006332634354727e-01,-2.110740130713662649e-02,-3.395497747763517871e-01,1.312551194735735264e-09,-1.252352536706516029e+00,-3.805109331552772312e-01,7.379332966497360127e-06,4.735797946334387620e-04,-2.717982124456063547e-02,-1.888961404946337911e-09,2.765158084083374490e-02,5.853446151139316546e-06,6.371374210251218896e-06,1.286576238433812403e-03,-2.404634062361308416e-02,-1.665990772857853254e-09,2.533134530771294357e-02,5.053877753292830398e-06
1.452149430585571555e+00,3.805006545093378989e-01,-2.110603417972745435e-02,-3.396280309161984201e-01,1.307112524114437420e-09,-1.252272918679809166e+00,-3.805109163025690577e-01,7.397621075601010976e-06,4.772887440933497359e-04,-2.724893301803808440e-02,-1.893743927735185324e-09,2.772439705285175901e-02,5.867952576454995923e-06,6.348334613117008226e-06,1.293076404665651673e-03,-2.402229419340225214e-02,-1.660340123183827477e-09,2.531380472685950192e-02,5.035601975372326650e-06
1.455024974012473882e+00,3.805006758077328910e-01,-2.110465636018664728e-02,-3.397064856902464181e-01,1.301660124608519476e-09,-1.252193091339717013e+00,-3.805108994082229690e-01,7.415842503479739051e-06,4.810163978518644263e-04,-2.731797534501299862e-02,-1.898510091792263069e-09,2.779716253911395166e-02,5.882406108000367957e-06,6.324995850446224989e-06,1.299585445644152026e-03,-2.399803923059580860e-02,-1.654612886959270614e-09,2.529606456194984782e-02,5.017088892357726305e-06
1.457900517439375987e+00,3.805006971584274367e-01,-2.110326779469265390e-02,-3.397851388979380438e-01,1.296194043575268430e-09,-1.252113054832928229e+00,-3.805108824723919536e-01,7.433996388259093319e-06,4.847627812577004242e-04,-2.738694762659666521e-02,-1.903259676465869306e-09,2.786987672629289911e-02,5.896806062116484172e-06,6.301356802674479769e-06,1.306103242354676773e-03,-2.397357626093912092e-02,-1.648808769684230333e-09,2.527812521999084697e-02,4.998337616191121275e-06
1.460776060866278092e+00,3.805007185612261922e-01,-2.110186842935152587e-02,-3.398639903369954363e-01,1.290714329007680675e-09,-1.252032809307778605e+00,-3.805108654952311653e-01,7.452081864853010083e-06,4.885279193166592497e-04,-2.745584926541273438e-02,-1.907992460259424461e-09,2.794253904223146373e-02,5.911151752596894527e-06,6.277416355648797126e-06,1.312629675306848038e-03,-2.394890581061816931e-02,-1.642927478235517021e-09,2.525998710795294283e-02,4.979347263107085234e-06
1.463651604293180197e+00,3.805007400159310382e-01,-2.110045821019789977e-02,-3.399430398034251621e-01,1.285221029536886257e-09,-1.251952354914247278e+00,-3.805108484768975341e-01,7.470098064979531373e-06,4.923118366902620464e-04,-2.752467966559863505e-02,-1.912708220835473136e-09,2.801514891594275580e-02,5.925442490700114049e-06,6.253173400717036870e-06,1.319164624537333148e-03,-2.392402840625648675e-02,-1.636968720889901447e-09,2.524165063276978191e-02,4.960116953703587216e-06
1.466527147720082302e+00,3.805007615223417461e-01,-2.109903708319599974e-02,-3.400222870915224349e-01,1.279714194434559695e-09,-1.251871691803953635e+00,-3.805108314175500994e-01,7.488044117176741022e-06,4.961145576943934606e-04,-2.759343823280672320e-02,-1.917406735019736046e-09,2.808770577760997048e-02,5.939677585162251246e-06,6.228626834817292455e-06,1.325707969612632342e-03,-2.389894457491217178e-02,-1.630932207347308076e-09,2.522311620133802987e-02,4.940645813012907755e-06
1.469402691146984408e+00,3.805007830802550894e-01,-2.109760499424062283e-02,-3.401017319938758332e-01,1.274193873615322315e-09,-1.251790820130153969e+00,-3.805108143173497881e-01,7.505919146818953163e-06,4.999361062979530571e-04,-2.766212437420554823e-02,-1.922087778805236002e-09,2.816020905858629408e-02,5.953856342209863527e-06,6.203775560567222465e-06,1.332259589631880348e-03,-2.387365484407478339e-02,-1.624817648753989156e-09,2.520438422051707317e-02,4.920932970572505049e-06
1.472278234573886513e+00,3.805008046894657325e-01,-2.109616188915814858e-02,-3.401813743013711866e-01,1.268660117639127640e-09,-1.251709740047738384e+00,-3.805107971764598029e-01,7.523722276133190404e-06,5.037765061215173593e-04,-2.773073749848109851e-02,-1.926751127356493364e-09,2.823265819139481048e-02,5.967978065573021836e-06,6.178618486353339742e-06,1.338819363229659665e-03,-2.384815974166230867e-02,-1.618624757725690323e-09,2.518545509712874150e-02,4.900977560495831150e-06
1.475153778000788618e+00,3.805008263497656196e-01,-2.109470771370752784e-02,-3.402612138031963496e-01,1.263112977713640148e-09,-1.251628451713226120e+00,-3.805107799950450120e-01,7.541452624215898333e-06,5.076357804360062806e-04,-2.779927701583802604e-02,-1.931396555013782305e-09,2.830505260972838305e-02,5.982042056498570108e-06,6.153154526420241227e-06,1.345387168578817544e-03,-2.382245979601810629e-02,-1.612353248370799874e-09,2.516632923795704066e-02,4.880778721543123587e-06
1.478029321427690723e+00,3.805008480609441968e-01,-2.109324241358130972e-02,-3.403412502868450873e-01,1.257552505696599149e-09,-1.251546955284764451e+00,-3.805107627732723929e-01,7.559109307049903962e-06,5.115139521613595299e-04,-2.786774233800087125e-02,-1.936023835297455722e-09,2.837739174844951598e-02,5.996047613763574458e-06,6.127382600959770036e-06,1.351962883393293801e-03,-2.379655553590780126e-02,-1.606002836313482732e-09,2.514700704974787496e-02,4.860335597192115682e-06
1.480904864854592828e+00,3.805008698227883013e-01,-2.109176593440663383e-02,-3.404214835381219606e-01,1.251978754098169428e-09,-1.251465250922123573e+00,-3.805107455113110881e-01,7.576691437521668094e-06,5.154110438652221259e-04,-2.793613287821525640e-02,-1.940632740912341703e-09,2.844967504359031951e-02,6.009994033689012926e-06,6.101301636200125866e-06,1.358546384930960343e-03,-2.377044749051621456e-02,-1.599573238716798281e-09,2.512748893920879051e-02,4.839647335708734149e-06
1.483780408281494934e+00,3.805008916350823278e-01,-2.109027822174625033e-02,-3.405019133411464893e-01,1.246391776083279268e-09,-1.251383338786692612e+00,-3.805107282093320720e-01,7.594198125438755380e-06,5.193270777616361975e-04,-2.800444805124910688e-02,-1.945223043752194994e-09,2.852190193235232610e-02,6.023880610153629550e-06,6.074910564494872066e-06,1.365137549996463945e-03,-2.374413618944425097e-02,-1.593064174305795459e-09,2.510777531300869420e-02,4.818713090217690823e-06
1.486655951708397039e+00,3.805009134976081731e-01,-2.108877922109956421e-02,-3.405825394783574267e-01,1.240791625473948553e-09,-1.251301219041479396e+00,-3.805107108675085392e-01,7.611628477547577115e-06,5.232620757097417854e-04,-2.807268727339381001e-02,-1.949794514904227888e-09,2.859407185310640712e-02,6.037706634608008664e-06,6.048208324411909668e-06,1.371736254944084859e-03,-2.371762216270582174e-02,-1.586475363390598126e-09,2.508786657777758652e-02,4.797532018773064221e-06
1.489531495135299366e+00,3.805009354101448471e-01,-2.108726887790360674e-02,-3.406633617305174222e-01,1.235178356751598872e-09,-1.251218891851103576e+00,-3.805106934860155721e-01,7.628981597551394925e-06,5.272160592124869663e-04,-2.814084996246546053e-02,-1.954346924653699006e-09,2.866618424539267573e-02,6.051471396088864343e-06,6.021193860822314209e-06,1.378342375680597590e-03,-2.369090594072474978e-02,-1.579806527889456315e-09,2.506776314010630835e-02,4.776103284428772684e-06
1.492407038562201471e+00,3.805009573724690286e-01,-2.108574713753410407e-02,-3.407443798767168519e-01,1.229552025059354120e-09,-1.251136357381795072e+00,-3.805106760650303621e-01,7.646256586128570942e-06,5.311890494153435069e-04,-2.820893553780595350e-02,-1.958880042488568255e-09,2.873823854992032731e-02,6.065174181233494174e-06,5.993866124989141199e-06,1.384955787668142729e-03,-2.366398805433157088e-02,-1.573057391351783830e-09,2.504746540654622863e-02,4.754426055308995846e-06
1.495282581989103576e+00,3.805009793843548427e-01,-2.108421394530649723e-02,-3.408255936943788700e-01,1.223912686204326409e-09,-1.251053615801390739e+00,-3.805106586047321549e-01,7.663452540951073771e-06,5.351810671050342277e-04,-2.827694342028422639e-02,-1.963393637104225408e-09,2.881023420856759776e-02,6.078814274294489680e-06,5.966224074656085065e-06,1.391576365927109631e-03,-2.363686903476050136e-02,-1.566227678981171031e-09,2.502697378360902933e-02,4.732499504678530889e-06
1.498158125416005682e+00,3.805010014455735279e-01,-2.108266924647695870e-02,-3.409070029592635720e-01,1.218260396659888333e-09,-1.250970667279329929e+00,-3.805106411053022497e-01,7.680568556703246209e-06,5.391921327082651368e-04,-2.834487303229736924e-02,-1.967887476408276581e-09,2.888217066438159009e-02,6.092390957154598355e-06,5.938266674136091501e-06,1.398203985039023645e-03,-2.360954941364624624e-02,-1.559317117658371565e-09,2.500628867776640007e-02,4.710322811013052229e-06
1.501033668842907787e+00,3.805010235558941578e-01,-2.108111298624345403e-02,-3.409886074454720473e-01,1.212595213567930345e-09,-1.250887511986652934e+00,-3.805106235669241110e-01,7.697603725100806728e-06,5.432222662904688396e-04,-2.841272379777175228e-02,-1.972361327525396895e-09,2.895404736157813907e-02,6.105903509341808478e-06,5.909992894399829210e-06,1.404838519149443103e-03,-2.358202972302090791e-02,-1.552325435964263452e-09,2.498541049544982309e-02,4.687895158069309372e-06
1.503909212269809892e+00,3.805010457150828085e-01,-2.107954510974677231e-02,-3.410704069254513748e-01,1.206917194741106758e-09,-1.250804150095995437e+00,-3.805106059897830351e-01,7.714557134910154208e-06,5.472714875545549957e-04,-2.848049514216425757e-02,-1.976814956802262947e-09,2.902586374554180781e-02,6.119351208044658384e-06,5.881401713164054926e-06,1.411479841970869533e-03,-2.355431049531073878e-02,-1.545252364202779563e-09,2.496433964305019848e-02,4.665215734955212962e-06
1.506784755696711997e+00,3.805010679229030579e-01,-2.107796556207155309e-02,-3.411524011699985093e-01,1.201226398665064585e-09,-1.250720581781587404e+00,-3.805105883740666495e-01,7.731427871967856466e-06,5.513398158396682572e-04,-2.854818649246328860e-02,-1.981248129812526237e-09,2.909761926282563443e-02,6.132733328127690581e-06,5.852492114979909821e-06,1.418127826785653542e-03,-2.352639226333312281e-02,-1.538097634423817629e-09,2.494307652691773666e-02,4.642283736199867465e-06
1.509660299123614102e+00,3.805010901791158751e-01,-2.107637428824736189e-02,-3.412345899482648326e-01,1.195522884500658105e-09,-1.250636807219246860e+00,-3.805105707199644693e-01,7.748215019200442033e-06,5.554272701199561811e-04,-2.861579727718995339e-02,-1.985660611361877165e-09,2.916931336115107659e-02,6.146049142147165905e-06,5.823263091321029566e-06,1.424782346448923024e-03,-2.349827556029329689e-02,-1.530860980446109720e-09,2.492162155336155593e-02,4.619098361823474254e-06
1.512535842550516207e+00,3.805011124834795644e-01,-2.107477123324972765e-02,-3.413169730277608727e-01,1.189806712086152891e-09,-1.250552826586380561e+00,-3.805105530276684522e-01,7.764917656644457889e-06,5.595338690033463576e-04,-2.868332692639920939e-02,-1.990052165493161975e-09,2.924094548940794902e-02,6.159297920366958094e-06,5.793713640671595099e-06,1.431443273391515281e-03,-2.346996091978122839e-02,-1.523542137880067522e-09,2.489997512864950205e-02,4.595658817407164399e-06
1.515411385977418313e+00,3.805011348357498213e-01,-2.107315634200120427e-02,-3.413995501743601335e-01,1.184077941939409768e-09,-1.250468640061976444e+00,-3.805105352973722210e-01,7.781534861466715249e-06,5.636596307303274418e-04,-2.875077487168088350e-02,-1.994422555491563797e-09,2.931251509765418761e-02,6.172478930774619461e-06,5.763842768614207211e-06,1.438110479622908052e-03,-2.344144887576843014e-02,-1.516140844150592257e-09,2.487813765900784638e-02,4.571964314162712016e-06
1.518286929404320418e+00,3.805011572356796767e-01,-2.107152955937241154e-02,-3.414823211523042024e-01,1.178336635260055130e-09,-1.250384247826602735e+00,-3.805105175292716746e-01,7.798065707984850440e-06,5.678045731727442797e-04,-2.881814054616082393e-02,-1.998771543889858138e-09,2.938402163711580084e-02,6.185591439097688821e-06,5.733649487917656952e-06,1.444783836734170931e-03,-2.341273996260475818e-02,-1.508656838519850069e-09,2.485610955062100141e-02,4.548014069002141739e-06
1.521162472831222745e+00,3.805011796830193305e-01,-2.106989083018311407e-02,-3.415652857242065799e-01,1.172582853931638024e-09,-1.250299650062404844e+00,-3.805104997235649322e-01,7.814509267688109391e-06,5.719687138325983472e-04,-2.888542338450194105e-02,-2.003098892473723386e-09,2.945546456018675874e-02,6.198634708820184065e-06,5.703132818624563040e-06,1.451463215900919597e-03,-2.338383471501526492e-02,-1.501089862110017006e-09,2.483389120963137853e-02,4.523807304607259117e-06
1.524038016258124850e+00,3.805012021775165953e-01,-2.106824009920329685e-02,-3.416484436510573430e-01,1.166816660523773989e-09,-1.250214846953099146e+00,-3.805104818804521671e-01,7.830864609258404878e-06,5.761520698408576207e-04,-2.895262282290538003e-02,-2.007404362287130716e-09,2.952684332042887147e-02,6.211608001199298033e-06,5.672291788138821242e-06,1.458148487886277208e-03,-2.335473366809692058e-02,-1.493439657925976859e-09,2.481148304213894387e-02,4.499343249499011601e-06
1.526913559685026955e+00,3.805012247189164531e-01,-2.106657731115419915e-02,-3.417317946922274752e-01,1.161038118294262644e-09,-1.250129838683973871e+00,-3.805104640001356620e-01,7.847130798591571966e-06,5.803546579562730628e-04,-2.901973829911139169e-02,-2.011687713637777010e-09,2.959815737257156729e-02,6.224510575282258699e-06,5.641125431312979209e-06,1.464839523043840559e-03,-2.332543735731549758e-02,-1.485705970877997077e-09,2.478888545420115594e-02,4.474621138106795318e-06
1.529789103111929061e+00,3.805012473069979695e-01,-2.106490241070401587e-02,-3.418153386054676446e-01,1.155247281616192628e-09,-1.250044625441891988e+00,-3.805104460827903878e-01,7.863360741233211634e-06,5.845765024320526224e-04,-2.908676924356370236e-02,-2.015962657203413600e-09,2.966940615826206551e-02,6.237384396761459250e-06,5.661977761974043280e-06,1.471543840348688275e-03,-2.329593772735140053e-02,-1.491451646397927006e-09,2.476608499829168267e-02,4.491161248407198719e-06
1.532664646538831166e+00,3.805012699418998112e-01,-2.106321534242146590e-02,-3.418990751468585221e-01,1.149444111777848145e-09,-1.249959207415375584e+00,-3.805104281283067102e-01,7.879702395012585668e-06,5.888176410369821197e-04,-2.915371507264631970e-02,-2.020267532631865424e-09,2.974058909515790022e-02,6.250346828627881108e-06,5.704101764743495230e-06,1.478256816505568727e-03,-2.326624036061517714e-02,-1.502709824357183491e-09,2.474309021758908100e-02,4.524574456756617620e-06
1.535540189965733271e+00,3.805012926239679238e-01,-2.106151605079905828e-02,-3.419830040708408125e-01,1.143628516277226642e-09,-1.249873584794561898e+00,-3.805104101364100710e-01,7.896166223097528930e-06,5.930780910728153344e-04,-2.922057522685162292e-02,-2.024605053332921387e-09,2.981170563847231753e-02,6.263406170464018384e-06,5.746953134370075286e-06,1.484975318711757647e-03,-2.323634916535179118e-02,-1.514157267468008323e-09,2.471990695499665450e-02,4.558564625310900657e-06
1.538415733392635376e+00,3.805013153535567461e-01,-2.105980448028326943e-02,-3.420671251302520588e-01,1.137800400457633810e-09,-1.249787757771146701e+00,-3.805103921068193618e-01,7.912754322340003233e-06,5.973578682422948666e-04,-2.928734914958802324e-02,-2.028975764906720716e-09,2.988275524679929324e-02,6.276564085529798169e-06,5.790535537532154728e-06,1.491699216384966562e-03,-2.320626467771465598e-02,-1.525794920694289041e-09,2.469653561518112342e-02,4.593134662552863347e-06
1.541291276819537481e+00,3.805013381310264342e-01,-2.105808057527595520e-02,-3.421514380763316376e-01,1.131959668089575985e-09,-1.249701726538382296e+00,-3.805103740392487555e-01,7.929468800104745325e-06,6.016569878720954331e-04,-2.935403628580622593e-02,-2.033380215662643314e-09,2.995373737989639323e-02,6.289822245424097983e-06,5.834852619357785021e-06,1.498428378544045501e-03,-2.317598743421454832e-02,-1.537623723391576518e-09,2.467297660277299742e-02,4.628287459871235797e-06
1.544166820246439586e+00,3.805013609567436395e-01,-2.105634428013545070e-02,-3.422359426587247566e-01,1.126106221362998090e-09,-1.249615491291071745e+00,-3.805103559334075958e-01,7.946311774206916794e-06,6.059754649116785158e-04,-2.942063608200017055e-02,-2.037818956603078817e-09,3.002465149868463468e-02,6.303182330035273966e-06,5.879908003161470463e-06,1.505162673811947637e-03,-2.314551797171660388e-02,-1.549644609238915355e-09,2.464923032236663106e-02,4.664025891351852985e-06
1.547042363673341692e+00,3.805013838310808416e-01,-2.105459553917763543e-02,-3.423206386254876166e-01,1.120239960879560045e-09,-1.249529052225566650e+00,-3.805103377890003968e-01,7.963285372848995033e-06,6.103133139321605637e-04,-2.948714798620809263e-02,-2.042292541407010781e-09,3.009549706524844784e-02,6.316646027491113091e-06,5.925705290181383842e-06,1.511901970418698263e-03,-2.311485682743696229e-02,-1.561858506170799588e-09,2.462529717851992539e-02,4.700352813569213511e-06
1.549917907100243797e+00,3.805014067544167378e-01,-2.105283429667705042e-02,-3.424055257230910754e-01,1.114360785644967559e-09,-1.249442409539763821e+00,-3.805103196057267323e-01,7.980391734556920507e-06,6.146705491251853136e-04,-2.955357144801350547e-02,-2.046801526413394491e-09,3.016627354283548182e-02,6.330215034108180593e-06,5.972248059317119103e-06,1.518646136204375267e-03,-2.308400453893962728e-02,-1.574266336309260536e-09,2.460117757575415801e-02,4.737271065378466087e-06
1.552793450527146124e+00,3.805014297271361312e-01,-2.105106049686796335e-02,-3.424906036964257550e-01,1.108468593061342843e-09,-1.249355563433102168e+00,-3.805103013832814018e-01,7.997633008115485081e-06,6.190471843018086886e-04,-2.961990591854622018e-02,-2.051346470604352368e-09,3.023698039585659761e-02,6.343891054340571086e-06,6.019539866868024235e-06,1.525395038622095025e-03,-2.305296164413323662e-02,-1.586869015896110377e-09,2.457687191855390668e-02,4.774783467707846655e-06
1.555668993954048229e+00,3.805014527496300980e-01,-2.104927408394547880e-02,-3.425758722888060381e-01,1.102563278919651969e-09,-1.249268514106559147e+00,-3.805102831213540981e-01,8.015011352502969874e-06,6.234432328913894423e-04,-2.968615085048333102e-02,-2.055927935588162593e-09,3.030761708988570849e-02,6.357675800728056597e-06,6.067584246272030524e-06,1.532148544741004578e-03,-2.302172868126788757e-02,-1.599667455225310406e-09,2.455238061136684469e-02,4.812892823351507684e-06
1.558544537380950334e+00,3.805014758222959870e-01,-2.104747500206663458e-02,-3.426613312419747870e-01,1.096644737392176501e-09,-1.249181261762646100e+00,-3.805102648196297954e-01,8.032528936825019091e-06,6.278587079404889101e-04,-2.975230569805014866e-02,-2.060546485582061602e-09,3.037818309165966207e-02,6.371570993843640825e-06,6.116384707845064557e-06,1.538906521249280759e-03,-2.299030618893188258e-02,-1.612662558575498124e-09,2.452770405860359507e-02,4.851601916762822648e-06
1.561420080807852440e+00,3.805014989455372532e-01,-2.104566319535150498e-02,-3.427469802961075618e-01,1.090712861025037223e-09,-1.249093806605407808e+00,-3.805102464777884164e-01,8.050187940247798961e-06,6.322936221117808446e-04,-2.981836991702123407e-02,-2.065202687394849308e-09,3.044867786907816745e-02,6.385578362240533186e-06,6.165944738521048920e-06,1.545668834457140581e-03,-2.295869470604848528e-02,-1.625855224142655146e-09,2.450284266463754329e-02,4.890913513848144510e-06
1.564295624234754545e+00,3.805015221197636799e-01,-2.104383860788430413e-02,-3.428328191898173949e-01,1.084767540730765236e-09,-1.249006148840416053e+00,-3.805102280955048322e-01,8.067990551930370624e-06,6.367479876829685139e-04,-2.988434296472130755e-02,-2.069897110409300347e-09,3.051910089120368069e-02,6.399699642398511297e-06,6.216267801592482262e-06,1.552435350299852072e-03,-2.292689477187271480e-02,-1.639246343972940347e-09,2.447779683380471930e-02,4.930830361761035169e-06
1.567171167661656650e+00,3.805015453453914342e-01,-2.104200118371449268e-02,-3.429188476601588986e-01,1.078808665780929293e-09,-1.248918288674768728e+00,-3.805102096724490846e-01,8.085938970956343044e-06,6.412218165457101490e-04,-2.995022430002621666e-02,-2.074630326564384241e-09,3.058945162826128342e-02,6.413936578669704939e-06,6.267357336451643630e-06,1.559205934340755946e-03,-2.289490692598811911e-02,-1.652836803895672303e-09,2.445256697040364829e-02,4.971355188696971773e-06
1.570046711088558755e+00,3.805015686228428451e-01,-2.104015086685790889e-02,-3.430050654426328727e-01,1.072836123798806359e-09,-1.248830226317084735e+00,-3.805101912082859417e-01,8.104035406264766979e-06,6.457151202045547994e-04,-3.001601338336384178e-02,-2.079402910337292834e-09,3.065972955163855443e-02,6.428290923223778625e-06,6.319216758332404959e-06,1.565980451774293992e-03,-2.286273170830347909e-02,-1.666627483456480075e-09,2.442715347869515649e-02,5.012490703688561258e-06
1.572922254515460860e+00,3.805015919525469026e-01,-2.103828760129784411e-02,-3.430914722711909115e-01,1.066849800752114210e-09,-1.248741961977501536e+00,-3.805101727026753977e-01,8.122282076580317442e-06,6.502279097758853444e-04,-3.008170967671511611e-02,-2.084215438725276232e-09,3.072993413388552461e-02,6.442764435992553435e-06,6.371849458052667844e-06,1.572758767429043546e-03,-2.283036965904959234e-02,-1.680619255850608460e-09,2.440155676290222536e-02,5.054239596401230921e-06
1.575797797942362966e+00,3.805016153349387587e-01,-2.103641133098619470e-02,-3.431780678782397342e-01,1.060849580945787251e-09,-1.248653495867672047e+00,-3.805101541552721733e-01,8.140681210342695201e-06,6.547601959868714792e-04,-3.014731264361485835e-02,-2.089068491227284771e-09,3.080006484871452774e-02,6.457358884614002889e-06,6.425258801757515192e-06,1.579540745770762356e-03,-2.279782131877603965e-02,-1.694812987856412670e-09,2.437577722720990145e-02,5.096604536929484809e-06
1.578673341369265071e+00,3.805016387704598935e-01,-2.103452199984457566e-02,-3.432648519946456256e-01,1.054835347014811064e-09,-1.248564828200760424e+00,-3.805101355657259932e-01,8.159235045635306602e-06,6.593119891744289888e-04,-3.021282174915268515e-02,-2.093962649825419904e-09,3.087012117100005476e-02,6.472076044375683853e-06,6.479448130662932091e-06,1.586326250905427393e-03,-2.276508722834787862e-02,-1.709209539769003148e-09,2.434981527576507432e-02,5.139588175593629360e-06
1.581548884796167176e+00,3.805016622595585041e-01,-2.103261955176543088e-02,-3.433518243497389322e-01,1.048806979917108240e-09,-1.248475959191438500e+00,-3.805101169336814193e-01,8.177945830113235280e-06,6.638832992841931175e-04,-3.027823645997400337e-02,-2.098898498966201042e-09,3.094010257677873299e-02,6.486917698157608402e-06,6.534420760800286457e-06,1.593115146582300967e-03,-2.273216792894234076e-02,-1.723809765334081451e-09,2.432367131267629962e-02,5.183193142737086048e-06
1.584424428223069281e+00,3.805016858026892268e-01,-2.103070393061317808e-02,-3.434389846713185035e-01,1.042764358926481289e-09,-1.248386889055885129e+00,-3.805100982587778513e-01,8.196815820930439671e-06,6.684741358694929131e-04,-3.034355624428082196e-02,-2.103876625541636352e-09,3.101000854324915609e-02,6.501885636374481254e-06,6.590179982761470379e-06,1.599907296196986014e-03,-2.269906396204570548e-02,-1.738614511681953992e-09,2.429734574201379213e-02,5.227422048524230872e-06
1.587299971649971608e+00,3.805017094003130818e-01,-2.102877508022532593e-02,-3.435263326856563548e-01,1.036707361625603316e-09,-1.248297618011778853e+00,-3.805100795406495817e-01,8.215847284666230555e-06,6.730845080903414017e-04,-3.040878057183262970e-02,-2.108897618870097932e-09,3.107983854877175572e-02,6.516981656917389177e-06,6.646729061444766515e-06,1.606702562794491565e-03,-2.266577586944985151e-02,-1.753624619261729820e-09,2.427083896780913089e-02,5.272277482738808140e-06
1.590175515076873713e+00,3.805017330528975283e-01,-2.102683294441359818e-02,-3.436138681175018861e-01,1.030635863899074257e-09,-1.248208146278297459e+00,-3.805100607789257960e-01,8.235042497251037093e-06,6.777144247124316156e-04,-3.047390891394734236e-02,-2.113962070677027403e-09,3.114959207286874601e-02,6.532207565094918645e-06,6.704071235801385340e-06,1.613500809072312536e-03,-2.263230419324902334e-02,-1.768840921775698724e-09,2.424415139405511690e-02,5.317762014582890587e-06
1.593051058503775819e+00,3.805017567609168538e-01,-2.102487746696509938e-02,-3.437015906900866558e-01,1.024549739926521156e-09,-1.248118474076113760e+00,-3.805100419732302952e-01,8.254403743891415603e-06,6.823638941061407545e-04,-3.053894074350206947e-02,-2.119070575075428926e-09,3.121926859622396050e-02,6.547565173573670407e-06,6.762209718582862982e-06,1.620301897383505385e-03,-2.259864947583665670e-02,-1.784264246113922346e-09,2.421728342470579401e-02,5.363878192476497635e-06
1.595926601930677924e+00,3.805017805248517293e-01,-2.102290859164342163e-02,-3.437895001251283777e-01,1.018448862175767309e-09,-1.248028601627391598e+00,-3.805100231231818286e-01,8.273933318994365480e-06,6.870329242455450788e-04,-3.060387553493407534e-02,-2.124223728546197608e-09,3.128886760068279316e-02,6.563056302318222641e-06,6.821147696089034192e-06,1.627105689739780699e-03,-2.256481225990191949e-02,-1.799895412288987616e-09,2.419023546367610189e-02,5.410628543857689693e-06
1.598802145357580029e+00,3.805018043451895426e-01,-2.102092626218980687e-02,-3.438775961428363059e-01,1.012333101396046279e-09,-1.247938529155783627e+00,-3.805100042283938166e-01,8.293633526090894633e-06,6.917215227074420677e-04,-3.066871276424152498e-02,-2.129422129918238626e-09,3.135838856925202839e-02,6.578682778530501185e-06,6.880888327916932814e-06,1.633912047814587527e-03,-2.253079308842648176e-02,-1.815735233370988499e-09,2.416300791484180671e-02,5.458015574983388356e-06
1.601677688784482134e+00,3.805018282224242321e-01,-2.101893042232427442e-02,-3.439658784619144538e-01,1.006202326611282296e-09,-1.247848256886427309e+00,-3.805099852884742950e-01,8.313506677758881889e-06,6.964296966703836366e-04,-3.073345190898440701e-02,-2.134666380348423400e-09,3.142783098609978204e-02,6.594446436588598339e-06,6.941434746710392753e-06,1.640720832946223739e-03,-2.249659250468126481e-02,-1.831784515422704604e-09,2.413560118203942825e-02,5.506041770730763273e-06
1.604553232211384239e+00,3.805018521570564527e-01,-2.101692101574677632e-02,-3.440543467995672566e-01,1.000056405113423595e-09,-1.247757785045942258e+00,-3.805099663030263035e-01,8.333555095545200784e-06,7.011574529137144492e-04,-3.079809244828529691e-02,-2.139957083301332771e-09,3.149719433655533835e-02,6.610349117984994526e-06,7.002790057910427364e-06,1.647531906140930775e-03,-2.246221105222302034e-02,-1.848044057434961778e-09,2.410801566906596236e-02,5.554709594399209398e-06
1.607428775638286345e+00,3.805018761495935764e-01,-2.101489798613834573e-02,-3.441430008715035127e-01,9.938952024558375835e-10,-1.247667113862425348e+00,-3.805099472716473308e-01,8.353781109887145400e-06,7.059047978166230241e-04,-3.086263386283021395e-02,-2.145294844528838457e-09,3.156647810710907359e-02,6.626392671264235296e-06,7.064957339506473667e-06,1.654345128076010942e-03,-2.242764927489112811e-02,-1.864514651262240433e-09,2.408025177967887398e-02,5.604021487513053532e-06
1.610304319065188450e+00,3.805019002005496365e-01,-2.101286127716225915e-02,-3.442318403919407133e-01,9.877185824467601952e-10,-1.247576243565449161e+00,-3.805099281939297584e-01,8.374187060033141304e-06,7.106717373572010808e-04,-3.092707563486939149e-02,-2.150680272049486404e-09,3.163568178541233816e-02,6.642578951960036592e-06,7.127939641788420903e-06,1.661160359102942762e-03,-2.239290771680414044e-02,-1.881197081558467725e-09,2.405230991759581619e-02,5.653979869624840241e-06
1.613179862492090555e+00,3.805019243104454385e-01,-2.101081083246516407e-02,-3.443208650736102050e-01,9.815264071428097562e-10,-1.247485174386057549e+00,-3.805099090694602504e-01,8.394775293962729732e-06,7.154582771115098249e-04,-3.099141724821810953e-02,-2.156113976127698987e-09,3.170480486027731082e-02,6.658909822531814875e-06,7.191739987099506468e-06,1.667977459250506722e-03,-2.235798692235664922e-02,-1.898092125713047744e-09,2.402419048649465788e-02,5.704587138119333513e-06
1.616055405918992660e+00,3.805019484798085050e-01,-2.100874659567825500e-02,-3.444100746277607983e-01,9.753185368425600005e-10,-1.247393906556762966e+00,-3.805098898978205857e-01,8.415548168305858904e-06,7.202644222526569670e-04,-3.105565818825750668e-02,-2.161596569252796051e-09,3.177384682167693625e-02,6.675387152300661597e-06,7.256361369590001267e-06,1.674796288227912121e-03,-2.232288743621580612e-02,-1.915200553787091269e-09,2.399589389001321668e-02,5.755845668018126587e-06
1.618930949345894987e+00,3.805019727091731307e-01,-2.100666851041844974e-02,-3.444994687641643183e-01,9.690948300801701584e-10,-1.247302440311542915e+00,-3.805098706785868257e-01,8.436508048261446888e-06,7.250901775498819809e-04,-3.111979794193523233e-02,-2.167128666117826123e-09,3.184280716074472384e-02,6.692012817384759484e-06,7.321806754971824273e-06,1.681616705427929105e-03,-2.228760980331799188e-02,-1.932523128449887465e-09,2.396742053174912013e-02,5.807757811785010721e-06
1.621806492772797093e+00,3.805019969990805495e-01,-2.100457652028950989e-02,-3.445890471911188246e-01,9.628551436190805994e-10,-1.247210775885835732e+00,-3.805098514113296471e-01,8.457657307515282081e-06,7.299355473676514454e-04,-3.118383599776641812e-02,-2.172710883598226388e-09,3.191168536977476156e-02,6.708788700634247390e-06,7.388079080274010887e-06,1.688438569930038931e-03,-2.225215456886559667e-02,-1.950060604915598514e-09,2.393877081525978834e-02,5.860325899132000410e-06
1.624682036199699198e+00,3.805020213500786563e-01,-2.100247056888324831e-02,-3.446788096154544956e-01,9.565993324457686529e-10,-1.247118913516538585e+00,-3.805098320956145641e-01,8.478998328157154595e-06,7.348005356647610000e-04,-3.124777184583423309e-02,-2.178343840730287044e-09,3.198048094222146615e-02,6.725716691565494783e-06,7.455181253599039352e-06,1.695261740503566442e-03,-2.221652227832354720e-02,-1.967813730880175925e-09,2.390994514406215299e-02,5.913552236826039627e-06
1.627557579626601303e+00,3.805020457627224517e-01,-2.100035059978067054e-02,-3.447687557425371807e-01,9.503272497635629509e-10,-1.247026853442003258e+00,-3.805098127310012068e-01,8.500533500597364211e-06,7.396851459934506356e-04,-3.131160497779078566e-02,-2.184028158689447740e-09,3.204919337269956231e-02,6.742798686294866302e-06,7.523116153880146493e-06,1.702086075610844632e-03,-2.218071347741604540e-02,-1.985783246458536164e-09,2.388094392163264343e-02,5.967439108496516121e-06
1.630433123053503408e+00,3.805020702375735420e-01,-2.099821655655314395e-02,-3.448588852762731749e-01,9.440387469865266349e-10,-1.246934595902033704e+00,-3.805097933170442093e-01,8.522265223482476182e-06,7.445893814985250813e-04,-3.137533488685779332e-02,-2.189764460768407476e-09,3.211782215698391618e-02,6.760036587471907806e-06,7.591886630639480328e-06,1.708911433410367515e-03,-2.214472871212319616e-02,-2.003969884121949292e-09,2.385176755140697505e-02,6.021988774443410147e-06
1.633308666480405513e+00,3.805020947752006943e-01,-2.099606838276359827e-02,-3.449491979191137703e-01,9.377336737334015662e-10,-1.246842141137881832e+00,-3.805097738532923768e-01,8.544195903610396015e-06,7.495132449164823227e-04,-3.143896106782728683e-02,-2.195553372355048811e-09,3.218636679200941042e-02,6.777432304211975058e-06,7.661495503747194584e-06,1.715737671759947312e-03,-2.210856852867763497e-02,-2.022374368635675330e-09,2.382241643678005560e-02,6.077203471446211465e-06
1.636184209907307618e+00,3.805021193761792819e-01,-2.099390602196766695e-02,-3.450396933720598636e-01,9.314118778216108529e-10,-1.246749489392244170e+00,-3.805097543392892412e-01,8.566327955844785257e-06,7.544567385746587087e-04,-3.150248301706245341e-02,-2.201395520910199526e-09,3.225482677587090258e-02,6.794987752028349126e-06,7.731945563181553716e-06,1.722564648219894207e-03,-2.207223347356115917e-02,-2.040997416996863264e-09,2.379289098110579440e-02,6.133085412573624062e-06
1.639059753334209724e+00,3.805021440410920608e-01,-2.099172941771489803e-02,-3.451303713346664526e-01,9.250732052613353064e-10,-1.246656640909258762e+00,-3.805097347745727832e-01,8.588663803028733599e-06,7.594198643903737325e-04,-3.156590023249818827e-02,-2.207291535945198656e-09,3.232320160782301000e-02,6.812704852763756304e-06,7.803239568789949339e-06,1.729392220056181779e-03,-2.203572409350145617e-02,-2.059839738372687035e-09,2.376319158769713349e-02,6.189636786994007805e-06
1.641935296761111829e+00,3.805021687705284483e-01,-2.098953851354989214e-02,-3.452212315050468550e-01,9.187175002496465592e-10,-1.246563595934502500e+00,-3.805097151586751547e-01,8.611205875897788914e-06,7.644026238700897752e-04,-3.162921221364192736e-02,-2.213242048999293782e-09,3.239149078828004735e-02,6.830585534521390833e-06,7.875380250050864489e-06,1.736220244243627617e-03,-2.199904093546862366e-02,-2.078902034038721410e-09,2.373331865982570427e-02,6.246859759786551930e-06
1.644810840188013934e+00,3.805021935650850229e-01,-2.098733325301352717e-02,-3.453122735798776488e-01,9.123446051647100799e-10,-1.246470354714987128e+00,-3.805096954911234008e-01,8.633956612992277493e-06,7.694050181085788963e-04,-3.169241846157427184e-02,-2.219247693616862956e-09,3.245969381881589483e-02,6.848631731595356558e-06,7.948370305836869568e-06,1.743048577469078278e-03,-2.196218454667183545e-02,-2.098184997317597439e-09,2.370327260072182737e-02,6.304756471753293863e-06
1.647686383614916039e+00,3.805022184253652462e-01,-2.098511357964413099e-02,-3.454034972544028914e-01,9.059543605600509505e-10,-1.246376917499155468e+00,-3.805096757714387379e-01,8.656918460568972058e-06,7.744270477881000326e-04,-3.175551847894965418e-02,-2.225309105324454239e-09,3.252781020216388014e-02,6.866845384400607979e-06,8.022212404178632187e-06,1.749877076134599002e-03,-2.192515547455600039e-02,-2.117689313517911859e-09,2.367305381357438787e-02,6.363329039231919857e-06
1.650561927041818144e+00,3.805022433519796299e-01,-2.098287943697864019e-02,-3.454949022224388933e-01,8.995466051588877824e-10,-1.246283284536878533e+00,-3.805096559991368310e-01,8.680093872512058438e-06,7.794687131775850878e-04,-3.181851176999710151e-02,-2.231426921607656071e-09,3.259583944221664670e-02,6.885228439402314486e-06,8.096909182029916348e-06,1.756705596360671031e-03,-2.188795426679840048e-02,-2.137415659873392924e-09,2.364266270153069990e-02,6.422579553909349137e-06
1.653437470468720472e+00,3.805022683455460131e-01,-2.098063076855383527e-02,-3.455864881763784924e-01,8.931211758485328071e-10,-1.246189456079453084e+00,-3.805096361737277388e-01,8.703485310243422920e-06,7.845300141318313101e-04,-3.188139784052076292e-02,-2.237601781887786916e-09,3.266378104402604260e-02,6.903782849044715520e-06,8.172463245033560793e-06,1.763533993989382844e-03,-2.185058147130522835e-02,-2.157364705482329691e-09,2.361209966769634711e-02,6.482510082636122720e-06
1.656313013895622577e+00,3.805022934066890627e-01,-2.097836751790750284e-02,-3.456782548071957728e-01,8.866779076748598992e-10,-1.246095432379596524e+00,-3.805096162947159133e-01,8.727095242632322959e-06,7.896109500907103670e-04,-3.194417619790075602e-02,-2.243834327498423589e-09,3.273163451380306510e-02,6.922510571679453957e-06,8.248877167288600845e-06,1.770362124587647641e-03,-2.181303763620823580e-02,-2.177537111247285854e-09,2.358136511513505076e-02,6.543122667241657906e-06
1.659188557322524238e+00,3.805023185360405513e-01,-2.097608962857963263e-02,-3.457702018044504499e-01,8.802166338368399110e-10,-1.246001213691445342e+00,-3.805095963616001997e-01,8.750926145904280320e-06,7.947115200783742752e-04,-3.200684635109356246e-02,-2.250125201661731905e-09,3.279939935891757613e-02,6.941413571493325052e-06,8.326153491118347402e-06,1.777189843450397832e-03,-2.177532330986141004e-02,-2.197933529815074558e-09,2.355045944686864554e-02,6.604419324350307454e-06
1.662064100749426343e+00,3.805023437342395232e-01,-2.097379704411363177e-02,-3.458623288562928111e-01,8.737371856811415611e-10,-1.245906800270550008e+00,-3.805095763738737258e-01,8.774980503549443964e-06,7.998317227024861597e-04,-3.206940781063290224e-02,-2.256475049464659587e-09,3.286707508789837168e-02,6.960493818435575595e-06,8.404294726839643302e-06,1.784017005603815743e-03,-2.173743904083752856e-02,-2.218554605517029754e-09,2.351938306587688168e-02,6.666402045198312368e-06
1.664939644176328448e+00,3.805023690019321836e-01,-2.097148970805750093e-02,-3.459546356494673791e-01,8.672393926968074935e-10,-1.245812192373873417e+00,-3.805095563310239015e-01,8.799260806230183843e-06,8.049715561534461329e-04,-3.213186008863018472e-02,-2.262884517834925698e-09,3.293466121043293199e-02,6.979753288144605919e-06,8.483303352533046342e-06,1.790843465808538738e-03,-2.169938537792468619e-02,-2.239400974309518678e-09,2.348813637509726895e-02,6.729072795451506860e-06
1.667815187603230775e+00,3.805023943397716213e-01,-2.096916756396504516e-02,-3.460471218693184636e-01,8.607230825099937188e-10,-1.245717390259786228e+00,-3.805095362325325858e-01,8.823769551688074819e-06,8.101310182036337631e-04,-3.219420269877523721e-02,-2.269354255516856628e-09,3.300215723736733830e-02,6.999193961874196716e-06,8.563181813814255749e-06,1.797669078562892306e-03,-2.166116287012311015e-02,-2.260473263714785616e-09,2.345671977742508699e-02,6.792433515024023649e-06
1.670690731030132881e+00,3.805024197484185855e-01,-2.096683055539707782e-02,-3.461397871997941023e-01,8.541880808787799864e-10,-1.245622394188063975e+00,-3.805095160778759200e-01,8.848509244650221598e-06,8.153101062066602997e-04,-3.225643515633681152e-02,-2.275884913047050850e-09,3.306956268070616878e-02,7.018817826419193755e-06,8.643932523606578794e-06,1.804493698106115346e-03,-2.162277206664153101e-02,-2.281772092762054577e-09,2.342513367571316327e-02,6.856486117897795478e-06
1.673566274457034986e+00,3.805024452285406533e-01,-2.096447862592263137e-02,-3.462326313234506681e-01,8.476342116880537763e-10,-1.245527204419884404e+00,-3.805094958665242166e-01,8.873482396734912812e-06,8.205088170966259951e-04,-3.231855697816327783e-02,-2.282477142729870804e-09,3.313687705361236663e-02,7.038626874040679299e-06,8.725557861914479929e-06,1.811317178421592827e-03,-2.158421351689389714e-02,-2.303298071928921891e-09,2.339337847277174823e-02,6.921232491942935845e-06
1.676441817883937091e+00,3.805024707808126738e-01,-2.096211171912014393e-02,-3.463256539214575880e-01,8.410612969444589132e-10,-1.245431821217822810e+00,-3.805094755979420706e-01,8.898691526356644911e-06,8.257271473873908701e-04,-3.238056768268310348e-02,-2.289131598612767269e-09,3.320409987040708055e-02,7.058623102390636145e-06,8.808060175598385214e-06,1.818139373240097983e-03,-2.154548777049599198e-02,-2.325051803083068101e-09,2.336145457136853953e-02,6.986674498739117546e-06
1.679317361310839196e+00,3.805024964059171011e-01,-2.095972977857871178e-02,-3.464188546736015617e-01,8.344691567714232811e-10,-1.245336244845849594e+00,-3.805094552715883038e-01,8.924139158630495526e-06,8.309650931718515513e-04,-3.244246678990556076e-02,-2.295848936461442026e-09,3.327123064656961615e-02,7.078808514436083967e-06,8.891441778150459144e-06,1.824960136043030610e-03,-2.150659537726192644e-02,-2.347033879424227521e-09,2.332936237422839065e-02,7.052813973397693213e-06
1.682192904737741301e+00,3.805025221045431061e-01,-2.095733274789923772e-02,-3.465122332582917242e-01,8.278576094042498159e-10,-1.245240475569326932e+00,-3.805094348869161869e-01,8.949827825275841238e-06,8.362226501212289501e-04,-3.250425382142115016e-02,-2.302629813734832259e-09,3.333826889873721389e-02,7.099185118382710823e-06,8.975704949471716404e-06,1.831779320065664469e-03,-2.146753688720081862e-02,-2.369244885426499003e-09,2.329710228403331085e-02,7.119652724384914454e-06
1.685068448164643407e+00,3.805025478773877423e-01,-2.095492057069570091e-02,-3.466057893525634759e-01,8.212264711852867018e-10,-1.245144513655005669e+00,-3.805094144433729397e-01,8.975760064519450234e-06,8.414998134843664586e-04,-3.256592830040226649e-02,-2.309474889559945658e-09,3.340521414470505601e-02,7.119754927598023555e-06,9.060851935650172075e-06,1.838596778300402492e-03,-2.142831285051332094e-02,-2.391685396780933817e-09,2.326467470342236110e-02,7.187192533345958221e-06
1.687943991591545512e+00,3.805025737251547246e-01,-2.095249319059634338e-02,-3.466995226320833123e-01,8.145755565591637413e-10,-1.245048359371019986e+00,-3.805093939404001202e-01,9.001938420997939680e-06,8.467965780870355180e-04,-3.262748975160365689e-02,-2.316384824706516014e-09,3.347206590342601679e-02,7.140519960533939135e-06,9.146884948740272565e-06,1.845412363500028739e-03,-2.138892381758823041e-02,-2.414355980338449432e-09,2.323208003499148411e-02,7.255435154929950975e-06
1.690819535018447617e+00,3.805025996485557616e-01,-2.095005055124489826e-02,-3.467934327711537090e-01,8.079046780681097890e-10,-1.244952012986887402e+00,-3.805093733774334019e-01,9.028365445659585978e-06,8.521129383312505117e-04,-3.268893770136305221e-02,-2.323360281561504137e-09,3.353882369501058613e-02,7.161482240648929637e-06,9.233806166543424290e-06,1.852225928180968595e-03,-2.134937033899904010e-02,-2.437257194053027849e-09,2.319931868129341407e-02,7.324382316615892408e-06
1.693695078445349722e+00,3.805026256483093894e-01,-2.094759259630180406e-02,-3.468875194427170627e-01,8.012136463473356365e-10,-1.244855474773503001e+00,-3.805093527539026854e-01,9.055043695665520055e-06,8.574488881945948248e-04,-3.275027167760161811e-02,-2.330401924103431270e-09,3.360548704072678639e-02,7.182643796329632724e-06,9.321617732389833559e-06,1.859037324626555470e-03,-2.130965296550053900e-02,-2.460389586925260117e-09,2.316639104483759343e-02,7.394035718539605759e-06
1.696570621872251827e+00,3.805026517251418050e-01,-2.094511926944542940e-02,-3.469817823183609651e-01,7.945022701204945482e-10,-1.244758745003137212e+00,-3.805093320692320980e-01,9.081975734290289093e-06,8.628044212295552526e-04,-3.281149120982449624e-02,-2.337510417876554509e-09,3.367205546299997798e-02,7.204006660811987799e-06,9.410321754921537393e-06,1.865846404890300105e-03,-2.126977224802545363e-02,-2.483753698946197305e-09,2.313329752809013817e-02,7.464397033321630044e-06
1.699446165299154154e+00,3.805026778797863662e-01,-2.094263051437328729e-02,-3.470762210683219218e-01,7.877703561952212769e-10,-1.244661823949431589e+00,-3.805093113228398272e-01,9.109164130821801605e-06,8.681795305628647571e-04,-3.287259582912133160e-02,-2.344686429964878444e-09,3.373852848541280397e-02,7.225572872101852076e-06,9.499920307876588002e-06,1.872653020799157700e-03,-2.122972873768084676e-02,-2.507350061041496378e-09,2.310003853347356029e-02,7.535467905896027915e-06
1.702321708726056260e+00,3.805027041129840915e-01,-2.094012627480328417e-02,-3.471708353614905707e-01,7.810177094587350813e-10,-1.244564711887396147e+00,-3.805092905141381210e-01,9.136611460460642320e-06,8.735742088948572582e-04,-3.293358506816669584e-02,-2.351930628966005083e-09,3.380490563270496795e-02,7.247344472895154173e-06,9.590415429874626390e-06,1.879457023956807851e-03,-2.118952298574482834e-02,-2.531179195015935813e-09,2.306661446336679550e-02,7.607249953340311610e-06
1.705197252152958365e+00,3.805027304254831044e-01,-2.093760649447490990e-02,-3.472656248654159561e-01,7.742441328735328032e-10,-1.244467409093405363e+00,-3.805092696425334542e-01,9.164320304218794155e-06,8.789884484988289308e-04,-3.299445846122067011e-02,-2.359243684964829510e-09,3.387118643077323410e-02,7.269323510497547107e-06,9.681809124203602848e-06,1.886258265746939026e-03,-2.114915554366311734e-02,-2.555241613498218252e-09,2.303302572010512347e-02,7.679744764706251513e-06
1.708072795579860470e+00,3.805027568180391895e-01,-2.093507111715051452e-02,-3.473605892463101918e-01,7.674494274731440877e-10,-1.244369915845196628e+00,-3.805092487074264174e-01,9.192293248817731672e-06,8.844222412204113181e-04,-3.305521554412928914e-02,-2.366626269507076306e-09,3.393737040667120508e-02,7.291512036743575942e-06,9.774103358607823906e-06,1.893056597336527629e-03,-2.110862696304553754e-02,-2.579537819886129257e-09,2.299927270597996662e-02,7.752953900851757051e-06
1.710948339006762575e+00,3.805027832914155694e-01,-2.093252008661648442e-02,-3.474557281690530686e-01,7.606333923579713875e-10,-1.244272232421864688e+00,-3.805092277082116059e-01,9.220532886585894523e-06,8.898755784769525785e-04,-3.311585585432495066e-02,-2.374079055572671369e-09,3.400345708860920413e-02,7.313912107915359234e-06,9.867300065077266429e-06,1.899851869679126167e-03,-2.106793779566259670e-02,-2.604068308292012866e-09,2.296535582323884495e-02,7.826878894273757941e-06
1.713823882433664680e+00,3.805028098463827946e-01,-2.092995334668452251e-02,-3.475510412971962726e-01,7.537958246912054489e-10,-1.244174359103859206e+00,-3.805092066442779530e-01,9.249041815355598455e-06,8.953484512569077295e-04,-3.317637893082696354e-02,-2.381602717548968972e-09,3.406944600595423339e-02,7.336525784660804618e-06,9.961401139638204635e-06,1.906643933518161610e-03,-2.102708859344215239e-02,-2.628833563488596645e-09,2.293127547408536568e-02,7.901521248942120512e-06
1.716699425860566786e+00,3.805028364837190202e-01,-2.092737084119284177e-02,-3.476465282929684375e-01,7.469365196948143130e-10,-1.244076296172982099e+00,-3.805091855150078972e-01,9.277822638359307656e-06,9.008408501192411441e-04,-3.323678431424194335e-02,-2.389197931203817103e-09,3.413533668922973802e-02,7.359355131911341572e-06,1.005640844214512628e-05,1.913432639390226161e-03,-2.098607990846580035e-02,-2.653834060855150502e-09,2.289703206067894917e-02,7.976882440134601643e-06
1.719574969287468891e+00,3.805028632042096737e-01,-2.092477251400744545e-02,-3.477421888172792519e-01,7.400552706456156552e-10,-1.243978043912383313e+00,-3.805091643197786588e-01,9.306877964125309096e-06,9.063527651928333841e-04,-3.329707154676422864e-02,-2.396865373658463170e-09,3.420112867011554370e-02,7.382402218799164610e-06,1.015232379607394821e-05,1.920217837628376487e-03,-2.094491229296551599e-02,-2.679070266323975543e-09,2.286262598513486358e-02,8.052963914272808968e-06
1.722450512714370996e+00,3.805028900086481203e-01,-2.092215830902332402e-02,-3.478380225297245110e-01,7.331518688714189186e-10,-1.243879602606557944e+00,-3.805091430579608525e-01,9.336210406372841375e-06,9.118841861759045125e-04,-3.335724017217635978e-02,-2.404605723360321142e-09,3.426682148144768320e-02,7.405669118574038553e-06,1.024914898831670232e-05,1.926999378365441828e-03,-2.090358629932029949e-02,-2.704542636327284190e-09,2.282805764952415550e-02,8.129767088759348636e-06
1.725326056141273101e+00,3.805029168978348308e-01,-2.091952817016571459e-02,-3.479340290885902243e-01,7.262261037472579194e-10,-1.243780972541342011e+00,-3.805091217289196526e-01,9.365822583906574750e-06,9.174351023354395751e-04,-3.341728973584946055e-02,-2.412419660055570784e-09,3.433241465721833391e-02,7.429157908519617598e-06,1.034688576897733968e-05,1.933777111537326922e-03,-2.086210248005256063e-02,-2.730251617744365257e-09,2.279332745587348344e-02,8.207293351815865827e-06
1.728201599568175206e+00,3.805029438725779367e-01,-2.091688204139133950e-02,-3.480302081508573897e-01,7.192777626916906614e-10,-1.243682154003910911e+00,-3.805091003320137943e-01,9.395717120510545665e-06,9.230055025066298026e-04,-3.347721978474368920e-02,-2.420307864761615431e-09,3.439790773257563744e-02,7.452870669869291753e-06,1.044553585116908124e-05,1.940550886886324451e-03,-2.082046138782477074e-02,-2.756197647849149390e-09,2.275843580616502757e-02,8.285544062322276212e-06
1.731077142995077311e+00,3.805029709336887889e-01,-2.091421986669727423e-02,-3.481265593722142060e-01,7.123066323005873675e-10,-1.243583147282774082e+00,-3.805090788665999035e-01,9.425874896842925926e-06,9.285953373105562724e-04,-3.353702990435018794e-02,-2.428265383364780922e-09,3.446330024834781680e-02,7.476792236821442741e-06,1.047323865343580891e-05,1.947195711086516148e-03,-2.077878564219672736e-02,-2.763756792057687821e-09,2.272339805175117855e-02,8.307518126071849123e-06
1.733952686421979639e+00,3.805029980811676094e-01,-2.091154159153683217e-02,-3.482230824084434073e-01,7.053127093834842910e-10,-1.243483952667601367e+00,-3.805090573326777026e-01,9.455642285984165585e-06,9.342034546273302346e-04,-3.359672075954607540e-02,-2.436122817983973707e-09,3.452859187851559097e-02,7.500404140852949040e-06,1.023010359061450567e-05,1.953364170260813229e-03,-2.073741533728814049e-02,-2.701123898692426675e-09,2.268825617785024187e-02,8.114658767624505141e-06
1.736828229848881744e+00,3.805030253132345441e-01,-2.090884716450409214e-02,-3.483197769170728875e-01,6.982964520770915291e-10,-1.243384570449020510e+00,-3.805090357316591176e-01,9.484706270852497252e-06,9.398292936208019243e-04,-3.365629243823943517e-02,-2.443799045721703053e-09,3.459378222735962766e-02,7.523458091235825581e-06,9.984005338451119716e-06,1.959521476728303194e-03,-2.069589601125202544e-02,-2.637723373294957943e-09,2.265295486101466874e-02,7.919448954987056238e-06
1.739703773275783849e+00,3.805030526278547764e-01,-2.090613653468593666e-02,-3.484166425547903234e-01,6.912583846256521671e-10,-1.243285000918928906e+00,-3.805090140651580799e-01,9.513058321430255815e-06,9.454728219838503872e-04,-3.371574451272841416e-02,-2.451291856814781544e-09,3.465887083697496290e-02,7.545947321809214685e-06,9.734937490464163896e-06,1.965667465644738415e-03,-2.065422823081386125e-02,-2.573553548730723987e-09,2.261749450470590395e-02,7.721883606432105131e-06
1.742579316702685954e+00,3.805030800229686760e-01,-2.090340965126284353e-02,-3.485136789770554300e-01,6.841990376345309779e-10,-1.243185244370538678e+00,-3.805089923348083936e-01,9.540689889439790561e-06,9.511340069354588984e-04,-3.377507655694055033e-02,-2.458599036748093311e-09,3.472385725061665623e-02,7.567865051928144356e-06,9.482893753047358436e-06,1.971801972250944272e-03,-2.061241256256574061e-02,-2.508612787100637143e-09,2.258187551230926224e-02,7.521957729766882896e-06
1.745454860129588059e+00,3.805031074964921323e-01,-2.090066646351021462e-02,-3.486108858381055109e-01,6.771189480837605386e-10,-1.243085301098374673e+00,-3.805089705422631807e-01,9.567592408668969766e-06,9.568128152209663890e-04,-3.383428814643251598e-02,-2.465718366338908554e-09,3.478874101269964492e-02,7.589204486721703071e-06,9.227867946102449236e-06,1.977924831877583573e-03,-2.057044957296134263e-02,-2.442899479905177465e-09,2.254609828713344949e-02,7.319666422835178663e-06
1.748330403556490165e+00,3.805031350463165540e-01,-2.089790692079976364e-02,-3.487082627909593446e-01,6.700186593413360910e-10,-1.242985171398268918e+00,-3.805089486891950479e-01,9.593757295298472535e-06,9.625092131123339423e-04,-3.389337885838961117e-02,-2.472647621821650111e-09,3.485352166879845948e-02,7.609958817352673167e-06,8.969854003667475928e-06,1.984035879949919232e-03,-2.052833982831117621e-02,-2.376412048207309256e-09,2.251016323241045516e-02,7.115004874015722795e-06
1.751205946983392270e+00,3.805031626703083703e-01,-2.089513097260089006e-02,-3.488058094874223469e-01,6.628987211762769301e-10,-1.242884855567359725e+00,-3.805089267772964745e-01,9.619175948230886515e-06,9.682231664084215914e-04,-3.395234827162538910e-02,-2.479384574933136906e-09,3.491819876564707104e-02,7.630121221278571153e-06,8.708845974541011445e-06,1.990134951992565248e-03,-2.048608389477776445e-02,-2.309148942794359073e-09,2.247407075129535109e-02,6.907968362717335240e-06
1.754081490410294375e+00,3.805031903663093629e-01,-2.089233856848199747e-02,-3.489035255780912337e-01,6.557596897714328145e-10,-1.242784353904085703e+00,-3.805089048082792025e-01,9.643839749421603006e-06,9.739546404352811618e-04,-3.401119596658117722e-02,-2.485926992998289371e-09,3.498277185113858601e-02,7.649684862514107640e-06,8.444838022901749673e-06,1.996221883634234206e-03,-2.044368233837070767e-02,-2.241108644338677362e-09,2.243782124686588553e-02,6.698552259870378287e-06
1.756957033837196480e+00,3.805032181321365559e-01,-2.088952965811188139e-02,-3.490014107123585729e-01,6.486021277360480127e-10,-1.242683666708185308e+00,-3.805088827838748466e-01,9.667740064211485763e-06,9.797036000464647270e-04,-3.406992152532568874e-02,-2.492272639016293956e-09,3.504724047432509343e-02,7.668642891895091469e-06,8.177824428923741062e-06,2.002296510612476110e-03,-2.040113572494191285e-02,-2.172289663557190432e-09,2.240141512212237909e-02,6.486752028414801701e-06
1.759832577264098585e+00,3.805032459655820487e-01,-2.088670419126108235e-02,-3.490994645384173367e-01,6.414266041180739897e-10,-1.242582794280691516e+00,-3.805088607058348948e-01,9.690868241661301631e-06,9.854700096233420629e-04,-3.412852453155454380e-02,-2.498419271747226721e-09,3.511160418541740824e-02,7.686988447343676384e-06,7.907799589387149122e-06,2.008358668778411141e-03,-2.035844462018082321e-02,-2.102690541369773697e-09,2.236485277998748189e-02,6.272563223784575264e-06
1.762708120691000691e+00,3.805032738644130719e-01,-2.088386211780324936e-02,-3.491976867032657861e-01,6.342336944162383861e-10,-1.242481736923928493e+00,-3.805088385759303193e-01,9.713215614887887587e-06,9.912538330754333896e-04,-3.418700457058974213e-02,-2.504364645799129404e-09,3.517586253578484229e-02,7.704714654135041732e-06,7.634758018284636222e-06,2.014408194101450708e-03,-2.031560958960951235e-02,-2.032309849056505736e-09,2.232813462330584739e-02,6.055981494388706082e-06
1.765583664117903018e+00,3.805033018263719313e-01,-2.088100338771648259e-02,-3.492960768527123561e-01,6.270239805918532279e-10,-1.242380494941509372e+00,-3.805088163959519654e-01,9.734773501402086400e-06,9.970550338407597850e-04,-3.424536122937928834e-02,-2.510106511715535051e-09,3.524001507795503779e-02,7.721814625165424184e-06,7.358694347422936558e-06,2.020444922674019799e-03,-2.027263119857793811e-02,-1.961146188413667122e-09,2.229126105484397977e-02,5.837002582088402736e-06
1.768459207544805123e+00,3.805033298491758420e-01,-2.087812795108468303e-02,-3.493946346313797080e-01,6.197980510803807726e-10,-1.242279068638332484e+00,-3.805087941677106067e-01,9.755533203448357705e-06,1.002873574886199238e-03,-3.430359409649657437e-02,-2.515642616063441156e-09,3.530406136561362734e-02,7.738281461221523333e-06,7.079603327020157529e-06,2.026468690716255478e-03,-2.022951001225919976e-02,-1.889198191908641976e-09,2.225423247729000492e-02,5.615622322670875023e-06
1.771334750971707228e+00,3.805033579305173164e-01,-2.087523575809895060e-02,-3.494933596827099476e-01,6.125565008027369324e-10,-1.242177458320576910e+00,-3.805087718930366680e-01,9.775486008346157701e-06,1.008709418707865249e-03,-3.436170276213991459e-02,-2.520970701521730721e-09,3.536800095360413676e-02,7.754108251251286277e-06,6.797479826298215752e-06,2.032479334580718829e-03,-2.018624659564465657e-02,-1.816464522833548160e-09,2.221704929325340680e-02,5.391836646319261053e-06
1.774210294398609333e+00,3.805033860680632207e-01,-2.087232675905887139e-02,-3.495922516489691767e-01,6.052999311763480939e-10,-1.242075664295701598e+00,-3.805087495737806691e-01,9.794623188832965468e-06,1.014562527331489558e-03,-3.441968681813202535e-02,-2.526088506970023448e-09,3.543183339792765896e-02,7.769288072635983065e-06,6.512318834070863435e-06,2.038476690757076541e-03,-2.014284151353923358e-02,-1.742943875457732774e-09,2.217971190526482964e-02,5.165641578079055264e-06
1.777085837825511438e+00,3.805034142594557744e-01,-2.086940090437391926e-02,-3.496913101712518790e-01,5.980289501259457218e-10,-1.241973686872439364e+00,-3.805087272118130026e-01,9.812936003409021988e-06,1.020432862312827199e-03,-3.447754585791945603e-02,-2.530993767577976916e-09,3.549555825574270129e-02,7.783813991463693312e-06,6.224115459326902740e-06,2.044460595876794635e-03,-2.009929533055663728e-02,-1.668634975179021726e-09,2.214222071577586284e-02,4.937033238320734099e-06
1.779961381252413544e+00,3.805034425023118838e-01,-2.086645814456480549e-02,-3.497905348894860822e-01,5.907441720941059842e-10,-1.241871526360795119e+00,-3.805087048090238788e-01,9.830415696683736127e-06,1.026320384738069148e-03,-3.453527947657207553e-02,-2.535684214895007138e-09,3.555917508536490801e-02,7.797679062804053191e-06,5.932864931808708448e-06,2.050430886717807474e-03,-2.005560861111460244e-02,-1.593536578673744851e-09,2.210457612715879816e-02,4.706007843198641186e-06
1.782836924679315649e+00,3.805034707942233085e-01,-2.086349843026477982e-02,-3.498899254424374661e-01,5.834462180515294359e-10,-1.241769183072042537e+00,-3.805086823673235474e-01,9.847053499723740639e-06,1.032225055224270365e-03,-3.459288727078246861e-02,-2.540157576940453321e-09,3.562268344626684513e-02,7.810876330984345824e-06,5.638562602586030090e-06,2.056387400209188938e-03,-2.001178191943018408e-02,-1.517647474045551082e-09,2.206677854170645964e-02,4.472561705106138800e-06
1.785712468106217754e+00,3.805034991327564398e-01,-2.086052171222105289e-02,-3.499894814677145805e-01,5.761357155070635526e-10,-1.241666657318719835e+00,-3.805086598886424087e-01,9.862840630402574472e-06,1.038146833919790851e-03,-3.465036883886532526e-02,-2.544411578294150000e-09,3.568608289907778536e-02,7.823398829866891015e-06,5.341203944625057491e-06,2.062329973435806686e-03,-1.996781581951497311e-02,-1.440966480972984920e-09,2.202882836163194691e-02,4.236691233127008660e-06
1.788588011533119859e+00,3.805035275154525776e-01,-2.085752794129607651e-02,-3.500892026017730640e-01,5.688132985174614976e-10,-1.241563949414627999e+00,-3.805086373749308470e-01,9.877768293752043889e-06,1.044085680504750141e-03,-3.470772378075687864e-02,-2.548443940187443796e-09,3.574937300558343745e-02,7.835239583127730957e-06,5.040784553352632795e-06,2.068258443642976424e-03,-1.992371087517045419e-02,-1.363492450855814885e-09,2.199072598906847906e-02,3.998392933482985178e-06
1.791463554960021964e+00,3.805035559398275424e-01,-2.085451706846891753e-02,-3.501890884799205295e-01,5.614796076968794990e-10,-1.241461059674825007e+00,-3.805086148281592862e-01,9.891827682315153998e-06,1.050041554191496768e-03,-3.476495169801431528e-02,-2.552252380594612584e-09,3.581255332872578662e-02,7.846391604536591554e-06,4.737300147215650511e-06,2.074172648241101417e-03,-1.987946764998322485e-02,-1.285224266960105903e-09,2.195247182606915523e-02,3.757663409977478322e-06
1.794339098386924070e+00,3.805035844033720083e-01,-2.085148904483662136e-02,-3.502891387363212816e-01,5.541352902261100471e-10,-1.241357988415624725e+00,-3.805085922503180784e-01,9.905009976500653022e-06,1.056014413725089212e-03,-3.482205219381512978e-02,-2.555834614324704468e-09,3.587562343260281006e-02,7.856847898238112607e-06,4.430746568235504102e-06,2.080072424810302471e-03,-1.983508670732031867e-02,-1.206160844562019281e-09,2.191406627460671525e-02,3.514499364435389547e-06
1.797214641813826397e+00,3.805036129035510584e-01,-2.084844382161551296e-02,-3.503893530040007032e-01,5.467809998615521506e-10,-1.241254735954593125e+00,-3.805085696434181708e-01,9.917306344939182550e-06,1.062004217383789211e-03,-3.487902487295645865e-02,-2.559188353113794052e-09,3.593858288246826183e-02,7.866601459034351941e-06,4.121119782557822226e-06,2.085957611105046169e-03,-1.979056861032459091e-02,-1.126301131090382036e-09,2.187550973657347020e-02,3.268897597139146146e-06
1.800090185240728502e+00,3.805036414378044629e-01,-2.084538135014257429e-02,-3.504897309148502504e-01,5.394173969439150348e-10,-1.241151302610544072e+00,-3.805085470094901612e-01,9.928707944840957529e-06,1.068010922979570256e-03,-3.493586934185443499e-02,-2.562311305717636193e-09,3.600143124473142303e-02,7.875645272668502475e-06,3.808415880997085088e-06,2.091828045058747969e-03,-1.974591392190992722e-02,-1.045644106267939155e-09,2.183680261378096593e-02,3.020855007260724476e-06
1.802965728667630607e+00,3.805036700035466235e-01,-2.084230158187676610e-02,-3.505902720996317834e-01,5.320451484066542461e-10,-1.241047688703537100e+00,-3.805085243505851866e-01,9.939205922355074250e-06,1.074034487858639957e-03,-3.499258520854359178e-02,-2.565201178004735803e-09,3.606416808695689369e-02,7.883972316109901868e-06,3.492631079576376279e-06,2.097683564788386992e-03,-1.970112320475665008e-02,-9.641887822513367501e-10,2.179794530795984772e-02,2.770368593289772171e-06
1.805841272094532712e+00,3.805036985981663511e-01,-2.083920446840036717e-02,-3.506909761879824505e-01,5.246649277841364421e-10,-1.240943894554872973e+00,-3.805085016687743682e-01,9.948791412930282010e-06,1.080074868901973687e-03,-3.504917208267609857e-02,-2.567855673049808515e-09,3.612679297786436372e-02,7.891575557840207686e-06,3.173761720062004563e-06,2.103524008599095673e-03,-1.965619702130692523e-02,-8.819342037697830682e-10,2.175893822075974926e-02,2.517435453457686622e-06
1.808716815521434818e+00,3.805037272190270325e-01,-2.083608996142032044e-02,-3.507918428084192963e-01,5.172774152195449630e-10,-1.240839920487091241e+00,-3.805084789661491995e-01,9.957455541677359052e-06,1.086132022525861020e-03,-3.510562957552109536e-02,-2.570272491227644581e-09,3.618930548732834235e-02,7.898447958140832946e-06,2.851804270493395829e-06,2.109349214988742033e-03,-1.961113593375997041e-02,-7.988794482624837207e-10,2.171978175374894224e-02,2.262052786157943644e-06
1.811592358948336923e+00,3.805037558634663530e-01,-2.083295801276956530e-02,-3.508928715883437577e-01,5.098832974725018878e-10,-1.240735766823966690e+00,-3.805084562448214913e-01,9.965189423732952184e-06,1.092205904682469085e-03,-3.516195729996401953e-02,-2.572449330307364038e-09,3.625170518637795686e-02,7.904582469381553960e-06,2.526755325707540316e-06,2.115159022652510646e-03,-1.956594050406754853e-02,-7.150236260146587157e-10,2.168047630841429124e-02,2.004217890362079168e-06
1.814467902375239028e+00,3.805037845287967402e-01,-2.082980857440836289e-02,-3.509940621540466599e-01,5.024832679264271497e-10,-1.240631433890506230e+00,-3.805084335069229828e-01,9.971984164624951211e-06,1.098296470860415236e-03,-3.521815487050587029e-02,-2.574383885547059821e-09,3.631399164719674444e-02,7.909972036310327742e-06,2.198611607858599895e-06,2.120953270487465400e-03,-1.952061129392935329e-02,-6.303658802923168557e-10,2.164102228616105600e-02,1.743928166031860129e-06
1.817343445802141133e+00,3.805038132123046979e-01,-2.082664159842563881e-02,-3.510954141307123799e-01,4.950780265956246825e-10,-1.240526922012945121e+00,-3.805084107546060634e-01,9.977830860639316885e-06,1.104403676085353395e-03,-3.527422190326243157e-02,-2.576073849788827577e-09,3.637616444312233299e-02,7.914609596344280009e-06,1.867369966932413664e-06,2.126731797597099238e-03,-1.947514886478830462e-02,-5.449053874757020980e-10,2.160142008831264157e-02,1.481181114527411626e-06
1.820218989229043238e+00,3.805038419112514170e-01,-2.082345703704030493e-02,-3.511969271424238981e-01,4.876682801320879453e-10,-1.240422231518743201e+00,-3.805083879900433841e-01,9.982720599188419958e-06,1.110527474920574697e-03,-3.533015801596360583e-02,-2.577516913554178469e-09,3.643822314864630235e-02,7.918488079861855317e-06,1.533027381255632518e-06,2.132494443295887381e-03,-1.942955377782606269e-02,-4.586413571913452873e-10,2.156167011611049428e-02,1.215974339011045805e-06
1.823094532655945343e+00,3.805038706228721090e-01,-2.082025484260260212e-02,-3.512986008121671277e-01,4.802547418320390958e-10,-1.240317362736582663e+00,-3.805083652154277463e-01,9.986644459180796474e-06,1.116667821467620713e-03,-3.538596282795258147e-02,-2.578710765139825036e-09,3.650016733941383040e-02,7.921600410496137796e-06,1.195580957999904918e-06,2.138241047113813211e-03,-1.938382659395838578e-02,-3.715730324428440995e-10,2.152177277071389352e-02,9.483055448472151471e-07
1.825970076082847449e+00,3.805038993443766726e-01,-2.081703496759539779e-02,-3.514004347618359114e-01,4.728381316421860946e-10,-1.240212315996365389e+00,-3.805083424329725461e-01,9.989593511392387063e-06,1.122824669366911422e-03,-3.544163596018513190e-02,-2.579653090713850450e-09,3.656199659222360288e-02,7.923939505429308596e-06,8.550279336807128071e-07,2.143971448800901115e-03,-1.933796787383062349e-02,-2.836996897402456700e-10,2.148172845319985466e-02,6.781725399981785015e-07
1.828845619509749554e+00,3.805039280729490825e-01,-2.081379736463555633e-02,-3.515024286122362951e-01,4.654191761657098382e-10,-1.240107091629206737e+00,-3.805083196449113858e-01,9.991558818839182311e-06,1.128997971798380122e-03,-3.549717703522878298e-02,-2.580341574412241325e-09,3.662371048502748028e-02,7.925498275688234982e-06,5.113656746512062188e-07,2.149685488331726322e-03,-1.929197817781308499e-02,-1.950206392281424386e-10,2.144153756456287224e-02,4.055732354157309507e-07
1.831721162936651881e+00,3.805039568057477228e-01,-2.081054198647521239e-02,-3.516045819830913577e-01,4.579986086679573332e-10,-1.240001689967435095e+00,-3.805082968534983512e-01,9.992531437151236934e-06,1.135187681482131318e-03,-3.555258567726200802e-02,-2.580773898435779101e-09,3.668530859693024809e-02,7.926269626441157168e-06,1.645916775901094995e-07,2.155383005909912615e-03,-1.924585806599653226e-02,-1.055352248122262346e-10,2.140120050571480206e-02,1.305056454282233299e-07
1.834596706363553986e+00,3.805039855399051651e-01,-2.080726878600313440e-02,-3.517068944930458740e-01,4.505771690818806674e-10,-1.239896111344587437e+00,-3.805082740610079006e-01,9.992502414948186586e-06,1.141393750679100573e-03,-3.560786151207348538e-02,-2.580947743147316071e-09,3.674679050818947107e-02,7.926246457295547463e-06,-1.852964300146110190e-07,2.161063841972634368e-03,-1.919960809818772179e-02,-1.524282428474820711e-11,2.136071767748476749e-02,-1.470321118757996105e-07
1.837472249790456091e+00,3.805040142725282792e-01,-2.080397771624602210e-02,-3.518093657596706447e-01,4.431556040131702856e-10,-1.239790356095405111e+00,-3.805082512697348651e-01,9.991462794216028447e-06,1.147616131191735167e-03,-3.566300416706115473e-02,-2.580860787169381866e-09,3.680815580021511851e-02,7.925421662596970589e-06,-5.383008893884617420e-07,2.166727837195087797e-03,-1.915322883390475905e-02,7.585715055167808618e-11,2.132008948061888537e-02,-4.270418142689987715e-07
1.840347793217358197e+00,3.805040430006982333e-01,-2.080066873036981456e-02,-3.519119953994677696e-01,4.357346667451257912e-10,-1.239684424555833386e+00,-3.805082284819947258e-01,9.989403610685368862e-06,1.153854774364685386e-03,-3.571801327123153708e-02,-2.580510707482171273e-09,3.686940405556948103e-02,7.923788131729131559e-06,-8.944238099977952145e-07,2.172374832494966546e-03,-1.910672083237262633e-02,1.677652537614767251e-10,2.127931631578014807e-02,-7.095251350103405342e-07
1.843223336644260302e+00,3.805040717214702717e-01,-2.079734178168103978e-02,-3.520147830278743672e-01,4.283151172432352696e-10,-1.239578317063014135e+00,-3.805082057001231699e-01,9.986315894210934767e-06,1.160109631085505782e-03,-3.577288845519875637e-02,-2.579895179521861262e-09,3.693053485796680968e-02,7.921338749414904404e-06,-1.253667169082772248e-06,2.178004669036923396e-03,-1.906008465251885983e-02,2.604820051549611748e-10,2.123839858354845817e-02,-9.944836424746485951e-07
1.846098880071162407e+00,3.805041004318738262e-01,-2.079399682362808796e-02,-3.521177282592680147e-01,4.208977221594688726e-10,-1.239472033955285823e+00,-3.805081829264764237e-01,9.982190669152482703e-06,1.166380651785376386e-03,-3.582762935118373460e-02,-2.579011877279284130e-09,3.699154779227314255e-02,7.918066396018473912e-06,-1.616032811196094035e-06,2.183617188237011158e-03,-1.901332085296879651e-02,3.540078901686770267e-10,2.119733668442016009e-02,-1.281918799786695897e-06
1.848974423498064512e+00,3.805041291289127381e-01,-2.079063380980255074e-02,-3.522208307069709665e-01,4.134832548362988646e-10,-1.239365575572179079e+00,-3.805081601634312527e-01,9.977018954756986863e-06,1.172667786439825872e-03,-3.588223559301326193e-02,-2.577858473398938528e-09,3.705244244450598551e-02,7.913963947848492105e-06,-1.981522447746459862e-06,2.189212231767117926e-03,-1.896642999204131708e-02,4.483433597469733094e-10,2.115613101880816846e-02,-1.571831964459098889e-06
1.851849966924966617e+00,3.805041578095647026e-01,-2.078725269394052916e-02,-3.523240899832546513e-01,4.060724953104281908e-10,-1.239258942254412688e+00,-3.805081374133849059e-01,9.970791765542199328e-06,1.178970984569478568e-03,-3.593670681611925433e-02,-2.576432639278355369e-09,3.711321840183422899e-02,7.909024277462335862e-06,-2.350137656547987932e-06,2.194789641559407103e-03,-1.891941262774434265e-02,5.434888302251138031e-10,2.111478198704173220e-02,-1.864224388034873864e-06
1.854725510351868722e+00,3.805041864707818244e-01,-2.078385342992391041e-02,-3.524275056993447786e-01,3.986662303162271542e-10,-1.239152134343891598e+00,-3.805081146787550050e-01,9.963500111681362263e-06,1.185290195240805812e-03,-3.599104265753764326e-02,-2.574732045167761917e-09,3.717387525257771774e-02,7.903240253971259010e-06,-2.721879881375184254e-06,2.200349259810708419e-03,-1.887226931777039388e-02,6.394446832138301300e-10,2.107328998936634085e-02,-2.159097215734459687e-06
1.857601053778770828e+00,3.805042151094902292e-01,-2.078043597178171747e-02,-3.525310774654253909e-01,3.912652532888953133e-10,-1.239045152183701815e+00,-3.805080919619798774e-01,9.955134999389370242e-06,1.191625367066896819e-03,-3.604524275590764021e-02,-2.572754360270118948e-09,3.723441258620714678e-02,7.896604743346698072e-06,-3.096750431523091987e-06,2.205890928986934969e-03,-1.882500061949208409e-02,7.362112654852146701e-10,2.103165542594345044e-02,-2.456451486106809684e-06
1.860476597205672933e+00,3.805042437225903407e-01,-2.077700027369138586e-02,-3.526348048906438604e-01,3.838703643673235791e-10,-1.238937996118109286e+00,-3.805080692655182784e-01,9.945687431310023543e-06,1.197976448208234969e-03,-3.609930675147069584e-02,-2.570497252841447416e-09,3.729482999334373522e-02,7.889110608727458929e-06,-3.474750481373281921e-06,2.211414491827467729e-03,-1.877760708995791783e-02,8.337888888601249432e-10,2.098987869685061541e-02,-2.756288130685121871e-06
1.863352140632575260e+00,3.805042723069563815e-01,-2.077354628998006117e-02,-3.527386875831153845e-01,3.764823703966777583e-10,-1.238830666492554800e+00,-3.805080465918495025e-01,9.935148406904658727e-06,1.204343386373493609e-03,-3.615323428606966732e-02,-2.567958390291508741e-09,3.735512706575910141e-02,7.880750710727980909e-06,-3.855881069965197056e-06,2.216919791349536602e-03,-1.873008928588766608e-02,9.321778300969799286e-10,2.094796020208113466e-02,-3.058607973646838241e-06
1.866227684059477365e+00,3.805043008594369280e-01,-2.077007397512590364e-02,-3.528427251499273720e-01,3.691020849306799176e-10,-1.238723163653651760e+00,-3.805080239434731615e-01,9.923508922841866800e-06,1.210726128820339888e-03,-3.620702500314773586e-02,-2.565135439284764686e-09,3.741530339637483271e-02,7.871517907747471626e-06,-4.240143100573449278e-06,2.222406670852574567e-03,-1.868244776366811272e-02,1.031378330782093080e-09,2.090590034154401339e-02,-3.363411731478322204e-06
1.869103227486379470e+00,3.805043293768546331e-01,-2.076658328375938223e-02,-3.529469171971444386e-01,3.617303282336142966e-10,-1.238615487949182858e+00,-3.805080013229098501e-01,9.910759973388566632e-06,1.217124622356251153e-03,-3.626067854774753935e-02,-2.562026065841692917e-09,3.747535857926239528e-02,7.861405056280103997e-06,-4.627537340290145720e-06,2.227874973922587456e-03,-1.863468307934870033e-02,1.131390597221314355e-09,2.086369951506390763e-02,-3.670700012643584849e-06
1.871978770913281576e+00,3.805043578560062256e-01,-2.076307417066458258e-02,-3.530512633298128478e-01,3.543679272820241138e-10,-1.238507639728094967e+00,-3.805079787327002583e-01,9.896892550802142247e-06,1.223538813339350006e-03,-3.631419456651018701e-02,-2.558627935440378020e-09,3.753529220964288426e-02,7.850405011226075540e-06,-5.018064419613644102e-06,2.233324544436482949e-03,-1.858679578863716569e-02,1.232214800333334459e-09,2.082135812238097156e-02,-3.980473317258062910e-06
1.874854314340183681e+00,3.805043862936625110e-01,-2.075954659078046993e-02,-3.531557631519647300e-01,3.470157157661351962e-10,-1.238399619340498914e+00,-3.805079561754060036e-01,9.881897645723854054e-06,1.229968647679239354e-03,-3.636757270767423944e-02,-2.554938713118432974e-09,3.759510388388670465e-02,7.838510626203665476e-06,-5.411724832042133616e-06,2.238755226566403918e-03,-1.853878644689508845e-02,1.333851075544229455e-09,2.077887656315065973e-02,-4.292732036766233792e-06
1.877729857767085786e+00,3.805044146865684818e-01,-2.075600049920219708e-02,-3.532604162666233005e-01,3.396745340909651248e-10,-1.238291427137663270e+00,-3.805079336536089651e-01,9.865766247573315637e-06,1.236414070837866088e-03,-3.642081262107473710e-02,-2.550956063575193177e-09,3.765479319951338388e-02,7.825714753862142252e-06,-5.808518933673813355e-06,2.244166864784040948e-03,-1.849065560913371389e-02,1.436299522683737893e-09,2.073625523694373751e-02,-4.607476453624474576e-06
1.880605401193987891e+00,3.805044430314431514e-01,-2.075243585118239850e-02,-3.533652222758071337e-01,3.323452293771557922e-10,-1.238183063472013679e+00,-3.805079111699116723e-01,9.848489344944200453e-06,1.242875027830381719e-03,-3.647391395814211096e-02,-2.546677651274235146e-09,3.771435975519125960e-02,7.812010246195645152e-06,-6.208446942812005549e-06,2.249559303864940088e-03,-1.844240383000965433e-02,1.539560205882795677e-09,2.069349454324619086e-02,-4.924706740987836012e-06
1.883480944620889996e+00,3.805044713249794985e-01,-2.074885260213243585e-02,-3.534701807805347151e-01,3.250286554615014540e-10,-1.238074528697126420e+00,-3.805078887269373600e-01,9.830057926001037794e-06,1.249351463226026655e-03,-3.652687637190132203e-02,-2.542101140546176865e-09,3.777380315073739642e-02,7.797389954857923106e-06,-6.611508939576542780e-06,2.254932388892793692e-03,-1.839403166382043778e-02,1.643633153472706262e-09,2.065059488145901817e-02,-5.244422962401799605e-06
1.886356488047792102e+00,3.805044995638448002e-01,-2.074525070762372331e-02,-3.535752913808290487e-01,3.177256728971812698e-10,-1.237965823167728407e+00,-3.805078663273295247e-01,9.810462978877069250e-06,1.255843321149020114e-03,-3.657969951697059158e-02,-2.537224195691749046e-09,3.783312298711709321e-02,7.781846731477937471e-06,-7.017704865520751541e-06,2.260285965263707404e-03,-1.834553966450037932e-02,1.748518357885754076e-09,2.060755665089820943e-02,-5.566625071498415559e-06
1.889232031474694207e+00,3.805045277446802987e-01,-2.074163012338899048e-02,-3.536805536757222646e-01,3.104371489537002633e-10,-1.237856947239691641e+00,-3.805078439737524243e-01,9.789695492073326589e-06,1.262350545279466735e-03,-3.663238304956060315e-02,-2.532044481085186080e-09,3.789231886644390396e-02,7.765373427976396552e-06,-7.427034523254171906e-06,2.265619878690483622e-03,-1.829692838561626511e-02,1.854215775557308317e-09,2.056438025079466644e-02,-5.891312911697102784e-06
1.892107574901596312e+00,3.805045558641012571e-01,-2.073799080532353831e-02,-3.537859672632602259e-01,3.031639576165252592e-10,-1.237747901270030537e+00,-3.805078216688907999e-01,9.767746454858622734e-06,1.268873078854268607e-03,-3.668492662747317723e-02,-2.526559661277856471e-09,3.795139039197915204e-02,7.747962896883052447e-06,-7.839497576071259786e-06,2.270933975206853358e-03,-1.824819838036315783e-02,1.960725326829484325e-09,2.052106608029412305e-02,-6.218486215910081336e-06
1.894983118328498417e+00,3.805045839186973478e-01,-2.073433270948654011e-02,-3.538915317405071370e-01,2.959069795864290329e-10,-1.237638685616898826e+00,-3.805077994154500431e-01,9.744606857670757389e-06,1.275410864668062236e-03,-3.673732991010045940e-02,-2.520767401102203867e-09,3.801033716813190938e-02,7.729607991654934715e-06,-8.255093547585886285e-06,2.276228101171730647e-03,-1.819935020155998701e-02,2.068046895856288303e-09,2.047761453845691609e-02,-6.548144606252460985e-06
1.897858661755400744e+00,3.805046119050318754e-01,-2.073065579210229756e-02,-3.539972467035500392e-01,2.886671022785299531e-10,-1.237529300639586438e+00,-3.805077772161559735e-01,9.720267692518625607e-06,1.281963845074152696e-03,-3.678959255842362969e-02,-2.514665365775929633e-09,3.806915880045856626e-02,7.710301566995322653e-06,-8.673821821371632454e-06,2.281502103273428360e-03,-1.815038440164561465e-02,2.176180330510277223e-09,2.043402602425816589e-02,-6.880287593756934264e-06
1.900734205182302849e+00,3.805046398196426649e-01,-2.072696000956151044e-02,-3.541031117475031964e-01,2.814452198210358570e-10,-1.237419746698515288e+00,-3.805077550737548941e-01,9.694719953385474921e-06,1.288531961985468375e-03,-3.684171423501187564e-02,-2.508251221006457487e-09,3.812785489566266478e-02,7.690036479173595105e-06,-9.095681640608076804e-06,2.286755828533869241e-03,-1.810130153267436662e-02,2.285125442290774861e-09,2.039030093658744311e-02,-7.214914578093185795e-06
1.903609748609204955e+00,3.805046676590412846e-01,-2.072324531842253958e-02,-3.542091264665132022e-01,2.742422330536858483e-10,-1.237310024155237276e+00,-3.805077329910139805e-01,9.667954636633102700e-06,1.295115156875528955e-03,-3.689369460402133066e-02,-2.501522633095664084e-09,3.818642506159467681e-02,7.668805586345861229e-06,-9.520672107732902774e-06,2.291989124312793051e-03,-1.805210214631205318e-02,2.394882006233578629e-09,2.034643967424888678e-02,-7.552024847291950125e-06
1.906485292036107060e+00,3.805046954197137676e-01,-2.071951167541268360e-02,-3.543152904537629211e-01,2.670590495258874869e-10,-1.237200133372429622e+00,-3.805077109707205585e-01,9.639962741407037740e-06,1.301713370779421187e-03,-3.694553333119388744e-02,-2.494477269044849058e-09,3.824486890725174726e-02,7.646601748876363761e-06,-9.948792184100192098e-06,2.297201838311932909e-03,-1.800278679383163563e-02,2.505449760822281256e-09,2.030244263596101689e-02,-7.891617577473945095e-06
1.909360835463009165e+00,3.805047230981200013e-01,-2.071575903742941052e-02,-3.544216033014763734e-01,2.598965834945547969e-10,-1.237090074713892873e+00,-3.805076890156826042e-01,9.610735270042716281e-06,1.308326544294787040e-03,-3.699723008385601836e-02,-2.487112796659968939e-09,3.830318604277736794e-02,7.623417829659644610e-06,-1.038004068964439158e-05,2.302393818579185139e-03,-1.795335602610919484e-02,2.616828407901069003e-09,2.025831022035672752e-02,-8.233691832583355462e-06
1.912236378889911270e+00,3.805047506906940602e-01,-2.071198736154164152e-02,-3.545280646009232872e-01,2.527557559216468875e-10,-1.236979848544546456e+00,-3.805076671287287438e-01,9.580263228472657522e-06,1.314954617582826798e-03,-3.704878453091777629e-02,-2.479426884657129984e-09,3.836137607946123879e-02,7.599246694443548163e-06,-1.081441630255030906e-05,2.307564913512773902e-03,-1.790381039361973320e-02,2.729017612589065861e-09,2.021404282598319307e-02,-8.578246564126053132e-06
1.915111922316813375e+00,3.805047781938443174e-01,-2.070819660499099296e-02,-3.546346739424237060e-01,2.456374944713928138e-10,-1.236869455230426018e+00,-3.805076453127079206e-01,9.548537626634486170e-06,1.321597530369311279e-03,-3.710019634287149010e-02,-2.471417202768297717e-09,3.841943862973893481e-02,7.574081212152847168e-06,-1.125191755892942825e-05,2.312714971865385046e-03,-1.785415044643305638e-02,2.842017003196316411e-09,2.016964085130182327e-02,-8.925280610912819120e-06
1.917987465743715481e+00,3.805048056039531112e-01,-2.070438672519301845e-02,-3.547414309153520962e-01,2.385427335072232017e-10,-1.236758895138680314e+00,-3.805076235704898391e-01,9.515549478879981585e-06,1.328255221945609651e-03,-3.715146519179069601e-02,-2.463081421847279033e-09,3.847737330719179505e-02,7.547914255213727500e-06,-1.169254285250184784e-05,2.317843842748307757e-03,-1.780437673420972797e-02,2.955826171141245185e-09,2.012510469468825614e-02,-9.274792698807100529e-06
1.920863009170617586e+00,3.805048329173770782e-01,-2.070055767973847174e-02,-3.548483351081427317e-01,2.314724140883870538e-10,-1.236648168637567435e+00,-3.805076019049642433e-01,9.481289804384912984e-06,1.334927631169722465e-03,-3.720259075132883314e-02,-2.454417213975904069e-09,3.853517972654645074e-02,7.520738699878865858e-06,-1.213629043428458018e-05,2.322951375635531109e-03,-1.775448980619685410e-02,3.070444670869743519e-09,2.008043475443219844e-02,-9.626781440477727751e-06
1.923738552597519691e+00,3.805048601304468758e-01,-2.069670942639454878e-02,-3.549553861082932471e-01,2.244274839662717517e-10,-1.236537276096451476e+00,-3.805075803190418604e-01,9.445749627559889378e-06,1.341614696467333546e-03,-3.725357269671820265e-02,-2.445422252570474003e-09,3.859285750367479756e-02,7.492547426553326530e-06,-1.258315841228571817e-05,2.328037420367860561e-03,-1.770449021122416644e-02,3.185872019775779236e-09,2.003563142873747774e-02,-9.981245335156332699e-06
1.926614096024421796e+00,3.805048872394675707e-01,-2.069284192310611240e-02,-3.550625835023699661e-01,2.174088975804105913e-10,-1.236426217885799872e+00,-3.805075588156536237e-01,9.408919978462005731e-06,1.348316355832870992e-03,-3.730441070476867016e-02,-2.436094212488407798e-09,3.865040625559365561e-02,7.463333320121088370e-06,-1.303314475120485324e-05,2.333101827157000631e-03,-1.765437849769980680e-02,3.302107698123632159e-09,1.999069511572193480e-02,-1.033818276839973066e-05
1.929489639451324123e+00,3.805049142407184171e-01,-2.068895512799695177e-02,-3.551699268760120654e-01,2.104176160541857350e-10,-1.236314994377179399e+00,-3.805075373977509501e-01,9.370791893207341226e-06,1.355032546830574900e-03,-3.735510445386642370e-02,-2.426430770135123864e-09,3.870782560046449189e-02,7.433089270272240911e-06,-1.348624727213942258e-05,2.338144446589621520e-03,-1.760415521360648994e-02,3.419151148971671479e-09,1.994562621341748609e-02,-1.069759201185694387e-05
1.932365182878226229e+00,3.805049411304525786e-01,-2.068504899937102098e-02,-3.552774158139360150e-01,2.034546071902213062e-10,-1.236203605943253070e+00,-3.805075160683056845e-01,9.331356414384302874e-06,1.361763206595587201e-03,-3.740565362397280796e-02,-2.416429603571129344e-09,3.876511515759321208e-02,7.401808171830858965e-06,-1.394246365229750570e-05,2.343165129631415329e-03,-1.755382090649725002e-02,3.537001778097782951e-09,1.990042511976992945e-02,-1.105947122304145131e-05
1.935240726305128334e+00,3.805049679048979061e-01,-2.068112349571146064e-02,-3.553850498999383545e-01,1.965208454448727004e-10,-1.236092052957777465e+00,-3.805074948303100446e-01,9.290605602753770626e-06,1.368508297984429934e-03,-3.745605787090194178e-02,-2.406088639811016167e-09,3.882227454760876079e-02,7.369483727266502259e-06,-1.439370090785373377e-05,2.348372928636647226e-03,-1.750317034852712575e-02,3.653681364445168524e-09,1.985509366301763112e-02,-1.141740079967049708e-05
1.938116269732030439e+00,3.805049945604211947e-01,-2.067717857142610874e-02,-3.554928287127137043e-01,1.896172716931416764e-10,-1.235980335795569207e+00,-3.805074736866460583e-01,9.248685983769790043e-06,1.375271777317623205e-03,-3.750631292355673801e-02,-2.395443562226211334e-09,3.887930341959151131e-02,7.336232165167820792e-06,-1.476264381392125794e-05,2.355766810694656828e-03,-1.745023771012013669e-02,3.750291483311016489e-09,1.980964590957226545e-02,-1.171005194057579739e-05
1.940991813158932544e+00,3.805050210938742405e-01,-2.067321416789479754e-02,-3.556007518170525294e-01,1.827447085812477553e-10,-1.235868454832441898e+00,-3.805074526398107837e-01,9.205702162332549178e-06,1.382056516327227497e-03,-3.755641557881912035e-02,-2.384519807511800324e-09,3.893620141635282389e-02,7.302136461457871235e-06,-1.513387531572326321e-05,2.363159448290728416e-03,-1.739717489817339813e-02,3.847506966744432620e-09,1.976406730262374525e-02,-1.200451842504723588e-05
1.943867356585834649e+00,3.805050475021874989e-01,-2.066923022398976101e-02,-3.557088187741918595e-01,1.759039599592467948e-10,-1.235756410445272735e+00,-3.805074316922391620e-01,9.161647561296864433e-06,1.388862511214196231e-03,-3.760636546316253187e-02,-2.373315635896987547e-09,3.899296816218941752e-02,7.267191399060540296e-06,-1.550739274450606143e-05,2.370550687939025972e-03,-1.734398246439142546e-02,3.945327127480351087e-09,1.971835823973248566e-02,-1.230079813617830726e-05
1.946742900012736754e+00,3.805050737822724405e-01,-2.066522667859479676e-02,-3.558170291442973587e-01,1.690958346770995749e-10,-1.235644203012018272e+00,-3.805074108463810112e-01,9.116515611346730254e-06,1.395689757737313737e-03,-3.765616220464757663e-02,-2.361829309628201679e-09,3.904960328254103441e-02,7.231391767109965431e-06,-1.588319332363619994e-05,2.377940375586919466e-03,-1.729066096097927122e-02,4.043751249754720067e-09,1.967251911836601433e-02,-1.259888887149085703e-05
1.949618443439638860e+00,3.805050999310216620e-01,-2.066120347060652895e-02,-3.559253824864671012e-01,1.623211465787541739e-10,-1.235531832911711092e+00,-3.805073901047011931e-01,9.070299751305768571e-06,1.402538251211564403e-03,-3.770580543292344905e-02,-2.350059093051109383e-09,3.910610640399021787e-02,7.194732361196794433e-06,-1.626127416842394502e-05,2.385328356617048319e-03,-1.723721094064064110e-02,4.142778589257536913e-09,1.962655033589914486e-02,-1.289878834279508052e-05
1.952493986866540965e+00,3.805051259453088308e-01,-2.065716053893569201e-02,-3.560338783587366218e-01,1.555807144959913304e-10,-1.235419300524454700e+00,-3.805073694696794462e-01,9.022993428448250822e-06,1.409407986506518726e-03,-3.775529477922944660e-02,-2.338003252692777910e-09,3.916247715426212500e-02,7.157207983614884622e-06,-1.664163228595180854e-05,2.392714475849416940e-03,-1.718363295657573606e-02,4.242408373087209285e-09,1.958045228961385192e-02,-1.320049417605349110e-05
1.955369530293443070e+00,3.805051518219890183e-01,-2.065309782250842122e-02,-3.561425163180833575e-01,1.488753622420347325e-10,-1.235306606231422188e+00,-3.805073489438104417e-01,8.974590098810497757e-06,1.416298958044708099e-03,-3.780462987639626044e-02,-2.325660057343942770e-09,3.921871516222406179e-02,7.118813443608312897e-06,-1.702426457490720471e-05,2.400098577543488976e-03,-1.712992756247926768e-02,4.342639799706020576e-09,1.953422537669932679e-02,-1.350400391124817145e-05
1.958245073720345175e+00,3.805051775578982554e-01,-2.064901526026753989e-02,-3.562512959204311436e-01,1.422059186049190448e-10,-1.235193750414852465e+00,-3.805073285296040608e-01,8.925083227502816265e-06,1.423211159800026474e-03,-3.785381035884746725e-02,-2.313027778141416008e-09,3.927482005788539982e-02,7.079543557618808465e-06,-1.740916782542051096e-05,2.407480505400339671e-03,-1.707609531253820312e-02,4.443472038897013124e-09,1.948786999425186975e-02,-1.380931500225236168e-05
1.961120617147247280e+00,3.805052031498537546e-01,-2.064491279117382921e-02,-3.563602167206551541e-01,1.355732173406322711e-10,-1.235080733458045588e+00,-3.805073082295845621e-01,8.874466289021947803e-06,1.430144585296121195e-03,-3.790283586260097953e-02,-2.300104688650631386e-09,3.933079147239725709e-02,7.039393149533588749e-06,-1.779633871890707258e-05,2.414860102564819061e-03,-1.702213676142974585e-02,4.544904231721914497e-09,1.944138653927497684e-02,-1.411642481670509678e-05
1.963996160574149608e+00,3.805052285946543544e-01,-2.064079035420736397e-02,-3.564692782725857878e-01,1.289780971660059047e-10,-1.234967555745361656e+00,-3.805072880462915808e-01,8.822732767563820066e-06,1.437099227604799433e-03,-3.795170602527039166e-02,-2.286889064948270214e-09,3.938662903805221355e-02,6.998357050933438394e-06,-1.818577382791461479e-05,2.422237211627737731e-03,-1.696805246431909789e-02,4.646935490480492314e-09,1.939477540867924274e-02,-1.442533063589017915e-05
1.966871704001051713e+00,3.805052538890797420e-01,-2.063664788836878233e-02,-3.565784801290139416e-01,1.224214017513805761e-10,-1.234854217662216369e+00,-3.805072679822792403e-01,8.769876157336884803e-06,1.444075079344437013e-03,-3.800042048606640244e-02,-2.273379185705041864e-09,3.944233238828403348e-02,6.956430101341254153e-06,-1.857746961597479178e-05,2.429611674628091161e-03,-1.691384297685737115e-02,4.749564898671006749e-09,1.934803699928247869e-02,-1.473602965461844948e-05
1.969747247427953818e+00,3.805052790298911192e-01,-2.063248533268059390e-02,-3.566878218416953961e-01,1.159039797130227326e-10,-1.234740719595077918e+00,-3.805072480401167079e-01,8.715889962875743622e-06,1.451072132678395696e-03,-3.804897888579819587e-02,-2.259573332268546171e-09,3.949790115766740883e-02,6.913607148470816762e-06,-1.897142243746001780e-05,2.436983333055297522e-03,-1.685950885517925255e-02,4.852791510952046892e-09,1.930117170780953559e-02,-1.504851898111418272e-05
1.972622790854855923e+00,3.805053040138309250e-01,-2.062830262618850843e-02,-3.567973029613551450e-01,1.094266846053117365e-10,-1.234627061931462766e+00,-3.805072282223878610e-01,8.660767699355288797e-06,1.458090379313445447e-03,-3.809738086687483594e-02,-2.245469788746266124e-09,3.955333498191770936e-02,6.869883048475971943e-06,-1.936762853744453680e-05,2.444352027851475796e-03,-1.680505065590089456e-02,4.956614353105501183e-09,1.925417993089252600e-02,-1.536279563690494157e-05
1.975498334281758028e+00,3.805053288376232246e-01,-2.062409970796275083e-02,-3.569069230376924473e-01,1.029903749126822600e-10,-1.234513245059934095e+00,-3.805072085316912878e-01,8.604502892905169329e-06,1.465129810498195162e-03,-3.814562607330666821e-02,-2.231066842088651122e-09,3.960863349789071897e-02,6.825252666200065513e-06,-1.976608405157067596e-05,2.451717599413739956e-03,-1.675046893611760457e-02,5.061032422000887731e-09,1.920706206507067151e-02,-1.567885655671542974e-05
1.978373877708660133e+00,3.805053534979731533e-01,-2.061987651709935518e-02,-3.570166816193849346e-01,9.659591404133031317e-11,-1.234399269370097807e+00,-3.805071889706405086e-01,8.547089080924646646e-06,1.472190417021525342e-03,-3.819371415070663134e-02,-2.216362782172305704e-09,3.966379634358230266e-02,6.779710875425701212e-06,-2.016678500591958503e-05,2.459079887596517418e-03,-1.669576425340154810e-02,5.166044685560868329e-09,1.915981850679036175e-02,-1.599669858836500603e-05
1.981249421135562239e+00,3.805053779915673062e-01,-2.061563299272151095e-02,-3.571265782540938849e-01,9.024417031067955778e-11,-1.234285135252598531e+00,-3.805071695418636990e-01,8.488519812397853491e-06,1.479272189211036171e-03,-3.824164474629173499e-02,-2.201355901883280846e-09,3.971882315812824693e-02,6.733252559124790760e-06,-2.056972731688698681e-05,2.466438731713913035e-03,-1.664093716579952489e-02,5.271650082728088431e-09,1.911244965240524452e-02,-1.631631849266908458e-05
1.984124964562464344e+00,3.805054023150741260e-01,-2.061136907398088830e-02,-3.572366124884679417e-01,8.393601694460574791e-11,-1.234170843099116954e+00,-3.805071502480036338e-01,8.428788648209320467e-06,1.486375116931494067e-03,-3.828941750888431583e-02,-2.186044497200441771e-09,3.977371358180393363e-02,6.685872609708853783e-06,-2.097490679106360316e-05,2.473793970542074398e-03,-1.658598823183052295e-02,5.377847523433262049e-09,1.906495589817612177e-02,-1.663771294334435194e-05
1.987000507989366449e+00,3.805054264651430707e-01,-2.060708470005896686e-02,-3.573467838681486652e-01,7.767233206242732450e-11,-1.234056393302367605e+00,-3.805071310917179650e-01,8.367889161459965072e-06,1.493499189583286698e-03,-3.833703208891344610e-02,-2.170426867278954463e-09,3.982846725602404159e-02,6.637565929279644705e-06,-2.138231912512022961e-05,2.481145442321598324e-03,-1.653091801048349463e-02,5.484635888564466808e-09,1.901733764027106408e-02,-1.696087852691753481e-05
1.989876051416268554e+00,3.805054504384054459e-01,-2.060277981016837498e-02,-3.574570919377745293e-01,7.145399866964577451e-11,-1.233941786256092632e+00,-3.805071120756786662e-01,8.305814937783239965e-06,1.500644396100892300e-03,-3.838448813841625201e-02,-2.154501314533823465e-09,3.988308382334232460e-02,6.588327429879943948e-06,-2.179195990569816991e-05,2.488492984759967282e-03,-1.647572706121493147e-02,5.592014029937862574e-09,1.896959527476546961e-02,-1.728581174263853852e-05
1.992751594843170659e+00,3.805054742314740723e-01,-2.059845434355423582e-02,-3.575675362409856950e-01,6.528190464845649936e-11,-1.233827022355062697e+00,-3.805070932025726993e-01,8.242559575661743721e-06,1.507810724951342716e-03,-3.843178531103930151e-02,-2.138266144723539687e-09,3.993756292745137548e-02,6.538152033744687962e-06,-2.220382460930382451e-05,2.495836435033998817e-03,-1.642041594394645643e-02,5.699980770269516035e-09,1.892172919764200517e-02,-1.761250900239682115e-05
1.995627138270072987e+00,3.805054978409432298e-01,-2.059410823949551009e-02,-3.576781163204288405e-01,5.915694274801222696e-11,-1.233712101995068755e+00,-3.805070744751013478e-01,8.178116686744048419e-06,1.514998164132705513e-03,-3.847892326203983943e-02,-2.121719667033797292e-09,3.999190421318223054e-02,6.487034673552274579e-06,-2.261790860220851704e-05,2.503175629792330111e-03,-1.636498521906243342e-02,5.808534903148593426e-09,1.887373980479072413e-02,-1.794096663064191811e-05
1.998502681696975092e+00,3.805055212633891015e-01,-2.058974143730633866e-02,-3.577888317177613797e-01,5.308001057444831865e-11,-1.233597025572923611e+00,-3.805070558959805505e-01,8.112479896161828782e-06,1.522206701172568915e-03,-3.852590164828725849e-02,-2.104860194161289160e-09,4.004610732650427940e-02,6.434970292676131798e-06,-2.303420714035317262e-05,2.510510405157934631e-03,-1.630943544740749013e-02,5.917675193011846974e-09,1.882562749200905952e-02,-1.827118086430787669e-05
2.001378225123877197e+00,3.805055444953692190e-01,-2.058535387633741651e-02,-3.578996819736566803e-01,4.705201058066519511e-11,-1.233481793486455702e+00,-3.805070374679409007e-01,8.045642842847243724e-06,1.529436323126532379e-03,-3.857272012826432755e-02,-2.087686042397566455e-09,4.010017191452488333e-02,6.381953845436452593e-06,-2.345271536925773274e-05,2.517840596730655696e-03,-1.625376719028409980e-02,6.027400375119347072e-09,1.877739265500192462e-02,-1.860314785274133951e-05
2.004253768550779302e+00,3.805055675334232945e-01,-2.058094549597732498e-02,-3.580106666278082272e-01,4.107385005587056982e-11,-1.233366406134506432e+00,-3.805070191937270918e-01,7.977599179850580486e-06,1.536687016576707577e-03,-3.861937836206850994e-02,-2.070195531712969751e-09,4.015409762548914629e-02,6.327980297352163491e-06,-2.387342832393551012e-05,2.525166039589768225e-03,-1.619798100945001387e-02,6.137709155531518090e-09,1.872903568938169214e-02,-1.893686365763367350e-05
2.007129311977681407e+00,3.805055903740723888e-01,-2.057651623565393689e-02,-3.581217852189342854e-01,3.514644111488055277e-11,-1.233250863916927287e+00,-3.805070010760988053e-01,7.908342574658127461e-06,1.543958767630220462e-03,-3.866587601141324021e-02,-2.052386985840626736e-09,4.020788410877958186e-02,6.273044625393061725e-06,-2.429634092881229361e-05,2.532486568296565647e-03,-1.614207746711585761e-02,6.248600211087435638e-09,1.868055699066834344e-02,-1.927232425295675802e-05
2.010004855404583513e+00,3.805056130138196324e-01,-2.057206603483573495e-02,-3.582330372847829514e-01,2.927070068717904308e-11,-1.233135167234576057e+00,-3.805069831178296558e-01,7.837866709510328244e-06,1.551251561917735017e-03,-3.871221273962934667e-02,-2.034258732360514450e-09,4.026153101491601605e-02,6.217141818232181916e-06,-2.472144799765067430e-05,2.539802016896993211e-03,-1.608605712594251072e-02,6.360072189384491158e-09,1.863195695428946502e-02,-1.960952552490297766e-05
2.012880398831485618e+00,3.805056354491498927e-01,-2.056759483303321687e-02,-3.583444223621364277e-01,2.344755050573514215e-11,-1.233019316489313955e+00,-3.805069653217080239e-01,7.766165281720052564e-06,1.558565384591962481e-03,-3.875838821166615461e-02,-2.015809102783565759e-09,4.031503799555509471e-02,6.160266876498249167e-06,-2.514874423347871859e-05,2.547112218924269585e-03,-1.602992054903858501e-02,6.472123708759220359e-09,1.858323597558035264e-02,-1.994846327182864043e-05
2.015755942258387723e+00,3.805056576765299403e-01,-2.056310256980027271e-02,-3.584559399868156859e-01,1.767791709557622860e-11,-1.232903312084002501e+00,-3.805069476905363901e-01,7.693232003991124721e-06,1.565900220326204174e-03,-3.880440209409297125e-02,-1.997036432635835818e-09,4.036840470349019327e-02,6.102414813028340515e-06,-2.557822422852429938e-05,2.554417007401573944e-03,-1.597366829995779114e-02,6.584753358269613959e-09,1.853439444978400436e-02,-2.028913320420190896e-05
2.018631485685289828e+00,3.805056796924085050e-01,-2.055858918473554495e-02,-3.585675896936854068e-01,1.196273176212480055e-11,-1.232787154422499976e+00,-3.805069302271317233e-01,7.619060604737047685e-06,1.573256053312877423e-03,-3.885025405510018209e-02,-1.977939061542723944e-09,4.042163079265108372e-02,6.043580653120703945e-06,-2.600988246415350324e-05,2.561716214844736526e-03,-1.591730094269641974e-02,6.697959697678507070e-09,1.848543277205133215e-02,-2.063153094455389620e-05
2.021507029112191933e+00,3.805057014932164972e-01,-2.055405461748382664e-02,-3.586793710166583660e-01,6.302930579287456053e-12,-1.232670843909657421e+00,-3.805069129343253143e-01,7.543644828399865257e-06,1.580632867262069668e-03,-3.889594376450071500e-02,-1.958515333313235191e-09,4.047471591810372638e-02,5.983759434787685808e-06,-2.644371331081472624e-05,2.569009673264966483e-03,-1.586081904169059018e-02,6.811741257438474058e-09,1.843635133744108215e-02,-2.097565202743438594e-05
2.024382572539093594e+00,3.805057230753663977e-01,-2.054949880773744922e-02,-3.587912834887002078e-01,6.994543773043716195e-13,-1.232554380951317308e+00,-3.805068958149623870e-01,7.466978435769165690e-06,1.588030645400080858e-03,-3.894147089373101861e-02,-1.938763596024276268e-09,4.052765973604984667e-02,5.922946209008759896e-06,-2.687971102798697443e-05,2.576297214171591014e-03,-1.580422316181372480e-02,6.926096538677842565e-09,1.838715054092006015e-02,-2.132149189937075846e-05
2.027258115965996144e+00,3.805057444352533125e-01,-2.054492169523767717e-02,-3.589033266418342194e-01,-4.846751269647830488e-12,-1.232437765954307762e+00,-3.805068788719027095e-01,7.389055204301235236e-06,1.595449370467997728e-03,-3.898683511585263745e-02,-1.918682202104995693e-09,4.058046190382690044e-02,5.861136039983690342e-06,-2.731786976413405632e-05,2.583578668574854336e-03,-1.574751386837378031e-02,7.041024013188237832e-09,1.833783077736312814e-02,-2.166904591883171043e-05
2.030133659392898249e+00,3.805057655692539731e-01,-2.054032321977609932e-02,-3.590155000071457714e-01,-1.033473605608504612e-11,-1.232320999326441680e+00,-3.805068621080202051e-01,7.309868928438435303e-06,1.602889024720249639e-03,-3.903203610555323194e-02,-1.898269508421180207e-09,4.063312207990760899e-02,5.798324005385870702e-06,-2.775818355666246501e-05,2.590853866988697581e-03,-1.569069172711055893e-02,7.156522123413133683e-09,1.828839244155330140e-02,-2.201830935619382423e-05
2.033009202819800354e+00,3.805057864737278472e-01,-2.053570332119603742e-02,-3.591278031147871475e-01,-1.576354495810434580e-11,-1.232204081476512281e+00,-3.805068455262027860e-01,7.229413419928460186e-06,1.610349589923194998e-03,-3.907707353914790377e-02,-1.877523876359625130e-09,4.068563992389981343e-02,5.734505196615550390e-06,-2.820064633188556222e-05,2.598122639433605476e-03,-1.563375730419300919e-02,7.272589282438043828e-09,1.823883592818188390e-02,-2.236927739371314490e-05
2.035884746246702459e+00,3.805058071450160284e-01,-2.053106193939394780e-02,-3.592402354939822073e-01,-2.113221824649645228e-11,-1.232087012814289340e+00,-3.805068291293525196e-01,7.147682508143996292e-06,1.617831047353700735e-03,-3.912194709458042402e-02,-1.856443671912609146e-09,4.073801509654619013e-02,5.669674719053402454e-06,-2.864525190499155372e-05,2.605384815439460832e-03,-1.557671116621647291e-02,7.389223873981729750e-09,1.818916163184856535e-02,-2.272194512549979622e-05
2.038760289673604564e+00,3.805058275794422906e-01,-2.052639901432082303e-02,-3.593527966730312162e-01,-2.643979150011711757e-11,-1.231969793750517184e+00,-3.805068129203854066e-01,7.064670040402186539e-06,1.625333377797738262e-03,-3.916665645142442670e-02,-1.835027265762315939e-09,4.079024725972393850e-02,5.603827692313927886e-06,-2.909199398001725498e-05,2.612640224048424185e-03,-1.551955388019987669e-02,7.506424252388928966e-09,1.813936994706148373e-02,-2.307630755749718105e-05
2.041635833100506670e+00,3.805058477733127553e-01,-2.052171448598363174e-02,-3.594654861793151190e-01,-3.168529561949098055e-11,-1.231852424696910475e+00,-3.805067969022318253e-01,6.980369882284342103e-06,1.632856561548983116e-03,-3.921120129088465078e-02,-1.813273033365329045e-09,4.084233607644457281e-02,5.536959250499047119e-06,-2.954086614982638680e-05,2.619888693817845095e-03,-1.546228601358295984e-02,7.624188742624281040e-09,1.808946126823734318e-02,-2.343235960746472887e-05
2.044511376527408775e+00,3.805058677229156139e-01,-2.051700829444669597e-02,-3.595783035393008142e-01,-3.686775684066568059e-11,-1.231734906066151103e+00,-3.805067810778355875e-01,6.894775917955598246e-06,1.640400578407429999e-03,-3.925558129579809902e-02,-1.791179355037105599e-09,4.089428121085360301e-02,5.469064542451660192e-06,-2.999186189609319035e-05,2.627130052823207704e-03,-1.540490813422350572e-02,7.742515640267673034e-09,1.803943598970161183e-02,-2.379009610496494643e-05
2.047386919954310880e+00,3.805058874245219047e-01,-2.051228037983316571e-02,-3.596912482785450393e-01,-4.198619674929871755e-11,-1.231617238271885295e+00,-3.805067654501548824e-01,6.807882050484768361e-06,1.647965407678002401e-03,-3.929979615063530773e-02,-1.768744616036508404e-09,4.094608232823034044e-02,5.400138732009358523e-06,-3.044497458929042974e-05,2.634364128661082806e-03,-1.534742081039440834e-02,7.861403211510714068e-09,1.798929450568852520e-02,-2.414951179135385974e-05
2.050262463381212985e+00,3.805059068743847916e-01,-2.050753068232637547e-02,-3.598043199217001997e-01,-4.703963229500161664e-11,-1.231499421728720511e+00,-3.805067500221616661e-01,6.719682202163989638e-06,1.655551028169191703e-03,-3.934384554150150565e-02,-1.745967206650283202e-09,4.099773909498762720e-02,5.330176998257978294e-06,-3.090019748868339845e-05,2.641590748452131519e-03,-1.528982461078079273e-02,7.980849693154826185e-09,1.793903721034121462e-02,-2.451060131977628772e-05
2.053138006808115090e+00,3.805059260687402856e-01,-2.050275914217134648e-02,-3.599175179925179768e-01,-5.202707580591416577e-11,-1.231381456852221223e+00,-3.805067347968416058e-01,6.630170314828596592e-06,1.663157418191681548e-03,-3.938772915613778652e-02,-1.722845522277592806e-09,4.104925117867149614e-02,5.259174535785312233e-06,-3.135752374232779835e-05,2.648809738844110258e-03,-1.523212010447724633e-02,8.100853292610344379e-09,1.788866449771191885e-02,-2.487335925516413450e-05
2.056013550235017195e+00,3.805059450038067448e-01,-2.049796569967616416e-02,-3.600308420138545462e-01,-5.694753500352904961e-11,-1.231263344058906695e+00,-3.805067197771942467e-01,6.539340350176867523e-06,1.670784555557001255e-03,-3.943144668392228186e-02,-1.699377963514524355e-09,4.110061824796102520e-02,5.187126554934752779e-06,-3.181694638707346662e-05,2.656020926014925152e-03,-1.517430786098480054e-02,8.221412187897158487e-09,1.783817676176207082e-02,-2.523778007423938457e-05
2.058889093661919301e+00,3.805059636757854302e-01,-2.049315029521344561e-02,-3.601442915076754070e-01,-6.180001301775619142e-11,-1.231145083766246984e+00,-3.805067049662329559e-01,6.447186290089808261e-06,1.678432417576171875e-03,-3.947499781587130580e-02,-1.675562936238605667e-09,4.115183997266794180e-02,5.114028282058940334e-06,-3.227845834857262253e-05,2.663224135675694264e-03,-1.511638845020801467e-02,8.342524527646557803e-09,1.778757439636238086e-02,-2.560385816552060461e-05
2.061764637088821406e+00,3.805059820808601168e-01,-2.048831286922177253e-02,-3.602578659950598783e-01,-6.658350840223278057e-11,-1.231026676392660502e+00,-3.805066903669847012e-01,6.353702136950855427e-06,1.686100981058372182e-03,-3.951838224464050003e-02,-1.651398851693299253e-09,4.120291602373645640e-02,5.039874959773360695e-06,-3.274205244129339278e-05,2.670419193073848840e-03,-1.505836244245208240e-02,8.464188431104470315e-09,1.773685779529312126e-02,-2.597158782933369400e-05
2.064640180515723511e+00,3.805060002151975929e-01,-2.048345336220713450e-02,-3.603715649962057066e-01,-7.129701514987318882e-11,-1.230908122357509349e+00,-3.805066759824902167e-01,6.258881913965626292e-06,1.693790222309613782e-03,-3.956159966452615223e-02,-1.626884126572510196e-09,4.125384607324306119e-02,4.964661847209971280e-06,-3.320772136853852082e-05,2.677605922996264490e-03,-1.500023040841966075e-02,8.586401988136045287e-09,1.768602735224402561e-02,-2.634096327782673165e-05
2.067515723942625616e+00,3.805060180749472720e-01,-2.047857171474438617e-02,-3.604853880304340619e-01,-7.593952270866346067e-11,-1.230789422081097539e+00,-3.805066618158035596e-01,6.162719665481504309e-06,1.701500117131411445e-03,-3.960464977146609111e-02,-1.602017183105054522e-09,4.130462979439607912e-02,4.888384220270697758e-06,-3.367545772246833836e-05,2.684784149772394529e-03,-1.494199291920812224e-02,8.709163259231417055e-09,1.763508346081470168e-02,-2.671197863498815330e-05
2.070391267369527721e+00,3.805060356562416368e-01,-2.047366786747867665e-02,-3.605993346161941449e-01,-8.051001599770082362e-11,-1.230670575984667670e+00,-3.805066478699927757e-01,6.065209457307169585e-06,1.709230640819479679e-03,-3.964753226304091466e-02,-1.576796449139110412e-09,4.135526686153556675e-02,4.811037371880899348e-06,-3.414525398412979488e-05,2.691953697277461866e-03,-1.488365054630631269e-02,8.832470275513009028e-09,1.758402651451461407e-02,-2.708462793666986199e-05
2.073266810796429827e+00,3.805060529551959614e-01,-2.046874176112693094e-02,-3.607134042710677391e-01,-8.500747542347053474e-11,-1.230551584490396033e+00,-3.805066341481392334e-01,5.966345377032138672e-06,1.716981768162430602e-03,-3.969024683847516971e-02,-1.551220358226675000e-09,4.140575695013303664e-02,4.732616612242825633e-06,-3.461710252348981044e-05,2.699114388935657839e-03,-1.482520386159157273e-02,8.956321038744013946e-09,1.753285690676328890e-02,-2.745890513061359785e-05
2.076142354223331932e+00,3.805060699679087555e-01,-2.046379333647930718e-02,-3.608275965117743733e-01,-8.943087689637182481e-11,-1.230432448021390845e+00,-3.805066206533374573e-01,5.866121534346036696e-06,1.724753473440478104e-03,-3.973279319863839282e-02,-1.525287349707950646e-09,4.145609973679106192e-02,4.653117269088862476e-06,-3.509099559947390030e-05,2.706266047723367499e-03,-1.476665343732670548e-02,9.080713521338263802e-09,1.748157503089049422e-02,-2.783480407648161091e-05
2.079017897650234037e+00,3.805060866904614314e-01,-2.045882253440065024e-02,-3.609419108541753740e-01,-9.377919184748090731e-11,-1.230313167001689578e+00,-3.805066073886959055e-01,5.764532061357937252e-06,1.732545730424159573e-03,-3.977517104604627596e-02,-1.498995868795749416e-09,4.150629489924326926e-02,4.572534687934848233e-06,-3.556692536000994291e-05,2.713408496172436523e-03,-1.470799984615672913e-02,9.205645666371448058e-09,1.743018128013633025e-02,-2.821231854589140636e-05
2.081893441077136142e+00,3.805061031189186926e-01,-2.045382929583195938e-02,-3.610563468132794718e-01,-9.805138724556234840e-11,-1.230193741856253409e+00,-3.805065943573360809e-01,5.661571112915352464e-06,1.740358512373058487e-03,-3.981738008486165187e-02,-1.472344366659806979e-09,4.155634211635382547e-02,4.490864232333089267e-06,-3.604488384207680629e-05,2.720541556373442908e-03,-1.464924366110593838e-02,9.331115387593620623e-09,1.737867604765151383e-02,-2.859144222245426083e-05
2.084768984504038247e+00,3.805061192493284783e-01,-2.044881356179186621e-02,-3.611709039032468538e-01,-1.022464256143153562e-10,-1.230074173010966554e+00,-3.805065815623928094e-01,5.557232866923331478e-06,1.748191792034541319e-03,-3.985942002089572223e-02,-1.445331300511128769e-09,4.160624106811735418e-02,4.408101284125487281e-06,-3.652486297175801608e-05,2.727665049979014628e-03,-1.459038545557464484e-02,9.457120569443046852e-09,1.732705972649749293e-02,-2.897216870181784849e-05
2.087644527930940352e+00,3.805061350777219076e-01,-2.044377527337810571e-02,-3.612855816373939932e-01,-1.063632650498710028e-10,-1.229954460892630497e+00,-3.805065690070142947e-01,5.451511524663150676e-06,1.756045541642502683e-03,-3.990129056160899440e-02,-1.417955133686221368e-09,4.165599143565854728e-02,4.324241243696306648e-06,-3.700685456430074968e-05,2.734778798207157698e-03,-1.453142580333597819e-02,9.583659067061446834e-09,1.727533270964656462e-02,-2.935449149171298370e-05
2.090520071357842458e+00,3.805061506001134464e-01,-2.043871437176899425e-02,-3.614003795281987563e-01,-1.104008592385250643e-10,-1.229834605928963542e+00,-3.805065566943618416e-01,5.344401311110991190e-06,1.763919732916122401e-03,-3.994299141611247494e-02,-1.390214335731332172e-09,4.170559290123204699e-02,4.239279530224980715e-06,-3.749085032417964834e-05,2.741882621844625879e-03,-1.447236527853276028e-02,9.710728706310504259e-09,1.722349538998213872e-02,-2.973840401200428038e-05
2.093395614784745007e+00,3.805061658125012403e-01,-2.043363079822491449e-02,-3.615152970873048432e-01,-1.143581574747161188e-10,-1.229714608548594379e+00,-3.805065446276099106e-01,5.235896475256376701e-06,1.771814337058628865e-03,-3.998452229516866879e-02,-1.362107382486615842e-09,4.175504514822209190e-02,4.153211581938676700e-06,-3.797684184516579272e-05,2.748976341250309024e-03,-1.441320445567428193e-02,9.838327283789768263e-09,1.717154816029892173e-02,-3.012389959474484659e-05
2.096271158211647112e+00,3.805061807108666150e-01,-2.042852449408980378e-02,-3.616303338255265620e-01,-1.182341046792452851e-10,-1.229594469181062077e+00,-3.805065328099460631e-01,5.125991290420354591e-06,1.779729324756071287e-03,-4.002588291119257846e-02,-1.333632756170244718e-09,4.180434786114228113e-02,4.066032856364693719e-06,-3.846482061040053030e-05,2.756059776358637040e-03,-1.435394390963305039e-02,9.966452566855802659e-09,1.711949141330311452e-02,-3.051097148423484505e-05
2.099146701638549217e+00,3.805061952911745760e-01,-2.042339540079262869e-02,-3.617454892528536026e-01,-1.220276414177370849e-10,-1.229474188256810319e+00,-3.805065212445708500e-01,5.014680054573546648e-06,1.787664666176109725e-03,-4.006707297825283509e-02,-1.304788945462475599e-09,4.185350072563534529e-02,3.977738830582744777e-06,-3.895477799247487285e-05,2.763132746683032853e-03,-1.429458421564142392e-02,1.009510229364282905e-08,1.706732554161246793e-02,-3.089961283708446828e-05
2.102022245065451322e+00,3.805062095493739749e-01,-2.041824345984888378e-02,-3.618607628784560326e-01,-1.257377039193415049e-10,-1.229353766207185172e+00,-3.805065099346978674e-01,4.901957090653927032e-06,1.795620330966802734e-03,-4.010809221207269071e-02,-1.275574445589652620e-09,4.190250342847287590e-02,3.888325001477015136e-06,-3.944670525351330528e-05,2.770195071319376222e-03,-1.423512594928851363e-02,1.022427417308452803e-08,1.701505093775669553e-02,-3.128981672228044766e-05
2.104897788492353428e+00,3.805062234813970101e-01,-2.041306861286211125e-02,-3.619761542106885166e-01,-1.293632240956787468e-10,-1.229233203464432655e+00,-3.805064988835537010e-01,4.787816746884334269e-06,1.803596288255418859e-03,-4.014894033003105211e-02,-1.245987758408137756e-09,4.195135565755511026e-02,3.797786885988026715e-06,-3.994059354526321873e-05,2.777246568949498333e-03,-1.417556968651673133e-02,1.035396588493732591e-08,1.696266799417756391e-02,-3.168157612125691285e-05
2.107773331919255533e+00,3.805062370831599483e-01,-2.040787080152535460e-02,-3.620916627570958113e-01,-1.329031295600261333e-10,-1.229112500461693180e+00,-3.805064880943775374e-01,4.672253397089674921e-06,1.811592506647243580e-03,-4.018961705116341765e-02,-1.216027392488162946e-09,4.200005710191054981e-02,3.706120021364241604e-06,-4.043643390918910744e-05,2.784287057844691583e-03,-1.411591600361847623e-02,1.048417507980495214e-08,1.691017710322903836e-02,-3.207488392797023895e-05
2.110648875346157638e+00,3.805062503505628468e-01,-2.040264996762269911e-02,-3.622072880244168180e-01,-1.363563436467421191e-10,-1.228991657633000889e+00,-3.805064775704217195e-01,4.555261441014012070e-06,1.819608954224408593e-03,-4.023012209616297352e-02,-1.185691863197647066e-09,4.204860745169587688e-02,3.613319965413577909e-06,-4.093421727657189522e-05,2.791316355869270967e-03,-1.405616547723286675e-02,1.061489937916431013e-08,1.685757865717771309e-02,-3.246973294897771218e-05
2.113524418773059743e+00,3.805062632794894428e-01,-2.039740605303076368e-02,-3.623230295185898009e-01,-1.397217854309356113e-10,-1.228870675413279212e+00,-3.805064673149510246e-01,4.436835304637168440e-06,1.827645598544726940e-03,-4.027045518738156527e-02,-1.154979692785895438e-09,4.209700639819560081e-02,3.519382296754551637e-06,-4.143393446861345930e-05,2.798334280484134594e-03,-1.399631868434219467e-02,1.074613637539280073e-08,1.680487304820272101e-02,-3.286611590352051199e-05
2.116399962199961848e+00,3.805062758658079303e-01,-2.039213899972020655e-02,-3.624388867447568829e-01,-1.429983697483726657e-10,-1.228749554238337094e+00,-3.805064573312430531e-01,4.316969440491155889e-06,1.835702406640535517e-03,-4.031061604883066224e-02,-1.123889410467243920e-09,4.214525363382184281e-02,3.424302615067270338e-06,-4.193557619654608731e-05,2.805340648750364978e-03,-1.393637620226865007e-02,1.087788363179684506e-08,1.675206066839619867e-02,-3.326402542361049468e-05
2.119275505626863954e+00,3.805062881053704049e-01,-2.038684874975725189e-02,-3.625548592072692089e-01,-1.461850072156263220e-10,-1.228628294544866550e+00,-3.805064476225880621e-01,4.195658327976205938e-06,1.843779345017553624e-03,-4.035060440618232908e-02,-1.092419552504607044e-09,4.219334885211410008e-02,3.328076541344105738e-06,-4.243913306174713169e-05,2.812335277332858943e-03,-1.387633860867089515e-02,1.101013868264188305e-08,1.669914190976345275e-02,-3.366345405412116473e-05
2.122151049053766059e+00,3.805062999940128643e-01,-2.038153524530518859e-02,-3.626709464096913305e-01,-1.492806042504636076e-10,-1.228506896770439116e+00,-3.805064381922888539e-01,4.072896473676502999e-06,1.851876379653744770e-03,-4.039041998677017631e-02,-1.060568662292943227e-09,4.224129174773892659e-02,3.230699718140149516e-06,-4.294459555585850908e-05,2.819317982503964475e-03,-1.381620648154054283e-02,1.114289903318356473e-08,1.664611716422313356e-02,-3.406439425288245441e-05
2.125026592480668164e+00,3.805063115275559293e-01,-2.037619842862589681e-02,-3.627871478548059248e-01,-1.522840630924755768e-10,-1.228385361353503402e+00,-3.805064290436606100e-01,3.948678411675532200e-06,1.859993475998197778e-03,-4.043006251959031794e-02,-1.028335290442621549e-09,4.228908201648975268e-02,3.132167809823339174e-06,-4.345195406091164784e-05,2.826288580147167002e-03,-1.375598039919872888e-02,1.127616215970045533e-08,1.659298682360750912e-02,-3.446683839077982660e-05
2.127902135907570269e+00,3.805063227018043448e-01,-2.037083824208138494e-02,-3.629034630446191789e-01,-1.551942818239430716e-10,-1.228263688733380432e+00,-3.805064201800310020e-01,3.822998703871158697e-06,1.868130598970009840e-03,-4.046953173530237757e-02,-9.957179948627161553e-10,4.233671935528661445e-02,3.032476502824390774e-06,-4.396119884945711798e-05,2.833246885760789136e-03,-1.369566094029260606e-02,1.140992550952792324e-08,1.653975127966270109e-02,-3.487077875185713851e-05
2.130777679334472374e+00,3.805063335125473123e-01,-2.036545462813528148e-02,-3.630198914803648980e-01,-1.580101543909464735e-10,-1.228141879350261201e+00,-3.805064116047401912e-01,3.695851940290140330e-06,1.876287712957189734e-03,-4.050882736623036273e-02,-9.627153408441585816e-10,4.238420346217592477e-02,2.931621505886269627e-06,-4.447232008469980405e-05,2.840192714461717716e-03,-1.363524868379183304e-02,1.154418650109351182e-08,1.648641092404892067e-02,-3.527620753342378796e-05
2.133653222761374479e+00,3.805063439555584903e-01,-2.036004752935439283e-02,-3.631364326625095562e-01,-1.607305706247105831e-10,-1.228019933645203565e+00,-3.805064033211406627e-01,3.567232739402439525e-06,1.884464781815556930e-03,-4.054794914636350445e-02,-9.293259011428283619e-10,4.243153403633015408e-02,2.829598550313514436e-06,-4.498530782063846911e-05,2.847125880989150384e-03,-1.357474420898503731e-02,1.167894252395346947e-08,1.643296614834073924e-02,-3.568311684616547137e-05
2.136528766188276585e+00,3.805063540265962163e-01,-2.035461688841022979e-02,-3.632530860907573489e-01,-1.633544162631899232e-10,-1.227897852060128470e+00,-3.805063953325967807e-01,3.437135748435023165e-06,1.892661768867672997e-03,-4.058689681135735361e-02,-8.955482560625150024e-10,4.247871077804771245e-02,2.726403390221134121e-06,-4.550015200221128170e-05,2.854046199708391157e-03,-1.351414809547622428e-02,1.181419093883087427e-08,1.637941734402729652e-02,-3.609149871425963100e-05
2.139404309615178690e+00,3.805063637214031180e-01,-2.034916264808053071e-02,-3.633698512640543554e-01,-1.658805729728920647e-10,-1.227775635037818169e+00,-3.805063876424855662e-01,3.305555643685263510e-06,1.900878636901763043e-03,-4.062567009853459282e-02,-8.613809935377768707e-10,4.252573338875261649e-02,2.622031802783218338e-06,-4.601684246544557810e-05,2.860953484614639497e-03,-1.345346092318122286e-02,1.194992907765484240e-08,1.632576490251260240e-02,-3.650134507549420218e-05
2.142279853042080795e+00,3.805063730357070573e-01,-2.034368475125082273e-02,-3.634867276805940350e-01,-1.683079183709406268e-10,-1.227653283021910013e+00,-3.805063802541958085e-01,3.172487130833811841e-06,1.909115348170659478e-03,-4.066426874688580662e-02,-8.268227092166579127e-10,4.257260157099417713e-02,2.516479588481097806e-06,-4.653536893761326234e-05,2.867847549336823617e-03,-1.339268327232408413e-02,1.208615424360124696e-08,1.627200921511577636e-02,-3.691264778139090742e-05
2.145155396468982900e+00,3.805063819654824209e-01,-2.033818314188000007e-02,-3.636037148387668005e-01,-1.706353944185101523e-10,-1.227530796456980600e+00,-3.805063731709207864e-01,3.038420947292365982e-06,1.917370038462046754e-03,-4.070269428713363391e-02,-7.920014995357206007e-10,4.261931487023792181e-02,2.410136007989492323e-06,-4.642925786279831259e-05,2.872422012781904784e-03,-1.333407661848595369e-02,1.205931077113490267e-08,1.621795085102233774e-02,-3.682847812547487463e-05
2.148030939895885005e+00,3.805063905114909883e-01,-2.033265778171856539e-02,-3.637208122535529609e-01,-1.728631929721100672e-10,-1.227408175789987066e+00,-3.805063663920559835e-01,2.905802415163494047e-06,1.925633647738093793e-03,-4.074095530562527739e-02,-7.575557512621107390e-10,4.266587220963267285e-02,2.304940729391324129e-06,-4.580874733622821316e-05,2.875082545177409018e-03,-1.327724365720925337e-02,1.189817889112760700e-08,1.616362536721401011e-02,-3.633627870377805234e-05
2.150906483322787111e+00,3.805063986787224350e-01,-2.032710864824655364e-02,-3.638380194545048352e-01,-1.749926094566861917e-10,-1.227285421470088345e+00,-3.805063599136437325e-01,2.774976206578235497e-06,1.933904848641652789e-03,-4.077905280905887858e-02,-7.235754271466064680e-10,4.271227318350295787e-02,2.201167152076603597e-06,-4.518266164905068174e-05,2.877702129278752845e-03,-1.322034859306999918e-02,1.173559913137644750e-08,1.610919545708184783e-02,-3.583965697019742100e-05
2.153782026749689216e+00,3.805064064723535089e-01,-2.032153571980334708e-02,-3.639553359711716896e-01,-1.770249882015352508e-10,-1.227162533947351308e+00,-3.805063537315776512e-01,2.645958336411300362e-06,1.942183523272402075e-03,-4.081698661957498808e-02,-6.900646862828521585e-10,4.275851749213874925e-02,2.098827979315379677e-06,-4.455101248907442530e-05,2.880280659727130384e-03,-1.316339192666925867e-02,1.157157452693316719e-08,1.605466151875102956e-02,-3.533862219570010584e-05
2.156657570176591321e+00,3.805064138976072541e-01,-2.031593897506780294e-02,-3.640727613325933643e-01,-1.789616854829669315e-10,-1.227039513672703031e+00,-3.805063478417147205e-01,2.518764785552772831e-06,1.950469553428506178e-03,-4.085475656075204104e-02,-6.570276789394684894e-10,4.280460483697483970e-02,1.997935887420519477e-06,-4.391381180546402916e-05,2.882818032176347189e-03,-1.310637415756531893e-02,1.140610818072349991e-08,1.600002395038101904e-02,-3.483318385856518291e-05
2.159533113603493870e+00,3.805064209597524560e-01,-2.031031839305907916e-02,-3.641902950673046591e-01,-1.808040694986471707e-10,-1.226916361097928121e+00,-3.805063422398756723e-01,2.393411500156788794e-06,1.958762820609544902e-03,-4.089236245760362320e-02,-6.244685463649329486e-10,4.285053492059110597e-02,1.898503525151751553e-06,-4.327107180856962205e-05,2.885314143295507339e-03,-1.304929578427116432e-02,1.123920326350291454e-08,1.594528315016571426e-02,-3.432335164424848582e-05
2.162408657030395975e+00,3.805064276641038079e-01,-2.030467395313753295e-02,-3.643079367033389970e-01,-1.825535203413784940e-10,-1.226793076675663841e+00,-3.805063369218447122e-01,2.269914390890817316e-06,1.967063206019424842e-03,-4.092980413657523742e-02,-5.923914205926199803e-10,4.289630744671243251e-02,1.800543513120182050e-06,-4.262280496974458105e-05,2.887768890771636766e-03,-1.299215730425199583e-02,1.107086301380928866e-08,1.589043951633351340e-02,-3.380913544523807485e-05
2.165284200457298081e+00,3.805064340160216885e-01,-2.029900563500555005e-02,-3.644256857682330875e-01,-1.842114299723221631e-10,-1.226669660859398769e+00,-3.805063318833701858e-01,2.148289332185387653e-06,1.975370590569312801e-03,-4.096708142554135457e-02,-5.608004242459543525e-10,4.294192212020889882e-02,1.704068443193161948e-06,-4.196902402115173727e-05,2.890182173312288820e-03,-1.293495921392309213e-02,1.090109073791259280e-08,1.583549344714776930e-02,-3.329054536090047671e-05
2.168159743884200186e+00,3.805064400209119402e-01,-2.029331341870835997e-02,-3.645435417890303120e-01,-1.857792021936599340e-10,-1.226546114103467033e+00,-3.805063271201638009e-01,2.028552161484365991e-06,1.983684854880577667e-03,-4.100419415380242294e-02,-5.296996703437085570e-10,4.298737864709583495e-02,1.609090877899597717e-06,-4.130974195555781107e-05,2.892553890648098640e-03,-1.287770200864712770e-02,1.072988980976149760e-08,1.578044534090657092e-02,-3.276759169731764090e-05
2.171035287311102291e+00,3.805064456842260356e-01,-2.028759728463489648e-02,-3.646615042922856653e-01,-1.872582526206945734e-10,-1.226422436863048304e+00,-3.805063226279013500e-01,1.910718678495980958e-06,1.992005879287730551e-03,-4.104114215208181510e-02,-4.990932621054956311e-10,4.303267673453398112e-02,1.515623349835853000e-06,-4.064497202611720863e-05,2.894883943535325396e-03,-1.282038618273214151e-02,1.055726367092723474e-08,1.572529559594323945e-02,-3.224028496711543246e-05
2.173910830738004396e+00,3.805064510114608001e-01,-2.028185721351860593e-02,-3.647795728040692520e-01,-1.886500086533938892e-10,-1.226298629594161582e+00,-3.805063184022228762e-01,1.794804644444269696e-06,2.000333543841381623e-03,-4.107792525252273313e-02,-4.689852927573682720e-10,4.307781609082951546e-02,1.423678361071977456e-06,-3.997472774614271315e-05,2.897172233758327740e-03,-1.276301222942916036e-02,1.038321583054405146e-08,1.567004461062635606e-02,-3.170863588928175705e-05
2.176786374164906501e+00,3.805064560081583003e-01,-2.027609318643824529e-02,-3.648977468499705057e-01,-1.899559094473733379e-10,-1.226174692753662310e+00,-3.805063144387321183e-01,1.680825781321429408e-06,2.008667728311200416e-03,-4.111454328868529434e-02,-4.393798453376563345e-10,4.312279642543421360e-02,1.333268382558665114e-06,-3.929902288886662838e-05,2.899418664132037086e-03,-1.270558064092999762e-02,1.020774986524718530e-08,1.561469278335995796e-02,-3.117265538897708986e-05
2.179661917591808606e+00,3.805064606799057891e-01,-2.027030518481871824e-02,-3.650160259551022968e-01,-1.911774058843227926e-10,-1.226050626799241705e+00,-3.805063107329973437e-01,1.568797771140689611e-06,2.017008312188877436e-03,-4.115099609554333238e-02,-4.102809925029372974e-10,4.316761744894551112e-02,1.244405853534616758e-06,-3.861787148718862030e-05,2.901623138504356297e-03,-1.264809190836498412e-02,1.003086941910738281e-08,1.555924051258364242e-02,-3.063235459733446063e-05
2.182537461018710712e+00,3.805064650323355391e-01,-2.026449319043183844e-02,-3.651344096441049292e-01,-1.923159605418733874e-10,-1.225926432189420101e+00,-3.805063072805509039e-01,1.458736255190098352e-06,2.025355174691107884e-03,-4.118728350948153843e-02,-3.816927963342449584e-10,4.321227887310668397e-02,1.157103180934631400e-06,-3.793128783341388901e-05,2.903785561758565319e-03,-1.259054652180083451e-02,9.852578203562905285e-09,1.550368819677272296e-02,-3.008774485125174423e-05
2.185413004445612817e+00,3.805064690711246200e-01,-2.025865718539713797e-02,-3.652528974411505258e-01,-1.933730476629103055e-10,-1.225802109383545391e+00,-3.805063040768894567e-01,1.350656833286846277e-06,2.033708194762560203e-03,-4.122340536829214447e-02,-3.536193081434181810e-10,4.325678041080682074e-02,1.071372738798123806e-06,-3.723928647897749007e-05,2.905905839815653511e-03,-1.253294497023875811e-02,9.672879997347941289e-09,1.544803623443866299e-02,-2.953883769317302790e-05
2.188288547872514922e+00,3.805064728019950104e-01,-2.025279715218263402e-02,-3.653714888699464702e-01,-1.943501531243255925e-10,-1.225677658841789253e+00,-3.805063011174743548e-01,1.244575063032701377e-06,2.042067251078869342e-03,-4.125936151117207129e-02,-3.260645682797363628e-10,4.330112177608101687e-02,9.872268676785220922e-07,-3.654188223416002278e-05,2.907983879636634635e-03,-1.247528774161199214e-02,9.491778646418779086e-09,1.539228502412880346e-02,-2.898564487086305316e-05
2.191164091299417027e+00,3.805064762307135418e-01,-2.024691307360558870e-02,-3.654901834537398475e-01,-1.952487744052188517e-10,-1.225553081025144486e+00,-3.805062983977313129e-01,1.140506459069915958e-06,2.050432222049639128e-03,-4.129515177871979914e-02,-2.990326059366802730e-10,4.334530268411053433e-02,9.046778740530410865e-07,-3.583909016778885116e-05,2.910019589224826717e-03,-1.241757532278403055e-02,9.309278063876217128e-09,1.533643496442683649e-02,-2.842817833717025666e-05
2.194039634726319132e+00,3.805064793630911768e-01,-2.024100493283329319e-02,-3.656089807153214966e-01,-1.960704205545390244e-10,-1.225428376395421015e+00,-3.805062959130509626e-01,1.038466492338403732e-06,2.058802985821421225e-03,-4.133077601293214803e-02,-2.725274389590199890e-10,4.338932285122269056e-02,8.237380297334621742e-07,-3.513092560693059033e-05,2.912012877628078564e-03,-1.235980819954658749e-02,9.125382229885699754e-09,1.528048645395289028e-02,-2.786645024978280432e-05
2.196915178153221238e+00,3.805064822049837869e-01,-2.023507271338381014e-02,-3.657278801770297849e-01,-1.968166121581749575e-10,-1.225303545415242557e+00,-3.805062936587882416e-01,9.384705893334596440e-07,2.067179420280744386e-03,-4.136623405720141200e-02,-2.465530736500455723e-10,4.343318199489120540e-02,7.444195712773442861e-07,-3.441740413657006073e-05,2.913963654940990647e-03,-1.230198685661755900e-02,8.940095191593962202e-09,1.522443989136364542e-02,-2.730047297097395974e-05
2.199790721580123343e+00,3.805064847622910418e-01,-2.022911639912671269e-02,-3.658468813607549386e-01,-1.974888813054895632e-10,-1.225178588548044400e+00,-3.805062916302635045e-01,8.405341313646951968e-07,2.075561403057116401e-03,-4.140152575631217413e-02,-2.211135045791125391e-10,4.347687983373622195e-02,6.667346994001989149e-07,-3.369854159927926081e-05,2.915871832307066584e-03,-1.224411177763908704e-02,8.753421063043055114e-09,1.516829567535247364e-02,-2.673025906733951068e-05
2.202666265007025448e+00,3.805064870409572420e-01,-2.022313597428381654e-02,-3.659659837879426503e-01,-1.980887715553024034e-10,-1.225053506258068081e+00,-3.805062898227616341e-01,7.446724538157524058e-07,2.083948811526042510e-03,-4.143665095643814245e-02,-1.962127143893894732e-10,4.352041608752434121e-02,5.906955783882818770e-07,-3.297435409487372920e-05,2.917737321920850328e-03,-1.218618344517580915e-02,8.565364025081106633e-09,1.511205420464973616e-02,-2.615582130952514989e-05
2.205541808433927553e+00,3.805064890469704308e-01,-2.021713142342990849e-02,-3.660851869795984093e-01,-1.986178379013195120e-10,-1.224928299010360488e+00,-3.805062882315328188e-01,6.509008454050870284e-07,2.092341522812055533e-03,-4.147160950513908290e-02,-1.718546736058848372e-10,4.356379047716875397e-02,5.163143355122361317e-07,-3.224485798005784118e-05,2.919560037030012167e-03,-1.212820234071286876e-02,8.375928325270225771e-09,1.505571587802278372e-02,-2.557717267194518899e-05
2.208417351860829658e+00,3.805064907863625612e-01,-2.021110273149348199e-02,-3.662044904562911651e-01,-1.990776467370105819e-10,-1.224802967270768317e+00,-3.805062868517923858e-01,5.592345474479332992e-07,2.100739413791739927e-03,-4.150640125135784952e-02,-1.480433404437776447e-10,4.360700272472948363e-02,4.436030604416680301e-07,-3.151006986806021857e-05,2.921339891937420417e-03,-1.207016894465414575e-02,8.185118277791798496e-09,1.499928109427617513e-02,-2.499432633249326958e-05
2.211292895287731763e+00,3.805064922652093840e-01,-2.020504988375741717e-02,-3.663238937381576577e-01,-1.994697758199373439e-10,-1.224677511505937177e+00,-3.805062856787208569e-01,4.696887531189854134e-07,2.109142361096782731e-03,-4.154102604541710236e-02,-1.247826606169374267e-10,4.365005255341331686e-02,3.725738046602931407e-07,-3.077000662825429291e-05,2.923076802003152837e-03,-1.201208373632051650e-02,7.992938263347985417e-09,1.494275025225186120e-02,-2.440729567224149380e-05
2.214168438714633869e+00,3.805064934896303375e-01,-2.019897286585968857e-02,-3.664433963449062470e-01,-1.997958142355298806e-10,-1.224551932183306047e+00,-3.805062847074643373e-01,3.822786067165489824e-07,2.117550241117000225e-03,-4.157548373901619881e-02,-1.020765671468233828e-10,4.369293968757395619e-02,3.032385808822499218e-07,-3.002468538577084879e-05,2.924770683646474214e-03,-1.195394719394805502e-02,7.799392729061073750e-09,1.488612375082925751e-02,-2.381609427513298524e-05
2.217043982141535974e+00,3.805064944657883808e-01,-2.019287166379407986e-02,-3.665629977958205776e-01,-2.000573623603147769e-10,-1.224426229771104158e+00,-3.805062839331342373e-01,2.970192029276365090e-07,2.125962930003397981e-03,-4.160977418522823074e-02,-7.992898017163111861e-11,4.373566385271224211e-02,2.356093624691617212e-07,-2.927412352109772970e-05,2.926421454347805269e-03,-1.189575979468635199e-02,7.604486188369538768e-09,1.482940198892544401e-02,-2.322073592766442436e-05
2.219919525568438079e+00,3.805064951998896050e-01,-2.018674626391083263e-02,-3.666826976097640189e-01,-2.002560318245946439e-10,-1.224300404738350334e+00,-3.805062833508077169e-01,2.139255860942630538e-07,2.134380303671218337e-03,-4.164389723849672847e-02,-5.834380675574802407e-11,4.377822477547611141e-02,1.696980828481476905e-07,-2.851833866966796993e-05,2.928029032650616981e-03,-1.183752201459694134e-02,7.408223220921092658e-09,1.477258536549537656e-02,-2.262123461855934450e-05
2.222795068995340628e+00,3.805064956981833446e-01,-2.018059665291734028e-02,-3.668024953051832737e-01,-2.003934454745804110e-10,-1.224174457554846107e+00,-3.805062829555276860e-01,1.330127494809187490e-07,2.142802237803002191e-03,-4.167785275463253836e-02,-3.732494069951777217e-11,4.382062218366072903e-02,1.055166349307716835e-07,-2.775734872143669144e-05,2.929593338163308854e-03,-1.177923432865160200e-02,7.210608472462802670e-09,1.471567427953195811e-02,-2.201760453843250016e-05
2.225670612422242733e+00,3.805064959669620661e-01,-2.017442281787880376e-02,-3.669223904001122638e-01,-2.004712373339766961e-10,-1.224048388691175049e+00,-3.805062827423029148e-01,5.429563454335167189e-08,2.151228607851658585e-03,-4.171164059081090142e-02,-1.687626234934205211e-11,4.386285580620877256e-02,4.307687053302847080e-08,-2.699117182044752125e-05,2.931114291561056837e-03,-1.172089721073064916e-02,7.011646654728494473e-09,1.465866913006608555e-02,-2.140986007944596488e-05
2.228546155849144839e+00,3.805064960125611462e-01,-2.016822474621889419e-02,-3.670423824121764045e-01,-2.004910525650217541e-10,-1.223922198618698554e+00,-3.805062827061081454e-01,-2.221086980148081313e-08,2.159659289043523028e-03,-4.174526060556791457e-02,2.998361591912554050e-12,4.390492537321021016e-02,-1.760940020374594455e-08,-2.621982636438606280e-05,2.932591814587603984e-03,-1.166251113362174775e-02,6.811342545322797968e-09,1.460157031616714056e-02,-2.079801583495491892e-05
2.231421699276046944e+00,3.805064958413585940e-01,-2.016200242572040169e-02,-3.671624708585959906e-01,-2.004545474289829850e-10,-1.223795887809551397e+00,-3.805062828418840915e-01,-9.649192790409542737e-08,2.168094156381448340e-03,-4.177871265879785911e-02,2.229507825415339397e-11,4.394683061590279327e-02,-7.653040939087378167e-08,-2.544333100412365009e-05,2.934025830057040724e-03,-1.160407656901800422e-02,6.609700987602658635e-09,1.454437823694273470e-02,-2.018208659914574605e-05
2.234297242702949049e+00,3.805064954597749960e-01,-2.015575584452585292e-02,-3.672826552561906377e-01,-2.003633892461081056e-10,-1.223669456736640848e+00,-3.805062831445378824e-01,-1.685327581098661158e-07,2.176533084647873373e-03,-4.181199661174969662e-02,4.101004878896414223e-11,4.398857126667189699e-02,-1.336744319693137054e-07,-2.466170464324861998e-05,2.935416261855521795e-03,-1.154559398751671753e-02,6.406726890555627002e-09,1.448709329153906843e-02,-1.956208736666425720e-05
2.237172786129851154e+00,3.805064948742734043e-01,-2.014948499113817723e-02,-3.674029351213828898e-01,-2.002192563550343116e-10,-1.223542905873641340e+00,-3.805062836089428968e-01,-2.383186334850141860e-07,2.184975948407908656e-03,-4.184511232702401579e-02,5.913944855814251591e-11,4.403014705905066578e-02,-1.890297862855219262e-07,-2.387496643758711180e-05,2.936763034942962806e-03,-1.148706385861795846e-02,6.202425228675399396e-09,1.442971587914110114e-02,-1.893803333223555561e-05
2.240048329556753259e+00,3.805064940913592819e-01,-2.014318985442128951e-02,-3.675233099702018280e-01,-2.000238380716554803e-10,-1.223416235694992027e+00,-3.805062842299390402e-01,-3.058348825412732777e-07,2.193422622012435475e-03,-4.187805966856995854e-02,7.667946732189761619e-11,4.407155772772027025e-02,-2.425848346662762269e-07,-2.308313579471166961e-05,2.938066075354702541e-03,-1.142848665072304475e-02,5.996801041834218717e-09,1.437224639897255463e-02,-1.830993989027423908e-05
2.242923872983655365e+00,3.805064931175798915e-01,-2.013687042360072510e-02,-3.676437793182877889e-01,-1.997788346474489410e-10,-1.223289446675893455e+00,-3.805062850023326337e-01,-3.710668899590201172e-07,2.201872979601188478e-03,-4.191083850168192404e-02,9.362630942664630470e-11,4.411280300850983771e-02,-2.943279839922678681e-07,-2.228623237343972422e-05,2.939325310203116243e-03,-1.136986283113335626e-02,5.789859435152631539e-09,1.431468525029622532e-02,-1.767782263448663664e-05
2.245799416410557470e+00,3.805064919595247952e-01,-2.013052668826424002e-02,-3.677643426808951399e-01,-1.994859572272620699e-10,-1.223162539292304007e+00,-3.805062859208969694e-01,-4.340000973090681641e-07,2.210326895105867336e-03,-4.194344869299652945e-02,1.099761939924624375e-10,4.415388263839670896e-02,-3.442476862706469839e-07,-2.148427608331949493e-05,2.940540667679204193e-03,-1.131119286604884318e-02,5.581605578865983645e-09,1.425703283241394441e-02,-1.704169735746296563e-05
2.248674959837459575e+00,3.805064906238250222e-01,-2.012415863836239036e-02,-3.678849995728970534e-01,-1.991469278065619162e-10,-1.223035514020937020e+00,-3.805062869803721437e-01,-4.946200037728148904e-07,2.218784242253230184e-03,-4.197589011048941804e-02,1.257253551000998422e-10,4.419479635550651458e-02,-3.923324392062506431e-07,-2.067728708410655034e-05,2.941712077054144288e-03,-1.125247722056690013e-02,5.372044708188482816e-09,1.419928954466688140e-02,-1.640158005026214999e-05
2.251550503264361680e+00,3.805064891171534014e-01,-2.011776626420913247e-02,-3.680057495087888375e-01,-1.987634791881456350e-10,-1.222908371339257227e+00,-3.805062881754651127e-01,-5.529121668610522042e-07,2.227244894568205288e-03,-4.200816262347191465e-02,1.408700419776684101e-10,4.423554389911313334e-02,-4.385707867717815160e-07,-1.986528578522636255e-05,2.942839468680781296e-03,-1.119371635868105300e-02,5.161182123173642709e-09,1.414145578643558922e-02,-1.575748690198554584e-05
2.254426046691263785e+00,3.805064874462241176e-01,-2.011134955648239547e-02,-3.681265920026919880e-01,-1.983373549383165101e-10,-1.222781111725476544e+00,-3.805062895008500812e-01,-6.088622031310816421e-07,2.235708725377013109e-03,-4.204026610258818075e-02,1.554065191868662234e-10,4.427612500963910847e-02,-4.829513197766267087e-07,-1.904829284522829275e-05,2.943922773995131734e-03,-1.113491074327968219e-02,4.949023188572468533e-09,1.408353195714009271e-02,-1.510943429934375194e-05
2.257301590118165890e+00,3.805064856177926558e-01,-2.010490850622465020e-02,-3.682475265683577414e-01,-1.978703093425238868e-10,-1.222653735658552954e+00,-3.805062909511684466e-01,-6.624557889022389927e-07,2.244175607810260618e-03,-4.207220041981164782e-02,1.693310668088041553e-10,4.431653942865545343e-02,-5.254626764344331543e-07,-1.822632917122741006e-05,2.944961925517793327e-03,-1.107606083614511190e-02,4.735573333688520114e-09,1.402551845624026676e-02,-1.445743882621394176e-05
2.260177133545067996e+00,3.805064836386556348e-01,-2.009844310484345045e-02,-3.683685527191714049e-01,-1.973641073604697011e-10,-1.222526243618185182e+00,-3.805062925210290770e-01,-7.136786609699124720e-07,2.252645414806088518e-03,-4.210396544844217936e-02,1.826399806294353229e-10,4.435678689888195025e-02,-5.660935429294739687e-07,-1.739941591833441131e-05,2.945956856855366617e-03,-1.101716709795215812e-02,4.520838052229859803e-09,1.396741568323562645e-02,-1.380151726318756820e-05
2.263052676971970101e+00,3.805064815156506963e-01,-2.009195334411200198e-02,-3.684896699681555199e-01,-1.968205245806828230e-10,-1.222398636084810253e+00,-3.805062942050083108e-01,-7.625166173177775772e-07,2.261118019113277696e-03,-4.213556106310267779e-02,1.953295723245223390e-10,4.439686716418727447e-02,-6.048326539816060336e-07,-1.656757448907572526e-05,2.946907502701810212e-03,-1.095822998826726825e-02,4.304822902158460107e-09,1.390922403766572599e-02,-1.314168658711050439e-05
2.265928220398872206e+00,3.805064792556558939e-01,-2.008543921616970721e-02,-3.686108778279743037e-01,-1.962413471745614186e-10,-1.222270913539599935e+00,-3.805062959976501791e-01,-8.089555178284263889e-07,2.269593293294383009e-03,-4.216698713973594803e-02,2.073961696441881836e-10,4.443677996958896037e-02,-6.416687934099536930e-07,-1.573082653280155523e-05,2.947813798839771758e-03,-1.089924996554744036e-02,4.087533505536477135e-09,1.385094391911023161e-02,-1.247796397061336722e-05
2.268803763825774311e+00,3.805064768655902485e-01,-2.007890071352266478e-02,-3.687321758109370351e-01,-1.956283718498858905e-10,-1.222143076464457856e+00,-3.805062978934665718e-01,-8.529812849922516683e-07,2.278071109728866186e-03,-4.219824355560150564e-02,2.188361165970140117e-10,4.447652506125364391e-02,-6.765907946952063882e-07,-1.488919394508311855e-05,2.948675682141876399e-03,-1.084022748713912160e-02,3.868975548369720733e-09,1.379257572718897012e-02,-1.181036678163347744e-05
2.271679307252676416e+00,3.805064743524129156e-01,-2.007233782904421782e-02,-3.688535634290017740e-01,-1.949834058038024231e-10,-1.222015125342015507e+00,-3.805062998869372382e-01,-8.945799046146002541e-07,2.286551340616237854e-03,-4.222933018927244736e-02,2.296457736336860189e-10,4.451610218649718759e-02,-7.095875415405475917e-07,-1.404269886709857139e-05,2.949493090571991393e-03,-1.078116300927730795e-02,3.649154780448181502e-09,1.373411986156214057e-02,-1.113891258292774449e-05
2.274554850679578522e+00,3.805064717231233518e-01,-2.006575055597547425e-02,-3.689750401937796909e-01,-1.943082666752801308e-10,-1.221887060655629798e+00,-3.805063019725101747e-01,-9.337374265210961270e-07,2.295033857979182201e-03,-4.226024692063207189e-02,2.398215178301695477e-10,4.455551109378465269e-02,-7.406479684311267393e-07,-1.319136368500856256e-05,2.950265963186429145e-03,-1.072205698708462648e-02,3.428077015183868245e-09,1.367557672193044430e-02,-1.046361913157732338e-05
2.277430394106480627e+00,3.805064689847610371e-01,-2.005913888792576830e-02,-3.690966056165378983e-01,-1.936047824970408005e-10,-1.221758882889379061e+00,-3.805063041446014593e-01,-9.704399652612364804e-07,2.303518533666719381e-03,-4.229099363087095859e-02,2.493597430704310356e-10,4.459475153273063236e-02,-7.697610611921623573e-07,-1.233521102931955436e-05,2.950994240135149799e-03,-1.066290987457037959e-02,3.205748129445478964e-09,1.361694670803518040e-02,-9.784504378482635647e-06
2.280305937533382732e+00,3.805064661444052532e-01,-2.005250281887321212e-02,-3.692182592082040582e-01,-1.928747916469654432e-10,-1.221630592528059500e+00,-3.805063063975958060e-01,-1.004673700810032415e-06,2.312005239357331921e-03,-4.232157020248348417e-02,2.582568602286568827e-10,4.463382325409914059e-02,-7.969158575454986127e-07,-1.147426377423769912e-05,2.951677862662887945e-03,-1.060372212462971746e-02,2.982174063390587836e-09,1.355823021965836886e-02,-9.101586467850799236e-06
2.283181480960284837e+00,3.805064632091749166e-01,-2.004584234316513988e-02,-3.693400004793699343e-01,-1.921201427989760503e-10,-1.221502190057183412e+00,-3.805063087258463428e-01,-1.036424879267885475e-06,2.320493846562134057e-03,-4.235197651926483897e-02,2.665092973510096408e-10,4.467272600980397301e-02,-8.221014476647574831e-07,-1.060854503701002882e-05,2.952316773110280623e-03,-1.054449418904279852e-02,2.757360820294566887e-09,1.349942765662290670e-02,-8.414883736673098942e-06
2.286057024387186942e+00,3.805064601862284124e-01,-2.003915745551859695e-02,-3.694618289402947231e-01,-1.913426948733963820e-10,-1.221373675962973859e+00,-3.805063111236747231e-01,-1.065679813558474611e-06,2.328984226628005080e-03,-4.238221246630758526e-02,2.741134998368697743e-10,4.471145955290849877e-02,-8.453069747289139630e-07,-9.738078177255712388e-06,2.952910914914917695e-03,-1.048522651847411634e-02,2.531314466376935555e-09,1.344053941879274662e-02,-7.724414714194491379e-06
2.288932567814089492e+00,3.805064570827634274e-01,-2.003244815102081522e-02,-3.695837441009093283e-01,-1.905443169867921482e-10,-1.221245050732362447e+00,-3.805063135853718470e-01,-1.092424884124743991e-06,2.337476250740764747e-03,-4.241227792999874291e-02,2.810659306195853767e-10,4.475002363762617397e-02,-8.665216354743656693e-07,-8.862886796286367704e-06,2.953460232612408701e-03,-1.042591956247155768e-02,2.304041130624819670e-09,1.338156590607287970e-02,-7.030198121374471049e-06
2.291808111240991597e+00,3.805064539060167284e-01,-2.002571442512965372e-02,-3.697057454708193580e-01,-1.897268884012921085e-10,-1.221116314852986884e+00,-3.805063161051973619e-01,-1.116646539622901017e-06,2.345969789928314432e-03,-4.244217279801634074e-02,2.873630703467012815e-10,4.478841801932036126e-02,-8.857346807454250592e-07,-7.982994736415002963e-06,2.953964671837352139e-03,-1.036657376946583525e-02,2.075547004613510746e-09,1.332250751840955739e-02,-6.332252870338945159e-06
2.294683654667893702e+00,3.805064506632638843e-01,-2.001895627367408087e-02,-3.698278325593099547e-01,-1.888922984733910718e-10,-1.220987468813185206e+00,-3.805063186773801065e-01,-1.138331297614434202e-06,2.354464715063813839e-03,-4.247189695932626630e-02,2.930014175596790427e-10,4.482664245450453805e-02,-9.029354160432383903e-07,-7.098426080253799272e-06,2.954424179324322951e-03,-1.030718958676982676e-02,1.845838342324109676e-09,1.326336465579043729e-02,-5.630598063823181554e-06
2.297559198094795807e+00,3.805064473618191556e-01,-2.001217369285457001e-02,-3.699500048753482373e-01,-1.880424466022384424e-10,-1.220858513101995113e+00,-3.805063212961183328e-01,-1.157465745256058561e-06,2.362960896868831692e-03,-4.250145030417914332e-02,2.979774888730751121e-10,4.486469670084246991e-02,-9.181132020730636611e-07,-6.209205150002605507e-06,2.954838702908791064e-03,-1.024776746057786889e-02,1.614921459958727754e-09,1.320413771824462991e-02,-4.925252994607438285e-06
2.300434741521697912e+00,3.805064440090351607e-01,-2.000536667924356082e-02,-3.700722619275878533e-01,-1.871792421774098547e-10,-1.220729448209148860e+00,-3.805063239555797061e-01,-1.174036539987652052e-06,2.371458205916524183e-03,-4.253083272410691784e-02,3.022878191531958771e-10,4.490258051714820370e-02,-9.312574552899514696e-07,-5.315356506723779015e-06,2.955208191528006529e-03,-1.018830783596523862e-02,1.382802735752203416e-09,1.314482710584288783e-02,-4.216237144941775730e-06
2.303310284948600017e+00,3.805064406123030429e-01,-1.999853522978588954e-02,-3.701946032243724205e-01,-1.863046045261687224e-10,-1.220600274625070814e+00,-3.805063266499015273e-01,-1.188030410218036746e-06,2.379956512634795202e-03,-4.256004411191987441e-02,3.059289616961999860e-10,4.494029366338637976e-02,-9.423576484427174073e-07,-4.416904949609346256e-06,2.955532595221869487e-03,-1.012881115688754954e-02,1.149488609781759293e-09,1.308543321869768718e-02,-3.503570185964753965e-06
2.306185828375502123e+00,3.805064371790516931e-01,-1.999167934179917061e-02,-3.703170282737389130e-01,-1.854204628602140571e-10,-1.220470992840873903e+00,-3.805063293731910656e-01,-1.199434156008672693e-06,2.388455687309474790e-03,-4.258908436170320833e-02,3.088974884056496163e-10,4.497783590067208626e-02,-9.514033111162651743e-07,-3.513875515235047566e-06,2.955811865133732043e-03,-1.006927786618023145e-02,9.149855837733015327e-10,1.302595645696331787e-02,-2.787271977111674804e-06
2.309061371802404228e+00,3.805064337167482491e-01,-1.998479901297421993e-02,-3.704395365834218801e-01,-1.845287562219196473e-10,-1.220341603348356285e+00,-3.805063321195253367e-01,-1.208234649755183173e-06,2.396955600087493678e-03,-4.261795336881400026e-02,3.111899899695062913e-10,4.501520699127131708e-02,-9.583840302721784639e-07,-2.606293476804372963e-06,2.956045953511202314e-03,-1.000970840555810010e-02,6.793002209050962380e-10,1.296639722083609003e-02,-2.067362565515024770e-06
2.311936915229306333e+00,3.805064302328971526e-01,-1.997789424137546080e-02,-3.705621276608567216e-01,-1.836314334300649622e-10,-1.220212106639998462e+00,-3.805063348829516578e-01,-1.214418836866682528e-06,2.405456120980053059e-03,-4.264665102987780232e-02,3.128030760365509271e-10,4.505240669860079150e-02,-9.632894507875778074e-07,-1.694184343382093464e-06,2.956234813706867370e-03,-9.950103215614857638e-03,4.424391456087201353e-10,1.290675591055435133e-02,-1.343862185396420634e-06
2.314812458656208438e+00,3.805064267350402041e-01,-1.997096502544128127e-02,-3.706848010131830740e-01,-1.827304530250598713e-10,-1.220082503208958835e+00,-3.805063376574875367e-01,-1.217973736442898539e-06,2.413957119865807379e-03,-4.267517724278551555e-02,3.137333753922311088e-10,4.508943478722816922e-02,-9.661092759922199304e-07,-7.775738591168476820e-07,2.956378400179017051e-03,-9.890462735822792492e-03,2.044090433671760567e-10,1.284703292639871423e-02,-6.167912574500208887e-07
2.317688002083110543e+00,3.805064232307569516e-01,-1.996401136398443660e-02,-3.708075561472491954e-01,-1.818277832136634925e-10,-1.219952793549071934e+00,-3.805063404371211155e-01,-1.218886441949023905e-06,2.422458466494045812e-03,-4.270353190669017723e-02,3.139775361339264966e-10,4.512629102287229327e-02,-9.668332682038115643e-07,1.435119975471193170e-07,2.956476668492315739e-03,-9.830787404532199958e-03,-3.478333948981225012e-11,1.278722866869198491e-02,1.138296117827902885e-07
2.320563545510012649e+00,3.805064197276633586e-01,-1.995703325619239271e-02,-3.709303925696148529e-01,-1.809254018132011991e-10,-1.219822978154843307e+00,-3.805063432158110048e-01,-1.217144121888307617e-06,2.430960030487874617e-03,-4.273171492200372734e-02,3.135322258456133377e-10,4.516297517240315529e-02,-9.654512492615123008e-07,1.069047014668666366e-06,2.956529575318446370e-03,-9.771077658971390884e-03,-2.751311959932236877e-10,1.272734353779956910e-02,8.479796305469292616e-07
2.323439088936914754e+00,3.805064162334124700e-01,-1.995003070162770786e-02,-3.710533097865556518e-01,-1.800252961952793220e-10,-1.219693057521448631e+00,-3.805063459874867826e-01,-1.212734020472314894e-06,2.439461681347396878e-03,-4.275972619039368483e-02,3.123941317719388352e-10,4.519948700384207596e-02,-9.619531010576042560e-07,1.999004747619350287e-06,2.956537078436692438e-03,-9.711333935246013391e-03,-5.166276587449841234e-10,1.266737793412923453e-02,1.585637822515814785e-06
2.326314632363816859e+00,3.805064127556939679e-01,-1.994300370022836916e-02,-3.711763073040657557e-01,-1.791294632290005966e-10,-1.219563032144727721e+00,-3.805063487460488836e-01,-1.205643458288860508e-06,2.447963288452902671e-03,-4.278756561478001819e-02,3.105599609916787003e-10,4.523582628636180214e-02,-9.563287660672963556e-07,2.933358519903358657e-06,2.956499136734525197e-03,-9.651556668339172571e-03,-7.592658001308958626e-10,1.260733225813157228e-02,2.326783027441725832e-06
2.329190175790718964e+00,3.805064093022336169e-01,-1.993595225230813950e-02,-3.712993846278622168e-01,-1.782399092236820088e-10,-1.219432902521182971e+00,-3.805063514853689877e-01,-1.195859832967572342e-06,2.456464721068057477e-03,-4.281523309933200211e-02,3.080264405905853294e-10,4.527199279028676360e-02,-9.485682478766640889e-07,3.872081423987814701e-06,2.956415710208127115e-03,-9.591746292110842412e-03,-1.003038632536256299e-09,1.254720691029973315e-02,3.071393901814405389e-06
2.332065719217621069e+00,3.805064058807935412e-01,-1.992887635855686984e-02,-3.714225412633883616e-01,-1.773586498710750915e-10,-1.219302669147975582e+00,-3.805063541992901865e-01,-1.183370619843008280e-06,2.464965848343081932e-03,-4.284272854946467868e-02,3.047903178336031373e-10,4.530798628709292036e-02,-9.386616117086554872e-07,4.815146322144834131e-06,2.956286759962873691e-03,-9.531903239298120806e-03,-1.247939108564550366e-09,1.248700229116998621e-02,3.819448919529076593e-06
2.334941262644523174e+00,3.805064024991716143e-01,-1.992177602004085307e-02,-3.715457767158171776e-01,-1.764877101870939201e-10,-1.219172332522922675e+00,-3.805063568816268726e-01,-1.168163372615403320e-06,2.473466539317957600e-03,-4.287005187183600546e-02,3.008483603364612300e-10,4.534380654940818600e-02,-9.265989849471986888e-07,5.762525847302317647e-06,2.956112248213810505e-03,-9.472027941514660557e-03,-1.493960121258386553e-09,1.242671880132137190e-02,4.570926372561192458e-06
2.337816806071425280e+00,3.805063991652016253e-01,-1.991465123820309810e-02,-3.716690904900551429e-01,-1.756291244530490997e-10,-1.219041893144492628e+00,-3.805063595261654608e-01,-1.150225724008907978e-06,2.481966662925605416e-03,-4.289720297434340690e-02,2.961973562366197908e-10,4.537945335101240679e-02,-9.123705576593222591e-07,6.714192403906612920e-06,2.955892138286061750e-03,-9.412120829250792547e-03,-1.741094504323511782e-09,1.236635684137605759e-02,5.325804371650765863e-06
2.340692349498327385e+00,3.805063958867525020e-01,-1.990750201486367332e-02,-3.717924820907455019e-01,-1.747849361563920616e-10,-1.218911351511803298e+00,-3.805063621266639995e-01,-1.129545386427344048e-06,2.490466087995078879e-03,-4.292418176612046443e-02,2.908341143635712137e-10,4.541492646683738255e-02,-8.959665831153234179e-07,7.670118168795010189e-06,2.955626394615214897e-03,-9.352182331873551760e-03,-1.989335032355415060e-09,1.230591681199952152e-02,6.084060846994487372e-06
2.343567892925229490e+00,3.805063926717286438e-01,-1.990032835221996685e-02,-3.719159510222723175e-01,-1.739571979309695912e-10,-1.218780708124617806e+00,-3.805063646768525043e-01,-1.106110152607439161e-06,2.498964683254770690e-03,-4.295098815753403687e-02,2.847554644084847144e-10,4.545022567296730376e-02,-8.773773783069171509e-07,8.630275092079033305e-06,2.955314982747686298e-03,-9.292212877626373699e-03,-2.238674421068699905e-09,1.224539911390038621e-02,6.845673548946274425e-06
2.346443436352131595e+00,3.805063895280691999e-01,-1.989313025284698833e-02,-3.720394967887631910e-01,-1.731479714967921288e-10,-1.218649963483341425e+00,-3.805063671704336792e-01,-1.079907896269501827e-06,2.507462317335589028e-03,-4.297762206018058972e-02,2.779582570931871283e-10,4.548535074663847405e-02,-8.565933244633627135e-07,9.594634898037902786e-06,2.954957869341010013e-03,-9.232212893629344191e-03,-2.489105327529110160e-09,1.218480414783075678e-02,7.610620048726091374e-06
2.349318979779033700e+00,3.805063864637482918e-01,-1.988590771969764304e-02,-3.721631188940937585e-01,-1.723593275993178339e-10,-1.218519118089018916e+00,-3.805063696010821950e-01,-1.050926572765530173e-06,2.515958858774167226e-03,-4.300408338688327392e-02,2.704393643384783452e-10,4.552030146623978202e-02,-8.336048675655614898e-07,1.056316908602173976e-05,2.954555022164143552e-03,-9.172182805879156020e-03,-2.740620350388099186e-09,1.212413231458624521e-02,8.378877739136300493e-06
2.352194523205935806e+00,3.805063834867744021e-01,-1.987866075610298863e-02,-3.722868168418904666e-01,-1.715933459482514821e-10,-1.218388172443330086e+00,-3.805063719624456331e-01,-1.019154219724652114e-06,2.524454176016052188e-03,-4.303037205168854656e-02,2.621956794317525850e-10,4.555507761131256939e-02,-8.084025188580245642e-07,1.153584893136708321e-05,2.954106410097685157e-03,-9.112123039249180045e-03,-2.993212030120558671e-09,1.206338401500602932e-02,9.150423835287867374e-06
2.355070066632838355e+00,3.805063806051905417e-01,-1.987138936577251269e-02,-3.724105901355344028e-01,-1.708521151558652256e-10,-1.218257127048586907e+00,-3.805063742481442080e-01,-9.845789576960208109e-07,2.532948137418909729e-03,-4.305648796986309007e-02,2.532241171939565837e-10,4.558967896255099878e-02,-7.809768553588259429e-07,1.251264548631997463e-05,2.953612003134105379e-03,-9.052034017489567555e-03,-3.246872849264561633e-09,1.200255964997297246e-02,9.925235375332665797e-06
2.357945610059740460e+00,3.805063778270733055e-01,-1.986409355279436170e-02,-3.725344382781646813e-01,-1.701377326748374176e-10,-1.218125982407730845e+00,-3.805063764517712666e-01,-9.471889907889316642e-07,2.541440611255712991e-03,-4.308243105789041905e-02,2.435216141458330962e-10,4.562410530180202595e-02,-7.513185203673657713e-07,1.349352958097138226e-05,2.953071772377902342e-03,-8.991916163227479247e-03,-3.501595232664282201e-09,1.194165962041378315e-02,1.070328922120532698e-05
2.360821153486642565e+00,3.805063751599078725e-01,-1.985677332001205622e-02,-3.726583607710840518e-01,-1.694521424070701093e-10,-1.217994739024149009e+00,-3.805063785673895582e-01,-9.078683134602002637e-07,2.549933790153027964e-03,-4.310819894534940327e-02,2.333175372371983786e-10,4.565835666931711279e-02,-7.201287127520611416e-07,1.362330950901259130e-05,2.954704910368996604e-03,-8.929585350640333041e-03,-3.535482878702684963e-09,1.188092993462789432e-02,1.080623331077097437e-05
2.363696696913544670e+00,3.805063726053573014e-01,-1.984942865545239604e-02,-3.727823571004016956e-01,-1.687957776115126676e-10,-1.217863397400169134e+00,-3.805063805936799715e-01,-8.689650079958872069e-07,2.558433665873791583e-03,-4.313378552317363029e-02,2.232211397973647815e-10,4.569243352697077709e-02,-6.892699698166965920e-07,1.343455109144231872e-05,2.957129259130246088e-03,-8.866402537060070685e-03,-3.486720449497371424e-09,1.182021802928774450e-02,1.065650757207096982e-05
2.366572240340446776e+00,3.805063701618928151e-01,-1.984205953915257545e-02,-3.729064267437572910e-01,-1.681682434287983058e-10,-1.217731958037811646e+00,-3.805063825318549808e-01,-8.306061558766415393e-07,2.566940466194482084e-03,-4.315919035736006520e-02,2.132653928667008270e-10,4.572633569988238805e-02,-6.588430946653776153e-07,1.324463193663172651e-05,2.959521093289497334e-03,-8.803178972111330713e-03,-3.437657796297356377e-09,1.175943314428602206e-02,1.050586111996078752e-05
2.369447783767348881e+00,3.805063678279440587e-01,-1.983466595133520985e-02,-3.730305691783711297e-01,-1.675691341731905275e-10,-1.217600421439691383e+00,-3.805063843831603121e-01,-7.927950861686663030e-07,2.575454097448012791e-03,-4.318441333146026684e-02,2.034511575086241772e-10,4.576006297875755136e-02,-6.288507279611213102e-07,1.305355809370377868e-05,2.961880294722672984e-03,-8.739915166145601627e-03,-3.388296482013339836e-09,1.169857567035804957e-02,1.035429875268735266e-05
2.372323327194250986e+00,3.805063656019311846e-01,-1.982724787249271620e-02,-3.731547838811312690e-01,-1.669980416894083745e-10,-1.217468788109023370e+00,-3.805063861488490740e-01,-7.555351104651009183e-07,2.583974465628215839e-03,-4.320945433049263457e-02,1.937792902720267123e-10,4.579361515542536981e-02,-5.992954965070729849e-07,1.286133566635772022e-05,2.964206745712430653e-03,-8.676611629087262190e-03,-3.338638083666587759e-09,1.163764599820530862e-02,1.020182531178824834e-05
2.375198870621153091e+00,3.805063634822646312e-01,-1.981980528338834688e-02,-3.732790703285966960e-01,-1.664545553656669806e-10,-1.217337058549619266e+00,-3.805063878301822577e-01,-7.188295227294424851e-07,2.592501476391008766e-03,-4.323431324094140216e-02,1.842506431507909672e-10,4.582699202283847112e-02,-5.701800131223031751e-07,1.266797081265678351e-05,2.966500328951265919e-03,-8.613268870430911689e-03,-3.288684192334074262e-09,1.157664451849593941e-02,1.004844568192335762e-05
2.378074414048055196e+00,3.805063614673456218e-01,-1.981233816505710912e-02,-3.734034279970024905e-01,-1.659382621468333113e-10,-1.217205233265885367e+00,-3.805063894284279047e-01,-6.826815991394861029e-07,2.601035035055580206e-03,-4.325898995075515285e-02,1.748660635434418635e-10,4.586019337507271643e-02,-5.415068765180226723e-07,1.247346974481291152e-05,2.968760927544590155e-03,-8.549887399238599583e-03,-3.238436413092847924e-09,1.151557162186508942e-02,9.894164790704074573e-06
2.380949957474957301e+00,3.805063595555658318e-01,-1.980484649880676074e-02,-3.735278563622633219e-01,-1.654487465476983278e-10,-1.217073312762817272e+00,-3.805063909448618276e-01,-6.470945979319537234e-07,2.609575046605577733e-03,-4.328348434934567446e-02,1.656263942129749421e-10,4.589321900732725584e-02,-5.132786711743361599e-07,1.227783872896949558e-05,2.970988425013827445e-03,-8.486467724137285867e-03,-3.187896364963886910e-09,1.145442769891552234e-02,9.738987608520973752e-06
2.383825500901859407e+00,3.805063577453076107e-01,-1.979733026621876071e-02,-3.736523548999782229e-01,-1.649855906663643366e-10,-1.216941297545998779e+00,-3.805063923807670001e-01,-6.120717592477278904e-07,2.618121415690316534e-03,-4.330779632758677972e-02,1.565324732468421726e-10,4.592606871592440354e-02,-4.854979672174822574e-07,1.208108408498164820e-05,2.973182705299494150e-03,-8.423010353315897245e-03,-3.137065680855315912e-09,1.139321314021781925e-02,9.582919148369529747e-06
2.386701044328761512e+00,3.805063560349441487e-01,-1.978978944914923377e-02,-3.737769230854343649e-01,-1.645483741977468003e-10,-1.216809188121597662e+00,-3.805063937374342231e-01,-5.776163049777101660e-07,2.626674046625979836e-03,-4.333192577781289773e-02,1.475851340170984177e-10,4.595874229830951285e-02,-4.581673202975645258e-07,1.188321218619393661e-05,2.975343652764287153e-03,-8.359515794522959231e-03,-3.085946007504972935e-09,1.133192833631114019e-02,9.425964465673803907e-06
2.389576587755663617e+00,3.805063544228391437e-01,-1.978222402972992788e-02,-3.739015603936114429e-01,-1.641366744471909198e-10,-1.216676984996362343e+00,-3.805063950161609032e-01,-5.437314386093374904e-07,2.635232843396841454e-03,-4.335587259381789432e-02,1.387852051407181410e-10,4.599123955305087219e-02,-4.312892714668070523e-07,1.168422945921595116e-05,2.977471152196148677e-03,-8.295984555063607227e-03,-3.034539005422399532e-09,1.127057367770336639e-02,9.268128658108420030e-06
2.392452131182565722e+00,3.805063529073474116e-01,-1.977463399036915453e-02,-3.740262662991858944e-01,-1.637500663442018237e-10,-1.216544688677618780e+00,-3.805063962182524961e-01,-5.104203450737318040e-07,2.643797709656498310e-03,-4.337963667085379532e-02,1.301335104400760003e-10,4.602356027983973280e-02,-4.048663470583108419e-07,1.148414238369537168e-05,2.979565088811357565e-03,-8.232417141797083310e-03,-2.982846348830208175e-09,1.120914955487173521e-02,9.109416865418573252e-06
2.395327674609467383e+00,3.805063514868144425e-01,-1.976701931375276708e-02,-3.741510402765350074e-01,-1.633881224562884703e-10,-1.216412299673267139e+00,-3.805063973450210635e-01,-4.776861905935452959e-07,2.652368548729090378e-03,-4.340321790562941956e-02,1.216308689036067063e-10,4.605570427949001733e-02,-3.789010585653627397e-07,1.128295749208890942e-05,2.981625348257580660e-03,-8.168814061134102925e-03,-2.930869725604878871e-09,1.114765635826332757e-02,8.949834269238312679e-06
2.398203218036369488e+00,3.805063501595766229e-01,-1.975937998284505934e-02,-3.742758817997411391e-01,-1.630504130029198129e-10,-1.216279818491779796e+00,-3.805063983977863828e-01,-4.455321225313859222e-07,2.660945263610569635e-03,-4.342661619630921316e-02,1.132780946466154797e-10,4.608767135393845166e-02,-3.533959025212045571e-07,1.108068136943050802e-05,2.983651816616964946e-03,-8.105175819034048101e-03,-2.878610837216862598e-09,1.108609447829539060e-02,8.789386092906701359e-06
2.401078761463271594e+00,3.805063489239614571e-01,-1.975171598088976133e-02,-3.744007903425959349e-01,-1.627365058695943667e-10,-1.216147245642195340e+00,-3.805063993778750597e-01,-4.139612692390226722e-07,2.669527756969933881e-03,-4.344983144251186175e-02,1.050759968722893073e-10,4.611946130624438450e-02,-3.283533603794200553e-07,1.087732065309779788e-05,2.985644380409175486e-03,-8.041502921002311594e-03,-2.826071398670217803e-09,1.102446430535580085e-02,8.628077601282539683e-06
2.403954304890174143e+00,3.805063477782874015e-01,-1.974402729141092397e-02,-3.745257653786045471e-01,-1.624459666220205916e-10,-1.216014581634118574e+00,-3.805064002866208051e-01,-3.829767399071673979e-07,2.678115931150493526e-03,-4.347286354530892349e-02,9.702537983285773539e-11,4.615107394058960699e-02,-3.037758983947803850e-07,1.067288203257561814e-05,2.987602926594473251e-03,-7.977795872087880408e-03,-2.773253138441507810e-09,1.096276622980376855e-02,8.465914100556811957e-06
2.406829848317076248e+00,3.805063467208640304e-01,-1.973631389821391136e-02,-3.746508063809895206e-01,-1.621783585204096169e-10,-1.215881826977715185e+00,-3.805064011253647682e-01,-3.525816244160038865e-07,2.686709688171149638e-03,-4.349571240722369114e-02,8.912704279094670758e-11,4.618250906227842206e-02,-2.796659675046813383e-07,1.046737224921775815e-05,2.989527342576763034e-03,-7.914055176880343406e-03,-2.720157798418223010e-09,1.090100064196994692e-02,8.302900938063677782e-06
2.409705391743978353e+00,3.805063457499919810e-01,-1.972857578538627851e-02,-3.747759128226954561e-01,-1.619332425338779811e-10,-1.215748982183708637e+00,-3.805064018954546490e-01,-3.227789931863657069e-07,2.695308929727670711e-03,-4.351837793222973483e-02,8.138177998109972535e-11,4.621376647773754731e-02,-2.560260032110954369e-07,1.026079809600600542e-05,2.991417516206655233e-03,-7.850281339507478306e-03,-2.666787133836509885e-09,1.083916793215716247e-02,8.139043502089354312e-06
2.412580935170880458e+00,3.805063448639631751e-01,-1.972081293729873244e-02,-3.749010841763926738e-01,-1.617101773549616268e-10,-1.215616047763378837e+00,-3.805064025982453080e-01,-2.935718970316481687e-07,2.703913557193975050e-03,-4.354086002574955594e-02,7.379038057148915668e-11,4.624484599451594846e-02,-2.328584254631067799e-07,1.005316641730721482e-05,2.993273335784502054e-03,-7.786474863632557655e-03,-2.613142913218395022e-09,1.077726849064079839e-02,7.974347221679423039e-06
2.415456478597782564e+00,3.805063440610607639e-01,-1.971302533860603765e-02,-3.750263199144818205e-01,-1.615087194142390327e-10,-1.215483024228555475e+00,-3.805064032350987668e-01,-2.649633670103619091e-07,2.712523471623438324e-03,-4.356315859465328955e-02,6.635362862579289046e-11,4.627574742128473528e-02,-2.101656385399537662e-07,9.844484108627664005e-06,2.995094690063449319e-03,-7.722636252451724193e-03,-2.559226918308299007e-09,1.071530270766927855e-02,7.808817566443966468e-06
2.418332022024684669e+00,3.805063433395591832e-01,-1.970521297424794940e-02,-3.751516195090976447e-01,-1.613284228950640236e-10,-1.215349912091618467e+00,-3.805064038073835420e-01,-2.369564142794740615e-07,2.721138573750199810e-03,-4.358527354725745540e-02,5.907230306527512348e-11,4.630647056783732812e-02,-1.879500309346980401e-07,9.634758116365780761e-06,2.996881468252485681e-03,-7.658766008691263866e-03,-2.505040944009135065e-09,1.065327097346447510e-02,7.642460046361451199e-06
2.421207565451586774e+00,3.805063426977243757e-01,-1.969737582945011931e-02,-3.752769824321134928e-01,-1.611688397484075109e-10,-1.215216711865491961e+00,-3.805064043164753107e-01,-2.095540299484073038e-07,2.729758763990464739e-03,-4.360720479332338279e-02,5.194717763103660966e-11,4.633701524508903463e-02,-1.662139752384141227e-07,9.423995437562015856e-06,2.998633560019459739e-03,-7.594864634605140788e-03,-2.450586798317667379e-09,1.059117367822229316e-02,7.475280211580301137e-06
2.424083108878488879e+00,3.805063421338134577e-01,-1.968951388972502159e-02,-3.754024081551450842e-01,-1.610295197078071011e-10,-1.215083424063643447e+00,-3.805064047637564673e-01,-1.827591849337952811e-07,2.738383942443839165e-03,-4.362895224405605871e-02,4.497902084646060847e-11,4.636738126507729263e-02,-1.449598280249791940e-07,9.212203119646945616e-06,3.000350855494134019e-03,-7.530932631972309284e-03,-2.395866302259410734e-09,1.052901121211312699e-02,7.307283652219098515e-06
2.426958652305390984e+00,3.805063416460752190e-01,-1.968162714087283438e-02,-3.755278961495552847e-01,-1.609100103044247307e-10,-1.214950049200077986e+00,-3.805064051506160672e-01,-1.565748298149001428e-07,2.747014008894665266e-03,-4.365051581210262210e-02,3.816859597983020855e-11,4.639756844096132316e-02,-1.241899297363886956e-07,8.999388260186406489e-06,3.002033245271197321e-03,-7.466970502094102263e-03,-2.340881289822769154e-09,1.046678396528229193e-02,7.138475998164426772e-06
2.429834195732293090e+00,3.805063412327499561e-01,-1.967371556898238338e-02,-3.756534458864573267e-01,-1.608098568822114710e-10,-1.214816587789336877e+00,-3.805064054784498828e-01,-1.310038946898827515e-07,2.755648862813352314e-03,-4.367189541155104548e-02,3.151666100716523526e-11,4.642757658702230394e-02,-1.039066045687470071e-07,8.785558006625523379e-06,3.003680620413297017e-03,-7.402978745791523318e-03,-2.285633607892879242e-09,1.040449232785044947e-02,6.968862918867822363e-06
2.432709739159195195e+00,3.805063408920696388e-01,-1.966577916043200230e-02,-3.757790568367197492e-01,-1.607286026131787561e-10,-1.214683040346493881e+00,-3.805064057486606255e-01,-1.060492890326910265e-07,2.764288403357734094e-03,-4.369309095792877490e-02,2.502396857522002240e-11,4.645740551866311269e-02,-8.411216035875056474e-08,8.570719556029376959e-06,3.005292872454062673e-03,-7.338957863402932602e-03,-2.230125116184590761e-09,1.034213668991433577e-02,6.798450123140067720e-06
2.435585282586097300e+00,3.805063406222578548e-01,-1.965781790189045572e-02,-3.759047284709703396e-01,-1.606657885127761096e-10,-1.214549407387152113e+00,-3.805064059626570572e-01,-8.171390155077936021e-08,2.772932529374426327e-03,-4.371410236820126582e-02,1.869126596469482266e-11,4.648705505240840336e-02,-6.480888847082747131e-08,8.354880154822247966e-06,3.006869893401110157e-03,-7.274908354781074379e-03,-2.174357687175079126e-09,1.027971744154690566e-02,6.627243358944364440e-06
2.438460826012999405e+00,3.805063404215296430e-01,-1.964983178031783767e-02,-3.760304602595999635e-01,-1.606209534553738464e-10,-1.214415689427440492e+00,-3.805064061218551008e-01,-5.800060004353735046e-08,2.781581139400189293e-03,-4.373492956077060928e-02,1.251929505363151126e-11,4.651652500590439110e-02,-4.599906368484226860e-08,8.138047098524222138e-06,3.008411575739065695e-03,-7.210830719290895613e-03,-2.118333206035771339e-09,1.021723497279821216e-02,6.455248413187392286e-06
2.441336369439901510e+00,3.805063402880923262e-01,-1.964182078296641820e-02,-3.761562516727671723e-01,-1.605936341898512651e-10,-1.214281886984009962e+00,-3.805064062276768411e-01,-3.491223126149158380e-08,2.790234131663313008e-03,-4.375557245547417873e-02,6.508792281008354290e-12,4.654581519791890776e-02,-2.768494408441227746e-08,7.920227731485743648e-06,3.009917812432563473e-03,-7.146725455806640301e-03,-2.062053570563748722e-09,1.015468967369555220e-02,6.282471111508767283e-06
2.444211912866803615e+00,3.805063402201446787e-01,-1.963378489738158705e-02,-3.762821021804016453e-01,-1.605833653552889625e-10,-1.214148000574032604e+00,-3.805064062815509685e-01,-1.245162076629994500e-08,2.798891404084990694e-03,-4.377603097358311740e-02,6.604886105398669505e-13,4.657492544834124920e-02,-9.868770945852985756e-09,7.701429446620255921e-06,3.011388496929248877e-03,-7.082593062709376629e-03,-2.005520691112648801e-09,1.009208193424409976e-02,6.108917318068960768e-06
2.447087456293705721e+00,3.805063402158775365e-01,-1.962572411140268980e-02,-3.764080112522092403e-01,-1.605896794967648551e-10,-1.214014030715195425e+00,-3.805064062849123907e-01,9.378427208528133044e-09,2.807552854280722602e-03,-4.379630503780108236e-02,-5.024890505335559606e-12,4.660385557818226554e-02,7.447231372300358098e-09,7.481659685134216668e-06,3.012823523162786506e-03,-7.018434037884509376e-03,-1.948736490522888071e-09,1.002941214442746101e-02,5.934592935335139806e-06
2.449962999720607826e+00,3.805063402734737976e-01,-1.961763841316393336e-02,-3.765339783576753252e-01,-1.606121070812539094e-10,-1.213879977925699016e+00,-3.805064062392028434e-01,3.057512989611507102e-08,2.816218379561710727e-03,-4.381639457226257917e-02,-1.054662516126242784e-11,4.663260540957407663e-02,2.426085553913921858e-08,7.260925936255062237e-06,3.014222785555837822e-03,-6.954248878719137064e-03,-1.891702904051364053e-09,9.966680694208090649e-03,5.759503903865397416e-06
2.452838543147509931e+00,3.805063403911080333e-01,-1.960952779109523259e-02,-3.766600029660689963e-01,-1.606501765136299760e-10,-1.213745842724253787e+00,-3.805064061458697799e-01,5.113572613388401365e-08,2.824887876936270012e-03,-4.383629950253171287e-02,-1.590400103456439526e-11,4.666117476577016920e-02,4.056991136058385801e-08,7.039235736957432168e-06,3.015586179023063956e-03,-6.890038082099578243e-03,-1.834421879300693093e-09,9.903887973527890354e-03,5.583656202091575854e-06
2.455714086574412036e+00,3.805063405669474319e-01,-1.960139223392310531e-02,-3.767860845464478525e-01,-1.607034141527700919e-10,-1.213611625630077073e+00,-3.805064060063674258e-01,7.105747650048090987e-08,2.833561243111252115e-03,-4.385601975560069615e-02,-2.109630942064749989e-11,4.668956347114532057e-02,5.637222588799131713e-08,6.816596671686716273e-06,3.016913598974091219e-03,-6.825802144408629757e-03,-1.776895376147768221e-09,9.841034372308488098e-03,5.407055846099985885e-06
2.458589630001314141e+00,3.805063407991508551e-01,-1.959323173067151203e-02,-3.769122225676612703e-01,-1.607713443277602669e-10,-1.213477327162888697e+00,-3.805064058221560019e-01,9.033766345187395197e-08,2.842238374493466155e-03,-4.387555525988831584e-02,-2.612284726819058049e-11,4.671777135119542512e-02,7.166564352611055010e-08,6.593016372080768734e-06,3.018204941316508273e-03,-6.761541561523309006e-03,-1.719125366671837658e-09,9.778120280452055196e-03,5.229708889410675072e-06
2.461465173428216247e+00,3.805063410858696704e-01,-1.958504627066274054e-02,-3.770384164983547337e-01,-1.608534893542018500e-10,-1.213342947842910080e+00,-3.805064055947019463e-01,1.089735914566478288e-07,2.850919167191124162e-03,-4.389490594523867001e-02,-3.098291721412802819e-11,4.674579823253768862e-02,8.644802614040105387e-08,6.368502516689574934e-06,3.019460102458833804e-03,-6.697256828812067110e-03,-1.661113835082054960e-09,9.715146087841564776e-03,5.051621422755053683e-06
2.464340716855118352e+00,3.805063414252473630e-01,-1.957683584351825601e-02,-3.771646658069742752e-01,-1.609493695506185794e-10,-1.213208488190858247e+00,-3.805064053254777479e-01,1.269625871305064234e-07,2.859603517015273533e-03,-4.391407174291946797e-02,-3.567582761842749842e-11,4.677364394291027433e-02,1.007172531637218394e-07,6.143062830692510157e-06,3.020678979313471627e-03,-6.632948441132354225e-03,-1.602862777644405057e-09,9.652112184341359036e-03,4.872799573851616452e-06
2.467216260282020901e+00,3.805063418154198129e-01,-1.956860043915953015e-02,-3.772909699617703616e-01,-1.610585032549630750e-10,-1.213073948727944495e+00,-3.805064050159621125e-01,1.443019993699443797e-07,2.868291319481258532e-03,-4.393305258562064247e-02,-4.020089259865337486e-11,4.680130831117240015e-02,1.144712217023610706e-07,5.916705085613768707e-06,3.021861469299690506e-03,-6.568616892828189197e-03,-1.544374202608161898e-09,9.589018959797796296e-03,4.693249507180227786e-06
2.470091803708923006e+00,3.805063422545154617e-01,-1.956034004780891900e-02,-3.774173284308017795e-01,-1.611804068412225410e-10,-1.212939329975870839e+00,-3.805064046676396305e-01,1.609891994851051594e-07,2.876982469810188733e-03,-4.395184840745303134e-02,-4.455743206431943493e-11,4.682879116730441493e-02,1.277078466414223614e-07,5.689437099035622932e-06,3.023007470346584895e-03,-6.504262677727469001e-03,-1.485650130131780101e-09,9.525866804039564983e-03,4.512977423754676477e-06
2.472967347135825111e+00,3.805063427406550902e-01,-1.955205465999050249e-02,-3.775437406819399100e-01,-1.613145947361228249e-10,-1.212804632456826681e+00,-3.805064042820009984e-01,1.770215813317867203e-07,2.885676862930384914e-03,-4.397045914394661498e-02,-4.874477175102125252e-11,4.685609234240743076e-02,1.404250607495313762e-07,5.461266734309882289e-06,3.024116880896006616e-03,-6.439886289139629474e-03,-1.426692592208321931e-09,9.462656106878368847e-03,4.331989560893781139e-06
2.475842890562727217e+00,3.805063432719518746e-01,-1.954374426653091371e-02,-3.776702061828727808e-01,-1.614605794359304986e-10,-1.212669856693484816e+00,-3.805064038605428522e-01,1.923965614426774917e-07,2.894374393478888266e-03,-4.398888473204926736e-02,-5.276224325437015816e-11,4.688321166870361434e-02,1.526208147829359401e-07,5.232201900266490300e-06,3.025189599905532978e-03,-6.375488219852943478e-03,-1.367503632590149331e-09,9.399387258109251353e-03,4.150292191990271343e-06
2.478718433989629322e+00,3.805063438465117742e-01,-1.953540885856017151e-02,-3.777967244011093406e-01,-1.616178715233521318e-10,-1.212535003208998985e+00,-3.805064034047672683e-01,2.071115791576755174e-07,2.903074955802923632e-03,-4.400712511012498662e-02,-5.660918406369011503e-11,4.691014897953579843e-02,1.642930775888762992e-07,5.002250550921057624e-06,3.026225526851397153e-03,-6.311068962132305657e-03,-1.308085306713333051e-09,9.336060647511390184e-03,3.967891626278780207e-06
2.481593977416531427e+00,3.805063444624335323e-01,-1.952704842751252362e-02,-3.779232948039830675e-01,-1.617859796845298294e-10,-1.212400072527001660e+00,-3.805064029161827066e-01,2.211640967534069398e-07,2.911778443961414355e-03,-4.402518021795277792e-02,-6.028493759550718590e-11,4.693690410936787738e-02,1.754398362083210320e-07,4.771420685179918410e-06,3.027224561731441110e-03,-6.246629007716388363e-03,-1.248439681621431479e-09,9.272676664848279390e-03,3.784794208601903217e-06
2.484469520843433532e+00,3.805063451178083422e-01,-1.951866296512727236e-02,-3.780499168586565206e-01,-1.619644107261334197e-10,-1.212265065171598266e+00,-3.805064023963031783e-01,2.345515995718945398e-07,2.920484751726463730e-03,-4.404304999672463417e-02,-6.378885322681978423e-11,4.696347689378422424e-02,1.860590959780288549e-07,4.539720346542871708e-06,3.028186605068017810e-03,-6.182168847815553044e-03,-1.188568835888657133e-09,9.209235699868608890e-03,3.601006319174394413e-06
2.487345064270335637e+00,3.805063458107203478e-01,-1.951025246344958650e-02,-3.781765900321250595e-01,-1.621526695925474841e-10,-1.212129981667366074e+00,-3.805064018466482456e-01,2.472715961483493860e-07,2.929193772584895872e-03,-4.406073438904453687e-02,-6.712028632814199997e-11,4.698986716949016262e-02,1.961488806319144842e-07,4.307157622804499015e-06,3.029111557910950641e-03,-6.117688973108959330e-03,-1.128474859542690790e-09,9.145738142306410190e-03,3.416534373346265258e-06
2.490220607697237742e+00,3.805063465392465316e-01,-1.950181691483133042e-02,-3.783033137912210075e-01,-1.623502593831530465e-10,-1.211994822539350425e+00,-3.805064012687432440e-01,2.593216183381054977e-07,2.937905399739744114e-03,-4.407823333892646467e-02,-7.027859829632612626e-11,4.701607477431154342e-02,2.057072324017358401e-07,4.073740645753182979e-06,3.029999321840424337e-03,-6.053189873742506784e-03,-1.068159853986889075e-09,9.082184381881977520e-03,3.231384821364022136e-06
2.493096151124139848e+00,3.805063473014569930e-01,-1.949335631193187604e-02,-3.784300876026178706e-01,-1.625566813697037176e-10,-1.211859588313061176e+00,-3.805064006641193375e-01,2.706992214427105994e-07,2.946619526111811382e-03,-4.409554679179316511e-02,-7.326315658716593804e-11,4.704209954719488357e-02,2.147322121171093408e-07,3.839477590867842495e-06,3.030849798969919261e-03,-5.988672039326044597e-03,-1.007625931921909102e-09,9.018574808302051715e-03,3.045564148130130176e-06
2.495971694551041953e+00,3.805063480954144484e-01,-1.948487064771890764e-02,-3.785569109328340565e-01,-1.627714350137949736e-10,-1.211724279514469815e+00,-3.805064000343127417e-01,2.814019843350960433e-07,2.955336044341188521e-03,-4.411267469447455181e-02,-7.607333474776320957e-11,4.706794132820741466e-02,2.232218993047985488e-07,3.604376677013510337e-06,3.031662891949117936e-03,-5.924135958931077417e-03,-9.468752172670289100e-10,8.954909811260550537e-03,2.859078872961536436e-06
2.498847237977944058e+00,3.805063489191751191e-01,-1.947635991546922685e-02,-3.786837832482372046e-01,-1.629940179844261313e-10,-1.211588896670005244e+00,-3.805063993808656675e-01,2.914275095839174350e-07,2.964054846788804695e-03,-4.412961699520597664e-02,-7.870851244867877731e-11,4.709359995853677761e-02,2.311743922873414966e-07,3.368446166133943629e-06,3.032438503966795960e-03,-5.859582121088367096e-03,-8.859098450807043174e-10,8.891189780439108167e-03,2.671935549345833265e-06
2.501722781404846163e+00,3.805063497707879550e-01,-1.946782410876956096e-02,-3.788107040150480720e-01,-1.632239261756547864e-10,-1.211453440306553553e+00,-3.805063987053254326e-01,3.007734235769709861e-07,2.972775825537985611e-03,-4.414637364362691829e-02,-8.116807551584573661e-11,4.711907528049121691e-02,2.385878082809468099e-07,3.131694362943125977e-06,3.033176538753728970e-03,-5.795011013785312387e-03,-8.247319614808374981e-10,8.827415105507436036e-03,2.484140764696564453e-06
2.504598324831748268e+00,3.805063506482954661e-01,-1.945926322151734708e-02,-3.789376726993447519e-01,-1.634606537243423191e-10,-1.211317910951450250e+00,-3.805063980092449616e-01,3.094373766437436180e-07,2.981498872396007825e-03,-4.416294459077920592e-02,-8.345141596225787796e-11,4.714436713749942803e-02,2.454602834927016978e-07,2.894129614614276782e-06,3.033876900585571849e-03,-5.730423124463644366e-03,-7.633437235644009785e-10,8.763586176123999358e-03,2.295701140106545948e-06
2.507473868258650374e+00,3.805063515497332238e-01,-1.945067724792153702e-02,-3.790646887670664489e-01,-1.637036930279902604e-10,-1.211182309132480928e+00,-3.805063972941823414e-01,3.174170431770504396e-07,2.990223878895683415e-03,-4.417932978910563829e-02,-8.555793201942288082e-11,4.716947537411068231e-02,2.517899732170573425e-07,2.655760310467313442e-06,3.034539494285775664e-03,-5.665818940017091493e-03,-7.017472993266640718e-10,8.699703381936655516e-03,2.106623330099944391e-06
2.510349411685552479e+00,3.805063524731303604e-01,-1.944206618250337443e-02,-3.791917516840175306e-01,-1.639525347626670798e-10,-1.211046635377876379e+00,-3.805063965617009880e-01,3.247101217537825767e-07,2.998950736296925566e-03,-4.419552919244825601e-02,-8.748702816858529273e-11,4.719439983599457711e-02,2.575750519316068064e-07,2.416594881654120174e-06,3.035164225228420033e-03,-5.601198946788652627e-03,-6.399448675798483498e-10,8.635767112582841409e-03,1.916914022382643384e-06
2.513224955112454584e+00,3.805063534165090688e-01,-1.943343002009717893e-02,-3.793188609158719138e-01,-1.642066679010240753e-10,-1.210910890216308600e+00,-3.805063958133695912e-01,3.313143352547424811e-07,3.007679335588344088e-03,-4.421154275604679412e-02,-8.923811517171355515e-11,4.721914036994113995e-02,2.628137133921410278e-07,2.176641800841946149e-06,3.035750999341116623e-03,-5.536563630568482400e-03,-5.779386178713030400e-10,8.571777757690437344e-03,1.726579937591093130e-06
2.516100498539356689e+00,3.805063543778854362e-01,-1.942476875585112325e-02,-3.794460159281765610e-01,-1.644655797303999791e-10,-1.210775074176889898e+00,-3.805063950507620030e-01,3.372274309835598924e-07,3.016409567488834848e-03,-4.422737043653708622e-02,-9.081061010225019721e-11,4.724369682386075908e-02,2.675041707269736162e-07,1.935909581895230701e-06,3.036299723107870573e-03,-5.471913476591469538e-03,-5.157307504012724163e-10,8.507735706878299595e-03,1.535627829039943327e-06
2.518976041966258794e+00,3.805063553552688327e-01,-1.941608238522802080e-02,-3.795732161863558662e-01,-1.647287558710140196e-10,-1.210639187789167792e+00,-3.805063942754570161e-01,3.424471807847005738e-07,3.025141322449191334e-03,-4.424301219194953089e-02,-9.220393637562628289e-11,4.726806904678421822e-02,2.716446565305492156e-07,1.694406779555184522e-06,3.036810303571934114e-03,-5.407248969534634783e-03,-4.533234759400793028e-10,8.443641349756570921e-03,1.344064482467872716e-06
2.521851585393160899e+00,3.805063563466622445e-01,-1.940737090400606463e-02,-3.797004611557155407e-01,-1.649956802942460442e-10,-1.210503231583122341e+00,-3.805063934890387523e-01,3.469713811605488181e-07,3.033874490653717948e-03,-4.425846798170744723e-02,-9.341752377953707448e-11,4.729225688886267570e-02,2.752334229563116150e-07,1.452141989117573038e-06,3.037282648338671467e-03,-5.342570593514883552e-03,-3.907190157448553870e-10,8.379495075927397008e-03,1.151896715782018702e-06
2.524727128820063005e+00,3.805063573500625518e-01,-1.939863430827961852e-02,-3.798277503014466649e-01,-1.652658353410036514e-10,-1.210367206089161929e+00,-3.805063926930962181e-01,3.507978533875523399e-07,3.042608962021832886e-03,-4.427373776662533317e-02,-9.445080850397624978e-11,4.731626020136742855e-02,2.782687418088341985e-07,1.209123846108811433e-06,3.037716665578384274e-03,-5.277878832086694422e-03,-3.279196014758183405e-10,8.315297274985498921e-03,9.591313788010284262e-07
2.527602672246965110e+00,3.805063583634603064e-01,-1.938987259445997327e-02,-3.799550830886293529e-01,-1.655387017401749099e-10,-1.210231111838122819e+00,-3.805063918892231944e-01,3.539244436314433742e-07,3.051344626209723937e-03,-4.428882150890749853e-02,-9.530323317103000424e-11,4.734007883669026640e-02,2.807489046352144825e-07,9.653610259601714250e-07,3.038112264029181261e-03,-5.213174168239556941e-03,-2.649274751120744486e-10,8.251048336518587711e-03,7.657753529966497694e-07
2.530478215673867215e+00,3.805063593848398984e-01,-1.938108575927607186e-02,-3.800824589822375255e-01,-1.658137586271669237e-10,-1.210094949361262495e+00,-3.805063910790186243e-01,3.563490230615157555e-07,3.060081372611959602e-03,-4.430371917214616373e-02,-9.597424686442721241e-11,4.736371264834305511e-02,2.826722228157187641e-07,7.208622436799530461e-07,3.038469352999783289e-03,-5.148457084395770267e-03,-2.017448888668918189e-10,8.186748650108016667e-03,5.718355512336994327e-07
2.533353759100769764e+00,3.805063604121795562e-01,-1.937227379977530736e-02,-3.802098774471418530e-01,-1.660904835625285629e-10,-1.209958719190258991e+00,-3.805063902640860030e-01,3.580694879639565495e-07,3.068819090363157035e-03,-4.431843072132007899e-02,-9.646330515884674723e-11,4.738716149095807684e-02,2.840370276536810106e-07,4.756362535241795659e-07,3.038787842372380442e-03,-5.083728062408025827e-03,-1.383741051025829272e-10,8.122398605329336427e-03,3.773189175088291907e-07
2.536229302527671869e+00,3.805063614434517349e-01,-1.936343671332423771e-02,-3.803373379481147509e-01,-1.663683525506574635e-10,-1.209822421857206454e+00,-3.805063894460338769e-01,3.590837598542268382e-07,3.077557668339611380e-03,-4.433295612279265080e-02,-9.676987014897751106e-11,4.741042522028772466e-02,2.848416704646421181e-07,2.296918486652672678e-07,3.039067642605422764e-03,-5.018987583557059373e-03,-7.481739624488121342e-11,8.057998591752789375e-03,1.822324266877403782e-07
2.539104845954573975e+00,3.805063624766225616e-01,-1.935457449760931078e-02,-3.804648399498337663e-01,-1.666468400585898224e-10,-1.209686057894612476e+00,-3.805063886264753448e-01,3.593897855884928740e-07,3.086296995160975852e-03,-4.434729534431047782e-02,-9.689341047833356966e-11,4.743350369320465526e-02,2.850845226647418233e-07,-1.696213914098461522e-08,3.039308664736454363e-03,-4.954236128549283080e-03,-1.107704469686418305e-11,7.993548998943880365e-03,-1.341691575898709807e-08
2.541980389381476080e+00,3.805063635096527785e-01,-1.934568715063764849e-02,-3.805923829168854078e-01,-1.669254190348734540e-10,-1.209549627835393881e+00,-3.805063878070281125e-01,3.589855374740899229e-07,3.095036959191924467e-03,-4.436144835500160921e-02,-9.683340136781933531e-11,4.745639676770176119e-02,2.847639758583357384e-07,-2.643168398903902828e-07,3.039510820384914557e-03,-4.889474177514498317e-03,5.284465724762303870e-11,7.929050216463959591e-03,-2.096220740216094513e-07
2.544855932808378185e+00,3.805063645404969108e-01,-1.933677467073772679e-02,-3.807199663137698087e-01,-1.672035609285216518e-10,-1.209413132212874720e+00,-3.805063869893145490e-01,3.578690133790266842e-07,3.103777448543827786e-03,-4.437541512537387239e-02,-9.658932464404620811e-11,4.747910430289209449e-02,2.838784419248613331e-07,-5.123633456667295710e-07,3.039674021754939452e-03,-4.824702210003568512e-03,1.169454074909025472e-10,7.864502633870788101e-03,-4.063759822180133630e-07
2.547731476235280290e+00,3.805063655671039324e-01,-1.932783705656014248e-02,-3.808475896049040577e-01,-1.674807357080488626e-10,-1.209276571560783164e+00,-3.805063861749615750e-01,3.560382368405142453e-07,3.112518351076441238e-03,-4.438919562731327012e-02,-9.616066876739890462e-11,4.750162615900890839e-02,2.824263531049193513e-07,-7.610927109802637437e-07,3.039798181638149206e-03,-4.759920704986056461e-03,1.812228942189519154e-10,7.799906640719035666e-03,-6.036715446622515924e-07
2.550607019662182395e+00,3.805063665874171552e-01,-1.931887430707830700e-02,-3.809752522546263620e-01,-1.677564118805863400e-10,-1.209139946413246403e+00,-3.805063853656006079e-01,3.534912571725228017e-07,3.121259554399593000e-03,-4.440278983408222496e-02,-9.554692885984772577e-11,4.752396219740563643e-02,2.804061620855929523e-07,-1.010495953107605305e-06,3.039883213416439203e-03,-4.695130140847937963e-03,2.456747959892481959e-10,7.735262626560887936e-03,-8.015016361340958794e-07
2.553482563089084501e+00,3.805063675993745065e-01,-1.930988642158917162e-02,-3.811029537272001000e-01,-1.680300565110774386e-10,-1.209003257304789747e+00,-3.805063845628673946e-01,3.502261495723578840e-07,3.130000945874890968e-03,-4.441619772031790703e-02,-9.474760673250990466e-11,4.754611228055581618e-02,2.778163420849847222e-07,-1.260564052433697480e-06,3.039929031064758647e-03,-4.630330995389396118e-03,3.102987818191541605e-10,7.670570980946679607e-03,-9.998591021503452043e-07
2.556358106515986606e+00,3.805063686009080293e-01,-1.930087339971393867e-02,-3.812306934868176511e-01,-1.683011352415521118e-10,-1.208866504770331751e+00,-3.805063837684021233e-01,3.462410152262498966e-07,3.138742412617431463e-03,-4.442941926203065883e-02,-9.376221091295465763e-11,4.756807627205326267e-02,2.746553869359707622e-07,-1.511287952795184748e-06,3.039935549153877006e-03,-4.565523745822289495e-03,3.750925112746664106e-10,7.605832093425233566e-03,-1.198736759237152174e-06
2.559233649942888711e+00,3.805063695899447151e-01,-1.929183524139877273e-02,-3.813584709976045040e-01,-1.685691123104790089e-10,-1.208729689345181990e+00,-3.805063829838492562e-01,3.415339814139579220e-07,3.147483841497514430e-03,-4.444245443660219119e-02,-9.259025667225286919e-11,4.758985403661189495e-02,2.709218111691730713e-07,-1.762658561825556854e-06,3.039902682853157841e-03,-4.500708868768101695e-03,4.400536345596135459e-10,7.541046353544657993e-03,-1.398127395203817475e-06
2.562109193369790816e+00,3.805063705644058936e-01,-1.928277194691549457e-02,-3.814862857236228089e-01,-1.688334505721956114e-10,-1.208592811565037284e+00,-3.805063822108575300e-01,3.361032016123689973e-07,3.156225119142369931e-03,-4.445530322278389013e-02,-9.123126605176967882e-11,4.761144544006578466e-02,2.666141500951399541e-07,-2.014666751302073277e-06,3.039830347933310077e-03,-4.435886840255599470e-03,5.051797926053299355e-10,7.476214150852845096e-03,-1.598023769417977856e-06
2.564984736796692921e+00,3.805063715222079535e-01,-1.927368351686228193e-02,-3.816141371288758188e-01,-1.690936115164143670e-10,-1.208455871965978146e+00,-3.805063814510797893e-01,3.299468555981065737e-07,3.164966131937890260e-03,-4.446796560069509602e-02,-8.968476788969813447e-11,4.763285034936919071e-02,2.617309598857326515e-07,-2.267303357494287435e-06,3.039718460769132331e-03,-4.371058135718518603e-03,5.704686171607295862e-10,7.411335874897995862e-03,-1.798418613082042213e-06
2.567860280223595026e+00,3.805063724612617881e-01,-1.926456995216435653e-02,-3.817420246773115533e-01,-1.693490552878053895e-10,-1.208318871084467450e+00,-3.805063807061730419e-01,3.230631495491341301e-07,3.173706766030373778e-03,-4.448044155182153542e-02,-8.795029784733475272e-11,4.765406863259655235e-02,2.562708176547199964e-07,-2.520559181514078808e-06,3.039566938342265490e-03,-4.306223229993303564e-03,6.359177308827787637e-10,7.346411915229179510e-03,-1.999304629510856819e-06
2.570735823650497132e+00,3.805063733794732950e-01,-1.925543125407467443e-02,-3.818699478328267394e-01,-1.695992407056540693e-10,-1.208181809457344213e+00,-3.805063799777984035e-01,3.154503161453404946e-07,3.182446907328266138e-03,-4.449273105901329489e-02,-8.602739843509083350e-11,4.767510015894237119e-02,2.502323215375642058e-07,-2.774424989667642357e-06,3.039375698243917956e-03,-4.241382597316997217e-03,7.015247474274633706e-10,7.281442661397049924e-03,-2.200674494410904969e-06
2.573611367077399237e+00,3.805063742747433753e-01,-1.924626742417461650e-02,-3.819979060592705311e-01,-1.698436252835925889e-10,-1.208044687621823154e+00,-3.805063792676209866e-01,3.071066146681310666e-07,3.191186441503928405e-03,-4.450483410648352345e-02,-8.391561903824847333e-11,4.769594479872148879e-02,2.436140907704186144e-07,-3.028891513808573358e-06,3.039144658677601744e-03,-4.176536711324729811e-03,7.672872715410533866e-10,7.216428502954152710e-03,-2.402520856160374814e-06
2.576486910504301342e+00,3.805063751449679343e-01,-1.923707846437464411e-02,-3.821258988204490059e-01,-1.700816652494064001e-10,-1.207907506115489582e+00,-3.805063785773095675e-01,2.980303310989659123e-07,3.199925253995396929e-03,-4.451675067980628842e-02,-8.161451594244288516e-11,4.771660242336881602e-02,2.364147657682887519e-07,-3.283949451693372212e-06,3.038873738461836914e-03,-4.111686045047647717e-03,8.332028991519880549e-10,7.151369829455651167e-03,-2.604836336091162471e-06
2.579362453931203447e+00,3.805063759880378815e-01,-1.922786437691497916e-02,-3.822539255801284952e-01,-1.703128155649122533e-10,-1.207770265476296734e+00,-3.805063779085373632e-01,2.882197782169155141e-07,3.208663230008146697e-03,-4.452848076591504889e-02,-7.912365235889103215e-11,4.773707290543945797e-02,2.286330082024137784e-07,-3.539589467337629846e-06,3.038562857032885058e-03,-4.046831070910902883e-03,8.992692174629261955e-10,7.086267030460130338e-03,-2.807613528771380165e-06
2.582237997358105552e+00,3.805063768018395187e-01,-1.921862516436628407e-02,-3.823819858020397477e-01,-1.705365299459091736e-10,-1.207632966242563999e+00,-3.805063772629808660e-01,2.776732956951561934e-07,3.217400254516886767e-03,-4.454002435310086550e-02,-7.644259844934676213e-11,4.775735611860868618e-02,2.202675010768116349e-07,-3.795802191374472997e-06,3.038211934447426852e-03,-3.981972260730990906e-03,9.654838050433952935e-10,7.021120495529700224e-03,-3.010845002289704345e-06
2.585113540785007658e+00,3.805063775843628981e-01,-1.920936083018108878e-02,-3.825100789504198295e-01,-1.707522886345609902e-10,-1.207495608953010446e+00,-3.805063766422343008e-01,2.665684335026990368e-07,3.226135304419810307e-03,-4.455138231769049245e-02,-7.361667459825892679e-11,4.777745187230589968e-02,2.114590780782454687e-07,-3.855658393846174417e-06,3.036823180254361911e-03,-3.918084533788264087e-03,9.815730733432597009e-10,6.955858777691756138e-03,-3.058325309115988265e-06
2.587989084211909763e+00,3.805063783350260964e-01,-1.920007138540178945e-02,-3.826382044965666029e-01,-1.709599363781017364e-10,-1.207358194147237107e+00,-3.805063760467595202e-01,2.555594274825174860e-07,3.234864941355432462e-03,-4.456255789608720014e-02,-7.081289319175785789e-11,4.779735980319492483e-02,2.027266829906755711e-07,-3.801299289031590299e-06,3.034812739043003457e-03,-3.854761842230890884e-03,9.685066128711792612e-10,6.890512235153241176e-03,-3.015209353472809021e-06
2.590864627638811868e+00,3.805063790542574376e-01,-1.919075684654501790e-02,-3.827663619167763209e-01,-1.711595758169044965e-10,-1.207220722365570209e+00,-3.805063754762165740e-01,2.447070255401875662e-07,3.243588733831924420e-03,-4.457355138906642783e-02,-6.804675668577549730e-11,4.781707976557490053e-02,1.941185014033584750e-07,-3.746737364403665057e-06,3.032758234723442487e-03,-3.791440424005729053e-03,9.553903497576516461e-10,6.825122852806972916e-03,-2.971932524817510151e-06
2.593740171065713973e+00,3.805063797425081162e-01,-1.918141723059897316e-02,-3.828945506874602001e-01,-1.713513154057207407e-10,-1.207083194148697913e+00,-3.805063749302475817e-01,2.340118078723213601e-07,3.252306555116882963e-03,-4.458436280088210607e-02,-6.531840756193774818e-11,4.783661163682422640e-02,1.856349935178000108e-07,-3.691974722309646415e-06,3.030659648641613295e-03,-3.728120691063476540e-03,9.422247907241663473e-10,6.759691024468209540e-03,-2.928496490670206532e-06
2.596615714492616078e+00,3.805063804002308814e-01,-1.917205255491634397e-02,-3.830227702850435012e-01,-1.715352640069160985e-10,-1.206945610037659433e+00,-3.805063744084936084e-01,2.234743486173907462e-07,3.261018278425471990e-03,-4.459499213697165620e-02,-6.262798684166773274e-11,4.785595529545388221e-02,1.772766147303671646e-07,-3.637013473953358591e-06,3.028516962982113082e-03,-3.664803054535483665e-03,9.290104446479344545e-10,6.694217143973708525e-03,-2.884902925575840553e-06
2.599491257919518628e+00,3.805063810278802583e-01,-1.916266283721447874e-02,-3.831510201859686937e-01,-1.717115308862625164e-10,-1.206807970573841926e+00,-3.805063739105939979e-01,2.130952158303840935e-07,3.269723776922830311e-03,-4.460543940395357565e-02,-5.997563408001691192e-11,4.787511062110735155e-02,1.690438156121859476e-07,-3.581855739311146987e-06,3.026330160768556272e-03,-3.601487924733763960e-03,9.157478225415964680e-10,6.628701605182067517e-03,-2.841153511037513426e-06
2.602366801346420733e+00,3.805063816259122711e-01,-1.915324809557550009e-02,-3.832792998666992301e-01,-1.718802257087130194e-10,-1.206670276298976496e+00,-3.805063734361871508e-01,2.028749714576841375e-07,3.278422923726488983e-03,-4.461570460962499540e-02,-5.736148735954931252e-11,4.789407749456069119e-02,1.609370418892156085e-07,-3.526503647047333711e-06,3.024099225863908884e-03,-3.538175711150982894e-03,9.024374375328109959e-10,6.563144801974033112e-03,-2.797249935449427701e-06
2.605242344773322838e+00,3.805063821947846647e-01,-1.914380834844647480e-02,-3.834076088037225438e-01,-1.720414585341586106e-10,-1.206532527755135087e+00,-3.805063729849099130e-01,1.928141713122214333e-07,3.287115591908784315e-03,-4.462578776295942490e-02,-5.478568328429286602e-11,4.791285579772263520e-02,1.529567344225405319e-07,-3.470959334429493528e-06,3.021824142970837204e-03,-3.474866822460646962e-03,8.890798048438005428e-10,6.497547128253016932e-03,-2.753193894029683677e-06
2.608117888200224943e+00,3.805063827349566830e-01,-1.913434361463949018e-02,-3.835359464735533797e-01,-1.721953398131681098e-10,-1.206394725484729591e+00,-3.805063725563980204e-01,1.829133650488521409e-07,3.295801654499266962e-03,-4.463568887410430258e-02,-5.224835697374441051e-11,4.793144541363457412e-02,1.451033291888405971e-07,-3.415224947243232185e-06,3.019504897632020041e-03,-3.411561666517348278e-03,8.756754417707761157e-10,6.431908977945627326e-03,-2.708987088752687861e-06
2.610993431627127048e+00,3.805063832468891794e-01,-1.912485391333183099e-02,-3.836643123527376242e-01,-1.723419803827107770e-10,-1.206256870030503858e+00,-3.805063721502860430e-01,1.731730961399910302e-07,3.304480984487129236e-03,-4.464540795437874077e-02,-4.974964205693659568e-11,4.794984622647077005e-02,1.373772572610638980e-07,-3.359302639706685208e-06,3.017141476230447098e-03,-3.348260650356717303e-03,8.622248676632951382e-10,6.366230745001903550e-03,-2.664631228281333589e-06
2.613868975054029153e+00,3.805063837310445618e-01,-1.911533926406603842e-02,-3.837927059178551925e-01,-1.724814914618621076e-10,-1.206118961935534806e+00,-3.805063717662070522e-01,1.635939018514756753e-07,3.313153454823615073e-03,-4.465494501627109702e-02,-4.728967066656036382e-11,4.796805812153828036e-02,1.297789447892827130e-07,-3.303194574384537707e-06,3.014733865989686554e-03,-3.284964180195624073e-03,8.487286039035013890e-10,6.300512823395765065e-03,-2.620128027898803429e-06
2.616744518480931259e+00,3.805063841878868480e-01,-1.910579968675004542e-02,-3.839211266455238025e-01,-1.726139846474923343e-10,-1.205981001743227754e+00,-3.805063714037931755e-01,1.541763132187099297e-07,3.321818938424433466e-03,-4.466430007343669822e-02,-4.486857343315535025e-11,4.798608098527713806e-02,1.223088129817711596e-07,-3.246902922101897219e-06,3.012282054974165652e-03,-3.221672661432418896e-03,8.351871738853309217e-10,6.234755607125498991e-03,-2.575479209440258523e-06
2.619620061907833364e+00,3.805063846178813880e-01,-1.909623520165727728e-02,-3.840495740124019175e-01,-1.727395719099389542e-10,-1.205842989997311987e+00,-3.805063710626751527e-01,1.449208550230123843e-07,3.330477308172182307e-03,-4.467347314069531478e-02,-4.248647947934895804e-11,4.800391470526025467e-02,1.149672780862451617e-07,-3.190429861857527461e-06,3.009786032089396216e-03,-3.158386498647168701e-03,8.216011029935619583e-10,6.168959490214218945e-03,-2.530686501224013346e-06
2.622495605334735469e+00,3.805063850214951415e-01,-1.908664582942672799e-02,-3.841780474951923541e-01,-1.728583655886621954e-10,-1.205704927241838975e+00,-3.805063707424827801e-01,1.358280457682553046e-07,3.339128436918773965e-03,-4.468246423402909978e-02,-4.014351641416649280e-11,4.802155917019380882e-02,1.077547513713331670e-07,-3.133777580737030847e-06,3.007245787082221851e-03,-3.095106095601678729e-03,8.079709185828538220e-10,6.103124866710100960e-03,-2.485751637982679970e-06
2.625371148761637574e+00,3.805063853991966227e-01,-1.907703159106305044e-02,-3.843065465706456130e-01,-1.729704783878847151e-10,-1.205566814021178379e+00,-3.805063704428442439e-01,1.268983976577264437e-07,3.347772197487837876e-03,-4.469127337057993143e-02,-3.783981032739432748e-11,4.803901426991695478e-02,1.006716391082233124e-07,-3.076948273825443576e-06,3.004661310541004420e-03,-3.031831855239930547e-03,7.942971499566412174e-10,6.037252130686988905e-03,-2.440676360793835883e-06
2.628246692188539679e+00,3.805063857514557335e-01,-1.906739250793665352e-02,-3.844350707155629876e-01,-1.730760233722148063e-10,-1.205428650880015162e+00,-3.805063701633868978e-01,1.181324165712528655e-07,3.356408462677153062e-03,-4.469990056864722727e-02,-3.557548578400685696e-11,4.805627989540206535e-02,9.371834255251869384e-08,-3.019944144119610925e-06,3.002032593895831783e-03,-2.968564179688295852e-03,7.805803283459763977e-10,5.971341676244790869e-03,-2.395462417010527048e-06
2.631122235615441785e+00,3.805063860787438190e-01,-1.905772860178372996e-02,-3.845636194068002278e-01,-1.731751139622538102e-10,-1.205290438363346261e+00,-3.805063699037370406e-01,1.095306020425787072e-07,3.365037105261070235e-03,-4.470834584768556413e-02,-3.335066581865447671e-11,4.807335593875489838e-02,8.689525792629396671e-08,-2.962767402440217792e-06,2.999359629418685193e-03,-2.905303470255640123e-03,7.668209868882888212e-10,5.905393897509740239e-03,-2.350111560191488063e-06
2.633997779042343890e+00,3.805063863815335568e-01,-1.904803989470636727e-02,-3.846921921212705930e-01,-1.732678639301876828e-10,-1.205152177016477255e+00,-3.805063696635195836e-01,1.010934472369996707e-07,3.373657997992919166e-03,-4.471660922830234669e-02,-3.116547193021381309e-11,4.809024229321447880e-02,8.020277640035527253e-08,-2.905420267343488478e-06,2.996642410223603666e-03,-2.842050127433898982e-03,7.530196606060616755e-10,5.839409188635095657e-03,-2.304625550031110318e-06
2.636873322469245995e+00,3.805063866602992895e-01,-1.903832640917257207e-02,-3.848207883359484049e-01,-1.733543873953631815e-10,-1.205013867385018589e+00,-3.805063694423583276e-01,9.282143892923434006e-08,3.382271013607451599e-03,-4.472469073225543434e-02,-2.902002407639476758e-11,4.810693885315339702e-02,7.364128407668847243e-08,-2.847904965032467185e-06,2.993880930266812346e-03,-2.778804550898009672e-03,7.391768863854112089e-10,5.773387943801202606e-03,-2.259006152289069231e-06
2.639748865896148100e+00,3.805063869155164702e-01,-1.902858816801633948e-02,-3.849494075278718785e-01,-1.734347988198484639e-10,-1.204875510014883133e+00,-3.805063692398762965e-01,8.471505748157390800e-08,3.390876024823238216e-03,-4.473259038245073343e-02,-2.691444066841517315e-11,4.812344551407759380e-02,6.721116197112809863e-08,-2.790223729268088450e-06,2.991075184346850876e-03,-2.715567139506657422e-03,7.252932029546087784e-10,5.707330557216322604e-03,-2.213255138719785463e-06
2.642624409323050205e+00,3.805063871476621618e-01,-1.901882519443767391e-02,-3.850780491741470635e-01,-1.735092130039784367e-10,-1.204737105452282853e+00,-3.805063690556949041e-01,7.677477682226950791e-08,3.399472904345117626e-03,-4.474030820294003924e-02,-2.484883856573253918e-11,4.813976217262681129e-02,6.091278599621437369e-08,-2.732378801279840579e-06,2.988225168104683121e-03,-2.652338291302229478e-03,7.113691508625107716e-10,5.641237423116693059e-03,-2.167374287001572303e-06
2.645499952749952310e+00,3.805063873572145372e-01,-1.900903751200266542e-02,-3.852067127519506751e-01,-1.735777450818850843e-10,-1.204598654243725031e+00,-3.805063688894348983e-01,6.900106442419545406e-08,3.408061524866592019e-03,-4.474784421891842695e-02,-2.282333307084272676e-11,4.815588872657429464e-02,5.474652694426965111e-08,-2.674372429676190645e-06,2.985330878023770458e-03,-2.589118403511445239e-03,6.974052724569267992e-10,5.575108935767194261e-03,-2.121365380665580616e-06
2.648375496176854416e+00,3.805063875446534349e-01,-1.899922514464346887e-02,-3.853353977385335360e-01,-1.736405105170130388e-10,-1.204460156936009163e+00,-3.805063687407158612e-01,6.139438128374468781e-08,3.416641759072268358e-03,-4.475519845672205899e-02,-2.083803792413421649e-11,4.817182507482713205e-02,4.871275047065866196e-08,-2.616206870354542343e-06,2.982392311430149406e-03,-2.525907872545596084e-03,6.834021118628738411e-10,5.508945489461658171e-03,-2.075230209024383801e-06
2.651251039603756521e+00,3.805063877104594705e-01,-1.898938811665835252e-02,-3.854641036112237962e-01,-1.736976250976203121e-10,-1.204321614076223845e+00,-3.805063686091563202e-01,5.395518190001418034e-08,3.425213479640282655e-03,-4.476237094382597842e-02,-1.889306529881301289e-11,4.818757111742632410e-02,4.281181707727875088e-08,-2.557884386411105331e-06,2.979409466492494944e-03,-2.462707094000888414e-03,6.693602149608133305e-10,5.442747478523242248e-03,-2.028970567100487365e-06
2.654126583030658626e+00,3.805063878551152579e-01,-1.897952645271172578e-02,-3.855928298474304294e-01,-1.737492049322646039e-10,-1.204183026211744334e+00,-3.805063684943736924e-01,4.668391425422713410e-08,3.433776559244706029e-03,-4.476936170884143057e-02,-1.698852579588430441e-11,4.820312675554675602e-02,3.704408209623807397e-08,-2.499407248050250423e-06,2.976382342222143491e-03,-2.399516462659105013e-03,6.552801293647586824e-10,5.376515297305097321e-03,-1.982588255554432341e-06
2.657002126457560731e+00,3.805063879791041326e-01,-1.896964017783411144e-02,-3.857215759246459541e-01,-1.737953664452751338e-10,-1.204044393890226994e+00,-3.805063683959845622e-01,3.958101978941792331e-08,3.442330870557983730e-03,-4.477617078151373969e-02,-1.512452843919747386e-11,4.821849189149724629e-02,3.140989567374229249e-08,-2.440777732493594157e-06,2.973310938473101590e-03,-2.336336372487749034e-03,6.411624044003195415e-10,5.310249340190496825e-03,-1.936085080612684409e-06
2.659877669884462836e+00,3.805063880829109846e-01,-1.895972931742218731e-02,-3.858503413204504295e-01,-1.738362263722105412e-10,-1.203905717659608410e+00,-3.805063683136042929e-01,3.264693339040188890e-08,3.450876286253351608e-03,-4.478279819272003998e-02,-1.330118067056056453e-11,4.823366642872092130e-02,2.590960275420688177e-08,-2.381998123888991878e-06,2.970195255942075820e-03,-2.273167216640560075e-03,6.270075910827236967e-10,5.243950001593352013e-03,-1.889462853995446360e-06
2.662753213311364942e+00,3.805063881670217030e-01,-1.894979389723875501e-02,-3.859791255125141762e-01,-1.738719017553025934e-10,-1.203766998068101390e+00,-3.805063682468475261e-01,2.588208336396897853e-08,3.459412679007259524e-03,-4.478924397446668038e-02,-1.151858834490788297e-11,4.824865027179488230e-02,2.054354306454714496e-08,-2.323070713218846422e-06,2.967035296168426400e-03,-2.210009387458144754e-03,6.128162420946726293e-10,5.177617675958789620e-03,-1.842723392843937355e-06
2.665628756738267491e+00,3.805063882319236757e-01,-1.893983394341272608e-02,-3.861079279786011065e-01,-1.739025099388862451e-10,-1.203628235664190083e+00,-3.805063681953276267e-01,1.928689141938113727e-08,3.467939921501795621e-03,-4.479550815988712215e-02,-9.776855725541833150e-12,4.826344332643070500e-02,1.531205109870935321e-08,-2.263997798208537927e-06,2.963831061534155480e-03,-2.146863276468218701e-03,5.985889117642262186e-10,5.111252757763347886e-03,-1.795868519647755610e-06
2.668504300165169596e+00,3.805063882781053453e-01,-1.892984948243910809e-02,-3.862367481965720550e-01,-1.739281685648161538e-10,-1.203489430996630194e+00,-3.805063681586572932e-01,1.286177264909874780e-08,3.476457886427113207e-03,-4.480159078323947552e-02,-8.076085479429300942e-12,4.827804549947421753e-02,1.021545610238323204e-08,-2.204781683234195495e-06,2.960582555263842949e-03,-2.083729274386260117e-03,5.843261560425287327e-10,5.044855641515542943e-03,-1.748900062171730540e-06
2.671379843592071701e+00,3.805063883060563201e-01,-1.891984054117899078e-02,-3.863655856443881098e-01,-1.739489955678694676e-10,-1.203350584614441665e+00,-3.805063681364480033e-01,6.607135509804798664e-09,3.484966446483842451e-03,-4.480749187990423071e-02,-6.416378672570690712e-12,4.829245669890580572e-02,5.254082057950684632e-09,-2.145424679230516294e-06,2.957289781424590931e-03,-2.020607771115982918e-03,5.700285324815446418e-10,4.978426721756273009e-03,-1.701819853382803700e-06
2.674255387018973806e+00,3.805063883162673188e-01,-1.890980714685949748e-02,-3.864944398001134984e-01,-1.739651091711356638e-10,-1.203211697066909336e+00,-3.805063681283107346e-01,5.233818036652973279e-10,3.493465474385526806e-03,-4.481321148638190560e-02,-4.797834765425354819e-12,4.830667683384042704e-02,4.282476696222215544e-10,-2.085929103598005281e-06,2.953952744925933578e-03,-1.957499155749844576e-03,5.556966002116553623e-10,4.911966393059200887e-03,-1.654629731376455923e-06
2.677130930445875912e+00,3.805063883092304478e-01,-1.889974932707373656e-02,-3.866233101419191964e-01,-1.739766278813934623e-10,-1.203072768903576062e+00,-3.805063681338549664e-01,-5.389093340123425727e-09,3.501954842861033403e-03,-4.481874964029065184e-02,-3.220551608406754664e-12,4.832070581452759667e-02,-4.261733651199532503e-09,-2.026297280110122184e-06,2.950571451519726045e-03,-1.894403816569599931e-03,5.413309199192327354e-10,4.845475050031178114e-03,-1.607331539303057805e-06
2.680006473872778017e+00,3.805063882854387014e-01,-1.888966710978077709e-02,-3.867521961480859249e-01,-1.739836704844743230e-10,-1.202933800674242049e+00,-3.805063681526897335e-01,-1.112990148352684313e-08,3.510434424656980364e-03,-4.482410638036400663e-02,-1.684625437440339854e-12,4.833454355235166505e-02,-8.815553800349618841e-09,-1.966531538820103641e-06,2.947145907800043443e-03,-1.831322141046922650e-03,5.269320538241336143e-10,4.778953087312752361e-03,-1.559927125293965874e-06
2.682882017299680122e+00,3.805063882453862956e-01,-1.887956052330557952e-02,-3.868810972970072037e-01,-1.739863560406137941e-10,-1.202794792928960188e+00,-3.805063681844231827e-01,-1.669866089759604004e-08,3.518904092540160213e-03,-4.482928174644856822e-02,-1.901508695864029638e-13,4.834818995983187345e-02,-1.323290999511691250e-08,-1.906634215967504760e-06,2.943676121203038596e-03,-1.768254515843906572e-03,5.125005656571274497e-10,4.712400899578490961e-03,-1.512418342387391531e-06
2.685757560726582227e+00,3.805063881895685007e-01,-1.886942959633893316e-02,-3.870100130671930705e-01,-1.739848038797902463e-10,-1.202655746218034283e+00,-3.805063682286622395e-01,-2.209499658012576741e-08,3.527363719299958511e-03,-4.483427577950158116e-02,1.262779101273175237e-12,4.836164495062231922e-02,-1.751350478825076115e-08,-1.846607653884424528e-06,2.940162100006779838e-03,-1.705201326813697137e-03,4.980370206372445686e-10,4.645818881537428467e-03,-1.464807048454021820e-06
2.688633104153484332e+00,3.805063881184816976e-01,-1.885927435793739726e-02,-3.871389429372725233e-01,-1.739791335970510176e-10,-1.202516661092013717e+00,-3.805063682850134965e-01,-2.731854027303311994e-08,3.535813177750773799e-03,-4.483908852158866726e-02,2.674073108680324606e-12,4.837490843951220559e-02,-2.165704608174519237e-08,-1.786454200901581923e-06,2.936603853331095325e-03,-1.642162959001115460e-03,4.835419854490916771e-10,4.579207427933521153e-03,-1.417095106122523725e-06
2.691508647580386437e+00,3.805063880326232106e-01,-1.884909483752322118e-02,-3.872678863859974063e-01,-1.739694650478269006e-10,-1.202377538101691901e+00,-3.805063683530822138e-01,-3.236893047947244394e-08,3.544252340734441002e-03,-4.484372001588157047e-02,4.043641417782622912e-12,4.838798034242594581e-02,-2.566324714041376561e-08,-1.726176211254065715e-06,2.933001391137391323e-03,-1.579139796643335304e-03,4.690160282200851611e-10,4.512566933546105843e-03,-1.369284382704785891e-06
2.694384191007288543e+00,3.805063879324914744e-01,-1.883889106488424378e-02,-3.873968428922452967e-01,-1.739559183432342220e-10,-1.202238377798101832e+00,-3.805063684324731521e-01,-3.724581248068443562e-08,3.552681081122647470e-03,-4.484817030665567278e-02,5.371395929451245056e-12,4.840086057642307288e-02,-2.953182660525449311e-08,-1.665776044986727872e-06,2.929354724228418021e-03,-1.516132223170399591e-03,4.544597184975988781e-10,4.445897793190168798e-03,-1.321376750120878491e-06
2.697259734434190648e+00,3.805063878185859227e-01,-1.882866307017384833e-02,-3.875258119350225017e-01,-1.739386138453656256e-10,-1.202099180732513872e+00,-3.805063685227901282e-01,-4.194883835255487426e-08,3.561099271819354213e-03,-4.485243943928782229e-02,6.657250184328076420e-12,4.841354905969859346e-02,-3.326250850658328760e-08,-1.605256067859581624e-06,2.925663864248089548e-03,-1.453140621206002771e-03,4.398736272261142749e-10,4.379200401716922507e-03,-1.273374084824020933e-06
2.700135277861092753e+00,3.805063876914069887e-01,-1.881841088391081676e-02,-3.876547929934675008e-01,-1.739176721625689392e-10,-1.201959947456431754e+00,-3.805063686236362930e-01,-4.647766698192310996e-08,3.569506785763216280e-03,-4.485652746025394627e-02,7.901119366813175984e-12,4.842604571158296706e-02,-3.685502227697008767e-08,-1.544618651252645364e-06,2.921928823681228544e-03,-1.390165372568193808e-03,4.252583267242338656e-10,4.312475154014228096e-03,-1.225278267725101692e-06
2.703010821287994858e+00,3.805063875514561600e-01,-1.880813453697925686e-02,-3.877837855468538875e-01,-1.738932141447148998e-10,-1.201820678521589691e+00,-3.805063687346138535e-01,-5.083196408259801743e-08,3.577903495929995754e-03,-4.486043441712676133e-02,9.102920308980865025e-12,4.843835045254218236e-02,-4.030910276394184070e-08,-1.483866172070794798e-06,2.918149615853309845e-03,-1.327206858269970764e-03,4.106143906616979147e-10,4.245722445006908444e-03,-1.177091184117215934e-06
2.705886364714896963e+00,3.805063873992356460e-01,-1.879783406062848772e-02,-3.879127890745938112e-01,-1.738653608784535836e-10,-1.201681374479948605e+00,-3.805063688553244616e-01,-5.501140221111155809e-08,3.586289275334973888e-03,-4.486416035857336559e-02,1.026257149443300503e-11,4.845046320417784741e-02,-4.362449024247846556e-08,-1.423001012648204075e-06,2.914326254930187272e-03,-1.264265458520094382e-03,3.959423940363009801e-10,4.178942669657271201e-03,-1.128814723599863692e-06
2.708761908141799069e+00,3.805063872352487664e-01,-1.878750948647290794e-02,-3.880418030562408083e-01,-1.738342336824599779e-10,-1.201542035883693904e+00,-3.805063689853688813e-01,-5.901566078219445582e-08,3.594663997035397063e-03,-4.486770533435319869e-02,1.137999306208477715e-11,4.846238388922756435e-02,-4.680093042728719384e-08,-1.362025560652627889e-06,2.910458755917837755e-03,-1.201341552723692637e-03,3.812429131507712844e-10,4.112136222965427114e-03,-1.080450780003037077e-06
2.711637451568701174e+00,3.805063870599996734e-01,-1.877716084649189848e-02,-3.881708269714930770e-01,-1.737999541026687491e-10,-1.201402663285230821e+00,-3.805063691243472657e-01,-6.284442608396886448e-08,3.603027534132837318e-03,-4.487106939531530087e-02,1.245510680988215795e-11,4.847411243156458244e-02,-4.983817448485381049e-08,-1.300942208989486648e-06,2.906547134662008751e-03,-1.138435519483199220e-03,3.665165255895980768e-10,4.045303499969856408e-03,-1.032001251311135969e-06
2.714512994995603279e+00,3.805063868739934629e-01,-1.876678817302965610e-02,-3.882998603001966420e-01,-1.737626439074980504e-10,-1.201263257237182414e+00,-3.805063692718589907e-01,-6.649739129288001688e-08,3.611379759775668226e-03,-4.487425259339646033e-02,1.348783619845665368e-11,4.848564875619836012e-02,-5.273597904528540533e-08,-1.239753355705575548e-06,2.902591407847947193e-03,-1.075547736598935107e-03,3.517638101957734345e-10,3.978444895747695019e-03,-9.834680395865974060e-07
2.717388538422505384e+00,3.805063866777361747e-01,-1.875639149879509276e-02,-3.884289025223482961e-01,-1.737224250830636609e-10,-1.201123818292385348e+00,-3.805063694275025443e-01,-6.997425648833677237e-08,3.619720547161433231e-03,-4.487725498161852095e-02,1.447810635470922193e-11,4.849699278927430829e-02,-5.549410621392361155e-08,-1.178461403892694045e-06,2.898591593000029130e-03,-1.012678581070087808e-03,3.369853470475091961e-10,3.911560805415317463e-03,-9.348530508934560532e-07
2.720264081849407489e+00,3.805063864717345146e-01,-1.874597085686166564e-02,-3.885579531180991530e-01,-1.736794198283821915e-10,-1.200984347003887009e+00,-3.805063695908763033e-01,-7.327472866707699126e-08,3.628049769539274695e-03,-4.488007661408639770e-02,1.542584407532789751e-11,4.850814445807419273e-02,-5.811232358273855554e-08,-1.117068761591079432e-06,2.894547708481423186e-03,-9.498284290952291840e-04,3.221817174349106750e-10,3.844651624128497293e-03,-8.861581952207485973e-07
2.723139625276309594e+00,3.805063862564961319e-01,-1.873552628066722098e-02,-3.886870115677572013e-01,-1.736337505505646227e-10,-1.200844843924942618e+00,-3.805063697615773122e-01,-7.639852175726674229e-08,3.636367300212349496e-03,-4.488271754598548852e-02,1.633097783024159303e-11,4.851910369101603004e-02,-6.059040424151217325e-08,-1.055577841692360162e-06,2.890459773493715863e-03,-8.869976560734699027e-04,3.073535038365308973e-10,3.777717747083160840e-03,-8.373853864055423826e-07
2.726015168703211700e+00,3.805063860325295644e-01,-1.872505780401386571e-02,-3.888160773517906343e-01,-1.735855398600000197e-10,-1.200705309609011451e+00,-3.805063699392023935e-01,-7.934535663230172515e-08,3.644673012540232925e-03,-4.488517783357966889e-02,1.719343776600103004e-11,4.852987041765440684e-02,-6.292812678878515156e-08,-9.939910618426832275e-07,2.886327808076527297e-03,-8.241866366049317195e-04,2.925012898959681629e-10,3.710759569515452699e-03,-7.885365420560958637e-07
2.728890712130113805e+00,3.805063858003440158e-01,-1.871456546106776975e-02,-3.889451499508312926e-01,-1.735349105655293467e-10,-1.200565744609753294e+00,-3.805063701233477036e-01,-8.211496112434578189e-08,3.652966779941329515e-03,-4.488745753420874535e-02,1.801315570909703864e-11,4.854044456868038954e-02,-6.512527534259560533e-08,-9.323108443452808110e-07,2.882151833107116611e-03,-7.613957444919730588e-04,2.776256603983271735e-10,3.643777486702541504e-03,-7.396135834745776487e-07
2.731766255557016354e+00,3.805063855604494671e-01,-1.870404928635902020e-02,-3.890742288456771059e-01,-1.734819856696103899e-10,-1.200426149481026439e+00,-3.805063703136085662e-01,-8.470707003757822750e-08,3.661248475895278239e-03,-4.488955670628627659e-02,1.879006516920793289e-11,4.855082607592176025e-02,-6.718163955098640864e-08,-8.705396160630746213e-07,2.877931870299943462e-03,-6.986253527397172369e-04,2.627272012466892083e-10,3.576771893962684551e-03,-6.906184355798176239e-07
2.734641798983918459e+00,3.805063853133566765e-01,-1.869350931478140979e-02,-3.892033135172957015e-01,-1.734268883634727020e-10,-1.200286524776883024e+00,-3.805063705095799720e-01,-8.712142516116801237e-08,3.669517973945365941e-03,-4.489147540929730451e-02,1.952410134238116083e-11,4.856101487234316255e-02,-6.909701460229610245e-08,-8.086798083209324234e-07,2.873667942206258215e-03,-6.358758335571236542e-04,2.478064994384984951e-10,3.509743186655869211e-03,-6.415530268297754873e-07
2.737517342410820564e+00,3.805063850595771791e-01,-1.868294558159228069e-02,-3.893324034468271799e-01,-1.733697420222642232e-10,-1.200146871051566144e+00,-3.805063707108561899e-01,-8.935777528196140240e-08,3.677775147700923855e-03,-4.489321370379598108e-02,2.021520111414588179e-11,4.857101089204610839e-02,-7.087120123522286364e-08,-7.467338568077952861e-07,2.869360072213633997e-03,-5.731475583579163056e-04,2.328641430419154953e-10,3.442691760184244873e-03,-5.924192891439148370e-07
2.740392885837722670e+00,3.805063847996232318e-01,-1.867235812241231641e-02,-3.894614981155875011e-01,-1.733106702001884417e-10,-1.200007188859507190e+00,-3.805063709170309338e-01,-9.141587619689330124e-08,3.686019870839751019e-03,-4.489477165140341730e-02,2.086330306255820589e-11,4.858081407026926951e-02,-7.250400574866815280e-08,-6.847042014785501919e-07,2.865008284545506566e-03,-5.104408977612438433e-04,2.179007211721106310e-10,3.375618009992301626e-03,-5.432191578253665615e-07
2.743268429264624775e+00,3.805063845340075912e-01,-1.866174697322535089e-02,-3.895905970050710931e-01,-1.732497966256332302e-10,-1.199867478755321848e+00,-3.805063711276973071e-01,-9.329549072510687567e-08,3.694252017110479132e-03,-4.489614931480515048e-02,2.146834746117662416e-11,4.859042434338831790e-02,-7.399524001135068379e-08,-6.225932864558719414e-07,2.860612604260678610e-03,-4.477562215929476591e-04,2.029168239675477764e-10,3.308522331567617485e-03,-4.939545714830783587e-07
2.746143972691526880e+00,3.805063842632440130e-01,-1.865111217037813268e-02,-3.897196995969542943e-01,-1.731872451962913596e-10,-1.199727741293807437e+00,-3.805063713424480243e-01,-9.499638871980395681e-08,3.702471460335022852e-03,-4.489734675774925687e-02,2.203027628197188773e-11,4.859984164891643227e-02,-7.534472147120510131e-08,-5.604035599316270360e-07,2.856173057252850075e-03,-3.850938988862418963e-04,1.879130425661628772e-10,3.241405120441041843e-03,-4.446274719536051665e-07
2.749019516118428985e+00,3.805063839878466969e-01,-1.864045375058015486e-02,-3.898488053730984060e-01,-1.731231399742722747e-10,-1.199587977029938912e+00,-3.805063715608753006e-01,-9.651834707979937683e-08,3.710678074410942492e-03,-4.489836404504365247e-02,2.254903319816584324e-11,4.860906592550411076e-02,-7.655227316454757885e-08,-4.981374740682934421e-07,2.851689670250061315e-03,-3.224542978827265281e-04,1.728899690815477413e-10,3.174266772187133052e-03,-3.952398042229224631e-07
2.751895059545331090e+00,3.805063837083303424e-01,-1.862977175090340873e-02,-3.899779138155524127e-01,-1.730576051812061158e-10,-1.199448186518866422e+00,-3.805063717825706293e-01,-9.786114976079757156e-08,3.718871733313850510e-03,-4.489920124255407374e-02,2.302456358700250725e-11,4.861809711293939990e-02,-7.761772372501950719e-08,-4.357974849001808270e-07,2.847162470814195660e-03,-2.598377860335726076e-04,1.578481965790817420e-10,3.107107682424817621e-03,-3.457935163480763549e-07
2.754770602972233196e+00,3.805063834252105925e-01,-1.861906620878215485e-02,-3.901070244065562020e-01,-1.729907651933400886e-10,-1.199308370315911310e+00,-3.805063720071251709e-01,-9.902458778638551960e-08,3.727052311099823649e-03,-4.489985841720177395e-02,2.345681453245140561e-11,4.862693515214805418e-02,-7.854090739230707663e-08,-3.733860522343556556e-07,2.842591487340416067e-03,-1.972447300002144223e-04,1.427883190519943739e-10,3.039928246817494295e-03,-2.962905593785963885e-07
2.757646146399135301e+00,3.805063831390034235e-01,-1.860833716201268362e-02,-3.902361366285438393e-01,-1.729227445366264590e-10,-1.199168528976562786e+00,-3.805063722341296972e-01,-1.000084592587374918e-07,3.735219681907785139e-03,-4.490033563696121249e-02,2.384573482784047963e-11,4.863557998519367487e-02,-7.932166402063225279e-08,-3.109056395515156248e-07,2.837976749056598733e-03,-1.346754956554536455e-04,1.277109313974156605e-10,2.972728861073551439e-03,-2.467328872778776058e-07
2.760521689826036962e+00,3.805063828502255885e-01,-1.859758464875310366e-02,-3.903652499641460660e-01,-1.728536678818039044e-10,-1.199028663056476374e+00,-3.805063724631742583e-01,-1.008125693690359124e-07,3.743373719961893848e-03,-4.490063297085779975e-02,2.419127497842103425e-11,4.864403155527776551e-02,-7.995983908701834921e-08,-2.483587139067075022e-07,2.833318286022765402e-03,-7.213044808462160118e-05,1.126166293923857320e-10,2.905509920946929524e-03,-1.971224568444267026e-07
2.763397233252939067e+00,3.805063825593941185e-01,-1.858680870752304690e-02,-3.904943638961939079e-01,-1.727836600394710584e-10,-1.198888773111467909e+00,-3.805063726938488489e-01,-1.014367304076077757e-07,3.751514299573951213e-03,-4.490075048896555870e-02,2.449338720386363917e-11,4.865228980673987763e-02,-8.045528369932995813e-08,-1.857477458297122929e-07,2.828616129130471883e-03,-9.609951586479151958e-06,9.750600966978712622e-11,2.838271822237395207e-03,-1.474612276328564072e-07
2.766272776679841172e+00,3.805063822670267659e-01,-1.857600937720346734e-02,-3.906234779077212282e-01,-1.727128459551529996e-10,-1.198748859697512437e+00,-3.805063729257426863e-01,-1.018807617737716953e-07,3.759641295145776073e-03,-4.490068826240500161e-02,2.475202544068410746e-11,4.866035468505775646e-02,-8.080785460408387805e-08,-1.230752092255273123e-07,2.823870310102203057e-03,5.288563032573162515e-05,8.237966969429722696e-11,2.771014960790952903e-03,-9.775116187494613849e-08
2.769148320106743277e+00,3.805063819736418385e-01,-1.856518669703631497e-02,-3.907525914819678925e-01,-1.726413507043611471e-10,-1.198608923370739765e+00,-3.805063731584447662e-01,-1.021444899854011443e-07,3.767754581171611165e-03,-4.490044636334089567e-02,2.496714534460096350e-11,4.866822613684764626e-02,-8.101741419403375120e-08,-6.034358127450205978e-08,2.819080861490760957e-03,1.153559349231945627e-04,6.723820773825949561e-11,2.703739732500311417e-03,-4.799422440043240194e-08
2.772023863533645383e+00,3.805063816797579213e-01,-1.855434070662434140e-02,-3.908817041023828209e-01,-1.725692994876463075e-10,-1.198468964687431138e+00,-3.805063733915436952e-01,-1.022277486881983147e-07,3.775854032240491889e-03,-4.490002486497979284e-02,2.513870429282314994e-11,4.867590410986408211e-02,-8.108383051552683579e-08,2.444657667624368171e-09,2.814247816678590395e-03,1.778006002604052768e-04,5.208222285752741286e-11,2.636446533305291176e-03,1.807617442273946160e-09
2.774899406960547488e+00,3.805063813858943211e-01,-1.854347144593074259e-02,-3.910108152526269865e-01,-1.724968176256451293e-10,-1.198328984204017456e+00,-3.805063736246276362e-01,-1.021303786646819441e-07,3.783939523038638928e-03,-4.489942384156798971e-02,2.526666138626831281e-11,4.868338855300032020e-02,-8.100697727563243681e-08,6.528702416978872234e-08,2.809371209877146221e-03,2.402192651740908680e-04,3.691231486728667432e-11,2.569135759193247933e-03,5.165239386546303532e-08
2.777774950387450037e+00,3.805063810925705114e-01,-1.853257895527895063e-02,-3.911399244165761901e-01,-1.724240305541205092e-10,-1.198188982477074394e+00,-3.805063738572844190e-01,-1.018522278428861591e-07,3.792010928351835248e-03,-4.489864336838909203e-02,2.535097745171133211e-11,4.869067941628823365e-02,-8.078673384904194229e-08,1.281810318258545905e-07,2.804451076126199868e-03,3.026115692820441870e-04,2.172908431782972644e-11,2.501807806199525530e-03,1.015381327216366758e-07
2.780650493814352142e+00,3.805063808003066872e-01,-1.852166327535227988e-02,-3.912690310783244474e-01,-1.723510638189957163e-10,-1.198048960063319512e+00,-3.805063740891015400e-01,-1.013931513047706917e-07,3.800068123067825224e-03,-4.489768352176198157e-02,2.539161504386345962e-11,4.869777665089872892e-02,-8.042298528473936657e-08,1.911241913550381903e-07,2.799487451293162805e-03,3.649771529821497877e-04,6.533132470288589526e-12,2.434463070407724347e-03,1.514628595831677871e-07
2.783526037241254247e+00,3.805063805096233209e-01,-1.851072444719370144e-02,-3.913981347221865414e-01,-1.722780430713828044e-10,-1.197908917519609595e+00,-3.805063743196663295e-01,-1.007530112943436075e-07,3.808110982178673862e-03,-4.489654437903849854e-02,2.538853844738145990e-11,4.870468020914169027e-02,-7.991562231244488874e-08,2.541140107023181406e-07,2.794480372072377043e-03,4.273156574511045684e-04,-8.674938727627973265e-12,2.367101947950246005e-03,2.014245978219389470e-07
2.786401580668156353e+00,3.805063802210410517e-01,-1.849976251220545806e-02,-3.915272348327011875e-01,-1.722050940626053108e-10,-1.197768855402936206e+00,-3.805063745485654514e-01,-9.993167722549330357e-08,3.816139380783142507e-03,-4.489522601860104767e-02,2.534171367880667990e-11,4.871139004446609078e-02,-7.926454134882622469e-08,3.171479951391298571e-07,2.789429875984383942e-03,4.896267246432047665e-04,-2.389452666596806100e-11,2.299724835008751765e-03,2.514213686892145594e-07
2.789277124095058458e+00,3.805063799350812959e-01,-1.848877751214881432e-02,-3.916563308946340305e-01,-1.721323426392152429e-10,-1.197628774270423913e+00,-3.805063747753856807e-01,-9.892902568953138934e-08,3.824153194089088392e-03,-4.489372851986061369e-02,2.525110848843468074e-11,4.871790611146033234e-02,-7.846964450348190898e-08,3.802236473641895388e-07,2.784336001375196934e-03,5.519099972893797175e-04,-3.912502809689970188e-11,2.232332127814378939e-03,3.014511913956083479e-07
2.792152667521960563e+00,3.805063796522655251e-01,-1.847776948914372705e-02,-3.917854223929804203e-01,-1.720599147380052825e-10,-1.197488674679326071e+00,-3.805063749997132927e-01,-9.774494046244638598e-08,3.832152297415803485e-03,-4.489205196325434660e-02,2.511669236211426507e-11,4.872422836585219713e-02,-7.753083958469550732e-08,4.433384676042464071e-07,2.779198787415547781e-03,6.141651188957982215e-04,-5.436583915905899048e-11,2.164924222648349338e-03,3.515120831909960709e-07
2.795028210948862668e+00,3.805063793731157107e-01,-1.846673848566850185e-02,-3.919145088129686316e-01,-1.719879363810153550e-10,-1.197348557187021267e+00,-3.805063752211342853e-01,-9.637931251186638995e-08,3.840136566196414910e-03,-4.489019643024342449e-02,2.493843652297666586e-11,4.873035676450909043e-02,-7.644804010495688173e-08,5.064899537152029820e-07,2.774018274100110287e-03,6.763917337427741497e-04,-6.961635540198551519e-11,2.097501515842271989e-03,4.016020594447262323e-07
2.797903754375764773e+00,3.805063790981538796e-01,-1.845568454455948082e-02,-3.920435896400626397e-01,-1.719165336705347523e-10,-1.197208422351010437e+00,-3.805063754392345454e-01,-9.483204000373086044e-08,3.848105875980231596e-03,-4.488816200331077755e-02,2.471631393309443119e-11,4.873629126543813084e-02,-7.522116528625602731e-08,5.696756012831674888e-07,2.768794502246723147e-03,7.385894868835300199e-04,-8.487597181054435855e-11,2.030064403778566832e-03,4.517191337257685896e-07
2.800779297802666878e+00,3.805063788279025583e-01,-1.844460770901069913e-02,-3.921726643599648954e-01,-1.718458327840993703e-10,-1.197068270728913975e+00,-3.805063756535995712e-01,-9.310302830867213909e-08,3.856060102435123881e-03,-4.488594876595893707e-02,2.445029929506979527e-11,4.874203182778637927e-02,-7.385014006514261183e-08,6.328929037257089179e-07,2.763527513495593266e-03,8.007580241429044111e-04,-1.001440828293930819e-10,1.962613282890942647e-03,5.018613178830255824e-07
2.803654841229568984e+00,3.805063785628845507e-01,-1.843350802257353802e-02,-3.923017324586196564e-01,-1.717759599694846556e-10,-1.196928102878468847e+00,-3.805063758638148608e-01,-9.119219000810660949e-08,3.863999121349873632e-03,-4.488355680270765535e-02,2.414036905355327540e-11,4.874757841184083895e-02,-7.233489509755966187e-08,6.961393523931413598e-07,2.758217350308466570e-03,8.628969921161565217e-04,-1.154200823874616702e-10,1.895148549664740084e-03,5.520266221256735132e-07
2.806530384656471089e+00,3.805063783036227165e-01,-1.842238552915638830e-02,-3.924307934222155403e-01,-1.717070415396938989e-10,-1.196787919357523045e+00,-3.805063760694655239e-01,-8.909944490003145984e-08,3.871922808636554716e-03,-4.488098619909199061e-02,2.378650139669107648e-11,4.875293097902880929e-02,-7.067536676344002680e-08,7.594124366700013583e-07,2.752864055967821355e-03,9.250060381677323480e-04,-1.307033639224735844e-10,1.827670600637324155e-03,6.022130551036442832e-07
2.809405928083373194e+00,3.805063780506403037e-01,-1.841124027302425484e-02,-3.925598467371886335e-01,-1.716392038679430651e-10,-1.196647720724034691e+00,-3.805063762701366148e-01,-8.682472000453276612e-08,3.879831040332872710e-03,-4.487823704165974648e-02,2.338867625750228210e-11,4.875808949191784425e-02,-6.887149717107558651e-08,8.227096440765597268e-07,2.747467674575996156e-03,9.870848104299274287e-04,-1.459933204054799379e-10,1.760179832398535036e-03,6.524186239881482088e-07
2.812281471510275299e+00,3.805063778044607270e-01,-1.840007229879845121e-02,-3.926888918902252112e-01,-1.715725733826412023e-10,-1.196507507536068271e+00,-3.805063764654131320e-01,-8.436794956900052838e-08,3.887723692604533234e-03,-4.487530941796959161e-02,2.294687531518607131e-11,4.876305391421607155e-02,-6.692323416125442501e-08,8.860284603703939279e-07,2.742028251054359246e-03,1.049132957801609005e-03,-1.612893443654065208e-10,1.692676641591102241e-03,7.026413345522352720e-07
2.815157014937177404e+00,3.805063775656075120e-01,-1.838888165145617301e-02,-3.928179283682650125e-01,-1.715072765623675690e-10,-1.196367280351789741e+00,-3.805063766548795190e-01,-8.172907507304863512e-08,3.895600641747584258e-03,-4.487220341658848533e-02,2.246108199635668965e-11,4.876782421077208163e-02,-6.483053131116313767e-08,9.493663696481708343e-07,2.736545831142400079e-03,1.111150129946812193e-03,-1.765908279136521870e-10,1.625161424911122530e-03,7.528791912515266779e-07
2.818032558364079510e+00,3.805063773346043510e-01,-1.837766837633015432e-02,-3.929469556585038492e-01,-1.714434399308451417e-10,-1.196227039729465869e+00,-3.805063768381206635e-01,-7.890804523314957614e-08,3.903461764190783133e-03,-4.486891912708991514e-02,2.193128147620991590e-11,4.877240034757546194e-02,-6.259334793806202779e-08,1.012720854447332187e-06,2.731020461396862792e-03,1.173135977293729513e-03,-1.918971627686642349e-10,1.557634579108171154e-03,8.031301973048708141e-07
2.820908101790981615e+00,3.805063771119751026e-01,-1.836643251910824795e-02,-3.930759732483963265e-01,-1.713811900519107880e-10,-1.196086786227458898e+00,-3.805063770147207869e-01,-7.590481600696406467e-08,3.911306936497939771e-03,-4.486545664005140571e-02,2.135746067961654967e-11,4.877678229175670677e-02,-6.021164910272125457e-08,1.076089395848101822e-06,2.725452189190838946e-03,1.235090151033024514e-03,-2.072077402805912849e-10,1.490096500986059927e-03,8.533923547752488735e-07
2.823783645217883720e+00,3.805063768981610250e-01,-1.835517412387672673e-02,-3.932049806237232215e-01,-1.713206373960213863e-10,-1.195946520404183033e+00,-3.805063771843301690e-01,-7.281416398248163024e-08,3.919138275276073599e-03,-4.486181383054698574e-02,2.075807430171943170e-11,4.878097005838365890e-02,-5.776059808974127573e-08,1.067097069805391512e-06,2.721550814652671374e-03,1.298704193101841726e-03,-2.084265763851273950e-10,1.422583307767638682e-03,8.462681786789037118e-07
2.826659188644785825e+00,3.805063766931703340e-01,-1.834389322484904911e-02,-3.933339772604099172e-01,-1.712618081501178961e-10,-1.195806242817928577e+00,-3.805063773469420374e-01,-6.976877054366989092e-08,3.926958792577371279e-03,-4.485798768869855152e-02,2.015895978139496829e-11,4.878496368237048714e-02,-5.534541887167366956e-08,1.051033159753623087e-06,2.717773909482183291e-03,1.362451393328079508e-03,-2.082694071176623792e-10,1.355063170725814012e-03,8.335358321740536302e-07
2.829534732071687930e+00,3.805063764968704132e-01,-1.833258985325733614e-02,-3.934629626313485562e-01,-1.712047010295132165e-10,-1.195665954027002265e+00,-3.805063775026615858e-01,-6.676960352112227466e-08,3.934768388775950615e-03,-4.485397828493606354e-02,1.956030213710970180e-11,4.878876313476007698e-02,-5.296687898531455128e-08,1.034945748136738826e-06,2.713954957440886748e-03,1.426166579259813489e-03,-2.081088109722386403e-10,1.287533006908603674e-03,8.207848504294416139e-07
2.832410275498590035e+00,3.805063763091282025e-01,-1.832126404067955724e-02,-3.935919362096947371e-01,-1.711493147062834386e-10,-1.195525654589794096e+00,-3.805063776515943408e-01,-6.381672956177347072e-08,3.942566942929056663e-03,-4.484978571192199670e-02,1.896211121146549125e-11,4.879236838728863435e-02,-5.062503127772790069e-08,1.018835483874275601e-06,2.710093934206079472e-03,1.489849330955790672e-03,-2.079447959827943952e-10,1.219993211774256280e-03,8.080157477864295227e-07
2.835285818925492141e+00,3.805063761298104752e-01,-1.830991581904156326e-02,-3.937208974688718999e-01,-1.710956478242352391e-10,-1.195385345064773563e+00,-3.805063777938458291e-01,-6.091021344560350545e-08,3.950354334025091112e-03,-4.484541006352517345e-02,1.836439682386374724e-11,4.879577941282937231e-02,-4.831992711620701607e-08,1.002703016546590448e-06,2.706190816228646982e-03,1.553499229192772469e-03,-2.077773702514322739e-10,1.152444180836427294e-03,7.952290391102992697e-07
2.838161362352394246e+00,3.805063759587837824e-01,-1.829854522061727731e-02,-3.938498458825752113e-01,-1.710436989989726749e-10,-1.195245026010486322e+00,-3.805063779295216886e-01,-5.805011808378043734e-08,3.958130440985878698e-03,-4.484085143481923719e-02,1.776716877031099605e-11,4.879899618539325357e-02,-4.605161638680183488e-08,9.865489963684458463e-07,2.702245580735155098e-03,1.617115855467404729e-03,-2.076065419480707660e-10,1.084886309664415604e-03,7.824252397693152260e-07
2.841036905779296351e+00,3.805063757959146198e-01,-1.828715227802889254e-02,-3.939787809247750627e-01,-1.709934668179649608e-10,-1.195104697985551079e+00,-3.805063780587280009e-01,-5.523650451687024546e-08,3.965895142668852090e-03,-4.483610992207987672e-02,1.717043682322351965e-11,4.880201868012850469e-02,-4.382014749289977643e-08,9.703740741624783180e-07,2.698258205729828392e-03,1.680698791997473247e-03,-2.074323193100818122e-10,1.017319993883886685e-03,7.696048656136962036e-07
2.843912449206198900e+00,3.805063756410692055e-01,-1.827573702424701088e-02,-3.941077020697202338e-01,-1.709449498406143492e-10,-1.194964361548656706e+00,-3.805063781815705704e-01,-5.246943191312625309e-08,3.973648317869327845e-03,-4.483118562278327890e-02,1.657421073123377924e-11,4.880484687332119209e-02,-4.162556735386945681e-08,9.541789013327057757e-07,2.694228669996601936e-03,1.744247621723715464e-03,-2.072547106419377277e-10,9.497456291771201207e-04,7.567684329546159214e-07
2.846787992633101005e+00,3.805063754941137022e-01,-1.826429949259087901e-02,-3.942366087919416673e-01,-1.708981465983249419e-10,-1.194824017258558468e+00,-3.805063782981555898e-01,-4.974895756685886718e-08,3.981389845322732060e-03,-4.482607863560374162e-02,1.597850021899869353e-11,4.880748074239521506e-02,-3.946792140376812321e-08,9.379641298380185699e-07,2.690156953101121001e-03,1.807761928311191766e-03,-2.070737243148511974e-10,8.821636112836477679e-04,7.439164585431918226e-07
2.849663536060003111e+00,3.805063753549138839e-01,-1.825283971672853056e-02,-3.943655005662557445e-01,-1.708530555945718887e-10,-1.194683665674075135e+00,-3.805063784085894740e-01,-4.707513689687641576e-08,3.989119603706862451e-03,-4.482078906041186278e-02,1.538331498700787829e-11,4.880992026591262495e-02,-3.734725359010539616e-08,9.217304121656345347e-07,2.686043035392736856e-03,1.871241296150961009e-03,-2.068893687664172102e-10,8.145743360005782557e-04,7.310494595494461534e-07
2.852539079486905216e+00,3.805063752233357466e-01,-1.824135773067691452e-02,-3.944943768677677265e-01,-1.708096753049710253e-10,-1.194543307354084538e+00,-3.805063785129784160e-01,-4.444802344500317768e-08,3.996837471644133083e-03,-4.481531699827213944e-02,1.478866471139304898e-11,4.881216542357354193e-02,-3.526360637266821639e-08,9.054784013045303167e-07,2.681886898006466142e-03,1.934685310361604262e-03,-2.067016525002497198e-10,7.469781991830387992e-04,7.181679535412461825e-07
2.855414622913807321e+00,3.805063750992446758e-01,-1.822985356880211724e-02,-3.946232371718751963e-01,-1.707680041773494686e-10,-1.194402942857522687e+00,-3.805063786114289415e-01,-4.186766887467544544e-08,4.004543327703852067e-03,-4.480966255144112897e-02,1.419455904373888244e-11,4.881421619621660601e-02,-3.321702072240773110e-08,8.892087507188829751e-07,2.677688522864990570e-03,1.998093556790593930e-03,-2.065105840856214335e-10,6.793755967448128182e-04,7.052724584632536324e-07
2.858290166340709426e+00,3.805063749825062791e-01,-1.821832726581946657e-02,-3.947520809542715003e-01,-1.707280406318161334e-10,-1.194262572743377770e+00,-3.805063787040479095e-01,-3.933412296961587886e-08,4.012237050404472358e-03,-4.480382582336526337e-02,1.360100761089530824e-11,4.881607256581896315e-02,-3.120753612038803998e-08,8.729221143214963343e-07,2.673447892680582468e-03,2.061465622015956276e-03,-2.063161721570998788e-10,6.117669246586115300e-04,6.923634926158624642e-07
2.861165709767611531e+00,3.805063748729857753e-01,-1.820677885679367752e-02,-3.948809076909491345e-01,-1.706897830608334390e-10,-1.194122197570689270e+00,-3.805063787909418460e-01,-3.684743363257560163e-08,4.019918518215874655e-03,-4.479780691867861486e-02,1.300802001478886626e-11,4.881773451549640402e-02,-2.923519055678883715e-08,8.566191464471629628e-07,2.669164990957048535e-03,2.124801093347616909e-03,-2.061184254141811428e-10,5.441525789566754650e-04,6.794415746340849932e-07
2.864041253194513637e+00,3.805063747705484944e-01,-1.819520837713901190e-02,-3.950097168582032414e-01,-1.706532298292890665e-10,-1.193981817898542630e+00,-3.805063788722176654e-01,-3.440764688416722151e-08,4.027587609561638152e-03,-4.479160594320100858e-02,1.241560583223847645e-11,4.881920202950366244e-02,-2.730002052997997135e-08,8.403005018261139247e-07,2.664839801991654520e-03,2.188099558829086511e-03,-2.059173526209264561e-10,4.765329557310216103e-04,6.665072234665079904e-07
2.866916796621415742e+00,3.805063746750594333e-01,-1.818361586261938237e-02,-3.951385079326348859e-01,-1.706183792745683638e-10,-1.193841434286067482e+00,-3.805063789479822822e-01,-3.201480686175685828e-08,4.035244202821352058e-03,-4.478522300393585065e-02,1.182377461476809536e-11,4.882047509323464429e-02,-2.540206104564287098e-08,8.239668355573363959e-07,2.660472310877060736e-03,2.251360607238664293e-03,-2.057129626055939937e-10,4.089084511341810465e-04,6.535609583541434345e-07
2.869792340048317847e+00,3.805063745863835334e-01,-1.817200134934848429e-02,-3.952672803911546073e-01,-1.705852297066276021e-10,-1.193701047292433870e+00,-3.805063790183428329e-01,-2.966895581844946449e-08,4.042888176332864666e-03,-4.477865820906785921e-02,1.123253588842445528e-11,4.882155369322232347e-02,-2.354134561596591244e-08,8.076188030819898517e-07,2.656062503503179954e-03,2.314583828091033510e-03,-2.055052642602699008e-10,3.412794613794731973e-04,6.406032988093575088e-07
2.872667883475219952e+00,3.805063745043855694e-01,-1.816036487378993106e-02,-3.953960337109856393e-01,-1.705537794080671815e-10,-1.193560657476848474e+00,-3.805063790834063986e-01,-2.737013412214058525e-08,4.050519408394599209e-03,-4.477191166796110067e-02,1.064189915359341075e-11,4.882243781713916514e-02,-2.171790625889232100e-08,7.912570601567532227e-07,2.651610366559078221e-03,2.377768811638776309e-03,-2.052942665404998099e-10,2.736463827413877932e-04,6.276347645947464462e-07
2.875543426902122057e+00,3.805063744289303718e-01,-1.814870647275733731e-02,-3.955247673696674626e-01,-1.705240266342059225e-10,-1.193420265398551949e+00,-3.805063791432802267e-01,-2.511838025464610470e-08,4.058137777267868847e-03,-4.476498349115690112e-02,1.005187388481768742e-11,4.882312745379732005e-02,-1.993177349743008384e-08,7.748822628271732149e-07,2.647115887534865711e-03,2.440915148873564183e-03,-2.050799784649184962e-10,2.060096115563028036e-04,6.146558757020102574e-07
2.878418970329024607e+00,3.805063743598824932e-01,-1.813702618341443001e-02,-3.956534808450589691e-01,-1.704959696131556412e-10,-1.193279871616815813e+00,-3.805063791980715093e-01,-2.291373081091108746e-08,4.065743161179152625e-03,-4.475787379037153568e-02,9.462469530616252928e-12,4.882362259314851349e-02,-1.818297635902438134e-08,7.584950674010128414e-07,2.642579054723509513e-03,2.504022431527787307e-03,-2.048624091148766902e-10,1.383695442226675850e-04,6.016671523308299520e-07
2.881294513755926268e+00,3.805063742971063201e-01,-1.812532404327516639e-02,-3.957821736153422365e-01,-1.704696065458960091e-10,-1.193139476690938450e+00,-3.805063792478878271e-01,-2.075622049829669601e-08,4.073335438322431279e-03,-4.475058267849434113e-02,8.873695513305280802e-12,4.882392322628466286e-02,-1.647154237499202050e-08,7.420961304216247298e-07,2.637999857222714066e-03,2.567090252075928444e-03,-2.046415676340711209e-10,7.072657720151936879e-05,5.886691148677613839e-07
2.884170057182828817e+00,3.805063742404664606e-01,-1.811360009020376513e-02,-3.959108451590255262e-01,-1.704449356063504215e-10,-1.192999081180242449e+00,-3.805063792928366495e-01,-1.864588213593242552e-08,4.080914486861492683e-03,-4.474311026958522480e-02,8.285561228816976861e-12,4.882402934543755846e-02,-1.479749758000754079e-08,7.256861086412100807e-07,2.633378284936716603e-03,2.630118203735755129e-03,-2.044174632281657191e-10,3.081107017089763011e-06,5.756622838650411102e-07
2.887045600609730478e+00,3.805063741898270235e-01,-1.810185436241489032e-02,-3.960394949549465582e-01,-1.704219549414618907e-10,-1.192858685644070826e+00,-3.805063793330253907e-01,-1.658274665416728941e-08,4.088480184932254645e-03,-4.473545667887302707e-02,7.698076046525701671e-12,4.882394094397954354e-02,-1.316086651166789538e-08,7.092656589942730782e-07,2.628714328578134196e-03,2.693105880469936868e-03,-2.041901051644230562e-10,-6.456646974295401215e-05,5.626471800195451398e-07
2.889921144036633027e+00,3.805063741450523951e-01,-1.809008689847361670e-02,-3.961681224822763969e-01,-1.704006626712698967e-10,-1.192718290641784584e+00,-3.805063793685618534e-01,-1.456684309407105090e-08,4.096032410645087697e-03,-4.472762202275278737e-02,7.111249309067721104e-12,4.882365801642327141e-02,-1.156167221009659895e-08,6.928354385708387672e-07,2.624007979669722764e-03,2.756052876987202631e-03,-2.039595027713218516e-10,-1.322157564269053052e-04,5.496243241515609117e-07
2.892796687463534688e+00,3.805063741060065174e-01,-1.807829773729557887e-02,-3.962967272205224489e-01,-1.703810568889873406e-10,-1.192577896732758269e+00,-3.805063793995535071e-01,-1.259819860703275756e-08,4.103571042087160448e-03,-4.471960641878409970e-02,6.525090332167831214e-12,4.882318055842211485e-02,-9.999936217625165515e-09,6.763961045898544189e-07,2.619259230546191163e-03,2.818958788743828811e-03,-2.037256654381839907e-10,-1.998663563186825541e-04,5.365942371837058092e-07
2.895672230890437238e+00,3.805063740725537214e-01,-1.806648691814699212e-02,-3.964253086495315159e-01,-1.703631356610783259e-10,-1.192437504476377530e+00,-3.805063794261082655e-01,-1.067683845442632869e-08,4.111095957324776250e-03,-4.471140998568880892e-02,5.939608404464373190e-12,4.882250856677048528e-02,-8.475678578527631454e-09,6.599483143725062987e-07,2.614468074355965829e-03,2.881823211944987539e-03,-2.034886026147962976e-10,-2.675178726374101337e-04,5.235574401197763241e-07
2.898547774317338899e+00,3.805063740445577825e-01,-1.805465448064475301e-02,-3.965538662494936251e-01,-1.703468970273361711e-10,-1.192297114432035787e+00,-3.805063794483337647e-01,-8.802786007357171765e-09,4.118607034405685589e-03,-4.470303284334867927e-02,5.354812787336607064e-12,4.882164203940365932e-02,-6.988917838819294996e-09,6.434927253155654452e-07,2.609634505062927243e-03,2.944645743545902875e-03,-2.032483238110287129e-10,-3.351699085368253783e-04,5.105144540236223133e-07
2.901423317744241448e+00,3.805063740218826984e-01,-1.804280046475642205e-02,-3.966823995009455261e-01,-1.703323390009621478e-10,-1.192156727159130014e+00,-3.805063794663380294e-01,-6.976062746476540685e-09,4.126104151361474799e-03,-4.469447511280336127e-02,4.770712714730404397e-12,4.882058097539816732e-02,-5.539671046109168719e-09,6.270299948646712985e-07,2.604758517448168935e-03,3.007425981253238588e-03,-2.030048385964552386e-10,-4.028220671049068634e-04,4.974657999979708580e-07
2.904298861171143109e+00,3.805063740043924669e-01,-1.803092491080033472e-02,-3.968109078847732452e-01,-1.703194595686444243e-10,-1.192016343217058960e+00,-3.805063794802289179e-01,-5.196688261886736809e-09,4.133587186209894924e-03,-4.468573691624829619e-02,4.187317392989456585e-12,4.881932537497200852e-02,-4.127953749524451337e-09,6.105607804877377239e-07,2.599840107111714860e-03,3.070163523526449941e-03,-2.027581565999737710e-10,-4.704739513634992169e-04,4.844119991633473193e-07
2.907174404598045658e+00,3.805063739919507526e-01,-1.801902785944559104e-02,-3.969393908822160810e-01,-1.703082566906380180e-10,-1.191875963165219154e+00,-3.805063794901142882e-01,-3.464680253112081921e-09,4.141056016957229621e-03,-4.467681837703253722e-02,3.604636000684164386e-12,4.881787523948490082e-02,-2.753779999687052322e-09,5.940857396482685098e-07,2.594879270474234612e-03,3.132857969579075624e-03,-2.025082875094237624e-10,-5.381251642678813903e-04,4.713535726369249250e-07
2.910049948024947764e+00,3.805063739844213866e-01,-1.800710935171212154e-02,-3.970678479748694922e-01,-1.702987283008445146e-10,-1.191735587563000909e+00,-3.805063794961021095e-01,-1.780054529151179295e-09,4.148510521600637033e-03,-4.466771961965643883e-02,3.022677688443151171e-12,4.881623057143824607e-02,-1.417162348754648589e-09,5.776055297787142636e-07,2.589876004778734336e-03,3.195508919379801572e-03,-2.022552410712013231e-10,-6.057753087061392306e-04,4.582910415114072863e-07
2.912925491451849869e+00,3.805063739816680335e-01,-1.799516942897067331e-02,-3.971962786446887606e-01,-1.702908723068930288e-10,-1.191595216969786097e+00,-3.805063794983004621e-01,-1.428250086019145938e-10,4.155950578130551513e-03,-4.465844076976964450e-02,2.441451578784533422e-12,4.881439137447552562e-02,-1.181118505193217356e-10,5.611208082538103562e-07,2.584830308092235084e-03,3.258115973654018317e-03,-2.019990270898771682e-10,-6.734239874990294132e-04,4.452249268338954540e-07
2.915801034878751974e+00,3.805063739835545245e-01,-1.798320813294285517e-02,-3.973246823739920996e-01,-1.702846865902209318e-10,-1.191454851944945048e+00,-3.805063794968173707e-01,1.446996280131936590e-09,4.163376064533016833e-03,-4.464898195416873439e-02,1.860966765949966816e-12,4.881235765338234195e-02,1.143361939429049364e-09,5.446322323639580639e-07,2.579742179307445513e-03,3.320678733884684444e-03,-2.017396554278093413e-10,-7.410708033991720905e-04,4.321557495847881699e-07
2.918676578305654079e+00,3.805063739899444131e-01,-1.797122550570112720e-02,-3.974530586454639858e-01,-1.702801690061556645e-10,-1.191314493047830991e+00,-3.805063794917609155e-01,2.989399198560610391e-09,4.170786858792092239e-03,-4.463934330079520618e-02,1.281232315738832460e-12,4.881012941408675171e-02,2.367250963481273365e-09,5.281404592885961826e-07,2.574611618144403806e-03,3.383196802313912128e-03,-2.014771360047593772e-10,-8.087153590909826415e-04,4.190840306566781995e-07
2.921552121732556184e+00,3.805063740007013640e-01,-1.795922158966881815e-02,-3.975814069421583219e-01,-1.702773173839966027e-10,-1.191174140837780726e+00,-3.805063794832391766e-01,4.484375497749790377e-09,4.178182838892229023e-03,-4.462952493873338644e-02,7.022572653441553348e-13,4.880770666365952942e-02,3.553548661724941883e-09,5.116461460695994280e-07,2.569438625152134330e-03,3.445669781944014042e-03,-2.012114787975058272e-10,-8.763572571900549776e-04,4.060102908332649168e-07
2.924427665159458289e+00,3.805063740156889307e-01,-1.794719642762011499e-02,-3.977097267475020459e-01,-1.702761295270976201e-10,-1.191033795874107071e+00,-3.805063794713601788e-01,5.931918817889534736e-09,4.185563882820634088e-03,-4.461952699820778689e-02,1.240506231881781687e-13,4.880508941031397319e-02,4.702249971603253500e-09,4.951499495846327914e-07,2.564223201710226670e-03,3.508097276538607937e-03,-2.009426938394526674e-10,-9.439961002426852524e-04,3.929350507682365034e-07
2.927303208586360395e+00,3.805063740347708334e-01,-1.793515006268005252e-02,-3.978380175452980172e-01,-1.702766032129500645e-10,-1.190893458716099307e+00,-3.805063794562321688e-01,7.332024687781270488e-09,4.192929868569696822e-03,-4.460934961058153625e-02,-4.533786312389264126e-13,4.880227766340669571e-02,5.813351327508779653e-09,4.786525265206003386e-07,2.558965350030485350e-03,3.570478890624046060e-03,-2.006707912202460805e-10,-1.011631490725639409e-03,3.798588309642234022e-07
2.930178752013262944e+00,3.805063740578106257e-01,-1.792308253832448559e-02,-3.979662788197285694e-01,-1.702787361932661227e-10,-1.190753129923016518e+00,-3.805063794379631714e-01,8.684690524251938266e-09,4.200280674139351793e-03,-4.459899290835368790e-02,-1.030021547540566638e-12,4.879927143343726348e-02,6.886850660319552380e-09,4.621545333470443521e-07,2.553665073158489784e-03,3.632814229490303332e-03,-2.003957810853805116e-10,-1.079263031045477831e-03,3.667821517517148211e-07
2.933054295440164605e+00,3.805063740846718612e-01,-1.791099389838007178e-02,-3.980945100553586191e-01,-1.702825261940628046e-10,-1.190612810054086923e+00,-3.805063794166613222e-01,9.989915631491622895e-09,4.207616177539489147e-03,-4.458845702515709664e-02,-1.605869204574145861e-12,4.879607073204862699e-02,7.922747396874357190e-09,4.456566262895707314e-07,2.548322374975172441e-03,3.695102899192222005e-03,-2.001176736358094799e-10,-1.146890323538217070e-03,3.537055332679963054e-07
2.935929838867067154e+00,3.805063741152180379e-01,-1.789888418702425404e-02,-3.982227107371389963e-01,-1.702879709157461608e-10,-1.190472499668503659e+00,-3.805063793924347570e-01,1.124770120031198928e-08,4.214936256792378017e-03,-4.457774209575661450e-02,-2.180912710609100455e-12,4.879267557202761341e-02,8.921042459385539052e-09,4.291594613033318850e-07,2.542937260198393102e-03,3.757344506550902921e-03,-1.998364791275572941e-10,-1.214512970469135448e-03,3.406294954361288683e-07
2.938805382293968815e+00,3.805063741493128759e-01,-1.788675344878518439e-02,-3.983508803504096085e-01,-1.702950680331962239e-10,-1.190332199325421003e+00,-3.805063793653916671e-01,1.245805030733279659e-08,4.222240789935043093e-03,-4.456684825604634304e-02,-2.755143203485822850e-12,4.878908596730453101e-02,9.881738264794466571e-09,4.126636940464480015e-07,2.537509734384457184e-03,3.819538659154403729e-03,-1.995522078713223945e-10,-1.282130574031950044e-03,3.275545579438855052e-07
2.941680925720871365e+00,3.805063741868198735e-01,-1.787460172854172386e-02,-3.984790183809029385e-01,-1.703038151958522334e-10,-1.190191909583951491e+00,-3.805063793356401325e-01,1.362096791408760187e-08,4.229529655021710584e-03,-4.455577564304787075e-02,-3.328551850771299722e-12,4.878530193295397416e-02,1.080483872406327265e-08,3.961699798535304408e-07,2.532039803929670482e-03,3.881684965359197791e-03,-1.992648702320889134e-10,-1.349742736348712386e-03,3.144812402227630932e-07
2.944556469147773026e+00,3.805063742276027505e-01,-1.786242907152334539e-02,-3.986071243147469301e-01,-1.703142100277981718e-10,-1.190051631003163468e+00,-3.805063793032881225e-01,1.473646086605577014e-08,4.236802730126177849e-03,-4.454452439490759474e-02,-3.901129849914868527e-12,4.878132348519444161e-02,1.169034924140782231e-08,3.796789737091680674e-07,2.526527476071814549e-03,3.943783034290986901e-03,-1.989744766287290601e-10,-1.417349059469142107e-03,3.014100614269682983e-07
2.947432012574674687e+00,3.805063742715250608e-01,-1.785023552331010954e-02,-3.987351976384685415e-01,-1.703262501278492309e-10,-1.189911364142075989e+00,-3.805063792684438839e-01,1.580453789162000677e-08,4.244059893344315736e-03,-4.453309465089518027e-02,-4.472868428403633351e-12,4.877715064138927331e-02,1.253827671347205410e-08,3.631913302214319541e-07,2.520972758891688002e-03,4.005832475846167993e-03,-1.986810375336138028e-10,-1.484949145370540423e-03,2.883415404124166637e-07
2.950307556001577236e+00,3.805063743184505243e-01,-1.783802112983257082e-02,-3.988632378389966315e-01,-1.703399330696381225e-10,-1.189771109559657480e+00,-3.805063792312154414e-01,1.682520960094184514e-08,4.251301022796388773e-03,-4.452148655140048678e-02,-5.043758843913833305e-12,4.877278342004599809e-02,1.334862952843696595e-08,3.467077035954575359e-07,2.515375661314537235e-03,4.067832900692336211e-03,-1.983845634722116608e-10,-1.552542595956864441e-03,2.752761957157930556e-07
2.953183099428478897e+00,3.805063743682429167e-01,-1.782578593737172909e-02,-3.989912444036654571e-01,-1.703552564017022169e-10,-1.189630867814820636e+00,-3.805063791917108196e-01,1.779848848476894819e-08,4.258525996629593073e-03,-4.450970023793218017e-02,-5.613792384465059205e-12,4.876822184081735373e-02,1.412141756507566224e-08,3.302287476069649840e-07,2.509736193111558253e-03,4.129783920270020496e-03,-1.980850650226991274e-10,-1.620129013058943784e-03,2.622145455335635629e-07
2.956058642855381446e+00,3.805063744207658472e-01,-1.781352999255893937e-02,-3.991192168202177259e-01,-1.703722176475710175e-10,-1.189490639466420197e+00,-3.805063791500379322e-01,1.872438891315817310e-08,4.265734693020402542e-03,-4.449773585311495722e-02,-6.182960368568867389e-12,4.876346592450093997e-02,1.485665219174172185e-08,3.137551155759023989e-07,2.504054364901321314e-03,4.191685146793154570e-03,-1.977825528155600311e-10,-1.687707998433529959e-03,2.491571077010850180e-07
2.958934186282283552e+00,3.805063744758830913e-01,-1.780125334237579043e-02,-3.992471545768081498e-01,-1.703908143058541259e-10,-1.189350425073250062e+00,-3.805063791063048595e-01,1.960292713413203815e-08,4.272926990177073822e-03,-4.448559354068754024e-02,-6.751254145381619114e-12,4.875851569303972510e-02,1.555434626530462494e-08,2.972874603399785191e-07,2.498330188151218125e-03,4.253536193250388384e-03,-1.974770375331895738e-10,-1.755279153763148262e-03,2.361043996716262668e-07
2.961809729709185657e+00,3.805063745334585912e-01,-1.778895603415407700e-02,-3.993750571620058865e-01,-1.704110438503294144e-10,-1.189210225194038850e+00,-3.805063790606195151e-01,2.043412127224906668e-08,4.280102766342033273e-03,-4.447327344550034561e-02,-7.318665094850120882e-12,4.875337116952206673e-02,1.621451413001704661e-08,2.808264342283837355e-07,2.492563675178862195e-03,4.315336673405925985e-03,-1.971685299094962504e-10,-1.822842080655530730e-03,2.230569384955384380e-07
2.964685273136087762e+00,3.805063745933561781e-01,-1.777663811557563325e-02,-3.995029240647987034e-01,-1.704329037300319738e-10,-1.189070040387446792e+00,-3.805063790130897572e-01,2.121799132710739756e-08,4.287261899794378439e-03,-4.446077571351340907e-02,-7.885184627861533965e-12,4.874803237818212814e-02,1.683717161632922913e-08,2.643726890353886571e-07,2.486754839153495263e-03,4.377086201800811822e-03,-1.968570407295041821e-10,-1.890396380643490385e-03,2.100152407993295756e-07
2.967560816562989867e+00,3.805063746554397386e-01,-1.776429963467226342e-02,-3.996307547745953093e-01,-1.704563913693429833e-10,-1.188929871212064171e+00,-3.805063789638233884e-01,2.195455917176658415e-08,4.294404268852278911e-03,-4.444810049179393624e-02,-8.450804186388296613e-12,4.874249934439987830e-02,1.742233603963833283e-08,2.479268759940738075e-07,2.480903694097370740e-03,4.438784393753534424e-03,-1.965425808289523207e-10,-1.957941655184130842e-03,1.969798227648417377e-07
2.970436359989891972e+00,3.805063747195733814e-01,-1.775194063982563075e-02,-3.997585487812290173e-01,-1.704815041680797445e-10,-1.188789718226404890e+00,-3.805063789129283225e-01,2.264384855109645239e-08,4.301529751875467385e-03,-4.443524792851434591e-02,-9.015515243633639175e-12,4.873677209470159144e-02,1.797002619898037733e-08,2.314896457500441804e-07,2.475010254887126740e-03,4.500430865361293616e-03,-1.962251610938970410e-10,-2.025477505658743096e-03,1.839512001084169762e-07
2.973311903416794078e+00,3.805063747856212153e-01,-1.773956117976707367e-02,-3.998863055749610762e-01,-1.705082395015853007e-10,-1.188649581988905801e+00,-3.805063788605120845e-01,2.328588508005196609e-08,4.308638227267681288e-03,-4.442221817294965402e-02,-9.579309304177280978e-12,4.873085065675966665e-02,1.848026237566299143e-08,2.150616483351270940e-07,2.469074537255102307e-03,4.562025233500837523e-03,-1.959047924603075452e-10,-2.093003533372305488e-03,1.709298880600493420e-07
2.976187446843696183e+00,3.805063748534472934e-01,-1.772716130357755715e-02,-4.000140246464831129e-01,-1.705365947208191169e-10,-1.188509463057922488e+00,-3.805063788066825881e-01,2.388069624186748830e-08,4.315729573479136494e-03,-4.440901137547568350e-02,-1.014217790411579577e-11,4.872473505939333566e-02,1.895306633183479431e-08,1.986435331412311388e-07,2.463096557790734296e-03,4.623567115829314324e-03,-1.955814859136700318e-10,-2.160519339552947893e-03,1.579164013426654531e-07
2.979062990270598732e+00,3.805063749229158909e-01,-1.771474106068748888e-02,-4.001417054869209622e-01,-1.705665671524477852e-10,-1.188369361991726381e+00,-3.805063787515472473e-01,2.442831138618096727e-08,4.322803669008963741e-03,-4.439562768756630251e-02,-1.070411261120615180e-11,4.871842533256835750e-02,1.938846130899896516e-08,1.822359488940989035e-07,2.457076333941798137e-03,4.685056130785313078e-03,-1.952552524885806706e-10,-2.228024525351733794e-03,1.449112541513196183e-07
2.981938533697500393e+00,3.805063749938913942e-01,-1.770230050087658741e-02,-4.002693475878376095e-01,-1.705981540989362732e-10,-1.188229279348500533e+00,-3.805063786952136984e-01,2.492876172708019213e-08,4.329860392407726584e-03,-4.438206726179172446e-02,-1.126510502500569596e-11,4.871192150739778182e-02,1.978647202646493980e-08,1.658395436271757698e-07,2.451013884015777397e-03,4.746491897589776195e-03,-1.949261032683486337e-10,-2.295518691842202749e-03,1.319149601324834050e-07
2.984814077124402942e+00,3.805063750662381894e-01,-1.768983967427370518e-02,-4.003969504412363545e-01,-1.706313528386396893e-10,-1.188089215686336741e+00,-3.805063786377892998e-01,2.538208034107497948e-08,4.336899622279856946e-03,-4.436833025181575324e-02,-1.182514677701241745e-11,4.870522361614165741e-02,2.014712467974170828e-08,1.494549646554577444e-07,2.444909227181085894e-03,4.807874036246840774e-03,-1.945940493845879079e-10,-2.363001440019980946e-03,1.189280323633146275e-07
2.987689620551304603e+00,3.805063751398208294e-01,-1.767735863135672797e-02,-4.005245135395638645e-01,-1.706661606258951514e-10,-1.187949171563233319e+00,-3.805063785793815767e-01,2.578830216499291188e-08,4.343921237286151385e-03,-4.435441681239397221e-02,-1.238422953080213053e-11,4.869833169220769836e-02,2.047044693887022202e-08,1.330828585494401658e-07,2.438762383468390856e-03,4.869202167544686884e-03,-1.942591020168187484e-10,-2.430472370802295914e-03,1.059509833310104287e-07
2.990565163978207153e+00,3.805063752145038669e-01,-1.766485742295234238e-02,-4.006520363757134495e-01,-1.707025746911143798e-10,-1.187809147537089771e+00,-3.805063785200977766e-01,2.614746399380171215e-08,4.350925116146239606e-03,-4.434032709937105188e-02,-1.294234498216664921e-11,4.869124577015113142e-02,2.075646794669786206e-08,1.167238711090307580e-07,2.432573373771810751e-03,4.930475913056472578e-03,-1.939212723920596981e-10,-2.497931085027719784e-03,9.298432491212989564e-08
2.993440707405108814e+00,3.805063752901520768e-01,-1.765233610023592137e-02,-4.007795184430280599e-01,-1.707405922408763926e-10,-1.187669144165705015e+00,-3.805063784600450361e-01,2.645960447835538132e-08,4.357911137641087666e-03,-4.432606126967897353e-02,-1.349948485924884872e-11,4.868396588567533434e-02,2.100521831709245015e-08,1.003786473375662058e-07,2.426342219850202014e-03,4.991694895141110186e-03,-1.935805717844271545e-10,-2.565377183455636728e-03,8.002856835199809649e-08
2.996316250832011363e+00,3.805063753666302895e-01,-1.763979471473128488e-02,-4.009069592353034506e-01,-1.707802104580208481e-10,-1.187529162006774053e+00,-3.805063783993306026e-01,2.672476412306700870e-08,4.364879180615462151e-03,-4.431161948133423983e-02,-1.405564092267892737e-11,4.867649207563153058e-02,2.121673013309791398e-08,8.404783141578592982e-08,2.420068944328310039e-03,5.052858736944177906e-03,-1.932370115147256826e-10,-2.632810266766007039e-03,6.708422424407839255e-08
2.999191794258913024e+00,3.805063754438035573e-01,-1.762723331831057491e-02,-4.010343582467914558e-01,-1.708214265017416198e-10,-1.187389201617883527e+00,-3.805063783380615017e-01,2.694298528350521662e-08,4.371829123980442919e-03,-4.429700189343606376e-02,-1.461080496570632729e-11,4.866882437801958727e-02,2.139103694502979642e-08,6.773206667594944612e-08,2.413753570698041161e-03,5.113967062398560789e-03,-1.928906029500473493e-10,-2.700229935558728749e-03,5.415180250945651308e-08
3.002067337685815573e+00,3.805063755215368215e-01,-1.761465196319402307e-02,-4.011617149722028208e-01,-1.708642375076807843e-10,-1.187249263556509948e+00,-3.805063782763445368e-01,2.711431216391769088e-08,4.378760846715895952e-03,-4.428220866616377344e-02,-1.516496881433345822e-11,4.866096283198773076e-02,2.152817376851258756e-08,5.143199557589626019e-08,2.407396123319562476e-03,5.175019496225579177e-03,-1.925413575033617783e-10,-2.767635790353657581e-03,4.123181237628078252e-08
3.004942881112717235e+00,3.805063755996954122e-01,-1.760205070194974589e-02,-4.012890289067104765e-01,-1.709086405880228688e-10,-1.187109348380015028e+00,-3.805063782142866780e-01,2.723879081467936825e-08,4.385674227873016459e-03,-4.426723996077497336e-02,-1.571812432744665540e-11,4.865290747783338615e-02,2.162817708245764198e-08,3.514825967320608790e-08,2.400996627422566452e-03,5.236015663935434522e-03,-1.921892866331146306e-10,-2.835027431589780354e-03,2.832476235927967611e-08
3.007818424539619784e+00,3.805063756781446593e-01,-1.758942958749356092e-02,-4.014162995459527039e-01,-1.709546328315898472e-10,-1.186969456645643017e+00,-3.805063781519946176e-01,2.731646912966649207e-08,4.392569146576775704e-03,-4.425209593960275495e-02,-1.627026339694673674e-11,4.864465835700274715e-02,2.169108482698221737e-08,1.888149959936212057e-08,2.394555109107315231e-03,5.296955191828217266e-03,-1.918344018428151266e-10,-2.902404459625176382e-03,1.543116023928464937e-08
3.010693967966521445e+00,3.805063757567500038e-01,-1.757678867308876125e-02,-4.015435263860359094e-01,-1.710022113039360333e-10,-1.186829588910517597e+00,-3.805063780895748815e-01,2.734739684355651606e-08,4.399445482028445029e-03,-4.423677676605365650e-02,-1.682137794787679093e-11,4.863621551209135890e-02,2.171693640126972365e-08,2.632355034019367981e-09,2.388071595345842360e-03,5.357837706994377815e-03,-1.914767146806324846e-10,-2.969766474736278052e-03,2.551513042833531082e-09
3.013569511393423994e+00,3.805063758353771086e-01,-1.756412801234586568e-02,-4.016707089235381778e-01,-1.710513730474437495e-10,-1.186689745731638101e+00,-3.805063780271340512e-01,2.733162552905427654e-08,4.406303113508134618e-03,-4.422128260460551213e-02,-1.737145993855221932e-11,4.862757898684438168e-02,2.170577266137150046e-08,-1.359853532078941517e-08,2.381546113983027020e-03,5.418662837315907886e-03,-1.911162367389873201e-10,-3.037113077117971002e-03,-1.031367297827391648e-08
3.016445054820325655e+00,3.805063759138918589e-01,-1.755144765922245567e-02,-4.017978466555118255e-01,-1.711021150814189437e-10,-1.186549927665876414e+00,-3.805063779647785416e-01,2.726920859404359932e-08,4.413141920377247271e-03,-4.420561362080490525e-02,-1.792050136068460291e-11,4.861874882615663945e-02,2.165763591794955048e-08,-2.981053376625873538e-08,2.374978693737705981e-03,5.479430211466570361e-03,-1.907529796541433541e-10,-3.104443866882708979e-03,-2.316389236727102439e-08
3.019320598247228205e+00,3.805063759921600286e-01,-1.753874766802283533e-02,-4.019249390794870647e-01,-1.711544344021877367e-10,-1.186410135269973853e+00,-3.805063779026145454e-01,2.716020127866578380e-08,4.419961782081064001e-03,-4.418976998126528805e-02,-1.846849423950994450e-11,4.860972507607314724e-02,2.157256993396137993e-08,-4.600300363252321923e-08,2.368369364203768215e-03,5.540139458912956595e-03,-1.903869551058003112e-10,-3.171758444060463963e-03,-3.599864048280491668e-08
3.022196141674130310e+00,3.805063760700478914e-01,-1.752602809339789958e-02,-4.020519856934743896e-01,-1.712083279831926854e-10,-1.186270369100537625e+00,-3.805063778407482000e-01,2.700466065232404778e-08,4.426762578151194338e-03,-4.417375185366426843e-02,-1.901543063391060993e-11,4.860050778378906255e-02,2.145061992228604655e-08,-6.217530930418317168e-08,2.361718155851169707e-03,5.600790209915103984e-03,-1.900181748166836900e-10,-3.239056408598330657e-03,-4.881741351916882951e-08
3.025071685101032415e+00,3.805063761474216655e-01,-1.751328899034479067e-02,-4.021789859959681857e-01,-1.712637927750898473e-10,-1.186130629714037044e+00,-3.805063777792854762e-01,2.680264561061428373e-08,4.433544188208135908e-03,-4.415755940674148672e-02,-1.956130263654050701e-11,4.859109699764992824e-02,2.129183254329183165e-08,-7.832681624590444252e-08,2.355025100027010286e-03,5.661382095526999898e-03,-1.896466505521349720e-10,-3.306337360359939276e-03,-6.161970852659181184e-08
3.027947228527934520e+00,3.805063762241477354e-01,-1.750053041420670391e-02,-4.023059394859496707e-01,-1.713208257058461033e-10,-1.185990917666801536e+00,-3.805063777183322338e-01,2.655421687218341690e-08,4.440306491963791520e-03,-4.414119281029654784e-02,-2.010610237394518506e-11,4.858149276715225534e-02,2.109625590234631067e-08,-9.445689102785340630e-08,2.348290228956554510e-03,5.721914747597540117e-03,-1.892723941197054247e-10,-3.373600899125390930e-03,-7.440502343140081604e-08
3.030822771954836625e+00,3.805063763000928190e-01,-1.748775242067257887e-02,-4.024328456628896156e-01,-1.713794236808368171e-10,-1.185851233515016423e+00,-3.805063776579942214e-01,2.625943697551281757e-08,4.447049369223988850e-03,-4.412465223518634988e-02,-2.064982200668426084e-11,4.857169514294330803e-02,2.086393954726773691e-08,-1.105649013511910923e-07,2.341513575744228262e-03,5.782387798770859295e-03,-1.888954173687423045e-10,-3.440846624590588460e-03,-8.717285705622696674e-08
3.033698315381738730e+00,3.805063763751236339e-01,-1.747495506577684266e-02,-4.025597040267518412e-01,-1.714395835829435972e-10,-1.185711577814719142e+00,-3.805063775983771324e-01,2.591837027563044666e-08,4.453772699891015742e-03,-4.410793785332313421e-02,-2.119245372944979262e-11,4.856170417682168644e-02,2.059493446571897926e-08,-1.266502160734235706e-07,2.334695174374614053e-03,5.842800882487256438e-03,-1.885157321899818320e-10,-3.508074136367151860e-03,-9.992270914009888290e-08
3.036573858808640836e+00,3.805063764491072864e-01,-1.746213840589912192e-02,-4.026865140779957719e-01,-1.715013022726528867e-10,-1.185571951121797252e+00,-3.805063775395861048e-01,2.553108294074883644e-08,4.460476363966150298e-03,-4.409104983767198060e-02,-2.173398977118541363e-11,4.855151992173740300e-02,2.028929308254325945e-08,-1.427122052337634019e-07,2.327835059713424630e-03,5.903153632983539241e-03,-1.881333505151371525e-10,-3.575283033981789885e-03,-1.126540803585445300e-07
3.039449402235542941e+00,3.805063765219109384e-01,-1.744930249776396533e-02,-4.028132753175799885e-01,-1.715645765881544494e-10,-1.185432353991983323e+00,-3.805063774817266653e-01,2.509764294883065644e-08,4.467160241552200518e-03,-4.407398836224857286e-02,-2.227442239520354282e-11,4.854114243179217386e-02,1.994706925704250617e-08,-1.587502400784104347e-07,2.320933267508457076e-03,5.963445685293774362e-03,-1.877482843164883134e-10,-3.642472916876090139e-03,-1.253664723436293328e-07
3.042324945662445490e+00,3.805063765934018627e-01,-1.743644739844055214e-02,-4.029399872469647259e-01,-1.716294033454403987e-10,-1.185292786980854274e+00,-3.805063774249038411e-01,2.461812008408253308e-08,4.473824212856025717e-03,-4.405675360211702696e-02,-2.281374389930031134e-11,4.853057176223966179e-02,1.956831828019850462e-08,-1.747636930857483618e-07,2.313989834390521323e-03,6.023676675249861612e-03,-1.873605456064715942e-10,-3.709643384406150022e-03,-1.380593877039283520e-07
3.045200489089347151e+00,3.805063766634477762e-01,-1.742357316534236603e-02,-4.030666493681152041e-01,-1.716957793384045892e-10,-1.185153250643825373e+00,-3.805063773692225482e-01,2.409258593337419472e-08,4.480468158191111723e-03,-4.403934573338746244e-02,-2.335194661587249547e-11,4.851980796948582308e-02,1.915309687183525020e-08,-1.907519379915785865e-07,2.307004797874368223e-03,6.083846239482154986e-03,-1.869701464372684760e-10,-3.776794035842277047e-03,-1.507323300445259366e-07
3.048076032516249700e+00,3.805063767319163959e-01,-1.741067985622689676e-02,-4.031932611835047919e-01,-1.717637013389422908e-10,-1.185013745536148022e+00,-3.805063773147875916e-01,2.352111388258753136e-08,4.487091957980071481e-03,-4.402176493321365014e-02,-2.388902291202958666e-11,4.850885111108889369e-02,1.870146317772532503e-08,-2.067143498141912062e-07,2.299978196359573832e-03,6.143954015419792261e-03,-1.865770989003926193e-10,-3.843924470368413789e-03,-1.633848039868877519e-07
3.050951575943151362e+00,3.805063767986758272e-01,-1.739776752919532446e-02,-4.033198221961173946e-01,-1.718331660970499944e-10,-1.184874272212907087e+00,-3.805063772617036100e-01,2.290377911289258778e-08,4.493695492757209843e-03,-4.400401137979080557e-02,-2.442496518970672433e-11,4.849770124575978475e-02,1.821347676663882204e-08,-2.226503048794353352e-07,2.292910069131428447e-03,6.203999641291414908e-03,-1.861814151262797120e-10,-3.911034287081970907e-03,-1.760163151887336418e-07
3.053827119370053911e+00,3.805063768635941202e-01,-1.738483624269220387e-02,-4.034463319094510614e-01,-1.719041703409258359e-10,-1.184734831229016461e+00,-3.805063772100751307e-01,2.224065859695138032e-08,4.500278643171085752e-03,-4.398608525235331995e-02,-2.495976588577647835e-11,4.848635843336244339e-02,1.768919862733471693e-08,-2.385591808457312992e-07,2.285800456361806142e-03,6.263982756125680701e-03,-1.857831072838758952e-10,-3.978123084993465466e-03,-1.886263703638605816e-07
3.056702662796955572e+00,3.805063769265398799e-01,-1.737188605550512785e-02,-4.035727898275205949e-01,-1.719767107770703061e-10,-1.184595423139216175e+00,-3.805063771600062372e-01,2.153183109505107561e-08,4.506841289987040602e-03,-4.396798673117249812e-02,-2.549341747215791727e-11,4.847482273491403315e-02,1.712869116549636590e-08,-2.544403567289828802e-07,2.278649399110005674e-03,6.323902999751763315e-03,-1.853821875802261892e-10,-4.045190463026167478e-03,-2.012144773018901401e-07
3.059578206223858121e+00,3.805063769873818225e-01,-1.735891702676435611e-02,-4.036991954548607708e-01,-1.720507840903870369e-10,-1.184456048498069736e+00,-3.805063771116011795e-01,2.077737715116289516e-08,4.513383314089778643e-03,-4.394971599755419234e-02,-2.602591245592724378e-11,4.846309421258519767e-02,1.653201820060808487e-08,-2.702932129275042786e-07,2.271456939323581413e-03,6.383760012799776472e-03,-1.849786682600611877e-10,-4.112236020015689643e-03,-2.137801448880253636e-07
3.062453749650759782e+00,3.805063770459887751e-01,-1.734592921594251685e-02,-4.038255482965291132e-01,-1.721263869442840538e-10,-1.184316707859959461e+00,-3.805063770649637633e-01,1.997737908893331029e-08,4.519904596485870181e-03,-4.393127323383622107e-02,-2.655724337942367707e-11,4.845117292970000517e-02,1.589924496277822336e-08,-2.861171312467860063e-07,2.264223119839133078e-03,6.443553436701077511e-03,-1.845725616053838029e-10,-4.179259354709495555e-03,-2.263228831226812943e-07
3.065329293077662332e+00,3.805063771022300645e-01,-1.733292268286488677e-02,-4.039518478581194949e-01,-1.722035158731620097e-10,-1.184177401779084926e+00,-3.805063770201976836e-01,1.913282758433216486e-08,4.526404954359511054e-03,-4.391265868579298515e-02,-2.708675751107636458e-11,4.843905894897128361e-02,1.523115505264059526e-08,-2.982873609606101245e-07,2.256692350176200349e-03,6.503033438043823514e-03,-1.815841895444284520e-10,-4.246267123543332432e-03,-2.359760690701856599e-07
3.068204836504563993e+00,3.805063771560210362e-01,-1.731989749093103617e-02,-4.040780936489092312e-01,-1.722821347683720027e-10,-1.184038130809546896e+00,-3.805063769773699422e-01,1.828234703773257748e-08,4.532881550590628535e-03,-4.389387519070876709e-02,-2.758701540010202543e-11,4.842675226097992169e-02,1.455829457747555925e-08,-2.932399916154616745e-07,2.247907965781330286e-03,6.561265999063297522e-03,-1.663590918031523921e-10,-4.313285338764769744e-03,-2.320127289889370060e-07
3.071080379931466542e+00,3.805063772073873363e-01,-1.730685371163493552e-02,-4.042042851862736597e-01,-1.723621292602436039e-10,-1.183898895505471005e+00,-3.805063769364607773e-01,1.744637583652648618e-08,4.539332831093530890e-03,-4.387492433489536409e-02,-2.804352385300700938e-11,4.841425289288096845e-02,1.389682730094256222e-08,-2.881958428844157980e-07,2.239084754095311061e-03,6.619436240814449354e-03,-1.511556484138153960e-10,-4.380280061180857540e-03,-2.280518886986486041e-07
3.073955923358368203e+00,3.805063772563705982e-01,-1.729379141793346494e-02,-4.043304219892178142e-01,-1.724433736357075358e-10,-1.183759696420819241e+00,-3.805063768974372151e-01,1.662490444291288042e-08,4.545758684366798044e-03,-4.385580629798602886e-02,-2.845634597961516952e-11,4.840156091280866518e-02,1.324674581746110226e-08,-2.831551072209198918e-07,2.230222818284624108e-03,6.677543863337198800e-03,-1.359744446473494049e-10,-4.447250887616606765e-03,-2.240936993077700449e-07
3.076831466785270752e+00,3.805063773030124552e-01,-1.728071068310367553e-02,-4.044565035772645367e-01,-1.725257423655876020e-10,-1.183620534109356637e+00,-3.805063768602666152e-01,1.581792276617911755e-08,4.552158999206778675e-03,-4.383652126047554720e-02,-2.882554657085716701e-11,4.838867639005679788e-02,1.260804228732082806e-08,-2.781179767302417895e-07,2.221322262276055007e-03,6.735588567345805570e-03,-1.208160644727255310e-10,-4.514197414811161289e-03,-2.201383116519643553e-07
3.079707010212172413e+00,3.805063773473547073e-01,-1.726761158074197056e-02,-4.045825294704567532e-01,-1.726091101094291472e-10,-1.183481409124646833e+00,-3.805063768249162814e-01,1.502542016371613154e-08,4.558533664709736935e-03,-4.381706940371826731e-02,-2.915119209499154166e-11,4.837559939507864865e-02,1.198070843747695909e-08,-2.730846431619513911e-07,2.212383190755134836e-03,6.793570054226913402e-03,-1.056810905338480464e-10,-4.581119239417380702e-03,-2.161858762882053703e-07
3.082582553639074963e+00,3.805063773894388768e-01,-1.725449418476322425e-02,-4.047084991893603600e-01,-1.726933517203169966e-10,-1.183342322020049631e+00,-3.805063767913536288e-01,1.424738544205106206e-08,4.564882570274074632e-03,-4.379745090992640671e-02,-2.943335069376203146e-11,4.836232999948773814e-02,1.136473556235936091e-08,-2.680552979024009160e-07,2.203405709164617081e-03,6.851488026037627112e-03,-9.057010412643414209e-11,-4.648015958001464748e-03,-2.122365434888739128e-07
3.085458097065976624e+00,3.805063774293065415e-01,-1.724135856939991093e-02,-4.048344122550663893e-01,-1.727783422496819438e-10,-1.183203273348716555e+00,-3.805063767595458502e-01,1.348380685790215960e-08,4.571205605602472744e-03,-4.377766596216783185e-02,-2.967209217848744141e-11,4.834886827605759663e-02,1.076011452469911695e-08,-2.630301319672212502e-07,2.194389923702837891e-03,6.909342185503796960e-03,-7.548368517496899959e-11,-4.714887167042865722e-03,-2.082904632358667860e-07
3.088333640492879173e+00,3.805063774669992238e-01,-1.722820480920123770e-02,-4.049602681891933953e-01,-1.728639569520958393e-10,-1.183064263663589077e+00,-3.805063767294604160e-01,1.273467211925599629e-08,4.577502660704080642e-03,-4.375771474436432329e-02,-2.986748802608559950e-11,4.833521429872233294e-02,1.016683575637261010e-08,-2.580093359938482038e-07,2.185335941322137480e-03,6.967132236018261371e-03,-6.042241220973893986e-11,-4.781732462934114129e-03,-2.043477852147293757e-07
3.091209183919781278e+00,3.805063775025585016e-01,-1.721503297903224580e-02,-4.050860665138900640e-01,-1.729500712900555898e-10,-1.182925293517393506e+00,-3.805063767010646858e-01,1.199996838646590882e-08,4.583773625896671484e-03,-4.373759744128961902e-02,-3.001961137503118360e-11,4.832136814257671775e-02,9.584889259262265309e-09,-2.529931002340637508e-07,2.176243869727279359e-03,7.024857881638591796e-03,-4.538686234392672127e-11,-4.848551441980154288e-03,-2.004086588087996352e-07
3.094084727346683383e+00,3.805063775360258971e-01,-1.720184315407292247e-02,-4.052118067518377664e-01,-1.730365609387549300e-10,-1.182786363462639656e+00,-3.805063766743260190e-01,1.127968227337066427e-08,4.590018391808811486e-03,-4.371731423856745069e-02,-3.012853702124818811e-11,4.830732988387646115e-02,9.014264606133187387e-09,-2.479816145465506622e-07,2.167113817373788037e-03,7.082518827085617329e-03,-3.037761125074731099e-11,-4.915343700398517798e-03,-1.964732330933627110e-07
3.096960270773585489e+00,3.805063775674427662e-01,-1.718863540981733357e-02,-4.053374884262525568e-01,-1.731233017908444341e-10,-1.182647474051615077e+00,-3.805063766492119970e-01,1.057379984843784540e-08,4.596236849382014447e-03,-4.369686532266987139e-02,-3.019434141393619029e-11,4.829309960003871222e-02,8.454950941529196078e-09,-2.429750683894913442e-07,2.157945893466361315e-03,7.140114777741372529e-03,-1.539523314071974704e-11,-4.982108834318876855e-03,-1.925416568298403761e-07
3.099835814200487594e+00,3.805063775968505202e-01,-1.717540982207264172e-02,-4.054631110608884481e-01,-1.732101699611798678e-10,-1.182508625836383942e+00,-3.805063766256900348e-01,9.882306635921761241e-09,4.602428889872879798e-03,-4.367625088091477148e-02,-3.021710265133176045e-11,4.827867736964160800e-02,7.906936982680239910e-09,-2.379736508131337738e-07,2.148740207957152478e-03,7.197645439647071264e-03,-4.403007388674011166e-13,-5.048846439782723322e-03,-1.886140784599546290e-07
3.102711357627389699e+00,3.805063776242905704e-01,-1.716216646695830489e-02,-4.055886741800387441e-01,-1.732970417915575139e-10,-1.182369819368782604e+00,-3.805063766037277140e-01,9.205187617052618455e-09,4.608594404855274017e-03,-4.365547110146487247e-02,-3.019690047640444098e-11,4.826406327242562661e-02,7.370211020434415325e-09,-2.329775504524614082e-07,2.139496871544219886e-03,7.255110519501452651e-03,1.448661473780698025e-11,-5.115556112743279392e-03,-1.846906460999727665e-07
3.105586901054292248e+00,3.805063776498041617e-01,-1.714890542090507716e-02,-4.057141773085392589e-01,-1.733837938554375793e-10,-1.182231055200416048e+00,-3.805063765832925049e-01,8.542427231236866322e-09,4.614733286222434845e-03,-4.363452617332505556e-02,-3.013381627248759116e-11,4.824925738929282393e-02,6.844760920198689416e-09,-2.279869555197985871e-07,2.130215995669755818e-03,7.312509724658649082e-03,2.938494360298250012e-11,-5.182237449065136767e-03,-1.807715075349017933e-07
3.108462444481193909e+00,3.805063776734325942e-01,-1.713562676065413098e-02,-4.058396199717706487e-01,-1.734703029626547052e-10,-1.182092333882656110e+00,-3.805063765643521001e-01,7.894009377285444121e-09,4.620845426189119746e-03,-4.361341628634080730e-02,-3.002793305884471211e-11,4.823425980230752752e-02,6.330574122901576851e-09,-2.230020537974957417e-07,2.120897692518451498e-03,7.369842763126340478e-03,4.425411772346970330e-11,-5.248890044524032877e-03,-1.768568102127456182e-07
3.111337987908096459e+00,3.805063776952170018e-01,-1.712233056325609612e-02,-4.059650016956604102e-01,-1.735564461641158096e-10,-1.181953655966635264e+00,-3.805063765468740811e-01,7.259917414659061849e-09,4.626930717293769105e-03,-4.359214163119640856e-02,-2.987933548617093483e-11,4.821907059469673212e-02,5.827637645969156759e-09,-2.180230326306052062e-07,2.111542075015812679e-03,7.427109343563782773e-03,5.909357054167739427e-11,-5.315513494806585471e-03,-1.729467012387547856e-07
3.114213531334998120e+00,3.805063777151986848e-01,-1.710901690607016454e-02,-4.060903220066858776e-01,-1.736421007564846439e-10,-1.181815022003246396e+00,-3.805063765308260848e-01,6.640134164738227680e-09,4.632989052400578352e-03,-4.357070239941290141e-02,-2.968810983203039534e-11,4.820368985085001640e-02,5.335938084320553153e-09,-2.130500789196031141e-07,2.102149256826413640e-03,7.484309175279932683e-03,7.390273709791862429e-11,-5.382107395510154699e-03,-1.690413273697123913e-07
3.117089074761900669e+00,3.805063777334187214e-01,-1.709568586676311203e-02,-4.062155804318760000e-01,-1.737271442868534764e-10,-1.181676432543137478e+00,-3.805063765161758038e-01,6.034641912109847182e-09,4.639020324701673310e-03,-4.354909878334629197e-02,-2.945434399622888941e-11,4.818811765632004945e-02,4.855461611376391356e-09,-2.080833791131054704e-07,2.092719352352211473e-03,7.541441968231374707e-03,8.868105405274740646e-11,-5.448671342142462348e-03,-1.651408350082154717e-07
3.119964618188802330e+00,3.805063777499180788e-01,-1.708233752330840655e-02,-4.063407764988141713e-01,-1.738114545574009981e-10,-1.181537888136708903e+00,-3.805063765028911527e-01,5.443422405879305469e-09,4.645024427719190996e-03,-4.352733097618575325e-02,-2.917812749612371327e-11,4.817235409782277128e-02,4.386193980087286244e-09,-2.031231192006404198e-07,2.083252476730810491e-03,7.598507433020453700e-03,1.034279597091109486e-10,-5.515204930121455663e-03,-1.612453701970002009e-07
3.122840161615704879e+00,3.805063777647378909e-01,-1.706897195398516739e-02,-4.064659097356406736e-01,-1.738949096300370190e-10,-1.181399389334109706e+00,-3.805063764909397128e-01,4.866456860997945678e-09,4.651001255307414192e-03,-4.350539917195152262e-02,-2.885955146186740412e-11,4.815639926323746906e-02,3.928120523974400719e-09,-1.981694847053980945e-07,2.073748745833692807e-03,7.655505280893101262e-03,1.181428940345567064e-10,-5.581707754774907493e-03,-1.573550786132499085e-07
3.125715705042606540e+00,3.805063777779191803e-01,-1.705558923737730478e-02,-4.065909796710546753e-01,-1.739773878310329740e-10,-1.181260936685235130e+00,-3.805063764802894544e-01,4.303725959618348151e-09,4.656950701654876540e-03,-4.348330356549354875e-02,-2.849870863159184618e-11,4.814025324160756125e-02,3.481226158191850016e-09,-1.932226606770681300e-07,2.064208276264510068e-03,7.712435223737216378e-03,1.328252986831934723e-10,-5.648179411340515169e-03,-1.534701055629717076e-07
3.128591248469509090e+00,3.805063777895026922e-01,-1.704218945237248595e-02,-4.067159858343169510e-01,-1.740587677556391154e-10,-1.181122530739722176e+00,-3.805063764709082363e-01,3.755209852462220817e-09,4.662872661286448540e-03,-4.346104435248898668e-02,-2.809569334652409874e-11,4.812391612314009803e-02,3.045495380598982962e-09,-1.882828316846234207e-07,2.054631185357256359e-03,7.769296974080248941e-03,1.474746170177693956e-10,-5.714619494965294220e-03,-1.495905959753307704e-07
3.131466791896410751e+00,3.805063777995293384e-01,-1.702877267816121573e-02,-4.068409277552519909e-01,-1.741389282726866877e-10,-1.180984172046947389e+00,-3.805063764627638623e-01,3.220888160216395518e-09,4.668767029065459991e-03,-4.343862172944105982e-02,-2.765060154604425048e-11,4.810738799920681597e-02,2.620912272854765089e-09,-1.833501818092025025e-07,2.045017591174556459e-03,7.826090245087451158e-03,1.620902941314904472e-10,-5.781027600705567968e-03,-1.457166943970623465e-07
3.134342335323313300e+00,3.805063778080398640e-01,-1.701533899423581311e-02,-4.069658049642506659e-01,-1.742177485291767892e-10,-1.180845861156022192e+00,-3.805063764558244133e-01,2.700739974943325218e-09,4.674633700195773844e-03,-4.341603589367662441e-02,-2.716353076267585212e-11,4.809066896234377025e-02,2.207460501523490809e-09,-1.784248946369543475e-07,2.035367612505814463e-03,7.882814750559791542e-03,1.766717768699092863e-10,-5.847403323526712514e-03,-1.418485449868539220e-07
3.137217878750214961e+00,3.805063778150750697e-01,-1.700188848038944323e-02,-4.070906169922725582e-01,-1.742951079548540090e-10,-1.180707598615790443e+00,-3.805063764500579149e-01,2.194743861515897024e-09,4.680472570223881759e-03,-4.339328704334468462e-02,-2.663458011701672750e-11,4.807375910625186904e-02,1.805123319199651649e-09,-1.735071532519468455e-07,2.025681368865442627e-03,7.939470204931861966e-03,1.912185138526369159e-10,-5.913746258302849702e-03,-1.379862915097776727e-07
3.140093422177117510e+00,3.805063778206756453e-01,-1.698842121671515978e-02,-4.072153633708479603e-01,-1.743708862667655623e-10,-1.180569384974825109e+00,-3.805063764454323927e-01,1.702877859071396081e-09,4.686283535040975355e-03,-4.337037537741444265e-02,-2.606385031260647288e-11,4.805665852579708158e-02,1.413883565647796096e-09,-1.685971402290871172e-07,2.015958980491038173e-03,7.996056323269891408e-03,2.057299554950055612e-10,-5.980055999816677112e-03,-1.341300773317317307e-07
3.142968965604019171e+00,3.805063778248820028e-01,-1.697493728360488854e-02,-4.073400436320804840e-01,-1.744449634738057684e-10,-1.180431220781424928e+00,-3.805063764419159833e-01,1.225119482485793509e-09,4.692066490885053905e-03,-4.334730109567372369e-02,-2.545144363073201482e-11,4.803936731701095864e-02,1.033723668958361683e-09,-1.636950376270691975e-07,2.006200568341573974e-03,8.052572821269820408e-03,2.202055540296522928e-10,-6.046332142759368311e-03,-1.302800454139036592e-07
3.145844509030921721e+00,3.805063778277348319e-01,-1.696143676174839687e-02,-4.074646573086497803e-01,-1.745172198812454856e-10,-1.180293106583610196e+00,-3.805063764394767123e-01,7.614457238672586355e-10,4.697821334342957428e-03,-4.332406439872677623e-02,-2.479746392516936834e-11,4.802188557709042432e-02,6.646256467185846101e-10,-1.588010269813309297e-07,1.996406254095519413e-03,8.109019415255045923e-03,2.346447635280449806e-10,-6.112574281730177340e-03,-1.264363383072404658e-07
3.148720052457823382e+00,3.805063778292746002e-01,-1.694791973213235006e-02,-4.075892039338130934e-01,-1.745875360952461131e-10,-1.180155042929120102e+00,-3.805063764380830493e-01,3.118330540722644268e-10,4.703547962352455300e-03,-4.330066548799275938e-02,-2.410201661686722766e-11,4.800421340439839368e-02,3.065711072011897703e-10,-1.539152892970671352e-07,1.986576160149046248e-03,8.165395822174303236e-03,2.490470399218603118e-10,-6.178782011236140341e-03,-1.225990981469630053e-07
3.151595595884725931e+00,3.805063778295417198e-01,-1.693438627603925314e-02,-4.077136830414083146e-01,-1.746557930273582384e-10,-1.180017030365410058e+00,-3.805063764377030200e-01,-1.237425757604061708e-10,4.709246272204294960e-03,-4.327710456570384168e-02,-2.336520868856601731e-11,4.798635089846384899e-02,-4.045874943292058992e-11,-1.490380050422416183e-07,1.976710409614102198e-03,8.221701759599958984e-03,2.634118410243397325e-10,-6.244954925692269843e-03,-1.187684666470797869e-07
3.154471139311628036e+00,3.805063778285763809e-01,-1.692083647504643781e-02,-4.078380941658557579e-01,-1.747218718990050601e-10,-1.179879069439646821e+00,-3.805063764383052050e-01,-5.453057326549251552e-10,4.714916161544271435e-03,-4.325338183490337607e-02,-2.258714867935660759e-11,4.796829815998220059e-02,-3.764831299156577816e-10,-1.441693541406348778e-07,1.966809126316586449e-03,8.277936945725513154e-03,2.777386265515411142e-10,-6.311092619420907712e-03,-1.149445850949280855e-07
3.157346682738530141e+00,3.805063778264189955e-01,-1.690727041102505282e-02,-4.079624368421611580e-01,-1.747856542459497054e-10,-1.179741160698705826e+00,-3.805063764398577408e-01,-9.528815002232539629e-10,4.720557528375274314e-03,-4.322949749944430403e-02,-2.176794667917890762e-11,4.795005529081561996e-02,-7.015216466367328278e-10,-1.393095159649225782e-07,1.956872434794463145e-03,8.334101099363690895e-03,2.920268581434912866e-10,-6.377194686651696531e-03,-1.111275943457399998e-07
3.160222226165432247e+00,3.805063778231096427e-01,-1.689368816613904048e-02,-4.080867106059172245e-01,-1.748470219227468842e-10,-1.179603304689168963e+00,-3.805063764423291528e-01,-1.346495477070484212e-09,4.726170271059322581e-03,-4.320545176398716408e-02,-2.090771432325909829e-11,4.793162239399317154e-02,-1.015594316393300227e-09,-1.344586693297756453e-07,1.946900460295823265e-03,8.390193939944482274e-03,3.062759993852593947e-10,-6.443260721521547503e-03,-1.073176348172248960e-07
3.163097769592334352e+00,3.805063778186885681e-01,-1.688008982284406809e-02,-4.082109149933063619e-01,-1.749058571071781534e-10,-1.179465501957318585e+00,-3.805063764456880215e-01,-1.726173775180920954e-09,4.731754288319610716e-03,-4.318124483399835012e-02,-2.000656478648525322e-11,4.791299957371105561e-02,-1.318721559124514824e-09,-1.296169924849814055e-07,1.936893328777020227e-03,8.446215187512656417e-03,3.204855158279649596e-10,-6.509290318074041973e-03,-1.035148464841686596e-07
3.165973313019236457e+00,3.805063778131956287e-01,-1.686647546388652177e-02,-4.083350495411032788e-01,-1.749620423046713624e-10,-1.179327753049137506e+00,-3.805063764499027612e-01,-2.091943018282878024e-09,4.737309479242546133e-03,-4.315687691574855017e-02,-1.906461277772616220e-11,4.789418693533314259e-02,-1.610924196629356826e-09,-1.247846631086122924e-07,1.926851166900746520e-03,8.502164562725934849e-03,3.346548750096445954e-10,-6.575283070259513828e-03,-9.971936887307001804e-08
3.168848856446138562e+00,3.805063778066709035e-01,-1.685284517230244139e-02,-4.084591137866766530e-01,-1.750154603527032441e-10,-1.179190058510302563e+00,-3.805063764549420635e-01,-2.443830340196132477e-09,4.742835743279769263e-03,-4.313234821631068555e-02,-1.808197453408480727e-11,4.787518458539083421e-02,-1.892223451270846968e-09,-1.199618583001900516e-07,1.916774102034050041e-03,8.558041786852939314e-03,3.487835464761068865e-10,-6.641238571934985312e-03,-9.593134105677372667e-08
3.171724399873040667e+00,3.805063777991542495e-01,-1.683919903141647620e-02,-4.085831072679919074e-01,-1.750659944251858247e-10,-1.179052418886183062e+00,-3.805063764607746757e-01,-2.781863383157491407e-09,4.748332980250185784e-03,-4.310765894355842592e-02,-1.705876781509780390e-11,4.785599263158372974e-02,-2.162640944663079266e-09,-1.151487545739107488e-07,1.906662262246477512e-03,8.613846581770646937e-03,3.628710018016185724e-10,-6.707156416863487881e-03,-9.215090164915097687e-08
3.174599943299943217e+00,3.805063777906853573e-01,-1.682553712484078853e-02,-4.087070295236134299e-01,-1.751135280368354878e-10,-1.178914834721837002e+00,-3.805063764673692339e-01,-3.106070296128764438e-09,4.753801090341958947e-03,-4.308280930616403825e-02,-1.599511189687012504e-11,4.783661118277940383e-02,-2.422198696344430968e-09,-1.103455278518683199e-07,1.896515776308027069e-03,8.669578669962532333e-03,3.769167146095641587e-10,-6.773036198714246087e-03,-8.837818879977906300e-08
3.177475486726844878e+00,3.805063777813041392e-01,-1.681185953647406500e-02,-4.088308800927065167e-01,-1.751579450475258063e-10,-1.178777306562007743e+00,-3.805063764746945965e-01,-3.416479733083325257e-09,4.759239974114575639e-03,-4.305779951359740843e-02,-1.489112756615734110e-11,4.781704034901446132e-02,-2.670919122433969362e-09,-1.055523534573418753e-07,1.886334773687268910e-03,8.725237774516621247e-03,3.909201605929471751e-10,-6.838877511062611651e-03,-8.461334018867087870e-08
3.180351030153747427e+00,3.805063777710501194e-01,-1.679816635050038198e-02,-4.089546585150402036e-01,-1.751991296666226144e-10,-1.178639834951119569e+00,-3.805063764827195660e-01,-3.713120851275811072e-09,4.764649532500795336e-03,-4.303262977612349466e-02,-1.374693711438024286e-11,4.779728024149403759e-02,-2.908825034274619765e-09,-1.007694061080669625e-07,1.876119384549321083e-03,8.780823619122765308e-03,4.048808175348820760e-10,-6.904679947389372185e-03,-8.085649302099190622e-08
3.183226573580649088e+00,3.805063777599628771e-01,-1.678445765138813356e-02,-4.090783643309893192e-01,-1.752369664573022267e-10,-1.178502420433277242e+00,-3.805063764914131119e-01,-3.996023309490415881e-09,4.770029666808658919e-03,-4.300730030480091892e-02,-1.256266433158837784e-11,4.777733097259229816e-02,-3.135939637059515485e-09,-9.599685990957268588e-08,1.865869739753848056e-03,8.836335928070881279e-03,4.187981653289133630e-10,-6.970443101080988843e-03,-7.710778402182866304e-08
3.186102117007551637e+00,3.805063777480817699e-01,-1.677073352388899069e-02,-4.092019970815367058e-01,-1.752713403408519504e-10,-1.178365063552258230e+00,-3.805063765007443144e-01,-4.265217266271340203e-09,4.775380278723530443e-03,-4.298181131148044731e-02,-1.133843450036071937e-11,4.775719265585299383e-02,-3.352286528444370496e-09,-9.123488834852896451e-08,1.855585970853103513e-03,8.891774426248789595e-03,4.326716859993024487e-10,-7.036166565429386420e-03,-7.336734943096568489e-08
3.188977660434453298e+00,3.805063777354463217e-01,-1.675699405303677711e-02,-4.093255563082751625e-01,-1.753021366009532260e-10,-1.178227764851514703e+00,-3.805063765106820872e-01,-4.520733378133167635e-09,4.780701270310021810e-03,-4.295616300880296390e-02,-1.007437438965193230e-11,4.773686540598941208e-02,-3.557889697144035181e-09,-8.648366428613549265e-08,1.845268210089906578e-03,8.947138839139641767e-03,4.465008637211572513e-10,-7.101849933631421662e-03,-6.963532499769427264e-08
3.191853203861355848e+00,3.805063777220957233e-01,-1.674323932414637645e-02,-4.094490415534106642e-01,-1.753292408879467005e-10,-1.178090524874164435e+00,-3.805063765211957327e-01,-4.762602797753663803e-09,4.785992544014024130e-03,-4.293035561019791641e-02,-8.770612248574674517e-12,4.771634933888475177e-02,-3.752773521515312188e-09,-8.174335995151852252e-08,1.834916590395594413e-03,9.002428892820199535e-03,4.602851848405507784e-10,-7.167492798789193778e-03,-6.591184597562851828e-08
3.194728747288257509e+00,3.805063777080692211e-01,-1.672946942281266364e-02,-4.095724523597636391e-01,-1.753525392230794889e-10,-1.177953344162992133e+00,-3.805063765322543867e-01,-4.990857172145934270e-09,4.791254002664649750e-03,-4.290438932988152598e-02,-7.427277800132391889e-12,4.769564457159238685e-02,-3.936962768123507852e-09,-7.701414693518766715e-08,1.824531245388016009e-03,9.057644313958290033e-03,4.740241378944444443e-10,-7.233094753909523160e-03,-6.219704711756744130e-08
3.197604290715160058e+00,3.805063776934058950e-01,-1.671568443490936001e-02,-4.096957882707718546e-01,-1.753719180027344974e-10,-1.177816223260443662e+00,-3.805063765438273515e-01,-5.205528640813083857e-09,4.796485549476235850e-03,-4.287826438285528841e-02,-6.044502234888748348e-12,4.767475122233627571e-02,-4.110482590295295429e-09,-7.229619618249995586e-08,1.814112309369495402e-03,9.112784829810734524e-03,4.877172136305911724e-10,-7.298655391903914949e-03,-5.849106267036332560e-08
3.200479834142061719e+00,3.805063776781448248e-01,-1.670188444658794735e-02,-4.098190488304923607e-01,-1.753872640026410830e-10,-1.177679162708623162e+00,-3.805063765558839295e-01,-5.406649833883925242e-09,4.801687088050281271e-03,-4.285198098490392016e-02,-4.622418204579874666e-12,4.765366941051089184e-02,-4.273358526656685769e-09,-6.758967798715382718e-08,1.803659917324747621e-03,9.167850168220956220e-03,5.013639050273232619e-10,-7.364174305588238115e-03,-5.479402636981340275e-08
3.203355377568964268e+00,3.805063776623247573e-01,-1.668806954427656114e-02,-4.099422335836036546e-01,-1.753984643820675922e-10,-1.177542163049289714e+00,-3.805063765683935895e-01,-5.594253870229040381e-09,4.806858522377427563e-03,-4.282553935259417882e-02,-3.161159815677744100e-12,4.763239925668202174e-02,-4.425616499655528478e-09,-6.289476198474163314e-08,1.793174204918836917e-03,9.222840057617176165e-03,5.149637073131858817e-10,-7.429651087682987397e-03,-5.110607143559781768e-08
3.206230920995865930e+00,3.805063776459847169e-01,-1.667423981467882829e-02,-4.100653420754084566e-01,-1.754054066879951080e-10,-1.177405224823854679e+00,-3.805063765813259113e-01,-5.768374355559987284e-09,4.811999756839388867e-03,-4.279893970327258018e-02,-1.660862622884601051e-12,4.761094088258640417e-02,-4.567282814070839803e-09,-5.821161714628890873e-08,1.782655308495089460e-03,9.277754227009512786e-03,5.285161179865690126e-10,-7.495085330812457577e-03,-4.742733056620641746e-08
3.209106464422768479e+00,3.805063776291632283e-01,-1.666039534477278816e-02,-4.101883738518353750e-01,-1.754079788592725587e-10,-1.177268348573376811e+00,-3.805063765946503085e-01,-5.929045380508526248e-09,4.817110696210930368e-03,-4.277218225506431576e-02,-1.216636225823637272e-13,4.758929441113261827e-02,-4.698384155506418235e-09,-5.354041177186458692e-08,1.772103365073008415e-03,9.332592405988387671e-03,5.420206368351540503e-10,-7.560476627505232673e-03,-4.375793593392190754e-08
3.211982007849670140e+00,3.805063776118990382e-01,-1.664653622180972681e-02,-4.103113284594413490e-01,-1.754060692307528279e-10,-1.177131534838560256e+00,-3.805063766083366383e-01,-6.076301518688156839e-09,4.822191245661775622e-03,-4.274526722687115726e-02,1.456298753778729110e-12,4.756745996640090318e-02,-4.818947588870559328e-09,-4.888131348420319132e-08,1.761518512346188156e-03,9.387354324721729204e-03,5.554767659552891671e-10,-7.625824570193489443e-03,-4.009801917981217966e-08
3.214857551276572689e+00,3.805063775942306714e-01,-1.663266253331303901e-02,-4.104342054454140354e-01,-1.753995665374096843e-10,-1.176994784159750118e+00,-3.805063766223544253e-01,-6.210177824737651276e-09,4.827241310758577202e-03,-4.271819483837006187e-02,3.072884646350047763e-12,4.754543767364375478e-02,-4.929000556841644769e-09,-4.423448922235253906e-08,1.750900888680184241e-03,9.442039713953083446e-03,5.688840097712996364e-10,-7.691128751213235915e-03,-3.644771140874268417e-08
3.217733094703474350e+00,3.805063775761965417e-01,-1.661877436707711805e-02,-4.105570043575736960e-01,-1.753883599184357374e-10,-1.176858097076930898e+00,-3.805063766366736933e-01,-6.330709832345407986e-09,4.832260797466807548e-03,-4.269096531001135425e-02,4.727952773600236172e-12,4.752322765928593956e-02,-5.028570878318663514e-09,-3.960010523538017348e-08,1.740250633110394449e-03,9.496648304999242771e-03,5.822418750546031492e-10,-7.756388762804045968e-03,-3.280714318443468090e-08
3.220608638130376900e+00,3.805063775578350072e-01,-1.660487181116616917e-02,-4.106797247443758070e-01,-1.753723389213206454e-10,-1.176721474129720280e+00,-3.805063766512641887e-01,-6.437933552256814869e-09,4.837249612152714866e-03,-4.266357886301717223e-02,6.421360439096927370e-12,4.750083005092498034e-02,-5.117686746858435173e-09,-3.497832707607965787e-08,1.729567885339959761e-03,9.551179829747770411e-03,5.955498709428253383e-10,-7.821604197108715864e-03,-2.917644452452375159e-08
3.223484181557279005e+00,3.805063775391842040e-01,-1.659095495391305769e-02,-4.108023661549130567e-01,-1.753513935059099604e-10,-1.176584915857368241e+00,-3.805063766660959357e-01,-6.531885470263006786e-09,4.842207661585228723e-03,-4.263603571937982228e-02,8.152963538337626241e-12,4.747824497733131588e-02,-5.196376729098142671e-09,-3.036931959472636109e-08,1.718852785737589239e-03,9.605634020654930938e-03,6.088075089587572066e-10,-7.886774646173331030e-03,-2.555574489565700442e-08
3.226359724984181110e+00,3.805063775202822129e-01,-1.657702388391816758e-02,-4.109249281389173447e-01,-1.753254140484443553e-10,-1.176448422798752835e+00,-3.805063766811390136e-01,-6.612602545171601265e-09,4.847134852937854364e-03,-4.260833610186003095e-02,9.922616565631881107e-12,4.745547256844855066e-02,-5.264669763163794559e-09,-2.577324693287275595e-08,1.708105475335400508e-03,9.660010610743428178e-03,6.220143030291833086e-10,-7.951899701947205343e-03,-2.194517320862084450e-08
3.229235268411083215e+00,3.805063775011671701e-01,-1.656307869004821839e-02,-4.110474102467626678e-01,-1.752942913455785842e-10,-1.176311995492376639e+00,-3.805063766963635574e-01,-6.680122206760061761e-09,4.852031093790611267e-03,-4.258048023398559173e-02,1.173017262104543992e-11,4.743251295539394757e-02,-5.322595157065010729e-09,-2.119027251715633703e-08,1.697326095826820523e-03,9.714309333599775373e-03,6.351697695036756046e-10,-8.016978956282316479e-03,-1.834485781347965005e-08
3.232110811837985320e+00,3.805063774818769340e-01,-1.654911946143512377e-02,-4.111698120294665082e-01,-1.752579166183807967e-10,-1.176175634476363419e+00,-3.805063767117398132e-01,-6.734482353710973782e-09,4.856896292131907510e-03,-4.255246834004949852e-02,1.357548341739023663e-11,4.740936627045851115e-02,-5.370182587075596330e-09,-1.662055905316084866e-08,1.686514789564341928e-03,9.768529923372383517e-03,6.482734271732076089e-10,-8.082012000933674542e-03,-1.475492649475509275e-08
3.234986355264887425e+00,3.805063774624491413e-01,-1.653514628747476331e-02,-4.112921330386924423e-01,-1.752161815163115877e-10,-1.176039340288454804e+00,-3.805063767272380826e-01,-6.775721351529839382e-09,4.861730356360424547e-03,-4.252430064510832192e-02,1.545839928727515514e-11,4.738603264710717494e-02,-5.407462096100402695e-09,-1.206426851929262055e-08,1.675671699557364398e-03,9.822672114768947124e-03,6.613247972887170471e-10,-8.146998427558824196e-03,-1.117550646661827286e-08
3.237861898691789975e+00,3.805063774429217061e-01,-1.652115925782583761e-02,-4.114143728267526945e-01,-1.751689781211824177e-10,-1.175903113466006733e+00,-3.805063767428287225e-01,-6.803878030445316398e-09,4.866533195287028879e-03,-4.249597737498077982e-02,1.737876919020284315e-11,4.736251221997937050e-02,-5.434464092028447132e-09,-7.521562160708210052e-09,1.664796969470010417e-03,9.876735643054279298e-03,6.743234035795195164e-10,-8.211937827717917526e-03,-7.606724368121608692e-09
3.240737442118691636e+00,3.805063774233319873e-01,-1.650715846240867479e-02,-4.115365309466093580e-01,-1.751161989510940530e-10,-1.175766954545987231e+00,-3.805063767584823120e-01,-6.818991683292008316e-09,4.871304718136632537e-03,-4.246749875624605125e-02,1.933644071972412650e-11,4.733880512488909675e-02,-5.451219346072208879e-09,-2.992600483264189790e-09,1.653890743618917619e-03,9.930720244047865769e-03,6.872687722716364301e-10,-8.276829792873433012e-03,-4.048706258448194342e-09
3.243612985545594185e+00,3.805063774037175106e-01,-1.649314399140402315e-02,-4.116586069518776703e-01,-1.750577369643537565e-10,-1.175630864064970860e+00,-3.805063767741694303e-01,-6.821102063375932141e-09,4.876044834550072662e-03,-4.243886501624210411e-02,2.133126011064594311e-11,4.731491149882523228e-02,-5.457758991093459387e-09,1.522456752501365977e-09,1.642953166971010100e-03,9.984625654121609753e-03,7.001604321060220457e-10,-8.341673914390175526e-03,-5.015776121861388306e-10
3.246488528972495846e+00,3.805063773841156349e-01,-1.647911593525187499e-02,-4.117806003968274009e-01,-1.749934855633723686e-10,-1.175494842559137609e+00,-3.805063767898606564e-01,-6.810249382322701508e-09,4.880753454585973726e-03,-4.241007638306424493e-02,2.336307224628380569e-11,4.729083147995186837e-02,-5.454114519915473899e-09,6.023450537335063374e-09,1.631984385141293376e-03,1.003845161019739120e-02,7.129979143566312610e-10,-8.406469783535031742e-03,3.034536685356026978e-09
3.249364072399398395e+00,3.805063773645636083e-01,-1.646507438465024883e-02,-4.119025108363851273e-01,-1.749233385985396741e-10,-1.175358890564268011e+00,-3.805063768055267914e-01,-6.786474307908650843e-09,4.885430488722626238e-03,-4.238113308556360620e-02,2.543172066577645653e-11,4.726656520760869756e-02,-5.440317783621798031e-09,1.051022261922334918e-08,1.620984544390609858e-03,1.009219784974486368e-02,7.257807528484462576e-10,-8.471216991477015235e-03,6.559512342825595937e-09
3.252239615826300057e+00,3.805063773450984010e-01,-1.645101943055396823e-02,-4.120243378261370659e-01,-1.748471903720793740e-10,-1.175223008615739806e+00,-3.805063768211386366e-01,-6.749817961874807934e-09,4.890075847859807340e-03,-4.235203535334522429e-02,2.753704757144487334e-11,4.724211282231094433e-02,-5.416400989841610728e-09,1.498261550929667041e-08,1.609953791623397815e-03,1.014586411077876907e-02,7.385084839753328488e-10,-8.535915129286824124e-03,1.007322566746145540e-08
3.255115159253202606e+00,3.805063773257570947e-01,-1.643695116417347515e-02,-4.121460809223304600e-01,-1.747649356418824213e-10,-1.175087197248525728e+00,-3.805063768366672705e-01,-6.700321917724035861e-09,4.894689443320653435e-03,-4.232278341676680433e-02,2.967889383620553622e-11,4.721747446574996177e-02,-5.382396701021852324e-09,1.944047248770537048e-08,1.598892274385405651e-03,1.019945013185701542e-02,7.511806467178160739e-10,-8.600563787937215779e-03,1.357555356970797123e-08
3.257990702680104267e+00,3.805063773065765487e-01,-1.642286967697358102e-02,-4.122677396818760220e-01,-1.746764696253189538e-10,-1.174951456997189281e+00,-3.805063768520836609e-01,-6.638028198501265698e-09,4.899271186853501603e-03,-4.229337750693713815e-02,3.185709901103318004e-11,4.719265028079348834e-02,-5.338337832686049882e-09,2.388363760945695174e-08,1.587800140861491197e-03,1.025295565207783900e-02,7.637967826607327499e-10,-8.665162558302345885e-03,1.706637356779833395e-08
3.260866246107006816e+00,3.805063772875934003e-01,-1.640877506067226974e-02,-4.123893136623502653e-01,-1.745816880030289527e-10,-1.174815788395880745e+00,-3.805063768673589419e-01,-6.562979274556924212e-09,4.903820990633706717e-03,-4.226381785571433486e-02,3.407150133247639273e-11,4.716764041148573811e-02,-5.284257651680001948e-09,2.831195571022255587e-08,1.576677539873273109e-03,1.030638041107774343e-02,7.763564360107712154e-10,-8.729711031158085902e-03,2.054556379231428184e-08
3.263741789533908477e+00,3.805063772688444534e-01,-1.639466740723943480e-02,-4.125108024219972247e-01,-1.744804869226910324e-10,-1.174680191978335841e+00,-3.805063768824643033e-01,-6.475218061293961881e-09,4.908338767265476785e-03,-4.223410469570444692e-02,3.632193773021955179e-11,4.714244500304781010e-02,-5.220189774404526195e-09,3.272527241209979719e-08,1.565524620876889393e-03,1.035972414902890451e-02,7.888591536138859645e-10,-8.794208797181653561e-03,2.401300299071067800e-08
3.266617332960811027e+00,3.805063772503660124e-01,-1.638054680889568585e-02,-4.126322055197310656e-01,-1.743727630027695945e-10,-1.174544668277869297e+00,-3.805063768973711569e-01,-6.374787916898166904e-09,4.912824429783726500e-03,-4.220423826026017261e-02,3.860824383469712846e-11,4.711706420187828509e-02,-5.146168165035117765e-09,3.712343412934471732e-08,1.554341533960710165e-03,1.041298660663701400e-02,8.013044849726179814e-10,-8.858655446951756857e-03,2.746857053181683695e-08
3.269492876387712688e+00,3.805063772321946036e-01,-1.636641335811105796e-02,-4.127535225151382492e-01,-1.742584133362393379e-10,-1.174409217827374619e+00,-3.805063769120509143e-01,-6.261732640051871070e-09,4.917277891655819771e-03,-4.217421878347864250e-02,4.093025398476191694e-11,4.709149815555270513e-02,-5.062227133728562972e-09,4.150628807407588374e-08,1.543128429842977566e-03,1.046616752513847282e-02,8.136919822632873792e-10,-8.923050570948123927e-03,3.091214641031501451e-08
3.272368419814615237e+00,3.805063772143663647e-01,-1.635226714760380784e-02,-4.128747529684789752e-01,-1.741373354942888307e-10,-1.174273841159318543e+00,-3.805063769264749873e-01,-6.136096467631768804e-09,4.921699066783455367e-03,-4.214404650020060761e-02,4.328780123539317512e-11,4.706574701282471851e-02,-4.968401334817063402e-09,4.587368226192320286e-08,1.531885459869542377e-03,1.051926664629841343e-02,8.260212003530657875e-10,-8.987393759551825720e-03,3.434361125117662704e-08
3.275243963241516898e+00,3.805063771969173225e-01,-1.633810827033913352e-02,-4.129958964406902355e-01,-1.740094275300008951e-10,-1.174138538805738596e+00,-3.805063769406151208e-01,-5.997924072390156205e-09,4.926087869504402507e-03,-4.211372164600843404e-02,4.568071736546085842e-11,4.703981092362572586e-02,-4.864725764989369143e-09,5.022546551765525952e-08,1.520612776011524749e-03,1.057228371240775261e-02,8.382916968169298328e-10,-9.051684603044648017e-03,3.776284631408029589e-08
3.278119506668419447e+00,3.805063771798836703e-01,-1.632393681952794620e-02,-4.131169524933872017e-01,-1.738745879820109173e-10,-1.174003311298239316e+00,-3.805063769544430041e-01,-5.847260560620342800e-09,4.930444214594352677e-03,-4.208324445722495810e-02,4.810883288553466364e-11,4.701369003906569199e-02,-4.751235761459444754e-09,5.456148748076133030e-08,1.509310530862954976e-03,1.062521846628149136e-02,8.505030319545072917e-10,-9.115922691609752368e-03,4.116973349779562006e-08
3.280995050095321108e+00,3.805063771633011571e-01,-1.630975288862555883e-02,-4.132379206888658896e-01,-1.737327158781423837e-10,-1.173868159167989145e+00,-3.805063769679305485e-01,-5.684151469805537897e-09,4.934768017268669101e-03,-4.205261517091168910e-02,5.057197704574763438e-11,4.698738451143297246e-02,-4.627967000122189021e-09,5.888159861100840931e-08,1.497978877638465661e-03,1.067807065125545712e-02,8.626547688068105413e-10,-9.180107615330737603e-03,4.456415534454652091e-08
3.283870593522223658e+00,3.805063771472055323e-01,-1.629555657133048563e-02,-4.133588005901049356e-01,-1.735837107390205746e-10,-1.173733082945717099e+00,-3.805063769810495544e-01,-5.508642766252682244e-09,4.939059193184180442e-03,-4.202183402486753955e-02,5.306997784369598141e-11,4.696089449419492412e-02,-4.494955493697333479e-09,6.318565019394023213e-08,1.486617970170906909e-03,1.073084001118452570e-02,8.747464731728111906e-10,-9.244238964192236577e-03,4.794599504432903888e-08
3.286746136949125763e+00,3.805063771316323784e-01,-1.628134796158313066e-02,-4.134795917607678728e-01,-1.734274725816622433e-10,-1.173598083161708550e+00,-3.805063769937720997e-01,-5.320780842709611996e-09,4.943317658440953694e-03,-4.199090125762713205e-02,5.560266203239830506e-11,4.693422014199796072e-02,-4.352237589860231782e-09,6.747349434635897528e-08,1.475227962908990135e-03,1.078352629043975025e-02,8.867777136259406796e-10,-9.308316328079406163e-03,5.131513643921640492e-08
3.289621680376027868e+00,3.805063771166170561e-01,-1.626712715356449721e-02,-4.136002937652052402e-01,-1.732639019230431952e-10,-1.173463160345803225e+00,-3.805063770060703732e-01,-5.120612515966967825e-09,4.947543329584067062e-03,-4.195981710845951562e-02,5.816985512829775979e-11,4.690736161066802468e-02,-4.199849969360675619e-09,7.174498402176242683e-08,1.463809010914923639e-03,1.083612923390607323e-02,8.987480615304584256e-10,-9.372339296778007048e-03,5.467146402762786158e-08
3.292497223802929973e+00,3.805063771021950370e-01,-1.625289424169494568e-02,-4.137209061684566369e-01,-1.730928997836427041e-10,-1.173328315027390545e+00,-3.805063770179165639e-01,-4.908185024444778021e-09,4.951736123605359439e-03,-4.192858181736654200e-02,6.077138141930540342e-11,4.688031905721076059e-02,-4.037829644129726456e-09,7.599997301573294904e-08,1.452361269862010662e-03,1.088864858697986653e-02,9.106570910576615650e-10,-9.436307459974355161e-03,5.801486296856088955e-08
3.295372767229832078e+00,3.805063770884011265e-01,-1.623864932064968819e-02,-4.138414285362692069e-01,-1.729143708597293712e-10,-1.173193547735407627e+00,-3.805063770292832492e-01,-4.684340717943486597e-09,4.955895901526181056e-03,-4.189719568001554900e-02,6.339643551614701413e-11,4.685309263853916495e-02,-3.866817899541229755e-09,7.846147920906647936e-08,1.440758749844472638e-03,1.094096126949138312e-02,8.987404198385756517e-10,-9.500223252719815908e-03,5.999487208941764299e-08
3.298248310656734184e+00,3.805063770752534769e-01,-1.622439248653216939e-02,-4.139618604362433896e-01,-1.727284448098647894e-10,-1.173058858998361709e+00,-3.805063770401557743e-01,-4.460847280085970368e-09,4.960021749205721121e-03,-4.186565974800241646e-02,6.588809762850073273e-11,4.682568249525114606e-02,-3.695758984371277379e-09,7.698345391696194657e-08,1.428849259691891953e-03,1.099291868952718271e-02,8.342976475908409939e-10,-9.564089700998718718e-03,5.898054981456041294e-08
3.301123854083636289e+00,3.805063770627424291e-01,-1.621012383763584253e-02,-4.140822014385783234e-01,-1.725356200139351865e-10,-1.172924249344343695e+00,-3.805063770505406895e-01,-4.241598604968974320e-09,4.964113311982805941e-03,-4.183397452933737548e-02,6.819475877687318666e-11,4.679808878173520592e-02,-3.527613294814301962e-09,7.550916689348990988e-08,1.416912918780188421e-03,1.104479318741278041e-02,7.700687762623200403e-10,-9.627900079131227612e-03,5.796866887282899274e-08
3.303999397510538394e+00,3.805063770508556598e-01,-1.619584347265919447e-02,-4.142024511143369003e-01,-1.723364275629449343e-10,-1.172789719300985523e+00,-3.805063770604462103e-01,-4.026583873530060720e-09,4.968170512893575752e-03,-4.180214026281078854e-02,7.031703712409037657e-11,4.677031165981427457e-02,-3.362373763133219582e-09,7.403866644339566012e-08,1.404949898769280309e-03,1.109658452377428745e-02,7.060559470764125238e-10,-9.691653976098687714e-03,5.695926232864062903e-08
3.306874940937440943e+00,3.805063770395811229e-01,-1.618155149052134117e-02,-4.143226090352696289e-01,-1.721313967615081417e-10,-1.172655269395451949e+00,-3.805063770698807746e-01,-3.815792128149970328e-09,4.972193275468580857e-03,-4.177015718790108578e-02,7.225555697300033874e-11,4.674235129249364878e-02,-3.200033226744839022e-09,7.257200063074113495e-08,1.392960371839384532e-03,1.114829245966040064e-02,6.422612893082929299e-10,-9.755350980784642176e-03,5.595236308478485168e-08
3.309750484364342604e+00,3.805063770289066616e-01,-1.616724799036055316e-02,-4.144426747738167438e-01,-1.719210551102422450e-10,-1.172520900154437218e+00,-3.805063770788526534e-01,-3.609212273347251043e-09,4.976181523734186755e-03,-4.173802554477291232e-02,7.401094873200310722e-11,4.671420784396069364e-02,-3.040584428686353585e-09,7.110921727722478932e-08,1.380944510688060034e-03,1.119991675653902140e-02,5.786869202088934258e-10,-9.818990681974438389e-03,5.494800388127731245e-08
3.312626027791245154e+00,3.805063770188201744e-01,-1.615293307153287464e-02,-4.145626479031099820e-01,-1.717059282882612467e-10,-1.172386612104162396e+00,-3.805063770873701179e-01,-3.406833076477584104e-09,4.980135182214116309e-03,-4.170574557427636497e-02,7.558384888036706956e-11,4.668588147958546014e-02,-2.884020018085049399e-09,6.965036396051566691e-08,1.368902488527320993e-03,1.125145717629430150e-02,5.153349449294172185e-10,-9.882572668355116968e-03,5.394621729422329178e-08
3.315501571218146815e+00,3.805063770093096154e-01,-1.613860683361064557e-02,-4.146825279969746370e-01,-1.714865401357684756e-10,-1.172252405770369821e+00,-3.805063770954416613e-01,-3.208643168437757799e-09,4.984054175930893033e-03,-4.167331751794548650e-02,7.697489993332818755e-11,4.665737236592078924e-02,-2.730332550631162389e-09,6.819548801259637874e-08,1.356834479080654609e-03,1.130291348122380510e-02,4.522074564463696256e-10,-9.946096528515599097e-03,5.294703573468731345e-08
3.318377114645048476e+00,3.805063770003629942e-01,-1.612426937638111388e-02,-4.148023146299315567e-01,-1.712634126367506756e-10,-1.172118281678322882e+00,-3.805063771030753328e-01,-3.014631044374748612e-09,4.987938430407342499e-03,-4.164074161799754398e-02,7.818475040697311708e-11,4.662868067070290168e-02,-2.579514489054256553e-09,6.674463651812179151e-08,1.344740656580110244e-03,1.135428543403556659e-02,3.893065354872636589e-10,-1.000956185094662408e-02,5.195049144757332734e-08
3.321252658071951025e+00,3.805063769919682093e-01,-1.610992079984493314e-02,-4.149220073771991424e-01,-1.710370659017726489e-10,-1.171984240352799578e+00,-3.805063771102794035e-01,-2.824785064398900630e-09,4.991787871668009607e-03,-4.160801811733123856e-02,7.921405478291199148e-11,4.659980656285122452e-02,-2.431558203602336487e-09,6.529785631278334082e-08,1.332621195763338028e-03,1.140557279784471661e-02,3.266342504567004766e-10,-1.007296822404034516e-02,5.095661651050865086e-08
3.324128201498852686e+00,3.805063769841134369e-01,-1.609556120421479219e-02,-4.150416058146950138e-01,-1.708080181508745213e-10,-1.171850282318091407e+00,-3.805063771170621445e-01,-2.639093454302540765e-09,4.995602426240649575e-03,-4.157514725952616425e-02,8.006347347273642220e-11,4.657075021246918911e-02,-2.286455972524750464e-09,6.385519398169311729e-08,1.320476271870640915e-03,1.145677533617096844e-02,2.641926573632572674e-10,-1.013631523609077531e-02,4.996544283274133060e-08
3.327003744925755235e+00,3.805063769767865756e-01,-1.608119068991390593e-02,-4.151611095190384515e-01,-1.705767856965711907e-10,-1.171716408097998707e+00,-3.805063771234317160e-01,-2.457544306282715822e-09,4.999382021157633069e-03,-4.154212928884115641e-02,8.073367278226979963e-11,4.654151179084407841e-02,-2.144199982557842231e-09,6.241669585777376282e-08,1.308306060641981202e-03,1.150789281293545900e-02,2.019837997467858552e-10,-1.019960247529359820e-02,4.897700215404146115e-08
3.329879288352656896e+00,3.805063769699758569e-01,-1.606680935757457893e-02,-4.152805180675520624e-01,-1.703438829269544483e-10,-1.171582618215827321e+00,-3.805063771293963337e-01,-2.280125579668494777e-09,5.003126583957394694e-03,-4.150896445021338976e-02,8.122532487561010090e-11,4.651209147044749193e-02,-2.004782329413730382e-09,6.098240802016173408e-08,1.296110738314065107e-03,1.155892499245752408e-02,1.400097086062653079e-10,-1.026282952974587673e-02,4.799132604361141110e-08
3.332754831779559446e+00,3.805063769636694571e-01,-1.605241730803676214e-02,-4.153998310382635006e-01,-1.701098222888996356e-10,-1.171448913194386154e+00,-3.805063771349641577e-01,-2.106825101653283349e-09,5.006836042685858940e-03,-4.147565298925712934e-02,8.153910773896404123e-11,4.648248942493560243e-02,-1.868195018272539548e-09,5.955237629262525008e-08,1.283890481617332591e-03,1.160987163945198519e-02,7.827240232837920860e-11,-1.032599598744634965e-02,4.700844589900613388e-08
3.335630375206461551e+00,3.805063769578554966e-01,-1.603801464234659233e-02,-4.155190480099079098e-01,-1.698751142713760866e-10,-1.171315293555982517e+00,-3.805063771401432371e-01,-1.937630568031354307e-09,5.010510325897848775e-03,-4.144219515226271744e-02,8.167570514427823011e-11,4.645270582914952373e-02,-1.734429964277479992e-09,5.812664624199231152e-08,1.271645467773009413e-03,1.166073251902599237e-02,1.677388661657000952e-11,-1.038910143629520090e-02,4.602839294506024842e-08
3.338505918633363656e+00,3.805063769525220407e-01,-1.602360146175489317e-02,-4.156381685619295885e-01,-1.696402673888621304e-10,-1.171181759822418567e+00,-3.805063771449416765e-01,-1.772529543938675802e-09,5.014149362658507254e-03,-4.140859118619535234e-02,8.163580661266690564e-11,4.642274085911548415e-02,-1.603478993032845698e-09,5.670526317658901691e-08,1.259375874490097167e-03,1.171150739667616708e-02,-4.448384557940644161e-11,-1.045214546409424690e-02,4.505119823282201504e-08
3.341381462060265761e+00,3.805063769476575430e-01,-1.600917786771574244e-02,-4.157571922744839332e-01,-1.694057881648665938e-10,-1.171048312514989975e+00,-3.805063771493676361e-01,-1.611509464598876490e-09,5.017753082544662742e-03,-4.137484133869393649e-02,8.142010737763702251e-11,4.639259469204503467e-02,-1.475333841105578852e-09,5.528827214469516340e-08,1.247081879962408640e-03,1.176219603828532190e-02,-1.054988141330907477e-10,-1.051512765854657923e-02,4.407689263849905075e-08
3.344257005487167866e+00,3.805063769432502352e-01,-1.599474396188499750e-02,-4.158761187284393257e-01,-1.691721811155552005e-10,-1.170914952154480160e+00,-3.805063771534291095e-01,-1.454557636072989223e-09,5.021321415646278277e-03,-4.134094585807025074e-02,8.102930834811579893e-11,4.636226750633578447e-02,-1.349986156529354116e-09,5.387571793300856283e-08,1.234763662865570859e-03,1.181279821011994684e-02,-1.662690518105919056e-10,-1.057804760725708677e-02,4.310550686241000027e-08
3.347132548914069972e+00,3.805063769392884043e-01,-1.598029984611877910e-02,-4.159949475053792978e-01,-1.689399487334839091e-10,-1.170781679261158503e+00,-3.805063771571342013e-01,-1.301661236013768417e-09,5.024854292567751748e-03,-4.130690499330731680e-02,8.046411607127721994e-11,4.633175948157089441e-02,-1.227427499311796276e-09,5.246764506512017725e-08,1.222421402354025325e-03,1.186331367882649188e-02,-2.267926043391853103e-10,-1.064090489773170632e-02,4.213707142794330093e-08
3.350008092340972521e+00,3.805063769357604486e-01,-1.596584562247202466e-02,-4.161136781876041968e-01,-1.687095914714401207e-10,-1.170648494354775693e+00,-3.805063771604908496e-01,-1.152807314424594560e-09,5.028351644429365254e-03,-4.127271899405889760e-02,7.972524269517513548e-11,4.630107079852012475e-02,-1.107649341944860803e-09,5.106409780000690986e-08,1.210055278058028237e-03,1.191374221142901639e-02,-2.870675304752571180e-10,-1.070369911737809043e-02,4.117161668052822290e-08
3.352883635767874182e+00,3.805063769326546552e-01,-1.595138139319702414e-02,-4.162323103581331840e-01,-1.684816077263909553e-10,-1.170515397954561498e+00,-3.805063771635070480e-01,-1.007982794422658341e-09,5.031813402868597421e-03,-4.123838811064801241e-02,7.881340593118075612e-11,4.627020163913969641e-02,-9.906430699181314842e-10,4.966512013053426912e-08,1.197665470080648119e-03,1.196408357532581512e-02,-3.470919020716388684e-10,-1.076642985350523621e-02,4.020917278661232837e-08
3.355759179194776731e+00,3.805063769299595888e-01,-1.593690726074185188e-02,-4.163508436007063440e-01,-1.682564938235391379e-10,-1.170382390579219667e+00,-3.805063771661907901e-01,-8.671744730058102261e-10,5.035239500041516388e-03,-4.120391259406609719e-02,7.772932901622446894e-11,4.623915218657275589e-02,-8.763999822345439561e-10,4.827075578196703334e-08,1.185252158994747410e-03,1.201433753828654027e-02,-4.068638041446210819e-10,-1.082909669332360325e-02,3.924976973264442326e-08
3.358634722621678392e+00,3.805063769276635921e-01,-1.592242332774896491e-02,-4.164692774997864055e-01,-1.680347440004897544e-10,-1.170249472746927033e+00,-3.805063771685499585e-01,-7.303690218248621844e-10,5.038629868624084317e-03,-4.116929269597175561e-02,7.647374067485248117e-11,4.620792262514948623e-02,-7.649112919299803447e-10,4.688104821050299698e-08,1.172815525839982029e-03,1.206450386844903216e-02,-4.663813349398546099e-10,-1.089169922394496968e-02,3.829343732407313920e-08
3.361510266048580942e+00,3.805063769257552297e-01,-1.590792969705364171e-02,-4.165876116405606844e-01,-1.678168503915241513e-10,-1.170116644975327524e+00,-3.805063771705924358e-01,-5.975529879587714184e-10,5.041984441813530428e-03,-4.113452866868978763e-02,7.504737508108618132e-11,4.617651314038748178e-02,-6.561681265946666417e-10,4.549604060180718012e-08,1.160355752119750011e-03,1.211458233431648122e-02,-5.256426059982166233e-10,-1.095423703238263165e-02,3.734020518434575389e-08
3.364385809475482603e+00,3.805063769242231775e-01,-1.589342647168251466e-02,-4.167058456089429153e-01,-1.676033030119855064e-10,-1.169983907781531052e+00,-3.805063771723262711e-01,-4.687127946951897028e-10,5.045303153329665918e-03,-4.109962076521025964e-02,7.345097182010271296e-11,4.614492391899214369e-02,-5.501615288983868981e-10,4.411577586957046294e-08,1.147873019798212324e-03,1.216457270475432458e-02,-5.846457422205631378e-10,-1.101670970555128186e-02,3.639010275392371381e-08
3.367261352902385152e+00,3.805063769230558890e-01,-1.587891375485205037e-02,-4.168239789915754723e-01,-1.673945897427734575e-10,-1.169851261682107735e+00,-3.805063771737591249e-01,-3.438347423141005901e-10,5.048585937416215363e-03,-4.106456923918729712e-02,7.168527584971926114e-11,4.611315514885684641e-02,-4.468824571176667286e-10,4.274029665406984805e-08,1.135367511297225452e-03,1.221447474898722414e-02,-6.433888819323315093e-10,-1.107911683026705819e-02,3.544315928929903701e-08
3.370136896329286813e+00,3.805063769222419845e-01,-1.586439164996704052e-02,-4.169420113758309787e-01,-1.671911963149510979e-10,-1.169718707193085905e+00,-3.805063771748988799e-01,-2.229050088764979184e-10,5.051832728842102146e-03,-4.102937434493805768e-02,6.975103746170341111e-11,4.608120701906312511e-02,-3.463217856665250663e-10,4.136964532075125532e-08,1.122839409493314950e-03,1.226428823659604650e-02,-7.018701769471120563e-10,-1.114145799324754195e-02,3.449940386202605528e-08
3.373012439756189362e+00,3.805063769217701952e-01,-1.584986026061910303e-02,-4.170599423498144165e-01,-1.669936062944622463e-10,-1.169586244829949218e+00,-3.805063771757534741e-01,-1.059096510163953512e-10,5.055043462902792002e-03,-4.099403633744190534e-02,6.764901224289219576e-11,4.604907971988120990e-02,-2.484703056294080717e-10,4.000386395881822598e-08,1.110288897714662012e-03,1.231401293751481496e-02,-7.600877926299535359e-10,-1.120373278111172662e-02,3.355886535775719939e-08
3.375887983183091023e+00,3.805063769216291414e-01,-1.583531969058516592e-02,-4.171777715023645139e-01,-1.668023010669620142e-10,-1.169453875107631768e+00,-3.805063771763304570e-01,7.165395262445731857e-12,5.058218075421527272e-03,-4.095855547233906435e-02,6.537996103614036895e-11,4.601677344276995651e-02,-1.533187252974327200e-10,3.864299437983967837e-08,1.097716159738035399e-03,1.236364862202760789e-02,-8.180399079597058854e-10,-1.126594078037998319e-02,3.262157247529160913e-08
3.378763526609993573e+00,3.805063769218076097e-01,-1.582077004382592342e-02,-4.172954984230566877e-01,-1.666177598227585512e-10,-1.169321598540516538e+00,-3.805063771766377667e-01,1.163343137866512075e-10,5.061356502750699073e-03,-4.092293200593007108e-02,6.294464990107602337e-11,4.598428838037765115e-02,-6.085767070666195748e-11,3.728707811636286507e-08,1.085121379785735935e-03,1.241319506076597225e-02,-8.757247155911973213e-10,-1.132808157747453894e-02,3.168755372562731660e-08
3.381639070036895234e+00,3.805063769222944425e-01,-1.580621142448432326e-02,-4.174131227022037649e-01,-1.664404595418689935e-10,-1.169189415642428509e+00,-3.805063771766830083e-01,2.216114074086307791e-10,5.064458681773031240e-03,-4.088716619517427514e-02,6.034385007469078515e-11,4.595162472654168440e-02,2.892231382027760242e-11,3.593615642054599037e-08,1.072504742522595225e-03,1.246265202470503257e-02,-9.331404219163650542e-10,-1.139015475871856670e-02,3.075683743102659171e-08
3.384514613463797783e+00,3.805063769230784265e-01,-1.579164393688407136e-02,-4.175306439308589246e-01,-1.662708749791886584e-10,-1.169057326926636220e+00,-3.805063771764740088e-01,3.230110971983118580e-10,5.067524549902922143e-03,-4.085125829768931210e-02,5.757833793175305003e-11,4.591878267628933530e-02,1.160307651301069747e-10,3.459027026280329508e-08,1.059866433052855314e-03,1.251201928516147699e-02,-9.902852471249268156e-10,-1.145215991033730549e-02,2.982945172408995651e-08
3.387390156890699444e+00,3.805063769241484595e-01,-1.577706768552806019e-02,-4.176480617008163643e-01,-1.661094786497741570e-10,-1.168925332905843772e+00,-3.805063771760182623e-01,4.205479216311924640e-10,5.070554045087657252e-03,-4.081520857174981282e-02,5.464889494504123664e-11,4.588576242583777137e-02,2.004773006923195485e-10,3.324946033045902185e-08,1.047206636917153962e-03,1.256129661378979114e-02,-1.047157425264497553e-09,-1.151409661845731111e-02,2.890542454683601291e-08
3.390265700317601993e+00,3.805063769254933281e-01,-1.576248277509684562e-02,-4.177653756046146305e-01,-1.659567408142411748e-10,-1.168793434092190386e+00,-3.805063771753235957e-01,5.142365357723108753e-10,5.073547105808673754e-03,-4.077901727628651524e-02,5.155630764541129989e-11,4.585256417259435391e-02,2.822716180497800282e-10,3.191376702641860585e-08,1.034525540089468272e-03,1.261048378257930216e-02,-1.103755204299977689e-09,-1.157596446910654116e-02,2.798478364979295353e-08
3.393141243744503655e+00,3.805063769271021523e-01,-1.574788931044712043e-02,-4.178825852355375070e-01,-1.658131294642775146e-10,-1.168661630997245515e+00,-3.805063771743975032e-01,6.040917104565629560e-10,5.076503671082825166e-03,-4.074268467088545259e-02,4.830136758168964470e-11,4.581918811515713758e-02,3.614234942668574531e-10,3.058323046785074436e-08,1.021823328973992841e-03,1.265958056385168423e-02,-1.160076846172398751e-09,-1.163776304821499859e-02,2.706755659109755024e-08
3.396016787171406204e+00,3.805063769289638298e-01,-1.573328739661015996e-02,-4.179996901876159021e-01,-1.656791103082714283e-10,-1.168529924132005737e+00,-3.805063771732475342e-01,6.901283314650031212e-10,5.079423680463573086e-03,-4.070621101578680151e-02,4.488487128040700128e-11,4.578563445331489817e-02,4.379427853747481153e-10,2.925789048488608954e-08,1.009100190402134785e-03,1.270858673025728608e-02,-1.216120626856962911e-09,-1.169949194161404651e-02,2.615377073560524682e-08
3.398892330598308309e+00,3.805063769310675359e-01,-1.571867713879030251e-02,-4.181166900556304022e-01,-1.655551467570562444e-10,-1.168398314006891869e+00,-3.805063771718813492e-01,7.723613986977841822e-10,5.082307074042225793e-03,-4.066959657188397304e-02,4.130762020535214306e-11,4.575190338804743101e-02,5.118394258145940104e-10,2.793778661932401765e-08,9.963563116294053314e-04,1.275750205477226527e-02,-1.271884836420691270e-09,-1.176115073503668229e-02,2.524345325400580030e-08
3.401767874025210414e+00,3.805063769334021684e-01,-1.570405864236334298e-02,-4.182335844351124932e-01,-1.654416999097711890e-10,-1.168266801131744304e+00,-3.805063771703063868e-01,8.508060253431810606e-10,5.085153792449178568e-03,-4.063284160072277301e-02,3.757042071696960357e-11,4.571799512152600192e-02,5.831234278778605139e-10,2.662295812335655412e-08,9.835918803323118447e-04,1.280632631069600173e-02,-1.327367779079310314e-09,-1.182273901411800762e-02,2.433663112195046973e-08
3.404643417452112519e+00,3.805063769359569581e-01,-1.568943201287505834e-02,-4.183503729223468914e-01,-1.653392285398397438e-10,-1.168135386015821231e+00,-3.805063771685301965e-01,9.254774370428684605e-10,5.087963776855099381e-03,-4.059594636450054167e-02,3.367408403159861335e-11,4.568390985711363178e-02,6.518048811441452503e-10,2.531344395830653595e-08,9.708070846053660791e-04,1.285505927164731950e-02,-1.382567773253414783e-09,-1.188425636439448783e-02,2.343333111918899553e-08
3.407518960879014625e+00,3.805063769387210804e-01,-1.567479735603959090e-02,-4.184670551143730433e-01,-1.652481890810647400e-10,-1.168004069167793535e+00,-3.805063771665602723e-01,9.963909710538106141e-10,5.090736968972105030e-03,-4.055891112606492543e-02,2.961942618054189619e-11,4.564964779936508954e-02,7.178939519167044589e-10,2.400928279337586249e-08,9.580021129578946727e-04,1.290370071156202170e-02,-1.437483151624135274e-09,-1.194570237130466832e-02,2.253357982871312340e-08
3.410394504305916730e+00,3.805063769416837105e-01,-1.566015477773793213e-02,-4.185836306089870673e-01,-1.651690356138422301e-10,-1.167872851095743236e+00,-3.805063771644039972e-01,1.063562075406445571e-09,5.093473311055004941e-03,-4.052173614891346060e-02,2.540726796898188288e-11,4.561520915402764859e-02,7.814008826554249235e-10,2.271051300441008791e-08,9.451771543110183433e-04,1.295225040468976456e-02,-1.492112261188106466e-09,-1.200707662018903055e-02,2.163740363591151366e-08
3.413270047732818835e+00,3.805063769448341349e-01,-1.564550438401632326e-02,-4.187000990047439197e-01,-1.651022198514927160e-10,-1.167741732307157942e+00,-3.805063771620688096e-01,1.127006308059401735e-09,5.096172745902417464e-03,-4.048442169719210920e-02,2.103843493473440005e-11,4.558059412804082305e-02,8.423359914074372993e-10,2.141717267267404836e-08,9.323323979945326388e-04,1.300070812559066605e-02,-1.546453463311796746e-09,-1.206837869628977350e-02,2.074482872773177412e-08
3.416145591159720940e+00,3.805063769481616398e-01,-1.563084628108470792e-02,-4.188164599009589484e-01,-1.650481911267120086e-10,-1.167610713308928849e+00,-3.805063771595621480e-01,1.186739336050656084e-09,5.098835216857985041e-03,-4.044696803569476640e-02,1.651375730685167975e-11,4.554580292953701315e-02,9.007096712352809864e-10,2.012929958364336762e-08,9.194680337438131904e-04,1.304907364913264305e-02,-1.600505133785190173e-09,-1.212960818475121265e-02,1.985588109185357732e-08
3.419021134586623489e+00,3.805063769516556227e-01,-1.561618057531516564e-02,-4.189327128977100578e-01,-1.650073963781411741e-10,-1.167479794607347188e+00,-3.805063771568912290e-01,1.242776934645231353e-09,5.101460667811520862e-03,-4.040937542986226816e-02,1.183406996407205136e-11,4.551083576784173412e-02,9.565323896426957168e-10,1.884693122580910832e-08,9.065842516967099075e-04,1.309734675048832009e-02,-1.654265662874789930e-09,-1.219076467061979731e-02,1.897058651587042006e-08
3.421896678013525150e+00,3.805063769553054254e-01,-1.560150737324034372e-02,-4.190488575958389861e-01,-1.649802801370559324e-10,-1.167348976708100228e+00,-3.805063771540634354e-01,1.295134986479517402e-09,5.104049043200160722e-03,-4.037164414578152394e-02,7.000212393116513831e-12,4.547569285347383833e-02,1.009814687998107998e-09,1.757010478949573414e-08,8.936812423904719627e-04,1.314552720513178542e-02,-1.707733455376000159e-09,-1.225184773884394930e-02,1.808897058648056133e-08
3.424772221440427700e+00,3.805063769591005562e-01,-1.558682678155185776e-02,-4.191648935969538581e-01,-1.649672845141763825e-10,-1.167218260116268391e+00,-3.805063771510861503e-01,1.343829480702227392e-09,5.106600288009518346e-03,-4.033377445018464236e-02,2.013028646831848559e-12,4.544037439814583440e-02,1.060567180955841980e-09,1.629885716569191320e-08,8.807591967586142316e-04,1.319361478883571137e-02,-1.760906930664893820e-09,-1.231285697427431970e-02,1.721105868868648028e-08
3.427647764867329361e+00,3.805063769630304127e-01,-1.557213890709875301e-02,-4.192808205034306290e-01,-1.649688491865972391e-10,-1.167087645336321700e+00,-3.805063771479664791e-01,1.388876512111888914e-09,5.109114347774788671e-03,-4.029576661044804303e-02,-3.126632697801140190e-12,4.540488061476409543e-02,1.108800555874889524e-09,1.503322494489827863e-08,8.678183061277954403e-04,1.324160927766842959e-02,-1.813784522749172806e-09,-1.237379196166396578e-02,1.633687600500600722e-08
3.430523308294231910e+00,3.805063769670846141e-01,-1.555744385688588929e-02,-4.193966379184148607e-01,-1.649854113848391214e-10,-1.166957132872115777e+00,-3.805063771447117493e-01,1.430292280291254278e-09,5.111591168581932666e-03,-4.025762089459183901e-02,-8.417918581824399720e-12,4.536921171742938630e-02,1.154525572235652947e-09,1.377324441598451307e-08,8.548587622147604988e-04,1.328951044799061253e-02,-1.866364680318725013e-09,-1.243465228566811159e-02,1.546644751468957925e-08
3.433398851721133571e+00,3.805063769712527244e-01,-1.554274173807233990e-02,-4.195123454458241641e-01,-1.650174058800210754e-10,-1.166826723226888962e+00,-3.805063771413291218e-01,1.468093088738300126e-09,5.114030697068706888e-03,-4.021933757127835879e-02,-1.385997150659645440e-11,4.533336792143651678e-02,1.197753061054317490e-09,1.251895156506155249e-08,8.418807571231568497e-04,1.333731807645219952e-02,-1.918645866795339966e-09,-1.249543753084424863e-02,1.459979799294777756e-08
3.436274395148036120e+00,3.805063769755242520e-01,-1.552803265796989102e-02,-4.196279426903491427e-01,-1.650652649711551832e-10,-1.166696416903259648e+00,-3.805063771378257020e-01,1.502295343993873046e-09,5.116432880425868246e-03,-4.018091690981231978e-02,-1.945192957619758431e-11,4.529734944327559049e-02,1.238493924294837566e-09,1.127038207437567877e-08,8.288844833404551173e-04,1.338503193999002541e-02,-1.970626560381613393e-09,-1.255614728165284008e-02,1.373695201019393442e-08
3.439149938574937782e+00,3.805063769798890938e-01,-1.551331672404131570e-02,-4.197434292574561132e-01,-1.651294184725631814e-10,-1.166566214403220503e+00,-3.805063771342087620e-01,1.532915554766610438e-09,5.118797666398217441e-03,-4.014235918013915605e-02,-2.519292654004929854e-11,4.526115650063144979e-02,1.276759134279288097e-09,1.002757132119864347e-08,8.158701337348331101e-04,1.343265181582380119e-02,-2.022305254109776103e-09,-1.261678112245641879e-02,1.287793393128353403e-08
3.442025482001840331e+00,3.805063769843368138e-01,-1.549859404389888548e-02,-4.198588047533882706e-01,-1.652102937014157088e-10,-1.166436116228137587e+00,-3.805063771304853515e-01,1.559970331054165138e-09,5.121125003285688371e-03,-4.010366465284450482e-02,-3.108209183558690930e-11,4.522478931238427952e-02,1.312559733095409218e-09,8.790554376751714340e-09,8.028379015520158059e-04,1.348017748145376865e-02,-2.073680455889091234e-09,-1.267733863752040953e-02,1.202276791477706878e-08
3.444901025428741992e+00,3.805063769888571978e-01,-1.548386472530276399e-02,-4.199740687851678533e-01,-1.653083154653944685e-10,-1.166306122878746132e+00,-3.805063771266624650e-01,1.583476383261668074e-09,5.123414839944435799e-03,-4.006483359915349873e-02,-3.711855063111196924e-11,4.518824809860990527e-02,1.345906832002396952e-09,7.559366005133483803e-09,7.897879804121823392e-04,1.352760871465741657e-02,-2.124750688553026294e-09,-1.273781941101292600e-02,1.117147791220518200e-08
3.447776568855644541e+00,3.805063769934401430e-01,-1.546912887615931390e-02,-4.200892209605981975e-01,-1.654239060504784919e-10,-1.166176234855145211e+00,-3.805063771227472080e-01,1.603450521317174408e-09,5.125667125787935173e-03,-4.002586629092980131e-02,-4.330142386880835652e-11,4.515153308058000164e-02,1.376811610834724770e-09,6.334040662256266871e-09,7.767205643068101056e-04,1.357494529348642932e-02,-2.175514489905981423e-09,-1.279822302700488537e-02,1.032408766733966207e-08
3.450652112282546202e+00,3.805063769980753796e-01,-1.545438660451963798e-02,-4.202042608882649577e-01,-1.655574852088527491e-10,-1.166046452656797738e+00,-3.805063771187466859e-01,1.619909653783770348e-09,5.127881810788010447e-03,-3.998676300067510736e-02,-4.962982830780066397e-11,4.511464448076260569e-02,1.405285317403389947e-09,5.114612494814730186e-09,7.636358475955737270e-04,1.362218699626379856e-02,-2.225970412768569667e-09,-1.285854906947021294e-02,9.480620715486442857e-09
3.453527655709448752e+00,3.805063770027530268e-01,-1.543963801857781669e-02,-4.203191881775386052e-01,-1.657094701469428519e-10,-1.165916776782524256e+00,-3.805063771146676710e-01,1.632870786969085922e-09,5.130058845475894864e-03,-3.994752400152785932e-02,-5.610287656746065846e-11,4.507758252282183242e-02,1.431339266895740050e-09,3.901115339245233457e-09,7.505340250031449206e-04,1.366933360158061397e-02,-2.276117025023200428e-09,-1.291879712228583867e-02,8.641100382771813068e-09
3.456403199136350413e+00,3.805063770074628704e-01,-1.542488322666944224e-02,-4.204340024385756491e-01,-1.658802755135722316e-10,-1.165787207730500485e+00,-3.805063771105172132e-01,1.642351024031556932e-09,5.132198180943284803e-03,-3.990814956726303209e-02,-6.271967717072721427e-11,4.504034743161879767e-02,1.454984841272727932e-09,2.693582720721970928e-09,7.374152916161450227e-04,1.371638488829301193e-02,-2.325952909658091670e-09,-1.297896676923168333e-02,7.805549785454253233e-09
3.459278742563252962e+00,3.805063770121950295e-01,-1.541012233726987354e-02,-4.205487032823211346e-01,-1.660703133882463142e-10,-1.165657745998253558e+00,-3.805063771063021960e-01,1.648367564084021109e-09,5.134299768843386680e-03,-3.986863997229103673e-02,-6.947933458765555639e-11,4.500293943321150708e-02,1.476233488664627345e-09,1.492047852147749406e-09,7.242798428799190544e-04,1.376334063551932878e-02,-2.375476664811386775e-09,-1.303905759399104358e-02,6.973991829232007789e-09
3.462154285990154623e+00,3.805063770169394566e-01,-1.539535545899276860e-02,-4.206632903205094198e-01,-1.662799932695594813e-10,-1.165528392082659570e+00,-3.805063771020295027e-01,1.650937701294277902e-09,5.136363561391910082e-03,-3.982899549165713760e-02,-7.638094927898665349e-11,4.496535875485534184e-02,1.495096722764398322e-09,2.965436331781627757e-10,7.111278745954568038e-04,1.381020062263690028e-02,-2.424686903813794045e-09,-1.309906918015048792e-02,6.146449208573695782e-09
3.465029829417057172e+00,3.805063770216864372e-01,-1.538058270058827517e-02,-4.207777631656676731e-01,-1.665097220637310445e-10,-1.165399146479939141e+00,-3.805063770977060167e-01,1.650078823982982461e-09,5.138389511368123344e-03,-3.978921640104049473e-02,-8.342361773996985733e-11,4.492760562500307253e-02,1.511586122219533860e-09,-8.928973507630713967e-10,6.979595829161699266e-04,1.385696462927914208e-02,-2.473582255231533094e-09,-1.315900111120012553e-02,5.322944406042538225e-09
3.467905372843959277e+00,3.805063770264259237e-01,-1.536580417094159969e-02,-4.208921214311158732e-01,-1.667599040732632291e-10,-1.165270009685653863e+00,-3.805063770933385658e-01,1.645808413718649459e-09,5.140377572115830199e-03,-3.974930297675367125e-02,-9.060643254416052648e-11,4.488968027330535876e-02,1.525713330021586151e-09,-2.076242829428859756e-09,6.847751643448288586e-04,1.390363243533235260e-02,-2.522161362907520584e-09,-1.321885297053348139e-02,4.503499691648053636e-09
3.470780916270861383e+00,3.805063770311483684e-01,-1.535101997907126030e-02,-4.210063647309698620e-01,-1.670309409857288703e-10,-1.165140982194703856e+00,-3.805063770889338115e-01,1.638144044410007450e-09,5.142327697544410610e-03,-3.970925549574191860e-02,-9.792848238745265979e-11,4.485158293061116547e-02,1.537490052894132959e-09,-3.253460848699404395e-09,6.715748157303704901e-04,1.395020382093283516e-02,-2.570422886002755727e-09,-1.327862434144784845e-02,3.688137122193483258e-09
3.473656459697763488e+00,3.805063770358438346e-01,-1.533623023412750835e-02,-4.211204926801425663e-01,-1.673232318626835480e-10,-1.165012064501323108e+00,-3.805063770844985815e-01,1.627103381395606161e-09,5.144239842129748851e-03,-3.966907423558214962e-02,-1.053888521321648959e-10,4.481331382896750620e-02,1.546928060678723400e-09,-4.424519771507550261e-09,6.583587342647424876e-04,1.399667856646362278e-02,-2.618365499036476178e-09,-1.333831480714410371e-02,2.876878540640257032e-09
3.476532003124665593e+00,3.805063770405027190e-01,-1.532143504539066822e-02,-4.212345048943461068e-01,-1.676371731287062971e-10,-1.164883257099076586e+00,-3.805063770800395373e-01,1.612704180530803074e-09,5.146113960915291684e-03,-3.962875947448261937e-02,-1.129866228512803814e-10,4.477487320162033824e-02,1.554039185719105878e-09,-5.589388278755860450e-09,6.451271174797246297e-04,1.404305645255200449e-02,-2.665987891926021114e-09,-1.339792395072746632e-02,2.069745575478323857e-09
3.479407546551567698e+00,3.805063770451154181e-01,-1.530663452226955525e-02,-4.213484009900934635e-01,-1.679731585605658416e-10,-1.164754560480857570e+00,-3.805063770755633401e-01,1.594964287272164436e-09,5.147950009512940010e-03,-3.958831149128189120e-02,-1.207208718727457174e-10,4.473626128301433358e-02,1.558835322243557636e-09,-6.748035370211240885e-09,6.318801632438303742e-04,1.408933726006571241e-02,-2.713288770025536250e-09,-1.345745135520675859e-02,1.266759640111539026e-09
3.482283089978470247e+00,3.805063770496723285e-01,-1.529182877429976183e-02,-4.214621805847004743e-01,-1.683315792765171364e-10,-1.164625975138882774e+00,-3.805063770710767068e-01,1.573901635759195525e-09,5.149747944104097509e-03,-3.954773056544845511e-02,-1.285906728239687661e-10,4.469747830879355205e-02,1.561328425745584559e-09,-7.900430365398060048e-09,6.186180697591043415e-04,1.413552077011046362e-02,-2.760266854164663979e-09,-1.351689660349515015e-02,4.679419322440665082e-10
3.485158633405371909e+00,3.805063770541639023e-01,-1.527701791114210311e-02,-4.215758432962872782e-01,-1.687128237257221923e-10,-1.164497501564689674e+00,-3.805063770665862433e-01,1.549534247893722124e-09,5.151507721440554480e-03,-3.950701697707982574e-02,-1.365950956763144148e-10,4.465852451580148291e-02,1.561530512362746791e-09,-9.046542904460306510e-09,6.053410355579588297e-04,1.418160676402681168e-02,-2.806920880685748706e-09,-1.357625927841018404e-02,-3.266865667122135516e-10
3.488034176832274458e+00,3.805063770585806471e-01,-1.526220204258091698e-02,-4.216893887437805355e-01,-1.691172776778028623e-10,-1.164369140249133849e+00,-3.805063770620983887e-01,1.521880232416625233e-09,5.153229298845474031e-03,-3.946617100690204966e-02,-1.447332067898054161e-10,4.461940014208141264e-02,1.559453658253882520e-09,-1.018634294902369228e-08,5.920492595000385189e-04,1.422759502338696337e-02,-2.853249601481030204e-09,-1.363553896267370724e-02,-1.117105092230274072e-09
3.490909720259176119e+00,3.805063770629132369e-01,-1.524738127852244725e-02,-4.218028165469148161e-01,-1.695453242125196443e-10,-1.164240891682383205e+00,-3.805063770576198601e-01,1.490957783982218307e-09,5.154912634214295006e-03,-3.942519293626874782e-02,-1.530040689578717477e-10,4.458010542687653593e-02,1.555109998974614525e-09,-1.131980078303487717e-08,5.787429407690212069e-04,1.427348532999183316e-02,-2.899251784028753768e-09,-1.369473523891216217e-02,-1.903293097245103617e-09
3.493785263686078668e+00,3.805063770671521794e-01,-1.523255572899315236e-02,-4.219161263262350414e-01,-1.699973437095818494e-10,-1.164112756353916422e+00,-3.805063770531569856e-01,1.456785182230126004e-09,5.156557686015713834e-03,-3.938408304716080333e-02,-1.614067414522466413e-10,4.454064061063049001e-02,1.548511728851176942e-09,-1.244688701359217485e-08,5.654222788694632153e-04,1.431927746586809762e-02,-2.944926211428897386e-09,-1.375384768965675318e-02,-2.685230252724950815e-09
3.496660807112980329e+00,3.805063770712882598e-01,-1.521772550413814408e-02,-4.220293177030974840e-01,-1.704737138385824684e-10,-1.163984734752519845e+00,-3.805063770487163155e-01,1.419380790855075125e-09,5.158164413292534549e-03,-3.934284162218555647e-02,-1.699402800678829552e-10,4.450100593498747259e-02,1.539671100352694157e-09,-1.356757257175060471e-08,5.520874736236404574e-04,1.436497121326509030e-02,-2.990271682437673857e-09,-1.381287589734351770e-02,-3.462896448225211008e-09
3.499536350539882879e+00,3.805063770753120966e-01,-1.520289071421944069e-02,-4.221423902996720989e-01,-1.709748095490684116e-10,-1.163856827366282598e+00,-3.805063770443043447e-01,1.378763056673961027e-09,5.159732775662644565e-03,-3.930146894457622886e-02,-1.786037371680825717e-10,4.446120164279258186e-02,1.528600423461786726e-09,-1.468182871332774946e-08,5.387387251683710757e-04,1.441056635465172778e-02,-3.035287011502061029e-09,-1.387181944431343378e-02,-4.236271792443100071e-09
3.502411893966784540e+00,3.805063770792145306e-01,-1.518805146961437619e-02,-4.222553437389442998e-01,-1.715010030607355488e-10,-1.163729034682593699e+00,-3.805063770399273460e-01,1.334950508691012761e-09,5.161262733319845614e-03,-3.925996529819108377e-02,-1.873961617296226412e-10,4.442122797809191365e-02,1.515312065043672664e-09,-1.578962701968143057e-08,5.253762339518155272e-04,1.445606267271362308e-02,-3.079971028792984566e-09,-1.393067791281274448e-02,-5.005336613752968484e-09
3.505287437393687089e+00,3.805063770829864578e-01,-1.517320788081390898e-02,-4.223681776447165692e-01,-1.720526638537567711e-10,-1.163601357188138952e+00,-3.805063770355917585e-01,1.287961757160494045e-09,5.162754247034813913e-03,-3.921833096751314168e-02,-1.963165993880422208e-10,4.438108518613312348e-02,1.499818448213690459e-09,-1.689093939848141159e-08,5.120002007303432398e-04,1.450145995034995625e-02,-3.124322580238272412e-09,-1.398945088499292319e-02,-5.770071460737583718e-09
3.508162980820588750e+00,3.805063770866187189e-01,-1.515836005842097732e-02,-4.224808916416101789e-01,-1.726301586592385497e-10,-1.163473795368896946e+00,-3.805063770313039107e-01,1.237815492647340205e-09,5.164207278155912885e-03,-3.917656623764922269e-02,-2.053640924829812075e-10,4.434077351336533634e-02,1.482132051703350957e-09,-1.798573808446083377e-08,4.986108265653352994e-04,1.454675797067031887e-02,-3.168340527554573203e-09,-1.404813794291075342e-02,-6.530457102706007754e-09
3.511038524247491299e+00,3.805063770901022657e-01,-1.514350811314881320e-02,-4.225934853550674664e-01,-1.732338514498099983e-10,-1.163346349710136174e+00,-3.805063770270699641e-01,1.184530485085516033e-09,5.165621788610150721e-03,-3.913467139432980774e-02,-2.145376801036506114e-10,4.430029320743995164e-02,1.462265409224862058e-09,-1.907399564015820379e-08,4.852083128199875719e-04,1.459195651699227159e-02,-3.212023748278921070e-09,-1.410673866852905564e-02,-7.286474530204553579e-09
3.513914067674392960e+00,3.805063770934280498e-01,-1.512865215577344213e-02,-4.227059584113073698e-01,-1.738640975121435393e-10,-1.163219020696410366e+00,-3.805063770228963582e-01,1.128255638501911603e-09,5.166997934865020028e-03,-3.909264653186612232e-02,-2.238113961572025527e-10,4.425964451905994856e-02,1.440273224048526427e-09,-1.978943884106191758e-08,4.723390695268369840e-04,1.463759617615982729e-02,-3.184963769550210795e-09,-1.416524743486209659e-02,-7.919505482467793072e-09
3.516789611101295510e+00,3.805063770965911307e-01,-1.511379229145746669e-02,-4.228183104317100316e-01,-1.745205119961931794e-10,-1.163091808811501870e+00,-3.805063770187878669e-01,1.071929996023380737e-09,5.168340034981835571e-03,-3.905048762535402035e-02,-2.326229083230583016e-10,4.421882773981205411e-02,1.417113743518644753e-09,-1.938649967946234400e-08,4.611151762633680564e-04,1.468477760684446312e-02,-2.943836221393093080e-09,-1.422365322039059743e-02,-8.188106862751108665e-09
3.519665154528197171e+00,3.805063770995939509e-01,-1.509892861431260704e-02,-4.229305410274353250e-01,-1.752012691995980894e-10,-1.162964714538365918e+00,-3.805063770147471547e-01,1.016760535256345875e-09,5.169649824338792658e-03,-3.900819320821216629e-02,-2.407428691625548544e-10,4.417784313785060729e-02,1.393184357974431058e-09,-1.898529215015123898e-08,4.498662917264552134e-04,1.473184658041042962e-02,-2.703976479468254427e-09,-1.428197153774251466e-02,-8.454989271481707780e-09
3.522540697955099720e+00,3.805063771024397856e-01,-1.508406121735296479e-02,-4.230426498092818566e-01,-1.759043857861382881e-10,-1.162837738359221440e+00,-3.805063770107762755e-01,9.627422627885597070e-10,5.170927231286504347e-03,-3.896576360420267449e-02,-2.481749327126731842e-10,4.413669096529503760e-02,1.368490019769516031e-09,-1.858582599397852145e-08,4.385925649742941461e-04,1.477880282802393301e-02,-2.465390378641497644e-09,-1.434020196901468133e-02,-8.720146201390503793e-09
3.525416241382001381e+00,3.805063771051319099e-01,-1.506919019379806407e-02,-4.231546363889803763e-01,-1.766278889509673744e-10,-1.162710880755561060e+00,-3.805063770068775608e-01,9.098701573371515164e-10,5.172172184605498477e-03,-3.892319913785930591e-02,-2.549227696933802445e-10,4.409537147546641750e-02,1.343035699847434623e-09,-1.818811085467897053e-08,4.272941459899115037e-04,1.482564608167588442e-02,-2.228083687391158913e-09,-1.439834409620395494e-02,-8.983571230116197087e-09
3.528291784808903930e+00,3.805063771076735990e-01,-1.505431563707160421e-02,-4.232665003791958869e-01,-1.773698164683110706e-10,-1.162584142208147098e+00,-3.805063770030530645e-01,8.581391700281901293e-10,5.173384613508964606e-03,-3.888050013448563630e-02,-2.609900673165334455e-10,4.405388492288827423e-02,1.316826387497240088e-09,-1.779215627863758088e-08,4.159711856792642874e-04,1.487237607418095096e-02,-1.992062107665024574e-09,-1.445639750120811251e-02,-9.245258020368173387e-09
3.531167328235806036e+00,3.805063771100681835e-01,-1.503943764080021249e-02,-4.233782413935299749e-01,-1.781282167386148373e-10,-1.162457523197008680e+00,-3.805063769993051181e-01,8.075442246769475974e-10,5.174564447645305793e-03,-3.883766692015206551e-02,-2.663805290943617176e-10,4.401223156328623598e-02,1.289867090108631020e-09,-1.739797171465866344e-08,4.046238358693496524e-04,1.491899253917517397e-02,-1.757331274740379814e-09,-1.451436176582540649e-02,-9.505200320084769876e-09
3.534042871662708141e+00,3.805063771123189387e-01,-1.502455629881216566e-02,-4.234898590465229762e-01,-1.789011488351417487e-10,-1.162331024201437746e+00,-3.805063769956357200e-01,7.580802180687577252e-10,5.175711617100858634e-03,-3.879469982169386072e-02,-2.710978746475643656e-10,4.397041165358873266e-02,1.262162832926626327e-09,-1.700556651373988290e-08,3.932522493063016992e-04,1.496549521111444070e-02,-1.523896757086826139e-09,-1.457223647175491868e-02,-9.763391962588674314e-09
3.536918415089610246e+00,3.805063771144290286e-01,-1.500967170513620337e-02,-4.236013529536558631e-01,-1.796866825500130036e-10,-1.162204645699984829e+00,-3.805063769920470351e-01,7.097420202408106546e-10,5.176826052402500565e-03,-3.875159916670883886e-02,-2.751458395129879055e-10,4.392842545192734982e-02,1.233718658805945536e-09,-1.661494992885258830e-08,3.818565796534043478e-04,1.501188382527294043e-02,-1.291764056233489728e-09,-1.463002120059701122e-02,-1.001982686673663315e-08
3.539793958516512351e+00,3.805063771164018394e-01,-1.499478395400011092e-02,-4.237127227313533528e-01,-1.804828984397057028e-10,-1.162078388170457499e+00,-3.805063769885411729e-01,6.625244747639000949e-10,5.177907684520288364e-03,-3.870836528355454248e-02,-2.785281749509825757e-10,4.388627321763660660e-02,1.204539627964575346e-09,-1.622613111472139584e-08,3.704369814891135364e-04,1.505815811774085730e-02,-1.060938606636076345e-09,-1.468771553385299009e-02,-1.027449903706890318e-08
3.542669501943414456e+00,3.805063771182404242e-01,-1.497989313982962811e-02,-4.238239679969846296e-01,-1.812878878699794576e-10,-1.161952252089915705e+00,-3.805063769851202982e-01,6.164223990258227413e-10,5.178956444870095807e-03,-3.866499850134661603e-02,-2.812486477523035375e-10,4.384395521125493411e-02,1.174630817737534713e-09,-1.583911912761676511e-08,3.589936103050551334e-04,1.510431782542304840e-02,-8.314257755519023386e-10,-1.474531905292578680e-02,-1.052740256394960099e-08
3.545545045370316561e+00,3.805063771199478917e-01,-1.496499935724698339e-02,-4.239350883688672300e-01,-1.820997530602663659e-10,-1.161826237934667549e+00,-3.805063769817864094e-01,5.714305845142180030e-10,5.179972265316210543e-03,-3.862149914995564870e-02,-2.833110400447339352e-10,4.380147169452417583e-02,1.143997322329514967e-09,-1.545392292514236732e-08,3.475266225039371978e-04,1.515036268603676441e-02,-6.032308629123654175e-10,-1.480283133911977807e-02,-1.077853162370911859e-08
3.548420588797218667e+00,3.805063771215277946e-01,-1.495010270106975764e-02,-4.240460834662676537e-01,-1.829166071274862775e-10,-1.161700346180267962e+00,-3.805063769785417271e-01,5.275437971010707782e-10,5.180955078174008174e-03,-3.857786756000576578e-02,-2.847191490992879559e-10,4.375882293039084353e-02,1.112644252567819160e-09,-1.507055136603637667e-08,3.360361753975424706e-04,1.519629243811009348e-02,-3.763591012036994275e-10,-1.486025197364121940e-02,-1.102788047877740208e-08
3.551296132224121216e+00,3.805063771229829639e-01,-1.493520326630945819e-02,-4.241569529094044166e-01,-1.837365741293195332e-10,-1.161574577301513367e+00,-3.805063769753881942e-01,4.847567773269122040e-10,5.181904816212491022e-03,-3.853410406287140905e-02,-2.854767871361103137e-10,4.371600918300538180e-02,1.080576735654316448e-09,-1.468901320996914198e-08,3.245224272045270104e-04,1.524210682097986054e-02,-1.508156553464303571e-10,-1.491758053759836833e-02,-1.127544347781753305e-08
3.554171675651022877e+00,3.805063771243166748e-01,-1.492030114817028200e-02,-4.242676963194501050e-01,-1.845577891069103965e-10,-1.161448931772439241e+00,-3.805063769723278644e-01,4.430642406861874553e-10,5.182821412656932712e-03,-3.849020899067547713e-02,-2.855877811300150835e-10,4.367303071772302842e-02,1.047799914917446935e-09,-1.430931711735123611e-08,3.129855370483667146e-04,1.528780557478958378e-02,7.339437741909942408e-11,-1.497481661200146183e-02,-1.152121505585272069e-08
3.557047219077925426e+00,3.805063771255321470e-01,-1.490539644204777643e-02,-4.243783133185334289e-01,-1.853783981270160677e-10,-1.161323410066316120e+00,-3.805063769693629028e-01,4.024608779128956342e-10,5.183704801191494141e-03,-3.844618267628714670e-02,-2.850559726157099990e-10,4.362988780110421683e-02,1.014318949563670235e-09,-1.393147164914346749e-08,3.014256649551399093e-04,1.533338844048792206e-02,2.962659676455685143e-10,-1.503195977776343104e-02,-1.176518973439086517e-08
3.559922762504827087e+00,3.805063771266323225e-01,-1.489048924352754689e-02,-4.244888035297408324e-01,-1.861965583235926203e-10,-1.161198012655645817e+00,-3.805063769664951412e-01,3.629413552668746020e-10,5.184554915961760505e-03,-3.840202545331914546e-02,-2.838852174926940663e-10,4.358658070091432635e-02,9.801390144286342407e-10,-1.355548526667208625e-08,2.898429718513708710e-04,1.537885515982601210e-02,5.177941537878459411e-10,-1.508900961569933225e-02,-1.200736212154428057e-08
3.562798305931729637e+00,3.805063771276204765e-01,-1.487557964838384303e-02,-4.245991665771201018e-01,-1.870104379388244521e-10,-1.161072740012159210e+00,-3.805063769637266891e-01,3.245003148203960038e-10,5.185371691577385020e-03,-3.835773765612564279e-02,-2.820793858298458116e-10,4.354310968612436911e-02,9.452652997278293871e-10,-1.318136633144703620e-08,2.782376195617330527e-04,1.542420547535616401e-02,7.379740423103580423e-10,-1.514596570652740684e-02,-1.224772691214747207e-08
3.565673849358631298e+00,3.805063771284996066e-01,-1.486066775257833053e-02,-4.247094020856806429e-01,-1.878182163635823090e-10,-1.160947592606811796e+00,-3.805063769610594893e-01,2.871323747456963511e-10,5.186155063114644172e-03,-3.831331961980021655e-02,-2.796423616697182940e-10,4.349947502691130230e-02,9.097030108072743455e-10,-1.280912310498849329e-08,2.666097708068778608e-04,1.546943913042938754e-02,9.568008077889842050e-10,-1.520282763086870659e-02,-1.248627888786808574e-08
3.568549392785533847e+00,3.805063771292727659e-01,-1.484575365225866174e-02,-4.248195096813968674e-01,-1.886180841773275897e-10,-1.160822570909779916e+00,-3.805063769584955957e-01,2.508321296025453280e-10,5.186904966118978215e-03,-3.826877168017290415e-02,-2.765780428325244419e-10,4.345567699465784084e-02,8.734573678934745241e-10,-1.243876374865344397e-08,2.549595892010730457e-04,1.551455586919328958e-02,1.174269693012445363e-09,-1.525959496924743190e-02,-1.272301291731670516e-08
3.571424936212435508e+00,3.805063771299431186e-01,-1.483083744375716766e-02,-4.249294889912100803e-01,-1.894082431874463602e-10,-1.160697675390458761e+00,-3.805063769560368403e-01,2.155941506266278362e-10,5.187621336607640098e-03,-3.822409417380876612e-02,-2.728903407198600186e-10,4.341171586195345655e-02,8.365336058433858424e-10,-1.207029632347058321e-08,2.432872392499510310e-04,1.555955543659024408e-02,1.390376009078846418e-09,-1.531626730209127187e-02,-1.295792395615138061e-08
3.574300479639338057e+00,3.805063771305137177e-01,-1.481591922358947017e-02,-4.250393396430302007e-01,-1.901869064680217394e-10,-1.160572906517457037e+00,-3.805063769536852214e-01,1.814129860182034036e-10,5.188304111072156166e-03,-3.817928743800470814e-02,-2.685831801181293194e-10,4.336759190259389246e-02,7.989369738938721658e-10,-1.170372878997704890e-08,2.315928863480920096e-04,1.560443757835500503e-02,1.605115135490163528e-09,-1.537284420973151350e-02,-1.319100704717864432e-08
3.577176023066239718e+00,3.805063771309874499e-01,-1.480099908845314803e-02,-4.251490612657381485e-01,-1.909522983980382176e-10,-1.160448264758594750e+00,-3.805063769514427374e-01,1.482831612313759234e-10,5.188953226480957741e-03,-3.813435181078801001e-02,-2.636604990017283497e-10,4.332330539158207178e-02,7.606727354110581035e-10,-1.133906900806211615e-08,2.198766967767046190e-04,1.564920204101281562e-02,1.818482520242847373e-09,-1.542932527240340780e-02,-1.342225732045054376e-08
3.580051566493142268e+00,3.805063771313674792e-01,-1.478607713522632483e-02,-4.252586534891878434e-01,-1.917026546990229239e-10,-1.160323750580899427e+00,-3.805063769493111647e-01,1.161991792636486284e-10,5.189568620281881720e-03,-3.808928763091346675e-02,-2.581262483359446429e-10,4.327885660512791749e-02,7.217461676392142417e-10,-1.097632473681314154e-08,2.081388377012025320e-04,1.569384857187681656e-02,2.030473679916266755e-09,-1.548571007024603444e-02,-1.365166999335820401e-08
3.582927109920043929e+00,3.805063771316567478e-01,-1.477115346096629506e-02,-4.253681159442087578e-01,-1.924362224721165788e-10,-1.160199364450602788e+00,-3.805063769472925017e-01,8.515552094604317586e-11,5.190150230404737969e-03,-3.804409523786148745e-02,-2.519843918796288784e-10,4.323424582064899074e-02,6.821625614495341197e-10,-1.061550363436792788e-08,1.963794771687667369e-04,1.573837691904624025e-02,2.241084199757325034e-09,-1.554199818330292450e-02,-1.387924037072112854e-08
3.585802653346946478e+00,3.805063771318581978e-01,-1.475622816290817277e-02,-4.254774482626070276e-01,-1.931512602345772066e-10,-1.160075106833136527e+00,-3.805063769453886358e-01,5.514664523363044987e-11,5.190697995263815132e-03,-3.799877497183564573e-02,-2.452389059876272906e-10,4.318947331677049084e-02,6.419272210886539531e-10,-1.025661325777133416e-08,1.845987841058551251e-04,1.578278683140412267e-02,2.450309733761943627e-09,-1.559818919152226348e-02,-1.410496384487225656e-08
3.588678196773848139e+00,3.805063771319748822e-01,-1.474130133846341881e-02,-4.255866500771685601e-01,-1.938460379557190656e-10,-1.159950978193130089e+00,-3.805063769436013432e-01,2.616698949630262128e-11,5.191211853760423732e-03,-3.795332717376042470e-02,-2.378937794129496896e-10,4.314453937332553973e-02,6.010454639267196820e-10,-9.899661062834768931e-09,1.727969283157383164e-04,1.582707805861479494e-02,2.658146004754650223e-09,-1.565428267475684268e-02,-1.432883589574064794e-08
3.591553740200750688e+00,3.805063771320096877e-01,-1.472637308521853976e-02,-4.256957210216604226e-01,-1.945188370922747485e-10,-1.159826978994406010e+00,-3.805063769419325670e-01,-1.789030189735446728e-12,5.191691745285421933e-03,-3.790775218527927398e-02,-2.299530131087883828e-10,4.309944427135587591e-02,5.595226202056587466e-10,-9.544654404004121067e-09,1.609740804760105472e-04,1.587125035112169069e-02,2.864588804462810590e-09,-1.571027821276438016e-02,-1.455085209092784029e-08
3.594429283627652794e+00,3.805063771319655563e-01,-1.471144350093357873e-02,-4.258046607308329512e-01,-1.951679506231970227e-10,-1.159703109699977031e+00,-3.805063769403841389e-01,-2.872701875048917413e-11,5.192137609721679710e-03,-3.786205034875181341e-02,-2.214206200302289460e-10,4.305418829311137563e-02,5.173640327866926147e-10,-9.191600534227344639e-09,1.491304121359069215e-04,1.591530346014538230e-02,3.069633993590489601e-09,-1.576617538520819553e-02,-1.477100808578297019e-08
3.597304827054554899e+00,3.805063771318454302e-01,-1.469651268354074149e-02,-4.259134688404223601e-01,-1.957916830838831958e-10,-1.159579370772042761e+00,-3.805063769389577799e-01,-5.465260182203836245e-11,5.192549387446648845e-03,-3.781622200725216071e-02,-2.123006249358301701e-10,4.300877172205103127e-02,4.745750568980474181e-10,-8.840506604830535695e-09,1.372660957138728457e-04,1.595923713768065272e-02,3.273277501887273904e-09,-1.582197377165674851e-02,-1.498929962347239036e-08
3.600180370481457004e+00,3.805063771316522514e-01,-1.468158073114299821e-02,-4.260221449871520738e-01,-1.963883505998302253e-10,-1.159455762671985912e+00,-3.805063769376554328e-01,-7.957142545811169189e-11,5.192927019334798479e-03,-3.777026750456637799e-02,-2.025970641889974981e-10,4.296319484284286117e-02,4.311610598823951361e-10,-8.491379665397597339e-09,1.253813044948611129e-04,1.600305113649451438e-02,3.475515328214285067e-09,-1.587767295158435538e-02,-1.520572253504525351e-08
3.603055913908359109e+00,3.805063771313887400e-01,-1.466664774201256911e-02,-4.261306888087353917e-01,-1.969562809197219692e-10,-1.159332285860368739e+00,-3.805063769364787074e-01,-1.034891558374724515e-10,5.193270446760144335e-03,-3.772418718519032071e-02,-1.923139855591133214e-10,4.291745794136418019e-02,3.871274209438494962e-10,-8.144226663652619605e-09,1.134762126276840644e-04,1.604674521012385002e-02,3.676343540608415944e-09,-1.593327250437145612e-02,-1.542027273949692234e-08
3.605931457335261214e+00,3.805063771310580045e-01,-1.465171381458959567e-02,-4.262390999438769312e-01,-1.974938134479377714e-10,-1.159208940796929266e+00,-3.805063769354296022e-01,-1.264114789706972951e-10,5.193579611598716367e-03,-3.767798139432766008e-02,-1.814554480225980528e-10,4.287156130470221038e-02,3.424795308952736711e-10,-7.799054445350741246e-09,1.015509951224030476e-04,1.609031911287281402e-02,3.875758276341183751e-09,-1.598877200930466300e-02,-1.563294624382596560e-08
3.608807000762163320e+00,3.805063771306627096e-01,-1.463677904748054807e-02,-4.263473780322755147e-01,-1.979992992764971693e-10,-1.159085727940579069e+00,-3.805063769345097269e-01,-1.483441004070109278e-10,5.193854456231015992e-03,-3.763165047788711443e-02,-1.700255215636426523e-10,4.282550522115369240e-02,2.972227919047446125e-10,-7.455869754168131408e-09,8.960582784756868785e-05,1.613377259981027892e-02,4.073755741977540535e-09,-1.604417104557693749e-02,-1.584373914309038650e-08
3.611682544189065425e+00,3.805063771302057973e-01,-1.462184353945696069e-02,-4.264555227146248351e-01,-1.984711012164205076e-10,-1.158962647749399055e+00,-3.805063769337208024e-01,-1.692927449403367992e-10,5.194094923544498484e-03,-3.758519478248097123e-02,-1.580282869750114125e-10,4.277928998022589163e-02,2.513626172428076019e-10,-7.114679231604046481e-09,7.764088752751753877e-05,1.617710542676778843e-02,4.270332213427473531e-09,-1.609946919228824255e-02,-1.605264762045578451e-08
3.614558087615967974e+00,3.805063771296899877e-01,-1.460690738945377883e-02,-4.265635336326170646e-01,-1.989075938285288018e-10,-1.158839700680634799e+00,-3.805063769330646606e-01,-1.892631563156059164e-10,5.194300956936026732e-03,-3.753861465542232545e-02,-1.454678356584220030e-10,4.273291587263635533e-02,2.049044310284962850e-10,-6.775489416879038077e-09,6.565635173959132043e-05,1.622031735033673330e-02,4.465484035999307442e-09,-1.615466602844553914e-02,-1.625966794724467516e-08
3.617433631042869635e+00,3.805063771291182784e-01,-1.459197069656801779e-02,-4.266714104289436871e-01,-1.993071634536594053e-10,-1.158716887190695433e+00,-3.805063769325429668e-01,-2.082610969343495892e-10,5.194472500314308537e-03,-3.749191044472313661e-02,-1.323482694250093437e-10,4.268638319031331507e-02,1.578536679761267669e-10,-6.438306746844627394e-09,5.365239891137393857e-05,1.626340812786583948e-02,4.659207624445915703e-09,-1.620976113296298746e-02,-1.646479648297755789e-08
3.620309174469772184e+00,3.805063771284932228e-01,-1.457703356005723809e-02,-4.267791527472979407e-01,-1.996682082423130155e-10,-1.158594207735147874e+00,-3.805063769321573308e-01,-2.262923475602691704e-10,5.194609498102383330e-03,-3.744508249909226510e-02,-1.186737002955348622e-10,4.263969222639625578e-02,1.102157731414855388e-10,-6.103137555894024297e-09,4.162920831786778852e-05,1.630637751745879493e-02,4.851499463010092176e-09,-1.626475408466242570e-02,-1.666802967541279278e-08
3.623184717896673845e+00,3.805063771278178186e-01,-1.456209607933807611e-02,-4.268867602323769828e-01,-1.999891381837239798e-10,-1.158471662768715049e+00,-3.805063769319096401e-01,-2.433627070244585600e-10,5.194711895239943235e-03,-3.739813116793255787e-02,-1.044482503005212917e-10,4.259284327523538832e-02,6.199620166811268548e-11,-5.769988075878658185e-09,2.958696007860804264e-05,1.634922527797140479e-02,5.042356105465675250e-09,-1.631964446227342561e-02,-1.686936406058074659e-08
3.626060261323576395e+00,3.805063771270945638e-01,-1.454715835398473489e-02,-4.269942325298834995e-01,-2.002683751343570301e-10,-1.158349252745271230e+00,-3.805063769318013933e-01,-2.594779919304750004e-10,5.194779637185926481e-03,-3.735105680133983530e-02,-8.967605128022680251e-11,4.254583663239306507e-02,1.320041853331441761e-11,-5.438864436028648703e-09,1.752583515485153093e-05,1.639195116900938123e-02,5.231774175156804188e-09,-1.637443184443384062e-02,-1.706879626281642996e-08
3.628935804750478056e+00,3.805063771263263450e-01,-1.453222048372753566e-02,-4.271015692865278712e-01,-2.005043528458267474e-10,-1.158226978117839590e+00,-3.805063769318343114e-01,-2.746440363590626358e-10,5.194812669920768206e-03,-3.730385975009969241e-02,-7.436124468459891824e-11,4.249867259464298885e-02,-3.616610170559777488e-11,-5.109772662879341355e-09,5.446015346606894458e-06,1.643455495092539451e-02,5.419750365032218992e-09,-1.642911580968988913e-02,-1.726632299478495806e-08
3.631811348177380605e+00,3.805063771255159377e-01,-1.451728256845136004e-02,-4.272087701500303369e-01,-2.006955169922440760e-10,-1.158104839338587766e+00,-3.805063769320098932e-01,-2.888666915728314044e-10,5.194810939948907129e-03,-3.725654036568584043e-02,-5.850798137300501692e-11,4.245135145997101095e-02,-8.609787516558292103e-11,-4.782718680200028522e-09,-6.652316710260668120e-06,1.647703638481646735e-02,5.606281437678714071e-09,-1.648369593649640433e-02,-1.746194105750658766e-08
3.634686891604282266e+00,3.805063771246660065e-01,-1.450234470819415471e-02,-4.273158347691225489e-01,-2.008403251969848701e-10,-1.157982836858824749e+00,-3.805063769323299705e-01,-3.021518257206010774e-10,5.194774394301155188e-03,-3.720909900025796274e-02,-4.212042141398941743e-11,4.240387352757528372e-02,-1.365894088918079860e-10,-4.457708308929702345e-09,-1.876897754700228294e-05,1.651939523252140760e-02,5.791364225349682589e-09,-1.653817180321724006e-02,-1.765564734037543130e-08
3.637562435031184815e+00,3.805063771237791603e-01,-1.448740700314542912e-02,-4.274227627935501261e-01,-2.009372470588834208e-10,-1.157860971128997996e+00,-3.805063769327959311e-01,-3.145053235416453642e-10,5.194702980537099259e-03,-3.716153600665951517e-02,-2.520273388487919557e-11,4.235623909786658675e-02,-1.876352011118803911e-10,-4.134747267115892989e-09,-3.090378286499731453e-05,1.656163125661815408e-02,5.974995629991587902e-09,-1.659254298812566294e-02,-1.784743882117549465e-08
3.640437978458086477e+00,3.805063771228581748e-01,-1.447246955364473939e-02,-4.275295538740740420e-01,-2.009847641778491541e-10,-1.157739242598688545e+00,-3.805063769334095514e-01,-3.259330860697082844e-10,5.194596646747467322e-03,-3.711385173841564439e-02,-7.759096671388405476e-12,4.230844847246851420e-02,-2.392297414899039053e-10,-3.813841169859470881e-09,-4.305654753872191140e-05,1.660374422042073736e-02,6.157172623266491814e-09,-1.664680906940423435e-02,-1.803731256609188315e-08
3.643313521884989026e+00,3.805063771219056035e-01,-1.445753246018010273e-02,-4.276362076624730668e-01,-2.009813701799076888e-10,-1.157617651716608798e+00,-3.805063769341723856e-01,-3.364410303369570021e-10,5.194455341556489421e-03,-3.706604654973077312e-02,1.020630373296941746e-11,4.226050195421747480e-02,-2.913675113809472928e-10,-3.494995529261631050e-09,-5.522708561889492704e-05,1.664573388797692052e-02,6.337892246572887959e-09,-1.670096962514564312e-02,-1.822526572971958337e-08
3.646189065311890687e+00,3.805063771209241108e-01,-1.444259582338658539e-02,-4.277427238115448782e-01,-2.009255707416644187e-10,-1.157496198930598519e+00,-3.805063769350857661e-01,-3.460350890776382709e-10,5.194279014124313261e-03,-3.701812079548726098e-02,2.868927242725979521e-11,4.221239984716374655e-02,-3.440429840847744312e-10,-3.178215754380290371e-09,-6.741521033542911823e-05,1.668760002406521545e-02,6.517151611060907025e-09,-1.675502423335263613e-02,-1.841129555506595447e-08
3.649064608738793236e+00,3.805063771199163614e-01,-1.442765974404455233e-02,-4.278491019751093916e-01,-2.008158836141916014e-10,-1.157374884687621730e+00,-3.805063769361514692e-01,-3.547212104318533730e-10,5.194067614149314865e-03,-3.697007483124233745e-02,4.768560630399927517e-11,4.216414245657072041e-02,-3.972506251008662395e-10,-2.863507151183088400e-09,-7.962073410065773071e-05,1.672934239419201358e-02,6.694947897648693281e-09,-1.680897247193839997e-02,-1.859539937355345128e-08
3.651940152165694897e+00,3.805063771188849642e-01,-1.441272432307831933e-02,-4.279553418080094818e-01,-2.006508386463389803e-10,-1.157253709433762490e+00,-3.805063769373708826e-01,-3.625053576489290314e-10,5.193821091870456062e-03,-3.692190901322674190e-02,6.719109424952683920e-11,4.211573008891586478e-02,-4.509848923819064806e-10,-2.550874922514391143e-09,-9.184346851239628615e-05,1.677096076458892138e-02,6.871278357030551479e-09,-1.686281391872693214e-02,-1.877757460501328148e-08
3.654815695592597447e+00,3.805063771178324172e-01,-1.439778966155450673e-02,-4.280614429661133147e-01,-2.004289778074671121e-10,-1.157132673614221785e+00,-3.805063769387456718e-01,-3.693935087908912032e-10,5.193539398069628096e-03,-3.687362369834235043e-02,8.720151734477082780e-11,4.206716305189078103e-02,-5.052402365883079757e-10,-2.240324168060439865e-09,-1.040832243571362080e-04,1.681245490220986336e-02,7.046140309685609086e-09,-1.691654815145337415e-02,-1.895781875767894697e-08
3.657691239019499108e+00,3.805063771167614406e-01,-1.438285586068046608e-02,-4.281674051063162345e-01,-2.001488552096033988e-10,-1.157011777673314867e+00,-3.805063769402771134e-01,-3.753916564357951507e-10,5.193222484073978761e-03,-3.682521924416014975e-02,1.077126490659477172e-10,4.201844165440141859e-02,-5.600111013424669351e-10,-1.931859884320705002e-09,-1.163398116132202328e-04,1.685382457472806711e-02,7.219531145882551897e-09,-1.697017474776413987e-02,-1.913612942817506701e-08
3.660566782446401657e+00,3.805063771156743657e-01,-1.436792302180269106e-02,-4.282732278865433728e-01,-1.998090371290205422e-10,-1.156891022054465257e+00,-3.805063769419667619e-01,-3.805058073809656593e-10,5.192870301758221313e-03,-3.677669600891797508e-02,1.287202554852566087e-10,4.196956620656817211e-02,-6.152919234829245407e-10,-1.625486964584086311e-09,-1.286130394541140989e-04,1.689506955053338491e-02,7.391448325681007079e-09,-1.702369328521752267e-02,-1.931250430150189672e-08
3.663442325873303762e+00,3.805063771145738571e-01,-1.435299124640531873e-02,-4.283789109657502037e-01,-1.994081020272405464e-10,-1.156770407200205408e+00,-3.805063769438162269e-01,-3.847419823461599656e-10,5.192482803546957272e-03,-3.672805435151887954e-02,1.502200954714628435e-10,4.192053701972654756e-02,-6.710771333182071698e-10,-1.321210198911301162e-09,-1.409027162515706817e-04,1.693618959872912264e-02,7.561889378929133593e-09,-1.707710334128369548e-02,-1.948694115101548133e-08
3.666317869300205867e+00,3.805063771134625239e-01,-1.433806063610849023e-02,-4.284844540039254857e-01,-1.989446405714586341e-10,-1.156649933552168275e+00,-3.805063769458266743e-01,-3.881062156767315137e-10,5.192059942416979261e-03,-3.667929463152878183e-02,1.722079208906586922e-10,4.187135440642713452e-02,-7.273611548810930298e-10,-1.019034274119070705e-09,-1.532086495789754081e-04,1.697718448912929196e-02,7.730851905259588863e-09,-1.713040449334529355e-02,-1.965943783840526939e-08
3.669193412727107972e+00,3.805063771123427530e-01,-1.432313129266674957e-02,-4.285898566620929273e-01,-1.984172556543906962e-10,-1.156529601551088415e+00,-3.805063769479997693e-01,-3.906045550467272258e-10,5.191601671899538292e-03,-3.663041720917439847e-02,1.946794768069203499e-10,4.182201868043577270e-02,-7.841384061825781128e-10,-7.189637737702264791e-10,-1.655306462146426648e-04,1.701805399225552948e-02,7.898333574081643262e-09,-1.718359631869762275e-02,-1.982999231366711359e-08
3.672068956154010078e+00,3.805063771112169313e-01,-1.430820331796747030e-02,-4.286951186023130189e-01,-1.978245624135455659e-10,-1.156409411636794671e+00,-3.805063769503367888e-01,-3.922430611619656963e-10,5.191107946082661358e-03,-3.658142244534142579e-02,2.176305016829079067e-10,4.177253015673408620e-02,-8.414032994656800232e-10,-4.210031781688734775e-10,-1.778685121451269516e-04,1.705879787933411995e-02,8.064332124570149661e-09,-1.723667839454903761e-02,-1.999860261507243678e-08
3.674944499580912183e+00,3.805063771100876679e-01,-1.429327681402925085e-02,-4.288002394876849199e-01,-1.971651882499187058e-10,-1.156289364248209495e+00,-3.805063769528392315e-01,-3.930278074631067525e-10,5.190578719613378814e-03,-3.653231070157223620e-02,2.410567275804683306e-10,4.172288915151938643e-02,-8.991502414592505937e-10,-1.251568643595099711e-10,-1.902220525685886787e-04,1.709941592229274887e-02,8.228845365651509478e-09,-1.728965029802100734e-02,-2.016526686913339111e-08
3.677820043007814288e+00,3.805063771089574054e-01,-1.427835188300030818e-02,-4.289052189823481243e-01,-1.964377728461103845e-10,-1.156169459823344070e+00,-3.805063769555083741e-01,-3.929648798287374035e-10,5.190013947700040237e-03,-3.648308234006429618e-02,2.649538803611643397e-10,4.167309598220542144e-02,-9.573736336316165514e-10,1.685708938688369477e-10,-2.025910718982310878e-04,1.713990789375816060e-02,8.391871175986682393e-09,-1.734251160614923987e-02,-2.032998329056465883e-08
3.680695586434716393e+00,3.805063771078285861e-01,-1.426342862715680032e-02,-4.290100567514851249e-01,-1.956409681838634825e-10,-1.156049698799294756e+00,-3.805063769583456046e-01,-3.920603762784571685e-10,5.189413586114527931e-03,-3.643373772366765434e-02,2.893176798868748771e-10,4.162315096742204290e-02,-1.016067872444396063e-09,4.601759259754181000e-10,-2.149753737656317880e-04,1.718027356705198114e-02,8.553407503951661574e-09,-1.739526189588283187e-02,-2.049275018224159697e-08
3.683571129861618054e+00,3.805063771067034861e-01,-1.424850714890134838e-02,-4.291147524613219688e-01,-1.947734385610348084e-10,-1.155930081612241089e+00,-3.805063769613522551e-01,-3.903204066760129333e-10,5.188777591194499925e-03,-3.638427721588338715e-02,3.141438402200009435e-10,4.157305442701592080e-02,-1.075227349605391008e-09,7.496541646519864379e-10,-2.273747610242538367e-04,1.722051271618853935e-02,8.713452367612777375e-09,-1.744790074408558017e-02,-2.065356593515243619e-08
3.686446673288520604e+00,3.805063771055846034e-01,-1.423358755076118212e-02,-4.292193057791319211e-01,-1.938338606079721375e-10,-1.155810608697439346e+00,-3.805063769645298244e-01,-3.877510924324522625e-10,5.188105919845627766e-03,-3.633470118086103845e-02,3.394280698241804037e-10,4.152280668205023811e-02,-1.134846452322732435e-09,1.037001645809323049e-09,-2.397890357529364365e-04,1.726062511587127257e-02,8.872003854702819936e-09,-1.750042772753591935e-02,-2.081242902835083045e-08
3.689322216715422265e+00,3.805063771044742138e-01,-1.421866993538672616e-02,-4.293237163732352979e-01,-1.928209233033378928e-10,-1.155691280489221651e+00,-3.805063769678793673e-01,-3.843585662093721994e-10,5.187398529543865537e-03,-3.628500998339755090e-02,3.651660717642165075e-10,4.147240805480586351e-02,-1.194919563557190910e-09,1.322214508550862655e-09,-2.522179992593257848e-04,1.730061054148989905e-02,9.029060122589533534e-09,-1.755284242292750457e-02,-2.096933802889986674e-08
3.692197760142324814e+00,3.805063771033748710e-01,-1.420375440554984270e-02,-4.294279839130029641e-01,-1.917333279893389103e-10,-1.155572097420992428e+00,-3.805063769714022714e-01,-3.801489716222012058e-10,5.186655378337560150e-03,-3.623520398893430999e-02,3.913535439064640465e-10,4.142185886878049783e-02,-1.255441062275624660e-09,1.605288995148225716e-09,-2.646614520834520735e-04,1.734046876911677151e-02,9.184619398244287939e-09,-1.760514440686911444e-02,-2.112429159181508894e-08
3.695073303569226475e+00,3.805063771022886843e-01,-1.418884106414218006e-02,-4.295321080688572768e-01,-1.905697883863876459e-10,-1.155453059925223069e+00,-3.805063769750998692e-01,-3.751284629435807239e-10,5.185876424849752454e-03,-3.618528356355581871e-02,4.179861791189165902e-10,4.137115944868965250e-02,-1.316405323703777338e-09,1.886221451009699848e-09,-2.771191940012895753e-04,1.738019957550414676e-02,9.338679978206817363e-09,-1.765733325588551145e-02,-2.127728846000350478e-08
3.697948846996129024e+00,3.805063771012182627e-01,-1.417393001417355768e-02,-4.296360885122743056e-01,-1.893290306071895274e-10,-1.155334168433449493e+00,-3.805063769789734929e-01,-3.693032048068478104e-10,5.185061628280311814e-03,-3.613524907398749791e-02,4.450596654711474651e-10,4.132031012046666341e-02,-1.377806719578802207e-09,2.165008324643808207e-09,-2.895910240283119594e-04,1.741980273808063986e-02,9.491240228546359511e-09,-1.770940854641748011e-02,-2.142832746419770589e-08
3.700824390423030685e+00,3.805063771001656048e-01,-1.415902135877028858e-02,-4.297399249157856094e-01,-1.880097931702531398e-10,-1.155215423376269479e+00,-3.805063769830241971e-01,-3.626793719096279405e-10,5.184210948408170434e-03,-3.608510088759407652e-02,4.725696864342026544e-10,4.126931121126316271e-02,-1.439639618401749297e-09,2.441646167619050604e-09,-3.020767404231035520e-04,1.745927803494818839e-02,9.642298584820412359e-09,-1.776136985482231617e-02,-2.157740752288716221e-08
3.703699933849933235e+00,3.805063770991332084e-01,-1.414411520117350371e-02,-4.298436169529798456e-01,-1.866108270128257794e-10,-1.155096825183337783e+00,-3.805063769872533697e-01,-3.552631487175307438e-10,5.183324345593420639e-03,-3.603483937237709350e-02,5.005119210803585055e-10,4.121816304944880133e-02,-1.501898385689820961e-09,2.716131634518992976e-09,-3.145761406910510451e-04,1.749862524487869400e-02,9.791853552030011804e-09,-1.781321675737425683e-02,-2.172452764224481130e-08
3.706575477276834896e+00,3.805063770981232385e-01,-1.412921164473746223e-02,-4.299471642985049913e-01,-1.851308955032530054e-10,-1.154978374283362808e+00,-3.805063769916621208e-01,-3.470607291679941162e-10,5.182401780779519705e-03,-3.598446489697323253e-02,5.288820442827928929e-10,4.116686596461175546e-02,-1.564577384228508932e-09,2.988461482893178564e-09,-3.270890215879449989e-04,1.753784414731049054e-02,9.939903704572555903e-09,-1.786494883026447378e-02,-2.186968691605093131e-08
3.709451020703737445e+00,3.805063770971379711e-01,-1.411431079292791747e-02,-4.300505666280699524e-01,-1.835687744527715213e-10,-1.154860071104104158e+00,-3.805063769962517828e-01,-3.380783163743032801e-10,5.181443215495464341e-03,-3.593397783065278156e-02,5.576757269149622680e-10,4.111542028755934414e-02,-1.627670974323176137e-09,3.258632573202084412e-09,-3.396151791237107982e-04,1.757693452234559972e-02,1.008644768619075459e-08,-1.791656564960210710e-02,-2.201288452561227245e-08
3.712326564130639550e+00,3.805063770961796266e-01,-1.409941274932039780e-02,-4.301538236184462294e-01,-1.819232521267202379e-10,-1.154741916072367980e+00,-3.805063770010234103e-01,-3.283221223297219798e-10,5.180448611857873219e-03,-3.588337854331712790e-02,5.868886360500040921e-10,4.106382635031759903e-02,-1.691173514050779338e-09,3.526641868759201361e-09,-3.521544085661144560e-04,1.761589615074577245e-02,1.023148420991920208e-08,-1.796806679141398772e-02,-2.215411973967763167e-08
3.715202107557541655e+00,3.805063770952504809e-01,-1.408451761759850138e-02,-4.302569349474701932e-01,-1.801931292551815131e-10,-1.154623909614004296e+00,-3.805063770059782802e-01,-3.177983676118321256e-10,5.179417932573164053e-03,-3.583266740549730101e-02,6.165164351599093131e-10,4.101208448613200691e-02,-1.755079359511191416e-09,3.792486435667902790e-09,-3.647065044445122178e-04,1.765472881392948779e-02,1.037501205802785895e-08,-1.801945183164539027e-02,-2.229339191435020127e-08
3.718077650984443761e+00,3.805063770943526436e-01,-1.406962550155223604e-02,-4.303599002940441953e-01,-1.783772190430536516e-10,-1.154506052153902118e+00,-3.805063770111173915e-01,-3.065132810870623465e-10,5.178351140939627464e-03,-3.578184478835175902e-02,6.465547843144709870e-10,4.096019502946740554e-02,-1.819382865078140259e-09,4.056163442753292384e-09,-3.772712605536214167e-04,1.769343229396829267e-02,1.051703008196198056e-08,-1.807072034616017189e-02,-2.243070049299496437e-08
3.720953194411345866e+00,3.805063770934883904e-01,-1.405473650507628978e-02,-4.304627193381391770e-01,-1.764743471795448974e-10,-1.154388344115988563e+00,-3.805063770164420767e-01,-2.944730996154013643e-10,5.177248200849583239e-03,-3.573091106366490383e-02,6.769993403801664146e-10,4.090815831600855962e-02,-1.884078383650117045e-09,4.317670161490520662e-09,-3.898484699573253730e-04,1.773200637358371759e-02,1.065753720227985362e-08,-1.812187191074144874e-02,-2.256604500614377430e-08
3.723828737838247971e+00,3.805063770926598865e-01,-1.403985073216833246e-02,-4.305653917607956682e-01,-1.744833518471023564e-10,-1.154270785923222631e+00,-3.805063770219532793e-01,-2.816840677553423598e-10,5.176109076791442047e-03,-3.567986660384494385e-02,7.078457572187495579e-10,4.085597468266014692e-02,-1.949160266900775600e-09,4.577003965927665269e-09,-4.024379249925049643e-04,1.777045083614363363e-02,1.079653240858671759e-08,-1.817290610109179375e-02,-2.269942507139533853e-08
3.726704281265150520e+00,3.805063770918687416e-01,-1.402496828933192524e-02,-4.306679172464935590e-01,-1.724042688415230993e-10,-1.154153377997628294e+00,-3.805063770276496671e-01,-2.686021547826658083e-10,5.174931103454684725e-03,-3.562871437143994013e-02,7.377933266547453658e-10,4.080364442872535385e-02,-2.011818251585850454e-09,4.506410173046798692e-09,-4.169564400539414305e-04,1.780687823544483545e-02,9.989233394274528041e-09,-1.822385078585481849e-02,-2.078684909297502901e-08
3.729579824692052181e+00,3.805063770911149001e-01,-1.401008929420170281e-02,-4.307702954916464155e-01,-1.702425832223253107e-10,-1.154036120760418394e+00,-3.805063770335179174e-01,-2.557679185499130698e-10,5.173711121411914485e-03,-3.557745781664668067e-02,7.652975225942379061e-10,4.075116784742622428e-02,-2.068714590456381971e-09,4.420150732511469675e-09,-4.315656733485232800e-04,1.784309792229390318e-02,9.141540628862703136e-09,-1.827467841187747910e-02,-1.878819300962122345e-08
3.732455368118954731e+00,3.805063770903975295e-01,-1.399521386757733750e-02,-4.308725261967623066e-01,-1.680053042019740862e-10,-1.153919014631873630e+00,-3.805063770395414879e-01,-2.431810013553871223e-10,5.172449135693710578e-03,-3.552609727559483122e-02,7.903730842889183455e-10,4.069854527990074411e-02,-2.119884940307877872e-09,4.334394838762374449e-09,-4.461708278549081797e-04,1.787920279919139391e-02,8.300069460091991929e-09,-1.832538715862644038e-02,-1.680430861240223182e-08
3.735330911545856392e+00,3.805063770897160746e-01,-1.398034213022505100e-02,-4.309746090632993187e-01,-1.656993896892023723e-10,-1.153802060031291710e+00,-3.805063770457040584e-01,-2.308399537027184614e-10,5.171145158359021464e-03,-3.547463307870595689e-02,8.130379147920499309e-10,4.064577706860222212e-02,-2.165371807236035889e-09,4.249143548759441631e-09,-4.607716738942127955e-04,1.791519267090474488e-02,7.464828589190181374e-09,-1.837597660120359952e-02,-1.483521628079708112e-08
3.738206454972758941e+00,3.805063770890697583e-01,-1.396547420287540080e-02,-4.310765437936663336e-01,-1.633317460761667193e-10,-1.153685257376984019e+00,-3.805063770519893640e-01,-2.187433230925171767e-10,5.169799202127220439e-03,-3.542306555696325687e-02,8.333099417483828453e-10,4.059286355720592709e-02,-2.205217754920675849e-09,4.164397894185388855e-09,-4.753679818252265661e-04,1.795106734209654664e-02,6.635826418813649711e-09,-1.842644631464318214e-02,-1.288093568628006706e-08
3.741081998399660602e+00,3.805063770884578589e-01,-1.395061020622146916e-02,-4.311783300912247485e-01,-1.609092281689813768e-10,-1.153568607086271181e+00,-3.805063770583811400e-01,-2.068896540951054687e-10,5.168411280377944311e-03,-3.537139504191177258e-02,8.512071165358365528e-10,4.053980509060924747e-02,-2.239465402590453094e-09,4.080158881462148104e-09,-4.899595220476794886e-04,1.798682661732152466e-02,5.813071053313233056e-09,-1.847679587391208925e-02,-1.094148579295600239e-08
3.743957541826563151e+00,3.805063770878796547e-01,-1.393575026091686646e-02,-4.312799676602904753e-01,-1.584386391206922887e-10,-1.153452109575481499e+00,-3.805063770648633992e-01,-1.952774884230665849e-10,5.166981407151022276e-03,-3.531962186565878320e-02,8.667474134082191172e-10,4.048660201493194111e-02,-2.268157422989960375e-09,3.996427491767636794e-09,-5.045460650056098669e-04,1.802247030102423209e-02,4.996570299003895392e-09,-1.852702485391086867e-02,-9.016884858204527685e-09
3.746833085253464812e+00,3.805063770873345907e-01,-1.392089448757397388e-02,-4.313814562061343283e-01,-1.559267303667464582e-10,-1.153335765259945189e+00,-3.805063770714202098e-01,-1.839053650038928100e-10,5.165509597146298974e-03,-3.526774636087420117e-02,8.799488286385022832e-10,4.043325467751636426e-02,-2.291336540348264092e-09,3.913204681054544701e-09,-5.191273811905071974e-04,1.805799819753551097e-02,4.186331664457926863e-09,-1.857713282947335426e-02,-7.107150433380126192e-09
3.749708628680367362e+00,3.805063770868217787e-01,-1.390604300676183576e-02,-4.314827954349856887e-01,-1.533802015628761903e-10,-1.153219574553991933e+00,-3.805063770780358068e-01,-1.727718200523609775e-10,5.163995865723483569e-03,-3.521576886079028079e-02,8.908293796632369290e-10,4.037976342692707610e-02,-2.309045528350001889e-09,3.830491380068742865e-09,-5.337032411447202498e-04,1.809341011106979299e-02,3.382362360795788756e-09,-1.862711937536738402e-02,-5.212299364506739634e-09
3.752584172107269023e+00,3.805063770863407191e-01,-1.389119593900445607e-02,-4.315839850540322264e-01,-1.508057005255001076e-10,-1.153103537870948436e+00,-3.805063770846945914e-01,-1.618753871431170258e-10,5.162440228902076891e-03,-3.516368969920301291e-02,8.994071042275299679e-10,4.032612861295211543e-02,-2.321327208108014255e-09,3.748288494370808484e-09,-5.482734154646212027e-04,1.812870584572274374e-02,2.584669302008691188e-09,-1.867698406629560506e-02,-3.332347793047300966e-09
3.755459715534171572e+00,3.805063770858906347e-01,-1.387635340477881042e-02,-4.316850247714225097e-01,-1.482098231745391991e-10,-1.152987655623132435e+00,-3.805063770913808541e-01,-1.512145972830011298e-10,5.160842703361111228e-03,-3.511150921047149348e-02,9.057000595311555215e-10,4.027235058660215417e-02,-2.328224446138542873e-09,3.666596904357013382e-09,-5.628376748038823197e-04,1.816388520546763710e-02,1.793259105280314049e-09,-1.872672647689511624e-02,-1.467311156671557740e-09
3.758335258961073233e+00,3.805063770854708594e-01,-1.386151552451294136e-02,-4.317859142962673369e-01,-1.455991134786988734e-10,-1.152871928221851361e+00,-3.805063770980792182e-01,-1.407879789833732455e-10,5.159203306439057515e-03,-3.505922772951886035e-02,9.097263213755636870e-10,4.021842970011128143e-02,-2.329780152338611893e-09,3.585417465282088431e-09,-5.773957898767257367e-04,1.819894799415298567e-02,1.008138091325720472e-09,-1.877634618173835632e-02,3.827958099355476477e-10
3.761210802387975782e+00,3.805063770850807270e-01,-1.384668241858413862e-02,-4.318866533386413464e-01,-1.429800634032178470e-10,-1.152756356077398348e+00,-3.805063771047745291e-01,-1.305940583324261958e-10,5.157522056133585948e-03,-3.500684559183239036e-02,9.115039833118462490e-10,4.016436630693691334e-02,-2.326037277965730689e-09,3.504751007283359858e-09,-5.919475314611936326e-04,1.823389401549984148e-02,2.293122847475636073e-10,-1.882584275533366602e-02,2.217959074224438948e-09
3.764086345814877443e+00,3.805063770847195159e-01,-1.383185420731694072e-02,-4.319872416095846823e-01,-1.403591128600339243e-10,-1.152640939599047121e+00,-3.805063771114514104e-01,-1.206313590673079874e-10,5.155798971101461028e-03,-3.495436313346416551e-02,9.110511557898108139e-10,4.011016076176034117e-02,-2.317038813620158812e-09,3.424598335405215174e-09,-6.064926704022991378e-04,1.826872307309848620e-02,-5.432125856040802466e-10,-1.887521577212514581e-02,4.038165304922853824e-09
3.766961889241779993e+00,3.805063770843867266e-01,-1.381703101098128404e-02,-4.320876788211050479e-01,-1.377426496604209283e-10,-1.152525679195051111e+00,-3.805063771180949850e-01,-1.108984026462683492e-10,5.154034070658235385e-03,-3.490178069103085784e-02,9.083859653080342218e-10,4.005581342048621096e-02,-2.302827787229566033e-09,3.344960229625207760e-09,-6.210309776153648091e-04,1.830343497040598857e-02,-1.309431086251468918e-09,-1.892446480649353363e-02,5.843401871129392043e-09
3.769837432668681654e+00,3.805063770840815818e-01,-1.380221294979065705e-02,-4.321879646861783164e-01,-1.351370094700684248e-10,-1.152410575272637461e+00,-3.805063771246902649e-01,-1.013937083207319217e-10,5.152227374778111865e-03,-3.484909860171469392e-02,9.035265535650911762e-10,4.000132464024334228e-02,-2.283447262036508126e-09,3.265837444881486584e-09,-6.355622240891481683e-04,1.833802951074326587e-02,-2.069338078695878977e-09,-1.897358943275640961e-02,7.633656841376148817e-09
3.772712976095584203e+00,3.805063770838034154e-01,-1.378740014390015221e-02,-4.322880989187511402e-01,-1.325484757665830175e-10,-1.152295628238005465e+00,-3.805063771312223730e-01,-9.211579320722445557e-11,5.150378904093750113e-03,-3.479631720326383654e-02,8.964910766119052541e-10,3.994669477938492252e-02,-2.258940334588516110e-09,3.187230711100742914e-09,-6.500861808890763104e-04,1.837250649729239849e-02,-2.822928719016753956e-09,-1.902258922516873035e-02,9.408918982673458718e-09
3.775588519522486308e+00,3.805063770835516168e-01,-1.377259271340457170e-02,-4.323880812337419499e-01,-1.299832797994364442e-10,-1.152180838496321691e+00,-3.805063771376767101e-01,-8.306317235925815389e-11,5.148488679895979470e-03,-3.474343683399241239e-02,8.872977040052605531e-10,3.989192419748829183e-02,-2.229350132730992130e-09,3.109140733227485066e-09,-6.646026191604813803e-04,1.840686573309372256e-02,-3.570198457454627635e-09,-1.907146375792317244e-02,1.116917775951608284e-08
3.778464062949388413e+00,3.805063770833254089e-01,-1.375779077833657639e-02,-4.324879113470428971e-01,-1.274476005523482456e-10,-1.152066206451717756e+00,-3.805063771440387876e-01,-7.423435883913884642e-11,5.146556724133606424e-03,-3.469045783278130318e-02,8.759646179625627962e-10,3.983701325535542875e-02,-2.194719813603079870e-09,3.031568191254579157e-09,-6.791113101317709962e-04,1.844110702104321056e-02,-4.311143037980809898e-09,-1.912021260515068058e-02,1.291442333285813184e-08
3.781339606376290519e+00,3.805063770831244030e-01,-1.374299445866472742e-02,-4.325875889755215753e-01,-1.249475647080851463e-10,-1.151951732507284554e+00,-3.805063771502939507e-01,-6.562786378964113802e-11,5.144583059413113633e-03,-3.463738053907795822e-02,8.625100125177908520e-10,3.978196231501260338e-02,-2.155092561636344072e-09,2.954513740254415609e-09,-6.936120251176346695e-04,1.847523016388927936e-02,-5.045758497857691646e-09,-1.916883534092046412e-02,1.464464655906559224e-08
3.784215149803192624e+00,3.805063770829478220e-01,-1.372820387429164214e-02,-4.326871138370225744e-01,-1.224892466156996875e-10,-1.151837417065071367e+00,-3.805063771564281550e-01,-5.724219650564393630e-11,5.142567708998510741e-03,-3.458420529289766426e-02,8.469520926788127926e-10,3.972677173971139730e-02,-2.110511586556732316e-09,2.877978010411756911e-09,-7.081045355222222518e-04,1.850923496423069123e-02,-5.774041167182420680e-09,-1.921733153924110038e-02,1.635983898882972708e-08
3.787090693230094729e+00,3.805063770827949998e-01,-1.371341914505212582e-02,-4.327864856503685353e-01,-1.200786682601902503e-10,-1.151723260526080983e+00,-3.805063771624270230e-01,-4.907586450566598105e-11,5.140510696810996968e-03,-3.453093243482355940e-02,8.293090735860277160e-10,3.967144189392843995e-02,-2.061020121389704478e-09,2.801961607057489067e-09,-7.225886128423093715e-04,1.854312122451344177e-02,-6.495987668417652068e-09,-1.926570077406059012e-02,1.805999286604953012e-08
3.789966236656996834e+00,3.805063770826653813e-01,-1.369864039071125132e-02,-4.328857041353625923e-01,-1.177217992345646335e-10,-1.151609263290266139e+00,-3.805063771682765661e-01,-4.112737360325708216e-11,5.138412047428660145e-03,-3.447756230600679261e-02,8.095991796722950743e-10,3.961597314336522818e-02,-2.006661420468378505e-09,2.726465110703057124e-09,-7.370640286704823862e-04,1.857688874702786291e-02,-7.211594915913765730e-09,-1.931394261926661429e-02,1.974510112669403481e-08
3.792841780083898939e+00,3.805063770825583003e-01,-1.368386773096242487e-02,-4.329847690127898718e-01,-1.154245567143201095e-10,-1.151495425756526192e+00,-3.805063771739628509e-01,-3.339522797830030656e-11,5.136271786086290224e-03,-3.442409524816739813e-02,7.878406438242602835e-10,3.956036585494883406e-02,-1.947478757445012214e-09,2.651489077076215093e-09,-7.515305546983068550e-04,1.861053733390615611e-02,-7.920860115417976927e-09,-1.936205664868729387e-02,2.141515739763362228e-08
3.795717323510801489e+00,3.805063770824730351e-01,-1.366910128542559062e-02,-4.330836800044186585e-01,-1.131928054343532079e-10,-1.151381748322703791e+00,-3.805063771794721106e-01,-2.587793024827522616e-11,5.134089938675047080e-03,-3.437053160359485049e-02,7.640517065452820643e-10,3.950462039683214771e-02,-1.883515423306360843e-09,2.577034037158331794e-09,-7.659879627194478725e-04,1.864406678711974172e-02,-8.623780763564427394e-09,-1.941004243609158880e-02,2.307015599542627442e-08
3.798592866937703150e+00,3.805063770824092528e-01,-1.365434117364529298e-02,-4.331824368330023378e-01,-1.110323576682489734e-10,-1.151268231385581098e+00,-3.805063771847905785e-01,-1.857398153932799652e-11,5.131866531742109230e-03,-3.431687171514790496e-02,7.382506151196167883e-10,3.944873713839333607e-02,-1.814814724391945238e-09,2.503100497221949403e-09,-7.804360246328773554e-04,1.867747690847625097e-02,-9.320354647359358048e-09,-1.945789955518955824e-02,2.471009192509194362e-08
3.801468410364605699e+00,3.805063770823660652e-01,-1.363958751508875626e-02,-4.332810392222813389e-01,-1.089489732099792469e-10,-1.151154875340876238e+00,-3.805063771899047098e-01,-1.148188155725705022e-11,5.129601592490456129e-03,-3.426311592625565228e-02,7.104556227781619551e-10,3.939271645023668250e-02,-1.741419980416057666e-09,2.429688938869802393e-09,-7.948745124459612003e-04,1.871076749961697247e-02,-1.001057984365211872e-08,-1.950562757963284974e-02,2.633496087885362363e-08
3.804343953791507360e+00,3.805063770823429725e-01,-1.362484042914410658e-02,-4.333794868969840230e-01,-1.069483593580163504e-10,-1.151041680583240190e+00,-3.805063771948011819e-01,-4.600128658449747435e-12,5.127295148778502135e-03,-3.420926458091797656e-02,6.806849878659867944e-10,3.933655870419269784e-02,-1.663374522494081781e-09,2.356799819075406042e-09,-8.093031982775973979e-04,1.874393836201429520e-02,-1.069445471858681523e-08,-1.955322608301533066e-02,2.794475923483235632e-08
3.807219497218409909e+00,3.805063770823394198e-01,-1.361010003511835612e-02,-4.334777795828290703e-01,-1.050361709018011887e-10,-1.150928647506253233e+00,-3.805063771994665611e-01,2.072780079427094894e-12,5.124947229119758245e-03,-3.415531802370552067e-02,6.489569730109517466e-10,3.928026427331774567e-02,-1.580721691171276351e-09,2.284433570223451800e-09,-8.237218543613999012e-04,1.877698929696877683e-02,-1.137197792705416824e-08,-1.960069463887329985e-02,2.953948405574271492e-08
3.810095040645311570e+00,3.805063770823547409e-01,-1.359536645223563892e-02,-4.335759170065264234e-01,-1.032180101106389951e-10,-1.150815776502420062e+00,-3.805063772038876357e-01,8.538348786718895095e-12,5.122557862682567548e-03,-3.410127659976102538e-02,6.152898442944978461e-10,3.922383353189511784e-02,-1.493504834456867412e-09,2.212590600152739202e-09,-8.381302530487363435e-04,1.880992010560680883e-02,-1.204314841211790484e-08,-1.964803282068618845e-02,3.111913308752811153e-08
3.812970584072214120e+00,3.805063770823883251e-01,-1.358063979963521420e-02,-4.336738988957800078e-01,-1.014994267249444524e-10,-1.150703067963167792e+00,-3.805063772080515272e-01,1.479808273131330804e-11,5.120127079289639449e-03,-3.404714065479873958e-02,5.797018704235609661e-10,3.916726685543396591e-02,-1.401767305860682150e-09,2.141271292198792632e-09,-8.525281668119229651e-04,1.884273058887745225e-02,-1.270796540443947927e-08,-1.969524020187664315e-02,3.268370475799181978e-08
3.815846127499115781e+00,3.805063770824396729e-01,-1.356592019636968308e-02,-4.337717249792880647e-01,-9.988591794989187944e-11,-1.150590522278842842e+00,-3.805063772119450793e-01,2.085348824820242024e-11,5.117654909417844108e-03,-3.399291053510611338e-02,5.422113219046542075e-10,3.911056462067081380e-02,-1.305552462435060805e-09,2.070476005238760677e-09,-8.669153682472521393e-04,1.887542054755035267e-02,-1.336642842168194038e-08,-1.974231635581140398e-02,3.423319817537891600e-08
3.818721670926018330e+00,3.805063770825080072e-01,-1.355120776140306127e-02,-4.338693949867456490e-01,-9.838292845141992280e-11,-1.150478139838705172e+00,-3.805063772155555801e-01,2.670607266923885450e-11,5.115141384197725849e-03,-3.393858658754338870e-02,5.028364702193120340e-10,3.905372720556860716e-02,-1.204903662819918073e-09,2.000205073736442886e-09,-8.812916300781382939e-04,1.890798978221261764e-02,-1.401853726790718994e-08,-1.978926085580136329e-02,3.576761312694229873e-08
3.821597214352919991e+00,3.805063770825929947e-01,-1.353650261360893337e-02,-4.339669086488460170e-01,-9.699585035461509098e-11,-1.150365921030927829e+00,-3.805063772188703730e-01,3.235734425298509648e-11,5.112586535413225601e-03,-3.388416915954476499e-02,4.615955870015390273e-10,3.899675498931773343e-02,-1.099864265292638137e-09,1.930458807788980389e-09,-8.956567251581881543e-04,1.894043809326661013e-02,-1.466429203295763368e-08,-1.983607327510245391e-02,3.728695007747183588e-08
3.824472757779822540e+00,3.805063770826939695e-01,-1.352180487176847697e-02,-4.340642656972824032e-01,-9.573002324444507578e-11,-1.150253866242589407e+00,-3.805063772218768570e-01,3.780881211475063277e-11,5.109990395501242018e-03,-3.382965859911844092e-02,4.185069432166582840e-10,3.893964835233542504e-02,-9.904776258212099648e-10,1.861237493173829829e-09,-9.100104264742922382e-04,1.897276528092683989e-02,-1.530369309183112065e-08,-1.988275318691555549e-02,3.879121016780751087e-08
3.827348301206724202e+00,3.805063770828102654e-01,-1.350711465456874358e-02,-4.341614658647494074e-01,-9.459073416887381108e-11,-1.150141975859675147e+00,-3.805063772245625420e-01,4.306198615666953361e-11,5.107352997551265449e-03,-3.377505525484753718e-02,3.735888083427136806e-10,3.888240767626654354e-02,-8.767870961235855992e-10,1.792541391398030861e-09,-9.243525071496942313e-04,1.900497114521789571e-02,-1.593674110403261556e-08,-1.992930016438760124e-02,4.028039521329756457e-08
3.830223844633626751e+00,3.805063770829414382e-01,-1.349243208060063072e-02,-4.342585088849450492e-01,-9.358321764429952623e-11,-1.150030250267069620e+00,-3.805063772269152156e-01,4.811837699804197087e-11,5.104674375304972880e-03,-3.372035947589026306e-02,3.268594495527969271e-10,3.882503334398312855e-02,-7.588360217290540738e-10,1.724370739746980237e-09,-9.386827404470879030e-04,1.903705548597140612e-02,-1.656343701292810289e-08,-1.997571378061153979e-02,4.175450770226165994e-08
3.833099388060528412e+00,3.805063770830867664e-01,-1.347775726835711597e-02,-4.343553944925719335e-01,-9.271265566336590301e-11,-1.149918689848555386e+00,-3.805063772289226098e-01,5.297949590570822219e-11,5.101954563155861912e-03,-3.366557161198108911e-02,2.783371309001741603e-10,3.876752573958536924e-02,-6.366677400464445349e-10,1.656725751335684740e-09,-9.530008997715810979e-04,1.906901810282359347e-02,-1.718378204507329678e-08,-2.002199360862691804e-02,4.321355079439469473e-08
3.835974931487430961e+00,3.805063770832459724e-01,-1.346309033623131757e-02,-4.344521224233394152e-01,-9.198417770509652453e-11,-1.149807294986808337e+00,-3.805063772305727898e-01,5.764685472465235350e-11,5.099193596148782377e-03,-3.361069201343062918e-02,2.280401125046168880e-10,3.870988524840096590e-02,-5.103255784350652626e-10,1.589606615159887571e-09,-9.673067586738813388e-04,1.910085879521283142e-02,-1.779777770953984611e-08,-2.006813922142060627e-02,4.465752831916430120e-08
3.838850474914332622e+00,3.805063770834181680e-01,-1.344843140251462607e-02,-4.345486924139650986e-01,-9.140286074737519535e-11,-1.149696066063394584e+00,-3.805063772318535986e-01,6.212196580871127662e-11,5.096391509979504401e-03,-3.355572103112632737e-02,1.759866497410886389e-10,3.865211225698528957e-02,-3.798528522813066559e-10,1.523013496148852804e-09,-9.816000908532730457e-04,1.913257736237675144e-02,-1.840542579722447332e-08,-2.011415019192685019e-02,4.608644477416808523e-08
3.841726018341235172e+00,3.805063770836030201e-01,-1.343378058539492631e-02,-4.346451042021757250e-01,-9.097372928175663614e-11,-1.149585003458766908e+00,-3.805063772327533789e-01,6.640634195142445334e-11,5.093548340994397475e-03,-3.350065901653386663e-02,1.221949924306560566e-10,3.859420715312267963e-02,-2.452928630805679008e-10,1.456946535219470032e-09,-9.958806701605832628e-04,1.916417360335002928e-02,-1.900672838014457380e-08,-2.016002609302810014e-02,4.750030532345887679e-08
3.844601561768137277e+00,3.805063770837998627e-01,-1.341913800295455560e-02,-4.347413575267104480e-01,-9.070175533059279306e-11,-1.149474107552262092e+00,-3.805063772332604177e-01,7.050149631711359455e-11,5.090664126189822433e-03,-3.344550632169632221e-02,6.668338403249801143e-11,3.853617032582476454e-02,-1.066888965216602558e-10,1.391405849330074669e-09,-1.010148270601391547e-03,1.919564731696158863e-02,-1.960168781073092029e-08,-2.020576649755534068e-02,4.889911579586281366e-08
3.847477105195039382e+00,3.805063770840083071e-01,-1.340450377316860890e-02,-4.348374521273209448e-01,-9.059185846648980591e-11,-1.149363378722094930e+00,-3.805063772333631689e-01,7.440894237201557673e-11,5.087738903211844362e-03,-3.339026329923622943e-02,9.470060839305364316e-12,3.847800216533239781e-02,3.591577942055011034e-11,1.326391531537091622e-09,-1.024402666338836967e-03,1.922699830183209613e-02,-2.019030672109545246e-08,-2.025137097828845142e-02,5.028288268323858944e-08
3.850352648621941487e+00,3.805063770842276316e-01,-1.338987801390296301e-02,-4.349333877447739138e-01,-9.064890583406831252e-11,-1.149252817345358002e+00,-3.805063772330500305e-01,7.813019381566916086e-11,5.084772710355660134e-03,-3.333493030235509802e-02,-4.942674882639870156e-11,3.841970306311454780e-02,1.824779163904558079e-10,1.261903651051107794e-09,-1.038643631696819320e-03,1.925822635637160912e-02,-2.077258802229870596e-08,-2.029683910795703622e-02,5.165161313873584136e-08
3.853228192048843592e+00,3.805063770844574478e-01,-1.337526084291240994e-02,-4.350291641208525739e-01,-9.087771217403569699e-11,-1.149142423798014789e+00,-3.805063772323099558e-01,8.166676451241959086e-11,5.081765586565184685e-03,-3.327950768483445981e-02,-1.099888254132081100e-10,3.836127341186893608e-02,3.329542875504678865e-10,1.197942253294781143e-09,-1.052870941162904793e-03,1.928933127877678622e-02,-2.134853490359985736e-08,-2.034217045924055153e-02,5.300531497501221206e-08
3.856103735475745697e+00,3.805063770846972004e-01,-1.336065237783890317e-02,-4.351247809983582737e-01,-9.128303984955516007e-11,-1.149032198454899456e+00,-3.805063772311315651e-01,8.502016842308052447e-11,5.078717571432563548e-03,-3.322399580103661126e-02,-1.721979589393941326e-10,3.830271360552226639e-02,4.873016894740656869e-10,1.134507359961902822e-09,-1.067084369391302964e-03,1.932031286702841355e-02,-2.191815083169267398e-08,-2.038736460476878176e-02,5.434399666241707936e-08
3.858979278902648247e+00,3.805063770849462790e-01,-1.334605273620955573e-02,-4.352202381211119908e-01,-9.186959887491152115e-11,-1.148922141689710186e+00,-3.805063772295037561e-01,8.819191953681223308e-11,5.075628705197687135e-03,-3.316839500590493262e-02,-2.360359497900059792e-10,3.824402403923012755e-02,6.454769440354604285e-10,1.071598969076698171e-09,-1.081283691205942900e-03,1.935117091888911497e-02,-2.248143954993721196e-08,-2.043242111712265802e-02,5.566766732716523409e-08
3.861854822329549908e+00,3.805063770852041838e-01,-1.333146203543485349e-02,-4.353155352339563855e-01,-9.264204694646333446e-11,-1.148812253875007627e+00,-3.805063772274157041e-01,9.118353180313341705e-11,5.072499028747702414e-03,-3.311270565496467894e-02,-3.014846095110934394e-10,3.818520510937724322e-02,8.074369002923531318e-10,1.009217055054799028e-09,-1.095468681603403108e-03,1.938190523190064934e-02,-2.303840507757350172e-08,-2.047733956883449058e-02,5.697633674946770342e-08
3.864730365756452457e+00,3.805063770854704708e-01,-1.331688039280677985e-02,-4.354106720827574106e-01,-9.360498947587675720e-11,-1.148702535382211565e+00,-3.805063772248565290e-01,9.399651906412484939e-11,5.069328583616532387e-03,-3.305692810432375728e-02,-3.685257616019392235e-10,3.812625721357775638e-02,9.731384363639755104e-10,9.473615687649381660e-10,-1.109639115755886368e-03,1.941251560338156865e-02,-2.358905170892644540e-08,-2.052211953238855524e-02,5.827001536164207983e-08
3.867605909183354118e+00,3.805063770857445293e-01,-1.330230792549696311e-02,-4.355056484144055884e-01,-9.476297962563230320e-11,-1.148592986581595365e+00,-3.805063772218155727e-01,9.663239498680455601e-11,5.066117411984326184e-03,-3.300106271067308750e-02,-4.371412423047973748e-10,3.806718075067511142e-02,1.142538461303211921e-09,8.860324375917644614e-10,-1.123794769014184805e-03,1.944300183042449795e-02,-2.413338401259712537e-08,-2.056676058022141595e-02,5.954871424619011376e-08
3.870481452610256667e+00,3.805063770860260264e-01,-1.328774475055480991e-02,-4.356004639768178976e-01,-9.612051834680180665e-11,-1.148483607842284870e+00,-3.805063772182822324e-01,9.909267299569463052e-11,5.062865556676951657e-03,-3.294510983128733084e-02,-5.073129013925348550e-10,3.800797612074219289e-02,1.315593916963735636e-09,8.252295654994651770e-10,-1.137935416910690507e-03,1.947336370989406068e-02,-2.467140683064492775e-08,-2.061126228472276445e-02,6.081244513385399790e-08
3.873356996037158329e+00,3.805063770863143513e-01,-1.327319098490562649e-02,-4.356951185189400499e-01,-9.768205441908892686e-11,-1.148374399532253065e+00,-3.805063772142460721e-01,1.013788662055712307e-10,5.059573061165493178e-03,-3.288906982402563239e-02,-5.790226029538866110e-10,3.794864372508163081e-02,1.492261779861476036e-09,7.649528330963995827e-10,-1.152060835162259118e-03,1.950360103842386020e-02,-2.520312527775816815e-08,-2.065562421823537165e-02,6.206122040164529510e-08
3.876232539464060878e+00,3.805063770866089490e-01,-1.325864674534883540e-02,-4.357896117907468780e-01,-9.945198449311151921e-11,-1.148265362018317193e+00,-3.805063772096966557e-01,1.034924873543839142e-10,5.056239969565704331e-03,-3.283294304733241215e-02,-6.522522261757898667e-10,3.788918396622602963e-02,1.672499063029112567e-09,7.052020977011209955e-10,-1.166170799673210473e-03,1.953371361241463058e-02,-2.572854474040887515e-08,-2.069984595305616668e-02,6.329505307083608723e-08
3.879108082890962539e+00,3.805063770869093198e-01,-1.324411214855602571e-02,-4.358839435432456666e-01,-1.014346531349540612e-10,-1.148156495666136090e+00,-3.805063772046239912e-01,1.054350487363998773e-10,5.052866326637471886e-03,-3.277672986023776741e-02,-7.269836661242916835e-10,3.782959724793780870e-02,1.856262817867254902e-09,6.459771934085445078e-10,-1.180265086538283487e-03,1.956370122803154435e-02,-2.624767087600428502e-08,-2.074392706143652482e-02,6.451395680494260002e-08
3.881983626317865088e+00,3.805063770872150752e-01,-1.322958731106921651e-02,-4.359781135284759301e-01,-1.036343528729287670e-10,-1.148047800840204191e+00,-3.805063771990178090e-01,1.072080621354979260e-10,5.049452177784197367e-03,-3.272043062235812511e-02,-8.031988345216575387e-10,3.776988397520924384e-02,2.043510135986473668e-09,5.872779311581406881e-10,-1.194343472045493459e-03,1.959356368120151320e-02,-2.676050961201618117e-08,-2.078786711558241324e-02,6.571794590765613315e-08
3.884859169744766749e+00,3.805063770875257712e-01,-1.321507234929886546e-02,-4.360721214995130213e-01,-1.060553242466087604e-10,-1.147939277903851307e+00,-3.805063771928682281e-01,1.088130387587062842e-10,5.045997569052380720e-03,-3.266404569389740747e-02,-8.808796605225185130e-10,3.771004455426327229e-02,2.234198151047196002e-09,5.291040988019606391e-10,-1.208405732679094114e-03,1.962330076761117578e-02,-2.726706714511232804e-08,-2.083166568765538323e-02,6.690703532077903954e-08
3.887734713171669299e+00,3.805063770878407414e-01,-1.320056737952215141e-02,-4.361659672104682972e-01,-1.087017558580498769e-10,-1.147830927219236186e+00,-3.805063771861654787e-01,1.102514891698956154e-10,5.042502547130905607e-03,-3.260757543564715005e-02,-9.600080914860471840e-10,3.765007939255282654e-02,2.428284040590030433e-09,4.714554611746187869e-10,-1.222451645122539206e-03,1.965291228270459045e-02,-2.776734994026351639e-08,-2.087532234977317394e-02,6.808124062210296070e-08
3.890610256598570960e+00,3.805063770881596530e-01,-1.318607251788107317e-02,-4.362596504164918398e-01,-1.115777844252500546e-10,-1.147722749147344956e+00,-3.805063771788997906e-01,1.115249232236981219e-10,5.038967159350546746e-03,-3.255102020898760495e-02,-1.040566093746342984e-09,3.758998889876148664e-02,2.625725027861904150e-09,4.143317601637293778e-10,-1.236480986261250924e-03,1.968239802168014752e-02,-2.826136472984717412e-08,-2.091883667400942781e-02,6.924057802327867122e-08
3.893485800025473509e+00,3.805063770884820062e-01,-1.317158788038055341e-02,-4.363531708737736770e-01,-1.146874948378306481e-10,-1.147614744047985580e+00,-3.805063771710615605e-01,1.126348499996301578e-10,5.035391453683354078e-03,-3.249438037588814332e-02,-1.122535653380433624e-09,3.752977348280325115e-02,2.826478383636549187e-09,3.577327147811174233e-10,-1.250493533185660861e-03,1.971175777948887958e-02,-2.874911851274017088e-08,-2.096220823239503331e-02,7.038506436766051232e-08
3.896361343452375170e+00,3.805063770888073016e-01,-1.315711358288672826e-02,-4.364465283395452255e-01,-1.180349202148821895e-10,-1.147506912279787183e+00,-3.805063771626412406e-01,1.135827777364051052e-10,5.031775478742047357e-03,-3.243765629890816432e-02,-1.205898776972569919e-09,3.746943355582285640e-02,3.030501428026113990e-09,3.016580212357284673e-10,-1.264489063194007470e-03,1.974099135083179010e-02,-2.923061855339353708e-08,-2.100543659691824286e-02,7.151471712810808984e-08
3.899236886879277719e+00,3.805063770891350949e-01,-1.314264974112496452e-02,-4.365397225720816232e-01,-1.216240419650564105e-10,-1.147399254200193619e+00,-3.805063771536297268e-01,1.143702137664780943e-10,5.028119283779454093e-03,-3.238084834119779598e-02,-1.290637492377259579e-09,3.740896953019588744e-02,3.237751532289853798e-09,2.461073530065459527e-10,-1.278467353795229586e-03,1.977009853015738658e-02,-2.970587238090584297e-08,-2.104852133952512735e-02,7.262955440478430622e-08
3.902112430306179380e+00,3.805063770894648867e-01,-1.312819647067810236e-02,-4.366327533307030051e-01,-1.254587898488086627e-10,-1.147291770165461688e+00,-3.805063771440176379e-01,1.149986644507870882e-10,5.024422918687899801e-03,-3.232395686649881111e-02,-1.376733849478541462e-09,3.734838181952911812e-02,3.448186120633854384e-09,1.910803609171493532e-10,-1.292428182711862546e-03,1.979907911165972034e-02,-3.017488778807844588e-08,-2.109146203212047474e-02,7.372959492291101438e-08
3.904987973733081930e+00,3.805063770897962883e-01,-1.311375388698457836e-02,-4.367256203757764466e-01,-1.295430420428423828e-10,-1.147184460530656702e+00,-3.805063771337959255e-01,1.154696351137144501e-10,5.020686433998518446e-03,-3.226698223914473140e-02,-1.464169920947104406e-09,3.728767083865993509e-02,3.661762672005614044e-09,1.365766732108292552e-10,-1.306371327882908722e-03,1.982793288927558323e-02,-3.063767283046234323e-08,-2.113425824656791491e-02,7.481485803050434276e-08
3.907863517159984035e+00,3.805063770901288556e-01,-1.309932210533664571e-02,-4.368183234687172400e-01,-1.338806252067014486e-10,-1.147077325649650259e+00,-3.805063771229555414e-01,1.157846299782650511e-10,5.016909880880706003e-03,-3.220992482406234009e-02,-1.552927802994108083e-09,3.722683700365723991e-02,3.878438721880828165e-09,8.259589562699089063e-11,-1.320296567466618500e-03,1.985665965668232877e-02,-3.109423582539303472e-08,-2.117690955469044012e-02,7.588536369608164481e-08
3.910739060586886140e+00,3.805063770904620335e-01,-1.308490124087847289e-02,-4.369108623719911155e-01,-1.384753145515604061e-10,-1.146970365875114028e+00,-3.805063771114877702e-01,1.159451521014676646e-10,5.013093311141441320e-03,-3.215278498677191787e-02,-1.642989616122926189e-09,3.716588073182109514e-02,4.098171864045219808e-09,2.913761147803519782e-11,-1.334203679843418058e-03,1.988525920729563440e-02,-3.154458535101692417e-08,-2.121941552827118216e-02,7.694113250634879461e-08
3.913614604013788245e+00,3.805063770907954335e-01,-1.307049140860431016e-02,-4.370032368491159058e-01,-1.433308339111613331e-10,-1.146863581558519529e+00,-3.805063770993837857e-01,1.159527033099966885e-10,5.009236777224665080e-03,-3.209556309338814500e-02,-1.734337505877810663e-09,3.710480244168290476e-02,4.320919752369074565e-09,-2.379861827266078093e-11,-1.348092443618741521e-03,1.991373133426715958e-02,-3.198873024530634260e-08,-2.126177573905384949e-02,7.798218566385982165e-08
3.916490147440690350e+00,3.805063770911287224e-01,-1.305609272335674434e-02,-4.370954466646626013e-01,-1.484508558148594190e-10,-1.146756973050132578e+00,-3.805063770866349282e-01,1.158087841360188992e-10,5.005340332210624944e-03,-3.203825951062105187e-02,-1.826953643588974412e-09,3.704360255300585131e-02,4.546640102573205400e-09,-7.621325493142751509e-11,-1.361962637625788956e-03,1.994207583048214494e-02,-3.242667960505955302e-08,-2.130398975874311929e-02,7.900854498464160538e-08
3.919365690867592456e+00,3.805063770914613452e-01,-1.304170529982481147e-02,-4.371874915842577924e-01,-1.538390015628611940e-10,-1.146650540699009735e+00,-3.805063770732328154e-01,1.155148937532720225e-10,5.001404029815209422e-03,-3.198087460577656721e-02,-1.920820227115817641e-09,3.698228148678463917e-02,4.775290693990579766e-09,-1.281067819946840732e-10,-1.375814040928409476e-03,1.997029248855717101e-02,-3.285844278489579883e-08,-2.134605715900525155e-02,8.002023289580644674e-08
3.922241234294494561e+00,3.805063770917929133e-01,-1.302732925254211985e-02,-4.372793713745852795e-01,-1.594988413035929286e-10,-1.146544284852996087e+00,-3.805063770591690653e-01,1.150725299133700819e-10,4.997427924389271324e-03,-3.192340874675718421e-02,-2.015919481587134978e-09,3.692083966524554312e-02,5.006829371320775469e-09,-1.794797050683171711e-10,-1.389646432823932968e-03,1.999838110083790657e-02,-3.328402939623887087e-08,-2.138797751146869278e-02,8.101727243313748162e-08
3.925116777721396666e+00,3.805063770921229827e-01,-1.301296469588512916e-02,-4.373710858033872384e-01,-1.654338941131390014e-10,-1.146438205858719694e+00,-3.805063770444353510e-01,1.144831888823462637e-10,4.993412070917990254e-03,-3.186586230206319564e-02,-2.112233660137492744e-09,3.685927751184702589e-02,5.241214046375252356e-09,-2.303325517856633322e-10,-1.403459592845897504e-03,2.002634145939673552e-02,-3.370344930628618229e-08,-2.142975038772441249e-02,8.199968723863996150e-08
3.927992321148299215e+00,3.805063770924511646e-01,-1.299861174407121109e-02,-4.374626346394670517e-01,-1.716476280768718304e-10,-1.146332304061589591e+00,-3.805063770290236791e-01,1.137483653774271859e-10,4.989356525020137954e-03,-3.180823564079285348e-02,-2.209745044641887350e-09,3.679759545127914144e-02,5.478402699818660974e-09,-2.806658717252949926e-10,-1.417253300766950020e-03,2.005417335603060930e-02,-3.411671263697274801e-08,-2.147137535932668387e-02,8.296750155807985518e-08
3.930867864575200876e+00,3.805063770927770705e-01,-1.298427051104248005e-02,-4.375540176525760105e-01,-1.781429694526835273e-10,-1.146226579805792012e+00,-3.805063770129271661e-01,1.128720438372941269e-10,4.985261593404123094e-03,-3.175052888466103201e-02,-2.307362286996976464e-09,3.673579391032554681e-02,5.715737335397173843e-09,-3.268492863571147850e-10,-1.430662312895663668e-03,2.008223800052674410e-02,-3.295904361592978289e-08,-2.151285074276590784e-02,8.010802765263047879e-08
3.933743408002103426e+00,3.805063770931002010e-01,-1.296994110764277536e-02,-4.376452346106235458e-01,-1.849102097135584590e-10,-1.146121033434276404e+00,-3.805063769961697928e-01,1.118720583869510801e-10,4.981128975904264115e-03,-3.169274077724238553e-02,-2.398024717536648993e-09,3.667387332178923681e-02,5.936015279636481837e-09,-3.685878723237914011e-10,-1.443656700859513413e-03,2.011056459931618787e-02,-3.010309770367077081e-08,-2.155417600738077089e-02,7.311098105669892559e-08
3.936618951429005087e+00,3.805063770934203338e-01,-1.295562364147092096e-02,-4.377362852795343429e-01,-1.919263837384098018e-10,-1.146015665288750540e+00,-3.805063769788078476e-01,1.107526850157344723e-10,4.976959010145626944e-03,-3.163487141209227888e-02,-2.480513933016944085e-09,3.661183411502019758e-02,6.136268954816792672e-09,-4.098861468947478826e-10,-1.456638762216793921e-03,2.013875440207313003e-02,-2.727439866317489151e-08,-2.159535210855439633e-02,6.618072250374453550e-08
3.939494494855907636e+00,3.805063770937370249e-01,-1.294131821987218323e-02,-4.378271694262140246e-01,-1.991681017025135386e-10,-1.145910475709689402e+00,-3.805063769608985624e-01,1.095151890791048154e-10,4.972751731902339163e-03,-3.157692118286149763e-02,-2.554908242524153465e-09,3.654967671956060177e-02,6.316690313539669588e-09,-4.507446549906048741e-10,-1.469608268516038900e-03,2.016680720858709738e-02,-2.447291815143803998e-08,-2.163637861766726928e-02,5.931718244992606706e-08
3.942370038282809297e+00,3.805063770940499968e-01,-1.292702495008800009e-02,-4.379178868187011409e-01,-2.066121988435728379e-10,-1.145805465036330517e+00,-3.805063769424987807e-01,1.081608343392629789e-10,4.968507177605570486e-03,-3.151889048377653352e-02,-2.621285872000656004e-09,3.648740156618524022e-02,6.477471104404695720e-09,-4.911639598231845073e-10,-1.482564991234207362e-03,2.019472281868217589e-02,-2.169862668386441252e-08,-2.167725510606456976e-02,5.252028855323584614e-08
3.945245581709711846e+00,3.805063770943589718e-01,-1.291274393925413363e-02,-4.380084372261686121e-01,-2.142357352179103426e-10,-1.145700633606671293e+00,-3.805063769236646798e-01,1.066908829126614835e-10,4.964225384343695820e-03,-3.146077970963936932e-02,-2.679724960968625701e-09,3.642500908690149419e-02,6.618802863978940016e-09,-5.311446428206674619e-10,-1.495508701780771509e-03,2.022250103221359327e-02,-1.895149363881106679e-08,-2.171798114505682845e-02,4.578996568464057858e-08
3.948121125136613507e+00,3.805063770946635060e-01,-1.289847529439871847e-02,-4.380988204189255053e-01,-2.220159954472835127e-10,-1.145595981757464576e+00,-3.805063769044519373e-01,1.051065952177290381e-10,4.959906389862530317e-03,-3.140258925582755517e-02,-2.730303559267129257e-09,3.636249971494961986e-02,6.740876908799213419e-09,-5.706873035521603486e-10,-1.508439171501741718e-03,2.025014164906400668e-02,-1.623148726216981753e-08,-2.175855630592024234e-02,3.912613593931367542e-08
3.950996668563516057e+00,3.805063770949633217e-01,-1.288421912244041428e-02,-4.381890361684186441e-01,-2.299304884563095047e-10,-1.145491509824215992e+00,-3.805063768849156203e-01,1.034092299228163098e-10,4.955550232565462086e-03,-3.134431951829401430e-02,-2.773099623802202513e-09,3.629987388480265115e-02,6.843884327406177288e-09,-6.097925596513795089e-10,-1.521356171683778272e-03,2.027764446914019636e-02,-1.353857467200352929e-08,-2.179898015989747279e-02,3.252871864800092627e-08
3.953872211990417718e+00,3.805063770952581415e-01,-1.286997553018651846e-02,-4.382790842472340520e-01,-2.379569472005723251e-10,-1.145387218141180163e+00,-3.805063768651101852e-01,1.016000438943618008e-10,4.951156951513626531e-03,-3.128597089356691813e-02,-2.808191015310442198e-09,3.623713203216651080e-02,6.928015972411565528e-09,-6.484610467396580782e-10,-1.534259473558256034e-03,2.030500929236939839e-02,-1.087272186322499407e-08,-2.183925227819803402e-02,2.599763038849058603e-08
3.956747755417320267e+00,3.805063770955475211e-01,-1.285574462433104921e-02,-4.383689644290992282e-01,-2.460733283854580665e-10,-1.145283107041356718e+00,-3.805063768450899220e-01,9.968029214527762667e-11,4.946726586426096299e-03,-3.122754377874994644e-02,-2.835655495136205626e-09,3.617427459398038503e-02,6.993462452598757794e-09,-6.866934183483192206e-10,-1.547148848305322181e-03,2.033223591869587343e-02,-8.233893712315895789e-09,-2.187937223199891770e-02,1.953278499718165460e-08
3.959623298844221928e+00,3.805063770958312941e-01,-1.284152651145287032e-02,-4.384586764888838695e-01,-2.542578121757223846e-10,-1.145179176856487180e+00,-3.805063768249079548e-01,9.765122778356200641e-11,4.942259177679981900e-03,-3.116903857152194049e-02,-2.855570722022289296e-09,3.611130200841651539e-02,7.040414125056424224e-09,-7.244903458402099829e-10,-1.560024067058006199e-03,2.035932414807732280e-02,-5.622053982096819293e-09,-2.191933959244507860e-02,1.313409358077726430e-08
3.962498842271124477e+00,3.805063770961090719e-01,-1.282732129801376735e-02,-4.385482202026026455e-01,-2.624888018958724459e-10,-1.145075427917051858e+00,-3.805063768046174633e-01,9.551410196113396678e-11,4.937754766310562676e-03,-3.111045567013682317e-02,-2.868014248914490897e-09,3.604821471488024731e-02,7.069061087346168936e-09,-7.618525183306441281e-10,-1.572884900906311662e-03,2.038627378048131836e-02,-3.037165326534460078e-09,-2.195915393065001053e-02,6.801464528069395522e-09
3.965374385698026138e+00,3.805063770963805214e-01,-1.281312909035662966e-02,-4.386375953474156431e-01,-2.707449237213274651e-10,-1.144971860552264520e+00,-3.805063767842705169e-01,9.327016382290982916e-11,4.933213394011419506e-03,-3.105179547342386964e-02,-2.873063519779970751e-09,3.598501315401041178e-02,7.079593169704028377e-09,-7.987806426073924705e-10,-1.585731120901300419e-03,2.041308461588199619e-02,-4.791892956096597592e-10,-2.199881481769646804e-02,5.348035218724137057e-10
3.968249929124928688e+00,3.805063770966453651e-01,-1.279894999470345893e-02,-4.387268017016310306e-01,-2.790050263605443114e-10,-1.144868475090071058e+00,-3.805063767639191852e-01,9.092066045608667232e-11,4.928635103134555370e-03,-3.099305838078749223e-02,-2.870795866439799815e-09,3.592169776767923511e-02,7.072199927276739381e-09,-8.352754430504100631e-10,-1.598562498059171366e-03,2.043975645425614648e-02,2.051913659800159749e-09,-2.203832182463663983e-02,-5.665986449007781862e-09
3.971125472551830793e+00,3.805063770969032699e-01,-1.278478411715358760e-02,-4.388158390447060020e-01,-2.872481807279307001e-10,-1.144765271857145050e+00,-3.805063767436147049e-01,8.846683683968967885e-11,4.924019936690436985e-03,-3.093424479220725429e-02,-2.861288505415496554e-09,3.585826899899236669e-02,7.047070632392297176e-09,-8.713376615502658498e-10,-1.611378803365401012e-03,2.046628909558010148e-02,4.556184182956316095e-09,-2.207767452249318266e-02,-1.180100507760327517e-08
3.974001015978732898e+00,3.805063770971540138e-01,-1.277063156368163019e-02,-4.389047071572492187e-01,-2.954536796078718799e-10,-1.144662251178883539e+00,-3.805063767234077576e-01,8.590993579431189147e-11,4.919367938348143988e-03,-3.087535510823787022e-02,-2.844618534789908774e-09,3.579472729228905248e-02,7.004394266865676836e-09,-9.069680574266490386e-10,-1.624179807778802732e-03,2.049268233982568660e-02,7.033664006300144953e-09,-2.211687248225920749e-02,-1.787035472662808488e-08
3.976876559405635003e+00,3.805063770973972637e-01,-1.275649244013575892e-02,-4.389934058210215317e-01,-3.036010373095597440e-10,-1.144559413379404367e+00,-3.805063767033485256e-01,8.325119793214303027e-11,4.914679152435395826e-03,-3.081638973000934770e-02,-2.820862931082543407e-09,3.573107309314230845e-02,6.944359514339987839e-09,-9.421674073452813931e-10,-1.636965282235678396e-03,2.051893598695727836e-02,9.484395946392849392e-09,-2.215591527489948337e-02,-2.387414041607362575e-08
3.979752102832537108e+00,3.805063770976326865e-01,-1.274236685223572273e-02,-4.390819348189381466e-01,-3.116699893130102441e-10,-1.144456758781542849e+00,-3.805063766834865802e-01,8.049186160719444216e-11,4.909953623938615071e-03,-3.075734905922686974e-02,-2.790098546139369064e-09,3.566730684835881654e-02,6.867154752663079935e-09,-9.769365052348551686e-10,-1.649734997653907759e-03,2.054504983692786307e-02,1.190842389885922128e-08,-2.219480247135059356e-02,-2.981246981081354363e-08
3.982627646259439214e+00,3.805063770978601156e-01,-1.272825490557091474e-02,-4.391702939350704549e-01,-3.196404919061215602e-10,-1.144354287706846218e+00,-3.805063766638711042e-01,7.763316286577330313e-11,4.905191398502992475e-03,-3.069823349817086058e-02,-2.752402104037164142e-09,3.560342900597909810e-02,6.772968046299847650e-09,-1.011276162203121221e-09,-1.662488724937058243e-03,2.057102368967549805e-02,1.430579283327736618e-08,-2.223353364252149411e-02,-3.568545320807635042e-08
3.985503189686341319e+00,3.805063770980790516e-01,-1.271415670559857859e-02,-4.392584829546472003e-01,-3.274927218127867250e-10,-1.144252000475573405e+00,-3.805063766445507256e-01,7.467633539722110473e-11,4.900392522432500848e-03,-3.063904344969707247e-02,-2.707850198002905973e-09,3.553944001527755553e-02,6.661987138781358381e-09,-1.045187206451996911e-09,-1.675226234978517042e-03,2.059685734511992536e-02,1.667654878800683682e-08,-2.227210835929421123e-02,-4.149320352476692250e-08
3.988378733113243424e+00,3.805063770982894389e-01,-1.270007235764183950e-02,-4.393465016640565324e-01,-3.352070758122458890e-10,-1.144149897406688376e+00,-3.805063766255734059e-01,7.162261048487183452e-11,4.895557042689919341e-03,-3.057977931723653703e-02,-2.656519287347803549e-09,3.547534032676252780e-02,6.534399445189914884e-09,-1.078670483192359879e-09,-1.687947298665604156e-03,2.062255060315887692e-02,1.902073886499799453e-08,-2.231052619252434088e-02,-4.723583628474198459e-08
3.991254276540145973e+00,3.805063770984908889e-01,-1.268600196688783772e-02,-4.394343498508475054e-01,-3.427641703496174283e-10,-1.144047978817858580e+00,-3.805063766069865516e-01,6.847321695726530299e-11,4.890685006896895899e-03,-3.052044150479601634e-02,-2.598485694416425051e-09,3.541113039217668595e-02,6.390392044681104302e-09,-1.111726854558073171e-09,-1.700651686883717512e-03,2.064810326366485482e-02,2.133841122455218067e-08,-2.234878671304186062e-02,-5.291346960596537135e-08
3.994129819967047634e+00,3.805063770986831795e-01,-1.267194563838581860e-02,-4.395220273037316328e-01,-3.501448411376669860e-10,-1.143946245025449837e+00,-3.805063765888372362e-01,6.522938113961084773e-11,4.885776463333868329e-03,-3.046103041695748942e-02,-2.533825601550952864e-09,3.534681066449655434e-02,6.230151673042946251e-09,-1.144357199519248938e-09,-1.713339170520416935e-03,2.067351512648098882e-02,2.362961508003665623e-08,-2.238688949165114697e-02,-5.852622418755185104e-08
3.997005363393950184e+00,3.805063770988659222e-01,-1.265790347704526773e-02,-4.396095338125846630e-01,-3.573301427498757116e-10,-1.143844696344525014e+00,-3.805063765711718671e-01,6.189232680550169907e-11,4.880831460940095526e-03,-3.040154645887868309e-02,-2.462615048070763757e-09,3.528238159793298939e-02,6.053864715292573403e-09,-1.176562413794933943e-09,-1.726009520469609822e-03,2.069878599141807343e-02,2.589440069256100971e-08,-2.242483409913214112e-02,-6.407422329671694853e-08
3.999880906820851845e+00,3.805063770990390060e-01,-1.264387558763398201e-02,-4.396968691684481900e-01,-3.643013482048598099e-10,-1.143743333088837577e+00,-3.805063765540361853e-01,5.846327512887349342e-11,4.875850049313639259e-03,-3.034199003629302338e-02,-2.384929927267179151e-09,3.521784364793111716e-02,5.861717198310158347e-09,-1.208343409765197626e-09,-1.738662507635635544e-03,2.072391565825058846e-02,2.813281936561766198e-08,-2.246262010624047040e-02,-6.955759275563865691e-08
4.002756450247754394e+00,3.805063770992020977e-01,-1.262986207477615960e-02,-4.397840331635318178e-01,-3.710399485421646125e-10,-1.143642155570830488e+00,-3.805063765374756546e-01,5.494344463621738360e-11,4.870832278711280904e-03,-3.028236155550950714e-02,-2.300845983413685312e-09,3.515319727117014598e-02,5.653894783510694725e-09,-1.239701116382526591e-09,-1.751297902937460444e-03,2.074890392671333017e-02,3.034492343967971847e-08,-2.250024708370826354e-02,-7.497646092821446119e-08
4.005631993674656499e+00,3.805063770993549199e-01,-1.261586304295061849e-02,-4.398710255912133826e-01,-3.775276523894272772e-10,-1.143541164101631979e+00,-3.805063765215349614e-01,5.133405115908138938e-11,4.865778200048578687e-03,-3.022266142341363537e-02,-2.210438808792545376e-09,3.508844292556434485e-02,5.430582759556033934e-09,-1.270636479082361090e-09,-1.763915477312742080e-03,2.077375059649806677e-02,3.253076628674119331e-08,-2.253771460224484463e-02,-8.033095870667736409e-08
4.008507537101558604e+00,3.805063770994972505e-01,-1.260187859648872512e-02,-4.399578462460426165e-01,-3.837463855211431408e-10,-1.143440358991050454e+00,-3.805063765062585146e-01,4.763630778675670687e-11,4.860687864899653453e-03,-3.016289004746628560e-02,-2.113783840735372103e-09,3.502358107026169037e-02,5.191966035101070334e-09,-1.301150459693537215e-09,-1.776515001722049365e-03,2.079845546724940278e-02,3.469040230485932459e-08,-2.257502223253683021e-02,-8.562121949821664990e-08
4.011383080528460710e+00,3.805063770996288119e-01,-1.258790883957266668e-02,-4.400444949237409809e-01,-3.896782904087880321e-10,-1.143339740547574035e+00,-3.805063764916900571e-01,4.385142481931198958e-11,4.855561325497256310e-03,-3.010304783570502338e-02,-2.010956358681686451e-09,3.495861216564519203e-02,4.938229131584095405e-09,-1.331244036347428135e-09,-1.789096247152946548e-03,2.082301833856182310e-02,3.682388691260643576e-08,-2.261216954524922912e-02,-9.084737921137736764e-08
4.014258623955362815e+00,3.805063770997493267e-01,-1.257395387623343880e-02,-4.401309714212044977e-01,-3.953057257626323332e-10,-1.143239309078363242e+00,-3.805063764778726654e-01,3.998060972081408751e-11,4.850398634732599502e-03,-3.004313519674344651e-02,-1.902031481251551432e-09,3.489353667333218445e-02,4.669556176051570077e-09,-1.360918203387023301e-09,-1.801658984624176498e-03,2.084743900997567539e-02,3.893127654352517524e-08,-2.264915611102562981e-02,-9.600957624246798007e-08
4.017134167382264920e+00,3.805063770998586836e-01,-1.256001381034904489e-02,-4.402172755365047485e-01,-4.006112660650741120e-10,-1.143139064889251211e+00,-3.805063764648491387e-01,3.602506707286650130e-11,4.845199846155344263e-03,-2.998315253977214268e-02,-1.787084163335682250e-09,3.482835505617516009e-02,4.386130894025834341e-09,-1.390173971275001175e-09,-1.814202985189776983e-03,2.087171728097405796e-02,4.101262864051559966e-08,-2.268598150048917184e-02,-1.011079514618005517e-07
4.020009710809167025e+00,3.805063770999564943e-01,-1.254608874564249604e-02,-4.403034070688910395e-01,-4.055777010957015861e-10,-1.143039008284737701e+00,-3.805063764526616099e-01,3.198599852835991756e-11,4.839965013973358821e-03,-2.992310027455769711e-02,-1.666189193200235565e-09,3.476306777826056182e-02,4.088136602408696653e-09,-1.419012366501489493e-09,-1.826728019943297567e-03,2.089585295097875703e-02,4.306800165020896926e-08,-2.272264528424268806e-02,-1.061426481998989747e-07
4.022885254236069130e+00,3.805063771000425366e-01,-1.253217878568006413e-02,-4.403893658187915117e-01,-4.101880354479621849e-10,-1.142939139567985318e+00,-3.805063764413517124e-01,2.786460276556078012e-11,4.834694193052731410e-03,-2.986297881144407348e-02,-1.539421189609966941e-09,3.469767530491019852e-02,3.775756202430165057e-09,-1.447434431490802307e-09,-1.839233860021851925e-03,2.091984581934699244e-02,4.509745501726981020e-08,-2.275914703286951654e-02,-1.111138122335311173e-07
4.025760797662971235e+00,3.805063771001166439e-01,-1.251828403386921057e-02,-4.404751515878155277e-01,-4.144254880376974804e-10,-1.142839459040818184e+00,-3.805063764309605245e-01,2.366207544237378884e-11,4.829387438917608945e-03,-2.980278856135225654e-02,-1.406854598964969760e-09,3.463217810268066216e-02,3.449172172630347846e-09,-1.475441224508227479e-09,-1.851720276610372036e-03,2.094369568536793430e-02,4.710104917870778390e-08,-2.279548631693423255e-02,-1.160215917717646502e-07
4.028636341089873341e+00,3.805063771001785389e-01,-1.250440459345684291e-02,-4.405607641787546158e-01,-4.182734916033565241e-10,-1.142739967003716162e+00,-3.805063764215286248e-01,1.937960915096874883e-11,4.824044807749979305e-03,-2.974252993578021739e-02,-1.268563692456695719e-09,3.456657663936316127e-02,3.108566561888739676e-09,-1.503033819565430105e-09,-1.864187040945716441e-03,2.096740234825883800e-02,4.907884555810045253e-08,-2.283166270698292269e-02,-1.208661374418050920e-07
4.031511884516775446e+00,3.805063771002279993e-01,-1.249054056752738409e-02,-4.406462033955842461e-01,-4.217156921981211174e-10,-1.142640663755812636e+00,-3.805063764130961479e-01,1.501839337262574054e-11,4.818666356389587208e-03,-2.968220334680356232e-02,-1.124622563239031470e-09,3.450087138398397202e-02,2.754120982490331686e-09,-1.530213306325786651e-09,-1.876633924320814930e-03,2.099096560716159562e-02,5.103090655981097548e-08,-2.286767577354383019e-02,-1.256476022748209780e-07
4.034387427943677551e+00,3.805063771002648032e-01,-1.247669205900082262e-02,-4.407314690434659954e-01,-4.247359486739156114e-10,-1.142541549594890515e+00,-3.805063764057025066e-01,1.057961443284902164e-11,4.813252142333756395e-03,-2.962180920707555357e-02,-9.751051236158394452e-10,3.443506280680439652e-02,2.386016603232114926e-09,-1.556980790009093752e-09,-1.889060698088883055e-03,2.101438526113935321e-02,5.295729556316837099e-08,-2.290352508712821533e-02,-1.303661416916777604e-07
4.037262971370579656e+00,3.805063771002887840e-01,-1.246285917063090498e-02,-4.408165609287486020e-01,-4.273183321573251747e-10,-1.142442624817378016e+00,-3.805063763993868919e-01,6.064455456794348853e-12,4.807802223737210091e-03,-2.956134792982745285e-02,-8.200851022465726000e-10,3.436915137932082531e-02,2.004434142573899149e-09,-1.583337391295423558e-09,-1.901467133667526050e-03,2.103766110917270477e-02,5.485807691659315075e-08,-2.293921021823062262e-02,-1.350219134885368982e-07
4.040138514797481761e+00,3.805063771002996087e-01,-1.244904200500316846e-02,-4.409014788589702971e-01,-4.294471255175319758e-10,-1.142343889718346661e+00,-3.805063763941876620e-01,1.474096324931857613e-12,4.802316659411867174e-03,-2.950081992886864624e-02,-6.596360413674399275e-10,3.430313757426467491e-02,1.609553861827220590e-09,-1.609284246228687504e-09,-1.913853002542948573e-03,2.106079295015627836e-02,5.673331593170608002e-08,-2.297473073732965443e-02,-1.396150778224147134e-07
4.043014058224383867e+00,3.805063771002971662e-01,-1.243524066453311101e-02,-4.409862226428595822e-01,-4.311068228262656075e-10,-1.142245344591506395e+00,-3.805063763901427309e-01,-3.190286370981085699e-12,4.796795508826634004e-03,-2.944022561858687312e-02,-4.938312940306390539e-10,3.423702186560245025e-02,1.201555558388577107e-09,-1.634822506119408673e-09,-1.926218076274089199e-03,2.108378058289500992e-02,5.858307887738651943e-08,-2.301008621488840819e-02,-1.441457971966167592e-07
4.045889601651285972e+00,3.805063771002811790e-01,-1.242145525146430389e-02,-4.410707920903376156e-01,-4.322821288098482509e-10,-1.142146989729202700e+00,-3.805063763872897908e-01,-7.927519371656845120e-12,4.791238832107187588e-03,-2.937956541394850379e-02,-3.227440213603914030e-10,3.417080472853577244e-02,7.806185590138239361e-10,-1.659953337447002404e-09,-1.938562126496801543e-03,2.110662380610067029e-02,6.040743297380024053e-08,-2.304527622135515985e-02,-1.486142364460980997e-07
4.048765145078187189e+00,3.805063771002515360e-01,-1.240768586786642619e-02,-4.411551870125197672e-01,-4.329579582933769176e-10,-1.142048825422412373e+00,-3.805063763856655901e-01,-1.273643279377742084e-11,4.785646690035805575e-03,-2.931883973049906333e-02,-1.464471898253156773e-10,3.410448663950170489e-02,3.469217131326247912e-10,-1.684677921761680937e-09,-1.950884924928032770e-03,2.112932241838845829e-02,6.220644638640360381e-08,-2.308030032716411328e-02,-1.530205627227646677e-07
4.051640688505090182e+00,3.805063771002079043e-01,-1.239393261563346942e-02,-4.412394072217169505e-01,-4.331194356370776181e-10,-1.141950851960740643e+00,-3.805063763853066550e-01,-1.761586017316102091e-11,4.780019144051040995e-03,-2.925804898436314833e-02,3.498643147012522031e-11,3.403806807617236474e-02,-9.935661379031324654e-11,-1.708997455585395645e-09,-1.963186243369957010e-03,2.115187621827306977e-02,6.398018821988831204e-08,-2.311515810273558763e-02,-1.573649454806304682e-07
4.054516231931992287e+00,3.805063771001501727e-01,-1.238019559648179981e-02,-4.413234525314376211e-01,-4.327518941649036763e-10,-1.141853069632417617e+00,-3.805063763862489012e-01,-2.256463850769028504e-11,4.774356256247515827e-03,-2.919719359224483973e-02,2.214842734783786060e-10,3.397154951745513796e-02,-5.580385468553266158e-10,-1.732913150312600587e-09,-1.975465853714175341e-03,2.117428500416533230e-02,6.572872851211445079e-08,-2.314984911847689161e-02,-1.616475564609442093e-07
4.057391775358894392e+00,3.805063771000780637e-01,-1.236647491194830389e-02,-4.414073227563891644e-01,-4.318408755854150543e-10,-1.141755478724294282e+00,-3.805063763885276895e-01,-2.758160829991971933e-11,4.768658089375685943e-03,-2.913627397142828229e-02,4.129739698828287554e-10,3.390493144349298466e-02,-1.028946708281904585e-09,-1.756426232110252783e-09,-1.987723527945893000e-03,2.119654857436889181e-02,6.745213822799493039e-08,-2.318437294478311456e-02,-1.658685696771986718e-07
4.060267318785796498e+00,3.805063770999914108e-01,-1.235277066338846125e-02,-4.414910177124798385e-01,-4.303721294049905396e-10,-1.141658079521839175e+00,-3.805063763921779918e-01,-3.266561359942652781e-11,4.762924706841499371e-03,-2.907529053977757696e-02,6.093833597553450949e-10,3.383821433566404357e-02,-1.511904223922501116e-09,-1.779537941817393316e-09,-1.999959038148038486e-03,2.121866672707603887e-02,6.915048925335621760e-08,-2.321872915203711946e-02,-1.700281614000804424e-07
4.063142862212698603e+00,3.805063770998901029e-01,-1.233908295197446575e-02,-4.415745372168204952e-01,-4.283316123334204095e-10,-1.141560872309135055e+00,-3.805063763972341695e-01,-3.781550204485926449e-11,4.757156172706151695e-03,-2.901424371573723890e-02,8.106404901957079507e-10,3.377139867658172923e-02,-2.006734729731813089e-09,-1.802249534844176908e-09,-2.012172156505533799e-03,2.124063926036477007e-02,7.082385438876264485e-08,-2.325291731061079545e-02,-1.741265101423312118e-07
4.066018405639600708e+00,3.805063770997738626e-01,-1.232541187869341283e-02,-4.416578810877256900e-01,-4.257054876819551055e-10,-1.141463857368874679e+00,-3.805063764037301399e-01,-4.303012490565759553e-11,4.751352551685795490e-03,-2.895313391833280806e-02,1.016673618951687087e-09,3.370448495009521761e-02,-2.513262378188710120e-09,-1.824562281070166755e-09,-2.024362655309334610e-03,2.126246597219471832e-02,7.247230734329376214e-08,-2.328693699086511679e-02,-1.781637966434939816e-07
4.068893949066502813e+00,3.805063770996425787e-01,-1.231175754434532359e-02,-4.417410491447159582e-01,-4.224801247538138460e-10,-1.141367034982358364e+00,-3.805063764116992098e-01,-4.830833712355122676e-11,4.745513909151201186e-03,-2.889196156717084227e-02,1.227411217024066434e-09,3.363747364128893969e-02,-3.031311844681213068e-09,-1.846477464742449660e-09,-2.036530306960721536e-03,2.128414666040398875e-02,7.409592272831384054e-08,-2.332078776315118021e-02,-1.821402038546396310e-07
4.071769492493404918e+00,3.805063770994960293e-01,-1.229812004954131295e-02,-4.418240412085192581e-01,-4.186420982272520252e-10,-1.141270405429489321e+00,-3.805063764211743527e-01,-5.364899735371059146e-11,4.739640311127437007e-03,-2.883072708243936133e-02,1.442781971251532893e-09,3.357036523648276871e-02,-3.560708333842159240e-09,-1.867996384372971956e-09,-2.048674883975409693e-03,2.130568112270526601e-02,7.569477605118997154e-08,-2.335446919781042352e-02,-1.860559169229675666e-07
4.074645035920307024e+00,3.805063770993339922e-01,-1.228449949470169535e-02,-4.419068571010727475e-01,-4.141781875312151617e-10,-1.141173968988770104e+00,-3.805063764321878761e-01,-5.905096800561746959e-11,4.733731824293568001e-03,-2.876943088490841252e-02,1.662714786878078069e-09,3.350316022323229781e-02,-4.101277585841960699e-09,-1.889120352635463084e-09,-2.060796158987746301e-03,2.132706915668256681e-02,7.726894370898458320e-08,-2.338798086517561783e-02,-1.899111231763440360e-07
4.077520579347209129e+00,3.805063770991564120e-01,-1.227089598005409211e-02,-4.419894966455241714e-01,-4.090753762136261825e-10,-1.141077725937300613e+00,-3.805063764447716990e-01,-6.451311528364915049e-11,4.727788515982249244e-03,-2.870807339593006019e-02,1.887138790102683251e-09,3.343585909032836118e-02,-4.652845882637949662e-09,-1.909850696261838662e-09,-2.072893904754851899e-03,2.134831055978718417e-02,7.881850298211719851e-08,-2.342132233557085372e-02,-1.937060121077647376e-07
4.080396122774111234e+00,3.805063770989629557e-01,-1.225730960563160658e-02,-4.420719596662338047e-01,-4.033208513023977057e-10,-1.140981676550772539e+00,-3.805063764589571296e-01,-7.003430922733059899e-11,4.721810454179410123e-03,-2.864665503743911434e-02,2.115983330609329895e-09,3.336846232779751981e-02,-5.215240054175482300e-09,-1.930188755938010683e-09,-2.084967894160858273e-03,2.136940512933479738e-02,8.034353202798683317e-08,-2.345449317931298794e-02,-1.974407753597207367e-07
4.083271666201013339e+00,3.805063770987535676e-01,-1.224374047127087771e-02,-4.421542459887760623e-01,-3.969020026591503996e-10,-1.140885821103467146e+00,-3.805063764747751986e-01,-7.561342375133624412e-11,4.715797707523922133e-03,-2.858517623195363719e-02,2.349177984080697076e-09,3.330097042690215864e-02,-5.788287484549081866e-09,-1.950135886199442722e-09,-2.097017900221001107e-03,2.139035266250141620e-02,8.184410987457902766e-08,-2.348749296671158102e-02,-2.011156067085274821e-07
4.086147209627915444e+00,3.805063770985280813e-01,-1.223018867661020657e-02,-4.422363554399412200e-01,-3.898064223257517758e-10,-1.140790159868251052e+00,-3.805063764922561043e-01,-8.124933668516013316e-11,4.709750345307081934e-03,-2.852363740257459618e-02,2.586652554692191891e-09,3.323338388013968858e-02,-6.371816118115331540e-09,-1.969693455325927601e-09,-2.109043696085850100e-03,2.141115295631972754e-02,8.332031641402729830e-08,-2.352032126806952173e-02,-2.047307020485411947e-07
4.089022753054817549e+00,3.805063770982862192e-01,-1.221665432108774881e-02,-4.423182878477370794e-01,-3.820219038637386960e-10,-1.140694693116572678e+00,-3.805063765114298779e-01,-8.694092981246686500e-11,4.703668437472397976e-03,-2.846203897298744609e-02,2.828337077586703040e-09,3.316570318124381633e-02,-6.965654465558542715e-09,-1.988862845236060237e-09,-2.121045055045471008e-03,2.143180580767621579e-02,8.477223239614885979e-08,-2.355297765368425528e-02,-2.082862593763128127e-07
4.091898296481719655e+00,3.805063770980279814e-01,-1.220313750393962719e-02,-4.424000430413903007e-01,-3.735364416866317090e-10,-1.140599421118459800e+00,-3.805063765323259406e-01,-9.268708891015308786e-11,4.697552054614989418e-03,-2.840038136746137268e-02,3.074161821331377700e-09,3.309792882518328150e-02,-7.569631609912347790e-09,-2.007645451381005316e-09,-2.133021750533567722e-03,2.145231101330670812e-02,8.619993942194412375e-08,-2.358546169384748842e-02,-2.117824787746529730e-07
4.094773839908621760e+00,3.805063770977531457e-01,-1.218963832419795237e-02,-4.424816208513486226e-01,-3.643382303851312395e-10,-1.140504344142514448e+00,-3.805063765549731025e-01,-9.848670378716032578e-11,4.691401267981338066e-03,-2.833866501085060413e-02,3.324057290358071516e-09,3.303006130816287661e-02,-8.183577212541255761e-09,-2.026042682638322044e-09,-2.144973556131689850e-03,2.147266836979347046e-02,8.760351993709340477e-08,-2.361777295884647312e-02,-2.152195623966901099e-07
4.097649383335523865e+00,3.805063770974614901e-01,-1.217615688068905341e-02,-4.425630211092825284e-01,-3.544156640454602764e-10,-1.140409462455909573e+00,-3.805063765793997854e-01,-1.043386683228818275e-10,4.685216149468775758e-03,-2.827689032859449780e-02,3.577954227380834809e-09,3.296210112762298916e-02,-8.807321519065946298e-09,-2.044055961204680476e-09,-2.156900245573418161e-03,2.149287767356157508e-02,8.898305722538790196e-08,-2.364991101896457906e-02,-2.185977144497671938e-07
4.100524926762425970e+00,3.805063770971530146e-01,-1.216269327203159042e-02,-4.426442436480862441e-01,-3.437573355607037354e-10,-1.140314776324386825e+00,-3.805063766056339669e-01,-1.102418805053164662e-10,4.678996771624989101e-03,-2.821505774671770328e-02,3.835783615796856004e-09,3.289404878223933099e-02,-9.440695365247990621e-09,-2.061686722488408688e-09,-2.168801592748452467e-03,2.151293872087472678e-02,9.033863540214931176e-08,-2.368187544448114787e-02,-2.219171411793113922e-07
4.103400470189328075e+00,3.805063770968274417e-01,-1.214924759663468280e-02,-4.427252883018802931e-01,-3.323520359352932865e-10,-1.140220286012251893e+00,-3.805063766337030695e-01,-1.161952424689046266e-10,4.672743207647724571e-03,-2.815316769183157097e-02,4.097476682068042000e-09,3.282590477192398604e-02,-1.008353018282708558e-08,-2.078936415001685084e-09,-2.180677371706883812e-03,2.153285130783282736e-02,9.167033940762459880e-08,-2.371366580567334931e-02,-2.251780508526417107e-07
4.106276013616230181e+00,3.805063770964846603e-01,-1.213581995269603919e-02,-4.428061549060123836e-01,-3.201887535826531559e-10,-1.140125991782370729e+00,-3.805063766636341271e-01,-1.221976605320537839e-10,4.666455531384108499e-03,-2.809122059113333333e-02,4.362964898083663548e-09,3.275766959782392546e-02,-1.073565800531191846e-08,-2.095806500252006513e-09,-2.192527356663263698e-03,2.155261523036709412e-02,9.297825500034108864e-08,-2.374528167281535554e-02,-2.283806537426808677e-07
4.109151557043132286e+00,3.805063770961246705e-01,-1.212241043820001460e-02,-4.428868432970600733e-01,-3.072566736160300620e-10,-1.140031893896166881e+00,-3.805063766954535631e-01,-1.282480452343846499e-10,4.660133817330389464e-03,-2.802921687240780835e-02,4.632179983505210455e-09,3.268934376232247863e-02,-1.139691147372739477e-08,-2.112298452633665478e-09,-2.204351322000893190e-03,2.157223028423785327e-02,9.426246875045585624e-08,-2.377672261618042279e-02,-2.315251621116512598e-07
4.112027100470034391e+00,3.805063770957470837e-01,-1.210901915091592077e-02,-4.429673533128311580e-01,-2.935451771328190320e-10,-1.139937992613617279e+00,-3.805063767291874122e-01,-1.343453113735523810e-10,4.653778140631272160e-03,-2.796715696402716361e-02,4.905053908087240351e-09,3.262092776903839642e-02,-1.206712384230302193e-08,-2.128413759318070952e-09,-2.216149042275842706e-03,2.159169626502990130e-02,9.552306803303650472e-08,-2.380798820604022870e-02,-2.346117901946048296e-07
4.114902643896936496e+00,3.805063770953519553e-01,-1.209564618839597226e-02,-4.430476847923666694e-01,-2.790438404919164975e-10,-1.139844288193249122e+00,-3.805063767648610984e-01,-1.404883780419154179e-10,4.647388577079481983e-03,-2.790504129495145411e-02,5.181518893986043091e-09,3.255242212282595526e-02,-1.274612898413142689e-08,-2.144153920144415367e-09,-2.227920292221242417e-03,2.161101296814948655e-02,9.676014102136382148e-08,-2.383907801266618720e-02,-2.376407541830047352e-07
4.117778187323838601e+00,3.805063770949390634e-01,-1.208229164797355697e-02,-4.431278375759416521e-01,-2.637424345847685176e-10,-1.139750780892136106e+00,-3.805063768024997684e-01,-1.466761686627448510e-10,4.640965203115313999e-03,-2.784287029472981567e-02,5.461507418042584797e-09,3.248382732977570658e-02,-1.343376139676380286e-08,-2.159520447509399855e-09,-2.239664846751364922e-03,2.163018018882085711e-02,9.797377668017166113e-08,-2.386999160633002104e-02,-2.406122722081546591e-07
4.120653730750740706e+00,3.805063770945084078e-01,-1.206895562676127583e-02,-4.432078115050674394e-01,-2.476309240996429447e-10,-1.139657470965893760e+00,-3.805063768421279025e-01,-1.529076110262172205e-10,4.634508095825934718e-03,-2.778064439349974338e-02,5.744952214050563480e-09,3.241514389721305428e-02,-1.412985620776889218e-08,-2.174514866256702242e-09,-2.251382480965830220e-03,2.164919772208211482e-02,9.916406475887699501e-08,-2.390072855730383458e-02,-2.435265643246027065e-07
4.123529274177642812e+00,3.805063770940597112e-01,-1.205563822164919079e-02,-4.432876064224927082e-01,-2.306994667796485180e-10,-1.139564358668679223e+00,-3.805063768837697036e-01,-1.591816373249984045e-10,4.628017332945028213e-03,-2.771836402198896501e-02,6.031786275000791574e-09,3.234637233369973969e-02,-1.483424918023393433e-08,-2.189138713566012423e-09,-2.263072970153737380e-03,2.166806536278243281e-02,1.003310957847752852e-07,-2.393128843586143223e-02,-2.463838524934613412e-07
4.126404817604544917e+00,3.805063770935928624e-01,-1.204233952930286108e-02,-4.433672221722060880e-01,-2.129384126740489353e-10,-1.139471444253183474e+00,-3.805063769274488195e-01,-1.654971841896124664e-10,4.621492992852176823e-03,-2.765602961151536823e-02,6.321942855310761198e-09,3.227751314903321012e-02,-1.554677671822929067e-08,-2.203393538841796419e-09,-2.274736089797856943e-03,2.168678290557821478e-02,1.014749610562249134e-07,-2.396167081227871046e-02,-2.491843605657000582e-07
4.129280361031447022e+00,3.805063770931078060e-01,-1.202905964616155475e-02,-4.434466585994368271e-01,-1.943383033834537196e-10,-1.139378727970630667e+00,-3.805063769731882317e-01,-1.718531927233881225e-10,4.614935154572246193e-03,-2.759364159398740649e-02,6.615355473029977140e-09,3.220856685424633437e-02,-1.626727587221359333e-08,-2.217280903601339966e-09,-2.286371615578749149e-03,2.170535014492933068e-02,1.025957526357841889e-07,-2.399187525683393191e-02,-2.519283142653215086e-07
4.132155904458349127e+00,3.805063770926044864e-01,-1.201579866843639766e-02,-4.435259155506573459e-01,-1.748898718625333681e-10,-1.139286210070773464e+00,-3.805063770210107554e-01,-1.782482280823652329e-10,4.608343897545275937e-03,-2.753120040212843345e-02,6.911940683628844395e-09,3.213953396162744225e-02,-1.699554203294086155e-08,-2.223054667981009713e-09,-2.297983998582987537e-03,2.172376232201648355e-02,1.033427182284711337e-07,-2.402190093705744781e-02,-2.537542959641679904e-07
4.135031447885251232e+00,3.805063770920830146e-01,-1.200255669231644652e-02,-4.436049928737867409e-01,-1.545996483006525891e-10,-1.139193890801872167e+00,-3.805063770709002924e-01,-1.843350239536672908e-10,4.601719093167632238e-03,-2.746870667249058304e-02,7.195954577012433198e-09,3.207041500267854284e-02,-1.769290984331458424e-08,-2.010866648856344089e-09,-2.309699644582169451e-03,2.174189590900885496e-02,9.421317780952958891e-08,-2.405173651456300396e-02,-2.313245463589859131e-07
4.137906991312154226e+00,3.805063770915449450e-01,-1.198933381450471847e-02,-4.436838904187172528e-01,-1.335303237753951405e-10,-1.139101770410643200e+00,-3.805063771227027991e-01,-1.898153585254722412e-10,4.595060643071332933e-03,-2.740616101339872837e-02,7.453874222396444193e-09,3.200121050758739788e-02,-1.832616847792017766e-08,-1.801246865772167676e-09,-2.321385256370268359e-03,2.175988029714122710e-02,8.519356822568365336e-08,-2.408139302342289859e-02,-2.091648888339285514e-07
4.140782534739055443e+00,3.805063770909919429e-01,-1.197613013162647511e-02,-4.437626080367406134e-01,-1.117564794334794508e-10,-1.139009849142309516e+00,-3.805063771762349778e-01,-1.946966046695124023e-10,4.588368633933704796e-03,-2.734356385418602875e-02,7.686015209958377781e-09,3.193192099189245264e-02,-1.889609331888021970e-08,-1.594186817597200951e-09,-2.333040616561247570e-03,2.177771527411158370e-02,7.628352671026761728e-08,-2.411087003340647850e-02,-1.872744320770405238e-07
4.143658078165958436e+00,3.805063770904257847e-01,-1.196294574005685174e-02,-4.438411455803837891e-01,-8.935179043318214985e-11,-1.138918127240608147e+00,-3.805063772313159176e-01,-1.989861106915553226e-10,4.581643153056734648e-03,-2.728091562479633206e-02,7.892692081561078132e-09,3.186254697236906575e-02,-1.940345717262506504e-08,-1.389677919454490249e-09,-2.344665508045124750e-03,2.179540062734782249e-02,6.748268691093787272e-08,-2.414016711428371154e-02,-1.656522759666350035e-07
4.146533621592859653e+00,3.805063770898480802e-01,-1.194978073591900641e-02,-4.439195029034112561e-01,-6.638902897344912249e-11,-1.138826604947789312e+00,-3.805063772877667061e-01,-2.026912000916647899e-10,4.574884288366362455e-03,-2.721821675578525376e-02,8.074218320488061193e-09,3.179308896702993242e-02,-1.984903024467340864e-08,-1.187711503445678216e-09,-2.356259713991631748e-03,2.181293614400497613e-02,5.879067892064403791e-08,-2.416928383582609211e-02,-1.442975116473884321e-07
4.149409165019762646e+00,3.805063770892606057e-01,-1.193663521508235917e-02,-4.439976798608264441e-01,-4.294006735263769571e-11,-1.138735282504611757e+00,-3.805063773454108733e-01,-2.058191713264865200e-10,4.568092128411552384e-03,-2.715546767832045794e-02,8.230906341265242535e-09,3.172354749512438371e-02,-2.023358011462500112e-08,-9.882788193798828982e-10,-2.367823017853802441e-03,2.183032161096165949e-02,5.020712930879689116e-08,-2.419821976780673484e-02,-1.232092216069180418e-07
4.152284708446663863e+00,3.805063770886649710e-01,-1.192350927316086426e-02,-4.440756763088732906e-01,-1.907588105639237331e-11,-1.138644160150339424e+00,-3.805063774040740587e-01,-2.083772975736601646e-10,4.561266762363626673e-03,-2.709266882418337810e-02,8.363067479573522730e-09,3.165392307713950359e-02,-2.055787171137670960e-08,-7.913710355050610624e-10,-2.379355203371629097e-03,2.184755681481785616e-02,4.173166115254330220e-08,-2.422697448000184564e-02,-1.023864797526230304e-07
4.155160251873566857e+00,3.805063770880627860e-01,-1.191040300551113144e-02,-4.441534921050382945e-01,5.133448125872643467e-12,-1.138553238122736566e+00,-3.805063774635839557e-01,-2.103728264983590089e-10,4.554408280015305455e-03,-2.702982062576917560e-02,8.471011982252681871e-09,3.158421623479913676e-02,-2.082266728856285035e-08,-5.969792392394652942e-10,-2.390856054575667133e-03,2.186464154189121309e-02,3.336389406804432003e-08,-2.425554754219068701e-02,-8.182835148853286908e-08
4.158035795300468074e+00,3.805063770874556606e-01,-1.189731650723063576e-02,-4.442311271080525703e-01,2.961872895567323919e-11,-1.138462516658067525e+00,-3.805063775237707557e-01,-2.118129800219114502e-10,4.547516771779954760e-03,-2.696692351608798860e-02,8.555048997394063676e-09,3.151442749106438818e-02,-2.102872640021369189e-08,-4.050944379073672323e-10,-2.402325355790694943e-03,2.188157557821450092e-02,2.510344424193646474e-08,-2.428393852415674375e-02,-6.153389379260619269e-08
4.160911338727371067e+00,3.805063770868452044e-01,-1.188424987315604003e-02,-4.443085811778927918e-01,5.431165757164541007e-11,-1.138371995991088959e+00,-3.805063775844664820e-01,-2.127049540925319677e-10,4.540592328690638488e-03,-2.690397792876543862e-02,8.615486564523351125e-09,3.144455737013320679e-02,-2.117680587663535150e-08,-2.157075594781995910e-10,-2.413762891639239724e-03,2.189835870953209251e-02,1.694992446293924501e-08,-2.431214699568775423e-02,-4.150215529438854059e-08
4.163786882154272284e+00,3.805063770862329164e-01,-1.187120319786132312e-02,-4.443858541757834124e-01,7.914481428798008458e-11,-1.138281676355050065e+00,-3.805063776455055446e-01,-2.130559184582152734e-10,4.533635042399375946e-03,-2.684098429804398361e-02,8.652631604876146812e-09,3.137460639744099611e-02,-2.126765980051759306e-08,-2.880945330542061116e-11,-2.425168447045284587e-03,2.191499072129766273e-02,8.902944153450797284e-09,-2.434017252657719524e-02,-2.173217635264117921e-08
4.166662425581175278e+00,3.805063770856204064e-01,-1.185817657565600876e-02,-4.444629459641988856e-01,1.040516603648372702e-10,-1.138191557981686142e+00,-3.805063777067245190e-01,-2.128730164417312170e-10,4.526645005176175608e-03,-2.677794305878320250e-02,8.666789911763203123e-09,3.130457509965996199e-02,-2.130203948326202226e-08,1.556091091308847776e-10,-2.436541807237786565e-03,2.193147139867047957e-02,9.621094013033453897e-10,-2.436801468662412248e-02,-2.222989133362679901e-09
4.169537969008076495e+00,3.805063770850091176e-01,-1.184517010058343950e-02,-4.445398564068647196e-01,1.289665347511203706e-10,-1.138101641101217032e+00,-3.805063777679619785e-01,-2.121633647177673107e-10,4.519622309908181632e-03,-2.671485464646091920e-02,8.658266141027469467e-09,3.123446400469939710e-02,-2.128069344153581764e-08,3.375574334786488692e-10,-2.447882757754319977e-03,2.194780052651288185e-02,-6.872977008363237557e-09,-2.439567304563432584e-02,1.702638231189986082e-08
4.172413512434979488e+00,3.805063770844007154e-01,-1.183218386641895006e-02,-4.446165853687593650e-01,1.538246508001172542e-10,-1.138011925942342906e+00,-3.805063778290588838e-01,-2.109340530922199326e-10,4.512567050098809963e-03,-2.665171949717412558e-02,8.627363801593140188e-09,3.116427364170575379e-02,-2.120436737405144722e-08,5.170449017675708345e-10,-2.459191084444686381e-03,2.196397788938731291e-02,-1.460271556118954474e-08,-2.442314717342105451e-02,3.601692196764448537e-08
4.175289055861880705e+00,3.805063770837965320e-01,-1.181921796666808924e-02,-4.446931327161167680e-01,1.785620929580498081e-10,-1.137922412732239152e+00,-3.805063778898581384e-01,-2.091921442836246711e-10,4.505479319866821132e-03,-2.658853804763969264e-02,8.574385246106147289e-09,3.109400454106241510e-02,-2.107380413857116336e-08,6.940809716603205703e-10,-2.470466573474439965e-03,2.198000327155294822e-02,-2.222750998157606218e-08,-2.445043663980518006e-02,5.474962177574224606e-08
4.178164599288783698e+00,3.805063770831981218e-01,-1.180627249456494589e-02,-4.447694983164268701e-01,2.031158134255656572e-10,-1.137833101696556160e+00,-3.805063779502048660e-01,-2.069446737067630592e-10,4.498359213945381761e-03,-2.652531073519528645e-02,8.499631661667522386e-09,3.102365723438973294e-02,-2.088974372913957432e-08,8.686751756996219746e-10,-2.481709011328525703e-03,2.199587645696318705e-02,-2.974776720048580780e-08,-2.447754101461639339e-02,7.322548155632951264e-08
4.181040142715684915e+00,3.805063770826068170e-01,-1.179334754307027368e-02,-4.448456820384384391e-01,2.274236287932154671e-10,-1.137743993059412428e+00,-3.805063780099463000e-01,-2.041986492584117585e-10,4.491206827681188535e-03,-2.646203799780030494e-02,8.403403060658717979e-09,3.095323225454505930e-02,-2.065292325354222816e-08,1.040837120556865524e-09,-2.492918184814819482e-03,2.201159722926234602e-02,-3.716389732331267255e-08,-2.450445986769350312e-02,9.144550892886262885e-08
4.183915686142587909e+00,3.805063770820241720e-01,-1.178044320486977374e-02,-4.449216837521606793e-01,2.514242166503105276e-10,-1.137655087043393243e+00,-3.805063780689317832e-01,-2.009610511052705873e-10,4.484022257033507160e-03,-2.639872027403669663e-02,8.285998271659883972e-09,3.088273013562265260e-02,-2.036407691099256456e-08,1.210576486275981441e-09,-2.504093881067720288e-03,2.202716537178286277e-02,-4.447631359754690133e-08,-2.453119276888525088e-02,1.094107192326734780e-07
4.186791229569490014e+00,3.805063770814515745e-01,-1.176755957237234605e-02,-4.449975033288645632e-01,2.750571121678664484e-10,-1.137566383869545783e+00,-3.805063781270127121e-01,-1.972388314740714902e-10,4.476805598573231279e-03,-2.633535800310991826e-02,8.147714930461413776e-09,3.081215141295367069e-02,-2.002393597004798254e-08,1.377903025515796640e-09,-2.515235887551697282e-03,2.204258066754227058e-02,-5.168543238037535316e-08,-2.455773928805086992e-02,1.271221354473654060e-07
4.189666772996392119e+00,3.805063770808903567e-01,-1.175469673770827492e-02,-4.450731406410851632e-01,2.982627046559932806e-10,-1.137477883757376018e+00,-3.805063781840427040e-01,-1.930389144438449733e-10,4.469556949481935312e-03,-2.627195162484978475e-02,7.988849471167876548e-09,3.074149662310615011e-02,-1.963322874675293606e-08,1.542826562791600063e-09,-2.526343992064884140e-03,2.205784289924034997e-02,-5.879167310624827881e-08,-2.458409899506096979e-02,1.445807881131264527e-07
4.192542316423294224e+00,3.805063770803418510e-01,-1.174185479272762955e-02,-4.451485955626225399e-01,3.209822340954365285e-10,-1.137389586924846263e+00,-3.805063782398773187e-01,-1.883681957404357745e-10,4.462276407550890868e-03,-2.620850157971150660e-02,7.809697117397832915e-09,3.067076630388497135e-02,-1.919268058301761075e-08,1.705356993711816687e-09,-2.537417982742551110e-03,2.207295184925597495e-02,-6.579545825423628560e-08,-2.461027145979775496e-02,1.617877152505271641e-07
4.195417859850196329e+00,3.805063770798074452e-01,-1.172903382899822058e-02,-4.452238679685455724e-01,3.431577876447511786e-10,-1.137301493588369183e+00,-3.805063782943743922e-01,-1.832335425330705870e-10,4.454964071180135196e-03,-2.614500830877643234e-02,7.610551873572056436e-09,3.059996099433178948e-02,-1.870301382521380168e-08,1.865504284218778143e-09,-2.548457648060811244e-03,2.208790729964464628e-02,-7.269721331556324696e-08,-2.463625625215645071e-02,1.787439622807506024e-07
4.198293403277098435e+00,3.805063770792884714e-01,-1.171623393780422441e-02,-4.452989577351907369e-01,3.647322961213639113e-10,-1.137213603962806463e+00,-3.805063783473935923e-01,-1.776417932333463981e-10,4.447620039377438161e-03,-2.608147225375328018e-02,7.391706516304259297e-09,3.052908123472517291e-02,-1.816494780302264776e-08,2.023278469818716002e-09,-2.559462776839931120e-03,2.210270903213481380e-02,-7.949736676067689731e-08,-2.466205294204489723e-02,1.954505819446871472e-07
4.201168946704000540e+00,3.805063770787862065e-01,-1.170345521014411368e-02,-4.453738647401667139e-01,3.856495304592803327e-10,-1.137125918261463919e+00,-3.805063783987968629e-01,-1.715997572961681306e-10,4.440244411757323859e-03,-2.601789385697866192e-02,7.153452585876272315e-09,3.045812756658020093e-02,-1.757919880848980325e-08,2.178689654819484235e-09,-2.570433158248098225e-03,2.211735682812569423e-02,-8.619635000665133824e-08,-2.468766109938523232e-02,2.119086342228435863e-07
4.204044490130902645e+00,3.805063770783019828e-01,-1.169069773672909950e-02,-4.454485888623546108e-01,4.058540981414810495e-10,-1.137038436696089061e+00,-3.805063784484481459e-01,-1.651142150230914406e-10,4.432837288540061871e-03,-2.595427356141829373e-02,6.896080377815267596e-09,3.038710053264865110e-02,-1.694648007533144011e-08,2.331748011559462479e-09,-2.581368581804794997e-03,2.213185046868380509e-02,-9.279459738421123190e-08,-2.471308029411382889e-02,2.281191862543239643e-07
4.206920033557804750e+00,3.805063770778370769e-01,-1.167796160798130825e-02,-4.455231299819103485e-01,4.252914396087011675e-10,-1.136951159476866202e+00,-3.805063784962132156e-01,-1.581919173677746981e-10,4.425398770550702764e-03,-2.589061181066819664e-02,6.619878934561575671e-09,3.031600067691927677e-02,-1.626750175846269590e-08,2.482463779638395527e-09,-2.592268837384381457e-03,2.214618973454044251e-02,-9.929254610483903672e-08,-2.473831009618240179e-02,2.440833122560137987e-07
4.209795576984706855e+00,3.805063770773926546e-01,-1.166524691403209718e-02,-4.455974879802662159e-01,4.439078246442254825e-10,-1.136864086812414243e+00,-3.805063785419601774e-01,-1.508395857436814915e-10,4.417928959217961790e-03,-2.582690904895510939e-02,6.325136037232623499e-09,3.024482854461709933e-02,-1.554297091376244700e-08,2.630847265145175145e-09,-2.603133715219607593e-03,2.216037440608848927e-02,-1.056906362277519060e-07,-2.476335007555839282e-02,2.598020934414433494e-07
4.212671120411608960e+00,3.805063770769700482e-01,-1.165255374472026241e-02,-4.456716627401328679e-01,4.616503487351919995e-10,-1.136777218909782228e+00,-3.805063785855591907e-01,-1.430639118339940062e-10,4.410427956573222293e-03,-2.576316572113769229e-02,6.012138197481457265e-09,3.017358468220359899e-02,-1.477359147807030802e-08,2.776908839884549865e-09,-2.613963005905135285e-03,2.217440426337965315e-02,-1.119893106268317613e-07,-2.478819980222575145e-02,2.752766179395379159e-07
4.215546663838511066e+00,3.805063770765703124e-01,-1.163988218959035627e-02,-4.457456541455012689e-01,4.784669294105887080e-10,-1.136690555974445793e+00,-3.805063786268821358e-01,-1.348715574037632802e-10,4.402895865249543440e-03,-2.569938227270785955e-02,5.681170649450888080e-09,3.010226963737713465e-02,-1.396006424941868102e-08,2.920658940602063778e-09,-2.624756500401011217e-03,2.218827908612162544e-02,-1.181890149574798214e-07,-2.481285884618565640e-02,2.905079807131806750e-07
4.218422207265413171e+00,3.805063770761947239e-01,-1.162723233789095777e-02,-4.458194620816439135e-01,4.943063025562250608e-10,-1.136604098210304059e+00,-3.805063786658031133e-01,-1.262691541143028254e-10,4.395332788480515313e-03,-2.563555914979123718e-02,5.332517341823562515e-09,3.003088395907221875e-02,-1.310308686750045210e-08,3.062108068206979079e-09,-2.635513990036161477e-03,2.220199865367489950e-02,-1.242901976233855540e-07,-2.483732677745685222e-02,3.054972834775652953e-07
4.221297750692315276e+00,3.805063770758445041e-01,-1.161460427857293094e-02,-4.458930864351171586e-01,5.091180187070713785e-10,-1.136517845819676520e+00,-3.805063787021981669e-01,-1.172633033397816179e-10,4.387738830099284851e-03,-2.557169679914872776e-02,4.966460929966170420e-09,2.995942819746011399e-02,-1.220335379436795098e-08,3.201266786994794953e-09,-2.646235266511923895e-03,2.221556274505039064e-02,-1.302933097432768607e-07,-2.486160316607684620e-02,3.202456346185039513e-07
4.224173294119217381e+00,3.805063770755207075e-01,-1.160199810028763635e-02,-4.459665270937634984e-01,5.228524393171390582e-10,-1.136431799003297716e+00,-3.805063787359453387e-01,-1.078605759860349029e-10,4.380114094537365839e-03,-2.550779566817670471e-02,4.583282768168510507e-09,2.988790290394789662e-02,-1.126155629536503840e-08,3.338145723868096367e-09,-2.656920121905535261e-03,2.222897113890611245e-02,-1.361988051176006729e-07,-2.488568758210213741e-02,3.347541491105627529e-07
4.227048837546119486e+00,3.805063770752245556e-01,-1.158941389138538024e-02,-4.460397839467118986e-01,5.354607330069763458e-10,-1.136345957960315234e+00,-3.805063787669246689e-01,-9.806751231176839444e-11,4.372458686823661386e-03,-2.544385620490893091e-02,4.183262901984649875e-09,2.981630863117935154e-02,-1.027838242030994318e-08,3.472755567554039982e-09,-2.667568348673511440e-03,2.224222361354437003e-02,-1.420071401950574079e-07,-2.490957959560884116e-02,3.490239484348391459e-07
4.229924380973021592e+00,3.805063770749571028e-01,-1.157685173991352193e-02,-4.461128568843815700e-01,5.468948717896130534e-10,-1.136260322888286600e+00,-3.805063787950182519e-01,-8.789062175178073080e-11,4.364772712583325949e-03,-2.537987885801709989e-02,3.766680060660803492e-09,2.974464593303442761e-02,-9.254516984891288738e-09,3.605107067823955142e-09,-2.678179739655246923e-03,2.225531994690922027e-02,-1.477187740392275796e-07,-2.493327877669377496e-02,3.630561604969651523e-07
4.232799924399923697e+00,3.805063770747194041e-01,-1.156431173361486230e-02,-4.461857457984820252e-01,5.571076272745895411e-10,-1.136174893983173728e+00,-3.805063788201098474e-01,-7.733638274263297645e-11,4.357056278036644699e-03,-2.531586407681188020e-02,3.333811649667536464e-09,2.967291536462916476e-02,-8.190641552320265849e-09,3.735211034708478936e-09,-2.688754088076392330e-03,2.226825991658322110e-02,-1.533341682950065828e-07,-2.495678469547468400e-02,3.768519195446398186e-07
4.235675467826825802e+00,3.805063770745126805e-01,-1.155179395992589862e-02,-4.462584505820163527e-01,5.660525668507975699e-10,-1.136089671439340476e+00,-3.805063788420855464e-01,-6.641124255046602733e-11,4.349309489997931107e-03,-2.525181231124406026e-02,2.884933743323953324e-09,2.960111748231572526e-02,-7.087434415209003849e-09,3.863078337713217745e-09,-2.699291187552329066e-03,2.228104329978475642e-02,-1.588537871550619500e-07,-2.498009692209101490e-02,3.904123660852156634e-07
4.238551011253727907e+00,3.805063770743378204e-01,-1.153929850597514191e-02,-4.463309711292818838e-01,5.736840498481941355e-10,-1.136004655449549983e+00,-3.805063788608332720e-01,-5.512161710112139103e-11,4.341532455874441004e-03,-2.518772401190576618e-02,2.420321077520407854e-09,2.952925284368256714e-02,-5.945570577690801112e-09,3.988719905032509176e-09,-2.709790832091636594e-03,2.229366987336533351e-02,-1.642780973262093732e-07,-2.500321502670481422e-02,4.037386468030876067e-07
4.241426554680630012e+00,3.805063770741960449e-01,-1.152682545858135961e-02,-4.464033073358728010e-01,5.799572236787610293e-10,-1.135919846204959782e+00,-3.805063788762426680e-01,-4.347389081248429763e-11,4.333725283665111443e-03,-2.512359963003083646e-02,1.940247042536207974e-09,2.945732200755354913e-02,-4.765721737773959629e-09,4.112146722762235632e-09,-2.720252816099515917e-03,2.230613941380631474e-02,-1.696075679957480935e-07,-2.502613857950086382e-02,4.168319144769806264e-07
4.244302098107532117e+00,3.805063770740881313e-01,-1.151437490425198142e-02,-4.464754590986818594e-01,5.848280199568937627e-10,-1.135835243895118474e+00,-3.805063788882055431e-01,-3.147441642919585573e-11,4.325888081959610061e-03,-2.505943961749705282e-02,1.444983675958569817e-09,2.938532553398924205e-02,-3.548556269944190255e-09,4.233369834110852415e-09,-2.730676934381232566e-03,2.231845169721680122e-02,-1.748426707977195824e-07,-2.504886715068814149e-02,4.296933278970485785e-07
4.247177641534434223e+00,3.805063770740153006e-01,-1.150194692918126392e-02,-4.465474263159018853e-01,5.882531505996653931e-10,-1.135750848707963057e+00,-3.805063788966155935e-01,-1.912951485943155102e-11,4.318020959936964658e-03,-2.499524442682585224e-02,9.348016556901996564e-10,2.931326398428523231e-02,-2.294739207984941576e-09,4.352400338610911719e-09,-2.741062982145519265e-03,2.233060649932985461e-02,-1.799838797791881658e-07,-2.507140031049936990e-02,4.423240517820282347e-07
4.250053184961336328e+00,3.805063770739784412e-01,-1.148954161924868600e-02,-4.466192088870282184e-01,5.901901039070196403e-10,-1.135666660829813601e+00,-3.805063789013683473e-01,-6.445475014166638138e-12,4.310124027364599548e-03,-2.493101451118465497e-02,4.099702930629059628e-10,2.924113792097356168e-02,-1.004932228058090497e-09,4.469249391327813915e-09,-2.751410755008044939e-03,2.234260359550070338e-02,-1.850316713664018723e-07,-2.509373762919287279e-02,4.547252566960980215e-07
4.252928728388238433e+00,3.805063770739785523e-01,-1.147715906001730082e-02,-4.466908067128597670e-01,5.905971406223592011e-10,-1.135582680445372139e+00,-3.805063789023612197e-01,6.571446351337978522e-12,4.302197394596998965e-03,-2.486675032438712477e-02,-1.292424739537220924e-10,2.916894790782162059e-02,3.202063679816993484e-10,4.583928202067584423e-09,-2.761720048994751459e-03,2.235444276070312417e-02,-1.899865243309120420e-07,-2.511587867705226962e-02,4.668981189656362286e-07
4.255804271815140538e+00,3.805063770740165774e-01,-1.146479933673191093e-02,-4.467622196955017277e-01,5.894332899737408151e-10,-1.135498907737717111e+00,-3.805063788994935692e-01,1.991502479393707109e-11,4.294241172574621117e-03,-2.480245232089460863e-02,-6.825700874530659565e-10,2.909669450983250541e-02,1.680021669050112469e-09,4.696448034585866530e-09,-2.771990660545326987e-03,2.236612376952709300e-02,-1.948489197557452657e-07,-2.513782302438765173e-02,4.788438205961068532e-07
4.258679815242042643e+00,3.805063770740934048e-01,-1.145246253431748441e-02,-4.468334477383669734e-01,5.866583456959247184e-10,-1.135415342888300039e+00,-3.805063788926665858e-01,3.357906833649733842e-11,4.286255472822668271e-03,-2.473812095581720549e-02,-1.249747376185403318e-09,2.902437829324491098e-02,3.073862171033817279e-09,4.806820205793347411e-09,-2.782222386516567010e-03,2.237764639617584317e-02,-1.996193410014221966e-07,-2.515957024153609931e-02,4.905635491885701042e-07
4.261555358668944749e+00,3.805063770742099782e-01,-1.144014873737750175e-02,-4.469044907461778293e-01,5.822328620336288984e-10,-1.135331986076943522e+00,-3.805063788817835135e-01,4.755741761958841618e-11,4.278240407449896733e-03,-2.467375668491495269e-02,-1.830510562057388365e-09,2.895199982553308543e-02,4.501079792759242941e-09,4.915056084961326428e-09,-2.792415024185739697e-03,2.238901041446305501e-02,-2.042982736719821588e-07,-2.518111989886223645e-02,5.020584978562068810e-07
4.264430902095846854e+00,3.805063770743672413e-01,-1.142785803019217769e-02,-4.469753486249682384e-01,5.761181497262008407e-10,-1.135248837481835915e+00,-3.805063788667491509e-01,6.184394605098042691e-11,4.270196089147336622e-03,-2.460935996459852684e-02,-2.424597266537661549e-09,2.887955967540628555e-02,5.961029891730418173e-09,5.021167092927079932e-09,-2.802568371254027593e-03,2.240021559781013236e-02,-2.088862055809999735e-07,-2.520247156675901185e-02,5.133298651408236130e-07
4.267306445522748959e+00,3.805063770745659157e-01,-1.141559049671683757e-02,-4.470460212820856483e-01,5.682762719740118926e-10,-1.135165897279527991e+00,-3.805063788474703501e-01,7.643255995277773791e-11,4.262122631187194657e-03,-2.454493125193104447e-02,-3.031746516961425853e-09,2.880705841280949836e-02,7.453071279618781101e-09,5.125164701298082086e-09,-2.812682225849856554e-03,2.241126171924350680e-02,-2.133836267175526256e-07,-2.522362481564842732e-02,5.243788549292341726e-07
4.270181988949651952e+00,3.805063770748070562e-01,-1.140334622058031960e-02,-4.471165086261923438e-01,5.586700403869568147e-10,-1.135083165644930725e+00,-3.805063788238557398e-01,9.131719870613617073e-11,4.254020147421539236e-03,-2.448047100462894671e-02,-3.651698752731834830e-09,2.873449660892300056e-02,8.976566237499471009e-09,5.227060431654041927e-09,-2.822756386532225548e-03,2.242214855139175109e-02,-2.177910292120930469e-07,-2.524457921598195764e-02,5.352066763694145192e-07
4.273057532376553169e+00,3.805063770750914398e-01,-1.139112528508317256e-02,-4.471868105672682225e-01,5.472630109150751683e-10,-1.135000642751310629e+00,-3.805063787958158361e-01,1.064918348939965507e-10,4.245888752280991586e-03,-2.441597968106249197e-02,-4.284195831436182812e-09,2.866187483616157439e-02,1.053088053087819741e-08,5.326865854750839626e-09,-2.832790652294127961e-03,2.243287586648262319e-02,-2.221089073024047653e-07,-2.526533433824112648e-02,5.458145437868548073e-07
4.275933075803456163e+00,3.805063770754197883e-01,-1.137892777319612046e-02,-4.472569270166117383e-01,5.340194797619520424e-10,-1.134918328770286644e+00,-3.805063787632628203e-01,1.219504744411824457e-10,4.237728560773661515e-03,-2.435145774025824703e-02,-4.928981034849772246e-09,2.858919366817590582e-02,1.211538342444211119e-08,5.424592589721541164e-09,-2.842784822565857118e-03,2.244344343634097766e-02,-2.263377572994324104e-07,-2.528588975293874497e-02,5.562036766006060338e-07
4.278808619230357380e+00,3.805063770757930453e-01,-1.136675376755829497e-02,-4.473268578868426215e-01,5.189044792807406475e-10,-1.134836223871825256e+00,-3.805063787261108721e-01,1.376871567525259900e-10,4.229539688483698046e-03,-2.428690564189894124e-02,-5.585799074855075888e-09,2.851645367985103027e-02,1.372944769660275152e-08,5.520252303278560289e-09,-2.852738697218357763e-03,2.245385103238528232e-02,-2.304780775531598117e-07,-2.530624503061883884e-02,5.663752992394457987e-07
4.281684162657260373e+00,3.805063770762119324e-01,-1.135460335047567063e-02,-4.473966030919032111e-01,5.018837738535879432e-10,-1.134754328224238940e+00,-3.805063786842758367e-01,1.536959548483753325e-10,4.221322251570091590e-03,-2.422232384632527075e-02,-6.254396099249261453e-09,2.844365544730695014e-02,1.537244965376450774e-08,5.613856708913319093e-09,-2.862652076566541554e-03,2.246409842562528333e-02,-2.345303684183823236e-07,-2.532639974185768930e-02,5.763306410577822275e-07
4.284559706084161590e+00,3.805063770766771714e-01,-1.134247660391933185e-02,-4.474661625470606752e-01,4.829238557542062546e-10,-1.134672641994182163e+00,-3.805063786376753909e-01,1.699709754981118114e-10,4.213076366765453572e-03,-2.415771281453726188e-02,-6.934519697466281743e-09,2.837079954789876665e-02,1.704376914438324709e-08,5.705417566097728375e-09,-2.872524761372624233e-03,2.247418538665932677e-02,-2.384951322205558865e-07,-2.534635345726451994e-02,5.860709362517463581e-07
4.287435249511064583e+00,3.805063770771896503e-01,-1.133037360952399153e-02,-4.475355361689080103e-01,4.619919409945849412e-10,-1.134591165346647390e+00,-3.805063785862290437e-01,1.865063593509574658e-10,4.204802151374600026e-03,-2.409307300819497899e-02,-7.625918906183516423e-09,2.829788656021598597e-02,1.874278957274132857e-08,5.794946679481812527e-09,-2.882356552849398620e-03,2.248411168567142349e-02,-2.423728732214816044e-07,-2.536610574748191307e-02,5.955974237748827159e-07
4.290310792937965800e+00,3.805063770777500354e-01,-1.131829444858603768e-02,-4.476047238753680380e-01,4.390559651548685259e-10,-1.134509898444959752e+00,-3.805063785298580248e-01,2.032962810651886342e-10,4.196499723273363312e-03,-2.402840488961995383e-02,-8.328344214859478213e-09,2.822491706408278289e-02,2.046889791255319212e-08,5.882455898096323962e-09,-2.892147252663583926e-03,2.249387709242855332e-02,-2.461640975852044896e-07,-2.538565618318649672e-02,6.049113472543628269e-07
4.293186336364868794e+00,3.805063770783590482e-01,-1.130623920206223765e-02,-4.476737255856927944e-01,4.140845791986255749e-10,-1.134428841450777714e+00,-3.805063784684852846e-01,2.203349494341069548e-10,4.188169200907174844e-03,-2.396370892179621251e-02,-9.041547571133860512e-09,2.815189164055758447e-02,2.222148472023268715e-08,5.967957114548066778e-09,-2.901896662939089204e-03,2.250348137627811856e-02,-2.498693133435980112e-07,-2.540500433508971131e-02,6.140139549064297299e-07
4.296061879791770011e+00,3.805063770790174105e-01,-1.129420795056789405e-02,-4.477425412204670274e-01,3.870471452717360920e-10,-1.134347994524085079e+00,-3.805063784020355500e-01,2.376166075104904974e-10,4.179810703289873336e-03,-2.389898556837199289e-02,-9.765282386161707533e-09,2.807881087193364600e-02,2.399994414799872029e-08,6.051462264220753435e-09,-2.911604586260313227e-03,2.251292430614536266e-02,-2.534890303621879040e-07,-2.542414977393859382e-02,6.229064994524276831e-07
4.298937423218673004e+00,3.805063770797258993e-01,-1.128220077437524019e-02,-4.478111707016098064e-01,3.579137324864891301e-10,-1.134267357823191436e+00,-3.805063783304352132e-01,2.551355327284093438e-10,4.171424350002307484e-03,-2.383423529366051827e-02,-1.049930353983529880e-08,2.800567534173840911e-02,2.580367395670480686e-08,6.132983324472789278e-09,-2.921270825675395793e-03,2.252220565053035875e-02,-2.570237603058425691e-07,-2.544309207051605529e-02,6.315902380345070331e-07
4.301812966645574221e+00,3.805063770804850143e-01,-1.127021775341186319e-02,-4.478796139523761877e-01,3.266551126908757316e-10,-1.134186931504724605e+00,-3.805063782536127204e-01,2.728860370226978689e-10,4.163010261190902214e-03,-2.376945856264083695e-02,-1.124336738590576531e-08,2.793248563473291549e-02,2.763207552842238720e-08,6.212532313834563236e-09,-2.930895184699488110e-03,2.253132517750524449e-02,-2.604740166044436761e-07,-2.546183079564144983e-02,6.400664321312772038e-07
4.304688510072477214e+00,3.805063770812954771e-01,-1.125825896725906640e-02,-4.479478708973589907e-01,2.932427562232070641e-10,-1.134106715723630865e+00,-3.805063781714977389e-01,2.908624669462113142e-10,4.154568557566560606e-03,-2.370465584096039316e-02,-1.199723175700991406e-08,2.785924233691331256e-02,2.948455387879129826e-08,6.290121291206983430e-09,-2.940477467318049209e-03,2.254028265471243533e-02,-2.638403144186082747e-07,-2.548036552017212547e-02,6.483363474735892805e-07
4.307564053499378431e+00,3.805063770821579539e-01,-1.124632449515017459e-02,-4.480159414624916292e-01,2.576488276521617690e-10,-1.134026710633168511e+00,-3.805063780840219900e-01,3.090592037848712053e-10,4.146099360403015036e-03,-2.363982759493457597e-02,-1.276065596960236197e-08,2.778594603550870595e-02,3.136051766913738063e-08,6.365762355058943230e-09,-2.950017477990005306e-03,2.254907784936056522e-02,-2.671231706053672315e-07,-2.549869581500256027e-02,6.564012539602083749e-07
4.310439596926281425e+00,3.805063770830731107e-01,-1.123441441596906981e-02,-4.480838255750486665e-01,2.198461815035303857e-10,-1.133946916384906300e+00,-3.805063779911187494e-01,3.274706636700420770e-10,4.137602791535670115e-03,-2.357497429154929713e-02,-1.353340082877387452e-08,2.771259731898265133e-02,3.325937921831084923e-08,6.439467642623969236e-09,-2.959515021651090878e-03,2.255771052822326192e-02,-2.703231036838063443e-07,-2.551682125106657928e-02,6.642624255733978973e-07
4.313315140353182642e+00,3.805063770840414472e-01,-1.122252880824840642e-02,-4.481515231636488128e-01,1.798083579721668905e-10,-1.133867333128717902e+00,-3.805063778927230134e-01,3.460912976891468734e-10,4.129078973360124707e-03,-2.351009639846146637e-02,-1.431522863299391146e-08,2.763919677703211703e-02,3.518055451433798587e-08,6.511249329098971124e-09,-2.968969903716979410e-03,2.256618045763536876e-02,-2.734406338007993598e-07,-2.553474139933670922e-02,6.719211402947250116e-07
4.316190683780085635e+00,3.805063770850636851e-01,-1.121066775016808272e-02,-4.482190341582567572e-01,1.375095786213306949e-10,-1.133787961012781009e+00,-3.805063777887714438e-01,3.649155919935240612e-10,4.120528028830870888e-03,-2.344519438400083020e-02,-1.510590317873557732e-08,2.756574500058807040e-02,3.712346322578436091e-08,6.581119626840968209e-09,-2.978381930086565488e-03,2.257448740349106767e-02,-2.764762826966527932e-07,-2.555245583082567037e-02,6.793786800206543315e-07
4.319066227206987740e+00,3.805063770861403238e-01,-1.119883131955370405e-02,-4.482863584901843335e-01,9.292474206875777088e-11,-1.133708800183571341e+00,-3.805063776792024788e-01,3.839380679040416372e-10,4.111950081459791670e-03,-2.338026871717074212e-02,-1.590518976500454272e-08,2.749224258181466596e-02,3.908752871288180874e-08,6.649090784563733284e-09,-2.987750907145142378e-03,2.258263113124095445e-02,-2.794305736707479958e-07,-2.556996411658661594e-02,6.866363304781308165e-07
4.321941770633889845e+00,3.805063770872719742e-01,-1.118701959387480120e-02,-4.483534960920935730e-01,4.602941965911059410e-11,-1.133629850785859761e+00,-3.805063775639559998e-01,4.031532820147438414e-10,4.103345255314863431e-03,-2.331531986764976902e-02,-1.671285519778367113e-08,2.741869011410967907e-02,4.107217803844846258e-08,6.715175086536757537e-09,-2.997076641767610836e-03,2.259061140588941585e-02,-2.823040315472824839e-07,-2.558726582771388494e-02,6.936953811404085203e-07
4.324817314060791951e+00,3.805063770884590801e-01,-1.117523265024349642e-02,-4.484204468979973157e-01,-3.200148874762840298e-12,-1.133551112962710494e+00,-3.805063774429736090e-01,4.225558262935484536e-10,4.094713675018644972e-03,-2.325034830579280135e-02,-1.752866779435182646e-08,2.734508819210401329e-02,4.307684197849952956e-08,6.779384851780584135e-09,-3.006358941321624154e-03,2.259842799199201016e-02,-2.850971826408548843e-07,-2.560436053534345668e-02,7.005571251424953150e-07
4.327692857487694056e+00,3.805063770897022524e-01,-1.116347056541261082e-02,-4.484872108432626514e-01,-5.478705976487898524e-11,-1.133472586855473807e+00,-3.805063773161986851e-01,4.421403281815026774e-10,4.086055465746931369e-03,-2.318535450263233683e-02,-1.835239738754060735e-08,2.727143741166170032e-02,4.510095503270565291e-08,6.841732433266952702e-09,-3.015597613670827765e-03,2.260608065365289979e-02,-2.878105547222572970e-07,-2.562124781065375917e-02,7.072228591971063642e-07
4.330568400914596161e+00,3.805063770910019905e-01,-1.115173341577429221e-02,-4.485537878646116972e-01,-1.087537495712752022e-10,-1.133394272603786890e+00,-3.805063771835759945e-01,4.619014506889035431e-10,4.077370753227307215e-03,-2.312033892988000702e-02,-1.918381532985730319e-08,2.719773836987996254e-02,4.714395543452255905e-08,6.902230217114893083e-09,-3.024792467177986506e-03,2.261356915452238797e-02,-2.904446769840925863e-07,-2.563792722486634909e-02,7.136938835101874099e-07
4.333443944341498266e+00,3.805063770923589050e-01,-1.114002127735835672e-02,-4.486201779001241507e-01,-1.651219995579693229e-10,-1.133316170345567420e+00,-3.805063770450521354e-01,4.818338924895568446e-10,4.068659663737687719e-03,-2.305530205992769796e-02,-2.002269449752822245e-08,2.712399166508887641e-02,4.920528516112513285e-08,6.960890621789188160e-09,-3.033943310708172615e-03,2.262089325779438609e-02,-2.930000800064943229e-07,-2.565439834924659185e-02,7.199715016966910044e-07
4.336319487768400371e+00,3.805063770937727186e-01,-1.112833422581655483e-02,-4.486863808892243566e-01,-2.238909464090771622e-10,-1.133238280217043092e+00,-3.805063769006291063e-01,5.012594951758454752e-10,4.059922342293432844e-03,-2.299024434717987161e-02,-2.084054265468307487e-08,2.705019785409508784e-02,5.121493093531443658e-08,6.441824785686533136e-09,-3.043034386767102303e-03,2.262806870406083512e-02,-2.712850409975792329e-07,-2.567069734818145862e-02,6.666099118947585485e-07
4.339195031195302477e+00,3.805063770952398783e-01,-1.111667233633481695e-02,-4.487523967725949858e-01,-2.849030851919162001e-10,-1.133160602352954127e+00,-3.805063767506940975e-01,5.188540121526171878e-10,4.051158951922413307e-03,-2.292516622879820984e-02,-2.158172695148111232e-08,2.697635745388328801e-02,5.303618743064999581e-08,5.797163048094425271e-09,-3.052077726177522890e-03,2.263508271199668118e-02,-2.442924972535775018e-07,-2.568679506521458558e-02,6.002800515030541898e-07
4.342070574622204582e+00,3.805063770967549441e-01,-1.110503568369025813e-02,-4.488182254922395420e-01,-3.479355000062315162e-10,-1.133083136886406495e+00,-3.805063765957948929e-01,5.346088706634904710e-10,4.042369620636173180e-03,-2.286006817912958691e-02,-2.224588291630984460e-08,2.690247106626677404e-02,5.466815912094930820e-08,5.162294889086299639e-09,-3.061076798629019068e-03,2.264193128749978495e-02,-2.177098502471537788e-07,-2.570268246982097132e-02,5.349574500402498228e-07
4.344946118049106687e+00,3.805063770983126981e-01,-1.109342434229385575e-02,-4.488838669915288238e-01,-4.127683839713569173e-10,-1.133005883948769554e+00,-3.805063764364714496e-01,5.485521519303793971e-10,4.033554476000907919e-03,-2.279495067422229043e-02,-2.283418585056166725e-08,2.682853929661776701e-02,5.611373413072975812e-08,4.537164194119693556e-09,-3.070031413171335662e-03,2.264861419381681423e-02,-1.915347517575216264e-07,-2.571835913780896876e-02,4.706363371034694533e-07
4.347821661476008792e+00,3.805063770999080330e-01,-1.108183838618891082e-02,-4.489493212152040336e-01,-4.791853001188702253e-10,-1.132928843669668950e+00,-3.805063762732557864e-01,5.607117755692932712e-10,4.024713646131222386e-03,-2.272981419080632309e-02,-2.334780429291714740e-08,2.675456275152854335e-02,5.737578396615154536e-08,3.921714678058293454e-09,-3.078941379366763233e-03,2.265513119373084583e-02,-1.657648464233632926e-07,-2.573382464504660877e-02,4.073109247430773107e-07
4.350697204902910897e+00,3.805063771015357865e-01,-1.107027788904961160e-02,-4.490145881093774993e-01,-5.469731619160141057e-10,-1.132852016176985055e+00,-3.805063761066714845e-01,5.711154991051379201e-10,4.015847259688520160e-03,-2.266465920629416250e-02,-2.378789999903598606e-08,2.668054203881048414e-02,5.845716346511139726e-08,3.315889889033412508e-09,-3.087806507293291373e-03,2.266148204955828471e-02,-1.403977719044309975e-07,-2.574907856746134691e-02,3.449754078597892877e-07
4.353572748329813002e+00,3.805063771031909070e-01,-1.105874292417936833e-02,-4.490796676215357830e-01,-6.159222137327844498e-10,-1.132775401596848974e+00,-3.805063759372340204e-01,5.797909174979650566e-10,4.006955445879728517e-03,-2.259948619878318632e-02,-2.415562792172721257e-08,2.660647776749521659e-02,5.936071074851387498e-08,2.719633212291422724e-09,-3.096626607547891229e-03,2.266766652314703215e-02,-1.154311590425610275e-07,-2.576412048104133323e-02,2.836239646003405580e-07
4.356448291756715108e+00,3.805063771048685095e-01,-1.104723356450916863e-02,-4.491445597005417345e-01,-6.858260112525065524e-10,-1.132699000053636995e+00,-3.805063757654505996e-01,5.867654626801056872e-10,3.998038334455456151e-03,-2.253429564705498878e-02,-2.445213619157485106e-08,2.653237054783207094e-02,6.008924717266189482e-08,2.132887874039849492e-09,-3.105401491249680946e-03,2.267368437587266930e-02,-9.086263202263097292e-08,-2.577894996183449638e-02,2.232507567530132497e-07
4.359323835183617213e+00,3.805063771065638201e-01,-1.103574988259631989e-02,-4.492092642966346028e-01,-7.564814018251113514e-10,-1.132622811669971474e+00,-3.805063755918206558e-01,5.920664031042297479e-10,3.989096055708879485e-03,-2.246908803057934625e-02,-2.467856609802067375e-08,2.645822099129089416e-02,6.064557728277051454e-08,1.555596945310510184e-09,-3.114130970043022147e-03,2.267953536863693068e-02,-6.668980853423163594e-08,-2.579356658594987584e-02,1.638499301449220290e-07
4.362199378610519318e+00,3.805063771082720092e-01,-1.102429195062248901e-02,-4.492737813614346987e-01,-8.276885047709214509e-10,-1.132546836566712400e+00,-3.805063754168350743e-01,5.957208433028788384e-10,3.980128740473954166e-03,-2.240386382951349217e-02,-2.483605207092740387e-08,2.638402971055952076e-02,6.103248876766137774e-08,9.877033457841098584e-10,-3.122814856100857104e-03,2.268521926186456428e-02,-4.291029993172446734e-08,-2.580796992955758373e-02,1.054156150353297463e-07
4.365074922037421423e+00,3.805063771099883030e-01,-1.101285984039245339e-02,-4.493381108479432839e-01,-8.992506916278589212e-10,-1.132471074862957394e+00,-3.805063752409771904e-01,5.977557234586064110e-10,3.971136520123939688e-03,-2.233862352470420212e-02,-2.492572166258558191e-08,2.630979731954431744e-02,6.125275241554726968e-08,4.291498476468841206e-10,-3.131452962127710248e-03,2.269073581550056992e-02,-1.952171139564091206e-08,-2.582215956888878755e-02,4.794192651226375807e-08
4.367950465464323528e+00,3.805063771117082605e-01,-1.100145362333243559e-02,-4.494022527105455134e-01,-9.709745663500571689e-10,-1.132395526676036823e+00,-3.805063750647222909e-01,5.981978189854538488e-10,3.962119526569987324e-03,-2.227336759768968125e-02,-2.494869553019493900e-08,2.623552443337069315e-02,6.130912207098289866e-08,-1.201209205760733510e-10,-3.140045101362888731e-03,2.269608478900794410e-02,3.478357906893491329e-09,-2.583613508023644909e-02,-8.577035113267514710e-09
4.370826008891225634e+00,3.805063771134271633e-01,-1.099007337048852305e-02,-4.494662069050124886e-01,-1.042669945456363756e-09,-1.132320192121510249e+00,-3.805063748885375574e-01,5.970737401213372629e-10,3.953077892259484333e-03,-2.220809653070025813e-02,-2.490608741880238728e-08,2.616121166838206169e-02,6.120433459293758564e-08,-6.601664701876406465e-10,-3.148591087583714650e-03,2.270126594136536585e-02,2.609231466174289572e-08,-2.584989603995595936e-02,-6.414718391307442603e-08
4.373701552318127739e+00,3.805063771151405705e-01,-1.097871915252527156e-02,-4.495299733885022575e-01,-1.114149838129171848e-09,-1.132245071313163987e+00,-3.805063747128826779e-01,5.944099315314806668e-10,3.944011750174526536e-03,-2.214281080666015769e-02,-2.479900414470224541e-08,2.608685964214007072e-02,6.094110981400383837e-08,-1.191044448479367024e-09,-3.157090735108466269e-03,2.270627903106387305e-02,4.832257124708685034e-08,-2.586344202446454882e-02,-1.187744479469544947e-07
4.376577095745029844e+00,3.805063771168441522e-01,-1.096739103972395671e-02,-4.495935521195633666e-01,-1.185230426268599117e-09,-1.132170164363004661e+00,-3.805063745382092355e-01,5.902326719228559258e-10,3.934921233830312830e-03,-2.207751090918830608e-02,-2.462854557929719372e-08,2.601246897342380723e-02,6.052215050073819673e-08,-1.712812634914198059e-09,-3.165543858799646244e-03,2.271112381610471478e-02,7.017154557366901671e-08,-2.587677261024216857e-02,-1.724647688701267529e-07
4.379452639171931949e+00,3.805063771185335786e-01,-1.095608910198123814e-02,-4.496569430581355831e-01,-1.255731044498246682e-09,-1.132095471381260987e+00,-3.805063743649612085e-01,5.845680736696705311e-10,3.925806477273753939e-03,-2.201219732260105075e-02,-2.439580463342141155e-08,2.593804028223106392e-02,5.995014231513777729e-08,-2.225528937293284813e-09,-3.173950274066993961e-03,2.271580005399711014e-02,9.164166092437869389e-08,-2.588988737383198652e-02,-2.252241015390277345e-07
4.382328182598834054e+00,3.805063771202046863e-01,-1.094481340880753585e-02,-4.497201461655524479e-01,-1.325474160128446567e-09,-1.132020992476374222e+00,-3.805063741935749144e-01,5.774420824497592680e-10,3.916667615081637945e-03,-2.194687053191198001e-02,-2.410186724212022907e-08,2.586357418977631648e-02,5.922775377723858057e-08,-2.729251387941077195e-09,-3.182309796870602409e-03,2.272030750175504932e-02,1.127353457945991635e-07,-2.590278589184008898e-02,-2.770584136189906950e-07
4.385203726025736159e+00,3.805063771218531454e-01,-1.093356402932555739e-02,-4.497831614045429416e-01,-1.394285353075364580e-09,-1.131946727754998827e+00,-3.805063740244788439e-01,5.688804768920584506e-10,3.907504782359236435e-03,-2.188153102283449739e-02,-2.374781234989343684e-08,2.578907131849191015e-02,5.835763622885321652e-08,-3.224038139887367728e-09,-3.190622243723986902e-03,2.272464591589530916e-02,1.334550337324256177e-07,-2.591546774093637581e-02,-3.279736851916071821e-07
4.388079269452638265e+00,3.805063771234749592e-01,-1.092234103226865510e-02,-4.498459887392343148e-01,-1.461993295739503531e-09,-1.131872677321997811e+00,-3.805063738580941601e-01,5.589088682348902696e-10,3.898318114738630498e-03,-2.181617928178268551e-02,-2.333471189639107979e-08,2.571453229202717156e-02,5.734242379842056577e-08,-3.709947463062485931e-09,-3.198887431697181125e-03,2.272881505243476083e-02,1.538031631794368359e-07,-2.592793249785461246e-02,-3.779759083634451945e-07
4.390954812879540370e+00,3.805063771250661309e-01,-1.091114448597952508e-02,-4.499086281351530325e-01,-1.528429732841732157e-09,-1.131798841280438728e+00,-3.805063736948341435e-01,5.475526999954325865e-10,3.889107748377142963e-03,-2.175081579587321082e-02,-2.286363080257731634e-08,2.563995773524876953e-02,5.618473336700557282e-08,-4.187037740482718939e-09,-3.207105178419691373e-03,2.273281466688772609e-02,1.737821773110548181e-07,-2.594017973939262076e-02,-4.270710868737580485e-07
4.393830356306442475e+00,3.805063771266226635e-01,-1.089997445840853833e-02,-4.499710795592274382e-01,-1.593429461222249539e-09,-1.131725219731590792e+00,-3.805063735351049692e-01,5.348372476498924446e-10,3.879873819955662658e-03,-2.168544105292618401e-02,-2.233562695734224536e-08,2.556534827423988243e-02,5.488716453539986423e-08,-4.655367464455893416e-09,-3.215275302083633359e-03,2.273664451426365279e-02,1.933945238777501297e-07,-2.595220904241277854e-02,-4.752652357042706459e-07
4.396705899733344580e+00,3.805063771281407270e-01,-1.088883101711224377e-02,-4.500333429797896967e-01,-1.656830309600888757e-09,-1.131651812774920662e+00,-3.805063733793049296e-01,5.207876183246763265e-10,3.870616466677110051e-03,-2.162005554146715844e-02,-2.175175120457392358e-08,2.549070453630058325e-02,5.345229959235334126e-08,-5.114995232786506234e-09,-3.223397621446738928e-03,2.274030434906476258e-02,2.126426550462276432e-07,-2.596401998384244639e-02,-5.225643806889158730e-07
4.399581443160246685e+00,3.805063771296165465e-01,-1.087771422925197864e-02,-4.500954183665776820e-01,-1.718473118300248690e-09,-1.131578620508090438e+00,-3.805063732278252120e-01,5.054287504985880728e-10,3.861335826264695147e-03,-2.155465975072809806e-02,-2.111304733069191993e-08,2.541602714994713533e-02,5.188270348393970464e-08,-5.565979744980964347e-09,-3.231471955835295111e-03,2.274379392528309146e-02,2.315290272406162260e-07,-2.597561214067374905e-02,-5.689745581235837043e-07
4.402456986587149679e+00,3.805063771310463472e-01,-1.086662416159224487e-02,-4.501573056907371417e-01,-1.778201718934904388e-09,-1.131505643026951669e+00,-3.805063730810497313e-01,4.887854137157043583e-10,3.852032036960410452e-03,-2.148925417064941404e-02,-2.042055205262768976e-08,2.534131674491243644e-02,5.018092378402021723e-08,-6.008379798468772287e-09,-3.239498125147223691e-03,2.274711299639860240e-02,2.500561009843267091e-07,-2.598698508996447401e-02,-6.145018143775102159e-07
4.405332530014050896e+00,3.805063771324264654e-01,-1.085556088049936634e-02,-4.502190049248234183e-01,-1.835862914065363420e-09,-1.131432880425544907e+00,-3.805063729393546867e-01,4.708822083093904308e-10,3.842705237523275433e-03,-2.142383929188100902e-02,-1.967529500627113802e-08,2.526657395214530755e-02,4.834949066585285367e-08,-6.442254284818620096e-09,-3.247475949855014622e-03,2.275026131537639940e-02,2.682263407416968018e-07,-2.599813840883803337e-02,-6.591522055041433439e-07
4.408208073440953889e+00,3.805063771337531819e-01,-1.084452445193974726e-02,-4.502805160428046682e-01,-1.891306456821401441e-09,-1.131360332796092827e+00,-3.805063728031094494e-01,4.517435651366537965e-10,3.833355567227706741e-03,-2.135841560578364412e-02,-1.887829873535000978e-08,2.519179940381022914e-02,4.639091687476518445e-08,-6.867662185976532989e-09,-3.255405251008751388e-03,2.275323863466430577e-02,2.860422147605574181e-07,-2.600907167448379687e-02,-7.029317968542746673e-07
4.411083616867855106e+00,3.805063771350232771e-01,-1.083351494147875502e-02,-4.503418390200618626e-01,-1.944385030491046393e-09,-1.131288000229000890e+00,-3.805063726726759521e-01,4.313937453242342559e-10,3.823983165861898417e-03,-2.129298360443103791e-02,-1.803057868080011310e-08,2.511699373328780960e-02,4.430769770203327614e-08,-7.284662570485814776e-09,-3.263285850239001050e-03,2.275604470619064720e-02,3.035061949140392955e-07,-2.601978446415758109e-02,-7.458466626873009429e-07
4.413959160294758099e+00,3.805063771362330316e-01,-1.082253241427898367e-02,-4.504029738333925059e-01,-1.994954228082684724e-09,-1.131215882812849349e+00,-3.805063725484091330e-01,4.098568400245969961e-10,3.814588173726084133e-03,-2.122754378061080666e-02,-1.713314317055027373e-08,2.504215757517391089e-02,4.210231095977999570e-08,-7.693314589738067628e-09,-3.271117569759772817e-03,2.275867928136152477e-02,3.206207565436780079e-07,-2.603027635518153846e-02,-7.879028857856800125e-07
4.416834703721659316e+00,3.805063771373792259e-01,-1.081157693509880897e-02,-4.504639204610120795e-01,-2.042872531857032364e-09,-1.131143980634392587e+00,-3.805063724306566586e-01,3.871567701831231250e-10,3.805170731630978537e-03,-2.116209662782656681e-02,-1.618699340977580495e-08,2.496729156528026614e-02,3.977721695702425392e-08,-8.093677474220222352e-09,-3.278900232371526058e-03,2.276114211105896915e-02,3.373883783023543643e-07,-2.604054692494520845e-02,-8.291065570689791820e-07
4.419710247148561422e+00,3.805063771384585292e-01,-1.080064856829096587e-02,-4.505246788825565951e-01,-2.088001292831702678e-09,-1.131072293778555782e+00,-3.805063723197593117e-01,3.633172863160798154e-10,3.795730980895835240e-03,-2.109664264029819172e-02,-1.519312347160306538e-08,2.489239634063272755e-02,3.733485847683901501e-08,-8.485810529766835328e-09,-3.286633661463974482e-03,2.276343294563756836e-02,3.538115419974527055e-07,-2.605059575090464680e-02,-8.694637752084617835e-07
4.422585790575463527e+00,3.805063771394676664e-01,-1.078974737780124225e-02,-4.505852490790831499e-01,-2.130204710259214455e-09,-1.131000822328429800e+00,-3.805063722160507145e-01,3.383619682997411545e-10,3.786269063347043416e-03,-2.103118231296509377e-02,-1.415252028828063117e-08,2.481747253947312257e-02,3.477766075465583805e-08,-8.869773133816332745e-09,-3.294317681019042106e-03,2.276555153492323610e-02,3.698927324341863321e-07,-2.606042241058391037e-02,-9.089806462420811608e-07
4.425461334002365632e+00,3.805063771404033623e-01,-1.077887342716663151e-02,-4.506456310330747006e-01,-2.169349811082492329e-09,-1.130929566365267647e+00,-3.805063721198577165e-01,3.123142251689380769e-10,3.776785121316198791e-03,-2.096571614148607168e-02,-1.306616364274530117e-08,2.474252080125720690e-02,3.210803145753972116e-08,-9.245624731695240022e-09,-3.301952115613817924e-03,2.276749762821007189e-02,3.856344372600932135e-07,-2.607002648157468599e-02,-9.476632831923529779e-07
4.428336877429267737e+00,3.805063771412628415e-01,-1.076802677951427950e-02,-4.507058247284391750e-01,-2.205306429363594665e-09,-1.130858525968483352e+00,-3.805063720315001174e-01,2.851972949281224028e-10,3.767279297638528087e-03,-2.090024462224211038e-02,-1.193502616071146274e-08,2.466754176665581985e-02,2.932836066474985418e-08,-9.613424832879411461e-09,-3.309536790423262508e-03,2.276927097425809204e-02,4.010391468085687797e-07,-2.607940754153644652e-02,-9.855178056818611303e-07
4.431212420856169842e+00,3.805063771420426622e-01,-1.075720749755986611e-02,-4.507658301505135245e-01,-2.237947185692649491e-09,-1.130787701215646424e+00,-3.805063719512910003e-01,2.570342443718255280e-10,3.757751735651105717e-03,-2.083476825233735244e-02,-1.076007330315398701e-08,2.459253607755412449e-02,2.644102084926757708e-08,-9.973233007285695193e-09,-3.317071531223260688e-03,2.277087132129149843e-02,4.161093539436737625e-07,-2.608856516819756111e-02,-1.022550339551895454e-06
4.434087964283071948e+00,3.805063771427400487e-01,-1.074641564360614282e-02,-4.508256472860650566e-01,-2.267147466575062472e-09,-1.130717092182478511e+00,-3.805063718795364536e-01,2.278479689161700052e-10,3.748202579191084807e-03,-2.076928752960042340e-02,-9.542263359253374128e-09,2.451750437705109420e-02,2.344836686046025925e-08,-1.032510888156432272e-08,-3.324556164393316880e-03,2.277229841699536864e-02,4.308475539049708355e-07,-2.609749893935445555e-02,-1.058767016481162067e-06
4.436963507709974053e+00,3.805063771433520037e-01,-1.073565127954155540e-02,-4.508852761232935435e-01,-2.292785403798980489e-09,-1.130646698942850081e+00,-3.805063718165360709e-01,1.976611924411655180e-10,3.738631972594077830e-03,-2.070380295258672163e-02,-8.282547439792435025e-09,2.444244730946021002e-02,2.035273590785466939e-08,-1.066911213539869349e-08,-3.331990516919472456e-03,2.277355200851421610e-02,4.452562441526713213e-07,-2.610620843287285095e-02,-1.094173973605254138e-06
4.439839051136876158e+00,3.805063771438758069e-01,-1.072491446683879884e-02,-4.509447166518336103e-01,-2.314741853784561387e-09,-1.130576521568778192e+00,-3.805063717625825626e-01,1.664964671434908169e-10,3.729040060692234964e-03,-2.063831502057901501e-02,-6.981869470991716266e-09,2.436736552030810063e-02,1.715644754598848286e-08,-1.100530249781392750e-08,-3.339374416397092142e-03,2.277463184244915215e-02,4.593379242131493518e-07,-2.611469322668745138e-02,-1.128777353137024738e-06
4.442714594563778263e+00,3.805063771443086829e-01,-1.071420526655338101e-02,-4.510039688627563992e-01,-2.332900376916154577e-09,-1.130506560130420723e+00,-3.805063717179621441e-01,1.343761733998769570e-10,3.719426988812658992e-03,-2.057282423358990087e-02,-5.641166188788561791e-09,2.429225965633544440e-02,1.386180366035206587e-08,-1.133373974349606053e-08,-3.346707691033669069e-03,2.277553766485582859e-02,4.730950955249008276e-07,-2.612295289880253724e-02,-1.162583301988057562e-06
4.445590137990681256e+00,3.805063771446477450e-01,-1.070352373932213774e-02,-4.510630327485724567e-01,-2.347147216858694076e-09,-1.130436814696074377e+00,-3.805063716829542586e-01,1.013225196409096123e-10,3.709792902775527462e-03,-2.050733109236272528e-02,-4.261367133552360201e-09,2.421713036549596326e-02,1.047108845440205421e-08,-1.165448368911995278e-08,-3.353990169651621580e-03,2.277626922124201952e-02,4.865302612848666003e-07,-2.613098702729202763e-02,-1.195597971391025333e-06
4.448465681417582474e+00,3.805063771448904952e-01,-1.069286994536203586e-02,-4.511219083032324551e-01,-2.357371279859220904e-09,-1.130367285332171567e+00,-3.805063716578319100e-01,6.735754223619076439e-11,3.700137948892407401e-03,-2.044183609837384175e-02,-2.843394645274885717e-09,2.414197829695702291e-02,6.986568437742379135e-09,-1.196759418967822496e-08,-3.361221681691070086e-03,2.277682625656579293e-02,4.996459262947995428e-07,-2.613879519030025758e-02,-1.227827516522163406e-06
4.451341224844485467e+00,3.805063771450343246e-01,-1.068224394446844021e-02,-4.511805955221309117e-01,-2.363464114035789736e-09,-1.130297972103275539e+00,-3.805063716428616627e-01,3.250310538846298908e-11,3.690462273964364905e-03,-2.037633975383326343e-02,-1.388163859136182650e-09,2.406680410109835952e-02,3.410492415228046645e-09,-1.227313113483610655e-08,-3.368402057212569259e-03,2.277720851523244022e-02,5.124445968087160858e-07,-2.614637696604137432e-02,-1.259278096126401151e-06
4.454216768271386684e+00,3.805063771450766241e-01,-1.067164579601403464e-02,-4.512390944021068551e-01,-2.365319888653681644e-09,-1.130228875072077477e+00,-3.805063716383035310e-01,-3.219098959868205421e-12,3.680766025280250361e-03,-2.031084256168699115e-02,1.034172984112565398e-10,2.399160842951271119e-02,-2.549085226570796195e-10,-1.257115444527540669e-08,-3.375531126899834148e-03,2.277741574109275538e-02,5.249287803798909393e-07,-2.615373193280015954e-02,-1.289955872141378851e-06
4.457092311698289677e+00,3.805063771450149512e-01,-1.066107555894713933e-02,-4.512974049414474331e-01,-2.362835373391348625e-09,-1.130159994299393844e+00,-3.805063716444111455e-01,-3.978755121158869771e-11,3.671049350614922959e-03,-2.024534502561844626e-02,1.630448113196961196e-09,2.391639193500544325e-02,-4.007421008534963825e-09,-1.286172406906798733e-08,-3.382608722062592499e-03,2.277744767744115800e-02,5.371009857090889581e-07,-2.616085966893271289e-02,-1.319867009324496127e-06
4.459967855125190894e+00,3.805063771448469745e-01,-1.065053329179053120e-02,-4.513555271398883573e-01,-2.355909917596627599e-09,-1.130091329844161940e+00,-3.805063716614318636e-01,-7.718090418748639598e-11,3.661312398227420557e-03,-2.017984765005013947e-02,3.192035086383134488e-09,2.384115527159440598e-02,-7.844849405629839298e-09,-1.314489997804181149e-08,-3.389634674639095333e-03,2.277730406701262283e-02,5.489637224924831292e-07,-2.616775975286573033e-02,-1.349017674879196349e-06
4.462843398552093888e+00,3.805063771445703069e-01,-1.064001905263996760e-02,-4.514134609986173441e-01,-2.344445429534849682e-09,-1.130022881763436349e+00,-3.805063716896068260e-01,-1.153779831897964999e-10,3.651555316859077076e-03,-2.011435094014478800e-02,4.787291937123396574e-09,2.376589909450917831e-02,-1.176501581430158209e-08,-1.342074216416766290e-08,-3.396608817198999188e-03,2.277698465198117056e-02,5.605195012704418264e-07,-2.617443176309761435e-02,-1.377414038083382169e-06
4.465718941978995105e+00,3.805063771441826725e-01,-1.062953289916273962e-02,-4.514712065202758362e-01,-2.328346355629817929e-09,-1.129954650112385828e+00,-3.805063717291707337e-01,-1.543577860551153016e-10,3.641778255731865400e-03,-2.004885540180779968e-02,6.415339604780654547e-09,2.369062406019182415e-02,-1.576576007749565641e-08,-1.368931063595573047e-08,-3.403530982945940017e-03,2.277648917395742184e-02,5.717708332767239117e-07,-2.618087527819837682e-02,-1.405062269918836706e-06
4.468594485405898098e+00,3.805063771436818509e-01,-1.061907488859635540e-02,-4.515287637089611672e-01,-2.307519659699145772e-09,-1.129886634944289980e+00,-3.805063717803522927e-01,-1.940994831965942319e-10,3.631981364546366890e-03,-1.998336154168780035e-02,8.075306250696451693e-09,2.361533082629546990e-02,-1.984493978509107600e-08,-1.395066541485667784e-08,-3.410401005720252367e-03,2.277581737398631789e-02,5.827202302878660066e-07,-2.618708987680985756e-02,-1.431968542701112711e-06
4.471470028832799315e+00,3.805063771430656216e-01,-1.060864507774728765e-02,-4.515861325702280049e-01,-2.281874802185421497e-09,-1.129818836310535479e+00,-3.805063718433739361e-01,-2.345824176355236129e-10,3.622164793480127723e-03,-1.991786986717944755e-02,9.766327259516283304e-09,2.354002005168542855e-02,-2.400043027715711260e-08,-1.420486653167428514e-08,-3.417218720001541973e-03,2.277496899254513596e-02,5.933702044730509846e-07,-2.619307513764610601e-02,-1.458139029710610751e-06
4.474345572259702308e+00,3.805063771423320973e-01,-1.059824352298934305e-02,-4.516433131110919597e-01,-2.251323719383279430e-09,-1.129751254260612736e+00,-3.805063719184519355e-01,-2.757861050240791812e-10,3.612328693185698231e-03,-1.985238088642416951e-02,1.148754524014500972e-08,2.346469239643798541e-02,-2.823012464630077504e-08,-1.445197402299860479e-08,-3.423983960911434424e-03,2.277394376954135213e-02,6.037232682448368372e-07,-2.619883063949376284e-02,-1.483579904825763973e-06
4.477221115686603525e+00,3.805063771414789464e-01,-1.058787028026249646e-02,-4.517003053400304169e-01,-2.215780802665371376e-09,-1.129683888842112349e+00,-3.805063720057969001e-01,-3.176902336560857369e-10,3.602473214788805365e-03,-1.978689510831210807e-02,1.323811002620075679e-08,2.338934852184049173e-02,-3.253193373878249217e-08,-1.469204792763676984e-08,-3.430696564216113506e-03,2.277274144431039662e-02,6.137819341097859077e-07,-2.620435596121208424e-02,-1.508297342155985054e-06
4.480096659113506519e+00,3.805063771405043371e-01,-1.057752540507149452e-02,-4.517571092669852018e-01,-2.175162877707149404e-09,-1.129616740100721328e+00,-3.805063721056130555e-01,-3.602746644684382659e-10,3.592598509886591514e-03,-1.972141304248426277e-02,1.501717867607810258e-08,2.331398909039177764e-02,-3.690378615467097107e-08,-1.492514828306316157e-08,-3.437356366328924578e-03,2.277136175561369005e-02,6.235487145199052649e-07,-2.620965068173341725e-02,-1.532297515676601145e-06
4.482972202540407736e+00,3.805063771394063821e-01,-1.056720895248444356e-02,-4.518137249033648550e-01,-2.129389183711933183e-09,-1.129549808080220208e+00,-3.805063722180989649e-01,-4.035194310323631901e-10,3.582704730545493814e-03,-1.965593519933267475e-02,1.682391547258563655e-08,2.323861476580021956e-02,-4.134362824695275690e-08,-1.515133512187825926e-08,-3.443963204312995748e-03,2.276980444163610728e-02,6.330261217244505597e-07,-2.621471438006305402e-02,-1.555586598864685394e-06
4.485847745967310729e+00,3.805063771381830828e-01,-1.055692097713153282e-02,-4.518701522620466315e-01,-2.078381352638074632e-09,-1.129483092822479051e+00,-3.805063723434470857e-01,-4.474047395341181758e-10,3.572792029299730159e-03,-1.959046209000412861e-02,1.865749192214190037e-08,2.316322621298589138e-02,-4.584942411955617791e-08,-1.537066846828091338e-08,-3.450516915883761453e-03,2.276806923998450985e-02,6.422166676222897706e-07,-2.621954663528003326e-02,-1.578170764336261302e-06
4.488723289394211946e+00,3.805063771368326631e-01,-1.054666153320362940e-02,-4.519263913573787761e-01,-2.022063388428530079e-09,-1.129416594367454119e+00,-3.805063724818442683e-01,-4.919109687459764992e-10,3.562860559149101311e-03,-1.952499422640000676e-02,2.051708675356449468e-08,2.308782409807826411e-02,-5.041915562437572192e-08,-1.558320833455013630e-08,-3.457017339411586673e-03,2.276615588768525836e-02,6.511228636146678076e-07,-2.622414702653710558e-02,-1.600056183484497254e-06
4.491598832821114939e+00,3.805063771353534574e-01,-1.053643067445100660e-02,-4.519824422051824664e-01,-1.960361646245109717e-09,-1.129350312753185204e+00,-3.805063726334714236e-01,-5.370186699866776797e-10,3.552910473557330338e-03,-1.945953212117925921e-02,2.240188591641859818e-08,2.301240908841749311e-02,-5.505082235721361700e-08,-1.578901471754016606e-08,-3.463464313924220252e-03,2.276406412118231470e-02,6.597472204585249696e-07,-2.622851513306101445e-02,-1.621249026119254407e-06
4.494474376248017045e+00,3.805063771337436895e-01,-1.052622845418204472e-02,-4.520383048227537559e-01,-1.893204811708086358e-09,-1.129284248015790526e+00,-3.805063727985038002e-01,-5.827085670718394503e-10,3.542941926450006527e-03,-1.939407628775925013e-02,2.431108257894511837e-08,2.293698185255321070e-02,-5.974244165268866707e-08,-1.598814759518501940e-08,-3.469857679109330639e-03,2.276179367633496958e-02,6.680922481202129780e-07,-2.623265053415259687e-02,-1.641755460107618819e-06
4.497349919674919150e+00,3.805063771320017496e-01,-1.051605492526168188e-02,-4.520939792288670156e-01,-1.820523880140559650e-09,-1.129218400189464067e+00,-3.805063729771109848e-01,-6.289615562555925135e-10,3.532955072212815972e-03,-1.932862724031790547e-02,2.624387712562160066e-08,2.286154306024492169e-02,-6.449204857824238876e-08,-1.618066692302536558e-08,-3.476197275317112305e-03,2.275934428841632981e-02,6.761604556301449702e-07,-2.623655280918760907e-02,-1.661581651016726294e-06
4.500225463101821255e+00,3.805063771301259168e-01,-1.050591014011040096e-02,-4.521494654437756555e-01,-1.742252135823901208e-09,-1.129152769306472903e+00,-3.805063731694568463e-01,-6.757587061598107941e-10,3.522950065689455998e-03,-1.926318549379475720e-02,2.819947715420407166e-08,2.278609338246095906e-02,-6.929769592686968856e-08,-1.636663263073046676e-08,-3.482482943562585989e-03,2.275671569211032766e-02,6.839543509372401929e-07,-2.624022153761584528e-02,-1.680733761756076247e-06
4.503101006528723360e+00,3.805063771281148588e-01,-1.049579415070270479e-02,-4.522047634892149559e-01,-1.658325131258969326e-09,-1.129087355397152548e+00,-3.805063733756998690e-01,-7.230812576957045396e-10,3.512927062179979805e-03,-1.919775156389386117e-02,3.017709747244930293e-08,2.271063349137977111e-02,-7.415745420906430084e-08,-1.654610461865091606e-08,-3.488714525528235910e-03,2.275390762151095064e-02,6.914764407646536449e-07,-2.624365629896281346e-02,-1.699217952223016655e-06
4.505976549955625465e+00,3.805063771259670213e-01,-1.048570700856582896e-02,-4.522598733884046762e-01,-1.568680666438735474e-09,-1.129022158489903616e+00,-3.805063735959928750e-01,-7.709106239744501763e-10,3.502886217438635867e-03,-1.913232596708420649e-02,3.217596009437803578e-08,2.263516406038811046e-02,-7.906941164363626250e-08,-1.671914275437338400e-08,-3.494891863566385905e-03,2.275091981011930636e-02,6.987292304655962466e-07,-2.624685667282888185e-02,-1.717040378948440549e-06
4.508852093382527570e+00,3.805063771236807946e-01,-1.047564876477856226e-02,-4.523147951660502208e-01,-1.473258768133337534e-09,-1.128957178611188494e+00,-3.805063738304831356e-01,-8.192283902074370831e-10,3.492827687672038234e-03,-1.906690922060209209e-02,3.419529423610392634e-08,2.255968576408168627e-02,-8.403167414746186132e-08,-1.688580686928892075e-08,-3.501014800701603754e-03,2.274775199084191901e-02,7.057152238797154272e-07,-2.624982223888987221e-02,-1.734207194743861477e-06
4.511727636809429676e+00,3.805063771212550683e-01,-1.046561946996987444e-02,-4.523695288483455257e-01,-1.372001669185932695e-09,-1.128892415785529346e+00,-3.805063740793127591e-01,-8.680163135976840069e-10,3.482751629537224943e-03,-1.900150184245274695e-02,3.623433631129293945e-08,2.248419927826476178e-02,-8.904236532432580339e-08,-1.704615675517937031e-08,-3.507083180633160588e-03,2.274440389598884546e-02,7.124369231902389950e-07,-2.625255257689730962e-02,-1.750724548350367691e-06
4.514603180236331781e+00,3.805063771186883437e-01,-1.045561917431751114e-02,-4.524240744629756672e-01,-1.264853787821833227e-09,-1.128827870035502112e+00,-3.805063743426181921e-01,-9.172563232215415842e-10,3.472658200139753723e-03,-1.893610435141214118e-02,3.829232992621580933e-08,2.240870527995011269e-02,-9.409962645276359033e-08,-1.720025216081769465e-08,-3.513096847737468172e-03,2.274087525727189543e-02,7.188968287816979541e-07,-2.625504726667896027e-02,-1.766598584088996377e-06
4.517478723663233886e+00,3.805063771159794550e-01,-1.044564792754688540e-02,-4.524784320391181947e-01,-1.151761706975169378e-09,-1.128763541381734070e+00,-3.805063746205307740e-01,-9.669305198992757988e-10,3.462547557031651121e-03,-1.887071726702833907e-02,4.036852587433588285e-08,2.233320444735834368e-02,-9.920161647276132857e-08,-1.734815278857385638e-08,-3.519055647070376547e-03,2.273716580580225841e-02,7.250974390978839500e-07,-2.625730588813850880e-02,-1.781835441511688321e-06
4.520354267090135991e+00,3.805063771131270700e-01,-1.043570577892975228e-02,-4.525326016074456281e-01,-1.032674153629633364e-09,-1.128699429842900948e+00,-3.805063749131764594e-01,-1.017021176057024566e-09,3.452419858209516013e-03,-1.880534110962352873e-02,4.246218213053522686e-08,2.225769745991799248e-02,-1.043465119715678084e-07,-1.748991829104181119e-08,-3.524959424369572721e-03,2.273327527208887991e-02,7.310412505006880522e-07,-2.625932802125608215e-02,-1.796441255054399114e-06
4.523229810517038096e+00,3.805063771101300230e-01,-1.042579277728280900e-02,-4.525865832001282341e-01,-9.075419781754766402e-10,-1.128635535435723369e+00,-3.805063752206759853e-01,-1.067510735579413792e-09,3.442275262112603172e-03,-1.873997640029588518e-02,4.457256384495022673e-08,2.218218499826552642e-02,-1.095325071685457299e-07,-1.762560826768185595e-08,-3.530808026056930782e-03,2.272920338603647700e-02,7.367307571295837059e-07,-2.626111324608848205e-02,-1.810422153691807657e-06
4.526105353943940202e+00,3.805063771069873702e-01,-1.041590897096664366e-02,-4.526403768508353576e-01,-7.763181337885581432e-10,-1.128571858174962195e+00,-3.805063755431450923e-01,-1.118381813650879938e-09,3.432113927620751136e-03,-1.867462366092096510e-02,4.669894333633451417e-08,2.210666774424464506e-02,-1.147578138988627718e-07,-1.775528226146802604e-08,-3.536601299240852044e-03,2.272494987694381741e-02,7.421684507613216536e-07,-2.626266114276953195e-02,-1.823784260592531613e-06
4.528980897370842307e+00,3.805063771036977793e-01,-1.040605440788422431e-02,-4.526939825947385310e-01,-6.389576558237689382e-10,-1.128508398073417185e+00,-3.805063758806941365e-01,-1.169617196589675241e-09,3.421936014052473583e-03,-1.860928341415359760e-02,4.884060008511559987e-08,2.203114638090629407e-02,-1.200206615964283776e-07,-1.787899975556219065e-08,-3.542339091718537530e-03,2.272051447350147829e-02,7.473568206707390225e-07,-2.626397129150993479e-02,-1.836533692777087872e-06
4.531856440797744412e+00,3.805063771002604733e-01,-1.039622913547982863e-02,-4.527474004685133058e-01,-4.954176412339853121e-10,-1.128445155141919676e+00,-3.805063762334285893e-01,-1.221199841670205655e-09,3.411741681162949649e-03,-1.854395618342966415e-02,5.099682072596313220e-08,2.195562159250842582e-02,-1.253192972756321219e-07,-1.799682016999207564e-08,-3.548021251978315110e-03,2.271589690379035437e-02,7.522983534917364420e-07,-2.626504327259786969e-02,-1.848676560776267444e-06
4.534731984224646517e+00,3.805063770966742864e-01,-1.038643320073774114e-02,-4.528006305103410845e-01,-3.456572280086235657e-10,-1.128382129389335242e+00,-3.805063766014489257e-01,-1.273112876936867235e-09,3.401531089142068465e-03,-1.847864249296802402e-02,5.316689904000162041e-08,2.188009406451599595e-02,-1.306519855122068015e-07,-1.810880285834948939e-08,-3.553647629201885528e-03,2.271109689527971848e-02,7.569955330790981711e-07,-2.626587666639912041e-02,-1.860218968291575189e-06
4.537607527651548622e+00,3.805063770929383304e-01,-1.037666665018092786e-02,-4.528536727599124512e-01,-1.896375746338537038e-10,-1.128319320822553262e+00,-3.805063769848505140e-01,-1.325339601008805872e-09,3.391304398612357465e-03,-1.841334286777176338e-02,5.535013594664305836e-08,2.180456448360016883e-02,-1.360170084231591801e-07,-1.821500710450387462e-08,-3.559218073266597494e-03,2.270611417482520239e-02,7.614508403709551234e-07,-2.626647105335714119e-02,-1.871167011857255632e-06
4.540483071078450727e+00,3.805063770890538821e-01,-1.036692952984755167e-02,-4.529065272584057444e-01,-2.740730108013376315e-11,-1.128256729446361462e+00,-3.805063773835139496e-01,-1.375541868241834892e-09,3.381061796014436533e-03,-1.834805780795169608e-02,5.744880593300752709e-08,2.172903368246828504e-02,-1.411742178657057195e-07,-1.656098703981110540e-08,-3.564713248855073437e-03,2.270096787491730425e-02,6.923359450317864718e-07,-2.626671656255976858e-02,-1.701325538131056341e-06
4.543358614505352833e+00,3.805063770850324878e-01,-1.035722188519840568e-02,-4.529591940483973511e-01,1.405486488698902386e-10,-1.128194355262918336e+00,-3.805063777962473526e-01,-1.420597154425538862e-09,3.370803476796761702e-03,-1.828278780572874587e-02,5.933239982594879799e-08,2.165350254397613305e-02,-1.458029039732067013e-07,-1.478158230973477312e-08,-3.570150883921182575e-03,2.269563963918012905e-02,6.179801550733341657e-07,-2.626671475725318033e-02,-1.518605231431258119e-06
4.546234157932254938e+00,3.805063770808887469e-01,-1.034754376119584492e-02,-4.530116731739453617e-01,3.136155001380442033e-10,-1.128132198272209674e+00,-3.805063782215402646e-01,-1.460584586692245052e-09,3.360529601825546983e-03,-1.821753338952463233e-02,6.100422379379648626e-08,2.157797175246700672e-02,-1.499111912578502786e-07,-1.303614134347823967e-08,-3.575532572306219965e-03,2.269012743074829905e-02,5.450435564125066310e-07,-2.626647515507711875e-02,-1.339372415562674915e-06
4.549109701359157043e+00,3.805063770766372588e-01,-1.033789520233955109e-02,-4.530639646806293719e-01,4.911901498759325063e-10,-1.128070258472252618e+00,-3.805063786579104268e-01,-1.495601412335001581e-09,3.350240332195396614e-03,-1.815229508875149805e-02,6.246834135905663779e-08,2.150244199237035664e-02,-1.535090653343317915e-07,-1.132437416588084405e-08,-3.580858162876484566e-03,2.268443097786555784e-02,4.735140324417796399e-07,-2.626599731502034241e-02,-1.163597315426470784e-06
4.551985244786059148e+00,3.805063770722921235e-01,-1.032827625266544494e-02,-4.531160686155518147e-01,6.726811299904479931e-10,-1.128008535859096551e+00,-3.805063791039044463e-01,-1.525744045219493692e-09,3.339935829434465160e-03,-1.808707343360383205e-02,6.372878121948545446e-08,2.142691394938360874e-02,-1.566064262397322441e-07,-9.645991089139649236e-09,-3.586127505208854503e-03,2.267855000814859856e-02,4.033794785605159153e-07,-2.626528079617309469e-02,-9.912501854292887599e-07
4.554860788212961253e+00,3.805063770678671076e-01,-1.031868695574427938e-02,-4.531679850273412358e-01,8.575085070575188485e-10,-1.127947030426816433e+00,-3.805063795580972963e-01,-1.551108066634458015e-09,3.329616255502408379e-03,-1.802186895506006567e-02,6.478953728362298809e-08,2.135138831047167160e-02,-1.592130885208377660e-07,-8.000702729047268933e-09,-3.591340449593384814e-03,2.267248424858610625e-02,3.346278028534639326e-07,-2.626432515772976831e-02,-8.223013111505822772e-07
4.557736331639863359e+00,3.805063770633760334e-01,-1.030912735468050671e-02,-4.532197139661540142e-01,1.045103782335294573e-09,-1.127885742167509697e+00,-3.805063800190917056e-01,-1.571788226187551421e-09,3.319281772788344482e-03,-1.795668218488463350e-02,6.565456870822593509e-08,2.127586576386687051e-02,-1.613387813261261996e-07,-6.388220021199780994e-09,-3.596496847035468916e-03,2.266623342553618706e-02,2.672469267680074008e-07,-2.626312995898946734e-02,-6.567210110068720660e-07
4.560611875066765464e+00,3.805063770588321126e-01,-1.029959749211096544e-02,-4.532712554836768049e-01,1.234909791891744198e-09,-1.127824671071293805e+00,-3.805063804855188248e-01,-1.587878442748425438e-09,3.308932544108869177e-03,-1.789151365563003068e-02,6.632779993767298559e-08,2.120034699906900647e-02,-1.629931485026012300e-07,-4.808254237088525335e-09,-3.601596549258186987e-03,2.265979726472458489e-02,2.012247857865621976e-07,-2.626169475935764483e-02,-4.944796379040801115e-07
4.563487418493667569e+00,3.805063770542483348e-01,-1.029009741020373882e-02,-4.533226096331288146e-01,1.426380606845178658e-09,-1.127763817126300472e+00,-3.805063809560369492e-01,-1.599471805437416970e-09,3.298568732705848671e-03,-1.782636390063804463e-02,6.681312074527630114e-08,2.112483270684428760e-02,-1.641857486973101836e-07,-3.260517000135366144e-09,-3.606639408704660418e-03,2.265317549124306468e-02,1.365493300966102949e-07,-2.626001911834779934e-02,-3.355475808840592652e-07
4.566362961920569674e+00,3.805063770496375786e-01,-1.028062715065682781e-02,-4.533737764692641892e-01,1.618981433729669998e-09,-1.127703180318674114e+00,-3.805063814293318525e-01,-1.606660574660694121e-09,3.288190502244466365e-03,-1.776123345404206910e-02,6.711438627653403451e-08,2.104932357922562405e-02,-1.649260554636319192e-07,-1.744720301619319623e-09,-3.611625278540268359e-03,2.264636782954724051e-02,7.320852525619545275e-08,-2.625810259558251231e-02,-1.798952667599648913e-07
4.569238505347471779e+00,3.805063770450124450e-01,-1.027118675469708073e-02,-4.534247560483738448e-01,1.812188514982932397e-09,-1.127642760632567631e+00,-3.805063819041164530e-01,-1.609536183190615895e-09,3.277798016811018025e-03,-1.769612285076842262e-02,6.723541709427214333e-08,2.097382030951170165e-02,-1.652234573722075190e-07,-2.605765165548946479e-10,-3.616554012654857753e-03,2.263937400345456680e-02,1.119035285740048758e-08,-2.625594475079466930e-02,-2.749316174667362008e-08
4.572114048774373884e+00,3.805063770403850354e-01,-1.026177626307884193e-02,-4.534755484282881888e-01,2.005489029572606417e-09,-1.127582558050137518e+00,-3.805063823791306477e-01,-1.608189237292127207e-09,3.267391440910985372e-03,-1.763103262653891931e-02,6.717999922570988164e-08,2.089832359226753353e-02,-1.650872581265978461e-07,1.192201580558923547e-09,-3.621425465665098660e-03,2.263219373614319338e-02,-4.951718881557943061e-08,-2.625354514382962842e-02,1.216882269220830807e-07
4.574989592201275990e+00,3.805063770357675623e-01,-1.025239571608283981e-02,-4.535261536683792838e-01,2.198380993755356220e-09,-1.127522572551541646e+00,-3.805063828531408121e-01,-1.602709517893918412e-09,3.256970939466840784e-03,-1.756596331787222548e-02,6.695188421139564616e-08,2.082283412332355116e-02,-1.645266766835375798e-07,2.613900800035560584e-09,-3.626239492916565055e-03,2.262482675014945016e-02,-1.089260841302822360e-07,-2.625090333464578235e-02,2.676783493812983053e-07
4.577865135628178983e+00,3.805063770311715721e-01,-1.024304515351502631e-02,-4.535765718295628468e-01,2.390373161981219888e-09,-1.127462804114936157e+00,-3.805063833249399119e-01,-1.593185981804833068e-09,3.246536677815923568e-03,-1.750091546208563942e-02,6.655478915603349263e-08,2.074735259977517760e-02,-1.635508473778355177e-07,4.004807521398156571e-09,-3.630995950485932725e-03,2.261727276736608810e-02,-1.670482994540185807e-07,-2.624801888331597041e-02,4.105066115325744831e-07
4.580740679055080200e+00,3.805063770266087775e-01,-1.023372461470514923e-02,-4.536268029743015795e-01,2.580984927951734699e-09,-1.127403252716469018e+00,-3.805063837933466142e-01,-1.579706762974834468e-09,3.236088821708425940e-03,-1.743588959729718349e-02,6.599239678117192038e-08,2.067187971998284482e-02,-1.621688200518502848e-07,5.365207677899825575e-09,-3.635694695183304664e-03,2.260953150904122105e-02,-2.238957825070495777e-07,-2.624489135002968515e-02,5.502023734546386566e-07
4.583616222481983193e+00,3.805063770220903363e-01,-1.022443413850599760e-02,-4.536768471666053903e-01,2.769746225819171344e-09,-1.127343918330279582e+00,-3.805063842572060651e-01,-1.562359173800787375e-09,3.225627537305205111e-03,-1.737088626242745681e-02,6.526835547976457316e-08,2.059641618357157047e-02,-1.603895601895676024e-07,6.695386741036579659e-09,-3.640335584554097153e-03,2.260160269577557793e-02,-2.794804617154586509e-07,-2.624152029509325967e-02,6.867949478130999831e-07
4.586491765908884410e+00,3.805063770176271287e-01,-1.021517376329168433e-02,-4.537267044720367237e-01,2.956197431564345068e-09,-1.127284800928492814e+00,-3.805063847153886680e-01,-1.541229706475756688e-09,3.215152991175703346e-03,-1.730590599720123468e-02,6.438627937255010206e-08,2.052096269143037846e-02,-1.582219490551459469e-07,7.995629705287469514e-09,-3.644918476881406789e-03,2.259348604752149658e-02,-3.338142455735166805e-07,-2.623790527893204647e-02,8.203135982935423320e-07
4.589367309335787404e+00,3.805063770132300904e-01,-1.020594352695698530e-02,-4.537763749577098382e-01,3.139889264518955942e-09,-1.127225900481216847e+00,-3.805063851667904173e-01,-1.516404034383285712e-09,3.204665350295773062e-03,-1.724094934214947389e-02,6.334974836631070781e-08,2.044551994571206649e-02,-1.556747838360808672e-07,9.266221072797489975e-09,-3.649443231187900032e-03,2.258518128358055765e-02,-3.869090220036568142e-07,-2.623404586209105924e-02,9.507875380287353497e-07
4.592242852762688621e+00,3.805063770089096020e-01,-1.019674346691583182e-02,-4.538258586922950810e-01,3.320382689074003000e-09,-1.127167216956538764e+00,-3.805063856103324538e-01,-1.487967013534489301e-09,3.194164782045674084e-03,-1.717601683861162340e-02,6.216230821392054313e-08,2.037008864983340037e-02,-1.527567777907659326e-07,1.050744483826683815e-08,-3.653909707238066611e-03,2.257668812260268595e-02,-4.387766577250700086e-07,-2.622994160523712745e-02,1.078245928047039825e-06
4.595118396189591614e+00,3.805063770046760441e-01,-1.018757362010034966e-02,-4.538751557460202202e-01,3.497248816553897958e-09,-1.127108750320521713e+00,-3.805063860449607316e-01,-1.456002684049218757e-09,3.183651454207785114e-03,-1.711110902873680048e-02,6.082747057623481029e-08,2.029466950847393092e-02,-1.494765604005781078e-07,1.171958447386101981e-08,-3.658317765540139866e-03,2.256800628258365249e-02,-4.894289976231735449e-07,-2.622559206915936122e-02,1.202717875722948424e-06
4.597993939616492831e+00,3.805063770005393531e-01,-1.017843402295952153e-02,-4.539242661906737752e-01,3.670068807277641688e-09,-1.127050500537199351e+00,-3.805063864696461295e-01,-1.420594271679750861e-09,3.173125534964526401e-03,-1.704622645548590359e-02,5.934871308575629772e-08,2.021926322757592459e-02,-1.458426775263308257e-07,1.290292291426068810e-08,-3.662667267348244330e-03,2.255913548086393647e-02,-5.388778641249170303e-07,-2.622099681477103872e-02,1.324232433241979292e-06
4.600869483043395824e+00,3.805063769965092990e-01,-1.016932471145819833e-02,-4.539731900996063496e-01,3.838433772799850855e-09,-1.126992467568575185e+00,-3.805063868833837848e-01,-1.381824189378167743e-09,3.162587192896219087e-03,-1.698136966263364550e-02,5.772947941212753081e-08,2.014387051434413101e-02,-1.418635915692124181e-07,1.405774254176222313e-08,-3.666958074664290485e-03,2.255007543412662629e-02,-5.871350565762094760e-07,-2.621615540311034859e-02,1.442818596070773508e-06
4.603745026470297041e+00,3.805063769925954853e-01,-1.016024572107594205e-02,-4.540219275477330729e-01,4.001944678345404785e-09,-1.126934651374615903e+00,-3.805063872851931484e-01,-1.339774038906143619e-09,3.152036596978960610e-03,-1.691653919477059675e-02,5.597317932939439271e-08,2.006849207724566500e-02,-1.375476816360789048e-07,1.518432517149172968e-08,-3.671190050240053827e-03,2.254082585839635444e-02,-6.342123506240834073e-07,-2.621106739534237104e-02,1.558505301438843374e-06
4.606620569897200035e+00,3.805063769888072378e-01,-1.015119708680576292e-02,-4.540704786115368208e-01,4.160212245442528828e-09,-1.126877051913249828e+00,-3.805063876741175410e-01,-1.294524612486396823e-09,3.141473916582412495e-03,-1.685173559730469492e-02,5.408318878501152957e-08,1.999312862600913232e-02,-1.329032437090260978e-07,1.628295203673131133e-08,-3.675363057579133369e-03,2.253138646903734763e-02,-6.801214976035551353e-07,-2.620573235275990356e-02,1.671321426831851785e-06
4.609496113324101252e+00,3.805063769851534938e-01,-1.014217884315316703e-02,-4.541188433690696580e-01,4.312856854751115503e-09,-1.126819669140362912e+00,-3.805063880492242090e-01,-1.246155894497589915e-09,3.130899321467598122e-03,-1.678695941646306949e-02,5.206284997066235169e-08,1.991778087162420288e-02,-1.279384908194213883e-07,1.735390377429754972e-08,-3.679476960938820370e-03,2.252175698075157759e-02,-7.248742239266598921e-07,-2.620014983678452258e-02,1.781295788490242516e-06
4.612371656751004245e+00,3.805063769816433572e-01,-1.013319102413485009e-02,-4.541670218999557251e-01,4.459508449103552484e-09,-1.126762503009794081e+00,-3.805063884096037130e-01,-1.194747063209558765e-09,3.120312981784886548e-03,-1.672221119929464053e-02,4.991547139476490824e-08,1.984244952634203751e-02,-1.226615532260783710e-07,1.839746041006593812e-08,-3.683531625332105847e-03,2.251193710757774108e-02,-7.684822304775916387e-07,-2.619431940896834246e-02,1.888457139922868504e-06
4.615247200177905462e+00,3.805063769782852656e-01,-1.012423366327775374e-02,-4.542150142853931816e-01,4.599806436750547029e-09,-1.126705553473332344e+00,-3.805063887543699286e-01,-1.140376492561635279e-09,3.109715068071685750e-03,-1.665749149367147172e-02,4.764432795677815036e-08,1.976713530367425406e-02,-1.170804785978550848e-07,1.941390134454312439e-08,-3.687526916529512439e-03,2.250192656288930657e-02,-8.109571920098382698e-07,-2.618824063099491756e-02,1.992834170425520842e-06
4.618122743604808456e+00,3.805063769750877123e-01,-1.011530679361783737e-02,-4.542628206081569253e-01,4.733399594827917654e-09,-1.126648820480714130e+00,-3.805063890826597683e-01,-1.083121753980880749e-09,3.099105751250222189e-03,-1.659280084829035939e-02,4.525266102317571754e-08,1.969183891839217104e-02,-1.112032322003506893e-07,2.040350533857477516e-08,-3.691462701061004777e-03,2.249172505939297725e-02,-8.523107565489815642e-07,-2.618191306468041490e-02,2.094455503613390418e-06
4.620998287031709673e+00,3.805063769720588573e-01,-1.010641044769903206e-02,-4.543104409526010357e-01,4.859945973041342926e-09,-1.126592303979617737e+00,-3.805063893936330710e-01,-1.023059618242333164e-09,3.088485202625531126e-03,-1.652813981267576768e-02,4.274367850517550420e-08,1.961656108652760563e-02,-1.050376970869165157e-07,2.136655049913044723e-08,-3.695338846217836523e-03,2.248133230912752883e-02,-8.925545447987172361e-07,-2.617533627197522750e-02,2.193349695961425371e-06
4.623873830458612666e+00,3.805063769692066389e-01,-1.009754465757213560e-02,-4.543578754046604384e-01,4.979112797578412882e-09,-1.126536003915661333e+00,-3.805063896864718798e-01,-9.602660573694110306e-10,3.077853593883094364e-03,-1.646350893718079647e-02,4.012055493814707288e-08,1.954130252537139914e-02,-9.859167429379019706e-08,2.230331426519414948e-08,-3.699155220054393955e-03,2.247074802346206782e-02,-9.317001495512946986e-07,-2.616850981496498391e-02,2.289545235355561281e-06
4.626749373885514771e+00,3.805063769665388285e-01,-1.008870945479370743e-02,-4.544051240518542367e-01,5.090576375251180936e-09,-1.126479920232398291e+00,-3.805063899603808864e-01,-8.948162465749045714e-10,3.067211097086725621e-03,-1.639890877298959271e-02,3.738643156271513167e-08,1.946606395347354884e-02,-9.187288303939763712e-08,2.321407339375538081e-08,-3.702911691389890354e-03,2.245997191309416149e-02,-9.697591351021457232e-07,-2.616143325587119012e-02,2.383070539654246621e-06
4.629624917312416876e+00,3.805063769640629756e-01,-1.007990487042491334e-02,-4.544521869832878758e-01,5.194021997875186870e-09,-1.126424052871313197e+00,-3.805063902145867094e-01,-8.267845662415234258e-10,3.056557884676373502e-03,-1.633433987211919264e-02,3.454441640751556639e-08,1.939084609064275350e-02,-8.488896092771580057e-08,2.409910394590833007e-08,-3.706608129810346625e-03,2.244900368804930366e-02,-1.006743036669043243e-06,-2.615410615705359224e-02,2.473953955261082548e-06
4.632500460739318981e+00,3.805063769617863523e-01,-1.007113093503067200e-02,-4.544990642896546973e-01,5.289143846885283441e-09,-1.126368401771821182e+00,-3.805063904483377279e-01,-7.562446039445360528e-10,3.045894129465875032e-03,-1.626980278742147859e-02,3.159758437371074031e-08,1.931564965794598313e-02,-7.764746415595943459e-08,2.495868127301511320e-08,-3.710244405670136934e-03,2.243784305767862822e-02,-1.042663359813926614e-06,-2.614652808101025280e-02,2.562223755704048379e-06
4.635376004166221087e+00,3.805063769597160639e-01,-1.006238767867829662e-02,-4.545457560632395477e-01,5.375644898202834903e-09,-1.126312966871259480e+00,-3.805063906609042479e-01,-6.832691565102062042e-10,3.035220004640759497e-03,-1.620529807258494492e-02,2.854897732100017100e-08,1.924047537770793778e-02,-7.015586772594105455e-08,2.579308000303295741e-08,-3.713820390093894742e-03,2.242648973065804879e-02,-1.077531579871588378e-06,-2.613869859037953880e-02,2.647908140231545748e-06
4.638251547593123192e+00,3.805063769578589938e-01,-1.005367513093667967e-02,-4.545922623979202215e-01,5.453236827346680689e-09,-1.126257748104888545e+00,-3.805063908515776694e-01,-6.079302321175167929e-10,3.024535683756064859e-03,-1.614082628213703990e-02,2.540160415544023467e-08,1.916532397351105796e-02,-6.242156565987818365e-08,2.660257402688062027e-08,-3.717335954978036316e-03,2.241494341498630194e-02,-1.111359141379985731e-06,-2.613061724794041307e-02,2.731035232412478884e-06
4.641127091020025297e+00,3.805063769562219700e-01,-1.004499332087497795e-02,-4.546385833891710138e-01,5.521639914803866900e-09,-1.126202745405884720e+00,-3.805063910196704868e-01,-5.302990524349304439e-10,3.013841340733979836e-03,-1.607638797144516143e-02,2.215844091872765251e-08,1.909019617019404660e-02,-5.445187121979601573e-08,2.738743648496270433e-08,-3.720790972992651588e-03,2.240320381798405897e-02,-1.144157457517165213e-06,-2.612228361661440498e-02,2.811633078752547514e-06
4.644002634446927402e+00,3.805063769548113761e-01,-1.003634227706185107e-02,-4.546847191340634420e-01,5.580582951654919454e-09,-1.126147958705340013e+00,-3.805063911645163999e-01,-4.504460548001792557e-10,3.003137149861896237e-03,-1.601198369672036242e-02,1.882243087928126452e-08,1.901509269385345119e-02,-4.625401713135052468e-08,2.814793975374573005e-08,-3.724185317583011620e-03,2.239127064629266653e-02,-1.175937909540338218e-06,-2.611369725946659226e-02,2.889729647315856593e-06
4.646878177873829507e+00,3.805063769536334850e-01,-1.002772202756415515e-02,-4.547306697312704094e-01,5.629803145467407491e-09,-1.126093387932254553e+00,-3.805063912854695363e-01,-3.684408944340213915e-10,2.992423285789855454e-03,-1.594761401501735079e-02,1.539648462474277205e-08,1.894001427184104774e-02,-3.783515581113716739e-08,2.888435543248583101e-08,-3.727518862971265171e-03,2.237914360587223844e-02,-1.206711846231299509e-06,-2.610485773970630877e-02,2.965352826362089004e-06
4.649753721300731613e+00,3.805063769526944584e-01,-1.001913259994609978e-02,-4.547764352810673705e-01,5.669046026454826605e-09,-1.126039033013536805e+00,-3.805063913819045074e-01,-2.843524466957612416e-10,2.981699923528524903e-03,-1.588327948423777849e-02,1.188348015622283306e-08,1.886496163276487129e-02,-2.920235959828993761e-08,2.959695433002461534e-08,-3.730791484157987802e-03,2.236682240200065647e-02,-1.236490583344688809e-06,-2.609576462068845248e-02,3.038530422990682781e-06
4.652629264727633718e+00,3.805063769520001249e-01,-1.001057402126802331e-02,-4.548220158853357731e-01,5.698065353910759510e-09,-1.125984893873997805e+00,-3.805063914532164637e-01,-1.982488093732950213e-10,2.970967238446826659e-03,-1.581898066313131013e-02,8.286262983989644629e-09,1.878993550648784192e-02,-2.036262098962409129e-08,3.028600645172312003e-08,-3.734003056923884938e-03,2.235430673927240111e-02,-1.265285403062026817e-06,-2.608641746591486288e-02,3.109290161799185558e-06
4.655504808154535823e+00,3.805063769515561467e-01,-1.000204631808561048e-02,-4.548674116475642792e-01,5.716623022918773240e-09,-1.125930970436348044e+00,-3.805063914988200957e-01,-1.101973050145174138e-10,2.960225406269918237e-03,-1.575471811129902644e-02,4.607646224885897820e-09,1.871493662412896525e-02,-1.132285287902699866e-08,3.095178098646593335e-08,-3.737153457831231696e-03,2.234159632159737202e-02,-1.293107553448679421e-06,-2.607681583903540337e-02,3.177659683548810489e-06
4.658380351581437928e+00,3.805063769513681304e-01,-9.993549516448606979e-03,-4.549126226728527622e-01,5.724488971346257655e-09,-1.125877262621193475e+00,-3.805063915181500223e-01,-2.026448329104706192e-11,2.949474603076585304e-03,-1.569049238919326475e-02,8.504107010962196371e-10,1.863996571806045277e-02,-2.089888800166500846e-09,3.159454629381248916e-08,-3.740242564225484869e-03,2.232869085219909080e-02,-1.319968247916976455e-06,-2.606695930384856155e-02,3.243666543845121446e-06
4.661255895008340033e+00,3.805063769514414052e-01,-9.985083641899969442e-03,-4.549576490679133611e-01,5.721441087123266565e-09,-1.125823770347032404e+00,-3.805063915106604577e-01,7.148387659694641450e-11,2.938715005297284910e-03,-1.562630405812131737e-02,-2.982694959368189041e-09,1.856502352190925881e-02,7.329516826579665532e-09,3.221456989122442218e-08,-3.743270254236713643e-03,2.231559003361378510e-02,-1.345878664692503012e-06,-2.605684742430276063e-02,3.307338211826496941e-06
4.664131438435242138e+00,3.805063769517809669e-01,-9.976648719474859317e-03,-4.550024909410736451e-01,5.707265115813189818e-09,-1.125770493530252603e+00,-3.805063914758249899e-01,1.649827634810351825e-10,2.927946789711768916e-03,-1.556215368024675347e-02,-6.888954220727222927e-09,1.849011077055593213e-02,1.692868844361279887e-08,3.281211844141126969e-08,-3.746236406781191207e-03,2.230229356768952467e-02,-1.370849946285340187e-06,-2.604647976449788946e-02,3.368702068864776508e-06
4.667006981862144244e+00,3.805063769523918116e-01,-9.968244773699544772e-03,-4.550471484022790003e-01,5.681754568478415365e-09,-1.125717432085125980e+00,-3.805063914131361358e-01,2.601679317495744429e-10,2.917170133446890436e-03,-1.549804181859174013e-02,-1.086568253601658789e-08,1.841522820013455353e-02,2.670102910198300639e-08,3.338745773979733524e-08,-3.749140901562781659e-03,2.228880115558467753e-02,-1.394893198966364298e-06,-2.603585588868594092e-02,3.427785407278333047e-06
4.669882525289046349e+00,3.805063769532787687e-01,-9.959871828590503851e-03,-4.550916215630950168e-01,5.644710629845771508e-09,-1.125664585923805472e+00,-3.805063913221053418e-01,3.569758988349612690e-10,2.906385213974164387e-03,-1.543396903703815257e-02,-1.491022724209377758e-08,1.834037654803125084e-02,3.664002020337912447e-08,3.394085270207565789e-08,-3.751983619074318686e-03,2.227511249776626540e-02,-1.418019492247192376e-06,-2.602497536127146641e-02,3.484615429054089426e-06
4.672758068715948454e+00,3.805063769544462793e-01,-9.951529907653343734e-03,-4.551359105367100977e-01,5.595942066775659414e-09,-1.125611954956323046e+00,-3.805063912022625949e-01,4.553439426669942069e-10,2.895592209107750864e-03,-1.536993590033084237e-02,-1.901996745322766665e-08,1.826555655288531962e-02,4.673922123863735846e-08,3.447256735189673237e-08,-3.754764440599217545e-03,2.226122729401024125e-02,-1.440239858365749620e-06,-2.601383774681433406e-02,3.539219244583373045e-06
4.675633612142850559e+00,3.805063769558988951e-01,-9.943219033881916039e-03,-4.551800154379376795e-01,5.535265137039873707e-09,-1.125559539090583927e+00,-3.805063910531565341e-01,5.552100990893095278e-10,2.884791297001955412e-03,-1.530594297407851523e-02,-2.319231395314499708e-08,1.819076895458739129e-02,5.699226952245958478e-08,3.498286480864365316e-08,-3.757483248212598742e-03,2.224714524339872074e-02,-1.461565291775458553e-06,-2.600244261002873300e-02,3.591623871406655789e-06
4.678509155569752664e+00,3.805063769576407795e-01,-9.934939229757310669e-03,-4.552239363832187302e-01,5.462503498411688718e-09,-1.125507338232364596e+00,-3.805063908743537282e-01,6.565131592418570752e-10,2.873982656149076231e-03,-1.524199082475639379e-02,-2.742470908565850531e-08,1.811601449427982166e-02,6.739287992464403296e-08,3.547200727533537229e-08,-3.760139924782799833e-03,2.223286604431993357e-02,-1.482006748639769361e-06,-2.599078951578547361e-02,3.641856232971423406e-06
4.681384698996654770e+00,3.805063769596758738e-01,-9.926690517246799378e-03,-4.552676734906247469e-01,5.377488118071493447e-09,-1.125455352285307686e+00,-3.805063906654387873e-01,7.591926669098508704e-10,2.863166465377099592e-03,-1.517808001970797835e-02,-3.171462664389298910e-08,1.804129391435597626e-02,7.793484459787256044e-08,3.594025602664588149e-08,-3.762734353972706398e-03,2.221838939446693292e-02,-1.501575146331543728e-06,-2.597887802911277508e-02,3.689943157401974503e-06
4.684260242423556875e+00,3.805063769620081748e-01,-9.918472917803015237e-03,-4.553112268798597539e-01,5.280057182335470338e-09,-1.125403581150920429e+00,-3.805063904260139740e-01,8.631889158351913601e-10,2.852342903847393963e-03,-1.511421112714710253e-02,-3.605957175794464124e-08,1.796660795845978972e-02,8.861203270164660738e-08,3.638787139701278945e-08,-3.765266420240983691e-03,2.220371499083637762e-02,-1.520281362936170694e-06,-2.596670771519695928e-02,3.735911376278382317e-06
4.687135785850458980e+00,3.805063769646413463e-01,-9.910286452362899665e-03,-4.553545966722628013e-01,5.170056006706794260e-09,-1.125352024728568878e+00,-3.805063901556994810e-01,9.684429469972195298e-10,2.841512151052384173e-03,-1.505038471615967495e-02,-4.045708078125765782e-08,1.789195737148501983e-02,9.941839012307169935e-08,3.681511276888301913e-08,-3.767736008843385487e-03,2.218884252972749480e-02,-1.538136236760412909e-06,-2.595427813938349162e-02,3.779787523429551538e-06
4.690011329277361085e+00,3.805063769675788854e-01,-9.902131141346758730e-03,-4.553977829908109620e-01,5.047336946256593647e-09,-1.125300682915475692e+00,-3.805063898541321543e-01,1.074896545858398300e-09,2.830674386813307550e-03,-1.498660135670589789e-02,-4.490472117553634636e-08,1.781734289957507752e-02,1.103479391940424305e-07,3.722223856106349751e-08,-3.770143005834032147e-03,2.217377170674121600e-02,-1.555150565845635433e-06,-2.594158886717818843e-02,3.821598133737026104e-06
4.692886872704263190e+00,3.805063769708242893e-01,-9.894007004657376717e-03,-4.554407859601213304e-01,4.911759306338798139e-09,-1.125249555606715912e+00,-3.805063895209664926e-01,1.182492239575934659e-09,2.819829791278001280e-03,-1.492286161962283995e-02,-4.940009139423338480e-08,1.774276529012316569e-02,1.213947784049293661e-07,3.760950621718291901e-08,-3.772487298066616677e-03,2.215850221677944168e-02,-1.571335107485682206e-06,-2.592863946424828897e-02,3.861369641950245058e-06
4.695762416131165295e+00,3.805063769743806112e-01,-9.885914061679060283e-03,-4.554836057064535759e-01,4.763189253640917500e-09,-1.125198642695214524e+00,-3.805063891558734257e-01,1.291173294181391765e-09,2.808978544918383155e-03,-1.485916607662522704e-02,-5.394082076470085701e-08,1.766822529177041953e-02,1.325530821149794176e-07,3.797717219426767987e-08,-3.774768773195516253e-03,2.214303375404312602e-02,-1.586700577749521736e-06,-2.591542949642245894e-02,3.899128381513483236e-06
4.698637959558067401e+00,3.805063769782509597e-01,-9.877852331276722533e-03,-4.555262423577124964e-01,4.601499727576331977e-09,-1.125147944071741346e+00,-3.805063887585408144e-01,1.400883711727228609e-09,2.798120828528382481e-03,-1.479551530030873835e-02,-5.852456936895933416e-08,1.759372365440691616e-02,1.438171002593197080e-07,3.832549195144171084e-08,-3.776987319677163960e-03,2.212736601203290146e-02,-1.601257651009065193e-06,-2.590195852969343071e-02,3.934900583405534289e-06
4.701513502984969506e+00,3.805063769824381104e-01,-9.869821831794824835e-03,-4.555686960434514043e-01,4.426570352017917088e-09,-1.125097459624907037e+00,-3.805063883286729509e-01,1.511568227403107988e-09,2.787256823221391337e-03,-1.473190986415063089e-02,-6.314902792320337488e-08,1.751926112916961029e-02,1.551811580528576443e-07,3.865471993874224750e-08,-3.779142826770956042e-03,2.211149868354628234e-02,-1.615016959471833773e-06,-2.588822613021687230e-02,3.968712374991296213e-06
4.704389046411871611e+00,3.805063769869448942e-01,-9.861822581056634354e-03,-4.556109668948734592e-01,4.238287347386639730e-09,-1.125047189241161982e+00,-3.805063878659900589e-01,1.623172306615889800e-09,2.776386710428234515e-03,-1.466835034251338238e-02,-6.781191765579032688e-08,1.744483846844372202e-02,1.666396556904522973e-07,3.896510958604032830e-08,-3.781235184540547318e-03,2.209543146067843855e-02,-1.627989092718002033e-06,-2.587423186431409353e-02,4.000589778884103609e-06
4.707264589838773716e+00,3.805063769917740313e-01,-9.853854596363287310e-03,-4.556530550448344430e-01,4.036543443089169919e-09,-1.124997132804791189e+00,-3.805063873702285715e-01,1.735642142040505715e-09,2.765510671894612967e-03,-1.460483731064542504e-02,-7.251099018401165766e-08,1.737045642586075925e-02,1.781870680440958350e-07,3.925691329208060514e-08,-3.783264283854831725e-03,2.207916403482033246e-02,-1.640184597242423490e-06,-2.585997529847188989e-02,4.030558711820315666e-06
4.710140133265676710e+00,3.805063769969275200e-01,-9.845917894492860895e-03,-4.556949606278458687e-01,3.821237790311228162e-09,-1.124947290197910288e+00,-3.805063868411406869e-01,1.848924650639870210e-09,2.754628889678897245e-03,-1.454137134468369910e-02,-7.724402738957094537e-08,1.729611575629867726e-02,1.898179443569147707e-07,3.953038241364916178e-08,-3.785230016389061654e-03,2.206269609665829565e-02,-1.651613976002007337e-06,-2.584545599934388871e-02,4.058644983547056866e-06
4.713015676692577927e+00,3.805063770024080250e-01,-9.838012491699400092e-03,-4.557366837800773673e-01,3.592275875169576839e-09,-1.124897661300462204e+00,-3.805063862784941464e-01,1.962967470654292001e-09,2.743741546149815538e-03,-1.447795302165569634e-02,-8.200884129278720414e-08,1.722181721588141728e-02,2.015269079340401008e-07,3.978576725485863306e-08,-3.787132274625854521e-03,2.204602733617300539e-02,-1.662287687967996735e-06,-2.583067353375122568e-02,4.084874295721979635e-06
4.715891220119480920e+00,3.805063770082174335e-01,-9.830138403712104095e-03,-4.557782246393589087e-01,3.349569432231365806e-09,-1.124848245990214046e+00,-3.805063856820722346e-01,2.077718958558076185e-09,2.732848823984045019e-03,-1.441458291948109934e-02,-8.680327392542728661e-08,1.714756156197791426e-02,2.133086558301088455e-07,4.002331705653825040e-08,-3.788970951856205846e-03,2.202915744263871101e-02,-1.672216147682630497e-06,-2.581562746868339142e-02,4.109272240823823267e-06
4.718766763546382137e+00,3.805063770143577440e-01,-9.822295645734452005e-03,-4.558195833451839096e-01,3.093036358399470676e-09,-1.124799044142753557e+00,-3.805063850516728907e-01,2.193128185986853700e-09,2.721950906163975344e-03,-1.435126161697426045e-02,-9.162519720231530324e-08,1.707334955320222170e-02,2.251579585337589930e-07,4.024327998575341043e-08,-3.790745942180445520e-03,2.201208610462242546e-02,-1.681409724821215619e-06,-2.580031737129914737e-02,4.131864301076261109e-06
4.721642306973285130e+00,3.805063770208308993e-01,-9.814484232443364958e-03,-4.558607600387108438e-01,2.822600627170067336e-09,-1.124750055631485335e+00,-3.805063843871094309e-01,2.309144936634380586e-09,2.711047975975414918e-03,-1.428798969384647947e-02,-9.647251279166638353e-08,1.699918194941322722e-02,2.370696596489905281e-07,4.044590312544061890e-08,-3.792457140509249581e-03,2.199481300998369637e-02,-1.689878743759026206e-06,-2.578474280892783035e-02,4.152675847383603661e-06
4.724517850400186347e+00,3.805063770276384538e-01,-9.806704177988253765e-03,-4.559017548627667948e-01,2.538192203260809852e-09,-1.124701280327626396e+00,-3.805063836882097705e-01,2.425719703121428992e-09,2.700140217005102001e-03,-1.422476773070713296e-02,-1.013431519842535699e-07,1.692505951171312945e-02,2.490386755736592804e-07,4.063143246416505577e-08,-3.794104442564454234e-03,2.197733784587289560e-02,-1.697633483143318475e-06,-2.576890334906915478e-02,4.171732138279079271e-06
4.727393393827089341e+00,3.805063770347819618e-01,-9.798955495990146342e-03,-4.559425679618500094e-01,2.239746957618340167e-09,-1.124652718100204618e+00,-3.805063829548162024e-01,2.542803683834852956e-09,2.689227813138515919e-03,-1.416159630906647406e-02,-1.062350755613296528e-07,1.685098300244787170e-02,2.610599951749098864e-07,4.080011288600356073e-08,-3.795687744880067195e-03,2.195966029873137881e-02,-1.704684175470591011e-06,-2.575279855939504453e-02,4.189058318885999048e-06
4.730268937253990558e+00,3.805063770422627001e-01,-9.791238199540903617e-03,-4.559831994821316736e-01,1.927206582811922398e-09,-1.124604368816052968e+00,-3.805063821867856189e-01,2.660348779735610498e-09,2.678310948557478810e-03,-1.409847601133739671e-02,-1.111462736612506624e-07,1.677695318520626769e-02,2.731286794614204407e-07,4.095218816053386183e-08,-3.797206944803041811e-03,2.194178005429033018e-02,-1.711041006668286864e-06,-2.573642800774982031e-02,4.204679419889840872e-06
4.733144480680893551e+00,3.805063770500822229e-01,-9.783552301202324414e-03,-4.560236495714596328e-01,1.600518508806369227e-09,-1.124556232339806394e+00,-3.805063813839887343e-01,2.778307591140827557e-09,2.667389807737800735e-03,-1.403540742083737337e-02,-1.160747656450156753e-07,1.670297082481939782e-02,2.852398612529815342e-07,4.108790093295777428e-08,-3.798661940494176947e-03,2.192369679757035991e-02,-1.716714115682086274e-06,-2.571979126215132722e-02,4.218620356524079064e-06
4.736020024107794768e+00,3.805063770582413629e-01,-9.775897813005382173e-03,-4.560639183793596674e-01,1.259635819129824603e-09,-1.124508308533900269e+00,-3.805063805463102522e-01,2.896633414475074665e-09,2.656464575447025408e-03,-1.397239112179099636e-02,-1.210185999605195145e-07,1.662903668736071330e-02,2.973887448469142449e-07,4.120749271433874204e-08,-3.800052630928876362e-03,2.190541021288083118e-02,-1.721713594067981320e-06,-2.570288789079168065e-02,4.230905927567747147e-06
4.738895567534697761e+00,3.805063770667412859e-01,-9.768274746449258708e-03,-4.561040060570392130e-01,9.045171674238958080e-10,-1.124460597258564398e+00,-3.805063796736485870e-01,3.015280238997255460e-09,2.645535436741907036e-03,-1.390942769933100134e-02,-1.259758540057864417e-07,1.655515154014431181e-02,3.095706056819836107e-07,4.131120387196720203e-08,-3.801378915897899845e-03,2.188691998381874296e-02,-1.726049485589698738e-06,-2.568571746203742942e-02,4.241560814356152492e-06
4.741771110961598978e+00,3.805063770755827690e-01,-9.760683112500586137e-03,-4.561439127573898578e-01,5.351266943969235564e-10,-1.124413098371820574e+00,-3.805063787659156427e-01,3.134202743497220779e-09,2.634602576966341668e-03,-1.384651773950180617e-02,-1.309446339909394819e-07,1.648131615172620038e-02,3.217807899992046035e-07,4.139927361985121655e-08,-3.802640696008237516e-03,2.186822579326918800e-02,-1.729731785821336861e-06,-2.566827954443154716e-02,4.250609579804418433e-06
4.744646654388501972e+00,3.805063770847665894e-01,-9.753122921592638495e-03,-4.561836386349892303e-01,1.514339451747487902e-10,-1.124365811729478581e+00,-3.805063778230365901e-01,3.253356292965058931e-09,2.623666181748695279e-03,-1.378366182925989947e-02,-1.359230747990269010e-07,1.640753129190181125e-02,3.340147144998401359e-07,4.147194000931181348e-08,-3.803837872683695723e-03,2.184932732340378117e-02,-1.732770441754405430e-06,-2.565057370669297093e-02,4.258076667441815882e-06
4.747522197815403189e+00,3.805063770942932466e-01,-9.745594183624986528e-03,-4.562231838461044964e-01,-2.465848417816670021e-10,-1.124318737185135086e+00,-3.805063768449530315e-01,3.372498818352548838e-09,2.612726434347829949e-03,-1.372086055910600247e-02,-1.409010623013018604e-07,1.633379771930430421e-02,3.462475249209262868e-07,4.073241425526755653e-08,-3.804981017071541044e-03,2.183021368198104564e-02,-1.701874729507636249e-06,-2.563264941646812081e-02,4.182154087648443909e-06
4.750397741242306182e+00,3.805063771041531928e-01,-9.738096908096859766e-03,-4.562625485488287502e-01,-6.585275826131815044e-10,-1.124271874590797582e+00,-3.805063758326529544e-01,3.483133189776908241e-09,2.601783407791821452e-03,-1.365811462998107496e-02,-1.455235767157158914e-07,1.626011567694435334e-02,3.576068024286200361e-07,3.623432383827357354e-08,-3.806109475234672589e-03,2.181084545871901995e-02,-1.513941917402305003e-06,-2.561469071878069714e-02,3.720331536663026291e-06
4.753273284669207399e+00,3.805063771143128437e-01,-9.730631104290603933e-03,-4.563017329032649227e-01,-1.082991862615779617e-09,-1.124225223797743700e+00,-3.805063747895826021e-01,3.580989837024992575e-09,2.590837231967146794e-03,-1.359542468767040158e-02,-1.496122304247091924e-07,1.618648567370185171e-02,3.676541806994926281e-07,3.184502195451648009e-08,-3.807171386187081265e-03,2.179127363657784242e-02,-1.330554339654346375e-06,-2.559645507726951777e-02,3.269678359207029427e-06
4.756148828096110392e+00,3.805063771247358395e-01,-9.723196780986867113e-03,-4.563407370712476152e-01,-1.518461257748125247e-09,-1.124178784655186725e+00,-3.805063737194686602e-01,3.666379686690743577e-09,2.579888098340457105e-03,-1.353279131812176218e-02,-1.531800140827496632e-07,1.611290850641970002e-02,3.764215827238078115e-07,2.756318844075622827e-08,-3.808166675421313912e-03,2.177149787426297528e-02,-1.151656839294323778e-06,-2.557794215862390155e-02,2.830059013578756958e-06
4.759024371523012498e+00,3.805063771353868751e-01,-9.715793946415342275e-03,-4.563795612162981907e-01,-1.963456471476985115e-09,-1.124132557010047329e+00,-3.805063726259461099e-01,3.739609877990682294e-09,2.568936198591672583e-03,-1.347021510826546670e-02,-1.562397601061004366e-07,1.603938497289997267e-02,3.839405426402341310e-07,2.338750926842767884e-08,-3.809095269151628691e-03,2.175151782986164614e-02,-9.771945156619516398e-07,-2.555915162925333911e-02,2.401338587925815579e-06
4.761899914949914603e+00,3.805063771462313116e-01,-9.708422608254297162e-03,-4.564182055036267172e-01,-2.416534880811532375e-09,-1.124086540706951354e+00,-3.805063715125600043e-01,3.800983780474018047e-09,2.557981724611798485e-03,-1.340769664601569079e-02,-1.588041434127555683e-07,1.596591587190411207e-02,3.902422075541489565e-07,1.931667659323520413e-08,-3.809957094313789518e-03,2.173133316084339267e-02,-8.071127264781807717e-07,-2.554008315528469644e-02,1.983382805337015484e-06
4.764775458376816708e+00,3.805063771572355646e-01,-9.701082773629932446e-03,-4.564566701001354088e-01,-2.876290084482588256e-09,-1.124040735588226259e+00,-3.805063703827665234e-01,3.850801011876936638e-09,2.547024868501006085e-03,-1.334523652027300514e-02,-1.608856821683990570e-07,1.589250200315470152e-02,3.953573393707447295e-07,1.534938880397568366e-08,-3.810752078564871338e-03,2.171094352406095426e-02,-6.413570898850397347e-07,-2.552073640255986264e-02,1.576058028855038930e-06
4.767651001803718813e+00,3.805063771683667717e-01,-9.693774449115720795e-03,-4.564949551744212353e-01,-3.341351453278930189e-09,-1.123995141493898675e+00,-3.805063692399338060e-01,3.889357456115844141e-09,2.536065822566305975e-03,-1.328283532092479693e-02,-1.624967385381700643e-07,1.581914416733468109e-02,3.993163166424017865e-07,1.148435057063014475e-08,-3.811480150282819078e-03,2.169034857574934222e-02,-4.798734864549281754e-07,-2.550111103663142004e-02,1.179231266414041978e-06
4.770526545230620918e+00,3.805063771795930694e-01,-9.686497640731898603e-03,-4.565330608967786974e-01,-3.810383682542157719e-09,-1.123949758261690857e+00,-3.805063680873431164e-01,3.916945281417218333e-09,2.525104779319799903e-03,-1.322049363884879661e-02,-1.636495194441347794e-07,1.574584316609023080e-02,4.021491364300864056e-07,7.720272891860332618e-09,-3.812141238566303224e-03,2.166954797152758835e-02,-3.226080611750397380e-07,-2.548120672276120088e-02,7.927701757161342463e-07
4.773402088657523024e+00,3.805063771908832604e-01,-9.679252353944643728e-03,-4.565709874392038237e-01,-4.282086346870602159e-09,-1.123904585727018013e+00,-3.805063669281902872e-01,3.933852958584100852e-09,2.514141931476231336e-03,-1.315821206591272392e-02,-1.643560773284681612e-07,1.567259980202913988e-02,4.038854161787791083e-07,4.055873141615719796e-09,-3.812735273234440971e-03,2.164854136639855417e-02,-1.695072253946254828e-07,-2.546102312591700181e-02,4.165430690165486004e-07
4.776277632084425129e+00,3.805063772022070356e-01,-9.672038593665967937e-03,-4.566087349753944480e-01,-4.755193456978426374e-09,-1.123859623722987866e+00,-3.805063657655860521e-01,3.940365279393151533e-09,2.503177471951305386e-03,-1.309599119497841836e-02,-1.646283109220898831e-07,1.559941487872437520e-02,4.045543956063055096e-07,4.898751154109369403e-10,-3.813262184826264091e-03,2.162732841474946516e-02,-2.051765875848105477e-08,-2.544055991076958970e-02,5.041891787496162171e-08
4.779153175511327234e+00,3.805063772135349187e-01,-9.664856364252703835e-03,-4.566463036807556497e-01,-5.228473018832947883e-09,-1.123814872080394434e+00,-3.805063646025581003e-01,3.936763375127130423e-09,2.492211593859322647e-03,-1.303383161990174371e-02,-1.644779660189592257e-07,1.552628920071280443e-02,4.041849386060750786e-07,-2.978990924568114685e-09,-3.813721904600511203e-03,2.160590877035209467e-02,1.244136889084977852e-07,-2.541981674168993649e-02,-3.057326422134454475e-07
4.782028718938229339e+00,3.805063772248382659e-01,-9.657705669506086790e-03,-4.566836937324013634e-01,-5.700726594987167792e-09,-1.123770330627718028e+00,-3.805063634420514096e-01,3.923324735233824265e-09,2.481244490511264056e-03,-1.297173393553529772e-02,-1.639166362556519881e-07,1.545322357349714591e-02,4.028055351627981389e-07,-6.351988204759009065e-09,-3.814114364535297307e-03,2.158428208636396436e-02,2.653395957335136766e-07,-2.539879328274727635e-02,-6.520413072280756752e-07
4.784904262365131444e+00,3.805063772360890995e-01,-9.650586512671189415e-03,-4.567209053091576543e-01,-6.170788868172808981e-09,-1.123725999191119485e+00,-3.805063622869295781e-01,3.900323226112889028e-09,2.470276355412605578e-03,-1.290969873772953268e-02,-1.629557638962823618e-07,1.538021880354608663e-02,4.004443032813384428e-07,-9.630373396311890289e-09,-3.814439497327561709e-03,2.156244801532773356e-02,4.023125659612495642e-07,-2.537748919770517822e-02,-9.886361001145669548e-07
4.787779805792033549e+00,3.805063772472604966e-01,-9.643498896436475745e-03,-4.567579385915649381e-01,-6.637527207148782990e-09,-1.123681877594441492e+00,-3.805063611399759349e-01,3.868029110028699338e-09,2.459307382261424323e-03,-1.284772662333552064e-02,-1.616066406226896175e-07,1.530727569829631700e-02,3.971289909285029043e-07,-1.281539657182343905e-08,-3.814697236392804343e-03,2.154040620917290275e-02,5.353848281461976857e-07,-2.535590415002031070e-02,-1.315645366342652121e-06
4.790655349218934766e+00,3.805063772583258674e-01,-9.636442822933063979e-03,-4.567947937618817011e-01,-7.099841234850593791e-09,-1.123637965659202154e+00,-3.805063600038945393e-01,3.826709064145563563e-09,2.448337764946169857e-03,-1.278581819020572011e-02,-1.598804083297365300e-07,1.523439506615226896e-02,3.928869779873933596e-07,-1.590830116292950642e-08,-3.814887515864575761e-03,2.151815631921544236e-02,6.646083333808596907e-07,-2.533403780283890322e-02,-1.633196769552175186e-06
4.793530892645837760e+00,3.805063772692597879e-01,-9.629418293734254633e-03,-4.568314710040871085e-01,-7.556662398816171554e-09,-1.123594263204593879e+00,-3.805063588813111797e-01,3.776626199684378116e-09,2.437367697543664502e-03,-1.272397403719613233e-02,-1.577880599256823242e-07,1.516157771648747772e-02,3.877452782242280290e-07,-1.891032391848280247e-08,-3.815010270594058200e-03,2.149569799615869137e-02,7.900347535483942472e-07,-2.531188981899458457e-02,-1.941417287259176288e-06
4.796406436072738977e+00,3.805063772800374444e-01,-9.622425309855044823e-03,-4.568679705038835581e-01,-8.006953543921188064e-09,-1.123550770047480052e+00,-3.805063577747745396e-01,3.718040081198819688e-09,2.426397374317041181e-03,-1.266219476416811408e-02,-1.553404401375496485e-07,1.508882445964551677e-02,3.817305412674345277e-07,-2.182269486345086246e-08,-3.815065436149558172e-03,2.147303089009379787e-02,9.117154796053590143e-07,-2.528945986100578081e-02,-2.240433206635932155e-06
4.799281979499641970e+00,3.805063772906346342e-01,-9.615463871751507227e-03,-4.569042924487001778e-01,-8.449708487447058690e-09,-1.123507486002392808e+00,-3.805063566867572522e-01,3.651206745967920560e-09,2.415426989713700349e-03,-1.260048097199015574e-02,-1.525482463213539137e-07,1.501613610694097108e-02,3.748690545986930819e-07,-2.464663725859469106e-08,-3.815052948816071484e-03,2.145015465050047546e-02,1.029701619897062643e-06,-2.526674759107352258e-02,-2.530370120371141440e-06
4.802157522926543187e+00,3.805063773010282091e-01,-9.608533979320469168e-03,-4.569404370276943239e-01,-8.883951596467265261e-09,-1.123464410881530373e+00,-3.805063556196567887e-01,3.576378723505592775e-09,2.404456738363236999e-03,-1.253883326253971142e-02,-1.494220292772192447e-07,1.494351347066038942e-02,3.671867455559865428e-07,-2.738336756073649495e-08,-3.814972745594677386e-03,2.142706892624737444e-02,1.144043998497537111e-06,-2.524375267107869039e-02,-2.811352922590594990e-06
4.805033066353446181e+00,3.805063773111952985e-01,-9.601635631898542897e-03,-4.569764044317573548e-01,-9.308737367625571767e-09,-1.123421544494752622e+00,-3.805063545757966237e-01,3.493805055177746173e-09,2.393486815075293074e-03,-1.247725223870419647e-02,-1.459721940689892659e-07,1.487095736406236768e-02,3.587091833476974046e-07,-3.003409538402052173e-08,-3.814824764202105322e-03,2.140377336559247043e-02,1.254793153591000170e-06,-2.522047476257958942e-02,-3.083505804879823373e-06
4.807908609780348286e+00,3.805063773211141420e-01,-9.594768828262174171e-03,-4.570121948535140199e-01,-9.723150009212623437e-09,-1.123378886649580188e+00,-3.805063535574271794e-01,3.403731313939353819e-09,2.382517414837656642e-03,-1.241573850438394862e-02,-1.422090008488498856e-07,1.479846860137984561e-02,3.494615810790193048e-07,-3.260002346145362827e-08,-3.814608943070121709e-03,2.138026761618438271e-02,1.361999335865001338e-06,-2.519691352681019750e-02,-3.346952252335427489e-06
4.810784153207250391e+00,3.805063773307634789e-01,-9.587933566626700294e-03,-4.570478084873279556e-01,-1.012630302568504141e-08,-1.123336437151191358e+00,-3.805063525667269908e-01,3.306399624171021884e-09,2.371548732814106504e-03,-1.235429266449312481e-02,-1.381425656861085509e-07,1.472604799782009470e-02,3.394687977885843242e-07,-3.508234760759937549e-08,-3.814325221344962678e-03,2.135655132506225282e-02,1.465712506951769681e-06,-2.517306862467723338e-02,-3.601815039734890866e-06
4.813659696634152496e+00,3.805063773401228255e-01,-9.581129844646089910e-03,-4.570832455293032948e-01,-1.051733880453125200e-08,-1.123294195802417850e+00,-3.805063516058034279e-01,3.202048681628960198e-09,2.360580964342404685e-03,-1.229291532496190088e-02,-1.337828614007127581e-07,1.465369636956614062e-02,3.287553404967354018e-07,-3.748225668170147296e-08,-3.813973538886729527e-03,2.133262413865680621e-02,1.565982337887489892e-06,-2.514893971675822085e-02,-3.848216227750429213e-06
4.816535240061054601e+00,3.805063773491722534e-01,-9.574357659412315036e-03,-4.571185061772884417e-01,-1.089542820556186165e-08,-1.123252162403743704e+00,-3.805063506766940828e-01,3.090913773495955270e-09,2.349614304932190912e-03,-1.223160709273782808e-02,-1.291397184009868925e-07,1.458141453377727326e-02,3.173453662641658507e-07,-3.980093255167122680e-08,-3.813553836268792404e-03,2.130848570279086224e-02,1.662858207607685480e-06,-2.512452646329919534e-02,-4.086277159251572171e-06
4.819410783487956706e+00,3.805063773578926112e-01,-9.567617007454847985e-03,-4.571535906308784591e-01,-1.125977015261025273e-08,-1.123210336753301508e+00,-3.805063497813674367e-01,2.973226798535565950e-09,2.338648950262981179e-03,-1.217036857578784013e-02,-1.242228255256832456e-07,1.450920330859031999e-02,3.052626842611585387e-07,-4.203955005876529306e-08,-3.813066054777174488e-03,2.128413566268017032e-02,1.756389201471444913e-06,-2.509982852421271254e-02,-4.316118455678615467e-06
4.822286326914858812e+00,3.805063773662654691e-01,-9.560907884740437596e-03,-4.571884990914175106e-01,-1.160959122764413598e-08,-1.123168718646869957e+00,-3.805063489217241912e-01,2.849216287351876008e-09,2.327685096182081307e-03,-1.210920038309995853e-02,-1.190417308904421299e-07,1.443706351312051481e-02,2.925307578476619546e-07,-4.419927698286442079e-08,-3.812510136409750974e-03,2.125957366293367359e-02,1.846624109810747039e-06,-2.507484555907513180e-02,-4.537860013477782379e-06
4.825161870341760917e+00,3.805063773742729527e-01,-9.554230286672231454e-03,-4.572232317620031350e-01,-1.194414526735333117e-08,-1.123127307877871184e+00,-3.805063480995977687e-01,2.719107422737389438e-09,2.316722938702616731e-03,-1.204810312468516942e-02,-1.136058427379354619e-07,1.436499596746270216e-02,2.791727066624167696e-07,-4.628127400873823405e-08,-3.811886023875795445e-03,2.123479934755498691e-02,1.933611426520988948e-06,-2.504957722712556484e-02,-4.751621000637593366e-06
4.828037413768663022e+00,3.805063773818976314e-01,-9.547584208089520894e-03,-4.572577888474883001e-01,-1.226271296215435436e-08,-1.123086104237367433e+00,-3.805063473167560328e-01,2.583122060126441737e-09,2.305762674001330271e-03,-1.198707741157851656e-02,-1.079244302924180135e-07,1.429300149269146711e-02,2.652113087229145200e-07,-4.828669469278338632e-08,-3.811193660595060470e-03,2.120981235994211581e-02,2.017399347671299670e-06,-2.502402318726253821e-02,-4.957519853273884174e-06
4.830912957195565127e+00,3.805063773891232404e-01,-9.540969643267352418e-03,-4.572921705544841231e-01,-1.256460145766715350e-08,-1.123045107514057950e+00,-3.805063465749013440e-01,2.441478748141776954e-09,2.294804498416744623e-03,-1.192612385584190457e-02,-1.020066246181719844e-07,1.422108091086342514e-02,2.506690025349224160e-07,-5.021668543056013603e-08,-3.810432990697164811e-03,2.118461234288909756e-02,2.098035770148194787e-06,-2.499818309804304611e-02,-5.155674272296746440e-06
4.833788500622467232e+00,3.805063773959336260e-01,-9.534386585915811257e-03,-4.573263770913640891e-01,-1.284914395868041863e-08,-1.123004317494277426e+00,-3.805063458756723915e-01,2.294392749226541069e-09,2.283848608446989187e-03,-1.186524307056503226e-02,-9.586141948151985896e-08,1.414923504501724126e-02,2.355678892107780111e-07,-5.207238542515649980e-08,-3.809603959020883487e-03,2.115919893858650772e-02,2.175568290333823661e-06,-2.497205661768034379e-02,-5.346201220162485834e-06
4.836664044049369338e+00,3.805063774023134671e-01,-9.527835029179925960e-03,-4.573604086682647729e-01,-1.311569933557364825e-08,-1.122963733961992672e+00,-3.805063452206447483e-01,2.142076060378778757e-09,2.272895200747797762e-03,-1.180443566986749161e-02,-8.949767221711982279e-08,1.407746471917505071e-02,2.199297345982077274e-07,-5.385492665606261063e-08,-3.808706511113226639e-03,2.113357178862192154e-02,2.250044202805528431e-06,-2.494564340404157102e-02,-5.529216917677924297e-06
4.839539587476271443e+00,3.805063774082481087e-01,-9.521314965638771541e-03,-4.573942654970915012e-01,-1.336365173327012364e-08,-1.122923356698798836e+00,-3.805063446113315928e-01,1.984737433957364235e-09,2.261944472130426442e-03,-1.174370226890002894e-02,-8.292410459724589771e-08,1.400577075834289961e-02,2.037759714164788327e-07,-5.556543384905249612e-08,-3.807740593228798546e-03,2.110773053398092361e-02,2.321510499077483395e-06,-2.491894311464617345e-02,-5.704836840908152953e-06
4.842415130903173548e+00,3.805063774137232846e-01,-9.514826387305467745e-03,-4.574279477915189629e-01,-1.359241018265861369e-08,-1.122883185483918522e+00,-3.805063440491854299e-01,1.822582398592765670e-09,2.250996619559696415e-03,-1.168304348384690931e-02,-7.614930370544849478e-08,1.393415398851249529e-02,1.871277014033163596e-07,-5.720502444648763270e-08,-3.806706152328893401e-03,2.108167481504804458e-02,2.390013866359975973e-06,-2.489195540666416101e-02,-5.873175718127586195e-06
4.845290674330075653e+00,3.805063774187254499e-01,-9.508369285626448730e-03,-4.574614557669955950e-01,-1.380140821456133684e-08,-1.122843220094195571e+00,-3.805063435355979795e-01,1.655813280165816444e-09,2.240051840151963038e-03,-1.162245993192746567e-02,-6.918172281305508192e-08,1.386261523666202158e-02,1.700056974688007937e-07,-5.877480857859726785e-08,-3.805603136080671755e-03,2.105540427160730588e-02,2.455600686359476117e-06,-2.486467993691398801e-02,-6.034347526871299388e-06
4.848166217756977758e+00,3.805063774232417262e-01,-9.501943651481029388e-03,-4.574947896407466907e-01,-1.399010347621423598e-08,-1.122803460304096612e+00,-3.805063430719022866e-01,1.484629222874656022e-09,2.229110331172963911e-03,-1.156195223139721423e-02,-6.202968225935615954e-08,1.379115533075640776e-02,1.524304058583187174e-07,-6.027588903536787154e-08,-3.804431492856398100e-03,2.102891854284348952e-02,2.518317034104176425e-06,-2.483711636186130417e-02,-6.188465491048908094e-06
4.851041761183879863e+00,3.805063774272596788e-01,-9.495549475181179824e-03,-4.575279496317761763e-01,-1.415797735027951956e-08,-1.122763905885704627e+00,-3.805063426593727205e-01,1.309226210385867667e-09,2.218172290035978333e-03,-1.150152100155062834e-02,-5.470137033530782578e-08,1.371977509974960097e-02,1.344219483241584841e-07,-6.170936123912735313e-08,-3.803191171732388329e-03,2.100221726734247812e-02,2.578208676798537629e-06,-2.480926433761654684e-02,-6.335642078129778491e-06
4.853917304610781969e+00,3.805063774307673174e-01,-9.489186746470959846e-03,-4.575609359608704407e-01,-1.430453457641276807e-08,-1.122724556608718061e+00,-3.805063422992261968e-01,1.129797087056105590e-09,2.207237914299622471e-03,-1.144116686272184276e-02,-4.720484417017991869e-08,1.364847537358439625e-02,1.160001243043412867e-07,-6.307631321792906936e-08,-3.801882122488216102e-03,2.097530008309241023e-02,2.635321072711272399e-06,-2.478112351993364340e-02,-6.475988996410347460e-06
4.856792848037684074e+00,3.805063774337535398e-01,-9.482855454526175482e-03,-4.575937488506011119e-01,-1.442930287537942928e-08,-1.122685412240447711e+00,-3.805063419926235091e-01,9.465315792335694392e-10,2.196307401665994943e-03,-1.138089043628728696e-02,-3.954803062154055507e-08,1.357725698319451300e-02,9.718441310965400796e-08,-6.437782557962772586e-08,-3.800504295605813387e-03,2.094816662748497788e-02,2.689699370092214672e-06,-2.475269356420874839e-02,-6.609617192352495196e-06
4.859668391464586179e+00,3.805063774362074658e-01,-9.476555587953858564e-03,-4.576263885253282204e-01,-1.453183257573805009e-08,-1.122646472545812735e+00,-3.805063417406693849e-01,7.596163166285781429e-10,2.185380949978509707e-03,-1.132069234466654209e-02,-3.173872716812656998e-08,1.350612076050465224e-02,7.799397611777102002e-08,-6.561497148671093791e-08,-3.799057642268423556e-03,2.092081653731553068e-02,2.741388406120782452e-06,-2.472397412547777326e-02,-6.736636847999469603e-06
4.862543934891488284e+00,3.805063774381188257e-01,-9.470287134791973566e-03,-4.576588552112030306e-01,-1.461169624309124396e-08,-1.122607737287338869e+00,-3.805063415444144281e-01,5.692348537613735724e-10,2.174458757219989609e-03,-1.126057321132470888e-02,-2.378460280594185672e-08,1.343506753843229026e-02,5.844765897531040124e-08,-6.678881663180846397e-08,-3.797542114359654230e-03,2.089324944878444626e-02,2.790432705882734908e-06,-2.469496485841526576e-02,-6.857157378461440195e-06
4.865419478318390389e+00,3.805063774394779608e-01,-9.464050082508917994e-03,-4.576911491361714268e-01,-1.466848831192100062e-08,-1.122569206225155547e+00,-3.805063414048551751e-01,3.755676914732944646e-10,2.163541021510594249e-03,-1.120053366077371042e-02,-1.569319894700265483e-08,1.336409815088824768e-02,3.856399380639296969e-08,-6.790041921398003443e-08,-3.795957664462564374e-03,2.086546499749827518e-02,2.836876481379468241e-06,-2.466566541733314008e-02,-6.971287429480925503e-06
4.868295021745292495e+00,3.805063774402758225e-01,-9.457844418003345452e-03,-4.577232705299758009e-01,-1.470182472000938678e-08,-1.122530879116993674e+00,-3.805063413229354263e-01,1.787922985150698116e-10,2.152627941105864952e-03,-1.114057431857445706e-02,-7.471930321305386591e-09,1.329321343277825064e-02,1.836120142912148518e-08,-6.895082991564262415e-08,-3.794304245858543673e-03,2.083746281847059095e-02,2.880763630564034589e-06,-2.463607545617899769e-02,-7.079134875063929915e-06
4.871170565172194600e+00,3.805063774405034738e-01,-9.451670127603374605e-03,-4.577552196241601590e-01,-1.471134254546089207e-08,-1.122492755718179414e+00,-3.805063412995470240e-01,-2.091686681960972651e-11,2.141719714394556794e-03,-1.108069581133744146e-02,8.719141193145303065e-10,1.322241422000271921e-02,-2.142806423294146435e-09,-6.994109188039119911e-08,-3.792581812526271256e-03,2.080924254612228491e-02,2.922137736414477817e-06,-2.460619462853398318e-02,-7.180806815202781147e-06
4.874046108599096705e+00,3.805063774401528098e-01,-9.445527197066710609e-03,-4.577869966520706213e-01,-1.469669964632358441e-08,-1.122454835781637073e+00,-3.805063413355307400e-01,-2.233883349685710323e-10,2.130816539896919926e-03,-1.102089876672621670e-02,9.331170293481489871e-09,1.315170134945986037e-02,-2.293042487196702008e-08,-7.087224069131424944e-08,-3.790790319140698288e-03,2.078080381428376588e-02,2.961042066027842847e-06,-2.457602258761258651e-02,-7.276409573649778679e-06
4.876921652025998810e+00,3.805063774392162257e-01,-9.439415611579930407e-03,-4.578186018488600850e-01,-1.465757430282698860e-08,-1.122417119057880441e+00,-3.805063414316771642e-01,-4.284536033413140012e-10,2.119918616262496912e-03,-1.096118381345785250e-02,1.789879808114436880e-08,1.308107565904531241e-02,-4.398435365824448573e-08,-7.174530435024142933e-08,-3.788929721071987184e-03,2.075214625619554304e-02,2.997519569753145951e-06,-2.454555898626090138e-02,-7.366048695786539129e-06
4.879797195452900915e+00,3.805063774376864494e-01,-9.433335355758028229e-03,-4.578500354514917769e-01,-1.459366486223422763e-08,-1.122379605295013016e+00,-3.805063415887275369e-01,-6.359471144927295575e-10,2.109026142268068376e-03,-1.090155158130430568e-02,2.656788041166634194e-08,1.301053798765280413e-02,-6.528759490279420315e-08,-7.256130325764715764e-08,-3.786999974384301203e-03,2.072326950450862834e-02,3.031612880351723699e-06,-2.451480347695455392e-02,-7.449828946560684130e-06
4.882672738879803020e+00,3.805063774355567086e-01,-9.427286413644556107e-03,-4.578812976987395866e-01,-1.450468938632756485e-08,-1.122342294238726002e+00,-3.805063418073747483e-01,-8.457062342202566940e-10,2.098139316815878386e-03,-1.084200270109548538e-02,3.533162234871431935e-08,1.294008917517681934e-02,-8.682345085683010138e-08,-7.332125019315358712e-08,-3.785001035834658235e-03,2.069417319128634067e-02,3.063364312182651962e-06,-2.448375571179814761e-02,-7.527854308484089722e-06
4.885548282306705126e+00,3.805063774328207304e-01,-9.421268768710694061e-03,-4.579123888311944501e-01,-1.439038530151722515e-08,-1.122305185632292313e+00,-3.805063420882640046e-01,-1.057571229641706716e-09,2.087258338931459976e-03,-1.078253780471972491e-02,4.418335017434307601e-08,1.286973006251225515e-02,-1.085755216513574591e-07,-7.402615029699912492e-08,-3.782932862871928124e-03,2.066485694800547501e-02,3.092815860428484527e-06,-2.445241534252421897e-02,-7.600227979730225883e-06
4.888423825733607231e+00,3.805063774294726309e-01,-9.415282403855161630e-03,-4.579433090912654047e-01,-1.425050905159562762e-08,-1.122268279216565912e+00,-3.805063424319937715e-01,-1.271385247193470508e-09,2.076383407761704832e-03,-1.072315752512587907e-02,5.311651046975023288e-08,1.279946149155598324e-02,-1.305277030382372614e-07,-7.467700105203896921e-08,-3.780795413635404997e-03,2.063532040555646208e-02,3.120009200343228451e-06,-2.442078202049091998e-02,-7.667052372286167815e-06
4.891299369160510224e+00,3.805063774255071363e-01,-9.409327301403952459e-03,-4.579740587231827531e-01,-1.408483575313844879e-08,-1.122231574729978476e+00,-3.805063428391168290e-01,-1.486994290583314051e-09,2.065514722572968538e-03,-1.066386249632551506e-02,6.212466919413560961e-08,1.272928430520851167e-02,-1.526641841265934171e-07,-7.527479226651779579e-08,-3.778588646953816733e-03,2.060556319424587321e-02,3.144985686532581198e-06,-2.438885539668243091e-02,-7.728429110183837828e-06
4.894174912587411441e+00,3.805063774209192506e-01,-9.403403443109898882e-03,-4.580046379730013939e-01,-1.389315885355329915e-08,-1.122195071908537845e+00,-3.805063433101405490e-01,-1.704247198700888363e-09,2.054652482748886566e-03,-1.060465335339349363e-02,7.120151076179370622e-08,1.265919934737376636e-02,-1.749694451148755177e-07,-7.582050605758516018e-08,-3.776312522343923742e-03,2.057558494379637531e-02,3.167786352265202648e-06,-2.435663512170647624e-02,-7.784459027807548814e-06
4.897050456014314435e+00,3.805063774157044221e-01,-9.397510810152097729e-03,-4.580350470886050962e-01,-1.367528979177704858e-08,-1.122158770485820245e+00,-3.805063438455284497e-01,-1.922995623488393945e-09,2.043796887788572325e-03,-1.054553073247041853e-02,8.034083711754107684e-08,1.258920746296110157e-02,-1.974282550188327565e-07,-7.631511683559185092e-08,-3.773967000009364504e-03,2.054538528334841699e-02,3.188451908816597021e-06,-2.432412084579383196e-02,-7.835242168281682961e-06
4.899925999441215652e+00,3.805063774098586538e-01,-9.391649383136141047e-03,-4.580652863197067770e-01,-1.343105766166418199e-08,-1.122122670192974514e+00,-3.805063444457004174e-01,-2.143094007735871177e-09,2.032948137304666468e-03,-1.048649527076472507e-02,8.953656680899432907e-08,1.251930949788686645e-02,-2.200256693917471047e-07,-7.675959128891304435e-08,-3.771552040839273867e-03,2.051496384146155733e-02,3.207022744835027401e-06,-2.429131221879742356e-02,-7.880877781912476389e-06
4.902801542868118645e+00,3.805063774033781154e-01,-9.385819142093220976e-03,-4.580953559178543855e-01,-1.316030887800351811e-08,-1.122086770758713437e+00,-3.805063451110339279e-01,-2.364399562877468041e-09,2.022106431021171522e-03,-1.042754760655302884e-02,9.878273405888954853e-08,1.244950629907393309e-02,-2.427470280447675363e-07,-7.715488836973244480e-08,-3.769067606407053121e-03,2.048432024611525348e-02,3.223538925747570305e-06,-2.425820889019092083e-02,-7.921464324728503455e-06
4.905677086295019862e+00,3.805063773962596985e-01,-9.380020066480211291e-03,-4.581252561364320686e-01,-1.286290684524267422e-08,-1.122051071909314190e+00,-3.805063458418646571e-01,-2.586772246710776725e-09,2.011271968771607879e-03,-1.036868837918263758e-02,1.080734878341873459e-07,1.237979871445378521e-02,-2.655779527593474700e-07,-7.750195928035355718e-08,-3.766513658968943627e-03,2.045345412471023805e-02,3.238040193188192683e-06,-2.422481050906783243e-02,-7.957099457075208536e-06
4.908552629721922855e+00,3.805063773885005163e-01,-9.374252135179046361e-03,-4.581549872306648896e-01,-1.253873162886094149e-08,-1.122015573368612795e+00,-3.805063466384873694e-01,-2.810074741105162120e-09,2.000444950497164143e-03,-1.030991822907361896e-02,1.174030909147174357e-07,1.231018759296811406e-02,-2.885043449985484052e-07,-7.780174746038005510e-08,-3.763890161462810774e-03,2.042236510407029887e-02,3.250565964462141646e-06,-2.419111672414131498e-02,-7.987880042298728638e-06
4.911428173148824072e+00,3.805063773800979599e-01,-9.368515326496741971e-03,-4.581845494576198274e-01,-1.218767962945461464e-08,-1.121980274858004112e+00,-3.805063475011564722e-01,-3.034172429648549928e-09,1.989625576244512684e-03,-1.025123779771947193e-02,1.267659189592530126e-07,1.224067378456871087e-02,-3.115123836120291387e-07,-7.805518857445410541e-08,-3.761197077506549767e-03,2.039105281044260171e-02,3.261155332033645388e-06,-2.415712718374209839e-02,-8.013902145486973740e-06
4.914303716575727066e+00,3.805063773710500308e-01,-9.362809618164781231e-03,-4.582139430762111054e-01,-1.180966325947461994e-08,-1.121945176096436958e+00,-3.805063484300874044e-01,-3.258933375286535235e-09,1.978814046164011162e-03,-1.019264772768942694e-02,1.361564595712631758e-07,1.217125814021935253e-02,-3.345885225402435619e-07,-7.826321050087310570e-08,-3.758434371396788924e-03,2.035951686949944231e-02,3.269847063050319429e-06,-2.412284153581822910e-02,-8.035261032300917831e-06
4.917179260002628283e+00,3.805063773613550082e-01,-9.357134987339022630e-03,-4.582431683472016348e-01,-1.140461062268176902e-08,-1.121910276800411443e+00,-3.805063494254566914e-01,-3.484228297908675186e-09,1.968010560507692415e-03,-1.013414866262984937e-02,1.455693113624595475e-07,1.210194151189662205e-02,-3.577194885132171025e-07,-7.842673332080024475e-08,-3.755602008107519676e-03,2.032775690634005747e-02,3.276679598892374840e-06,-2.408825942793488273e-02,-8.052051167866820431e-06
4.920054803429531276e+00,3.805063773510115599e-01,-9.351491410599351364e-03,-4.582722255332067895e-01,-1.097246519628254773e-08,-1.121875576683976306e+00,-3.805063504874032776e-01,-3.709930551915042230e-09,1.957215319627420447e-03,-1.007574124726643219e-02,1.549991830155176428e-07,1.203272475259163123e-02,-3.808922787472960581e-07,-7.854666930825291727e-08,-3.752699953288416487e-03,2.029577254549093379e-02,3.281691054754336426e-06,-2.405338050727229976e-02,-8.064366215748350409e-06
4.922930346856432493e+00,3.805063773400186866e-01,-9.345878863949396570e-03,-4.583011148986975147e-01,-1.051318551576432951e-08,-1.121841075458727133e+00,-3.805063516160290815e-01,-3.935916103752557983e-09,1.946428523972723763e-03,-1.001742612740464354e-02,1.644408923455365180e-07,1.196360871630971004e-02,-4.040941586387958356e-07,-7.862392292076561494e-08,-3.749728173263533210e-03,2.026356341090788590e-02,3.284919219254923494e-06,-2.401820442062601799e-02,-8.072299036987924263e-06
4.925805890283335486e+00,3.805063773283756667e-01,-9.340297322816167036e-03,-4.583298367100036574e-01,-1.002674486242297227e-08,-1.121806772833800148e+00,-3.805063528113997728e-01,-4.162063509430356818e-09,1.935650374089089697e-03,-9.959203949932528277e-03,1.738893653606203367e-07,1.189459425807292726e-02,-4.273126594554927516e-07,-7.865939079081910447e-08,-3.746686635029741405e-03,2.023112912597738872e-02,3.286401554078965830e-06,-2.398273081440610924e-02,-8.075941689226747303e-06
4.928681433710236703e+00,3.805063773160821672e-01,-9.334746762049997426e-03,-4.583583912353161316e-01,-9.513130953620908789e-09,-1.121772668515873761e+00,-3.805063540735455496e-01,-4.388253891996782750e-09,1.924881070615957340e-03,-9.901075362822062825e-03,1.833396353208592820e-07,1.182568223392082424e-02,-4.505355760241798812e-07,-7.865396171789676735e-08,-3.743575306255077142e-03,2.019846931351756275e-02,3.286175193645512045e-06,-2.394695933463599283e-02,-8.075385425889239512e-06
4.931556977137139697e+00,3.805063773031384655e-01,-9.329227155923987963e-03,-4.583867787446911923e-01,-8.972345635706958631e-09,-1.121738762209161244e+00,-3.805063554024618044e-01,-4.614370919017349575e-09,1.914120814284674035e-03,-9.843041015130048546e-03,1.927868417973499617e-07,1.175687350091067507e-02,-4.737509644183217992e-07,-7.860851666133659461e-08,-3.740394155277304220e-03,2.016558359577988457e-02,3.284276944809179737e-06,-2.391088962695228290e-02,-8.070720695449125538e-06
4.934432520564041802e+00,3.805063772895447838e-01,-9.323738478134094634e-03,-4.584149995100525454e-01,-8.404404579701398328e-09,-1.121705053615412284e+00,-3.805063567981100681e-01,-4.840300780005971505e-09,1.903369805916802718e-03,-9.785101557001097197e-03,2.022262297292614439e-07,1.168816891712020668e-02,-4.969471396409080727e-07,-7.852392873381346692e-08,-3.737143151102189417e-03,2.013247159445059539e-02,3.280743286587847949e-06,-2.387452133660405984e-02,-8.062037140760276976e-06
4.937308063990943907e+00,3.805063772753017881e-01,-9.318280701798371118e-03,-4.584430538051960102e-01,-7.809336979611300416e-09,-1.121671542433904989e+00,-3.805063582604185646e-01,-5.065932163874707762e-09,1.892628246421971302e-03,-9.727257639667820019e-03,2.116531484816785769e-07,1.161956934164702290e-02,-5.201126733092131080e-07,-7.840106319562205266e-08,-3.733822263402047925e-03,2.009913293065226578e-02,3.275610369923783717e-06,-2.383785410845261007e-02,-8.049423598469716839e-06
4.940183607417846012e+00,3.805063772604104777e-01,-9.312853799457326137e-03,-4.584709419057905189e-01,-7.187185253569350941e-09,-1.121638228361447664e+00,-3.805063597892831551e-01,-5.291156236319324577e-09,1.881896336796134257e-03,-9.669509915453653598e-03,2.210630509007602686e-07,1.155107563461111805e-02,-5.432363913329599929e-07,-7.824077744952418750e-08,-3.730431462513842528e-03,2.006556722494488160e-02,3.268914017468379654e-06,-2.380088758697030890e-02,-8.032968098488627156e-06
4.943059150844748117e+00,3.805063772448724069e-01,-9.307457743073340589e-03,-4.584986640893822241e-01,-6.538004747593168525e-09,-1.121605111092373930e+00,-3.805063613845677262e-01,-5.515866617233049146e-09,1.871174278119542992e-03,-9.611859037773666514e-03,2.304514923700775237e-07,1.148268865715506258e-02,-5.663073715953847914e-07,-7.804392103642359319e-08,-3.726970719437701710e-03,2.003177409732785977e-02,3.260689723401420413e-06,-2.376362141624085988e-02,-8.012757863548222490e-06
4.945934694271650223e+00,3.805063772286889079e-01,-9.302092504030211317e-03,-4.585262206353991066e-01,-5.861863442063341118e-09,-1.121572190318537388e+00,-3.805063630461051893e-01,-5.739959358104724635e-09,1.860462271554841340e-03,-9.554305661136077224e-03,2.398141298662996354e-07,1.141440927144503695e-02,-5.893149416326953935e-07,-7.781133563172771232e-08,-3.723440005835139399e-03,1.999775316724098501e-02,3.250972653279096604e-06,-2.372605523995826790e-02,-7.988879308826260923e-06
4.948810237698552328e+00,3.805063772118620347e-01,-9.296758053133411318e-03,-4.585536118251517523e-01,-5.158841661008291699e-09,-1.121539465729313179e+00,-3.805063647736983690e-01,-5.963332919373610970e-09,1.849760518345337562e-03,-9.496850441145008800e-03,2.491467210130675425e-07,1.134623834067325331e-02,-6.122486763090793657e-07,-7.754385504231984342e-08,-3.719839294027325015e-03,1.996350405356674823e-02,3.239797643907491101e-06,-2.368818870142720343e-02,-7.961418041636159255e-06
4.951685781125454433e+00,3.805063771943940076e-01,-9.291454360609539831e-03,-4.585808379418376268e-01,-4.429031784009566140e-09,-1.121506937011592209e+00,-3.805063665671200024e-01,-6.185888147814319013e-09,1.839069219812928093e-03,-9.439494034500941697e-03,2.584451231361284966e-07,1.127817672905776988e-02,-6.350983954948097186e-07,-7.724230520431701831e-08,-3.716168556993280653e-03,1.992902637463113413e-02,3.227199203248901863e-06,-2.365002144356187844e-02,-7.930458861196777910e-06
4.954561324552356538e+00,3.805063771762873803e-01,-9.286181396106095096e-03,-4.586078992705447388e-01,-3.672537960861407514e-09,-1.121474603849778484e+00,-3.805063684261142942e-01,-6.407528253901832828e-09,1.828388577356171787e-03,-9.382237099002176117e-03,2.677052923176365887e-07,1.121022530184342253e-02,-6.578541617422984193e-07,-7.690750418148773128e-08,-3.712427768368119045e-03,1.989431974820540447e-02,3.213211510355736086e-06,-2.361155310888597009e-02,-7.896085758469982045e-06
4.957436867979258643e+00,3.805063771575447618e-01,-9.280939128691517714e-03,-4.586347960982531391e-01,-2.889475828988203499e-09,-1.121442465925786891e+00,-3.805063703503970829e-01,-6.628158789161497124e-09,1.817718792448665566e-03,-9.325080293547850438e-03,2.769232824498273433e-07,1.114238492530463497e-02,-6.805062779606168805e-07,-7.654026216435966931e-08,-3.708616902441234237e-03,1.985938379150826300e-02,3.197868415333226787e-06,-2.357278333953290173e-02,-7.858381916069024771e-06
4.960312411406160749e+00,3.805063771381692606e-01,-9.275727526854628605e-03,-4.586615287138402497e-01,-2.079972233500692885e-09,-1.121410522919039421e+00,-3.805063723396566178e-01,-6.847687623543577745e-09,1.807060066636897696e-03,-9.268024278138000185e-03,2.860952442897159268e-07,1.107465646674476827e-02,-7.030452850925276902e-07,-7.614138147004325130e-08,-3.704735934154422886e-03,1.982421812120675059e-02,3.181203439332061915e-06,-2.353371177724488880e-02,-7.817429708240425731e-06
4.963187954833062854e+00,3.805063771181642629e-01,-9.270546558504712265e-03,-4.586880974080821960e-01,-1.244164950055923922e-09,-1.121378774506463616e+00,-3.805063743935542808e-01,-7.066024922771135665e-09,1.796412601538509160e-03,-9.211069713875962364e-03,2.952174245126840475e-07,1.100704079449817130e-02,-7.254619597887869896e-07,-7.571165654270707823e-08,-3.700784839099997316e-03,1.978882235341828180e-02,3.163249774568253209e-06,-2.349433806337306030e-02,-7.773310700912812712e-06
4.966063498259964959e+00,3.805063770975332105e-01,-9.265396190971037990e-03,-4.587145024736583587e-01,-3.822024103588305015e-10,-1.121347220362486574e+00,-3.805063765117254193e-01,-7.283083125714870375e-09,1.785776598840308491e-03,-9.154217262969230676e-03,3.042861647671908161e-07,1.093953877793047737e-02,-7.477473120852078606e-07,-7.525187395478090523e-08,-3.696763593518891632e-03,1.975319610371202572e-02,3.144040284373387693e-06,-2.345466183887704933e-02,-7.726105651820380085e-06
4.968939041686867064e+00,3.805063770762979747e-01,-9.260276390822467715e-03,-4.587407442049737938e-01,5.049993199998200714e-10,-1.121315860157902522e+00,-3.805063786919189450e-01,-7.474161280278836050e-09,1.775152505530524453e-03,-9.097467345358602533e-03,3.122694581199523812e-07,1.087215282741338211e-02,-7.673653073563160474e-07,-5.252836888540358321e-08,-3.692450663164550083e-03,1.971755881814614420e-02,2.194651451941835519e-06,-2.341329174177056785e-02,-5.393095203386131557e-06
4.971814585113769169e+00,3.805063770546283641e-01,-9.255187122579111580e-03,-4.587668228968865836e-01,1.410356543250389437e-09,-1.121284693551778844e+00,-3.805063809167273381e-01,-7.583864935096727679e-09,1.764541074469667958e-03,-9.040820078604608692e-03,3.168529218572989234e-07,1.080488727469839164e-02,-7.786286246063126583e-07,-2.394562976377722754e-08,-3.688009447967850653e-03,1.968174792831344638e-02,1.000463542616827482e-06,-2.337125364043655951e-02,-2.458520060778499274e-06
4.974690128540671274e+00,3.805063770327599681e-01,-9.250128349522761251e-03,-4.587927388455128042e-01,2.324015931947527134e-09,-1.121253720196545345e+00,-3.805063831619373560e-01,-7.612859612538273020e-09,1.753942500105174157e-03,-8.984276135618082110e-03,3.180643614927324800e-07,1.073774294555856525e-02,-7.816055925872007401e-07,3.609538692997174057e-09,-3.683508528446642182e-03,1.964569496613608607e-02,-1.507924322079881692e-07,-2.332897797031560291e-02,3.705549449429618973e-07
4.977565671967573380e+00,3.805063770109206600e-01,-9.245100034436249878e-03,-4.588184923489658784e-01,3.236457497978764154e-09,-1.121222939742633651e+00,-3.805063854041547122e-01,-7.564073112089063577e-09,1.743356954430074846e-03,-8.927836212766189841e-03,3.160261005803305344e-07,1.067072052541018744e-02,-7.765968069243539925e-07,3.015590323588791024e-08,-3.678947688929727188e-03,1.960939973802055397e-02,-1.259900547944080236e-06,-2.328646314950023541e-02,3.096056586103106516e-06
4.980441215394475485e+00,3.805063769893300973e-01,-9.240102139607074203e-03,-4.588440837073615719e-01,4.138509768398878208e-09,-1.121192351838498746e+00,-3.805063876208415463e-01,-7.440379522284264883e-09,1.732784610054153912e-03,-8.871501006976947185e-03,3.108582186290701015e-07,1.060382070420327373e-02,-7.638973487684763783e-07,5.571205420650843267e-08,-3.674326716220244898e-03,1.957286204801228155e-02,-2.327637509614948428e-06,-2.324370760721927720e-02,5.719893523172544399e-06
4.983316758821377590e+00,3.805063769681995001e-01,-9.235134626825259110e-03,-4.588695132228219342e-01,5.021343363113190217e-09,-1.121161956130603210e+00,-3.805063897903008807e-01,-7.244599727847264753e-09,1.722225640196466774e-03,-8.815271215743946537e-03,3.026785722910959112e-07,1.053704417638713468e-02,-7.437968368632582211e-07,8.029640562903023124e-08,-3.669645399592772091e-03,1.953608169779851023e-02,-3.354772655696235737e-06,-2.320070978383194024e-02,8.243956314204275442e-06
4.986192302248279695e+00,3.805063769477322055e-01,-9.230197457382146795e-03,-4.588947811994739112e-01,5.876464633311293679e-09,-1.121131752263409220e+00,-3.805063918916603560e-01,-6.979501916565245843e-09,1.711680218678610522e-03,-8.759147537135268669e-03,2.916028165389955341e-07,1.047039164088088038e-02,-7.165794795860191533e-07,1.039271953129364224e-07,-3.664903530789894847e-03,1.949905848671087266e-02,-4.342067962408786506e-06,-2.315746813082068117e-02,1.067011742538336427e-05
4.989067845675181800e+00,3.805063769281236130e-01,-9.225290592068276924e-03,-4.589198879434532863e-01,6.695709360944808874e-09,-1.121101739879361014e+00,-3.805063939048575206e-01,-6.647802085821598199e-09,1.701148519917538909e-03,-8.703130669799599359e-03,2.777444258287392676e-07,1.040386380104071744e-02,-6.825241269531210559e-07,1.266224849760163610e-07,-3.660100904018965488e-03,1.946179221172908078e-02,-5.290278048857354018e-06,-2.311398111078389814e-02,1.300023124365470522e-05
4.991943389102083906e+00,3.805063769095614057e-01,-9.220413991171721307e-03,-4.589448337629061236e-01,7.471236518959421831e-09,-1.121071918618873786e+00,-3.805063958106239541e-01,-6.252164548758261125e-09,1.690630718918295161e-03,-8.647221312972066740e-03,2.612147152471566422e-07,1.033746136462687475e-02,-6.419043225873847963e-07,1.484001603804187525e-07,-3.655237315948463989e-03,1.942428266748390253e-02,-6.200150182714917268e-06,-2.307024719742679225e-02,1.523613409069155445e-05
4.994818932528986011e+00,3.805063768922256617e-01,-9.215567614476541727e-03,-4.589696189679896010e-01,8.195522092295380963e-09,-1.121042288120321473e+00,-3.805063975904702800e-01,-5.795202440039867746e-09,1.680126991267143341e-03,-8.591420166482085716e-03,2.421228616427777835e-07,1.027118504377297868e-02,-5.949883556446260844e-07,1.692779314834894801e-07,-3.650312565704097890e-03,1.938652964626043362e-02,-7.072424286524670465e-06,-2.302626487555128540e-02,1.737964423838192480e-05
4.997694475955888116e+00,3.805063768762890208e-01,-9.210751421261169705e-03,-4.589942438708736749e-01,8.861352959647175791e-09,-1.121012848020025210e+00,-3.805063992266710660e-01,-5.279478221158624835e-09,1.669637513124489154e-03,-8.535727930760015833e-03,2.205759247374857443e-07,1.020503555495406653e-02,-5.420393126930360519e-07,1.892733326044471218e-07,-3.645326454864918683e-03,1.934853293800225735e-02,-7.907832944663753636e-06,-2.298203264104592761e-02,1.943256192594112469e-05
5.000570019382790221e+00,3.805063768619167952e-01,-9.205965370296453204e-03,-4.590187087857443005e-01,9.461820835943136448e-09,-1.120983597952237787e+00,-3.805064007022500583e-01,-4.707504185200181077e-09,1.659162461217687790e-03,-8.480145306843024644e-03,1.966788682156486936e-07,1.013901361895371001e-02,-4.833151295372245340e-07,2.084037226076510224e-07,-3.640278787459211816e-03,1.931029233031532691e-02,-8.707101411000177206e-06,-2.293754900087415990e-02,2.139666937872774629e-05
5.003445562809692326e+00,3.805063768492673026e-01,-9.201209419844445792e-03,-4.590430140288033201e-01,9.990316275341504765e-09,-1.120954537549134544e+00,-3.805064020009652492e-01,-4.081742961135304938e-09,1.648702012834188727e-03,-8.424672996382902637e-03,1.705345807934417251e-07,1.007311996083347025e-02,-4.190686429935765329e-07,2.266862850977820101e-07,-3.635169369959932208e-03,1.927180760847135507e-02,-9.470947617047487704e-06,-2.289281247306100900e-02,2.327373082828279472e-05
5.006321106236594431e+00,3.805063768384916445e-01,-9.196483527656491505e-03,-4.590671599182715168e-01,1.044052273487077053e-08,-1.120925666440799384e+00,-3.805064031072946662e-01,-3.404608017448589692e-09,1.638256345814354410e-03,-8.369311701651836397e-03,1.422438972604682793e-07,1.000735530990000920e-02,-3.495476425975428596e-07,2.441380286332692088e-07,-3.629998011280378706e-03,1.923307855541285527e-02,-1.020008218088174957e-05,-2.284782158668040644e-02,2.506549253424208477e-05
5.009196649663496537e+00,3.805063768297340943e-01,-9.191787650971764215e-03,-4.590911467743900021e-01,1.080641069848063747e-08,-1.120896984255212114e+00,-3.805064040064213282e-01,-2.678464165184831974e-09,1.627825638544577302e-03,-8.314062125549789850e-03,1.119056194970523179e-07,9.941720399674169872e-03,-2.749949222511440149e-07,2.607757869526107832e-07,-3.624764522769322560e-03,1.919410495175699616e-02,-1.089520841659722973e-05,-2.280257488184007572e-02,2.677368280757251633e-05
5.012072193090398642e+00,3.805063768231323196e-01,-9.187121746515713311e-03,-4.591149749194218810e-01,1.108223186150847604e-08,-1.120868490618238900e+00,-3.805064046842194792e-01,-1.905628060305449890e-09,1.617410069950222812e-03,-8.258924971610889787e-03,7.961653746270468336e-08,9.876215967858897882e-03,-1.956483317996325226e-07,2.766162192162105006e-07,-3.619468718206073857e-03,1.915488657580008761e-02,-1.155702234441032500e-05,-2.275707090966591975e-02,2.840001203540120533e-05
5.014947736517300747e+00,3.805063768188172157e-01,-9.182485770498618680e-03,-4.591386446776539731e-01,1.126251337545165846e-08,-1.120840185153617607e+00,-3.805064051272403214e-01,-1.088368705349228165e-09,1.607009819488624701e-03,-8.203900944009998725e-03,4.547145015552298674e-08,9.810842756307483828e-03,-1.117408285367373354e-07,2.916758102625080799e-07,-3.614110413795540606e-03,1.911542320352320815e-02,-1.218621270136071545e-05,-2.271130823228678305e-02,2.994617270731236361e-05
5.017823279944203740e+00,3.805063768169134608e-01,-9.177879678613803938e-03,-4.591621563753994772e-01,1.134205215297862196e-08,-1.120812067482947150e+00,-3.805064053226978049e-01,-2.289079502700172720e-10,1.596625067142198439e-03,-8.148990747569686763e-03,9.563186537205689832e-09,9.745601510992333086e-03,-2.350052862540086877e-08,3.059708708803600530e-07,-3.608689428162768689e-03,1.907571460859615667e-02,-1.278346095269141468e-05,-2.266528542281584166e-02,3.141383944331242034e-05
5.020698823371104957e+00,3.805063768175391270e-01,-9.173303426036389166e-03,-4.591855103409989702e-01,1.131590923304156518e-08,-1.120784137225675270e+00,-3.805064052584550827e-01,6.705790074427418843e-10,1.586255993411348365e-03,-8.094195087766238930e-03,-2.801737357189818841e-08,9.680492981972653108e-03,6.884924155511398461e-08,3.195175380938980039e-07,-3.603205582347507839e-03,1.903576056238284048e-02,-1.334944130375020103e-05,-2.261900106533282565e-02,3.280466902307629766e-05
5.023574366798007951e+00,3.805063768208062913e-01,-9.168756967421656801e-03,-4.592087069048227388e-01,1.117940420603584612e-08,-1.120756393999086997e+00,-3.805064049230105772e-01,1.607963123547594778e-09,1.575902779307728927e-03,-8.039514670737220314e-03,-6.718127863551182718e-08,9.615517923364057598e-03,1.650898941549392309e-07,3.323317754635298786e-07,-3.597658699798667471e-03,1.899556083394718028e-02,-1.388482071256540740e-05,-2.257245375486549924e-02,3.412030041685105541e-05
5.026449910224909168e+00,3.805063768268209801e-01,-9.164240256903741916e-03,-4.592317463992723336e-01,1.092810969888391056e-08,-1.120728837418293544e+00,-3.805064043054844358e-01,2.581161008673412359e-09,1.565565606347083969e-03,-7.984950203286917889e-03,-1.078414845791983382e-07,9.550677093305731669e-03,2.650075286854344082e-07,3.444293734002899002e-07,-3.592048606368235600e-03,1.895511519005726661e-02,-1.439025890297951768e-05,-2.252564209736818840e-02,3.536235481773001822e-05
5.029325453651812161e+00,3.805063768356831688e-01,-9.159753248094110872e-03,-4.592546291587826235e-01,1.055784591993788320e-08,-1.120701467096220538e+00,-3.805064033956054859e-01,3.588134430901962477e-09,1.555244656542625068e-03,-7.930502392894327179e-03,-1.499128340082451052e-07,9.485971253930695207e-03,3.683928809496038165e-07,3.558259494954642460e-07,-3.586375130305532576e-03,1.891442339519259358e-02,-1.486640837842090442e-05,-2.247856470970255663e-02,3.653243567549522815e-05
5.032200997078713378e+00,3.805063768474871155e-01,-9.155295894080024352e-03,-4.592773555198242930e-01,1.006467526356854568e-08,-1.120674282643594921e+00,-3.805064021836974675e-01,4.626889819337470473e-09,1.544940112397958200e-03,-7.876171947718708585e-03,-1.933120354667864358e-07,9.421401171333292426e-03,4.750412720738492086e-07,3.665369488645147462e-07,-3.580638102250884112e-03,1.887348521154897860e-02,-1.531391443627298378e-05,-2.243122021961481763e-02,3.763212873192801883e-05
5.035076540505616371e+00,3.805063768623214160e-01,-9.150868147423324786e-03,-4.592999258209051749e-01,9.444896974364527794e-09,-1.120647283668936511e+00,-3.805064006606662108e-01,5.695477768613603578e-09,1.534652156900172607e-03,-7.821959576606000650e-03,-2.379576427360905214e-07,9.356967615537704897e-03,5.847525576359664745e-07,3.765776445041607116e-07,-3.574837355229162038e-03,1.883230039904430428e-02,-1.573341518279310004e-05,-2.238360726571263573e-02,3.866300205747029553e-05
5.037952083932517588e+00,3.805063768802691149e-01,-9.146469960159034698e-03,-4.593223404025720269e-01,8.695041870788008698e-09,-1.120620469778545347e+00,-3.805063988179866463e-01,6.791992544491610554e-09,1.524380973513195280e-03,-7.767865989096374782e-03,-2.837700341784351899e-07,9.292671360467984198e-03,6.973310769051701622e-07,3.859631376644509660e-07,-3.568972724643315955e-03,1.879086871532528388e-02,-1.612554154865771639e-05,-2.233572449744219632e-02,3.962660608942501631e-05
5.040827627359420582e+00,3.805063769014077613e-01,-9.142101283793759026e-03,-4.593445996074138060e-01,7.811867128113413677e-09,-1.120593840576488587e+00,-3.805063966476897597e-01,7.914571590608102808e-09,1.514126746170775962e-03,-7.713891895429723922e-03,-3.306713921290161966e-07,9.228513183915709739e-03,8.125856022001514834e-07,3.947083582353834595e-07,-3.563044048267659421e-03,1.874918991577366814e-02,-1.649091730511538742e-05,-2.228757057506356234e-02,4.052447367165026338e-05
5.043703170786321799e+00,3.805063769258096307e-01,-9.137762069304817755e-03,-4.593667037800613362e-01,6.792351120696631293e-09,-1.120567395664593624e+00,-3.805063941423504903e-01,9.061395036168326096e-09,1.503889659269833394e-03,-7.660038006553141800e-03,-3.785856823273579158e-07,9.164493867510024872e-03,9.303292883442116950e-07,4.028280651453201321e-07,-3.557051166240813526e-03,1.870726375351254925e-02,-1.683015908063252358e-05,-2.223914416962495880e-02,4.135812009546419884e-05
5.046578714213224792e+00,3.805063769535421137e-01,-9.133452267138221503e-03,-4.593886532671930811e-01,5.633688323062547476e-09,-1.120541134642432990e+00,-3.805063912950743532e-01,1.023068520512399975e-08,1.493669897663406918e-03,-7.606305034125792307e-03,-4.274386334107487612e-07,9.100614196684824603e-03,1.050379622272808472e-06,4.103368467768525097e-07,-3.550993921058779278e-03,1.866508997941313322e-02,-1.714387637826830695e-05,-2.219044396293672061e-02,4.212904314234187453e-05
5.049454257640126009e+00,3.805063769846671606e-01,-9.129171827208265588e-03,-4.594104484175322578e-01,4.333284270285048040e-09,-1.120515057107317025e+00,-3.805063880994860592e-01,1.142070612611749242e-08,1.483467646654270744e-03,-7.552693690527697602e-03,-4.771577164396947953e-07,9.036874960650516028e-03,1.172558372719790582e-06,4.172491213916428307e-07,-3.544872157567466146e-03,1.862266834210164410e-02,-1.743267159342453096e-05,-2.214146864754412344e-02,4.283872312753331572e-05
5.052329801067029003e+00,3.805063770192418371e-01,-9.124920698895349486e-03,-4.594320895818537753e-01,2.888750576680028386e-09,-1.120489162654278781e+00,-3.805063845497161368e-01,1.262976304418285003e-08,1.473283091987880782e-03,-7.499204688864266610e-03,-5.276721244967745946e-07,8.973276952360973585e-03,1.296691540084000920e-06,4.235791375742346886e-07,-3.538685722955450461e-03,1.857999858796648487e-02,-1.769714003238803923e-05,-2.209221692669956216e-02,4.348862294562939412e-05
5.055205344493930220e+00,3.805063770573186011e-01,-9.120698831045367938e-03,-4.594535771129830692e-01,1.297900013538475669e-09,-1.120463450876068467e+00,-3.805063806403899407e-01,1.385620193328955616e-08,1.463116419845774232e-03,-7.445838742973593001e-03,-5.789127523207022025e-07,8.909820968483812831e-03,1.422609306382403005e-06,4.293409746848541871e-07,-3.532434466746137928e-03,1.853708046116493008e-02,-1.793786993124878301e-05,-2.204268751433317158e-02,4.408018811705071631e-05
5.058080887920833213e+00,3.805063770989451366e-01,-9.116506171968061234e-03,-4.594749113657997652e-01,-4.412583549975035660e-10,-1.120437921363137690e+00,-3.805063763666148291e-01,1.509840901052498518e-08,1.452967816838771640e-03,-7.392596567432243963e-03,-6.308121760088587742e-07,8.846507809368981540e-03,1.550145985371458717e-06,4.345485433287925067e-07,-3.526118240790145162e-03,1.849391370363109507e-02,-1.815544247551059557e-05,-2.199287913502378372e-02,4.461484683623880422e-05
5.060956431347734430e+00,3.805063771441644649e-01,-9.112342669436158255e-03,-4.594960926972387893e-01,-2.330523977477556025e-09,-1.120412573703633674e+00,-3.805063717239690058e-01,1.635481025140201466e-08,1.442837470000484261e-03,-7.339478877562722117e-03,-6.833046327668275612e-07,8.783338279019479305e-03,1.679139972784013369e-06,4.392155858370515213e-07,-3.519736899257157325e-03,1.845049805508301374e-02,-1.835043182017261209e-05,-2.194279052396788665e-02,4.509401002100371295e-05
5.063831974774637423e+00,3.805063771930152772e-01,-9.108208270683719812e-03,-4.595171214662939208e-01,-4.371509562898809001e-09,-1.120387407483384612e+00,-3.805063667084893630e-01,1.762387090683723314e-08,1.432725566780475562e-03,-7.286486389438740809e-03,-7.363260007277297581e-07,8.720313185059582611e-03,1.809433696737707924e-06,4.433556767624053617e-07,-3.513290298627906767e-03,1.840683325303054188e-02,-1.852340511045476318e-05,-2.189242042694843071e-02,4.551907136345458363e-05
5.066707518201539528e+00,3.805063772455316018e-01,-9.104102922405390985e-03,-4.595379980340183468e-01,-6.565645770104617609e-09,-1.120362422285892112e+00,-3.805063613166602132e-01,1.890409502127743347e-08,1.422632295037687487e-03,-7.233619819892027694e-03,-7.898137788195379893e-07,8.657433338704991974e-03,1.940873568261288238e-06,4.469822233862971181e-07,-3.506778297685784335e-03,1.836291903278320856e-02,-1.867492250297586180e-05,-2.184176760030271530e-02,4.589140738204215410e-05
5.069583061628441634e+00,3.805063773017436368e-01,-9.100026570754921398e-03,-4.595587227635282712e-01,-8.914185839740952140e-09,-1.120337617692319432e+00,-3.805063555454019086e-01,2.019402495255410796e-08,1.412557843033792997e-03,-7.180879886518332957e-03,-8.437070667045795553e-07,8.594699554732172439e-03,2.073309931998314133e-06,4.501084662408063243e-07,-3.500200757508342697e-03,1.831875512745802237e-02,-1.880553718756147960e-05,-2.179083081088901280e-02,4.621237747514917143e-05
5.072458605055343739e+00,3.805063773616771394e-01,-9.095979161344237146e-03,-4.595792960200038024e-01,-1.141821016834576424e-08,-1.120312993281483038e+00,-3.805063493920594064e-01,2.149224089308171333e-08,1.402502399426840910e-03,-7.128267307684970147e-03,-8.979465447751883280e-07,8.532112651449624829e-03,2.206597017048847812e-06,4.527474796424036455e-07,-3.493557541458652219e-03,1.827434126798807915e-02,-1.891579540954421018e-05,-2.173960883605320638e-02,4.648332397589053695e-05
5.075334148482245844e+00,3.805063774253540365e-01,-9.091960639242139749e-03,-4.595997181706922285e-01,-1.407863082522487077e-08,-1.120288548629839953e+00,-3.805063428543915549e-01,2.279736039273379866e-08,1.392466153264263666e-03,-7.075782802534812989e-03,-9.524744542194549757e-07,8.469673450665082121e-03,2.340592887983397854e-06,4.549121722390959399e-07,-3.486848515176475122e-03,1.822967718313048269e-02,-1.900623649262340445e-05,-2.168810046359370344e-02,4.670557220828844996e-05
5.078209691909147949e+00,3.805063774927921472e-01,-9.087970948973267057e-03,-4.596199895849101824e-01,-1.689619601196220046e-08,-1.120264283311479314e+00,-3.805063359305594917e-01,2.410803788323867750e-08,1.382449293976752451e-03,-7.023427090994658478e-03,-1.007234577150464637e-06,8.407382777658026218e-03,2.475159396012875876e-06,4.566152875703338309e-07,-3.480073546569202418e-03,1.818476259947495940e-02,-1.907739286225813014e-05,-2.163630449172597794e-02,4.688043054475776240e-05
5.081085235336050054e+00,3.805063775640055157e-01,-9.084010034516960472e-03,-4.596401106340454179e-01,-1.987149446496528813e-08,-1.120240196898112162e+00,-3.805063286191168181e-01,2.542296420423676342e-08,1.372452011371506518e-03,-6.971200893780187327e-03,-1.062172216804956989e-06,8.345241461148285994e-03,2.610162130329158769e-06,4.578694046394159257e-07,-3.473232505802767000e-03,1.813959724145272623e-02,-1.912979006958224926e-05,-2.158421972904659911e-02,4.700919046487453417e-05
5.083960778762952160e+00,3.805063776390046337e-01,-9.080077839306394116e-03,-4.596600816915584753e-01,-2.300495980096525719e-08,-1.120216288959062334e+00,-3.805063209189977202e-01,2.674086613090750734e-08,1.362474495625894079e-03,-6.919104932402952296e-03,-1.117234177807568058e-06,8.283250333267162813e-03,2.745470369606797669e-06,4.586869384981669661e-07,-3.466325265292253578e-03,1.809418083134531688e-02,-1.916394681583224514e-05,-2.153184499449614306e-02,4.709312661540447208e-05
5.086836322189854265e+00,3.805063777177962181e-01,-9.076174306227108995e-03,-4.596799031329872887e-01,-2.629687480637093875e-08,-1.120192559061255144e+00,-3.805063128295073649e-01,2.806050590353629830e-08,1.352516937280914778e-03,-6.867139929175984821e-03,-1.172368746516120375e-06,8.221410229527111035e-03,2.880957033703901659e-06,4.590801408452875667e-07,-3.459351699692344694e-03,1.804851308929298140e-02,-1.918037497734635300e-05,-2.147917911732062646e-02,4.713349687173534281e-05
5.089711865616756370e+00,3.805063778003834885e-01,-9.072299377616438801e-03,-4.596995753359466863e-01,-2.974737566950198045e-08,-1.120169006769208941e+00,-3.805063043503110753e-01,2.938068075848134767e-08,1.342579527234746741e-03,-6.815306607219951546e-03,-1.227525671425406152e-06,8.159721988792136699e-03,3.016498635506759130e-06,4.590611006351933977e-07,-3.452311685887781475e-03,1.800259373330479959e-02,-1.917957963100183684e-05,-2.142622093703406075e-02,4.713154240038603928e-05
5.092587409043658475e+00,3.805063778867664448e-01,-9.068452995262075295e-03,-4.597190986801331092e-01,-3.335645615729715909e-08,-1.120145631645024453e+00,-3.805062954814241172e-01,3.070022246124656521e-08,1.332662456736464270e-03,-6.763605690469730661e-03,-1.282656143658958450e-06,8.098186453248909164e-03,3.151975232990680418e-06,4.586417447010192467e-07,-3.445205102983388105e-03,1.795642247926708054e-02,-1.916205908024411881e-05,-2.137296930337793943e-02,4.708848772297008397e-05
5.095462952470560580e+00,3.805063779769414789e-01,-9.064635100401501056e-03,-4.597384735473247774e-01,-3.712397173530462574e-08,-1.120122433248377236e+00,-3.805062862232017618e-01,3.201799684103629937e-08,1.322765917379596819e-03,-6.712037903680273532e-03,-1.337712777522735154e-06,8.036804468377097346e-03,3.287270381432979823e-06,4.578338383879525413e-07,-3.438031832294181737e-03,1.790999904095361486e-02,-1.912830488154747860e-05,-2.131942307628201250e-02,4.700554078121975296e-05
5.098338495897462685e+00,3.805063780709019849e-01,-9.060845633720662415e-03,-4.597577003213855207e-01,-4.104964363255835751e-08,-1.120099411136506129e+00,-3.805062765763290167e-01,3.333290332744895172e-08,1.312890101095746291e-03,-6.660603972432350972e-03,-1.392649591148162174e-06,7.975576882919794414e-03,3.422271085845556010e-06,4.566489862000890118e-07,-3.430791757335085578e-03,1.786332313003440378e-02,-1.907880187144072722e-05,-2.126558112582234081e-02,4.688389300339824300e-05
5.101214039324364791e+00,3.805063781686381374e-01,-9.057084535352998012e-03,-4.597767793882674980e-01,-4.513306285063208070e-08,-1.120076564864204149e+00,-3.805062665418109114e-01,3.464387448892506780e-08,1.303035200148354835e-03,-6.609304623138971720e-03,-1.447421987208486501e-06,7.914504548854848012e-03,3.556867753587606669e-06,4.550986324586047137e-07,-3.423484763810806780e-03,1.781639445608645608e-02,-1.901402819400559293e-05,-2.121144233218080072e-02,4.672471937187394077e-05
5.104089582751266896e+00,3.805063782701371689e-01,-9.053351744878784801e-03,-4.597957111360123084e-01,-4.937369411700176381e-08,-1.120053893983810500e+00,-3.805062561209628380e-01,3.594987557297081571e-08,1.293201407126358567e-03,-6.558140583051165137e-03,-1.501986733709293557e-06,7.853588321365578134e-03,3.690954147160615772e-06,4.531940619711038033e-07,-3.416110739605100234e-03,1.776921272660264214e-02,-1.893445532884216112e-05,-2.115700558560142802e-02,4.652917849184204900e-05
5.106965126178169001e+00,3.805063783753832030e-01,-9.049647201323982731e-03,-4.598144959547539323e-01,-5.377087978384169206e-08,-1.120031398045200577e+00,-3.805062453154008928e-01,3.724990404854145498e-08,1.283388914937996349e-03,-6.507112580264185452e-03,-1.556301944869278882e-06,7.792829058812199283e-03,3.824427337225108882e-06,4.509464007136508430e-07,-3.408669574770349393e-03,1.772177764700275104e-02,-1.884054811956415023e-05,-2.110226978634839601e-02,4.629841266134832587e-05
5.109840669605071106e+00,3.805063784843579211e-01,-9.045970843159412481e-03,-4.598331342367212304e-01,-5.832384367164046821e-08,-1.120009076595777531e+00,-3.805062341270324389e-01,3.854298915027687599e-08,1.273597916804570422e-03,-6.456221343723389863e-03,-1.610327062078396688e-06,7.732227622702969420e-03,3.957187655807564385e-06,4.483666165237657783e-07,-3.401161161516641409e-03,1.767408892064316339e-02,-1.873276480275229701e-05,-2.104723384466149205e-02,4.603354794243868034e-05
5.112716213031973211e+00,3.805063785970397849e-01,-9.042322608299766667e-03,-4.598516263762409961e-01,-6.303169485836678405e-08,-1.119986929180461388e+00,-3.805062225580468360e-01,3.982819142481188052e-08,1.263828606254229370e-03,-6.405467603229984819e-03,-1.664022834942685523e-06,7.671784877665372739e-03,4.089138649720323029e-06,4.454655198050969041e-07,-3.393585394200807591e-03,1.762614624882711742e-02,-1.861155703739556834e-05,-2.099189668071136869e-02,4.573569423350737318e-05
5.115591756458875317e+00,3.805063787134048692e-01,-9.038702434102917696e-03,-4.598699727697387885e-01,-6.789343141392431481e-08,-1.119964955341683277e+00,-3.805062106109061704e-01,4.110460227902064868e-08,1.254081177115849970e-03,-6.354852089447161727e-03,-1.717351302409915262e-06,7.611501691417926069e-03,4.220187034180094484e-06,4.422537642430792669e-07,-3.385942169315397064e-03,1.757794933081586325e-02,-1.847736993479146155e-05,-2.093625722455497856e-02,4.540594534277351348e-05
5.118467299885777422e+00,3.805063788334266395e-01,-9.035110257368731204e-03,-4.598881738157439836e-01,-7.290794408113412499e-08,-1.119943154619372105e+00,-3.805061982883363170e-01,4.237134353055444181e-08,1.244355823512837290e-03,-6.304375533905481541e-03,-1.770275773991031632e-06,7.551378934741248029e-03,4.350242646661904777e-06,4.387418475324358048e-07,-3.378231385477283976e-03,1.752949786383842246e-02,-1.833064208894095163e-05,-2.088031441608845587e-02,4.504537906297300661e-05
5.121342843312679527e+00,3.805063789570760635e-01,-9.031546014338776365e-03,-4.599062299148888311e-01,-7.807401990161312088e-08,-1.119921526550952118e+00,-3.805061855933180581e-01,4.362756696009833216e-08,1.234652739857154419e-03,-6.254038669009488391e-03,-1.822760811053438437e-06,7.491417481450752744e-03,4.479218400929532338e-06,4.349401121146677055e-07,-3.370452943416361001e-03,1.748079154310350908e-02,-1.817180560736089356e-05,-2.082406720500166314e-02,4.465505724707643544e-05
5.124218386739581632e+00,3.805063790843217220e-01,-9.028009640694860047e-03,-4.599241414699147823e-01,-8.339034578969814904e-08,-1.119900070671326464e+00,-3.805061725290779795e-01,4.487245386629774735e-08,1.224972120843192827e-03,-6.203842228042938042e-03,-1.874772208225807775e-06,7.431618208367930627e-03,4.607030241340048161e-06,4.308587459279967323e-07,-3.362606745963860749e-03,1.743183006180944530e-02,-1.800128614241664179e-05,-2.076751455072959121e-02,4.423602588528514798e-05
5.127093930166483737e+00,3.805063792151298641e-01,-9.024501071558763132e-03,-4.599419088856716575e-01,-8.885551205129678015e-08,-1.119878786512875868e+00,-3.805061590990804210e-01,4.610521462231955027e-08,1.215314161441684781e-03,-6.153786945174442684e-03,-1.926276974871193076e-06,7.371981995292181677e-03,4.733597097316188757e-06,4.265077831665277663e-07,-3.354692698040688450e-03,1.738261311115601657e-02,-1.781950292303985622e-05,-2.071065542240504986e-02,4.378931518297412472e-05
5.129969473593385842e+00,3.805063793494644075e-01,-9.021020241491048766e-03,-4.599595325691229197e-01,-9.446801585102347573e-08,-1.119857673605445303e+00,-3.805061453070182620e-01,4.732508823504902585e-08,1.205679056893797048e-03,-6.103873555463473072e-03,-1.977243316670262995e-06,7.312509724973393840e-03,4.858840838089336651e-06,4.218971050514872878e-07,-3.346710706645521748e-03,1.733314038035532398e-02,-1.762686878695089932e-05,-2.065348879880949187e-02,4.331593963987458363e-05
5.132845017020287948e+00,3.805063794872874383e-01,-9.017567084490652959e-03,-4.599770129293458409e-01,-1.002262646253117419e-07,-1.119836731476337999e+00,-3.805061311568051496e-01,4.853134190616764499e-08,1.196067002705213317e-03,-6.054102794866400572e-03,-2.027640617283124712e-06,7.253202283084615905e-03,4.982686227635619317e-06,4.170364406120648803e-07,-3.338660680842754809e-03,1.728341155664340698e-02,-1.742379021328238799e-05,-2.059601366832374686e-02,4.281689813024261286e-05
5.135720560447190053e+00,3.805063796285587108e-01,-9.014141533993814265e-03,-4.599943503775361653e-01,-1.061285794440109834e-07,-1.119815959650305226e+00,-3.805061166525668392e-01,4.972327059579469800e-08,1.186478194640137266e-03,-6.004475400241674442e-03,-2.077439420118247983e-06,7.194060558193998353e-03,5.105060879875215123e-06,4.119353674773795075e-07,-3.330542531750412504e-03,1.723342632529198393e-02,-1.721066735566757682e-05,-2.053822902887823126e-02,4.229317398416982066e-05
5.138596103874092158e+00,3.805063797732359254e-01,-9.010743522873508257e-03,-4.600115453270096633e-01,-1.121731983189242480e-07,-1.119795357649539636e+00,-3.805061017986332006e-01,5.090019658820034695e-08,1.176912828715273281e-03,-5.954992109354842987e-03,-2.126611410187955964e-06,7.135085441736629258e-03,5.225895214084356031e-06,4.066033126781819038e-07,-3.322356172527597511e-03,1.718318436961903395e-02,-1.698789407573554077e-05,-2.048013388790082337e-02,4.174573506989387049e-05
5.141471647300994263e+00,3.805063799212751730e-01,-9.007372983438710276e-03,-4.600285981932046853e-01,-1.183582794605953538e-07,-1.119774924993666598e+00,-3.805060865995301134e-01,5.206146905994209247e-08,1.167371101194361214e-03,-5.905653660886097875e-03,-2.175129396065143665e-06,7.076277827989654878e-03,5.345122410556125042e-06,4.010495534594259335e-07,-3.314101518362341185e-03,1.713268537100251857e-02,-1.675585797706036410e-05,-2.042172726226772553e-02,4.117553387722453813e-05
5.144347190727896368e+00,3.805063800726303791e-01,-9.004029847433802150e-03,-4.600455093936844375e-01,-1.246819044831205941e-07,-1.119754661199735546e+00,-3.805060710599719176e-01,5.320646365026277196e-08,1.157853208581998382e-03,-5.856460794434051494e-03,-2.222967291934498601e-06,7.017638614043017475e-03,5.462678366493445712e-06,3.952832181021320067e-07,-3.305778486458691573e-03,1.708192900889074842e-02,-1.651494043949868715e-05,-2.036300817824952120e-02,4.058350760192417164e-05
5.147222734154798474e+00,3.805063802272539153e-01,-9.000714046037571262e-03,-4.600622793481413675e-01,-1.311420815582937357e-07,-1.119734565782212865e+00,-3.805060551848532535e-01,5.433458203407988318e-08,1.148359347617864670e-03,-5.807414250521173577e-03,-2.270100099751984542e-06,6.959168699772443067e-03,5.578501652168127247e-06,3.893132867558655655e-07,-3.297386996024025217e-03,1.703091496081460612e-02,-1.626551665397061051e-05,-2.030397567145870649e-02,3.997057823117765936e-05
5.150098277581701467e+00,3.805063803850965432e-01,-8.997425509862825438e-03,-4.600789084783980520e-01,-1.377367485174901968e-07,-1.119714638252971906e+00,-3.805060389792416231e-01,5.544525149712302309e-08,1.138889715271318220e-03,-5.758514770601090918e-03,-2.316503891494065004e-06,6.900868987814786672e-03,5.692533467300452417e-06,3.831485922808167942e-07,-3.288926968256339432e-03,1.697964290240126795e-02,-1.600795565764186914e-05,-2.024462878679808911e-02,3.933765263004839841e-05
5.152973821008602684e+00,3.805063805461071369e-01,-8.994164168955653960e-03,-4.600953972084105281e-01,-1.444637759032919427e-07,-1.119694878121287873e+00,-3.805060224483700071e-01,5.653792451363535492e-08,1.129444508735340160e-03,-5.709763097062251110e-03,-2.362155791514065833e-06,6.842740383539260181e-03,5.804717597702011456e-06,3.767978210992418437e-07,-3.280398326330881929e-03,1.692811250738468498e-02,-1.574262036949707148e-05,-2.018496657840469083e-02,3.868562262889534066e-05
5.155849364435504789e+00,3.805063807102332940e-01,-8.990929952794820407e-03,-4.601117459642709018e-01,-1.513209699703805078e-07,-1.119675284893828504e+00,-3.805060055976291489e-01,5.761207832652315935e-08,1.120023925420990862e-03,-5.661159973233969786e-03,-2.407033959000803877e-06,6.784783795021689934e-03,5.915000372169875196e-06,3.702695140568004712e-07,-3.271800995387088781e-03,1.687632344761881217e-02,-1.546986762632633467e-05,-2.012498810959610987e-02,3.801536511180593622e-05
5.158724907862406894e+00,3.805063808774210021e-01,-8.987722790291098260e-03,-4.601279551742102347e-01,-1.583060756362087717e-07,-1.119655858074646071e+00,-3.805059884325606712e-01,5.866721453001085615e-08,1.110628162951874439e-03,-5.612706143392291389e-03,-2.451117570541905972e-06,6.727000133018771685e-03,6.023330619638022273e-06,3.635720672932933632e-07,-3.263134902515418302e-03,1.682427539309118078e-02,-1.519004821910483128e-05,-2.006469245281649813e-02,3.732774210599441650e-05
5.161600451289308999e+00,3.805063810476148611e-01,-8.984542609786622114e-03,-4.601440252686013199e-01,-1.654167793817658728e-07,-1.119636597165170055e+00,-3.805059709588498595e-01,5.970285865481504888e-08,1.101257419158366453e-03,-5.564402352764390158e-03,-2.494386802792368806e-06,6.669390310940775599e-03,6.129659626587367186e-06,3.567137331224386768e-07,-3.254399976743601198e-03,1.677196801193407000e-02,-1.490350692974977043e-05,-2.000407868957901000e-02,3.662360087212788344e-05
5.164475994716211105e+00,3.805063812207582497e-01,-8.981389339054526855e-03,-4.601599566799606245e-01,-1.726507121020069233e-07,-1.119617501664199821e+00,-3.805059531823184460e-01,6.071855975573670970e-08,1.091911892072157993e-03,-5.516249347534449982e-03,-2.536822815244146522e-06,6.611955244826203670e-03,6.233941094704075736e-06,3.497026209208758926e-07,-3.245596149023179545e-03,1.671940097043843332e-02,-1.461058256826306366e-05,-1.994314591041072837e-02,3.590377399559986941e-05
5.167351538143113210e+00,3.805063813967930475e-01,-8.978262905298000501e-03,-4.601757498429525084e-01,-1.800054519082465867e-07,-1.119598571067896620e+00,-3.805059351089180031e-01,6.171389000211455548e-08,1.082591779920871094e-03,-5.468247874849463570e-03,-2.578407733115281343e-06,6.554695853316615424e-03,6.336131098831633186e-06,3.425466980265228711e-07,-3.236723352215831965e-03,1.666657393306704427e-02,-1.431160801026471511e-05,-1.988189321479601548e-02,3.516907947876421556e-05
5.170227081570015315e+00,3.805063815756602463e-01,-8.975163235150235633e-03,-4.601914051943900574e-01,-1.874785268795045726e-07,-1.119579804869777373e+00,-3.805059167447228385e-01,6.268844427043264036e-08,1.073297281122313762e-03,-5.420398682823253551e-03,-2.619124630329035272e-06,6.497613057629437854e-03,6.436188045144073567e-06,3.352537906449944910e-07,-3.227781521079237364e-03,1.661348656246661865e-02,-1.400691023486298189e-05,-1.982031971111783072e-02,3.442032083399660991e-05
5.173102624996917420e+00,3.805063817572994500e-01,-8.972090254673220286e-03,-4.602069231732406895e-01,-1.950674177677998835e-07,-1.119561202560705127e+00,-3.805058980959238335e-01,6.364183974013338577e-08,1.064028594279235046e-03,-5.372702520542416496e-03,-2.658957512626950821e-06,6.440707781533424291e-03,6.534072629648339735e-06,3.278315847656765643e-07,-3.218770592253407045e-03,1.656013851948245907e-02,-1.369681036292798980e-05,-1.975842451660148394e-02,3.365828717774730294e-05
5.175978168423819525e+00,3.805063819416493187e-01,-8.969043889357899285e-03,-4.602223042206257109e-01,-2.027695606518350522e-07,-1.119542763628882831e+00,-3.805058791688215036e-01,6.457371549141688944e-08,1.054785918173900550e-03,-5.325160138071520152e-03,-2.697891300764892169e-06,6.383980951323282339e-03,6.629747796890524254e-06,3.202876270856440697e-07,-3.209690504246184590e-03,1.650652946317057723e-02,-1.338162369569305083e-05,-1.969620675725452033e-02,3.288375332539939904e-05
5.178853711850721631e+00,3.805063821286475134e-01,-8.966024064123270451e-03,-4.602375487798252562e-01,-2.105823495450781106e-07,-1.119524487559847792e+00,-3.805058599698197264e-01,6.548373210622840025e-08,1.045569451762804348e-03,-5.277772286458442923e-03,-2.735911813842289038e-06,6.327433495794797941e-03,6.723178698989499524e-06,3.126293259425220956e-07,-3.200541197419251842e-03,1.645265905081243554e-02,-1.306165975372965603e-05,-1.963366556780919009e-02,3.209747988704512837e-05
5.181729255277623736e+00,3.805063823182306959e-01,-8.963030703315942246e-03,-4.602526572962803431e-01,-2.185031389550523910e-07,-1.119506373836461233e+00,-3.805058405054194126e-01,6.637157127171443091e-08,1.036379394171097271e-03,-5.230539717738137348e-03,-2.773005752734522483e-06,6.271066346218250737e-03,6.814332654923938667e-06,3.048639522551657974e-07,-3.191322613973542055e-03,1.639852693792758290e-02,-1.273722231624906904e-05,-1.957080009166171572e-02,3.130021336406502456e-05
5.184604798704525841e+00,3.805063825103346398e-01,-8.960063730709710503e-03,-4.602676302175964795e-01,-2.265292463951088634e-07,-1.119488421938904077e+00,-3.805058207822125671e-01,6.723693538643073508e-08,1.027215944687700187e-03,-5.183463184939621909e-03,-2.809160683640282295e-06,6.214880436315912970e-03,6.903179110101910834e-06,2.969986404731276326e-07,-3.182034697934811758e-03,1.634413277828828531e-02,-1.240860946077109993e-05,-1.950760948081313798e-02,3.049268624660915534e-05
5.187480342131427946e+00,3.805063827048943415e-01,-8.957123069505046678e-03,-4.602824679935457186e-01,-2.346579548492817415e-07,-1.119470631344668288e+00,-3.805058008068758491e-01,6.807954716928941701e-08,1.018079302759742049e-03,-5.136543442089276136e-03,-2.844365021743368704e-06,6.158876702235339083e-03,6.989689596211704159e-06,2.890403895334728722e-07,-3.172677395138844003e-03,1.628947622393250513e-02,-1.207611360309991324e-05,-1.944409289580774358e-02,2.967561711183285957e-05
5.190355885558330051e+00,3.805063829018440202e-01,-8.954208642328688461e-03,-4.602971710760696555e-01,-2.428865151901532691e-07,-1.119453001528549763e+00,-3.805057805861650766e-01,6.889914927127319195e-08,1.008969667987603784e-03,-5.089781244216966781e-03,-2.878608014990098415e-06,6.103056082526292156e-03,7.073837691356706294e-06,2.809960638259952435e-07,-3.163250653216795154e-03,1.623455692517884394e-02,-1.174002153765074654e-05,-1.938024950567305768e-02,2.884971072299496707e-05
5.193231428985232156e+00,3.805063831011170628e-01,-8.951320371233322318e-03,-4.603117399192821479e-01,-2.512121485499662577e-07,-1.119435531962644115e+00,-3.805057601269087875e-01,6.969550388986966781e-08,9.998872401196655553e-04,-5.043177347360450549e-03,-2.911879727980360871e-06,6.047419518115776035e-03,7.155598980469607610e-06,2.728723941658438991e-07,-3.153754421580203405e-03,1.617937453064032666e-02,-1.140061447808630075e-05,-1.931607848785779277e-02,2.801565812931687435e-05
5.196106972412134262e+00,3.805063833026464115e-01,-8.948458177696931234e-03,-4.603261749794729241e-01,-2.596320486466052788e-07,-1.119418222116335793e+00,-3.805057394360032430e-01,7.046839238649987518e-08,9.908322190472658702e-04,-4.996732508570458572e-03,-2.944171025983769838e-06,5.991967952284201968e-03,7.234951016033968089e-06,2.646759787739271020e-07,-3.144188651405909266e-03,1.612392868723830364e-02,-1.105816809827799829e-05,-1.925157902816950622e-02,2.717413676664000641e-05
5.198982515839037255e+00,3.805063835063642874e-01,-8.945621982622480733e-03,-4.603404767151102472e-01,-2.681433840628456204e-07,-1.119401071456294972e+00,-3.805057185204062109e-01,7.121761490660194108e-08,9.818048047995485850e-04,-4.950447485915093933e-03,-2.975473559066746667e-06,5.936702330640868282e-03,7.311873279078431423e-06,2.564132842645511591e-07,-3.134553295620989052e-03,1.606821904021739009e-02,-1.071295257356963514e-05,-1.918675032071266717e-02,2.632581055882628231e-05
5.201858059265938472e+00,3.805063837122022452e-01,-8.942811706337696828e-03,-4.603546455868430254e-01,-2.767433004798970859e-07,-1.119384079446468894e+00,-3.805056973871318027e-01,7.194299000255103943e-08,9.728051975386164127e-04,-4.904323038485486862e-03,-3.005779746338111509e-06,5.881623601101229441e-03,7.386347140462103289e-06,2.480906466406495125e-07,-3.124848308887397813e-03,1.601224523315977408e-02,-1.036523262235801992e-05,-1.912159156782551259e-02,2.547133001993770541e-05
5.204733602692841465e+00,3.805063839200915621e-01,-8.940027268594236826e-03,-4.603686820575059180e-01,-2.854289228677242575e-07,-1.119367245548074319e+00,-3.805056760432452001e-01,7.264435425972819966e-08,9.638335975543207892e-04,-4.858359926399217349e-03,-3.035082760326215360e-06,5.826732713861725206e-03,7.458355822483235336e-06,2.397142722957177893e-07,-3.115073647586565856e-03,1.595600690799940310e-02,-1.001526754795390116e-05,-1.905610198001611924e-02,2.461133235710447273e-05
5.207609146119742682e+00,3.805063841299629601e-01,-8.937268588574949144e-03,-4.603825865921256644e-01,-2.941973530920401955e-07,-1.119350569219601743e+00,-3.805056544958681508e-01,7.332092308535708224e-08,9.548901645855462691e-04,-4.812558951160453118e-03,-3.063349820705724823e-06,5.772030581140007686e-03,7.527818771380193028e-06,2.287857174747973840e-07,-3.105388729441245412e-03,1.589934550122648962e-02,-9.558672249641093067e-06,-1.899043852713336658e-02,2.348930356555080419e-05
5.210484689546645676e+00,3.805063843417155200e-01,-8.934535586858388667e-03,-4.603963596598778518e-01,-3.030443821767478832e-07,-1.119334049918748963e+00,-3.805056327553437145e-01,7.394679695691859255e-08,9.459734583531948264e-04,-4.766922502843893954e-03,-3.089498844174777479e-06,5.717516534396097430e-03,7.592076895775482650e-06,2.066479444427537240e-07,-3.096345075427055574e-03,1.584171343414826627e-02,-8.633755273116961796e-06,-1.892514608777151608e-02,2.121642979349820681e-05
5.213360232973546893e+00,3.805063845551773793e-01,-8.931828187962969137e-03,-4.604100017366106190e-01,-3.119628230361283032e-07,-1.119317687104935066e+00,-3.805056108393333192e-01,7.451008623461066075e-08,9.370829296046715579e-04,-4.721452088668467648e-03,-3.113033081006984345e-06,5.663190788670385313e-03,7.649909492131860516e-06,1.852539073673088289e-07,-3.087181988691842845e-03,1.578386501156919114e-02,-7.739911620030458895e-06,-1.885947138773523893e-02,1.901991502846849444e-05
5.216235776400449886e+00,3.805063847701716240e-01,-8.929146316122196780e-03,-4.604235133006606140e-01,-3.209452841992585360e-07,-1.119301480235111779e+00,-3.805055887660006020e-01,7.501290443095208016e-08,9.282189197036665998e-04,-4.676148333404166885e-03,-3.134040833855159145e-06,5.609054442159699082e-03,7.701533553745837002e-06,1.645861731035766259e-07,-3.077900905075981776e-03,1.572579840784141259e-02,-6.876412932648024077e-06,-1.879341512652988114e-02,1.689796941771384226e-05
5.219111319827351103e+00,3.805063849865271131e-01,-8.926489894594278121e-03,-4.604368948321660993e-01,-3.299846251169639634e-07,-1.119285428763077794e+00,-3.805055665528926379e-01,7.545731533383076216e-08,9.193817659200199379e-04,-4.631011867036735792e-03,-3.152608327874359425e-06,5.555108591075716591e-03,7.747160968709577281e-06,1.446275900295401530e-07,-3.068503236209756384e-03,1.566751182139090870e-02,-6.042542615277539939e-06,-1.872697798593355584e-02,1.484883201230832053e-05
5.221986863254254096e+00,3.805063852040791450e-01,-8.923858845673099047e-03,-4.604501468130862141e-01,-3.390739502386324349e-07,-1.119269532139480994e+00,-3.805055442169544277e-01,7.584533381308452067e-08,9.105718014988883023e-04,-4.586043324697692061e-03,-3.168819744420874254e-06,5.501354329694554610e-03,7.786998602722158220e-06,1.253612857882522570e-07,-3.058990369707467478e-03,1.560900347452442473e-02,-5.237595739937337192e-06,-1.866016063013921367e-02,1.287077053534064534e-05
5.224862406681155313e+00,3.805063854226680697e-01,-8.921253090700078173e-03,-4.604632697272128539e-01,-3.482066031820672753e-07,-1.119253789811825550e+00,-3.805055217745432206e-01,7.617892662012029143e-08,9.017893557295081960e-04,-4.541243346595948485e-03,-3.182757254460359010e-06,5.447792750407115699e-03,7.821248381186115826e-06,1.067706650229543541e-07,-3.049363669362106354e-03,1.555027161323559864e-02,-4.460878951729300786e-06,-1.859296370589700459e-02,1.096208114937984658e-05
5.227737950108058307e+00,3.805063856421403989e-01,-8.918672550075376626e-03,-4.604762640601863799e-01,-3.573761610003949143e-07,-1.119238201224477702e+00,-3.805054992414426684e-01,7.646001318120714006e-08,8.930347540136174007e-04,-4.496612577950987073e-03,-3.194501051711664561e-06,5.394424943770257351e-03,7.850107370654457330e-06,8.883940709816859039e-08,-3.039624475341214625e-03,1.549131450700976832e-02,-3.711710373626024063e-06,-1.852538784265731278e-02,9.121088222500935768e-06
5.230613493534959524e+00,3.805063858623477513e-01,-8.916117143269034970e-03,-4.604891302995091640e-01,-3.665764285436124615e-07,-1.119222765818670418e+00,-3.805054766328765936e-01,7.669046638412940533e-08,8.843083179328748962e-04,-4.452151668924424210e-03,-3.204129385513252128e-06,5.341251998554924496e-03,7.873767859595981155e-06,7.155146380906934278e-08,-3.029774104383784004e-03,1.543213044862796340e-02,-2.989419510768171175e-06,-1.845743365271480113e-02,7.346144093107072191e-06
5.233489036961862517e+00,3.805063860831471856e-01,-8.913586788831496036e-03,-4.605018689345612426e-01,-3.758014329155899643e-07,-1.119207483032506723e+00,-3.805054539635227551e-01,7.687211335839989071e-08,8.756103653160359672e-04,-4.407861274553687841e-03,-3.211718593420539253e-06,5.288275001795760856e-03,7.892417438499397885e-06,5.489105707816039529e-08,-3.019813849998239860e-03,1.537271775396976091e-02,-2.293347154231534211e-06,-1.838910173135316004e-02,5.635628833448511326e-06
5.236364580388763734e+00,3.805063863044009231e-01,-8.911081404404944811e-03,-4.605144804566118077e-01,-3.850454180209348151e-07,-1.119192352300968141e+00,-3.805054312475259493e-01,7.700673624847689456e-08,8.669412103055694875e-04,-4.363742054686522986e-03,-3.217343133510956709e-06,5.235495038840534687e-03,7.906239079259162213e-06,3.884267664523556818e-08,-3.009744982660978157e-03,1.531307476181545564e-02,-1.622845284513475074e-06,-1.832039265699014069e-02,3.987950012451953186e-06
5.239240123815666728e+00,3.805063865259762368e-01,-8.908600906733189426e-03,-4.605269653588355827e-01,-3.943028392088045853e-07,-1.119177373055916691e+00,-3.805054084985116103e-01,7.709607298075036008e-08,8.583011634233883276e-04,-4.319794673914226571e-03,-3.221075616428669419e-06,5.182913193397049173e-03,7.915411213921588334e-06,2.339107774105593256e-08,-2.999568750016337864e-03,1.525319983364698331e-02,-9.772769743389847643e-07,-1.825130699132387554e-02,2.401542456877976396e-06
5.242115667242567945e+00,3.805063867477452844e-01,-8.906145211672433781e-03,-4.605393241363239243e-01,-4.035683580046303380e-07,-1.119162544726101105e+00,-3.805053857295983555e-01,7.714181802348866540e-08,8.496905316365113486e-04,-4.276019801508244150e-03,-3.222986837135198632e-06,5.130530547582863067e-03,7.920107812708227703e-06,8.521278755763191679e-09,-2.989286377077043921e-03,1.519309135344858869e-02,-3.560162912468986426e-07,-1.818184527947958387e-02,8.748680119382651549e-07
5.244991210669470938e+00,3.805063869695853307e-01,-8.903714234201115171e-03,-4.605515572861000884e-01,-4.128368369354116703e-07,-1.119147866737160157e+00,-3.805053629534108084e-01,7.714562314026856706e-08,8.411096184215512053e-04,-4.232418111354174957e-03,-3.223145806387765370e-06,5.078348181970877492e-03,7.920498461370172080e-06,-5.781441106084552591e-09,-2.978899066425678022e-03,1.513274772750561499e-02,2.415518003828572051e-07,-1.811200805015644039e-02,-5.935846994609326696e-07
5.247866754096373043e+00,3.805063871913778040e-01,-8.901307888429950063e-03,-4.605636653071316089e-01,-4.221033344437205637e-07,-1.119133338511626885e+00,-3.805053401820924774e-01,7.710909813655277938e-08,8.325587238290286770e-04,-4.188990281888483984e-03,-3.221619781931346890e-06,5.026367175637011346e-03,7.916748437838829641e-06,-1.953154417803828468e-08,-2.968407998416949540e-03,1.507216738420346681e-02,8.160315376179256219e-07,-1.804179581577577615e-02,-2.005300518251412577e-06
5.250742297523275148e+00,3.805063874130092394e-01,-8.898926087611747429e-03,-4.605756487003432320e-01,-4.313630998911459314e-07,-1.119118959468935248e+00,-3.805053174273173577e-01,7.703381159950887934e-08,8.240381445471043481e-04,-4.145736996035787394e-03,-3.218474299408350161e-06,4.974588606207438687e-03,7.909018788182772738e-06,-3.274323669359324640e-08,-2.957814331380638657e-03,1.501134877382513666e-02,1.368016457651098294e-06,-1.797120907262910947e-02,-3.361737991691500542e-06
5.253617840950177253e+00,3.805063876343702800e-01,-8.896568744150804009e-03,-4.605875079686302942e-01,-4.406115686510779064e-07,-1.119104729025420353e+00,-3.805052947003025321e-01,7.692129163106171530e-08,8.155481739644223271e-04,-4.102658941145164752e-03,-3.213773202985584700e-06,4.923013549903556239e-03,7.897466401869913607e-06,-4.543047115777509836e-08,-2.947119201825494899e-03,1.495029036834848862e-02,1.898089496885355785e-06,-1.790024830102755413e-02,-4.664329616855831325e-06
5.256493384377079359e+00,3.805063878553560097e-01,-8.894235769612712436e-03,-4.605992436168696580e-01,-4.498443572869726310e-07,-1.119090646594326888e+00,-3.805052720118197174e-01,7.677302657399788236e-08,8.070891022328491229e-04,-4.059756808929548648e-03,-3.207578675690945360e-06,4.871643081589475781e-03,7.882244086316285216e-06,-5.760694872464739762e-08,-2.936323724643569773e-03,1.488899066124264002e-02,2.406823090266237795e-06,-1.782891396545105075e-02,-5.914482084732808538e-06
5.259368927803981464e+00,3.805063880758657868e-01,-8.891927074732965466e-03,-4.606108561519350331e-01,-4.590572588212501001e-07,-1.119076711585808237e+00,-3.805052493722070883e-01,7.659046573143706947e-08,7.986612163289813016e-04,-4.017031295402347449e-03,-3.199951269472970924e-06,4.820478274815119882e-03,7.863500640753846581e-06,-6.928612158674543146e-08,-2.925428993315568570e-03,1.482744816726332820e-02,2.894779271112541549e-06,-1.775720651469843425e-02,-7.113576525546738840e-06
5.262244471230883569e+00,3.805063882958029109e-01,-8.889642569426548999e-03,-4.606223460827067462e-01,-4.682462380858684805e-07,-1.119062923406933807e+00,-3.805052267913806574e-01,7.637502007917529342e-08,7.902648001157304468e-04,-3.974483100818164590e-03,-3.190949934962582530e-06,4.769520201863029947e-03,7.841380929366424511e-06,-8.048119536758644850e-08,-2.914436080116518737e-03,1.476566142224823748e-02,3.362509771075548954e-06,-1.768512638203788984e-02,-8.262968754395723066e-06
5.265120014657785674e+00,3.805063885150749559e-01,-8.887382162796579263e-03,-4.606337139200847308e-01,-4.774074271609212468e-07,-1.119049281461692136e+00,-3.805052042788452660e-01,7.612806297129099158e-08,7.819001344027937768e-04,-3.932112929611385026e-03,-3.180632050953343303e-06,4.718769933791514860e-03,7.816025953733961480e-06,-9.120513152432292397e-08,-2.903346036322164252e-03,1.470362898291077691e-02,3.810556120521966746e-06,-1.761267398535726336e-02,-9.363989517930954037e-06
5.267995558084687779e+00,3.805063887335931039e-01,-8.885145763142908784e-03,-4.606449601770009061e-01,-4.865371208972153046e-07,-1.119035785150992002e+00,-3.805051818437059086e-01,7.585093083883096137e-08,7.735674970068662877e-04,-3.889921490337061062e-03,-3.169053453592599811e-06,4.668228540479411187e-03,7.787572924566280724e-06,-1.014706497565864182e-07,-2.892159892416207388e-03,1.464134942663487815e-02,4.239449749175618263e-06,-1.753984972731665107e-02,-1.041794474167159740e-05
5.270871101511589885e+00,3.805063889512725339e-01,-8.882933277970846836e-03,-4.606560853684301682e-01,-4.956317725211008308e-07,-1.119022433872668421e+00,-3.805051594946783911e-01,7.554492388147115401e-08,7.652671628111110862e-04,-3.847909495611695398e-03,-3.156268465279110084e-06,4.617897090669546671e-03,7.756155332715567211e-06,-1.112902304207263999e-07,-2.880878658297655881e-03,1.457882135126756587e-02,4.649712086984448518e-06,-1.746665399549910541e-02,-1.142611577787356087e-05
5.273746644938491990e+00,3.805063891680320887e-01,-8.880744613999324785e-03,-4.606670900114026579e-01,-5.046879893235679216e-07,-1.119009227021484421e+00,-3.805051372400999332e-01,7.521130675231516468e-08,7.569994038239799593e-04,-3.806077662054308669e-03,-3.142329923273959029e-06,4.567776652011423973e-03,7.721903019484327265e-06,-1.206761169513992767e-07,-2.869503323488909949e-03,1.451604337491141372e-02,5.041854665294660886e-06,-1.739308716256256562e-02,-1.238975965415294611e-05
5.276622188365394095e+00,3.805063893837939970e-01,-8.878579677169245316e-03,-4.606779746250145857e-01,-5.137025284298280463e-07,-1.118996163989134374e+00,-3.805051150879394384e-01,7.485130923565640679e-08,7.487644892375637257e-04,-3.764426710228798052e-03,-3.127289208017505556e-06,4.517868291104279108e-03,7.684942246210896844e-06,-1.296403182876310314e-07,-2.858034857344433910e-03,1.445301413571765774e-02,5.416379218211759224e-06,-1.731914958639317256e-02,-1.331010932256874492e-05
5.279497731792296200e+00,3.805063895984842626e-01,-8.876438372651422257e-03,-4.606887397304397780e-01,-5.226722926507700768e-07,-1.118983244164247548e+00,-3.805050930458079295e-01,7.446612691779846739e-08,7.405626854852746105e-04,-3.722957364586517489e-03,-3.111196271156288682e-06,4.468173073539256045e-03,7.645395763142259692e-06,-1.381946113048108604e-07,-2.846474209259613856e-03,1.438973229167716736e-02,5.773777784209353065e-06,-1.724484161025708825e-02,-1.418837390931447081e-05
5.282373275219198305e+00,3.805063898120322197e-01,-8.874320604854256736e-03,-4.606993858509413897e-01,-5.315943264151135694e-07,-1.118970466932389218e+00,-3.805050711209684300e-01,7.405692185090178742e-08,7.323942562989853257e-04,-3.681670353409745647e-03,-3.094099663278586907e-06,4.418692063941505842e-03,7.603382877590888862e-06,-1.463505432518578829e-07,-2.834822308880405057e-03,1.432619652041268454e-02,6.114532807954164581e-06,-1.717016356295470933e-02,-1.502573896494102256e-05
5.285248818646100410e+00,3.805063900243701447e-01,-8.872226277431822725e-03,-4.607099135118813971e-01,-5.404658117784590852e-07,-1.118957831676066217e+00,-3.805050493203455120e-01,7.362482320969397021e-08,7.242594627654817428e-04,-3.640566408755398047e-03,-3.076046561351805485e-06,4.369426326011367247e-03,7.559019521358871709e-06,-1.541194341911313877e-07,-2.823080066312815429e-03,1.426240551896889620e-02,6.439117242245589975e-06,-1.709511575897258023e-02,-1.582336671486105065e-05
5.288124362073002516e+00,3.805063902354339778e-01,-8.870155293291064405e-03,-4.607203232407323656e-01,-5.492840645138563268e-07,-1.118945337774726934e+00,-3.805050276505355100e-01,7.317092794129389749e-08,7.161585633822450947e-04,-3.599646266398919599e-03,-3.057082795872170638e-06,4.320376922564664324e-03,7.512418317455054596e-06,-1.615123794446160071e-07,-2.811248372333297139e-03,1.419835800360374871e-02,6.747994650217471781e-06,-1.701969849863805423e-02,-1.658239631049766849e-05
5.290999905499904621e+00,3.805063904451626011e-01,-8.868107554599276299e-03,-4.607306155670881087e-01,-5.580465302781482655e-07,-1.118932984604765757e+00,-3.805050061178153475e-01,7.269630140794291057e-08,7.080918141129629098e-04,-3.558910665780510782e-03,-3.037252877718066010e-06,4.271544915574593086e-03,7.463688646083957804e-06,-1.685402520423057620e-07,-2.799328098599118252e-03,1.413405270957858104e-02,7.041619307631686149e-06,-1.694391206827271582e-02,-1.730394408065894532e-05
5.293875448926806726e+00,3.805063906534978946e-01,-8.866082962791250327e-03,-4.607407910226740677e-01,-5.667507808559098392e-07,-1.118920771539523074e+00,-3.805049847281520847e-01,7.220197802267513805e-08,7.000594684419426256e-04,-3.518360349949459492e-03,-3.016600024708386922e-06,4.222931366210195062e-03,7.412936709909753055e-06,-1.752137051745978278e-07,-2.787320097859108219e-03,1.406948839094802721e-02,7.320436305339365570e-06,-1.686775674034632355e-02,-1.798910378332401310e-05
5.296750992353708831e+00,3.805063908603845135e-01,-8.864081418576353483e-03,-4.607508501413574709e-01,-5.753945104788606743e-07,-1.118908697949289710e+00,-3.805049634872119668e-01,7.168896187795649728e-08,6.920617774283489105e-04,-3.477996065511259303e-03,-2.995166187867101683e-06,4.174537334876982780e-03,7.360265598598323325e-06,-1.815431746471160679e-07,-2.775225204164638842e-03,1.400466382034988404e-02,7.584881651843500437e-06,-1.679123277363097841e-02,-1.863894685767864492e-05
5.299626535780610936e+00,3.805063910657703330e-01,-8.862102821945600298e-03,-4.607607934591567700e-01,-5.839755322198402122e-07,-1.118896763201308708e+00,-3.805049424003689729e-01,7.115822736723490347e-08,6.840989897597410255e-04,-3.437818562574866503e-03,-2.972992077391661800e-06,4.126363881256583412e-03,7.305775352631551952e-06,-1.875388813378081357e-07,-2.763044233080892351e-03,1.393957778879527550e-02,7.835382375956627675e-06,-1.671434041335615600e-02,-1.925452267638428248e-05
5.302502079207513042e+00,3.805063912696056150e-01,-8.860147072178074790e-03,-4.607706215142532979e-01,-5.924917744631543961e-07,-1.118884966659776437e+00,-3.805049214727139195e-01,7.061071979945789508e-08,6.761713518046375470e-04,-3.397828594698686002e-03,-2.950117188327579847e-06,4.078412064343682301e-03,7.249563026399538174e-06,-1.932108336574621017e-07,-2.750777981898073089e-03,1.387422910545664176e-02,8.072356629601351997e-06,-1.663707989136162593e-02,-1.983685879819814177e-05
5.305377622634415147e+00,3.805063914718435636e-01,-8.858214067847794762e-03,-4.607803348469996507e-01,-6.009412774456249400e-07,-1.118873307685844809e+00,-3.805049007090626212e-01,7.004735600648031770e-08,6.682791076650675382e-04,-3.358026918840210581e-03,-2.926579825945958817e-06,4.030682942486163607e-03,7.191722750562892194e-06,-1.985688300102399417e-07,-2.738427229843123575e-03,1.380861659745844655e-02,8.296213790611573586e-06,-1.655945142625360120e-02,-2.038696122059506705e-05
5.308253166061317252e+00,3.805063916724397144e-01,-8.856303706829925584e-03,-4.607899339999302346e-01,-6.093221898726073658e-07,-1.118861785637623507e+00,-3.805048801139645498e-01,6.946902494341748071e-08,6.604224992279646590e-04,-3.318414295303457034e-03,-2.902417130826281948e-06,3.983177573421460560e-03,7.132345793690679854e-06,-2.036224612570481355e-07,-2.725992738291352965e-03,1.374273910966582364e-02,8.507354565652266507e-06,-1.648145522355896897e-02,-2.090581463268057779e-05
5.311128709488219357e+00,3.805063918713523785e-01,-8.854415886307306222e-03,-4.607994195177701480e-01,-6.176327656034760120e-07,-1.118850399870182200e+00,-3.805048596917106063e-01,6.887658828189002669e-08,6.526017662163930083e-04,-3.278991487689265037e-03,-2.877665103642207394e-06,3.935897014315148726e-03,7.071520623168615387e-06,-2.083811131784948605e-07,-2.713475250977947541e-03,1.367659550447293537e-02,8.706171093121935296e-06,-1.640309147587905303e-02,-2.139438266806162155e-05
5.314004252915121462e+00,3.805063920685421985e-01,-8.852550502776463520e-03,-4.608087919474453398e-01,-6.258713604097051668e-07,-1.118839149735549876e+00,-3.805048394463411698e-01,6.827088099620177998e-08,6.448171462398155076e-04,-3.239759262844418581e-03,-2.852358629652130410e-06,3.888842321796955829e-03,7.009332965381677282e-06,-2.128539689394844207e-07,-2.700875494209964336e-03,1.361018466159289245e-02,8.893047046123566020e-06,-1.632436036304550989e-02,-2.185360815788530710e-05
5.316879796342023567e+00,3.805063922639722596e-01,-8.850707452053799967e-03,-4.608180518380903812e-01,-6.340364288014808831e-07,-1.118828034582720177e+00,-3.805048193816542579e-01,6.765271194242912062e-08,6.370688748441186633e-04,-3.200718390813238074e-03,-2.826531502893550397e-06,3.842014551998570917e-03,6.945865865168915324e-06,-2.170500115531126352e-07,-2.688194177078006425e-03,1.354350547784643859e-02,9.068357735406271694e-06,-1.624526205227465672e-02,-2.228441338380586332e-05
5.319755339768925673e+00,3.805063924576076451e-01,-8.848886629280881128e-03,-4.608271997410607335e-01,-6.421265209268129911e-07,-1.118817053757647395e+00,-3.805047995012125206e-01,6.702286443044749311e-08,6.293571855604653074e-04,-3.161869644786898231e-03,-2.800216450082380787e-06,3.795414760587553869e-03,6.881199744553168624e-06,-2.209780263460627190e-07,-2.675431991668075597e-03,1.347655686695078611e-02,9.232470212369674038e-06,-1.616579669832221913e-02,-2.268770033110573776e-05
5.322630883195827778e+00,3.805063926494160476e-01,-8.847087928931060552e-03,-4.608362362099375220e-01,-6.501402795324266232e-07,-1.118806206603253806e+00,-3.805047798083514010e-01,6.638209678878464472e-08,6.216823099542187871e-04,-3.123213801056857683e-03,-2.773445154212549465e-06,3.749044002804986699e-03,6.815412460734278347e-06,-2.246466034201603196e-07,-2.662589613273041219e-03,1.340933775930844979e-02,9.385743371907857193e-06,-1.608596444363742314e-02,-2.306435094142231327e-05
5.325506426622729883e+00,3.805063928393671024e-01,-8.845311244814206900e-03,-4.608451618005403039e-01,-6.580764369999019225e-07,-1.118795492459425223e+00,-3.805047603061858519e-01,6.573114292252201280e-08,6.140444776727043471e-04,-3.084751638966016542e-03,-2.746248277865150731e-06,3.702903333499252530e-03,6.748579363368568449e-06,-2.280641401167155830e-07,-2.649667700604520226e-03,1.334184710179679538e-02,9.528528055369678355e-06,-1.600576541851843684e-02,-2.341522736576075579e-05
5.328381970049631988e+00,3.805063930274324990e-01,-8.843556470082863941e-03,-4.608539770709323413e-01,-6.659338124413777438e-07,-1.118784910663017218e+00,-3.805047409976178296e-01,6.507071286400510688e-08,6.064439164928414920e-04,-3.046483940862965232e-03,-2.718655486217148335e-06,3.656993807162326436e-03,6.680773351110003375e-06,-2.312388434761705660e-07,-2.636666896004225859e-03,1.327408385755729503e-02,9.661167153322990282e-06,-1.592519974126663934e-02,-2.374117221702481227e-05
5.331257513476534982e+00,3.805063932135860361e-01,-8.841823497237033189e-03,-4.608626825814318151e-01,-6.737113088665537172e-07,-1.118774460547852234e+00,-3.805047218853429558e-01,6.440149331654020644e-08,5.988808523675925085e-04,-3.008411492053891453e-03,-2.690695469757062697e-06,3.611316477962104188e-03,6.612064927431300827e-06,-2.341787326985360570e-07,-2.623587825655317261e-03,1.320604700578441142e-02,9.783995708351840483e-06,-1.584426751834060870e-02,-2.404300882262882545e-05
5.334133056903436199e+00,3.805063933978032886e-01,-8.840112218129412766e-03,-4.608712788946198180e-01,-6.814079104120126550e-07,-1.118764141444721583e+00,-3.805047029718576779e-01,6.372414819101792332e-08,5.913555094723234925e-04,-2.970535080757723701e-03,-2.662395966705132584e-06,3.565872399777439763e-03,6.542522255718803578e-06,-2.368916416004131597e-07,-2.610431099793606401e-03,1.313773554151552274e-02,9.897341017710972470e-06,-1.576296884451076907e-02,-2.432154147675892806e-05
5.337008600330339192e+00,3.805063935800619412e-01,-8.838422523970913824e-03,-4.608797665753467387e-01,-6.890226796326740963e-07,-1.118753952681386998e+00,-3.805046842594655976e-01,6.303931913542845039e-08,5.838681102503861598e-04,-2.932855498061041465e-03,-2.633783785136486266e-06,3.520662626231723519e-03,6.472211213637577334e-06,-2.393852210688131189e-07,-2.597197312918401568e-03,1.306914847542071587e-02,1.000152273584653306e-05,-1.568130380301338903e-02,-2.457755569230560499e-05
5.339884143757240409e+00,3.805063937603413438e-01,-8.836754305335023374e-03,-4.608881461907426424e-01,-6.965547548610480739e-07,-1.118743893582581084e+00,-3.805046657502842988e-01,6.234762605738731936e-08,5.764188754579459197e-04,-2.895373537872798515e-03,-2.604884824812303159e-06,3.475688210725079962e-03,6.401195446778868404e-06,-2.416669415138721123e-07,-2.583887044003248951e-03,1.300028483359260030e-02,1.009685297687068586e-05,-1.559927246570433877e-02,-2.481181845268275662e-05
5.342759687184143402e+00,3.805063939386225669e-01,-8.835107452162784675e-03,-4.608964183102247092e-01,-7.040033476255395712e-07,-1.118733963470007087e+00,-3.805046474462511208e-01,6.164966763956447824e-08,5.690080242082919170e-04,-2.858089996880117372e-03,-2.575724098714467342e-06,3.430950206466688249e-03,6.329536421578985988e-06,-2.437440953169152754e-07,-2.570500856706287376e-03,1.293114365733663909e-02,1.018363641684183064e-05,-1.551687489321280922e-02,-2.502507846316937761e-05
5.345635230611044619e+00,3.805063941148884576e-01,-8.833481853767548644e-03,-4.609045835055046170e-01,-7.113677401306525599e-07,-1.118724161662339567e+00,-3.805046293491302078e-01,6.094602184812062227e-08,5.616357740158378587e-04,-2.821005674506174132e-03,-2.546325754288067132e-06,3.386449666508424550e-03,6.257293477520207987e-06,-2.456237992749889966e-07,-2.557039299580341971e-03,1.286172400296197761e-02,1.026217039589730525e-05,-1.543411113509491998e-02,-2.521806640188842109e-05
5.348510774037947613e+00,3.805063942891234730e-01,-8.831877398839499752e-03,-4.609126423505964798e-01,-7.186472827983528853e-07,-1.118714487475226615e+00,-3.805046114605176166e-01,6.023724643406238223e-08,5.543023408389155830e-04,-2.784121372865640785e-03,-2.516713094388040869e-06,3.342187643774434305e-03,6.184523878604700466e-06,-2.473129970415693874e-07,-2.543502906282546407e-03,1.279202494157190458e-02,1.033274502022634883e-05,-1.535098122998634386e-02,-2.539149517039337816e-05
5.351386317464848830e+00,3.805063944613136795e-01,-8.830293975449867924e-03,-4.609205954218254520e-01,-7.258413918700575361e-07,-1.118704940221287414e+00,-3.805045937818479773e-01,5.952387942765941300e-08,5.470079391225716623e-04,-2.747437896723763096e-03,-2.486908597935950249e-06,3.298165191093901591e-03,6.111282864116062923e-06,-2.488184615630130093e-07,-2.529892195783869317e-03,1.272204555885599400e-02,1.039564326386511706e-05,-1.526748520575622707e-02,-2.554606014381734447e-05
5.354261860891751823e+00,3.805063946314465873e-01,-8.828731471055466587e-03,-4.609284432978340007e-01,-7.329495470656812176e-07,-1.118695519210114009e+00,-3.805045763143998228e-01,5.880643962578859154e-08,5.397527818402953100e-04,-2.710956053453713287e-03,-2.456933940281255189e-06,3.254383361230574114e-03,6.037623698654762188e-06,-2.501467975095457733e-07,-2.516207672577751211e-03,1.265178495488071889e-02,1.045114107026358129e-05,-1.518362307965830972e-02,-2.568243942046172381e-05
5.357137404318653040e+00,3.805063947995112605e-01,-8.827189772502710280e-03,-4.609361865595902330e-01,-7.399712893024305118e-07,-1.118686223748271757e+00,-3.805045590593012506e-01,5.808542707235685062e-08,5.325370805355352996e-04,-2.674676652996474564e-03,-2.426810013273397252e-06,3.210843206914188157e-03,5.963597721462896362e-06,-2.513044437015798181e-07,-2.502449826888789117e-03,1.258124224388260277e-02,1.049950745365714579e-05,-1.509939485848438984e-02,-2.580129407090488749e-05
5.360012947745556033e+00,3.805063949654979294e-01,-8.825668766031798812e-03,-4.609438257903944458e-01,-7.469062184698836938e-07,-1.118677053139298216e+00,-3.805045420175355297e-01,5.736132353171705820e-08,5.253610453623695819e-04,-2.638600507820082486e-03,-2.396556945041148910e-06,3.167545780869963218e-03,5.889254395029592306e-06,-2.522976755301212736e-07,-2.488619134880684820e-03,1.251041655406083010e-02,1.054100460019145837e-05,-1.501480053871611514e-02,-2.590326838650444975e-05
5.362888491172457250e+00,3.805063951293986557e-01,-8.824168337280500693e-03,-4.609513615758872307e-01,-7.537539912625450168e-07,-1.118668006683704919e+00,-3.805045251899462078e-01,5.663459295513499069e-08,5.182248851255160304e-04,-2.602728432879153862e-03,-2.366194119481626163e-06,3.124492135847285659e-03,5.814641352982948979e-06,-2.531326073714873406e-07,-2.474716058863492708e-03,1.243930702736925110e-02,1.057588796880940119e-05,-1.492984010667514072e-02,-2.598899012731504287e-05
5.365764034599360244e+00,3.805063952912063341e-01,-8.822688371288038914e-03,-4.609587945040563017e-01,-7.605143190672119806e-07,-1.118659083678974486e+00,-3.805045085772426061e-01,5.590568194033930286e-08,5.111288073199798726e-04,-2.567061245576171200e-03,-2.335740195460313433e-06,3.081683324649353833e-03,5.739804447271819031e-06,-2.538151949954698752e-07,-2.460741047500795628e-03,1.236791281931143120e-02,1.060440639186432561e-05,-1.484451353867578469e-02,-2.605907076933343646e-05
5.368639578026261461e+00,3.805063954509153579e-01,-8.821228752498834480e-03,-4.609661251652430458e-01,-7.671869659052397592e-07,-1.118650283419563074e+00,-3.805044921800045388e-01,5.517502018415631413e-08,5.040730181700908219e-04,-2.531599765723286256e-03,-2.305213125722170590e-06,3.039120400162307126e-03,5.664787794637613305e-06,-2.543512379667876682e-07,-2.446694536015912337e-03,1.229623309873432817e-02,1.062680217545284795e-05,-1.475882080117500543e-02,-2.611410575105447670e-05
5.371515121453164454e+00,3.805063956085213972e-01,-8.819789364766105963e-03,-4.609733541521495725e-01,-7.737717464288677171e-07,-1.118641605196898592e+00,-3.805044759986875302e-01,5.444302092821638958e-08,4.970577226676373963e-04,-2.496344815503151720e-03,-2.274630175513269441e-06,2.996804415382040444e-03,5.589633822374760304e-06,-2.547463820395153372e-07,-2.432576946397625728e-03,1.222426704762317150e-02,1.064331119945424502e-05,-1.467276185092262694e-02,-2.615467471930603803e-05
5.374390664880065671e+00,3.805063957640210659e-01,-8.818370091355304252e-03,-4.609804820598458752e-01,-7.802685239709917992e-07,-1.118633048299381594e+00,-3.805044600336274230e-01,5.371008139782968850e-08,4.900831246098007665e-04,-2.461297219432298598e-03,-2.244007940917047877e-06,2.954736423442934704e-03,5.514383313389881659e-06,-2.550061215441012117e-07,-2.418388687605244058e-03,1.215201386089688647e-02,1.065416301726017759e-05,-1.458633663511093963e-02,-2.618134177432299026e-05
5.377266208306968664e+00,3.805063959174121435e-01,-8.816970814947495266e-03,-4.609875094857761590e-01,-7.866772086469424147e-07,-1.118624612012382835e+00,-3.805044442850450404e-01,5.297658323398134519e-08,4.831494266362641233e-04,-2.426457804323921188e-03,-2.213362366903093738e-06,2.912917477644747215e-03,5.439075450554534507e-06,-2.551358017664972748e-07,-2.404130155773019032e-03,1.207947274620431791e-02,1.065958095517490301e-05,-1.449954509152404439e-02,-2.619465571401141904e-05
5.380141751733870770e+00,3.805063960686937974e-01,-8.815591417642786032e-03,-4.609944370297650029e-01,-7.929977555071409423e-07,-1.118616295618245271e+00,-3.805044287530510161e-01,5.224289291850219789e-08,4.762568302657983754e-04,-2.391827399251563683e-03,-2.182708765090799611e-06,2.871348631479452192e-03,5.363747860357285660e-06,-2.551406213189665316e-07,-2.389801734413824017e-03,1.200664292372110795e-02,1.065978221146771798e-05,-1.441238714868652883e-02,-2.619515027735829863e-05
5.383017295160772875e+00,3.805063962178657500e-01,-8.814231780963339632e-03,-4.610012652940241873e-01,-7.992301627417526242e-07,-1.118608098396281836e+00,-3.805044134376495690e-01,5.150936219244995977e-08,4.694055359323576248e-04,-2.357406835513861480e-03,-2.152061831229353904e-06,2.830030938658218299e-03,5.288436655858716637e-06,-2.550256345026437695e-07,-2.375403794622192588e-03,1.193352362594760421e-02,1.065497795508090459e-05,-1.432486272601203592e-02,-2.618334438699448737e-05
5.385892838587674980e+00,3.805063963649290559e-01,-8.812891785856272198e-03,-4.610079948831604102e-01,-8.053744699352998980e-07,-1.118600019622774111e+00,-3.805043983387434436e-01,5.077632846765830149e-08,4.625957430201410722e-04,-2.323196946597598078e-03,-2.121435662392280979e-06,2.788965453135244191e-03,5.213176478944972748e-06,-2.547957536611508040e-07,-2.360936695276337916e-03,1.186011409750627535e-02,1.064537342396388243e-05,-1.423697173394977526e-02,-2.615974239083933284e-05
5.388768382014577085e+00,3.805063965098856027e-01,-8.811571312697108471e-03,-4.610146264041785069e-01,-8.114307563673551685e-07,-1.118592058570973657e+00,-3.805043834561380178e-01,5.004411523163169597e-08,4.558276498990509280e-04,-2.289198568146249332e-03,-2.090843773893976177e-06,2.748153229137059728e-03,5.138000541898129291e-06,-2.544557515243594607e-07,-2.346400783239693377e-03,1.178641359494187781e-02,1.063116802299580942e-05,-1.414871407413267890e-02,-2.612483430273376714e-05
5.391643925441479190e+00,3.805063966527382213e-01,-8.810270241292260732e-03,-4.610211604664901652e-01,-8.173991393653457984e-07,-1.118584214511100239e+00,-3.805043687895448001e-01,4.931303244559006938e-08,4.491014539583489747e-04,-2.255412537922952317e-03,-2.060299115920026712e-06,2.707595321184023962e-03,5.062940668263248502e-06,-2.540102635433175684e-07,-2.331796393561368086e-03,1.171242138652069109e-02,1.061255542153886437e-05,-1.406008963952298275e-02,-2.607909604216600294e-05
5.394519468868381296e+00,3.805063967934905755e-01,-8.808988450881863330e-03,-4.610275976819189769e-01,-8.232797727028459343e-07,-1.118576486710340046e+00,-3.805043543385860372e-01,4.858337693591502584e-08,4.424173516407141219e-04,-2.221839695778958946e-03,-2.029814089881864000e-06,2.667292784117294459e-03,4.988027333037982100e-06,-2.534637902147662939e-07,-2.317123849675884265e-03,1.163813675203159877e-02,1.058972365055676454e-05,-1.397109831455830772e-02,-2.602298967292872455e-05
5.397395012295283401e+00,3.805063969321471062e-01,-8.807725820142543044e-03,-4.610339386647065996e-01,-8.290728450442865837e-07,-1.118568874432845917e+00,-3.805043401027979333e-01,4.785543277887117973e-08,4.357755384752145665e-04,-2.188480883620078608e-03,-1.999400564490436528e-06,2.627246673122284656e-03,4.913289702171731009e-06,-2.528206993952985284e-07,-2.302383463601961801e-03,1.156355898258769853e-02,1.056285519930042048e-05,-1.388173997529663917e-02,-2.595696364071262244e-05
5.400270555722185506e+00,3.805063970687131980e-01,-8.806482227189958711e-03,-4.610401840315182520e-01,-8.347785784361007805e-07,-1.118561376939736673e+00,-3.805043260816350359e-01,4.712947167870283670e-08,4.291762091098346170e-04,-2.155336945374330786e-03,-1.969069891553112585e-06,2.587458043752463403e-03,4.838755671384647798e-06,-2.520852286049363497e-07,-2.287575536140393825e-03,1.148868738042888547e-02,1.053212711155151090e-05,-1.379201448956071489e-02,-2.588145300961359108e-05
5.403146099149087611e+00,3.805063972031949016e-01,-8.805257549581269744e-03,-4.610463344014490428e-01,-8.403972268427960128e-07,-1.118553993489093790e+00,-3.805043122744730666e-01,4.640575333913210941e-08,4.226195573435263656e-04,-2.122408726960613775e-03,-1.938832921494893252e-06,2.547927951953295449e-03,4.764451904309185550e-06,-2.512614873196424763e-07,-2.272700357070973377e-03,1.141352125872534783e-02,1.049771108140379601e-05,-1.370192171708174179e-02,-2.579687969750391665e-05
5.406021642575989716e+00,3.805063973355991003e-01,-8.804051664317441572e-03,-4.610523903960296321e-01,-8.459290747276686750e-07,-1.118546723335963167e+00,-3.805042986806131400e-01,4.568452582826698450e-08,4.161057761575721338e-04,-2.089697076257324843e-03,-1.908700018604290561e-06,2.508657454085019660e-03,4.690403869955028349e-06,-2.503534592524995845e-07,-2.257758205348437807e-03,1.133805994138205493e-02,1.045977354857087180e-05,-1.361146150964232145e-02,-2.570365271023979402e-05
5.408897186002891821e+00,3.805063974659332326e-01,-8.802864447845878959e-03,-4.610583526392306175e-01,-8.513744356749247732e-07,-1.118539565732351582e+00,-3.805042852992845948e-01,4.496602593697232683e-08,4.096350577464171762e-04,-2.057202843071695084e-03,-1.878681076006088973e-06,2.469647606945211266e-03,4.616635879502884525e-06,-2.493650046228588464e-07,-2.242749349297371887e-03,1.126230276284419934e-02,1.041847579319135071e-05,-1.352063371121860029e-02,-2.560216837463381539e-05
5.411772729429793927e+00,3.805063975942054588e-01,-8.801695776062193680e-03,-4.610642217574700275e-01,-8.567336510581411671e-07,-1.118532519927226465e+00,-3.805042721296484909e-01,4.425047953073046932e-08,4.032075935479575188e-04,-2.024926879109756155e-03,-1.848785530362097702e-06,2.430899467791024053e-03,4.543171122429833682e-06,-2.482998624139573319e-07,-2.227674046806151203e-03,1.118624906790383761e-02,1.037397403015224669e-05,-1.342943815812192715e-02,-2.549281057024350007e-05
5.414648272856696032e+00,3.805063977204246051e-01,-8.800545524312655687e-03,-4.610699983796173185e-01,-8.620070887470344071e-07,-1.118525585166514347e+00,-3.805042591708009958e-01,4.353810189504741843e-08,3.968235742734120054e-04,-1.992870037947569450e-03,-1.819022376302246060e-06,2.392414094361871441e-03,4.470031701972040705e-06,-2.471616526176016938e-07,-2.212532545519731945e-03,1.110989821150742789e-02,1.032641950287198204e-05,-1.333787467913943002e-02,-2.537595095983192050e-05
5.417523816283598137e+00,3.805063978446001083e-01,-8.799413567396132535e-03,-4.610756831369990927e-01,-8.671951418572792791e-07,-1.118518760693100189e+00,-3.805042464217759379e-01,4.282909807438103098e-08,3.904831899362847534e-04,-1.961033175001205848e-03,-1.789400180585017480e-06,2.354192544899549704e-03,4.397238669922334596e-06,-2.459538784663764871e-07,-2.197325083031322675e-03,1.103324955856417079e-02,1.027595857656219613e-05,-1.324594309567351386e-02,-2.525194921854749248e-05
5.420399359710500242e+00,3.805063979667419050e-01,-8.798299779566153694e-03,-4.610812766634038717e-01,-8.722982275397459340e-07,-1.118512045746824501e+00,-3.805042338815482483e-01,4.212366320469997973e-08,3.841866298810415418e-04,-1.929417147498611960e-03,-1.759927095991781780e-06,2.316235878169557293e-03,4.324812060773890588e-06,-2.446799286526742443e-07,-2.182051887073043015e-03,1.095630248375618031e-02,1.022273283093890834e-05,-1.315364322188134101e-02,-2.512115326175076585e-05
5.423274903137402347e+00,3.805063980868605422e-01,-8.797204034532535993e-03,-4.610867795950887582e-01,-8.773167858109392401e-07,-1.118505439564481785e+00,-3.805042215490365698e-01,4.142198283968957476e-08,3.779340828113637407e-04,-1.898022814452630849e-03,-1.730610874955696532e-06,2.278545153482756762e-03,4.252770925211627427e-06,-2.433430795344900247e-07,-2.166713175705301236e-03,1.087905637134897741e-02,1.016687915238081562e-05,-1.306097486481254573e-02,-2.498389947148236078e-05
5.426150446564304453e+00,3.805063982049670668e-01,-8.796126205463543346e-03,-4.610921925707824331e-01,-8.822512784193896026e-07,-1.118498941379821421e+00,-3.805042094231064209e-01,4.072423327060763694e-08,3.717257368175335233e-04,-1.866851036632937236e-03,-1.701458882925297373e-06,2.241121430714677031e-03,4.181133362951658647e-06,-2.419464973271761284e-07,-2.151309157505150102e-03,1.080151061500420930e-02,1.010852982550085223e-05,-1.296793782454724528e-02,-2.484051292148935569e-05
5.429025989991206558e+00,3.805063983210730805e-01,-8.795066164987229429e-03,-4.610975162316923726e-01,-8.871021877535655498e-07,-1.118492550423542564e+00,-3.805041975025721390e-01,4.003058183986359259e-08,3.655617794034348909e-04,-1.835902676539290885e-03,-1.672478111465855185e-06,2.203965770325363831e-03,4.109916554936314394e-06,-2.404932402814874766e-07,-2.135840031753166897e-03,1.072366461759200786e-02,1.004781262414511264e-05,-1.287453189433137787e-02,-2.469130760084426555e-05
5.431901533418108663e+00,3.805063984351904627e-01,-8.794023785193413531e-03,-4.611027512215080115e-01,-8.918700157837151762e-07,-1.118486265923294365e+00,-3.805041857862004329e-01,3.934118724837027453e-08,3.594423975130491889e-04,-1.805178598375474334e-03,-1.643675191100546554e-06,2.167079233379019809e-03,4.039136794889805848e-06,-2.389862608469344633e-07,-2.120305988619363303e-03,1.064551779100609587e-02,9.984850901777809587e-06,-1.278075686071291316e-02,-2.453658663605541042e-05
5.434777076845010768e+00,3.805063985473318700e-01,-8.792998937635162007e-03,-4.611078981864059623e-01,-8.965552830423045488e-07,-1.118480087103675524e+00,-3.805041742727119369e-01,3.865619985669559414e-08,3.533677775564807296e-04,-1.774679668024082592e-03,-1.615056403892593724e-06,2.130462881563633358e-03,3.968809520237320666e-06,-2.374284078206541386e-07,-2.104707209347756076e-03,1.056706955597971724e-02,9.919763681261294577e-06,-1.268661250367659685e-02,-2.437664251169057521e-05
5.437652620271912873e+00,3.805063986575100698e-01,-8.791991493330215957e-03,-4.611129577750552877e-01,-9.011585276400548956e-07,-1.118474013186229188e+00,-3.805041629607843756e-01,3.797576198002644590e-08,3.473381054351738708e-04,-1.744406753020430944e-03,-1.586627695768864687e-06,2.094117777208537486e-03,3.898949342388835244e-06,-2.358224284812161162e-07,-2.089043866439460172e-03,1.048831934190186388e-02,9.852665744006529732e-06,-1.259209859677662240e-02,-2.421175728945385843e-05
5.440528163698814978e+00,3.805063987657382740e-01,-8.791001322762326958e-03,-4.611179306386227195e-01,-9.056803043172604108e-07,-1.118468043389443389e+00,-3.805041518490546726e-01,3.730000817705798271e-08,3.413535665669776013e-04,-1.714360722528861670e-03,-1.558394688589690553e-06,2.058044983303831781e-03,3.829570076399243068e-06,-2.341709707071659271e-07,-2.073316123834737564e-03,1.040926658663624688e-02,9.783667718485997885e-06,-1.249721490727002948e-02,-2.404220282569555079e-05
5.443403707125717084e+00,3.805063988720301937e-01,-8.790028295882872100e-03,-4.611228174307759331e-01,-9.101211835277107934e-07,-1.118462176928748386e+00,-3.805041409361207827e-01,3.662906553277603519e-08,3.354143459102707750e-04,-1.684542447317468250e-03,-1.530362691963525674e-06,2.022245563516899148e-03,3.760684770001480052e-06,-2.324765850797816639e-07,-2.057524137093478308e-03,1.032991073634052272e-02,9.712876168086984090e-06,-1.240196119624777625e-02,-2.386824098730115510e-05
5.446279250552619189e+00,3.805063989763999288e-01,-8.789072282111939916e-03,-4.611276188076889881e-01,-9.144817505584699605e-07,-1.118456413016514661e+00,-3.805041302205445786e-01,3.596305393526936481e-08,3.295206279881578160e-04,-1.654952799736289027e-03,-1.502536714812182622e-06,1.986720582212095788e-03,3.692305732026727949e-06,-2.307417269701330142e-07,-2.041668053574514571e-03,1.025025124528780238e-02,9.640393678309019850e-06,-1.230633721876601624e-02,-2.369012386596882109e-05
5.449154793979521294e+00,3.805063990788617456e-01,-8.788133150339633159e-03,-4.611323354280468800e-01,-9.187626046811222472e-07,-1.118450750862051368e+00,-3.805041197008534604e-01,3.530208634648963503e-08,3.236725969114086481e-04,-1.625592653692285554e-03,-1.474921476683193517e-06,1.951471104465585466e-03,3.624444560203192027e-06,-2.289687586097611642e-07,-2.025748012613342620e-03,1.017028757568867910e-02,9.566318943276997560e-06,-1.221034272397519653e-02,-2.350809399080503015e-05
5.452030337406423399e+00,3.805063991794302436e-01,-8.787210768927260565e-03,-4.611369679530490928e-01,-9.229643583355008370e-07,-1.118445189671604334e+00,-3.805041093755421877e-01,3.464626906715008643e-08,3.178704364015393535e-04,-1.596462884628093533e-03,-1.447521418817296469e-06,1.916498196083722813e-03,3.557112168353141472e-06,-2.271599511449074434e-07,-2.009764145698453124e-03,1.009001919751473242e-02,9.490746851566995648e-06,-1.211397745524826590e-02,-2.332238453923139121e-05
5.454905880833325504e+00,3.805063992781204663e-01,-8.786305005708311758e-03,-4.611415170464152058e-01,-9.270876363454924832e-07,-1.118439728648352949e+00,-3.805040992430756552e-01,3.399570199569748931e-08,3.121143298130161451e-04,-1.567564369499409825e-03,-1.420340714968296375e-06,1.881802923618829549e-03,3.490318812981429879e-06,-2.253174866739789227e-07,-1.993716576646392940e-03,1.000944558832438276e-02,9.413768571331683702e-06,-1.201724115030890737e-02,-2.313321954617020474e-05
5.457781424260227610e+00,3.805063993749475681e-01,-8.785415727989413087e-03,-4.611459833743891679e-01,-9.311330751655058816e-07,-1.118434366992407947e+00,-3.805040893018897252e-01,3.335047888146523132e-08,3.064044601550972697e-04,-1.538897986753586401e-03,-1.393383281979812870e-06,1.847386354385443206e-03,3.424074119266601285e-06,-2.234434602678915326e-07,-1.977605421775116903e-03,9.928566233089032231e-03,9.335471634710382856e-06,-1.192013354135725706e-02,-2.294081411147220632e-05
5.460656967687129715e+00,3.805063994699270924e-01,-8.784542802551649487e-03,-4.611503676057419621e-01,-9.351013221548724373e-07,-1.118429103900811405e+00,-3.805040795503934481e-01,3.271068757204073999e-08,3.007410101130558863e-04,-1.510464616308088972e-03,-1.366652790120308147e-06,1.813249556475462565e-03,3.358387106457996143e-06,-2.215398819729690935e-07,-1.961430790076026422e-03,9.847380624021628837e-03,9.255940021510310233e-06,-1.182265435519568725e-02,-2.274537460555328621e-05
5.463532511114032708e+00,3.805063995630749152e-01,-8.783686095651015505e-03,-4.611546704117778228e-01,-9.389930348855798951e-07,-1.118423938567531195e+00,-3.805040699869710608e-01,3.207641025491281896e-08,2.951241620692496921e-04,-1.482265139531169576e-03,-1.340152673179120629e-06,1.779393598774980977e-03,3.293266212685555564e-06,-2.196086787963866119e-07,-1.945192783384374399e-03,9.765888260406065113e-03,9.175254242158492447e-06,-1.172480331335263096e-02,-2.254709887323898200e-05
5.466408054540933925e+00,3.805063996544067462e-01,-8.782845473019643481e-03,-4.611588924663365674e-01,-9.428088804746371588e-07,-1.118418870183462754e+00,-3.805040606099832634e-01,3.144772369339692590e-08,2.895540981231303616e-04,-1.454300439220137424e-03,-1.313886138323443277e-06,1.745819550977316306e-03,3.228719319182176445e-06,-2.176516966734884213e-07,-1.928891496548125169e-03,9.684088648428219523e-03,9.093491419896472302e-06,-1.162658013220544719e-02,-2.234617643574821956e-05
5.469283597967836918e+00,3.805063997439388501e-01,-8.782020799866313565e-03,-4.611630344457993136e-01,-9.465495349475876886e-07,-1.118413897936421986e+00,-3.805040514177686073e-01,3.082469945697808644e-08,2.840310001113889983e-04,-1.426571399583234949e-03,-1.287856175722056559e-06,1.712528483599419244e-03,3.164753773932892959e-06,-2.156707024170991439e-07,-1.912527017595360302e-03,9.601981301009017075e-03,9.010725372222602906e-06,-1.152798452310265821e-02,-2.214278869082808254e-05
5.472159141394738135e+00,3.805063998316877139e-01,-8.781211940877296784e-03,-4.611670970290914218e-01,-9.502156826275358482e-07,-1.118409021011146587e+00,-3.805040424086456041e-01,3.020740414602363300e-08,2.785550496270498030e-04,-1.399078906219107998e-03,-1.262065567933842268e-06,1.679521467994483236e-03,3.101376414746038096e-06,-2.136673856482678224e-07,-1.896099427899939705e-03,9.519565737638348638e-03,8.927026691558652725e-06,-1.142901619248421104e-02,-2.193710911098245976e-05
5.475034684821641129e+00,3.805063999176698797e-01,-8.780418760216977814e-03,-4.611710808976871578e-01,-9.538080155516501535e-07,-1.118404238589291610e+00,-3.805040335809136143e-01,2.959589961102806147e-08,2.731264280386621864e-04,-1.371823846099630342e-03,-1.236516899067843883e-06,1.646799576367656949e-03,3.038593591763004900e-06,-2.116433607083913557e-07,-1.879608802345761505e-03,9.436841484211583655e-03,8.842462825138451533e-06,-1.132967484200169371e-02,-2.172930343978888152e-05
5.477910228248542346e+00,3.805064000019019455e-01,-8.779641121528512435e-03,-4.611749867356130239e-01,-9.573272329131678252e-07,-1.118399549849428132e+00,-3.805040249328544566e-01,2.899024316632943941e-08,2.677453165084658720e-04,-1.344807107550396270e-03,-1.211212563712352046e-06,1.614363881788058756e-03,2.976411189400411354e-06,-2.096001685523032256e-07,-1.863055209489093570e-03,9.353808072866275428e-03,8.757098154101236801e-06,-1.122996016863568591e-02,-2.151952988626103751e-05
5.480785771675445339e+00,3.805064000844008976e-01,-8.778878887934413872e-03,-4.611788152294519771e-01,-9.607740405289577130e-07,-1.118394953967040140e+00,-3.805040164627335741e-01,2.839048779845877203e-08,2.624118960105556735e-04,-1.318029580234015424e-03,-1.186154775639749507e-06,1.582215458203251697e-03,2.914834647741232210e-06,-2.075392786222191723e-07,-1.846438711719510526e-03,9.270465041821775512e-03,8.670994071785209555e-06,-1.112987186481338188e-02,-2.130793931724596138e-05
5.483661315102346556e+00,3.805064001651838335e-01,-8.778131922037158211e-03,-4.611825670683465384e-01,-9.641491503313836425e-07,-1.118390450114522539e+00,-3.805040081688016440e-01,2.779668236908782577e-08,2.571263473481842231e-04,-1.291492155131839003e-03,-1.161345576285684254e-06,1.550355380450958937e-03,2.853868983371352520e-06,-2.054620907021930655e-07,-1.829759365419026881e-03,9.186811935219862946e-03,8.584209061206822210e-06,-1.102940961852425655e-02,-2.109467544782011022e-05
5.486536858529249550e+00,3.805064002442677951e-01,-8.777400085919439404e-03,-4.611862429440036770e-01,-9.674532798856437601e-07,-1.118386037461178262e+00,-3.805040000492952990e-01,2.720887181271176869e-08,2.518888511710571645e-04,-1.265195724528404495e-03,-1.136786843008258876e-06,1.518784724273150588e-03,2.793518809675553626e-06,-2.033699367529348992e-07,-1.813017221119575008e-03,9.102848302967260843e-03,8.496798771719564229e-06,-1.092857311343468918e-02,-2.087987502966931244e-05
5.489412401956150767e+00,3.805064003216701574e-01,-8.776683241144616829e-03,-4.611898435506981420e-01,-9.706871519294341723e-07,-1.118381715173214719e+00,-3.805039921024383487e-01,2.662709732904637149e-08,2.466995879917603879e-04,-1.239141181994224839e-03,-1.112480297126398636e-06,1.487504566327285368e-03,2.733788356590844116e-06,-2.012640827266670255e-07,-1.796212323658819736e-03,9.018573700580134050e-03,8.408816094838793016e-06,-1.082736202900167616e-02,-2.066366803741922459e-05
5.492287945383053760e+00,3.805064003974083509e-01,-8.775981248757176723e-03,-4.611933695852762360e-01,-9.738514939351116861e-07,-1.118377482413742241e+00,-3.805039843264432231e-01,2.605139657024432830e-08,2.415587382018048398e-04,-1.213329422369338042e-03,-1.088427511741757535e-06,1.456515984197601478e-03,2.674681489827865936e-06,-1.991457303618121370e-07,-1.779344712333978023e-03,8.933987689028975374e-03,8.320311239223863599e-06,-1.072577604058369376e-02,-2.044617785289509077e-05
5.495163488809954977e+00,3.805064004714998616e-01,-8.775293969283136375e-03,-4.611968217471585363e-01,-9.769470376941479157e-07,-1.118373338342772083e+00,-3.805039767195116385e-01,2.548180382302941943e-08,2.364664820876946703e-04,-1.187761341749628231e-03,-1.064629919348291844e-06,1.425820056408887929e-03,2.616201729570527366e-06,-1.970160189573982776e-07,-1.762414421054361423e-03,8.849089834587649944e-03,8.231331804812896708e-06,-1.062381481955313768e-02,-2.022752144729911896e-05
5.498039032236857970e+00,3.805064005439622865e-01,-8.774621262730205457e-03,-4.612002007383442237e-01,-9.799745189240558078e-07,-1.118369282117211760e+00,-3.805039692798357076e-01,2.491835018568505814e-08,2.314229998459405057e-04,-1.162437837470473934e-03,-1.041088819226855187e-06,1.395417862436204408e-03,2.558352268647331381e-06,-1.948760271267866141e-07,-1.745421478491609221e-03,8.763879708681488953e-03,8.141922856093634234e-06,-1.052147803340426103e-02,-2.000780956126489468e-05
5.500914575663759187e+00,3.805064006148133893e-01,-8.773962988587942144e-03,-4.612035072634151911e-01,-9.829346768959797481e-07,-1.118365312890864161e+00,-3.805039620055986060e-01,2.436106374005179180e-08,2.264284715978284778e-04,-1.137359808091758335e-03,-1.017805384631259633e-06,1.365310482715408015e-03,2.501135990190274914e-06,-1.927267745306433542e-07,-1.728365908228471533e-03,8.678356887738882322e-03,8.052126994507100667e-06,-1.041876534586179924e-02,-1.978714688278078847e-05
5.503790119090662181e+00,3.805064006840708779e-01,-8.773319005828164249e-03,-4.612067420295382081e-01,-9.858282540815499498e-07,-1.118361429814423103e+00,-3.805039548949759598e-01,2.380996971861412281e-08,2.214830774040902651e-04,-1.112528153384938212e-03,-9.947806697691735294e-07,1.335498998655331891e-03,2.444555484789579282e-06,-1.905692235889346287e-07,-1.711247728905756441e-03,8.592520953044521098e-03,7.961984429974822600e-06,-1.031567641698817248e-02,-1.956563222295971767e-05
5.506665662517564286e+00,3.805064007517525715e-01,-8.772689172904924934e-03,-4.612099057464696950e-01,-9.886559958210162151e-07,-1.118357632035472227e+00,-3.805039479461361229e-01,2.326509066664312885e-08,2.165869972787651330e-04,-1.087943774318590653e-03,-9.720156165764487720e-07,1.305984492647327931e-03,2.388613067140791230e-06,-1.884042811716768340e-07,-1.694066954367288470e-03,8.506371490593633844e-03,7.871533051538535581e-06,-1.021221090328829420e-02,-1.934335868962767653e-05
5.509541205944466391e+00,3.805064008178764001e-01,-8.772073347754656691e-03,-4.612129991265582762e-01,-9.914186500098717913e-07,-1.118353918698479887e+00,-3.805039411572411767e-01,2.272644659953097328e-08,2.117404112028185696e-04,-1.063607573045229591e-03,-9.495110612905637149e-07,1.276768048075529408e-03,2.333310792198242914e-06,-1.862328002683282453e-07,-1.676823593803233826e-03,8.419908090949093996e-03,7.780808497107416394e-06,-1.010836845781433110e-02,-1.912041385871943337e-05
5.512416749371368496e+00,3.805064008824602939e-01,-8.771471387796353492e-03,-4.612160228847485555e-01,-9.941169668035903906e-07,-1.118350288944799820e+00,-3.805039345264478179e-01,2.219405515535265625e-08,2.069434991372895384e-04,-1.039520452888219489e-03,-9.272677408246627792e-07,1.247850749326448331e-03,2.278650470838495699e-06,-1.840555816355836187e-07,-1.659517651891342449e-03,8.333130349099266213e-03,7.689844222303062623e-06,-1.000414873026775169e-02,-1.889687994345682780e-05
5.515292292798270601e+00,3.805064009455223495e-01,-8.770883149931511802e-03,-4.612189777385841127e-01,-9.967516983414108639e-07,-1.118346741912663811e+00,-3.805039280519075806e-01,2.166793174271906008e-08,2.021964410360808386e-04,-1.015683318329328256e-03,-9.052862989448629165e-07,1.219233681798555236e-03,2.224633685040339900e-06,-1.818733754234138376e-07,-1.642149128936420434e-03,8.246037864318180727e-03,7.598671568395515230e-06,-9.899551367100582061e-03,-1.867283396129351303e-05
5.518167836225172707e+00,3.805064010070804970e-01,-8.770308490544208649e-03,-4.612218644082109464e-01,-9.993235984868063054e-07,-1.118343276737183478e+00,-3.805039217317680578e-01,2.114808968399261484e-08,1.974994168583657657e-04,-9.920970749967587474e-04,-8.835672922538126157e-07,1.190917931911665995e-03,2.171261802588681546e-06,-1.796868827792012336e-07,-1.624718021008066636e-03,8.158630240028420799e-03,7.507319829324124710e-06,-9.794576011616254116e-03,-1.844834789861079540e-05
5.521043379652073924e+00,3.805064010671528885e-01,-8.769747265500843145e-03,-4.612246836163818031e-01,-1.001833422586175377e-06,-1.118339892550342274e+00,-3.805039155641731230e-01,2.063454035390360167e-08,1.928526065805093756e-04,-9.687626296531041438e-04,-8.621111959820871913e-07,1.162904587115481210e-03,2.118535991306206572e-06,-1.774967574297160234e-07,-1.607224320076222016e-03,8.070907083664416101e-03,7.415816317792631418e-06,-9.689222304067303393e-03,-1.822348887313841775e-05
5.523918923078976917e+00,3.805064011257575651e-01,-8.769199330150426186e-03,-4.612274360884573432e-01,-1.004281927241428788e-06,-1.118336588480996818e+00,-3.805039095472633193e-01,2.012729331367884560e-08,1.882561902077268016e-04,-9.456808901843153248e-04,-8.409184095920938586e-07,1.135194735898592674e-03,2.066457232824317119e-06,-1.753036072409042929e-07,-1.589668014144955850e-03,7.982868006538417979e-03,7.324186430437194588e-06,-9.583489881752603815e-03,-1.799831929409731902e-05
5.526794466505878134e+00,3.805064011829126791e-01,-8.768664539324367083e-03,-4.612301225524105264e-01,-1.006669870100413856e-06,-1.118333363654873125e+00,-3.805039036791770801e-01,1.962635644069928557e-08,1.837103477853126079e-04,-9.228527655888193841e-04,-8.199892621951697274e-07,1.107789467796932133e-03,2.015026335895004769e-06,-1.731079957552299273e-07,-1.572049087384346346e-03,7.894512623708530366e-03,7.232453712056622895e-06,-9.477378379113322177e-03,-1.777289702003773903e-05
5.529670009932781127e+00,3.805064012386364936e-01,-8.768142747335909773e-03,-4.612327437388312745e-01,-1.008998009664137649e-06,-1.118330217194559273e+00,-3.805038979580502856e-01,1.913173605374015497e-08,1.792152594093070889e-04,-9.002791659660801032e-04,-7.993240177841252927e-07,1.080689873400824015e-03,1.964243949249205401e-06,-1.709104437063972401e-07,-1.554367520260370667e-03,7.805840553848441589e-03,7.140639918897592386e-06,-9.370887427827195165e-03,-1.754727551435520964e-05
5.532545553359682344e+00,3.805064012929471051e-01,-8.767633807980778141e-03,-4.612353003809260832e-01,-1.011267105103216850e-06,-1.118327148219509848e+00,-3.805038923820174279e-01,1.864343703397304288e-08,1.747711052372591986e-04,-8.779610025078637275e-04,-7.789228802887142052e-07,1.053897044364575418e-03,1.914110574020017132e-06,-1.687114305115287084e-07,-1.536623289662781156e-03,7.716851419118722633e-03,7.048765080997901083e-06,-9.264016656900955424e-03,-1.732150399849164882e-05
5.535421096786585338e+00,3.805064013458626104e-01,-8.767137574536258346e-03,-4.612377932145244608e-01,-1.013477916095457494e-06,-1.118324155846035950e+00,-3.805038869492116671e-01,1.816146294161190962e-08,1.703780654981099205e-04,-8.558991874873052210e-04,-7.587859984491114487e-07,1.027412073412714609e-03,1.864626575718698196e-06,-1.665113957403335351e-07,-1.518816369031175716e-03,7.627544845040992900e-03,6.956847563568435224e-06,-9.156765692762348224e-03,-1.709562760277431032e-05
5.538296640213486555e+00,3.805064013974012727e-01,-8.766653899761372298e-03,-4.612402229780804275e-01,-1.015631202672236014e-06,-1.118321239187306304e+00,-3.805038816577653860e-01,1.768581612841043759e-08,1.660363205018275726e-04,-8.340946342488803717e-04,-7.389134705160573425e-07,1.001236054346626124e-03,1.815792195784706149e-06,-1.643107405614175448e-07,-1.500946728478820850e-03,7.537920460372607261e-03,6.864904127420076200e-06,-9.049134159349027373e-03,-1.686968751490768289e-05
5.541172183640389548e+00,3.805064014475813550e-01,-8.766182635896480405e-03,-4.612425904126760123e-01,-1.017727725080426732e-06,-1.118318397353341931e+00,-3.805038765058102457e-01,1.721649784607524057e-08,1.617460506492140906e-04,-8.125482572013754999e-04,-7.193053487803671791e-07,9.753700820541033470e-04,1.767607562716437759e-06,-1.621098291655300394e-07,-1.483014334914879630e-03,7.447977896985297393e-03,6.772949988427038912e-06,-8.941121678198353170e-03,-1.664372112609766477e-05
5.544047727067290765e+00,3.805064014964208985e-01,-8.765723634663141056e-03,-4.612448962620235848e-01,-1.019768243656118985e-06,-1.118315629451015036e+00,-3.805038714914779630e-01,1.675350835054019554e-08,1.575074364405590485e-04,-7.912609718071617710e-04,-6.999616439295178164e-07,9.498152525137903805e-04,1.720072702777018399e-06,-1.599089901655639148e-07,-1.465019152164220590e-03,7.357716789743702981e-03,6.680998876018961483e-06,-8.832727868533205712e-03,-1.641776217478887732e-05
5.546923270494193758e+00,3.805064015439382774e-01,-8.765276747263583274e-03,-4.612471412724704622e-01,-1.021753518711909226e-06,-1.118312934584043461e+00,-3.805038666128999769e-01,1.629684700229188701e-08,1.533206584844310199e-04,-7.702336945742279360e-04,-6.808823292392495092e-07,9.245726628022763035e-04,1.673187550294671826e-06,-1.577085179732839172e-07,-1.446961141085524203e-03,7.267136776387390570e-03,6.589063090700696876e-06,-8.723952347348150338e-03,-1.619184088801275950e-05
5.549798813921094975e+00,3.805064015901515884e-01,-8.764841824380689358e-03,-4.612493261929999089e-01,-1.023684310433931680e-06,-1.118310311852989569e+00,-3.805038618682083928e-01,1.584651236278367150e-08,1.491858975061485044e-04,-7.494673430486234423e-04,-6.620673446017504159e-07,8.996434111010338493e-04,1.626951957561500416e-06,-1.555086741527216567e-07,-1.428840259687223129e-03,7.176237497414103203e-03,6.497153560597234796e-06,-8.614794729493184880e-03,-1.596598412033999913e-05
5.552674357347997969e+00,3.805064016350790390e-01,-8.764418716177354782e-03,-4.612514517752356880e-01,-1.025561378792612618e-06,-1.118307760355256253e+00,-3.805038572555355936e-01,1.540250228694991974e-08,1.451033343556564935e-04,-7.289628358059173059e-04,-6.435166003909053174e-07,8.750285967015339122e-04,1.581365704331879909e-06,-1.533096887500087319e-07,-1.410656463241429523e-03,7.085018595965075251e-03,6.405279897014207843e-06,-8.505254627756071370e-03,-1.574021549041390239e-05
5.555549900774900074e+00,3.805064016787387815e-01,-8.764007272296222770e-03,-4.612535187734446152e-01,-1.027385483462829248e-06,-1.118305279185083156e+00,-3.805038527730147391e-01,1.496481401197821610e-08,1.410731500154500636e-04,-7.087210924448452288e-04,-6.252299811712034423e-07,8.507293200123645276e-04,1.536428506936656744e-06,-1.511117615997459565e-07,-1.392409704396028319e-03,6.993479717713319693e-03,6.313450449018082378e-06,-8.395331652944352033e-03,-1.551455551507470001e-05
5.558425444201802179e+00,3.805064017211490235e-01,-8.763607341859417157e-03,-4.612555279445388901e-01,-1.029157383754211181e-06,-1.118302867433544456e+00,-3.805038484187799885e-01,1.453344424230794194e-08,1.370955256076839240e-04,-6.887430335787905885e-04,-6.072073492489825433e-07,8.267466825631329154e-04,1.492140027009912944e-06,-1.489150636076948120e-07,-1.374099933284325410e-03,6.901620510751858145e-03,6.221672357027079292e-06,-8.285025413963377147e-03,-1.528902174105294343e-05
5.561300987628704284e+00,3.805064017623279171e-01,-8.763218773467961256e-03,-4.612574800480795378e-01,-1.030877838552817346e-06,-1.118300524188545308e+00,-3.805038441909664448e-01,1.410838923102420097e-08,1.331706424015101072e-04,-6.690295808303030377e-04,-5.894485480730705160e-07,8.030817870114069761e-04,1.448499879845635837e-06,-1.467197380098081208e-07,-1.355727097633096200e-03,6.809440625486218313e-03,6.129951605413557339e-06,-8.174335517895526398e-03,-1.506362887423354265e-05
5.564176531055606389e+00,3.805064018022936145e-01,-8.762841415201470807e-03,-4.612593758462791294e-01,-1.032547606271094552e-06,-1.118298248534818295e+00,-3.805038400877103211e-01,1.368964485762333353e-08,1.292986818196447643e-04,-6.495816568235915963e-04,-5.719534054838328955e-07,7.797357371466340312e-04,1.405507642381870736e-06,-1.445259016075155265e-07,-1.337291142868320690e-03,6.716939714527569820e-03,6.038293074114307448e-06,-8.063261570076253951e-03,-1.483838890648202981e-05
5.567052074482508495e+00,3.805064018410642679e-01,-8.762475114617567645e-03,-4.612612161040051117e-01,-1.034167444808047033e-06,-1.118296039553920540e+00,-3.805038361071493291e-01,1.327720670229407964e-08,1.254798254450042961e-04,-6.304001851791897265e-04,-5.547217368166426006e-07,7.567096378960840941e-04,1.363162860827126492e-06,-1.423336459792148129e-07,-1.318792012218995184e-03,6.624117432588561873e-03,5.946700589246741205e-06,-7.951803174169441366e-03,-1.461331124002777128e-05
5.569927617909410600e+00,3.805064018786580293e-01,-8.762119718751537958e-03,-4.612630015887816404e-01,-1.035738111517040940e-06,-1.118293896324229930e+00,-3.805038322474221801e-01,1.287107011671235454e-08,1.217142550266444087e-04,-6.114860905068914302e-04,-5.377533478596891276e-07,7.340045953281486638e-04,1.321465057928841880e-06,-1.401430386679387280e-07,-1.300229646818669990e-03,6.530973436380021341e-03,5.855176972729680104e-06,-7.839959932239862206e-03,-1.438840280940120614e-05
5.572803161336312705e+00,3.805064019150929400e-01,-8.761775074115867382e-03,-4.612647330707931870e-01,-1.037260363182306165e-06,-1.118291817920943121e+00,-3.805038285066693060e-01,1.247123029151022708e-08,1.180021524859512335e-04,-5.928402984017067416e-04,-5.210480376728345303e-07,7.116217166587028228e-04,1.280413739900390755e-06,-1.379541243452301604e-07,-1.281603985805391394e-03,6.437507384512051838e-03,5.763724090910125372e-06,-7.727731444826919059e-03,-1.416366820092835348e-05
5.575678704763214810e+00,3.805064019503872075e-01,-8.761441026699462106e-03,-4.612664113228878149e-01,-1.038734956004717195e-06,-1.118289803416069761e+00,-3.805038248830323599e-01,1.207768232036366500e-08,1.143436999219598265e-04,-5.744637354371427088e-04,-5.046056012652031512e-07,6.895621102537097084e-04,1.240008403000941346e-06,-1.357669259510043820e-07,-1.262914966419025715e-03,6.343718937394309670e-03,5.672342902186785880e-06,-7.615117311013492978e-03,-1.393910976976000312e-05
5.578554248190116915e+00,3.805064019845587620e-01,-8.761117421967423366e-03,-4.612680371205792329e-01,-1.040162645592524247e-06,-1.118287851878431383e+00,-3.805038213746546050e-01,1.169042126089686569e-08,1.107390796168453411e-04,-5.563573291610226026e-04,-4.884258321397667444e-07,6.678268856343358862e-04,1.200248539788469471e-06,-1.335814458096961681e-07,-1.244162524096939938e-03,6.249607757140399761e-03,5.581033503642760466e-06,-7.502117128495753087e-03,-1.371472775446596282e-05
5.581429791617019021e+00,3.805064020176258111e-01,-8.760804104860544367e-03,-4.612696112420488492e-01,-1.041544186960389552e-06,-1.118285962373657849e+00,-3.805038179796805253e-01,1.130944219237587057e-08,1.071884740408627880e-04,-5.385220080901770116e-04,-4.725085247037852034e-07,6.464171534801881275e-04,1.161133645043134897e-06,-1.313976667224448323e-07,-1.225346592567427622e-03,6.155173507473314133e-03,5.489795176677099306e-06,-7.388730493650266101e-03,-1.349052038916925751e-05
5.584305335043921126e+00,3.805064020496063959e-01,-8.760500919794500171e-03,-4.612711344681503789e-01,-1.042880334536443991e-06,-1.118284133964182914e+00,-3.805038146962563816e-01,1.093474027032125253e-08,1.036920658573152026e-04,-5.209587017068841898e-04,-4.568534765505281915e-07,6.253340256341324713e-04,1.122663221374338753e-06,-1.292155530353839314e-07,-1.206467103941259592e-03,6.060415853633842852e-03,5.398626431638016688e-06,-7.274957001600699906e-03,-1.326648401322692127e-05
5.587180878470823231e+00,3.805064020805185021e-01,-8.760207710659500754e-03,-4.612726075824113980e-01,-1.044171842173657660e-06,-1.118282365709241999e+00,-3.805038115225296003e-01,1.056631077804047225e-08,1.002500379267666643e-04,-5.036683404530792243e-04,-4.414604906122972620e-07,6.045786151039393925e-04,1.084836784511520655e-06,-1.270350516840936913e-07,-1.187523988800760029e-03,5.965334462288879140e-03,5.307525051460175141e-06,-7.160796246280496519e-03,-1.304261317846345875e-05
5.590056421897725336e+00,3.805064021103801153e-01,-8.759924320819584970e-03,-4.612740313710363416e-01,-1.045419463168700969e-06,-1.118280656664867756e+00,-3.805038084566489953e-01,1.020414917524313559e-08,9.686257331155850067e-05,-4.866518557276245565e-04,-4.263293771915744970e-07,5.841520360671055741e-04,1.047653868295466152e-06,-1.248560932142518849e-07,-1.168517176287454462e-03,5.869929001444928671e-03,5.216488134307539341e-06,-7.046247820497771562e-03,-1.281890075396059960e-05
5.592931965324627441e+00,3.805064021392094986e-01,-8.759650593112060235e-03,-4.612754066229097782e-01,-1.046623950285776124e-06,-1.118279005883887622e+00,-3.805038054967648242e-01,9.848251143727757151e-09,9.352985527978334847e-05,-4.699101798823498793e-04,-4.114599558698158591e-07,5.640554038737237907e-04,1.011114029368940351e-06,-1.226785927784497866e-07,-1.149446594187117626e-03,5.774199140360846902e-03,5.125512135220414878e-06,-6.931311315995405953e-03,-1.259533802839996791e-05
5.595807508751529546e+00,3.805064021670243046e-01,-8.759386369847195486e-03,-4.612767341295972434e-01,-1.047786055784697328e-06,-1.118277412415920935e+00,-3.805038026410283991e-01,9.498612630243614276e-09,9.025206730904816244e-05,-4.534442462184932435e-04,-3.968520572982218320e-07,5.442898350493654766e-04,9.752168515772919491e-07,-1.205024511093375779e-07,-1.130312169013048635e-03,5.678144549463977342e-03,5.034592906773520161e-06,-6.815986323511262490e-03,-1.237191480997545660e-05
5.598683052178431652e+00,3.805064021938427410e-01,-8.759131492806937480e-03,-4.612780146853513452e-01,-1.048906531458060068e-06,-1.118275875307372713e+00,-3.805037998875923644e-01,9.155229886563889004e-09,8.702939308992228970e-05,-4.372549889829944960e-04,-3.825055248719938084e-07,5.248564472973254579e-04,9.399619500827433005e-07,-1.183275554689072616e-07,-1.111113826087302458e-03,5.581764900268361071e-03,4.943725738737085288e-06,-6.700272432836940940e-03,-1.214861952385567419e-05
5.601558595605333757e+00,3.805064022196828488e-01,-8.758885803245086005e-03,-4.612792490871108764e-01,-1.049986128666704481e-06,-1.118274393601433880e+00,-3.805037972346103081e-01,8.818099506922479565e-09,8.386201652948216032e-05,-4.213433433666517562e-04,-3.684202162944451718e-07,5.057563595026629910e-04,9.053489752080051709e-07,-1.161537805744136644e-07,-1.091851489619745808e-03,5.485059865294132815e-03,4.852905396761887751e-06,-6.584169232874082824e-03,-1.192543930724785175e-05
5.604434139032235862e+00,3.805064022445623917e-01,-8.758649141886051814e-03,-4.612804381345063653e-01,-1.051025598385678322e-06,-1.118272966338075713e+00,-3.805037946802368176e-01,8.487218462734559167e-09,8.075012175402546555e-05,-4.057102454994748514e-04,-3.545960050276275405e-07,4.869906917324384439e-04,8.713776160010198732e-07,-1.139809895004875419e-07,-1.072525082785201391e-03,5.388029117989633597e-03,4.762126160069600413e-06,-6.467676311690008333e-03,-1.170236010201738734e-05
5.607309682459137967e+00,3.805064022684995217e-01,-8.758421348924653668e-03,-4.612815826298604094e-01,-1.052025691249622691e-06,-1.118271592554047622e+00,-3.805037922226272018e-01,8.162584134858970739e-09,7.769389311237314972e-05,-3.903566324503032433e-04,-3.410327816402538946e-07,4.685605652406498313e-04,8.380476035473213010e-07,-1.118090345580076865e-07,-1.053134527798557521e-03,5.290672332655358724e-03,4.671381858172117004e-06,-6.350793256571681845e-03,-1.147936674492122394e-05
5.610185225886040072e+00,3.805064022915121691e-01,-8.758202264025075762e-03,-4.612826833781926705e-01,-1.052987157605499826e-06,-1.118270271282871819e+00,-3.805037898599377688e-01,7.844194343275687211e-09,7.469351517821409229e-05,-3.752834422229083216e-04,-3.277304550476235737e-07,4.504671024685329215e-04,8.053587140170058807e-07,-1.096377581494397078e-07,-1.033679745987850724e-03,5.192989184369905045e-03,4.580665906607665487e-06,-6.233519654078180372e-03,-1.125644305542513720e-05
5.613060769312942178e+00,3.805064023136181528e-01,-8.757991726320630069e-03,-4.612837411872205418e-01,-1.053910747565220535e-06,-1.118269001554842657e+00,-3.805037875903249378e-01,7.532047374396684912e-09,7.174917275269250213e-05,-3.604916137545590587e-04,-3.146889536526712133e-07,4.327114270474223382e-04,7.733107714687222763e-07,-1.074669936010788983e-07,-1.014160657865280975e-03,5.094979348917488132e-03,4.489971341711965402e-06,-6.115855090091251202e-03,-1.103357192114970186e-05
5.615936312739844283e+00,3.805064023348355695e-01,-8.757789574412659997e-03,-4.612847568673637544e-01,-1.054797211065123694e-06,-1.118267782397019738e+00,-3.805037854119460161e-01,7.226142005981614578e-09,6.886105086657603731e-05,-3.459820869137058825e-04,-3.019082263869430784e-07,4.152946638001593963e-04,7.419036504077492183e-07,-1.052965659720216353e-07,-9.945771831963842388e-04,4.996642502718283592e-03,4.399290854417102346e-06,-5.997799149865353473e-03,-1.081073538092704930e-05
5.618811856166746388e+00,3.805064023551823493e-01,-8.757595646370443243e-03,-4.612857312317443781e-01,-1.055647297923916482e-06,-1.118266612833229479e+00,-3.805037833229584221e-01,6.926477529781083973e-09,6.602933478229120487e-05,-3.317558024981726071e-04,-2.893882436566342923e-07,3.982179387427345601e-04,7.111372781107686953e-07,-1.031262928402969775e-07,-9.749292410670007012e-04,4.897978322759498696e-03,4.308616823096161388e-06,-5.879351418074827904e-03,-1.058791470551262282e-05
5.621687399593648493e+00,3.805064023746763668e-01,-8.757409779729901159e-03,-4.612866650961925941e-01,-1.056461757908375754e-06,-1.118265491884055773e+00,-3.805037813215196851e-01,6.633053771958728126e-09,6.325420999598418525e-05,-3.178137022346328171e-04,-2.771289981958223299e-07,3.814823790871003516e-04,6.810116367225866418e-07,-1.009559850659733906e-07,-9.552167499485891746e-04,4.798986486530094735e-03,4.217941345445869929e-06,-5.760511478861611231e-03,-1.036509047593302156e-05
5.624562943020550598e+00,3.805064023933356077e-01,-8.757231811493319459e-03,-4.612875592792472501e-01,-1.057241340796975259e-06,-1.118264418566840668e+00,-3.805037794057871681e-01,6.345871111319818273e-09,6.053586223896456945e-05,-3.041567287760934342e-04,-2.651305058280584278e-07,3.650891132412388421e-04,6.515267651276531882e-07,-9.878544753169376550e-08,-9.354396277612360465e-04,4.699666671955583970e-03,4.127256269426204889e-06,-5.641278915879329413e-03,-1.014224265951639778e-05
5.627438486447452703e+00,3.805064024111779464e-01,-8.757061578128532905e-03,-4.612884146021595799e-01,-1.057986796447826780e-06,-1.118263391895679693e+00,-3.805037775739183448e-01,6.064930495457061435e-09,5.787447747917120035e-05,-2.907858257005738341e-04,-2.533928061409384827e-07,3.490392708103141049e-04,6.226827606077406547e-07,-9.661447986061048629e-08,-9.155977919349048968e-04,4.600018557335730507e-03,4.036553223255757220e-06,-5.521653312337089850e-03,-9.919350683602514218e-06
5.630314029874354809e+00,3.805064024282214796e-01,-8.756898915568323352e-03,-4.612892318888949794e-01,-1.058698874867558530e-06,-1.118262410881418312e+00,-3.805037758240700785e-01,5.790233454908847960e-09,5.527024192286726862e-05,-2.777019375119833995e-04,-2.419159630776345982e-07,3.333339826001302780e-04,5.944797802955625214e-07,-9.444287711202161394e-08,-8.956911594689074803e-04,4.500041821284857593e-03,3.945823644475464358e-06,-5.401634251042736722e-03,-9.696393506963423725e-06
5.633189573301256914e+00,3.805064024444841375e-01,-8.756743659209784841e-03,-4.612900119661356713e-01,-1.059378326281869817e-06,-1.118261474531649480e+00,-3.805037741543988994e-01,5.521782115261118115e-09,5.272334201533155934e-05,-2.649060096369692564e-04,-2.307000654425100678e-07,3.179743806154267105e-04,5.669180424172616000e-07,-9.227043045477620119e-08,-8.757196469891015715e-04,4.399736142672245991e-03,3.855058808083527847e-06,-5.281221314442523240e-03,-9.473349688941688280e-06
5.636065116728159019e+00,3.805064024599836836e-01,-8.756595643913239399e-03,-4.612907556632854233e-01,-1.060025901209377707e-06,-1.118260581850707203e+00,-3.805037725630602830e-01,5.259579207412757037e-09,5.023396444208389866e-05,-2.523989884254315957e-04,-2.197452273300072552e-07,3.029615980622599007e-04,5.399978273463515308e-07,-9.009692781868273062e-08,-8.556831708034558920e-04,4.299101200565723369e-03,3.764249853751295140e-06,-5.160414084660969528e-03,-9.250197456330167570e-06
5.638940660155062012e+00,3.805064024747383811e-01,-8.756454704002091319e-03,-4.612914638124691602e-01,-1.060642350532493564e-06,-1.118259731839666538e+00,-3.805037710482092606e-01,5.003628075994555465e-09,4.780229612981491807e-05,-2.401818211504985463e-04,-2.090515884763905458e-07,2.882967693494343717e-04,5.137194784680834126e-07,-8.792215452431199232e-08,-8.355816469557245151e-04,4.198136674176974545e-03,3.673387812136471934e-06,-5.039212143539200002e-03,-9.026914768033648511e-06
5.641816203581963229e+00,3.805064024887659935e-01,-8.756320673261817553e-03,-4.612921372485376259e-01,-1.061228425572901307e-06,-1.118258923496339818e+00,-3.805037696079993648e-01,4.753932685963436501e-09,4.542852424682310316e-05,-2.282554560069443520e-04,-1.986193145352526536e-07,2.739810300877698591e-04,4.880834028564702372e-07,-8.574589389111721503e-08,-8.154149912772045089e-04,4.096842242808419049e-03,3.582463630290420067e-06,-4.917615072671578137e-03,-8.803479377504243495e-06
5.644691747008866223e+00,3.805064025020846175e-01,-8.756193384939291169e-03,-4.612927768090694380e-01,-1.061784878166363553e-06,-1.118258155815269328e+00,-3.805037682405830735e-01,4.510497627525893353e-09,4.311283620372385498e-05,-2.166208421118596245e-04,-1.884485972832143228e-07,2.600155170917883298e-04,4.630900717797680416e-07,-8.356792782431247710e-08,-7.951831194365428833e-04,3.995217585801329012e-03,3.491468196177971558e-06,-4.795622453440299450e-03,-8.579868892995926122e-06
5.647567290435767440e+00,3.805064025147122941e-01,-8.756072671742243588e-03,-4.612933833343733081e-01,-1.062312460737338863e-06,-1.118257427787729741e+00,-3.805037669441115322e-01,4.273328119384288594e-09,4.085541965381640447e-05,-2.052789295044531517e-04,-1.785396547555540224e-07,2.464013683800857007e-04,4.387400210337714087e-07,-8.138803738076668355e-08,-7.748859469880873445e-04,3.893262382487487194e-03,3.400392362320527130e-06,-4.673233867050764247e-03,-8.356060835664648801e-06
5.650442833862670433e+00,3.805064025266669536e-01,-8.755958365838254973e-03,-4.612939576674920938e-01,-1.062811926375932781e-06,-1.118256738401719241e+00,-3.805037657167339993e-01,4.042430010388355002e-09,3.865646249337659440e-05,-1.942306691463061973e-04,-1.688927313152060325e-07,2.331397231759816009e-04,4.150338511113672282e-07,-7.920600331401051792e-08,-7.545233894180652847e-04,3.790976312140750468e-03,3.309226968566474466e-06,-4.550448894563372502e-03,-8.132032695523947412e-06
5.653318377289571650e+00,3.805064025379666925e-01,-8.755850298854455857e-03,-4.612945006542036319e-01,-1.063284028911939735e-06,-1.118256086641959968e+00,-3.805037645565980120e-01,3.817809779638618774e-09,3.651615286166450273e-05,-1.834770129209821877e-04,-1.595080976570802593e-07,2.202317219071435873e-04,3.919722272131504551e-07,-7.702160659886604465e-08,-7.340953621891950151e-04,3.688359053931315138e-03,3.217962864010255356e-06,-4.427267116925184300e-03,-7.907761985308438973e-06
5.656193920716474643e+00,3.805064025486295520e-01,-8.755748301876534884e-03,-4.612950131430246237e-01,-1.063729522991727797e-06,-1.118255471489891795e+00,-3.805037634618491649e-01,3.599474535132361531e-09,3.443467914106929876e-05,-1.730189136350892578e-04,-1.503860507514888784e-07,2.076785062067100529e-04,3.695558791084013328e-07,-7.483462893575188816e-08,-7.136017807833986695e-04,3.585410286880952400e-03,3.126590928062264941e-06,-4.303688114999376299e-03,-7.683226292250612969e-06
5.659069464143375860e+00,3.805064025586736287e-01,-8.755652205448091752e-03,-4.612954959852129666e-01,-1.064149164153412432e-06,-1.118254891923670780e+00,-3.805037624306307764e-01,3.387432010969860806e-09,3.241222995693231488e-05,-1.628573250184562975e-04,-1.415269137274216209e-07,1.954812189131141791e-04,3.477856008482490150e-07,-7.264485323516676900e-08,-6.930425607431679865e-04,3.482129689821776564e-03,3.035102090690612774e-06,-4.179711469595648841e-03,-7.458403327822548111e-06
5.661945007570278854e+00,3.805064025681169637e-01,-8.755561839569993635e-03,-4.612959500347705299e-01,-1.064543708901615412e-06,-1.118254346918164055e+00,-3.805037614610838892e-01,3.181690563202165058e-09,3.044899417731630807e-05,-1.529932017247391844e-04,-1.329310356990642411e-07,1.836410040702007320e-04,3.266622503393599890e-07,-7.045206408252382109e-08,-6.724176177106931662e-04,3.378516941353916069e-03,2.943487351841932778e-06,-4.055336761496080265e-03,-7.233270975460250719e-06
5.664820550997180071e+00,3.805064025769778757e-01,-8.755477033699847825e-03,-4.612963761484445979e-01,-1.064913914781158171e-06,-1.118253835444949607e+00,-3.805037605513468812e-01,2.982259164372082545e-09,2.854516091267926407e-05,-1.434274993322212763e-04,-1.245987915377189075e-07,1.721590069273584158e-04,3.061867487834610333e-07,-6.825604818378387652e-08,-6.517268674657820818e-04,3.274571719807107574e-03,2.851737800059969990e-06,-3.930563571482469619e-03,-7.007807336316632338e-06
5.667696094424083064e+00,3.805064025852742948e-01,-8.755397616750674669e-03,-4.612967751857339205e-01,-1.065260540453424358e-06,-1.118253356472306947e+00,-3.805037596995553550e-01,2.789147396780276009e-09,2.670091951528679708e-05,-1.341611743439451697e-04,-1.165305815904602504e-07,1.610363739386441631e-04,2.863600799859684793e-07,-6.605659479204535846e-08,-6.309702259619505513e-04,3.170293703202916279e-03,2.759844630308540786e-06,-3.805391480361317112e-03,-6.781990773059312550e-06
5.670571637850984281e+00,3.805064025930245397e-01,-8.755323417091188595e-03,-4.612971480088862153e-01,-1.065584345764944525e-06,-1.118252908965220449e+00,-3.805037589038421930e-01,2.602365444612500889e-09,2.491645957901920925e-05,-1.251951841904406875e-04,-1.087268313512089110e-07,1.502742527648253919e-04,2.671832895476914049e-07,-6.385349611579666525e-08,-6.101476093610006890e-04,3.065682569218913453e-03,2.667799161028344184e-06,-3.679820068988081620e-03,-6.555799951785710635e-06
5.673447181277887275e+00,3.805064026002468180e-01,-8.755254262544221247e-03,-4.612974954829056617e-01,-1.065886091823024307e-06,-1.118252491885370681e+00,-3.805037581623371135e-01,2.421924084840584250e-09,2.319197093843031844e-05,-1.165304872292863872e-04,-1.011879910805729235e-07,1.398737922714324809e-04,2.486574839306359788e-07,-6.164654770871831075e-08,-5.892589340659174424e-04,2.960737995153925588e-03,2.575592850422927003e-06,-3.553848918289686121e-03,-6.329213882043874256e-06
5.676322724704788492e+00,3.805064026069593375e-01,-8.755189980386476889e-03,-4.612978184755527900e-01,-1.066166541064389244e-06,-1.118252104191133078e+00,-3.805037574731663375e-01,2.247834677061600773e-09,2.152764366796208590e-05,-1.081680427460128096e-04,-9.391453538132595928e-08,1.298361425282412252e-04,2.307838294147946272e-07,-5.943554884186129345e-08,-5.683041167522430177e-04,2.855459657894787555e-03,2.483217312008319889e-06,-3.427477609285901634e-03,-6.102211955043873823e-06
5.679198268131691485e+00,3.805064026131803612e-01,-8.755130397347833313e-03,-4.612981178573477004e-01,-1.066426457324583674e-06,-1.118251744837575723e+00,-3.805037568344529775e-01,2.080109152313464014e-09,1.992366808130310404e-05,-1.001088109562654624e-04,-8.690696273112087552e-08,1.201624548100957998e-04,2.135635509498440077e-07,-5.722030285838164275e-08,-5.472830743981289044e-04,2.749847233885496182e-03,2.390664329433877302e-06,-3.300705723110715535e-03,-5.874773980078243941e-06
5.682073811558592702e+00,3.805064026189283188e-01,-8.755075339610327023e-03,-4.612983945015742271e-01,-1.066666605907326422e-06,-1.118251412776451792e+00,-3.805037562443163157e-01,1.918760000866390731e-09,1.838023473039984804e-05,-9.235375300673379138e-05,-8.016579497241462720e-08,1.108538815960859593e-04,1.969979309016965484e-07,-5.500061751122753368e-08,-5.261957243126844010e-04,2.643900399096627517e-03,2.297925870590869098e-06,-3.173532841031202756e-03,-5.646880219192184594e-06
5.684949354985495695e+00,3.805064026242214736e-01,-8.755024632807990176e-03,-4.612986492842798825e-01,-1.066887753648648350e-06,-1.118251106956201113e+00,-3.805037557008720261e-01,1.763800259082000095e-09,1.689753440449676732e-05,-8.490383097670894865e-05,-7.369157676343907334e-08,1.019115765693238133e-04,1.810883077033261202e-07,-5.277630528438580319e-08,-5.050419841630877406e-04,2.537618828997069073e-03,2.204994101034183444e-06,-3.045958544466436432e-03,-5.418511420165806072e-06
5.687824898412397800e+00,3.805064026290782553e-01,-8.754978102025771577e-03,-4.612988830842806309e-01,-1.067090668983383384e-06,-1.118250826321943059e+00,-3.805037552022316749e-01,1.615243495366601334e-09,1.547575812908491777e-05,-7.776000787964421719e-05,-6.748487499132707908e-08,9.333669461657513058e-05,1.658360744125949968e-07,-5.054718369790519148e-08,-4.838217720002236776e-04,2.431002198526758650e-03,2.111861396726225503e-06,-2.917982415004925344e-03,-5.189648847830735285e-06
5.690700441839299906e+00,3.805064026335170380e-01,-8.754935571798946881e-03,-4.612990967831631650e-01,-1.067276122007875421e-06,-1.118250569815475215e+00,-3.805037547465028314e-01,1.473103795247715013e-09,1.411509716454668359e-05,-7.092324766362493108e-05,-6.154627814860703695e-08,8.513039182644159260e-05,1.512426771800631567e-07,-4.831307559730561617e-08,-4.625350062828257431e-04,2.324050182069979566e-03,2.018520356128456748e-06,-2.789604034420140564e-03,-4.960274313783661398e-06
5.693575985266202011e+00,3.805064026375563624e-01,-8.754896866112544390e-03,-4.612992912652871258e-01,-1.067444884540655747e-06,-1.118250336375267828e+00,-3.805037543317889570e-01,1.337395745700067894e-09,1.281574300530547481e-05,-6.439451521478968901e-05,-5.587639567834035402e-08,7.729382549095221251e-05,1.373096136397410381e-07,-4.607380942786093357e-08,-4.411816059007185034e-04,2.216762453432016486e-03,1.924963811660954109e-06,-2.660822984687544798e-03,-4.730370204546818608e-06
5.696451528693104116e+00,3.805064026412147138e-01,-8.754861808400604337e-03,-4.612994674177878784e-01,-1.067597730182057214e-06,-1.118250124936463363e+00,-3.805037539561888504e-01,1.208134418642139894e-09,1.157788737832270292e-05,-5.817477635786424256e-05,-5.047585728460461766e-08,6.982815410356300932e-05,1.240384312146842232e-07,-4.382921949411904734e-08,-4.197614901962750593e-04,2.109138685814450787e-03,1.831184840545178355e-06,-2.531638847997565514e-03,-4.499919508212826278e-06
5.699327072120006221e+00,3.805064026445106329e-01,-8.754830221545452026e-03,-4.612996261305799539e-01,-1.067735434371709779e-06,-1.118249934430869175e+00,-3.805037536177971469e-01,1.085335353734504431e-09,1.040172224179730573e-05,-5.226499785808360368e-05,-4.534531221380558188e-08,6.273453735870377073e-05,1.114307253509021741e-07,-4.157914620530011832e-08,-3.982745789851252537e-04,2.001178551794053316e-03,1.737176775056734475e-06,-2.402051206770528316e-03,-4.268905839639613652e-06
5.702202615546908326e+00,3.805064026474627159e-01,-8.754801927877087220e-03,-4.612997682963592139e-01,-1.067858774443440946e-06,-1.118249763786957729e+00,-3.805037533147035966e-01,9.690145404910093517e-10,9.287439783792613842e-06,-4.666614742309840413e-05,-4.048542850727956741e-08,5.601413615119353259e-05,9.948813768071776788e-08,-3.932343630701242621e-08,-3.767207925753206796e-04,1.892881723300986934e-03,1.642933212206479488e-06,-2.272059643668504231e-03,-4.037313464240606490e-06
5.705078158973810432e+00,3.805064026500897256e-01,-8.754776749172746980e-03,-4.612998948106043495e-01,-1.067968529677210740e-06,-1.118249611929860832e+00,-3.805037530449931205e-01,8.591883997412160431e-10,8.235232420793851794e-06,-4.137919370486231531e-05,-3.589689222679144944e-08,4.966811257552711294e-05,8.821235411952020986e-08,-3.706194309988601253e-08,-3.551000517855742132e-04,1.784247871599154269e-03,1.548448022875057453e-06,-2.141663741607557729e-03,-3.805127320431757892e-06
5.707953702400712537e+00,3.805064026524102583e-01,-8.754754506655667082e-03,-4.613000065715829323e-01,-1.068065481352374838e-06,-1.118249477781366963e+00,-3.805037528067458652e-01,7.558737644921816389e-10,7.245292796323152837e-06,-3.640510630212004151e-05,-3.158040665493699140e-08,4.369762992578233137e-05,7.760510290084864144e-08,-3.479452664557996077e-08,-3.334122779623778315e-04,1.675276667267457066e-03,1.453715360419898558e-06,-2.010863083768996400e-03,-3.572333040782229504e-06
5.710829245827614642e+00,3.805064026544430766e-01,-8.754735020995167011e-03,-4.613001044803499706e-01,-1.068150412792788009e-06,-1.118249360259918168e+00,-3.805037525980369262e-01,6.590878601772149946e-10,6.317813779120022029e-06,-3.174485576100260787e-05,-2.753669146993306961e-08,3.810385269316153995e-05,6.766815254853691171e-08,-3.252105396089606342e-08,-3.116573929960289634e-04,1.565967780181735328e-03,1.358729668785310984e-06,-1.879657253609465749e-03,-3.338916971943977311e-06
5.713704789254516747e+00,3.805064026562069990e-01,-8.754718112305444333e-03,-4.613001894407537939e-01,-1.068224109415231746e-06,-1.118249258280605840e+00,-3.805037524169362362e-01,5.688482844302251381e-10,5.452988461942666881e-06,-2.739941357901845432e-05,-2.376648190058693985e-08,3.288794656752027376e-05,5.840330980015083779e-08,-3.024139920040448550e-08,-2.898353193357524542e-04,1.456320879498118528e-03,1.263485690132593508e-06,-1.748045834870833428e-03,-3.104866193401855078e-06
5.716580332681418852e+00,3.805064026577208991e-01,-8.754703600145139278e-03,-4.613002623594376628e-01,-1.068287358771881951e-06,-1.118249170755167610e+00,-3.805037522615085099e-01,4.851729862646702873e-10,4.651010159491241975e-06,-2.336975220489007334e-05,-2.027052785638981724e-08,2.805107843382611784e-05,4.981241746929619588e-08,-2.795544382832581114e-08,-2.679459800038291829e-04,1.346335633636964015e-03,1.167978472021289031e-06,-1.616028411588996214e-03,-2.870168535120687330e-06
5.719455876108320957e+00,3.805064026590035953e-01,-8.754691303516781362e-03,-4.613003241458419890e-01,-1.068340950591028993e-06,-1.118249096591984459e+00,-3.805037521298128556e-01,4.080802448615210801e-10,3.912072407143334657e-06,-1.965684504271457490e-05,-1.704959304127486312e-08,2.359441637372932310e-05,4.189735226778419310e-08,-2.566307678022444841e-08,-2.459892986088134631e-04,1.236011710267491707e-03,1.072203374164748798e-06,-1.483604568101838054e-03,-2.634812594146268938e-06
5.722331419535223063e+00,3.805064026600740723e-01,-8.754681040865915087e-03,-4.613003757122083881e-01,-1.068385676816379604e-06,-1.118249034696075617e+00,-3.805037520199034962e-01,3.375886478477438267e-10,3.236368959094994954e-06,-1.626166645336554623e-05,-1.410445404608919106e-08,1.951912966374838722e-05,3.466002257548892909e-08,-2.336419461517401536e-08,-2.239651993581207110e-04,1.125348776294209660e-03,9.761560747876173711e-07,-1.350773889057746468e-03,-2.398787750228134394e-06
5.725206962962125168e+00,3.805064026609514261e-01,-8.754672630080877899e-03,-4.613004179735805121e-01,-1.068422331641108034e-06,-1.118248983969098775e+00,-3.805037519298286042e-01,2.737170691538988081e-10,2.624093786498111393e-06,-1.318519175609038831e-05,-1.143589942348116115e-08,1.582638877362123729e-05,2.810236616699268781e-08,-2.105870165905040000e-08,-2.018736070695795388e-04,1.014346497842728368e-03,8.798325766126352518e-07,-1.217535959421937788e-03,-2.162084180531407524e-06
5.728082506389027273e+00,3.805064026616546413e-01,-8.754665888491663939e-03,-4.613004518478090454e-01,-1.068451711543102995e-06,-1.118248943309340993e+00,-3.805037518576310229e-01,2.164846465032877994e-10,2.075441075874867816e-06,-1.042839723170177334e-05,-9.044728747393824860e-09,1.251736536650453321e-05,2.222634790040254913e-08,-1.874651013959555772e-08,-1.797144471824239107e-04,9.030045402470361290e-04,7.832292125036168390e-07,-1.083890364483160998e-03,-1.924692873503758715e-06
5.730958049815929378e+00,3.805064026622028694e-01,-8.754660632869610062e-03,-4.613004782555534811e-01,-1.068474615313993999e-06,-1.118248911611720242e+00,-3.805037518013477116e-01,1.659107584984014287e-10,1.590605227253889733e-06,-7.992260124560132188e-06,-6.931751655733447612e-09,9.593232297660521013e-06,1.703395736482181364e-08,-1.642754031401474639e-08,-1.574876457676605012e-04,7.913225680375133046e-04,6.863426507964775951e-07,-9.498366898600527812e-04,-1.686605641975764912e-06
5.733833593242831483e+00,3.805064026626152063e-01,-8.754656679426939606e-03,-4.613004981202835086e-01,-1.068491844085983876e-06,-1.118248887767780753e+00,-3.805037517590100227e-01,1.220150013566785341e-10,1.169780852339491232e-06,-5.877758644901604934e-06,-5.097786878386309374e-09,7.055163613500578529e-06,1.252720649181655819e-08,-1.410172058975977178e-08,-1.351931295378141823e-04,6.793002449293565051e-04,5.891699003455740723e-07,-8.153745215068552814e-04,-1.447815135561699613e-06
5.736709136669733589e+00,3.805064026629109697e-01,-8.754653843815685121e-03,-4.613005123682847874e-01,-1.068504201358681513e-06,-1.118248870665687011e+00,-3.805037517286434801e-01,8.481716529638537529e-11,8.131627725452871548e-07,-4.085871970654083809e-06,-3.543661250617420563e-09,4.904334549959332219e-06,8.708127130959934448e-09,-1.176898763920906783e-08,-1.128308258560176890e-04,5.669372338108719187e-04,4.917083153150489046e-07,-6.805034457179646524e-04,-1.208314852433688515e-06
5.739584680096635694e+00,3.805064026631094776e-01,-8.754651941127598175e-03,-4.613005219286586134e-01,-1.068512493018712355e-06,-1.118248859190224209e+00,-3.805037517082677789e-01,5.433721063472530263e-11,5.209460173272128712e-07,-2.617580250918427526e-06,-2.270208714446221941e-09,3.141921532815368432e-06,5.578768595831386625e-09,-9.429286509088744522e-09,-9.040066274494423966e-05,4.542331967337268159e-04,3.939555997504593182e-07,-5.452230491339516349e-04,-9.680991505559460320e-07
5.742460223523537799e+00,3.805064026632299923e-01,-8.754650785893165754e-03,-4.613005277333269705e-01,-1.068517527360415025e-06,-1.118248852222792245e+00,-3.805037516958964527e-01,3.059524353427316926e-11,2.933258220738608281e-07,-1.473864607379053835e-06,-1.278269305329232647e-09,1.769102175476676984e-06,3.141195173909399153e-09,-7.082570725272523442e-09,-6.790256889499791091e-05,3.411877949018550711e-04,2.959098119573287701e-07,-4.095329187452065355e-04,-7.271632584445489575e-07
5.745335766950439904e+00,3.805064026632918872e-01,-8.754650192081266796e-03,-4.613005307170340852e-01,-1.068520115100792721e-06,-1.118248848641403059e+00,-3.805037516895373728e-01,1.361149148926743197e-11,1.304976263139625837e-07,-6.557071374553500667e-07,-5.686881279739211486e-10,7.870552788077966127e-07,1.397483609755539146e-09,-4.728802393855154389e-09,-4.533647367245768976e-05,2.278006886620846953e-04,1.975693687240094307e-07,-2.734326418970263570e-04,-4.855032855446176258e-07
5.748211310377342009e+00,3.805064026633147578e-01,-8.754649973098405438e-03,-4.613005318173500902e-01,-1.068521069393443735e-06,-1.118248847320676864e+00,-3.805037516871923042e-01,3.406278503101104402e-12,3.265707168439140349e-08,-1.640909163920947506e-07,-1.423143192508299479e-10,1.969608296371947763e-07,3.497205564939634071e-10,-2.367952299220960664e-09,-2.270230712711434311e-05,1.140715374937687848e-04,9.893304941899848818e-08,-1.369218062930103574e-04,-2.431162322989872374e-07
5.751086853804244114e+00,3.805064026633179775e-01,-8.754649941788287745e-03,-4.613005319746730226e-01,-1.068521205837940014e-06,-1.118248847131839918e+00,-3.805037516868570169e-01,0.000000000000000000e+00,0.000000000000000000e+00,-0.000000000000000000e+00,-0.000000000000000000e+00,0.000000000000000000e+00,0.000000000000000000e+00,0.000000000000000000e+00,0.000000000000000000e+00,-0.000000000000000000e+00,0.000000000000000000e+00,0.000000000000000000e+00,0.000000000000000000e+00
